Player,stats_Nation,stats_Pos,stats_Squad,stats_Comp,stats_Age,stats_Born,stats_MP,stats_Starts,stats_Min,stats_90s,stats_Gls,stats_Ast,stats_G+A,stats_G-PK,stats_PK,stats_PKatt,stats_CrdY,stats_CrdR,stats_xG,stats_npxG,stats_xAG,stats_npxG+xAG,stats_PrgC,stats_PrgP,stats_PrgR,stats_Gls,stats_Ast,stats_G+A,stats_G-PK,stats_G+A-PK,stats_xG,stats_xAG,stats_xG+xAG,stats_npxG,stats_npxG+xAG,shooting_Nation,shooting_Pos,shooting_Squad,shooting_Comp,shooting_Age,shooting_Born,shooting_90s,shooting_Gls,shooting_Sh,shooting_SoT,shooting_SoT%,shooting_Sh/90,shooting_SoT/90,shooting_G/Sh,shooting_G/SoT,shooting_Dist,shooting_FK,shooting_PK,shooting_PKatt,shooting_xG,shooting_npxG,shooting_npxG/Sh,shooting_G-xG,shooting_np:G-xG,passing_Nation,passing_Pos,passing_Squad,passing_Comp,passing_Age,passing_Born,passing_90s,passing_Cmp,passing_Att,passing_Cmp%,passing_TotDist,passing_PrgDist,passing_Cmp,passing_Att,passing_Cmp%,passing_Cmp,passing_Att,passing_Cmp%,passing_Cmp,passing_Att,passing_Cmp%,passing_Ast,passing_xAG,passing_xA,passing_A-xAG,passing_KP,passing_1/3,passing_PPA,passing_CrsPA,passing_PrgP,passing_types_Nation,passing_types_Pos,passing_types_Squad,passing_types_Comp,passing_types_Age,passing_types_Born,passing_types_90s,passing_types_Att,passing_types_Live,passing_types_Dead,passing_types_FK,passing_types_TB,passing_types_Sw,passing_types_Crs,passing_types_TI,passing_types_CK,passing_types_In,passing_types_Out,passing_types_Str,passing_types_Cmp,passing_types_Off,passing_types_Blocks,gca_Nation,gca_Pos,gca_Squad,gca_Comp,gca_Age,gca_Born,gca_90s,gca_SCA,gca_SCA90,gca_PassLive,gca_PassDead,gca_TO,gca_Sh,gca_Fld,gca_Def,gca_GCA,gca_GCA90,gca_PassLive,gca_PassDead,gca_TO,gca_Sh,gca_Fld,gca_Def,defense_Nation,defense_Pos,defense_Squad,defense_Comp,defense_Age,defense_Born,defense_90s,defense_Tkl,defense_TklW,defense_Def 3rd,defense_Mid 3rd,defense_Att 3rd,defense_Tkl,defense_Att,defense_Tkl%,defense_Lost,defense_Blocks,defense_Sh,defense_Pass,defense_Int,defense_Tkl+Int,defense_Clr,defense_Err,possession_Nation,possession_Pos,possession_Squad,possession_Comp,possession_Age,possession_Born,possession_90s,possession_Touches,possession_Def Pen,possession_Def 3rd,possession_Mid 3rd,possession_Att 3rd,possession_Att Pen,possession_Live,possession_Att,possession_Succ,possession_Succ%,possession_Tkld,possession_Tkld%,possession_Carries,possession_TotDist,possession_PrgDist,possession_PrgC,possession_1/3,possession_CPA,possession_Mis,possession_Dis,possession_Rec,possession_PrgR,playingtime_Nation,playingtime_Pos,playingtime_Squad,playingtime_Comp,playingtime_Age,playingtime_Born,playingtime_MP,playingtime_Min,playingtime_Mn/MP,playingtime_Min%,playingtime_90s,playingtime_Starts,playingtime_Mn/Start,playingtime_Compl,playingtime_Subs,playingtime_Mn/Sub,playingtime_unSub,playingtime_PPM,playingtime_onG,playingtime_onGA,playingtime_+/-,playingtime_+/-90,playingtime_On-Off,playingtime_onxG,playingtime_onxGA,playingtime_xG+/-,playingtime_xG+/-90,playingtime_On-Off,misc_Nation,misc_Pos,misc_Squad,misc_Comp,misc_Age,misc_Born,misc_90s,misc_CrdY,misc_CrdR,misc_2CrdY,misc_Fls,misc_Fld,misc_Off,misc_Crs,misc_Int,misc_TklW,misc_PKwon,misc_PKcon,misc_OG,misc_Recov,misc_Won,misc_Lost,misc_Won%
Ramón Ábila,ar ARG,FW,Colón,Primera Division Argentina,33,1989,25,17,"1,571",17.5,6,3,9,6,0,1,4,0,5.0,4.1,2.5,6.6,19,26,107,0.34,0.17,0.52,0.34,0.52,0.29,0.14,0.43,0.23,0.38,ar ARG,FW,Colón,Primera Division Argentina,33,1989,17.5,6,29,15,51.7,1.66,0.86,0.21,0.40,15.1,0,0,1,5.0,4.1,0.14,+1.0,+1.9,ar ARG,FW,Colón,Primera Division Argentina,33,1989,17.5,213,319,66.8,3248,566,113,156,72.4,80,101,79.2,12,19,63.2,3,2.5,1.8,+0.5,18,10,11,0,26,ar ARG,FW,Colón,Primera Division Argentina,33,1989,17.5,319,283,35,1,5,2,3,0,0,0,0,0,213,1,18,ar ARG,FW,Colón,Primera Division Argentina,33,1989,17.5,48,2.75,31,0,1,6,10,0,8,0.46,5,0,0,3,0,0,ar ARG,FW,Colón,Primera Division Argentina,33,1989,17.5,4,4,0,2,2,2,7,28.6,5,8,3,5,5,9,7,0,ar ARG,FW,Colón,Primera Division Argentina,33,1989,17.5,459,12,16,187,260,84,458,33,12,36.4,16,48.5,289,1077,439,19,13,11,39,18,354,107,ar ARG,FW,Colón,Primera Division Argentina,33,1989,25,"1,571",63,64.7,17.5,17,82,9,8,23,0,0.92,16,22,-6,-0.34,+0.39,16.6,23.8,-7.1,-0.41,+0.03,ar ARG,FW,Colón,Primera Division Argentina,33,1989,17.5,4,0,0,6,22,26,3,5,4,1,0,0,28,12,19,38.7
Gonzalo Abrego,ar ARG,MF,Godoy Cruz,Primera Division Argentina,23,2000,26,26,"2,134",23.7,3,1,4,3,0,0,2,0,2.1,2.1,0.8,2.9,24,113,78,0.13,0.04,0.17,0.13,0.17,0.09,0.03,0.12,0.09,0.12,ar ARG,MF,Godoy Cruz,Primera Division Argentina,23,2000,23.7,3,30,7,23.3,1.27,0.30,0.10,0.43,23.3,2,0,0,2.1,2.1,0.07,+0.9,+0.9,ar ARG,MF,Godoy Cruz,Primera Division Argentina,23,2000,23.7,660,851,77.6,12199,3688,300,365,82.2,257,308,83.4,91,129,70.5,1,0.8,1.1,+0.2,17,87,14,3,113,ar ARG,MF,Godoy Cruz,Primera Division Argentina,23,2000,23.7,851,841,7,3,1,18,20,4,0,0,0,0,660,3,21,ar ARG,MF,Godoy Cruz,Primera Division Argentina,23,2000,23.7,43,1.82,31,1,7,2,1,1,4,0.17,3,0,0,0,0,1,ar ARG,MF,Godoy Cruz,Primera Division Argentina,23,2000,23.7,49,30,16,27,6,24,58,41.4,34,37,6,31,21,70,21,0,ar ARG,MF,Godoy Cruz,Primera Division Argentina,23,2000,23.7,1146,28,187,691,286,30,1146,69,37,53.6,32,46.4,622,3086,1238,24,22,4,54,24,698,78,ar ARG,MF,Godoy Cruz,Primera Division Argentina,23,2000,26,"2,134",82,87.8,23.7,26,82,15,0,0,0,1.58,32,26,+6,+0.25,+0.56,26.4,30.6,-4.2,-0.18,-0.37,ar ARG,MF,Godoy Cruz,Primera Division Argentina,23,2000,23.7,2,0,0,19,10,3,20,21,30,0,0,0,161,35,56,38.5
Jonás Acevedo,ar ARG,"MF,FW",Huracán,Primera Division Argentina,25,1997,16,10,849,9.4,0,1,1,0,0,0,3,0,0.7,0.7,1.3,2.0,22,44,48,0.00,0.11,0.11,0.00,0.11,0.08,0.13,0.21,0.08,0.21,ar ARG,"MF,FW",Huracán,Primera Division Argentina,25,1997,9.4,0,14,7,50.0,1.48,0.74,0.00,0.00,20.0,1,0,0,0.7,0.7,0.05,-0.7,-0.7,ar ARG,"MF,FW",Huracán,Primera Division Argentina,25,1997,9.4,317,448,70.8,5072,1689,177,200,88.5,99,137,72.3,30,76,39.5,1,1.3,1.5,-0.3,19,33,8,4,44,ar ARG,"MF,FW",Huracán,Primera Division Argentina,25,1997,9.4,448,363,81,28,0,1,80,4,48,25,21,0,317,4,16,ar ARG,"MF,FW",Huracán,Primera Division Argentina,25,1997,9.4,41,4.36,19,18,1,1,2,0,3,0.32,2,0,0,0,1,0,ar ARG,"MF,FW",Huracán,Primera Division Argentina,25,1997,9.4,15,8,4,8,3,6,21,28.6,15,12,0,12,5,20,1,0,ar ARG,"MF,FW",Huracán,Primera Division Argentina,25,1997,9.4,571,1,38,273,272,20,571,42,15,35.7,23,54.8,312,1987,751,22,20,2,26,17,342,48,ar ARG,"MF,FW",Huracán,Primera Division Argentina,25,1997,16,849,53,34.9,9.4,10,75,0,6,17,7,1.25,11,10,+1,+0.11,+0.79,10.3,6.8,+3.5,+0.38,+0.55,ar ARG,"MF,FW",Huracán,Primera Division Argentina,25,1997,9.4,3,0,0,15,15,1,80,5,8,0,0,0,47,6,14,30.0
Lucas Acevedo,ar ARG,DF,Colón,Primera Division Argentina,31,1991,6,2,189,2.1,0,0,0,0,0,0,0,0,0.0,0.0,0.0,0.0,0,3,1,0.00,0.00,0.00,0.00,0.00,0.02,0.00,0.02,0.02,0.02,ar ARG,DF,Colón,Primera Division Argentina,31,1991,2.1,0,2,0,0.0,0.95,0.00,0.00,0,20.5,0,0,0,0.0,0.0,0.02,0.0,0.0,ar ARG,DF,Colón,Primera Division Argentina,31,1991,2.1,57,70,81.4,1074,517,25,29,86.2,27,30,90.0,5,10,50.0,0,0.0,0.0,0.0,0,2,0,0,3,ar ARG,DF,Colón,Primera Division Argentina,31,1991,2.1,70,68,2,0,0,1,0,2,0,0,0,0,57,0,0,ar ARG,DF,Colón,Primera Division Argentina,31,1991,2.1,1,0.48,1,0,0,0,0,0,0,0.00,0,0,0,0,0,0,ar ARG,DF,Colón,Primera Division Argentina,31,1991,2.1,4,3,4,0,0,2,4,50.0,2,3,3,0,0,4,23,1,ar ARG,DF,Colón,Primera Division Argentina,31,1991,2.1,104,29,72,29,6,3,104,0,0,0,0,0,36,150,51,0,0,0,1,0,39,1,ar ARG,DF,Colón,Primera Division Argentina,31,1991,6,189,32,7.8,2.1,2,68,1,4,14,12,1.33,3,5,-2,-0.95,-0.51,1.3,3.9,-2.6,-1.24,-0.89,ar ARG,DF,Colón,Primera Division Argentina,31,1991,2.1,0,0,0,1,1,0,0,0,3,0,0,0,11,14,5,73.7
Guillermo Acosta,ar ARG,MF,Atlé Tucumán,Primera Division Argentina,34,1988,25,23,"1,874",20.8,0,2,2,0,0,0,6,1,1.4,1.4,1.3,2.7,18,103,26,0.00,0.10,0.10,0.00,0.10,0.07,0.06,0.13,0.07,0.13,ar ARG,MF,Atlé Tucumán,Primera Division Argentina,34,1988,20.8,0,18,1,5.6,0.86,0.05,0.00,0.00,23.1,0,0,0,1.4,1.4,0.08,-1.4,-1.4,ar ARG,MF,Atlé Tucumán,Primera Division Argentina,34,1988,20.8,754,925,81.5,13658,4776,317,373,85.0,336,387,86.8,84,113,74.3,2,1.3,1.3,+0.7,18,81,15,3,103,ar ARG,MF,Atlé Tucumán,Primera Division Argentina,34,1988,20.8,925,897,24,22,2,7,11,2,0,0,0,0,754,4,20,ar ARG,MF,Atlé Tucumán,Primera Division Argentina,34,1988,20.8,34,1.64,30,0,1,2,0,1,2,0.10,1,0,0,1,0,0,ar ARG,MF,Atlé Tucumán,Primera Division Argentina,34,1988,20.8,39,29,21,14,4,23,45,51.1,22,19,7,12,26,65,31,2,ar ARG,MF,Atlé Tucumán,Primera Division Argentina,34,1988,20.8,1132,53,292,696,154,17,1132,19,10,52.6,6,31.6,504,2294,1081,18,8,1,21,8,595,26,ar ARG,MF,Atlé Tucumán,Primera Division Argentina,34,1988,25,"1,874",75,77.1,20.8,23,79,8,2,27,1,1.32,20,20,0,0.00,+0.32,21.9,24.6,-2.7,-0.13,+0.39,ar ARG,MF,Atlé Tucumán,Primera Division Argentina,34,1988,20.8,6,1,0,25,23,0,11,26,29,0,1,0,166,28,24,53.8
Lautaro Acosta,ar ARG,MF,Lanús,Primera Division Argentina,34,1988,19,12,932,10.4,0,0,0,0,0,0,2,0,1.7,1.7,1.4,3.2,19,33,26,0.00,0.00,0.00,0.00,0.00,0.17,0.14,0.30,0.17,0.30,ar ARG,MF,Lanús,Primera Division Argentina,34,1988,10.4,0,11,2,18.2,1.06,0.19,0.00,0.00,14.0,0,0,0,1.7,1.7,0.16,-1.7,-1.7,ar ARG,MF,Lanús,Primera Division Argentina,34,1988,10.4,222,296,75.0,3136,1053,120,151,79.5,83,100,83.0,8,15,53.3,0,1.4,0.5,-1.4,12,21,3,1,33,ar ARG,MF,Lanús,Primera Division Argentina,34,1988,10.4,296,284,11,3,0,0,10,4,1,1,0,0,222,1,8,ar ARG,MF,Lanús,Primera Division Argentina,34,1988,10.4,31,2.99,21,0,1,1,8,0,1,0.10,0,0,0,0,1,0,ar ARG,MF,Lanús,Primera Division Argentina,34,1988,10.4,17,13,6,9,2,7,27,25.9,20,12,3,9,8,25,10,0,ar ARG,MF,Lanús,Primera Division Argentina,34,1988,10.4,423,12,79,232,125,26,423,24,9,37.5,5,20.8,237,1236,657,19,12,2,21,15,249,26,ar ARG,MF,Lanús,Primera Division Argentina,34,1988,19,932,49,38.4,10.4,12,68,2,7,17,1,1.63,18,14,+4,+0.39,-0.03,17.1,11.2,+5.9,+0.57,+0.39,ar ARG,MF,Lanús,Primera Division Argentina,34,1988,10.4,2,0,0,24,46,1,10,8,13,2,0,0,62,22,20,52.4
Lucas Acosta,ar ARG,GK,Lanús,Primera Division Argentina,27,1995,18,18,"1,620",18.0,0,0,0,0,0,0,2,0,0.0,0.0,0.0,0.0,0,0,0,0.00,0.00,0.00,0.00,0.00,0.00,0.00,0.00,0.00,0.00,ar ARG,GK,Lanús,Primera Division Argentina,27,1995,18.0,0,0,0,0,0.00,0.00,0,0,0,0,0,0,0.0,0.0,0,0.0,0.0,ar ARG,GK,Lanús,Primera Division Argentina,27,1995,18.0,380,566,67.1,10759,7506,74,74,100.0,193,193,100.0,113,296,38.2,0,0.0,0.1,0.0,0,12,0,0,0,ar ARG,GK,Lanús,Primera Division Argentina,27,1995,18.0,566,370,194,44,0,1,0,0,0,0,0,0,380,2,0,ar ARG,GK,Lanús,Primera Division Argentina,27,1995,18.0,4,0.22,2,2,0,0,0,0,0,0.00,0,0,0,0,0,0,ar ARG,GK,Lanús,Primera Division Argentina,27,1995,18.0,0,0,0,0,0,0,0,0,0,0,0,0,1,1,3,4,ar ARG,GK,Lanús,Primera Division Argentina,27,1995,18.0,591,449,589,2,0,0,591,0,0,0,0,0,327,2148,1547,0,0,0,0,0,230,0,ar ARG,GK,Lanús,Primera Division Argentina,27,1995,18,"1,620",90,66.7,18.0,18,90,18,0,0,9,1.56,24,17,+7,+0.39,-0.06,25.5,19.3,+6.3,+0.35,+0.07,ar ARG,GK,Lanús,Primera Division Argentina,27,1995,18.0,2,0,0,1,0,0,0,1,0,0,0,0,8,1,1,50.0
Tomás Adoryán,ar ARG,MF,Banfield,Primera Division Argentina,21,2001,2,0,39,0.4,0,0,0,0,0,0,0,0,0.1,0.1,0.0,0.1,1,1,2,0.00,0.00,0.00,0.00,0.00,0.12,0.10,0.23,0.12,0.23,ar ARG,MF,Banfield,Primera Division Argentina,21,2001,0.4,0,2,1,50.0,4.62,2.31,0.00,0.00,20.4,0,0,0,0.1,0.1,0.03,-0.1,-0.1,ar ARG,MF,Banfield,Primera Division Argentina,21,2001,0.4,16,20,80.0,272,90,11,12,91.7,3,4,75.0,2,3,66.7,0,0.0,0.0,0.0,1,0,0,0,1,ar ARG,MF,Banfield,Primera Division Argentina,21,2001,0.4,20,17,3,0,0,1,2,3,0,0,0,0,16,0,0,ar ARG,MF,Banfield,Primera Division Argentina,21,2001,0.4,2,4.62,1,1,0,0,0,0,0,0.00,0,0,0,0,0,0,ar ARG,MF,Banfield,Primera Division Argentina,21,2001,0.4,1,0,0,1,0,0,1,0.0,1,0,0,0,0,1,0,0,ar ARG,MF,Banfield,Primera Division Argentina,21,2001,0.4,27,0,3,16,8,3,27,0,0,0,0,0,12,54,21,1,0,1,2,0,18,2,ar ARG,MF,Banfield,Primera Division Argentina,21,2001,2,39,20,1.6,0.4,0,0,0,2,20,4,0.00,0,0,0,0.00,+0.41,0.4,0.2,+0.2,+0.51,+0.49,ar ARG,MF,Banfield,Primera Division Argentina,21,2001,0.4,0,0,0,0,3,0,2,0,0,0,0,0,2,2,1,66.7
Luis Advíncula,pe PER,"DF,FW",Boca Juniors,Primera Division Argentina,32,1990,18,16,"1,438",16.0,0,3,3,0,0,0,3,0,0.3,0.3,2.7,2.9,33,73,81,0.00,0.19,0.19,0.00,0.19,0.02,0.17,0.18,0.02,0.18,pe PER,"DF,FW",Boca Juniors,Primera Division Argentina,32,1990,16.0,0,9,5,55.6,0.56,0.31,0.00,0.00,23.7,0,0,0,0.3,0.3,0.03,-0.3,-0.3,pe PER,"DF,FW",Boca Juniors,Primera Division Argentina,32,1990,16.0,669,819,81.7,11176,3671,343,381,90.0,252,298,84.6,61,98,62.2,3,2.7,2.4,+0.3,22,53,17,8,73,pe PER,"DF,FW",Boca Juniors,Primera Division Argentina,32,1990,16.0,819,690,128,8,1,6,38,118,2,0,2,0,669,1,20,pe PER,"DF,FW",Boca Juniors,Primera Division Argentina,32,1990,16.0,39,2.44,30,3,3,0,2,1,8,0.50,6,0,1,0,1,0,pe PER,"DF,FW",Boca Juniors,Primera Division Argentina,32,1990,16.0,35,20,17,17,1,21,27,77.8,6,20,4,16,6,41,16,0,pe PER,"DF,FW",Boca Juniors,Primera Division Argentina,32,1990,16.0,980,32,225,509,255,21,980,34,15,44.1,15,44.1,559,2885,1450,33,24,4,24,17,632,81,pe PER,"DF,FW",Boca Juniors,Primera Division Argentina,32,1990,18,"1,438",80,59.2,16.0,16,88,13,2,18,1,1.50,19,15,+4,+0.25,-0.20,17.6,18.8,-1.2,-0.08,-0.31,pe PER,"DF,FW",Boca Juniors,Primera Division Argentina,32,1990,16.0,3,0,0,20,18,2,38,6,20,0,0,0,78,7,8,46.7
Facundo Aguero,ar ARG,DF,Rosario Central,Primera Division Argentina,28,1995,5,1,126,1.4,0,0,0,0,0,0,0,0,0.0,0.0,0.0,0.0,1,6,0,0.00,0.00,0.00,0.00,0.00,0.00,0.02,0.02,0.00,0.02,ar ARG,DF,Rosario Central,Primera Division Argentina,28,1995,1.4,0,0,0,0,0.00,0.00,0,0,0,0,0,0,0.0,0.0,0,0.0,0.0,ar ARG,DF,Rosario Central,Primera Division Argentina,28,1995,1.4,46,60,76.7,801,325,20,23,87.0,19,25,76.0,6,8,75.0,0,0.0,0.0,0.0,1,4,1,1,6,ar ARG,DF,Rosario Central,Primera Division Argentina,28,1995,1.4,60,58,2,2,0,0,1,0,0,0,0,0,46,0,1,ar ARG,DF,Rosario Central,Primera Division Argentina,28,1995,1.4,1,0.72,1,0,0,0,0,0,0,0.00,0,0,0,0,0,0,ar ARG,DF,Rosario Central,Primera Division Argentina,28,1995,1.4,4,1,2,2,0,1,4,25.0,3,1,0,1,3,7,11,0,ar ARG,DF,Rosario Central,Primera Division Argentina,28,1995,1.4,84,9,35,45,4,2,84,0,0,0,0,0,36,205,94,1,0,0,3,1,43,0,ar ARG,DF,Rosario Central,Primera Division Argentina,28,1995,5,126,25,5.2,1.4,1,61,0,4,16,18,1.20,1,2,-1,-0.71,-1.03,1.0,2.4,-1.5,-1.06,-1.09,ar ARG,DF,Rosario Central,Primera Division Argentina,28,1995,1.4,0,0,0,4,1,0,1,3,1,0,0,0,7,4,6,40.0
Brian Aguilar,ar ARG,DF,Lanús,Primera Division Argentina,19,2003,4,0,50,0.6,0,0,0,0,0,0,2,0,0.0,0.0,0.0,0.0,0,1,0,0.00,0.00,0.00,0.00,0.00,0.00,0.02,0.02,0.00,0.02,ar ARG,DF,Lanús,Primera Division Argentina,19,2003,0.6,0,0,0,0,0.00,0.00,0,0,0,0,0,0,0.0,0.0,0,0.0,0.0,ar ARG,DF,Lanús,Primera Division Argentina,19,2003,0.6,10,15,66.7,237,147,2,2,100.0,6,6,100.0,2,6,33.3,0,0.0,0.0,0.0,1,1,0,0,1,ar ARG,DF,Lanús,Primera Division Argentina,19,2003,0.6,15,12,3,1,0,0,0,2,0,0,0,0,10,0,0,ar ARG,DF,Lanús,Primera Division Argentina,19,2003,0.6,1,1.73,1,0,0,0,0,0,0,0.00,0,0,0,0,0,0,ar ARG,DF,Lanús,Primera Division Argentina,19,2003,0.6,0,0,0,0,0,0,1,0.0,1,1,0,1,0,0,5,0,ar ARG,DF,Lanús,Primera Division Argentina,19,2003,0.6,22,5,15,4,3,1,22,0,0,0,0,0,7,31,17,0,0,0,0,0,8,0,ar ARG,DF,Lanús,Primera Division Argentina,19,2003,4,50,13,2.1,0.6,0,0,0,4,13,21,1.00,0,3,-3,-5.40,-5.93,0.8,1.5,-0.7,-1.29,-1.65,ar ARG,DF,Lanús,Primera Division Argentina,19,2003,0.6,2,0,0,3,0,0,0,0,0,0,0,0,1,0,3,0.0
Felipe Aguilar,co COL,DF,Lanús,Primera Division Argentina,30,1993,15,12,"1,178",13.1,0,0,0,0,0,0,3,0,0.4,0.4,0.2,0.5,8,34,1,0.00,0.00,0.00,0.00,0.00,0.03,0.01,0.04,0.03,0.04,co COL,DF,Lanús,Primera Division Argentina,30,1993,13.1,0,5,1,20.0,0.38,0.08,0.00,0.00,10.5,0,0,0,0.4,0.4,0.07,-0.4,-0.4,co COL,DF,Lanús,Primera Division Argentina,30,1993,13.1,418,533,78.4,9134,3294,110,126,87.3,233,268,86.9,75,127,59.1,0,0.2,0.1,-0.2,3,21,0,0,34,co COL,DF,Lanús,Primera Division Argentina,30,1993,13.1,533,514,16,14,0,7,1,2,0,0,0,0,418,3,5,co COL,DF,Lanús,Primera Division Argentina,30,1993,13.1,6,0.46,4,0,0,1,0,1,0,0.00,0,0,0,0,0,0,co COL,DF,Lanús,Primera Division Argentina,30,1993,13.1,6,5,4,2,0,4,14,28.6,10,10,7,3,14,20,76,1,co COL,DF,Lanús,Primera Division Argentina,30,1993,13.1,665,113,383,266,18,13,665,2,2,100.0,0,0.0,338,1685,1000,8,4,1,5,1,393,1,co COL,DF,Lanús,Primera Division Argentina,30,1993,15,"1,178",79,48.5,13.1,12,90,12,3,33,8,1.53,17,15,+2,+0.15,-0.49,15.4,13.7,+1.7,+0.13,-0.39,co COL,DF,Lanús,Primera Division Argentina,30,1993,13.1,3,0,0,6,8,0,1,14,5,0,0,0,64,43,22,66.2
Emanuel Aguilera,ar ARG,DF,Tigre,Primera Division Argentina,33,1989,16,14,"1,257",14.0,0,0,0,0,0,0,2,0,0.3,0.3,0.0,0.3,6,44,2,0.00,0.00,0.00,0.00,0.00,0.02,0.00,0.02,0.02,0.02,ar ARG,DF,Tigre,Primera Division Argentina,33,1989,14.0,0,6,2,33.3,0.43,0.14,0.00,0.00,16.8,1,0,0,0.3,0.3,0.05,-0.3,-0.3,ar ARG,DF,Tigre,Primera Division Argentina,33,1989,14.0,575,697,82.5,11438,4193,184,197,93.4,315,353,89.2,72,131,55.0,0,0.0,0.1,0.0,0,35,0,0,44,ar ARG,DF,Tigre,Primera Division Argentina,33,1989,14.0,697,659,37,24,0,4,3,3,0,0,0,0,575,1,8,ar ARG,DF,Tigre,Primera Division Argentina,33,1989,14.0,4,0.29,3,0,0,1,0,0,1,0.07,1,0,0,0,0,0,ar ARG,DF,Tigre,Primera Division Argentina,33,1989,14.0,12,6,10,1,1,7,15,46.7,8,10,6,4,24,36,71,2,ar ARG,DF,Tigre,Primera Division Argentina,33,1989,14.0,839,97,424,408,15,6,839,5,5,100.0,0,0.0,435,2274,1280,6,3,1,8,1,464,2,ar ARG,DF,Tigre,Primera Division Argentina,33,1989,16,"1,257",79,51.7,14.0,14,89,13,2,7,8,1.63,14,14,0,0.00,+0.15,16.8,16.6,+0.3,+0.02,-0.28,ar ARG,DF,Tigre,Primera Division Argentina,33,1989,14.0,2,0,0,7,4,0,3,24,6,0,1,0,91,40,17,70.2
Braian Aguirre,ar ARG,DF,Lanús,Primera Division Argentina,22,2000,17,14,"1,277",14.2,0,1,1,0,0,0,3,0,0.4,0.4,1.6,2.0,35,63,50,0.00,0.07,0.07,0.00,0.07,0.03,0.11,0.14,0.03,0.14,ar ARG,DF,Lanús,Primera Division Argentina,22,2000,14.2,0,16,3,18.8,1.13,0.21,0.00,0.00,30.0,0,0,0,0.4,0.4,0.03,-0.4,-0.4,ar ARG,DF,Lanús,Primera Division Argentina,22,2000,14.2,442,619,71.4,8503,3708,171,204,83.8,206,273,75.5,55,103,53.4,1,1.6,0.7,-0.6,9,46,13,10,63,ar ARG,DF,Lanús,Primera Division Argentina,22,2000,14.2,619,458,160,10,2,15,31,145,5,0,1,0,442,1,21,ar ARG,DF,Lanús,Primera Division Argentina,22,2000,14.2,29,2.04,16,3,7,2,1,0,1,0.07,1,0,0,0,0,0,ar ARG,DF,Lanús,Primera Division Argentina,22,2000,14.2,41,28,30,8,3,17,38,44.7,21,15,4,11,15,56,46,0,ar ARG,DF,Lanús,Primera Division Argentina,22,2000,14.2,806,42,263,370,187,13,806,47,28,59.6,15,31.9,336,2190,1169,35,21,3,21,9,346,50,ar ARG,DF,Lanús,Primera Division Argentina,22,2000,17,"1,277",75,52.6,14.2,14,88,13,3,15,5,1.65,23,18,+5,+0.35,-0.12,20.2,17.1,+3.1,+0.22,-0.23,ar ARG,DF,Lanús,Primera Division Argentina,22,2000,14.2,3,0,0,14,11,1,31,15,28,0,0,0,111,16,22,42.1
Brian Aguirre,ar ARG,FW,Newell's OB,Primera Division Argentina,19,2003,20,15,"1,331",14.8,1,4,5,1,0,0,4,0,2.3,2.3,1.9,4.2,70,36,149,0.07,0.27,0.34,0.07,0.34,0.15,0.13,0.28,0.15,0.28,ar ARG,FW,Newell's OB,Primera Division Argentina,19,2003,14.8,1,35,17,48.6,2.37,1.15,0.03,0.06,23.7,1,0,0,2.3,2.3,0.06,-1.3,-1.3,ar ARG,FW,Newell's OB,Primera Division Argentina,19,2003,14.8,233,388,60.1,4048,1302,118,155,76.1,80,126,63.5,30,71,42.3,4,1.9,1.9,+2.1,19,20,20,7,36,ar ARG,FW,Newell's OB,Primera Division Argentina,19,2003,14.8,388,350,37,6,1,6,75,9,22,13,5,0,233,1,24,ar ARG,FW,Newell's OB,Primera Division Argentina,19,2003,14.8,55,3.72,30,6,9,5,5,0,7,0.47,2,2,0,2,1,0,ar ARG,FW,Newell's OB,Primera Division Argentina,19,2003,14.8,15,7,8,5,2,6,19,31.6,13,9,0,9,2,17,1,0,ar ARG,FW,Newell's OB,Primera Division Argentina,19,2003,14.8,607,2,57,228,342,36,607,126,62,49.2,56,44.4,419,4066,2000,70,46,19,52,17,454,149,ar ARG,FW,Newell's OB,Primera Division Argentina,19,2003,20,"1,331",67,54.8,14.8,15,82,8,5,21,2,1.15,16,16,0,0.00,0.00,12.6,15.7,-3.1,-0.21,-0.36,ar ARG,FW,Newell's OB,Primera Division Argentina,19,2003,14.8,4,0,0,17,24,3,75,2,7,0,1,0,51,6,7,46.2
Jorge Agustín Rodríguez,ar ARG,"MF,DF",Estudiantes–LP,Primera Division Argentina,27,1995,27,27,"2,321",25.8,2,1,3,2,0,0,4,0,0.5,0.5,1.0,1.5,25,201,24,0.08,0.04,0.12,0.08,0.12,0.02,0.04,0.06,0.02,0.06,ar ARG,"MF,DF",Estudiantes–LP,Primera Division Argentina,27,1995,25.8,2,18,5,27.8,0.70,0.19,0.11,0.40,24.6,0,0,0,0.5,0.5,0.03,+1.5,+1.5,ar ARG,"MF,DF",Estudiantes–LP,Primera Division Argentina,27,1995,25.8,1254,1590,78.9,23978,10747,472,557,84.7,610,716,85.2,155,254,61.0,1,1.0,1.6,0.0,16,171,15,2,201,ar ARG,"MF,DF",Estudiantes–LP,Primera Division Argentina,27,1995,25.8,1590,1533,54,51,6,15,5,3,0,0,0,0,1254,3,27,ar ARG,"MF,DF",Estudiantes–LP,Primera Division Argentina,27,1995,25.8,53,2.06,49,1,0,3,0,0,3,0.12,3,0,0,0,0,0,ar ARG,"MF,DF",Estudiantes–LP,Primera Division Argentina,27,1995,25.8,69,39,24,43,2,30,60,50.0,30,35,10,25,27,96,71,2,ar ARG,"MF,DF",Estudiantes–LP,Primera Division Argentina,27,1995,25.8,1858,97,521,1186,166,14,1858,24,19,79.2,4,16.7,947,3976,2186,25,21,1,27,18,1092,24,ar ARG,"MF,DF",Estudiantes–LP,Primera Division Argentina,27,1995,27,"2,321",86,95.5,25.8,27,86,22,0,0,0,1.67,32,21,+11,+0.43,+0.43,30.6,20.1,+10.4,+0.40,+1.04,ar ARG,"MF,DF",Estudiantes–LP,Primera Division Argentina,27,1995,25.8,4,0,0,30,23,1,5,27,39,0,1,0,245,51,33,60.7
Gabriel Alanís,ar ARG,"FW,MF",Defensa y Just,Primera Division Argentina,28,1994,20,14,"1,176",13.1,1,0,1,1,0,0,1,0,6.0,6.0,1.2,7.1,46,33,97,0.08,0.00,0.08,0.08,0.08,0.46,0.09,0.55,0.46,0.55,ar ARG,"FW,MF",Defensa y Just,Primera Division Argentina,28,1994,13.1,1,36,14,38.9,2.76,1.07,0.03,0.07,15.9,0,0,0,6.0,6.0,0.17,-5.0,-5.0,ar ARG,"FW,MF",Defensa y Just,Primera Division Argentina,28,1994,13.1,167,245,68.2,2681,826,95,116,81.9,46,71,64.8,20,31,64.5,0,1.2,1.2,-1.2,16,15,12,3,33,ar ARG,"FW,MF",Defensa y Just,Primera Division Argentina,28,1994,13.1,245,241,3,0,1,2,16,1,2,0,1,0,167,1,15,ar ARG,"FW,MF",Defensa y Just,Primera Division Argentina,28,1994,13.1,35,2.68,20,0,5,6,2,2,0,0.00,0,0,0,0,0,0,ar ARG,"FW,MF",Defensa y Just,Primera Division Argentina,28,1994,13.1,24,16,13,7,4,9,27,33.3,18,14,2,12,6,30,17,0,ar ARG,"FW,MF",Defensa y Just,Primera Division Argentina,28,1994,13.1,451,24,89,146,226,59,451,67,30,44.8,31,46.3,281,2355,1333,46,27,23,38,18,285,97,ar ARG,"FW,MF",Defensa y Just,Primera Division Argentina,28,1994,20,"1,176",59,48.4,13.1,14,71,5,6,31,0,1.65,13,12,+1,+0.08,-0.78,17.6,17.6,0.0,0.00,-0.26,ar ARG,"FW,MF",Defensa y Just,Primera Division Argentina,28,1994,13.1,1,0,0,17,16,4,16,6,16,0,0,0,64,13,18,41.9
Maximiliano Alanís,ar ARG,DF,Atlé Tucumán,Primera Division Argentina,19,2003,1,0,2,0.0,0,0,0,0,0,0,0,0,0.0,0.0,0.0,0.0,0,0,0,0.00,0.00,0.00,0.00,0.00,0.00,0.00,0.00,0.00,0.00,ar ARG,DF,Atlé Tucumán,Primera Division Argentina,19,2003,0.0,0,0,0,0,0.00,0.00,0,0,0,0,0,0,0.0,0.0,0,0.0,0.0,ar ARG,DF,Atlé Tucumán,Primera Division Argentina,19,2003,0.0,1,1,100.0,6,0,1,1,100.0,0,0,0,0,0,0,0,0.0,0.0,0.0,0,0,0,0,0,ar ARG,DF,Atlé Tucumán,Primera Division Argentina,19,2003,0.0,1,1,0,0,0,0,0,0,0,0,0,0,1,0,0,ar ARG,DF,Atlé Tucumán,Primera Division Argentina,19,2003,0.0,0,0.00,0,0,0,0,0,0,0,0.00,0,0,0,0,0,0,ar ARG,DF,Atlé Tucumán,Primera Division Argentina,19,2003,0.0,0,0,0,0,0,0,0,0,0,0,0,0,0,0,0,0,ar ARG,DF,Atlé Tucumán,Primera Division Argentina,19,2003,0.0,2,0,0,0,2,0,2,0,0,0,0,0,1,0,0,0,0,0,1,0,2,0,ar ARG,DF,Atlé Tucumán,Primera Division Argentina,19,2003,1,2,2,0.1,0.0,0,0,0,1,2,3,0.00,0,0,0,0.00,+0.07,0.0,0.0,0.0,+0.65,+0.87,ar ARG,DF,Atlé Tucumán,Primera Division Argentina,19,2003,0.0,0,0,0,0,0,0,0,0,0,0,0,0,0,0,0,0
Fernando Alarcón,ar ARG,DF,Instituto,Primera Division Argentina,28,1994,26,26,"2,340",26.0,0,1,1,0,0,0,7,0,1.7,1.7,0.6,2.3,16,77,6,0.00,0.04,0.04,0.00,0.04,0.06,0.02,0.09,0.06,0.09,ar ARG,DF,Instituto,Primera Division Argentina,28,1994,26.0,0,20,2,10.0,0.77,0.08,0.00,0.00,12.0,0,0,0,1.7,1.7,0.08,-1.7,-1.7,ar ARG,DF,Instituto,Primera Division Argentina,28,1994,26.0,682,975,69.9,14809,7406,208,281,74.0,344,414,83.1,122,243,50.2,1,0.6,0.5,+0.4,7,72,4,1,77,ar ARG,DF,Instituto,Primera Division Argentina,28,1994,26.0,975,898,73,66,0,15,1,4,0,0,0,0,682,4,11,ar ARG,DF,Instituto,Primera Division Argentina,28,1994,26.0,19,0.73,15,1,1,2,0,0,1,0.04,1,0,0,0,0,0,ar ARG,DF,Instituto,Primera Division Argentina,28,1994,26.0,47,29,31,15,1,30,45,66.7,15,30,14,16,27,74,140,1,ar ARG,DF,Instituto,Primera Division Argentina,28,1994,26.0,1293,166,686,546,73,34,1293,6,5,83.3,1,16.7,523,2598,1593,16,7,0,12,1,556,6,ar ARG,DF,Instituto,Primera Division Argentina,28,1994,26,"2,340",90,96.3,26.0,26,90,26,0,0,0,1.19,24,35,-11,-0.42,-0.42,32.5,28.9,+3.6,+0.14,-0.12,ar ARG,DF,Instituto,Primera Division Argentina,28,1994,26.0,7,0,0,22,11,1,1,27,29,0,2,0,144,123,52,70.3
Lucas Albertengo,ar ARG,"FW,MF",Instituto,Primera Division Argentina,32,1991,11,0,220,2.4,0,0,0,0,0,0,1,0,0.4,0.4,0.2,0.6,4,6,18,0.00,0.00,0.00,0.00,0.00,0.16,0.07,0.23,0.16,0.23,ar ARG,"FW,MF",Instituto,Primera Division Argentina,32,1991,2.4,0,8,1,12.5,3.27,0.41,0.00,0.00,18.0,0,0,0,0.4,0.4,0.05,-0.4,-0.4,ar ARG,"FW,MF",Instituto,Primera Division Argentina,32,1991,2.4,60,83,72.3,731,150,48,60,80.0,7,9,77.8,2,6,33.3,0,0.2,0.2,-0.2,1,3,1,0,6,ar ARG,"FW,MF",Instituto,Primera Division Argentina,32,1991,2.4,83,83,0,0,0,1,2,0,0,0,0,0,60,0,3,ar ARG,"FW,MF",Instituto,Primera Division Argentina,32,1991,2.4,8,3.27,5,0,2,0,1,0,0,0.00,0,0,0,0,0,0,ar ARG,"FW,MF",Instituto,Primera Division Argentina,32,1991,2.4,7,5,3,3,1,1,2,50.0,1,0,0,0,0,7,3,0,ar ARG,"FW,MF",Instituto,Primera Division Argentina,32,1991,2.4,125,4,10,69,48,14,125,8,4,50.0,4,50.0,63,263,97,4,4,0,12,2,93,18,ar ARG,"FW,MF",Instituto,Primera Division Argentina,32,1991,11,220,20,9.1,2.4,0,0,0,11,20,8,1.18,1,2,-1,-0.41,0.00,3.7,2.6,+1.0,+0.42,+0.30,ar ARG,"FW,MF",Instituto,Primera Division Argentina,32,1991,2.4,1,0,0,4,7,1,2,0,5,0,0,0,16,6,18,25.0
Brahian Alemán,uy URU,MF,Banfield,Primera Division Argentina,33,1989,26,23,"1,862",20.7,1,3,4,0,1,1,7,0,2.5,1.7,4.9,6.5,15,93,77,0.05,0.15,0.19,0.00,0.15,0.12,0.24,0.36,0.08,0.32,uy URU,MF,Banfield,Primera Division Argentina,33,1989,20.7,1,40,9,22.5,1.93,0.44,0.00,0.00,27.1,13,1,1,2.5,1.7,0.04,-1.5,-1.7,uy URU,MF,Banfield,Primera Division Argentina,33,1989,20.7,523,914,57.2,10318,4346,227,284,79.9,176,283,62.2,101,283,35.7,3,4.9,4.6,-1.9,47,78,25,11,93,uy URU,MF,Banfield,Primera Division Argentina,33,1989,20.7,914,709,196,91,5,11,205,12,92,50,38,0,523,9,26,uy URU,MF,Banfield,Primera Division Argentina,33,1989,20.7,78,3.77,32,35,3,3,4,1,8,0.39,3,4,1,0,0,0,uy URU,MF,Banfield,Primera Division Argentina,33,1989,20.7,40,22,16,19,5,18,39,46.2,21,23,4,19,18,58,25,0,uy URU,MF,Banfield,Primera Division Argentina,33,1989,20.7,1172,34,175,586,423,21,1171,43,24,55.8,14,32.6,575,2501,991,15,24,1,55,54,665,77,uy URU,MF,Banfield,Primera Division Argentina,33,1989,26,"1,862",72,76.6,20.7,23,77,9,3,30,0,1.15,15,27,-12,-0.58,-0.74,20.0,20.7,-0.8,-0.04,-0.25,uy URU,MF,Banfield,Primera Division Argentina,33,1989,20.7,7,0,0,11,56,0,205,18,22,0,1,0,124,28,22,56.0
Brian Alexis Leizza,ar ARG,DF,Tigre,Primera Division Argentina,22,2000,11,8,790,8.8,1,0,1,1,0,0,3,0,1.2,1.2,0.0,1.3,4,29,0,0.11,0.00,0.11,0.11,0.11,0.14,0.00,0.14,0.14,0.14,ar ARG,DF,Tigre,Primera Division Argentina,22,2000,8.8,1,6,3,50.0,0.68,0.34,0.17,0.33,13.3,0,0,0,1.2,1.2,0.20,-0.2,-0.2,ar ARG,DF,Tigre,Primera Division Argentina,22,2000,8.8,328,412,79.6,6435,2327,112,136,82.4,184,205,89.8,28,60,46.7,0,0.0,0.1,0.0,1,28,1,1,29,ar ARG,DF,Tigre,Primera Division Argentina,22,2000,8.8,412,398,13,9,0,5,1,2,0,0,0,0,328,1,5,ar ARG,DF,Tigre,Primera Division Argentina,22,2000,8.8,4,0.46,2,0,0,2,0,0,0,0.00,0,0,0,0,0,0,ar ARG,DF,Tigre,Primera Division Argentina,22,2000,8.8,15,9,12,2,1,9,10,90.0,1,8,3,5,15,30,36,0,ar ARG,DF,Tigre,Primera Division Argentina,22,2000,8.8,504,62,254,237,16,8,504,7,4,57.1,3,42.9,248,1256,832,4,3,0,3,2,280,0,ar ARG,DF,Tigre,Primera Division Argentina,22,2000,11,790,72,32.5,8.8,8,87,7,3,32,12,1.45,8,5,+3,+0.34,+0.62,11.4,8.2,+3.3,+0.37,+0.32,ar ARG,DF,Tigre,Primera Division Argentina,22,2000,8.8,3,0,0,5,7,0,1,15,9,0,0,0,63,20,17,54.1
Franco Alfonso,ar ARG,"FW,MF",River Plate,Primera Division Argentina,20,2002,5,0,77,0.9,0,0,0,0,0,0,0,0,0.0,0.0,0.6,0.7,3,3,16,0.00,0.00,0.00,0.00,0.00,0.04,0.76,0.79,0.04,0.79,ar ARG,"FW,MF",River Plate,Primera Division Argentina,20,2002,0.9,0,1,0,0.0,1.17,0.00,0.00,0,20.8,0,0,0,0.0,0.0,0.03,0.0,0.0,ar ARG,"FW,MF",River Plate,Primera Division Argentina,20,2002,0.9,38,46,82.6,449,128,24,28,85.7,8,9,88.9,2,4,50.0,0,0.6,0.5,-0.6,3,1,0,0,3,ar ARG,"FW,MF",River Plate,Primera Division Argentina,20,2002,0.9,46,43,3,0,0,0,2,3,0,0,0,0,38,0,2,ar ARG,"FW,MF",River Plate,Primera Division Argentina,20,2002,0.9,6,7.01,5,0,1,0,0,0,0,0.00,0,0,0,0,0,0,ar ARG,"FW,MF",River Plate,Primera Division Argentina,20,2002,0.9,2,1,0,1,1,1,2,50.0,1,3,0,3,0,2,0,0,ar ARG,"FW,MF",River Plate,Primera Division Argentina,20,2002,0.9,65,0,6,21,40,6,65,5,1,20.0,4,80.0,46,236,72,3,5,1,4,8,48,16,ar ARG,"FW,MF",River Plate,Primera Division Argentina,20,2002,5,77,15,3.2,0.9,0,0,0,5,15,19,1.80,1,0,+1,+1.17,+0.06,1.4,0.7,+0.7,+0.87,-0.06,ar ARG,"FW,MF",River Plate,Primera Division Argentina,20,2002,0.9,0,0,0,2,2,0,2,0,1,0,0,0,6,2,2,50.0
Rodrigo Aliendro,ar ARG,MF,River Plate,Primera Division Argentina,31,1991,21,20,"1,621",18.0,1,1,2,1,0,0,3,0,1.9,1.9,2.1,3.9,22,123,51,0.06,0.06,0.11,0.06,0.11,0.10,0.12,0.22,0.10,0.22,ar ARG,MF,River Plate,Primera Division Argentina,31,1991,18.0,1,30,5,16.7,1.67,0.28,0.03,0.20,21.6,0,0,0,1.9,1.9,0.06,-0.9,-0.9,ar ARG,MF,River Plate,Primera Division Argentina,31,1991,18.0,961,1119,85.9,16231,5339,450,500,90.0,388,439,88.4,98,123,79.7,1,2.1,1.9,-1.1,21,119,20,0,123,ar ARG,MF,River Plate,Primera Division Argentina,31,1991,18.0,1119,1091,27,18,2,8,7,6,0,0,0,0,961,1,18,ar ARG,MF,River Plate,Primera Division Argentina,31,1991,18.0,48,2.67,40,0,0,5,3,0,6,0.33,4,0,0,1,1,0,ar ARG,MF,River Plate,Primera Division Argentina,31,1991,18.0,46,36,11,31,4,22,63,34.9,41,35,5,30,17,63,16,1,ar ARG,MF,River Plate,Primera Division Argentina,31,1991,18.0,1381,25,224,901,267,31,1381,61,32,52.5,22,36.1,828,3238,1418,22,23,3,43,33,965,51,ar ARG,MF,River Plate,Primera Division Argentina,31,1991,21,"1,621",77,66.7,18.0,20,80,11,1,24,5,2.67,34,9,+25,+1.39,+0.83,32.3,11.2,+21.1,+1.17,+0.73,ar ARG,MF,River Plate,Primera Division Argentina,31,1991,18.0,3,0,0,19,26,0,7,17,36,1,0,0,152,20,34,37.0
Tadeo Allende,ar ARG,"FW,MF",Godoy Cruz,Primera Division Argentina,23,1999,22,18,"1,639",18.2,6,2,8,6,0,0,2,0,7.0,7.0,3.0,10.0,43,41,140,0.33,0.11,0.44,0.33,0.44,0.38,0.17,0.55,0.38,0.55,ar ARG,"FW,MF",Godoy Cruz,Primera Division Argentina,23,1999,18.2,6,65,21,32.3,3.57,1.15,0.09,0.29,19.3,1,0,0,7.0,7.0,0.11,-1.0,-1.0,ar ARG,"FW,MF",Godoy Cruz,Primera Division Argentina,23,1999,18.2,290,491,59.1,4343,1370,162,237,68.4,94,149,63.1,19,44,43.2,2,3.0,2.1,-1.0,21,28,9,6,41,ar ARG,"FW,MF",Godoy Cruz,Primera Division Argentina,23,1999,18.2,491,477,10,1,0,6,44,1,1,1,0,0,290,4,24,ar ARG,"FW,MF",Godoy Cruz,Primera Division Argentina,23,1999,18.2,60,3.30,41,1,11,6,0,1,7,0.38,3,0,2,2,0,0,ar ARG,"FW,MF",Godoy Cruz,Primera Division Argentina,23,1999,18.2,28,20,10,12,6,17,40,42.5,23,13,1,12,9,37,9,0,ar ARG,"FW,MF",Godoy Cruz,Primera Division Argentina,23,1999,18.2,744,11,70,324,361,62,744,64,33,51.6,28,43.8,437,2532,1079,43,32,14,58,32,520,140,ar ARG,"FW,MF",Godoy Cruz,Primera Division Argentina,23,1999,22,"1,639",75,67.4,18.2,18,81,11,4,44,1,1.64,26,20,+6,+0.33,+0.44,24.8,25.1,-0.3,-0.01,+0.37,ar ARG,"FW,MF",Godoy Cruz,Primera Division Argentina,23,1999,18.2,2,0,0,16,13,3,44,9,20,0,0,0,94,49,38,56.3
Agustín Alonso,ar ARG,"FW,MF",Platense,Primera Division Argentina,21,2001,7,1,233,2.6,0,0,0,0,0,0,0,0,0.3,0.3,0.1,0.3,1,3,19,0.00,0.00,0.00,0.00,0.00,0.11,0.02,0.13,0.11,0.13,ar ARG,"FW,MF",Platense,Primera Division Argentina,21,2001,2.6,0,6,2,33.3,2.32,0.77,0.00,0.00,22.5,0,0,0,0.3,0.3,0.05,-0.3,-0.3,ar ARG,"FW,MF",Platense,Primera Division Argentina,21,2001,2.6,24,45,53.3,259,55,18,28,64.3,5,10,50.0,0,1,0.0,0,0.1,0.1,-0.1,2,1,0,0,3,ar ARG,"FW,MF",Platense,Primera Division Argentina,21,2001,2.6,45,44,1,0,0,0,3,1,0,0,0,0,24,0,4,ar ARG,"FW,MF",Platense,Primera Division Argentina,21,2001,2.6,6,2.29,4,0,0,1,0,1,0,0.00,0,0,0,0,0,0,ar ARG,"FW,MF",Platense,Primera Division Argentina,21,2001,2.6,4,3,1,3,0,3,6,50.0,3,1,0,1,1,5,5,0,ar ARG,"FW,MF",Platense,Primera Division Argentina,21,2001,2.6,74,5,10,19,46,4,74,2,1,50.0,1,50.0,33,186,77,1,3,0,5,1,39,19,ar ARG,"FW,MF",Platense,Primera Division Argentina,21,2001,7,233,33,9.6,2.6,1,85,0,6,25,9,1.29,4,3,+1,+0.39,+0.55,3.0,3.6,-0.7,-0.25,+0.16,ar ARG,"FW,MF",Platense,Primera Division Argentina,21,2001,2.6,0,0,0,4,2,0,3,1,3,0,0,0,9,2,2,50.0
Facundo Altamira,0,MF,Godoy Cruz,Primera Division Argentina,0,0,1,0,20,0.2,0,0,0,0,0,0,0,0,0.0,0.0,0.0,0.0,0,0,2,0.00,0.00,0.00,0.00,0.00,0.00,0.00,0.00,0.00,0.00,0,MF,Godoy Cruz,Primera Division Argentina,0,0,0.2,0,0,0,0,0.00,0.00,0,0,0,0,0,0,0.0,0.0,0,0.0,0.0,0,MF,Godoy Cruz,Primera Division Argentina,0,0,0.2,1,2,50.0,4,3,0,1,0.0,0,0,0,0,0,0,0,0.0,0.0,0.0,0,0,0,0,0,0,MF,Godoy Cruz,Primera Division Argentina,0,0,0.2,2,2,0,0,0,0,0,0,0,0,0,0,1,0,0,0,MF,Godoy Cruz,Primera Division Argentina,0,0,0.2,0,0.00,0,0,0,0,0,0,0,0.00,0,0,0,0,0,0,0,MF,Godoy Cruz,Primera Division Argentina,0,0,0.2,0,0,0,0,0,0,1,0.0,1,0,0,0,0,0,0,0,0,MF,Godoy Cruz,Primera Division Argentina,0,0,0.2,3,0,0,2,1,0,3,2,1,50.0,1,50.0,2,18,0,0,1,0,0,0,2,2,0,MF,Godoy Cruz,Primera Division Argentina,0,0,1,20,20,0.8,0.2,0,0,0,1,20,9,1.00,1,0,+1,+4.50,+4.35,0.2,0.0,+0.2,+0.89,+1.04,0,MF,Godoy Cruz,Primera Division Argentina,0,0,0.2,0,0,0,0,0,0,0,0,0,0,0,0,0,0,0,0
Facundo Altamirano,ar ARG,GK,San Lorenzo,Primera Division Argentina,26,1996,5,5,450,5.0,0,0,0,0,0,0,1,0,0.0,0.0,0.0,0.0,0,0,0,0.00,0.00,0.00,0.00,0.00,0.00,0.00,0.00,0.00,0.00,ar ARG,GK,San Lorenzo,Primera Division Argentina,26,1996,5.0,0,0,0,0,0.00,0.00,0,0,0,0,0,0,0.0,0.0,0,0.0,0.0,ar ARG,GK,San Lorenzo,Primera Division Argentina,26,1996,5.0,59,134,44.0,2391,2145,6,6,100.0,14,14,100.0,39,113,34.5,0,0.0,0.0,0.0,0,7,0,0,0,ar ARG,GK,San Lorenzo,Primera Division Argentina,26,1996,5.0,134,79,54,17,0,0,0,0,0,0,0,0,59,1,0,ar ARG,GK,San Lorenzo,Primera Division Argentina,26,1996,5.0,0,0.00,0,0,0,0,0,0,0,0.00,0,0,0,0,0,0,ar ARG,GK,San Lorenzo,Primera Division Argentina,26,1996,5.0,0,0,0,0,0,0,1,0.0,1,0,0,0,0,0,2,0,ar ARG,GK,San Lorenzo,Primera Division Argentina,26,1996,5.0,143,129,142,1,0,0,143,0,0,0,0,0,79,568,365,0,0,0,0,0,29,0,ar ARG,GK,San Lorenzo,Primera Division Argentina,26,1996,5,450,90,18.5,5.0,5,90,5,0,0,22,1.80,4,4,0,0.00,-0.45,3.1,4.6,-1.5,-0.29,-0.66,ar ARG,GK,San Lorenzo,Primera Division Argentina,26,1996,5.0,1,0,0,0,2,0,0,0,0,0,0,0,7,5,0,100.0
Fabio Álvarez,ar ARG,"MF,FW",Talleres,Primera Division Argentina,30,1993,6,0,67,0.7,0,0,0,0,0,0,0,0,0.0,0.0,0.0,0.0,2,14,4,0.00,0.00,0.00,0.00,0.00,0.00,0.03,0.03,0.00,0.03,ar ARG,"MF,FW",Talleres,Primera Division Argentina,30,1993,0.7,0,0,0,0,0.00,0.00,0,0,0,0,0,0,0.0,0.0,0,0.0,0.0,ar ARG,"MF,FW",Talleres,Primera Division Argentina,30,1993,0.7,50,61,82.0,858,297,18,22,81.8,27,31,87.1,3,4,75.0,0,0.0,0.1,0.0,1,12,1,0,14,ar ARG,"MF,FW",Talleres,Primera Division Argentina,30,1993,0.7,61,61,0,0,0,0,0,0,0,0,0,0,50,0,0,ar ARG,"MF,FW",Talleres,Primera Division Argentina,30,1993,0.7,3,4.03,3,0,0,0,0,0,0,0.00,0,0,0,0,0,0,ar ARG,"MF,FW",Talleres,Primera Division Argentina,30,1993,0.7,3,2,1,2,0,0,1,0.0,1,0,0,0,1,4,0,0,ar ARG,"MF,FW",Talleres,Primera Division Argentina,30,1993,0.7,70,0,5,51,14,2,70,1,1,100.0,0,0.0,49,209,140,2,2,0,2,2,56,4,ar ARG,"MF,FW",Talleres,Primera Division Argentina,30,1993,6,67,11,2.8,0.7,0,0,0,6,11,17,1.33,0,0,0,0.00,-0.72,1.0,1.2,-0.2,-0.24,-0.85,ar ARG,"MF,FW",Talleres,Primera Division Argentina,30,1993,0.7,0,0,0,1,2,0,0,1,2,0,0,0,3,3,3,50.0
Francisco Álvarez,ar ARG,DF,Barracas Central,Primera Division Argentina,22,2000,26,25,"2,252",25.0,4,0,4,4,0,0,1,0,1.6,1.6,0.5,2.1,18,58,3,0.16,0.00,0.16,0.16,0.16,0.07,0.02,0.08,0.07,0.08,ar ARG,DF,Barracas Central,Primera Division Argentina,22,2000,25.0,4,23,6,26.1,0.92,0.24,0.17,0.67,19.1,0,0,0,1.6,1.6,0.07,+2.4,+2.4,ar ARG,DF,Barracas Central,Primera Division Argentina,22,2000,25.0,737,963,76.5,14180,5274,238,289,82.4,425,477,89.1,65,168,38.7,0,0.5,0.6,-0.5,5,41,1,0,58,ar ARG,DF,Barracas Central,Primera Division Argentina,22,2000,25.0,963,906,57,56,1,8,0,1,0,0,0,0,737,0,8,ar ARG,DF,Barracas Central,Primera Division Argentina,22,2000,25.0,12,0.48,7,1,0,1,1,2,1,0.04,1,0,0,0,0,0,ar ARG,DF,Barracas Central,Primera Division Argentina,22,2000,25.0,41,19,33,8,0,24,39,61.5,15,30,11,19,46,87,121,1,ar ARG,DF,Barracas Central,Primera Division Argentina,22,2000,25.0,1282,163,731,511,55,30,1282,13,6,46.2,3,23.1,584,3557,2248,18,12,2,15,4,543,3,ar ARG,DF,Barracas Central,Primera Division Argentina,22,2000,26,"2,252",87,92.7,25.0,25,89,23,1,31,0,1.35,22,27,-5,-0.20,-0.20,20.1,25.6,-5.6,-0.22,-0.02,ar ARG,DF,Barracas Central,Primera Division Argentina,22,2000,25.0,1,0,0,12,25,0,0,46,19,0,0,0,199,89,61,59.3
Juan Álvarez,ar ARG,"MF,FW",Colón,Primera Division Argentina,26,1996,19,16,"1,370",15.2,1,1,2,1,0,0,0,0,1.0,1.0,1.2,2.2,41,57,91,0.07,0.07,0.13,0.07,0.13,0.07,0.08,0.15,0.07,0.15,ar ARG,"MF,FW",Colón,Primera Division Argentina,26,1996,15.2,1,24,6,25.0,1.58,0.39,0.04,0.17,23.3,0,0,0,1.0,1.0,0.04,0.0,0.0,ar ARG,"MF,FW",Colón,Primera Division Argentina,26,1996,15.2,396,575,68.9,6762,2749,198,247,80.2,157,217,72.4,38,76,50.0,1,1.2,1.3,-0.2,8,40,15,8,57,ar ARG,"MF,FW",Colón,Primera Division Argentina,26,1996,15.2,575,486,89,3,0,7,48,82,4,0,3,0,396,0,27,ar ARG,"MF,FW",Colón,Primera Division Argentina,26,1996,15.2,26,1.71,20,1,3,1,1,0,3,0.20,1,1,1,0,0,0,ar ARG,"MF,FW",Colón,Primera Division Argentina,26,1996,15.2,19,11,8,6,5,13,38,34.2,25,21,1,20,19,38,13,0,ar ARG,"MF,FW",Colón,Primera Division Argentina,26,1996,15.2,763,21,134,373,271,29,763,62,31,50.0,27,43.5,441,3014,1262,41,28,8,24,31,428,91,ar ARG,"MF,FW",Colón,Primera Division Argentina,26,1996,19,"1,370",72,56.4,15.2,16,82,10,3,21,2,1.26,16,13,+3,+0.20,+1.56,16.7,18.4,-1.8,-0.12,+0.70,ar ARG,"MF,FW",Colón,Primera Division Argentina,26,1996,15.2,0,0,0,7,12,4,48,19,11,0,0,0,107,7,14,33.3
Gonzalo Álvez,ar ARG,FW,Talleres,Primera Division Argentina,19,2003,8,1,177,2.0,0,0,0,0,0,0,0,0,0.1,0.1,0.1,0.2,5,8,23,0.00,0.00,0.00,0.00,0.00,0.05,0.07,0.12,0.05,0.12,ar ARG,FW,Talleres,Primera Division Argentina,19,2003,2.0,0,3,0,0.0,1.53,0.00,0.00,0,26.5,0,0,0,0.1,0.1,0.03,-0.1,-0.1,ar ARG,FW,Talleres,Primera Division Argentina,19,2003,2.0,50,74,67.6,735,274,24,27,88.9,23,31,74.2,1,8,12.5,0,0.1,0.1,-0.1,3,2,6,3,8,ar ARG,FW,Talleres,Primera Division Argentina,19,2003,2.0,74,72,2,0,0,0,11,1,1,0,1,0,50,0,2,ar ARG,FW,Talleres,Primera Division Argentina,19,2003,2.0,5,2.56,5,0,0,0,0,0,0,0.00,0,0,0,0,0,0,ar ARG,FW,Talleres,Primera Division Argentina,19,2003,2.0,3,1,2,1,0,0,2,0.0,2,1,1,0,0,3,2,0,ar ARG,FW,Talleres,Primera Division Argentina,19,2003,2.0,96,0,16,31,49,2,96,4,0,0.0,4,100.0,64,302,136,5,1,0,6,1,70,23,ar ARG,FW,Talleres,Primera Division Argentina,19,2003,8,177,22,7.3,2.0,1,45,0,7,19,12,1.63,0,2,-2,-1.02,-1.86,3.0,2.4,+0.6,+0.31,-0.29,ar ARG,FW,Talleres,Primera Division Argentina,19,2003,2.0,0,0,0,1,2,1,11,0,1,0,0,0,6,4,6,40.0
Juan Andrada,ar ARG,MF,Godoy Cruz,Primera Division Argentina,28,1995,12,7,608,6.8,0,0,0,0,0,0,1,1,0.1,0.1,0.2,0.3,4,19,0,0.00,0.00,0.00,0.00,0.00,0.01,0.03,0.04,0.01,0.04,ar ARG,MF,Godoy Cruz,Primera Division Argentina,28,1995,6.8,0,3,0,0.0,0.44,0.00,0.00,0,36.5,1,0,0,0.1,0.1,0.02,-0.1,-0.1,ar ARG,MF,Godoy Cruz,Primera Division Argentina,28,1995,6.8,187,250,74.8,4010,1185,46,63,73.0,98,117,83.8,36,58,62.1,0,0.2,0.3,-0.2,2,20,2,1,19,ar ARG,MF,Godoy Cruz,Primera Division Argentina,28,1995,6.8,250,234,16,15,0,5,4,1,0,0,0,0,187,0,3,ar ARG,MF,Godoy Cruz,Primera Division Argentina,28,1995,6.8,7,1.04,2,1,0,0,3,1,0,0.00,0,0,0,0,0,0,ar ARG,MF,Godoy Cruz,Primera Division Argentina,28,1995,6.8,12,4,2,9,1,8,16,50.0,8,10,3,7,13,25,8,0,ar ARG,MF,Godoy Cruz,Primera Division Argentina,28,1995,6.8,333,15,89,224,27,3,333,14,9,64.3,5,35.7,137,894,335,4,6,0,8,6,161,0,ar ARG,MF,Godoy Cruz,Primera Division Argentina,28,1995,12,608,51,25.0,6.8,7,72,3,5,21,9,1.92,7,7,0,0.00,-0.25,5.3,7.0,-1.7,-0.25,-0.15,ar ARG,MF,Godoy Cruz,Primera Division Argentina,28,1995,6.8,1,1,0,3,11,0,4,13,4,0,0,0,67,10,6,62.5
Mariano Andújar,ar ARG,GK,Estudiantes–LP,Primera Division Argentina,39,1983,25,25,"2,250",25.0,0,0,0,0,0,0,2,0,0.0,0.0,0.0,0.0,0,1,0,0.00,0.00,0.00,0.00,0.00,0.00,0.00,0.00,0.00,0.00,ar ARG,GK,Estudiantes–LP,Primera Division Argentina,39,1983,25.0,0,0,0,0,0.00,0.00,0,0,0,0,0,0,0.0,0.0,0,0.0,0.0,ar ARG,GK,Estudiantes–LP,Primera Division Argentina,39,1983,25.0,484,685,70.7,14242,11551,64,65,98.5,267,273,97.8,152,345,44.1,0,0.0,0.0,0.0,0,8,1,0,1,ar ARG,GK,Estudiantes–LP,Primera Division Argentina,39,1983,25.0,685,404,280,77,0,0,0,0,0,0,0,0,484,1,0,ar ARG,GK,Estudiantes–LP,Primera Division Argentina,39,1983,25.0,2,0.08,1,1,0,0,0,0,0,0.00,0,0,0,0,0,0,ar ARG,GK,Estudiantes–LP,Primera Division Argentina,39,1983,25.0,1,1,1,0,0,1,2,50.0,1,0,0,0,2,3,2,0,ar ARG,GK,Estudiantes–LP,Primera Division Argentina,39,1983,25.0,715,609,714,1,0,0,715,0,0,0,0,0,325,1858,1194,0,0,0,0,0,210,0,ar ARG,GK,Estudiantes–LP,Primera Division Argentina,39,1983,25,"2,250",90,92.6,25.0,25,90,25,0,0,1,1.80,34,19,+15,+0.60,+2.60,31.2,20.3,+10.9,+0.44,+1.07,ar ARG,GK,Estudiantes–LP,Primera Division Argentina,39,1983,25.0,2,0,0,0,3,0,0,2,1,0,0,0,23,6,0,100.0
Miguel Ángel Torrén,ar ARG,DF,Arg Juniors,Primera Division Argentina,34,1988,15,15,"1,238",13.8,0,1,1,0,0,0,3,0,0.2,0.2,0.6,0.8,4,76,0,0.00,0.07,0.07,0.00,0.07,0.02,0.04,0.06,0.02,0.06,ar ARG,DF,Arg Juniors,Primera Division Argentina,34,1988,13.8,0,4,1,25.0,0.29,0.07,0.00,0.00,29.7,4,0,0,0.2,0.2,0.06,-0.2,-0.2,ar ARG,DF,Arg Juniors,Primera Division Argentina,34,1988,13.8,806,970,83.1,18414,7477,194,207,93.7,431,488,88.3,177,264,67.0,1,0.6,0.6,+0.4,7,45,7,1,76,ar ARG,DF,Arg Juniors,Primera Division Argentina,34,1988,13.8,970,896,74,71,0,12,10,3,0,0,0,0,806,0,2,ar ARG,DF,Arg Juniors,Primera Division Argentina,34,1988,13.8,25,1.82,16,6,0,1,1,1,2,0.15,1,1,0,0,0,0,ar ARG,DF,Arg Juniors,Primera Division Argentina,34,1988,13.8,15,11,11,3,1,10,14,71.4,4,15,9,6,13,28,53,0,ar ARG,DF,Arg Juniors,Primera Division Argentina,34,1988,13.8,1078,110,527,539,25,1,1078,5,3,60.0,2,40.0,590,3563,2410,4,1,0,2,2,644,0,ar ARG,DF,Arg Juniors,Primera Division Argentina,34,1988,15,"1,238",83,50.9,13.8,15,83,12,0,0,1,1.60,14,11,+3,+0.22,-0.23,19.6,11.0,+8.6,+0.62,+0.26,ar ARG,DF,Arg Juniors,Primera Division Argentina,34,1988,13.8,3,0,0,6,7,0,10,13,11,0,0,0,117,28,14,66.7
Aaron Anselmino,ar ARG,DF,Boca Juniors,Primera Division Argentina,17,2005,2,0,46,0.5,0,0,0,0,0,0,0,0,0.0,0.0,0.0,0.0,0,0,0,0.00,0.00,0.00,0.00,0.00,0.00,0.00,0.00,0.00,0.00,ar ARG,DF,Boca Juniors,Primera Division Argentina,17,2005,0.5,0,0,0,0,0.00,0.00,0,0,0,0,0,0,0.0,0.0,0,0.0,0.0,ar ARG,DF,Boca Juniors,Primera Division Argentina,17,2005,0.5,39,40,97.5,655,213,17,17,100.0,17,17,100.0,3,4,75.0,0,0.0,0.0,0.0,0,0,0,0,0,ar ARG,DF,Boca Juniors,Primera Division Argentina,17,2005,0.5,40,39,1,0,0,0,0,1,0,0,0,0,39,0,0,ar ARG,DF,Boca Juniors,Primera Division Argentina,17,2005,0.5,0,0.00,0,0,0,0,0,0,0,0.00,0,0,0,0,0,0,ar ARG,DF,Boca Juniors,Primera Division Argentina,17,2005,0.5,2,1,1,1,0,2,2,100.0,0,0,0,0,1,3,2,0,ar ARG,DF,Boca Juniors,Primera Division Argentina,17,2005,0.5,46,6,26,19,1,0,46,2,2,100.0,0,0.0,33,102,50,0,0,0,0,0,31,0,ar ARG,DF,Boca Juniors,Primera Division Argentina,17,2005,2,46,23,1.9,0.5,0,0,0,2,23,5,2.00,1,0,+1,+1.96,+1.65,1.0,0.1,+0.9,+1.83,+1.81,ar ARG,DF,Boca Juniors,Primera Division Argentina,17,2005,0.5,0,0,0,0,0,0,0,1,1,0,0,0,7,1,2,33.3
Dylan Aquino,ar ARG,"FW,MF",Lanús,Primera Division Argentina,17,2005,2,0,10,0.1,0,0,0,0,0,0,0,0,0.0,0.0,0.0,0.0,0,0,1,0.00,0.00,0.00,0.00,0.00,0.29,0.00,0.29,0.29,0.29,ar ARG,"FW,MF",Lanús,Primera Division Argentina,17,2005,0.1,0,1,0,0.0,9.00,0.00,0.00,0,21.5,0,0,0,0.0,0.0,0.03,0.0,0.0,ar ARG,"FW,MF",Lanús,Primera Division Argentina,17,2005,0.1,5,8,62.5,79,36,3,3,100.0,2,2,100.0,0,0,0,0,0.0,0.0,0.0,0,0,0,0,0,ar ARG,"FW,MF",Lanús,Primera Division Argentina,17,2005,0.1,8,8,0,0,0,0,0,0,0,0,0,0,5,0,1,ar ARG,"FW,MF",Lanús,Primera Division Argentina,17,2005,0.1,0,0.00,0,0,0,0,0,0,0,0.00,0,0,0,0,0,0,ar ARG,"FW,MF",Lanús,Primera Division Argentina,17,2005,0.1,2,1,0,2,0,1,1,100.0,0,1,0,1,1,3,0,0,ar ARG,"FW,MF",Lanús,Primera Division Argentina,17,2005,0.1,15,0,1,10,5,0,15,1,0,0.0,1,100.0,7,60,5,0,0,0,1,0,6,1,ar ARG,"FW,MF",Lanús,Primera Division Argentina,17,2005,2,10,5,0.4,0.1,0,0,0,2,5,6,0.50,0,0,0,0.00,-0.41,0.3,0.1,+0.2,+1.65,+1.33,ar ARG,"FW,MF",Lanús,Primera Division Argentina,17,2005,0.1,0,0,0,0,0,0,0,1,1,0,0,0,4,0,1,0.0
Pablo Aranda,ar ARG,DF,Lanús,Primera Division Argentina,21,2001,1,1,86,1.0,0,0,0,0,0,0,0,0,0.0,0.0,0.0,0.0,1,2,3,0.00,0.00,0.00,0.00,0.00,0.00,0.00,0.00,0.00,0.00,ar ARG,DF,Lanús,Primera Division Argentina,21,2001,1.0,0,0,0,0,0.00,0.00,0,0,0,0,0,0,0.0,0.0,0,0.0,0.0,ar ARG,DF,Lanús,Primera Division Argentina,21,2001,1.0,33,46,71.7,604,276,16,19,84.2,14,19,73.7,3,6,50.0,0,0.0,0.0,0.0,0,2,0,0,2,ar ARG,DF,Lanús,Primera Division Argentina,21,2001,1.0,46,40,6,0,0,0,3,6,0,0,0,0,33,0,1,ar ARG,DF,Lanús,Primera Division Argentina,21,2001,1.0,0,0.00,0,0,0,0,0,0,0,0.00,0,0,0,0,0,0,ar ARG,DF,Lanús,Primera Division Argentina,21,2001,1.0,2,1,1,0,1,2,5,40.0,3,2,0,2,2,4,0,0,ar ARG,DF,Lanús,Primera Division Argentina,21,2001,1.0,52,0,13,24,15,0,52,2,0,0.0,1,50.0,20,88,53,1,0,0,0,2,33,3,ar ARG,DF,Lanús,Primera Division Argentina,21,2001,1,86,86,3.5,1.0,1,86,0,0,0,7,1.00,1,1,0,0.00,-0.42,0.6,0.6,0.0,-0.05,-0.39,ar ARG,DF,Lanús,Primera Division Argentina,21,2001,1.0,0,0,0,4,2,0,3,2,1,0,0,0,5,1,2,33.3
Carlos Arce,ar ARG,MF,Barracas Central,Primera Division Argentina,32,1990,21,19,"1,485",16.5,2,0,2,2,0,0,6,0,0.6,0.6,0.2,0.8,2,69,8,0.12,0.00,0.12,0.12,0.12,0.04,0.01,0.05,0.04,0.05,ar ARG,MF,Barracas Central,Primera Division Argentina,32,1990,16.5,2,12,3,25.0,0.73,0.18,0.17,0.67,18.6,0,0,0,0.6,0.6,0.05,+1.4,+1.4,ar ARG,MF,Barracas Central,Primera Division Argentina,32,1990,16.5,486,685,70.9,8654,3482,209,243,86.0,217,285,76.1,47,116,40.5,0,0.2,0.3,-0.2,7,73,5,0,69,ar ARG,MF,Barracas Central,Primera Division Argentina,32,1990,16.5,685,670,13,12,0,2,1,1,0,0,0,0,486,2,16,ar ARG,MF,Barracas Central,Primera Division Argentina,32,1990,16.5,19,1.15,17,0,0,1,1,0,1,0.06,1,0,0,0,0,0,ar ARG,MF,Barracas Central,Primera Division Argentina,32,1990,16.5,51,33,21,27,3,27,47,57.4,20,35,7,28,16,67,45,0,ar ARG,MF,Barracas Central,Primera Division Argentina,32,1990,16.5,881,63,232,569,88,12,881,9,3,33.3,6,66.7,346,1145,562,2,5,0,10,10,396,8,ar ARG,MF,Barracas Central,Primera Division Argentina,32,1990,21,"1,485",71,61.1,16.5,19,78,9,2,1,5,1.38,15,19,-4,-0.24,-0.15,13.8,16.6,-2.8,-0.17,+0.14,ar ARG,MF,Barracas Central,Primera Division Argentina,32,1990,16.5,6,0,0,36,19,0,1,16,33,0,0,0,158,29,18,61.7
Ignacio Arce,ar ARG,GK,Platense,Primera Division Argentina,30,1992,5,5,450,5.0,0,0,0,0,0,0,0,0,0.0,0.0,0.0,0.0,0,0,0,0.00,0.00,0.00,0.00,0.00,0.00,0.00,0.00,0.00,0.00,ar ARG,GK,Platense,Primera Division Argentina,30,1992,5.0,0,0,0,0,0.00,0.00,0,0,0,0,0,0,0.0,0.0,0,0.0,0.0,ar ARG,GK,Platense,Primera Division Argentina,30,1992,5.0,101,176,57.4,3271,2640,17,17,100.0,44,45,97.8,40,114,35.1,0,0.0,0.0,0.0,0,6,0,0,0,ar ARG,GK,Platense,Primera Division Argentina,30,1992,5.0,176,115,61,28,0,0,0,0,0,0,0,0,101,0,0,ar ARG,GK,Platense,Primera Division Argentina,30,1992,5.0,2,0.40,2,0,0,0,0,0,0,0.00,0,0,0,0,0,0,ar ARG,GK,Platense,Primera Division Argentina,30,1992,5.0,0,0,0,0,0,0,0,0,0,0,0,0,0,0,2,1,ar ARG,GK,Platense,Primera Division Argentina,30,1992,5.0,187,119,182,5,0,0,187,0,0,0,0,0,97,618,378,0,0,0,1,0,65,0,ar ARG,GK,Platense,Primera Division Argentina,30,1992,5,450,90,18.5,5.0,5,90,5,0,0,6,1.00,8,11,-3,-0.60,-0.60,4.8,9.8,-5.0,-0.99,-0.74,ar ARG,GK,Platense,Primera Division Argentina,30,1992,5.0,0,0,0,0,0,0,0,0,0,0,0,0,4,0,0,0
Lucas Arce,ar ARG,DF,Godoy Cruz,Primera Division Argentina,25,1997,26,23,"2,094",23.3,1,1,2,1,0,0,5,0,0.4,0.4,2.9,3.3,43,113,105,0.04,0.04,0.09,0.04,0.09,0.02,0.12,0.14,0.02,0.14,ar ARG,DF,Godoy Cruz,Primera Division Argentina,25,1997,23.3,1,9,4,44.4,0.39,0.17,0.11,0.25,21.6,0,0,0,0.4,0.4,0.04,+0.6,+0.6,ar ARG,DF,Godoy Cruz,Primera Division Argentina,25,1997,23.3,850,1182,71.9,14585,6772,384,456,84.2,377,509,74.1,72,154,46.8,1,2.9,2.4,-1.9,26,69,26,13,113,ar ARG,DF,Godoy Cruz,Primera Division Argentina,25,1997,23.3,1182,906,274,4,0,3,69,270,0,0,0,0,850,2,35,ar ARG,DF,Godoy Cruz,Primera Division Argentina,25,1997,23.3,50,2.15,40,5,2,2,1,0,2,0.09,2,0,0,0,0,0,ar ARG,DF,Godoy Cruz,Primera Division Argentina,25,1997,23.3,51,31,26,22,3,35,70,50.0,35,30,4,26,26,77,73,0,ar ARG,DF,Godoy Cruz,Primera Division Argentina,25,1997,23.3,1442,64,395,660,400,18,1442,30,16,53.3,10,33.3,573,2946,1809,43,35,4,22,14,649,105,ar ARG,DF,Godoy Cruz,Primera Division Argentina,25,1997,26,"2,094",81,86.2,23.3,23,87,20,3,34,0,1.54,35,28,+7,+0.30,+0.84,28.0,29.2,-1.3,-0.05,+0.57,ar ARG,DF,Godoy Cruz,Primera Division Argentina,25,1997,23.3,5,0,0,29,11,0,69,26,31,0,0,0,133,34,36,48.6
Gabriel Arias,cl CHI,GK,Racing Club,Primera Division Argentina,35,1987,24,24,"2,134",23.7,0,0,0,0,0,0,2,0,0.0,0.0,0.0,0.0,0,0,0,0.00,0.00,0.00,0.00,0.00,0.00,0.00,0.00,0.00,0.00,cl CHI,GK,Racing Club,Primera Division Argentina,35,1987,23.7,0,0,0,0,0.00,0.00,0,0,0,0,0,0,0.0,0.0,0,0.0,0.0,cl CHI,GK,Racing Club,Primera Division Argentina,35,1987,23.7,566,738,76.7,15419,11416,131,131,100.0,279,281,99.3,155,325,47.7,0,0.0,0.1,0.0,0,14,0,0,0,cl CHI,GK,Racing Club,Primera Division Argentina,35,1987,23.7,738,455,283,77,0,4,0,0,0,0,0,0,566,0,0,cl CHI,GK,Racing Club,Primera Division Argentina,35,1987,23.7,6,0.25,3,3,0,0,0,0,1,0.04,0,1,0,0,0,0,cl CHI,GK,Racing Club,Primera Division Argentina,35,1987,23.7,0,0,0,0,0,0,3,0.0,3,2,0,2,0,0,8,1,cl CHI,GK,Racing Club,Primera Division Argentina,35,1987,23.7,779,634,775,4,0,0,779,0,0,0,0,0,372,1982,1438,0,0,0,0,0,273,0,cl CHI,GK,Racing Club,Primera Division Argentina,35,1987,24,"2,134",89,87.8,23.7,24,89,23,0,0,0,1.33,32,30,+2,+0.08,+0.39,26.4,28.9,-2.5,-0.11,+0.53,cl CHI,GK,Racing Club,Primera Division Argentina,35,1987,23.7,2,0,0,0,7,0,0,0,0,0,0,0,25,5,1,83.3
Joaquín Ariel Novillo,ar ARG,DF,Huracán,Primera Division Argentina,24,1998,17,17,"1,502",16.7,0,0,0,0,0,0,4,0,0.4,0.4,0.0,0.4,6,44,2,0.00,0.00,0.00,0.00,0.00,0.02,0.00,0.03,0.02,0.03,ar ARG,DF,Huracán,Primera Division Argentina,24,1998,16.7,0,7,2,28.6,0.42,0.12,0.00,0.00,12.8,0,0,0,0.4,0.4,0.06,-0.4,-0.4,ar ARG,DF,Huracán,Primera Division Argentina,24,1998,16.7,595,764,77.9,11822,4504,216,247,87.4,298,347,85.9,77,150,51.3,0,0.0,0.1,0.0,1,34,1,0,44,ar ARG,DF,Huracán,Primera Division Argentina,24,1998,16.7,764,730,34,19,1,6,2,2,0,0,0,0,595,0,4,ar ARG,DF,Huracán,Primera Division Argentina,24,1998,16.7,7,0.42,7,0,0,0,0,0,0,0.00,0,0,0,0,0,0,ar ARG,DF,Huracán,Primera Division Argentina,24,1998,16.7,17,7,9,8,0,11,21,52.4,10,16,8,8,21,38,54,1,ar ARG,DF,Huracán,Primera Division Argentina,24,1998,16.7,897,102,466,413,23,11,897,8,5,62.5,3,37.5,464,2350,1435,6,2,0,4,3,519,2,ar ARG,DF,Huracán,Primera Division Argentina,24,1998,17,"1,502",88,61.8,16.7,17,88,15,0,0,9,0.47,5,17,-12,-0.72,-0.82,14.6,15.2,-0.7,-0.04,-0.16,ar ARG,DF,Huracán,Primera Division Argentina,24,1998,16.7,4,0,0,10,4,3,2,21,7,0,0,0,102,55,25,68.8
Franco Armani,ar ARG,GK,River Plate,Primera Division Argentina,36,1986,26,26,"2,340",26.0,0,0,0,0,0,0,2,0,0.0,0.0,0.0,0.0,0,0,0,0.00,0.00,0.00,0.00,0.00,0.00,0.00,0.00,0.00,0.00,ar ARG,GK,River Plate,Primera Division Argentina,36,1986,26.0,0,0,0,0,0.00,0.00,0,0,0,0,0,0,0.0,0.0,0,0.0,0.0,ar ARG,GK,River Plate,Primera Division Argentina,36,1986,26.0,540,647,83.5,14420,10125,80,80,100.0,314,316,99.4,144,247,58.3,0,0.0,0.0,0.0,0,4,0,0,0,ar ARG,GK,River Plate,Primera Division Argentina,36,1986,26.0,647,420,225,50,0,0,0,0,0,0,0,0,540,2,0,ar ARG,GK,River Plate,Primera Division Argentina,36,1986,26.0,1,0.04,0,1,0,0,0,0,1,0.04,0,1,0,0,0,0,ar ARG,GK,River Plate,Primera Division Argentina,36,1986,26.0,2,2,2,0,0,2,2,100.0,0,0,0,0,0,2,5,0,ar ARG,GK,River Plate,Primera Division Argentina,36,1986,26.0,684,631,681,3,0,0,684,0,0,0,0,0,322,1307,765,0,0,0,1,0,260,0,ar ARG,GK,River Plate,Primera Division Argentina,36,1986,26,"2,340",90,96.3,26.0,26,90,26,0,0,0,2.31,47,17,+30,+1.15,+1.15,45.3,19.7,+25.6,+0.98,+1.45,ar ARG,GK,River Plate,Primera Division Argentina,36,1986,26.0,2,0,0,1,1,0,0,0,2,0,1,0,21,5,0,100.0
Blas Armoa,py PAR,"FW,MF",Tigre,Primera Division Argentina,22,2000,25,17,"1,430",15.9,3,0,3,3,0,0,2,0,5.4,5.4,1.4,6.8,29,33,156,0.19,0.00,0.19,0.19,0.19,0.34,0.09,0.43,0.34,0.43,py PAR,"FW,MF",Tigre,Primera Division Argentina,22,2000,15.9,3,43,13,30.2,2.71,0.82,0.07,0.23,16.1,0,0,0,5.4,5.4,0.13,-2.4,-2.4,py PAR,"FW,MF",Tigre,Primera Division Argentina,22,2000,15.9,222,348,63.8,3123,738,135,184,73.4,65,99,65.7,14,27,51.9,0,1.4,1.2,-1.4,20,12,11,8,33,py PAR,"FW,MF",Tigre,Primera Division Argentina,22,2000,15.9,348,347,0,0,1,0,50,0,0,0,0,0,222,1,10,py PAR,"FW,MF",Tigre,Primera Division Argentina,22,2000,15.9,55,3.47,35,0,4,7,7,2,1,0.06,1,0,0,0,0,0,py PAR,"FW,MF",Tigre,Primera Division Argentina,22,2000,15.9,12,8,5,4,3,3,12,25.0,9,11,1,10,11,23,3,0,py PAR,"FW,MF",Tigre,Primera Division Argentina,22,2000,15.9,526,6,33,173,328,67,526,56,18,32.1,35,62.5,349,1968,841,29,19,10,39,17,396,156,py PAR,"FW,MF",Tigre,Primera Division Argentina,22,2000,25,"1,430",57,58.8,15.9,17,72,3,8,26,1,1.24,16,16,0,0.00,+0.18,20.5,17.0,+3.5,+0.22,+0.16,py PAR,"FW,MF",Tigre,Primera Division Argentina,22,2000,15.9,2,0,0,11,14,11,50,11,8,0,0,0,50,17,39,30.4
Carlos Arrua,py PAR,MF,Colón,Primera Division Argentina,25,1997,19,12,"1,009",11.2,0,1,1,0,0,0,3,0,0.8,0.8,1.1,1.9,15,48,55,0.00,0.09,0.09,0.00,0.09,0.07,0.10,0.17,0.07,0.17,py PAR,MF,Colón,Primera Division Argentina,25,1997,11.2,0,19,6,31.6,1.69,0.54,0.00,0.00,23.7,2,0,0,0.8,0.8,0.04,-0.8,-0.8,py PAR,MF,Colón,Primera Division Argentina,25,1997,11.2,261,383,68.1,4249,1658,145,174,83.3,78,107,72.9,31,74,41.9,1,1.1,1.4,-0.1,19,44,12,5,48,py PAR,MF,Colón,Primera Division Argentina,25,1997,11.2,383,335,46,14,5,1,50,5,27,5,21,0,261,2,8,py PAR,MF,Colón,Primera Division Argentina,25,1997,11.2,37,3.30,25,5,2,3,2,0,3,0.27,3,0,0,0,0,0,py PAR,MF,Colón,Primera Division Argentina,25,1997,11.2,18,10,5,11,2,7,28,25.0,21,12,0,12,5,23,2,0,py PAR,MF,Colón,Primera Division Argentina,25,1997,11.2,514,2,55,270,199,16,514,42,15,35.7,24,57.1,295,1596,698,15,18,1,31,11,331,55,py PAR,MF,Colón,Primera Division Argentina,25,1997,19,"1,009",53,41.5,11.2,12,65,1,7,33,6,0.84,7,11,-4,-0.36,+0.21,9.9,15.0,-5.1,-0.45,-0.05,py PAR,MF,Colón,Primera Division Argentina,25,1997,11.2,3,0,0,23,12,1,50,5,10,0,1,0,61,7,11,38.9
Santiago Ascacíbar,ar ARG,MF,Estudiantes–LP,Primera Division Argentina,25,1997,26,25,"2,185",24.3,4,1,5,4,0,0,7,0,3.1,3.1,1.7,4.8,23,144,87,0.16,0.04,0.21,0.16,0.21,0.13,0.07,0.19,0.13,0.19,ar ARG,MF,Estudiantes–LP,Primera Division Argentina,25,1997,24.3,4,44,12,27.3,1.81,0.49,0.09,0.33,22.6,0,0,0,3.1,3.1,0.07,+0.9,+0.9,ar ARG,MF,Estudiantes–LP,Primera Division Argentina,25,1997,24.3,1009,1231,82.0,16366,4836,502,576,87.2,395,466,84.8,73,106,68.9,1,1.7,2.3,-0.7,14,148,13,1,144,ar ARG,MF,Estudiantes–LP,Primera Division Argentina,25,1997,24.3,1231,1210,18,15,3,9,13,3,0,0,0,0,1009,3,25,ar ARG,MF,Estudiantes–LP,Primera Division Argentina,25,1997,24.3,50,2.02,43,0,2,3,1,1,5,0.20,5,0,0,0,0,0,ar ARG,MF,Estudiantes–LP,Primera Division Argentina,25,1997,24.3,71,42,27,36,8,32,92,34.8,60,47,5,42,35,106,24,0,ar ARG,MF,Estudiantes–LP,Primera Division Argentina,25,1997,24.3,1519,31,250,959,327,33,1519,17,5,29.4,11,64.7,760,3078,1495,23,18,2,25,15,986,87,ar ARG,MF,Estudiantes–LP,Primera Division Argentina,25,1997,26,"2,185",84,89.9,24.3,25,86,20,1,45,0,1.73,35,21,+14,+0.58,+1.68,30.4,21.6,+8.8,+0.36,-0.01,ar ARG,MF,Estudiantes–LP,Primera Division Argentina,25,1997,24.3,7,0,0,51,32,1,13,35,42,0,0,0,181,27,38,41.5
Gonzalo Asis,ar ARG,DF,Platense,Primera Division Argentina,26,1996,6,5,433,4.8,0,0,0,0,0,0,1,0,0.1,0.1,0.4,0.4,6,10,18,0.00,0.00,0.00,0.00,0.00,0.01,0.07,0.09,0.01,0.09,ar ARG,DF,Platense,Primera Division Argentina,26,1996,4.8,0,2,1,50.0,0.42,0.21,0.00,0.00,19.2,0,0,0,0.1,0.1,0.04,-0.1,-0.1,ar ARG,DF,Platense,Primera Division Argentina,26,1996,4.8,116,198,58.6,2114,1034,46,61,75.4,59,98,60.2,10,33,30.3,0,0.4,0.4,-0.4,6,9,4,3,10,ar ARG,DF,Platense,Primera Division Argentina,26,1996,4.8,198,131,67,4,0,1,17,63,0,0,0,0,116,0,5,ar ARG,DF,Platense,Primera Division Argentina,26,1996,4.8,9,1.87,7,1,0,0,1,0,0,0.00,0,0,0,0,0,0,ar ARG,DF,Platense,Primera Division Argentina,26,1996,4.8,14,7,14,0,0,10,22,45.5,12,11,2,9,8,22,12,0,ar ARG,DF,Platense,Primera Division Argentina,26,1996,4.8,272,10,84,115,76,4,272,15,6,40.0,9,60.0,99,516,264,6,6,1,12,2,103,18,ar ARG,DF,Platense,Primera Division Argentina,26,1996,6,433,72,17.8,4.8,5,85,4,1,10,16,0.83,5,6,-1,-0.21,-0.12,2.9,6.6,-3.6,-0.76,-0.45,ar ARG,DF,Platense,Primera Division Argentina,26,1996,4.8,1,0,0,7,3,1,17,8,7,0,0,0,19,6,10,37.5
Rodrigo Atencio,ar ARG,"MF,FW",Independiente,Primera Division Argentina,20,2002,5,0,93,1.0,0,0,0,0,0,0,0,0,0.0,0.0,0.1,0.1,1,2,6,0.00,0.00,0.00,0.00,0.00,0.04,0.07,0.11,0.04,0.11,ar ARG,"MF,FW",Independiente,Primera Division Argentina,20,2002,1.0,0,1,0,0.0,0.97,0.00,0.00,0,23.8,1,0,0,0.0,0.0,0.04,0.0,0.0,ar ARG,"MF,FW",Independiente,Primera Division Argentina,20,2002,1.0,41,56,73.2,824,185,15,19,78.9,16,18,88.9,8,15,53.3,0,0.1,0.2,-0.1,2,0,0,0,2,ar ARG,"MF,FW",Independiente,Primera Division Argentina,20,2002,1.0,56,47,8,4,1,1,8,1,3,1,2,0,41,1,3,ar ARG,"MF,FW",Independiente,Primera Division Argentina,20,2002,1.0,3,2.93,1,2,0,0,0,0,0,0.00,0,0,0,0,0,0,ar ARG,"MF,FW",Independiente,Primera Division Argentina,20,2002,1.0,3,2,2,1,0,2,5,40.0,3,2,0,2,0,3,0,0,ar ARG,"MF,FW",Independiente,Primera Division Argentina,20,2002,1.0,68,1,7,44,19,0,68,5,3,60.0,2,40.0,49,262,135,1,4,0,6,2,47,6,ar ARG,"MF,FW",Independiente,Primera Division Argentina,20,2002,5,93,19,3.8,1.0,0,0,0,5,19,5,1.20,1,3,-2,-1.94,-1.67,0.3,1.0,-0.7,-0.69,-0.69,ar ARG,"MF,FW",Independiente,Primera Division Argentina,20,2002,1.0,0,0,0,3,4,0,8,0,2,0,0,0,10,0,4,0.0
Axel Atum,ar ARG,"FW,MF",Estudiantes–LP,Primera Division Argentina,17,2006,2,0,33,0.4,0,1,1,0,0,0,0,0,0.0,0.0,0.0,0.0,0,1,3,0.00,2.73,2.73,0.00,2.73,0.00,0.08,0.08,0.00,0.08,ar ARG,"FW,MF",Estudiantes–LP,Primera Division Argentina,17,2006,0.4,0,0,0,0,0.00,0.00,0,0,0,0,0,0,0.0,0.0,0,0.0,0.0,ar ARG,"FW,MF",Estudiantes–LP,Primera Division Argentina,17,2006,0.4,15,20,75.0,233,53,8,9,88.9,6,7,85.7,1,4,25.0,1,0.0,0.0,+1.0,1,2,1,0,1,ar ARG,"FW,MF",Estudiantes–LP,Primera Division Argentina,17,2006,0.4,20,20,0,0,1,1,0,0,0,0,0,0,15,0,0,ar ARG,"FW,MF",Estudiantes–LP,Primera Division Argentina,17,2006,0.4,1,2.73,1,0,0,0,0,0,1,2.73,1,0,0,0,0,0,ar ARG,"FW,MF",Estudiantes–LP,Primera Division Argentina,17,2006,0.4,1,1,1,0,0,1,1,100.0,0,0,0,0,1,2,0,0,ar ARG,"FW,MF",Estudiantes–LP,Primera Division Argentina,17,2006,0.4,23,0,4,13,6,0,23,0,0,0,0,0,18,81,44,0,2,0,1,0,20,3,ar ARG,"FW,MF",Estudiantes–LP,Primera Division Argentina,17,2006,2,33,17,1.4,0.4,0,0,0,2,17,4,2.00,1,0,+1,+2.73,+2.35,0.4,0.2,+0.2,+0.61,+0.25,ar ARG,"FW,MF",Estudiantes–LP,Primera Division Argentina,17,2006,0.4,0,0,0,1,3,0,0,1,1,0,0,0,1,0,0,0
Julián Aude,ar ARG,DF,Lanús,Primera Division Argentina,19,2003,2,1,146,1.6,0,0,0,0,0,0,0,0,0.0,0.0,0.1,0.1,2,4,1,0.00,0.00,0.00,0.00,0.00,0.01,0.05,0.06,0.01,0.06,ar ARG,DF,Lanús,Primera Division Argentina,19,2003,1.6,0,1,0,0.0,0.62,0.00,0.00,0,30.0,0,0,0,0.0,0.0,0.02,0.0,0.0,ar ARG,DF,Lanús,Primera Division Argentina,19,2003,1.6,40,50,80.0,657,310,18,21,85.7,17,21,81.0,3,5,60.0,0,0.1,0.1,-0.1,1,1,2,2,4,ar ARG,DF,Lanús,Primera Division Argentina,19,2003,1.6,50,37,13,0,0,0,4,13,0,0,0,0,40,0,0,ar ARG,DF,Lanús,Primera Division Argentina,19,2003,1.6,3,1.85,3,0,0,0,0,0,0,0.00,0,0,0,0,0,0,ar ARG,DF,Lanús,Primera Division Argentina,19,2003,1.6,3,2,0,2,1,1,3,33.3,2,5,0,5,1,4,5,0,ar ARG,DF,Lanús,Primera Division Argentina,19,2003,1.6,70,6,22,30,19,0,70,5,3,60.0,0,0.0,31,145,91,2,1,0,3,0,26,1,ar ARG,DF,Lanús,Primera Division Argentina,19,2003,2,146,73,6.0,1.6,1,90,1,1,56,3,1.50,4,2,+2,+1.23,+0.88,2.6,1.1,+1.4,+0.89,+0.60,ar ARG,DF,Lanús,Primera Division Argentina,19,2003,1.6,0,0,0,2,2,0,4,1,2,0,0,0,7,1,1,50.0
Luciano Aued,ar ARG,MF,Unión,Primera Division Argentina,35,1987,18,12,"1,013",11.3,1,1,2,1,0,0,3,0,1.0,1.0,0.5,1.5,6,59,19,0.09,0.09,0.18,0.09,0.18,0.09,0.04,0.13,0.09,0.13,ar ARG,MF,Unión,Primera Division Argentina,35,1987,11.3,1,13,4,30.8,1.15,0.36,0.08,0.25,17.3,1,0,0,1.0,1.0,0.08,0.0,0.0,ar ARG,MF,Unión,Primera Division Argentina,35,1987,11.3,361,487,74.1,6518,2215,151,180,83.9,169,210,80.5,32,73,43.8,1,0.5,0.3,+0.5,4,41,7,2,59,ar ARG,MF,Unión,Primera Division Argentina,35,1987,11.3,487,441,45,39,0,6,11,6,0,0,0,0,361,1,9,ar ARG,MF,Unión,Primera Division Argentina,35,1987,11.3,21,1.86,13,1,0,5,1,1,2,0.18,0,0,0,1,0,1,ar ARG,MF,Unión,Primera Division Argentina,35,1987,11.3,26,18,9,13,4,16,25,64.0,9,12,2,10,12,38,13,0,ar ARG,MF,Unión,Primera Division Argentina,35,1987,11.3,585,20,137,352,103,17,585,3,1,33.3,2,66.7,260,1101,563,6,8,0,11,10,312,19,ar ARG,MF,Unión,Primera Division Argentina,35,1987,18,"1,013",56,41.7,11.3,12,73,4,6,24,9,0.83,7,14,-7,-0.62,-0.69,10.8,11.1,-0.4,-0.03,+0.36,ar ARG,MF,Unión,Primera Division Argentina,35,1987,11.3,3,0,0,12,9,0,11,12,18,0,0,0,80,24,14,63.2
Gabriel Ávalos,py PAR,FW,Arg Juniors,Primera Division Argentina,32,1990,25,21,"1,773",19.7,12,2,14,8,4,4,4,0,9.3,6.1,3.1,9.3,17,43,178,0.61,0.10,0.71,0.41,0.51,0.47,0.16,0.63,0.31,0.47,py PAR,FW,Arg Juniors,Primera Division Argentina,32,1990,19.7,12,53,17,32.1,2.69,0.86,0.15,0.47,14.5,1,4,4,9.3,6.1,0.12,+2.7,+1.9,py PAR,FW,Arg Juniors,Primera Division Argentina,32,1990,19.7,303,490,61.8,4085,934,173,254,68.1,99,144,68.8,11,23,47.8,2,3.1,2.2,-1.1,33,26,12,0,43,py PAR,FW,Arg Juniors,Primera Division Argentina,32,1990,19.7,490,448,35,0,2,0,9,0,0,0,0,0,303,7,18,py PAR,FW,Arg Juniors,Primera Division Argentina,32,1990,19.7,67,3.40,53,0,2,6,5,1,4,0.20,3,0,0,0,1,0,py PAR,FW,Arg Juniors,Primera Division Argentina,32,1990,19.7,7,4,0,3,4,2,9,22.2,7,9,1,8,3,10,12,0,py PAR,FW,Arg Juniors,Primera Division Argentina,32,1990,19.7,691,15,21,293,381,127,687,28,11,39.3,14,50.0,351,1295,463,17,15,12,67,27,533,178,py PAR,FW,Arg Juniors,Primera Division Argentina,32,1990,25,"1,773",71,73.0,19.7,21,80,10,4,25,0,1.48,27,15,+12,+0.61,+1.02,29.5,18.6,+10.9,+0.55,+0.21,py PAR,FW,Arg Juniors,Primera Division Argentina,32,1990,19.7,4,0,0,23,27,10,9,3,4,0,1,0,48,78,80,49.4
Tomás Avilés,ar ARG,"DF,MF",Racing Club,Primera Division Argentina,18,2004,15,12,"1,001",11.1,0,1,1,0,0,0,3,0,0.4,0.4,0.9,1.3,8,37,7,0.00,0.09,0.09,0.00,0.09,0.04,0.08,0.11,0.04,0.11,ar ARG,"DF,MF",Racing Club,Primera Division Argentina,18,2004,11.1,0,5,0,0.0,0.45,0.00,0.00,0,16.9,0,0,0,0.4,0.4,0.08,-0.4,-0.4,ar ARG,"DF,MF",Racing Club,Primera Division Argentina,18,2004,11.1,465,619,75.1,8849,3540,179,206,86.9,234,277,84.5,45,104,43.3,1,0.9,0.8,+0.1,5,31,3,0,37,ar ARG,"DF,MF",Racing Club,Primera Division Argentina,18,2004,11.1,619,587,31,17,1,5,1,14,0,0,0,0,465,1,14,ar ARG,"DF,MF",Racing Club,Primera Division Argentina,18,2004,11.1,15,1.35,14,0,0,1,0,0,2,0.18,2,0,0,0,0,0,ar ARG,"DF,MF",Racing Club,Primera Division Argentina,18,2004,11.1,30,21,18,10,2,11,28,39.3,17,15,5,10,17,47,26,0,ar ARG,"DF,MF",Racing Club,Primera Division Argentina,18,2004,11.1,743,42,290,414,42,9,743,5,3,60.0,2,40.0,429,2278,1187,8,5,2,11,3,458,7,ar ARG,"DF,MF",Racing Club,Primera Division Argentina,18,2004,15,"1,001",67,41.2,11.1,12,80,1,3,12,6,0,18,15,+3,+0.27,+0.40,14.7,14.5,+0.2,+0.02,+0.33,ar ARG,"DF,MF",Racing Club,Primera Division Argentina,18,2004,11.1,3,0,0,16,2,0,1,17,21,0,0,0,85,18,19,48.6
Tomás Badaloni,ar ARG,FW,Tigre,Primera Division Argentina,22,2000,16,7,675,7.5,2,1,3,2,0,0,1,0,2.3,2.3,0.5,2.8,6,7,60,0.27,0.13,0.40,0.27,0.40,0.31,0.06,0.37,0.31,0.37,ar ARG,FW,Tigre,Primera Division Argentina,22,2000,7.5,2,20,7,35.0,2.67,0.93,0.10,0.29,15.0,0,0,0,2.3,2.3,0.12,-0.3,-0.3,ar ARG,FW,Tigre,Primera Division Argentina,22,2000,7.5,89,138,64.5,1046,116,62,87,71.3,20,33,60.6,1,1,100.0,1,0.5,0.4,+0.5,8,4,2,0,7,ar ARG,FW,Tigre,Primera Division Argentina,22,2000,7.5,138,129,7,0,0,0,2,0,0,0,0,0,89,2,4,ar ARG,FW,Tigre,Primera Division Argentina,22,2000,7.5,16,2.14,14,0,0,0,2,0,3,0.40,2,0,0,0,1,0,ar ARG,FW,Tigre,Primera Division Argentina,22,2000,7.5,2,0,1,0,1,1,6,16.7,5,4,1,3,3,5,4,0,ar ARG,FW,Tigre,Primera Division Argentina,22,2000,7.5,223,6,14,88,123,33,223,5,0,0.0,5,100.0,128,375,102,6,5,5,27,19,173,60,ar ARG,FW,Tigre,Primera Division Argentina,22,2000,16,675,42,27.8,7.5,7,81,4,9,12,11,1.50,9,6,+3,+0.40,+0.66,9.7,7.8,+1.9,+0.25,+0.13,ar ARG,FW,Tigre,Primera Division Argentina,22,2000,7.5,1,0,0,8,7,5,2,3,0,1,0,0,22,15,36,29.4
Cristian Báez,py PAR,DF,Independiente,Primera Division Argentina,32,1990,23,23,"2,025",22.5,0,0,0,0,0,0,3,0,0.4,0.4,0.0,0.5,8,66,12,0.00,0.00,0.00,0.00,0.00,0.02,0.00,0.02,0.02,0.02,py PAR,DF,Independiente,Primera Division Argentina,32,1990,22.5,0,5,0,0.0,0.22,0.00,0.00,0,19.4,0,0,0,0.4,0.4,0.09,-0.4,-0.4,py PAR,DF,Independiente,Primera Division Argentina,32,1990,22.5,617,915,67.4,14624,7322,162,205,79.0,303,376,80.6,147,308,47.7,0,0.0,0.3,0.0,1,57,4,2,66,py PAR,DF,Independiente,Primera Division Argentina,32,1990,22.5,915,790,121,55,1,19,13,66,0,0,0,0,617,4,14,py PAR,DF,Independiente,Primera Division Argentina,32,1990,22.5,6,0.27,5,1,0,0,0,0,0,0.00,0,0,0,0,0,0,py PAR,DF,Independiente,Primera Division Argentina,32,1990,22.5,33,18,22,9,2,16,22,72.7,6,19,11,8,34,67,96,0,py PAR,DF,Independiente,Primera Division Argentina,32,1990,22.5,1127,119,564,506,61,10,1127,9,6,66.7,3,33.3,494,2064,1062,8,7,1,13,6,502,12,py PAR,DF,Independiente,Primera Division Argentina,32,1990,23,"2,025",88,83.3,22.5,23,88,22,0,0,4,1.04,21,28,-7,-0.31,+0.13,24.3,25.5,-1.2,-0.05,-0.19,py PAR,DF,Independiente,Primera Division Argentina,32,1990,22.5,3,0,0,21,13,2,13,34,18,0,0,0,144,43,26,62.3
Franco Baldassarra,ar ARG,"MF,FW",Platense,Primera Division Argentina,24,1998,22,11,"1,035",11.5,2,1,3,2,0,0,3,0,1.7,1.7,0.6,2.3,7,32,50,0.17,0.09,0.26,0.17,0.26,0.14,0.05,0.20,0.14,0.20,ar ARG,"MF,FW",Platense,Primera Division Argentina,24,1998,11.5,2,22,8,36.4,1.91,0.70,0.09,0.25,22.0,0,0,0,1.7,1.7,0.08,+0.3,+0.3,ar ARG,"MF,FW",Platense,Primera Division Argentina,24,1998,11.5,181,288,62.8,3112,957,83,110,75.5,77,115,67.0,16,40,40.0,1,0.6,0.3,+0.4,11,19,3,1,32,ar ARG,"MF,FW",Platense,Primera Division Argentina,24,1998,11.5,288,271,13,6,0,1,9,3,4,2,1,0,181,4,7,ar ARG,"MF,FW",Platense,Primera Division Argentina,24,1998,11.5,25,2.18,16,3,0,2,4,0,3,0.26,1,1,0,1,0,0,ar ARG,"MF,FW",Platense,Primera Division Argentina,24,1998,11.5,21,12,11,8,2,12,33,36.4,21,22,1,21,4,25,8,0,ar ARG,"MF,FW",Platense,Primera Division Argentina,24,1998,11.5,436,13,79,224,138,18,436,19,4,21.1,14,73.7,227,955,360,7,11,2,25,18,241,50,ar ARG,"MF,FW",Platense,Primera Division Argentina,24,1998,22,"1,035",47,42.6,11.5,11,72,2,11,23,5,1.36,14,13,+1,+0.09,+0.35,12.0,13.9,-2.0,-0.17,+0.38,ar ARG,"MF,FW",Platense,Primera Division Argentina,24,1998,11.5,3,0,0,25,28,0,9,4,12,0,0,0,67,9,22,29.0
Guillermo Balzi,ar ARG,"MF,FW",Newell's OB,Primera Division Argentina,21,2001,4,2,189,2.1,0,0,0,0,0,0,0,0,0.0,0.0,0.2,0.2,7,11,6,0.00,0.00,0.00,0.00,0.00,0.00,0.10,0.10,0.00,0.10,ar ARG,"MF,FW",Newell's OB,Primera Division Argentina,21,2001,2.1,0,0,0,0,0.00,0.00,0,0,0,0,0,0,0.0,0.0,0,0.0,0.0,ar ARG,"MF,FW",Newell's OB,Primera Division Argentina,21,2001,2.1,46,66,69.7,769,166,22,27,81.5,20,25,80.0,3,9,33.3,0,0.2,0.1,-0.2,2,7,0,0,11,ar ARG,"MF,FW",Newell's OB,Primera Division Argentina,21,2001,2.1,66,60,5,3,0,1,4,0,1,0,0,0,46,1,1,ar ARG,"MF,FW",Newell's OB,Primera Division Argentina,21,2001,2.1,4,1.90,2,0,0,0,1,1,0,0.00,0,0,0,0,0,0,ar ARG,"MF,FW",Newell's OB,Primera Division Argentina,21,2001,2.1,8,7,1,7,0,4,5,80.0,1,1,0,1,3,11,0,0,ar ARG,"MF,FW",Newell's OB,Primera Division Argentina,21,2001,2.1,92,3,13,56,23,2,92,6,4,66.7,2,33.3,55,430,189,7,0,1,4,4,58,6,ar ARG,"MF,FW",Newell's OB,Primera Division Argentina,21,2001,4,189,47,7.8,2.1,2,74,1,2,21,15,1.25,2,2,0,0.00,0.00,3.2,1.0,+2.2,+1.06,+1.20,ar ARG,"MF,FW",Newell's OB,Primera Division Argentina,21,2001,2.1,0,0,0,4,4,0,4,3,7,0,0,0,13,0,4,0.0
Tiago Banega,ar ARG,MF,Arsenal,Primera Division Argentina,23,1999,15,12,978,10.9,1,2,3,1,0,0,2,0,0.4,0.4,1.2,1.6,7,69,19,0.09,0.18,0.28,0.09,0.28,0.03,0.11,0.14,0.03,0.14,ar ARG,MF,Arsenal,Primera Division Argentina,23,1999,10.9,1,9,1,11.1,0.83,0.09,0.11,1.00,25.1,0,0,0,0.4,0.4,0.04,+0.6,+0.6,ar ARG,MF,Arsenal,Primera Division Argentina,23,1999,10.9,367,497,73.8,6618,2147,157,195,80.5,152,185,82.2,45,79,57.0,2,1.2,1.1,+0.8,14,64,9,1,69,ar ARG,MF,Arsenal,Primera Division Argentina,23,1999,10.9,497,479,16,10,1,6,5,2,0,0,0,0,367,2,11,ar ARG,MF,Arsenal,Primera Division Argentina,23,1999,10.9,24,2.21,20,0,1,2,1,0,2,0.18,2,0,0,0,0,0,ar ARG,MF,Arsenal,Primera Division Argentina,23,1999,10.9,34,24,7,26,1,6,28,21.4,22,20,4,16,11,45,9,0,ar ARG,MF,Arsenal,Primera Division Argentina,23,1999,10.9,623,21,104,421,98,6,623,17,4,23.5,13,76.5,252,947,453,7,8,0,16,10,382,19,ar ARG,MF,Arsenal,Primera Division Argentina,23,1999,15,978,65,40.2,10.9,12,79,5,3,10,7,0.93,12,16,-4,-0.37,+0.38,10.5,15.4,-4.9,-0.45,-0.03,ar ARG,MF,Arsenal,Primera Division Argentina,23,1999,10.9,2,0,0,18,9,0,5,11,24,0,1,0,73,10,20,33.3
David Barbona,ar ARG,"MF,FW",Defensa y Just,Primera Division Argentina,27,1995,21,18,"1,517",16.9,3,5,8,3,0,0,3,0,2.4,2.4,3.7,6.1,50,120,94,0.18,0.30,0.47,0.18,0.47,0.14,0.22,0.35,0.14,0.35,ar ARG,"MF,FW",Defensa y Just,Primera Division Argentina,27,1995,16.9,3,31,17,54.8,1.84,1.01,0.10,0.18,24.2,2,0,0,2.4,2.4,0.07,+0.6,+0.6,ar ARG,"MF,FW",Defensa y Just,Primera Division Argentina,27,1995,16.9,506,668,75.7,8838,2934,249,296,84.1,186,225,82.7,59,108,54.6,5,3.7,2.5,+1.3,37,64,32,9,120,ar ARG,"MF,FW",Defensa y Just,Primera Division Argentina,27,1995,16.9,668,601,62,9,3,7,64,6,47,7,25,0,506,5,11,ar ARG,"MF,FW",Defensa y Just,Primera Division Argentina,27,1995,16.9,81,4.70,64,9,4,4,0,0,12,0.70,9,2,0,1,0,0,ar ARG,"MF,FW",Defensa y Just,Primera Division Argentina,27,1995,16.9,23,16,3,17,3,12,21,57.1,9,20,0,20,7,30,14,0,ar ARG,"MF,FW",Defensa y Just,Primera Division Argentina,27,1995,16.9,855,9,81,406,390,23,855,70,37,52.9,29,41.4,490,3510,1601,50,39,3,40,12,563,94,ar ARG,"MF,FW",Defensa y Just,Primera Division Argentina,27,1995,21,"1,517",72,62.4,16.9,18,80,6,3,23,1,1.76,26,9,+17,+1.01,+1.40,24.5,18.5,+6.0,+0.35,+0.59,ar ARG,"MF,FW",Defensa y Just,Primera Division Argentina,27,1995,16.9,3,0,0,11,14,1,64,7,16,0,0,0,114,10,16,38.5
Baltasar Barcia,uy URU,"DF,MF",Independiente,Primera Division Argentina,21,2001,25,19,"1,617",18.0,1,2,3,1,0,0,7,1,1.7,1.7,2.3,4.0,38,37,60,0.06,0.11,0.17,0.06,0.17,0.10,0.13,0.23,0.10,0.23,uy URU,"DF,MF",Independiente,Primera Division Argentina,21,2001,18.0,1,29,6,20.7,1.61,0.33,0.03,0.17,23.2,0,0,0,1.7,1.7,0.06,-0.7,-0.7,uy URU,"DF,MF",Independiente,Primera Division Argentina,21,2001,18.0,309,501,61.7,5065,2138,171,223,76.7,101,159,63.5,30,78,38.5,2,2.3,2.7,-0.3,10,28,12,7,37,uy URU,"DF,MF",Independiente,Primera Division Argentina,21,2001,18.0,501,418,83,3,1,3,55,80,0,0,0,0,309,0,25,uy URU,"DF,MF",Independiente,Primera Division Argentina,21,2001,18.0,32,1.78,22,1,5,0,3,1,3,0.17,3,0,0,0,0,0,uy URU,"DF,MF",Independiente,Primera Division Argentina,21,2001,18.0,71,50,34,32,5,23,56,41.1,33,24,3,21,19,90,34,0,uy URU,"DF,MF",Independiente,Primera Division Argentina,21,2001,18.0,792,38,196,362,254,33,792,74,46,62.2,24,32.4,366,2540,1266,38,24,11,51,20,363,60,uy URU,"DF,MF",Independiente,Primera Division Argentina,21,2001,25,"1,617",65,66.5,18.0,19,75,5,6,31,0,0.88,16,24,-8,-0.45,-0.33,21.9,20.7,+1.2,+0.07,+0.26,uy URU,"DF,MF",Independiente,Primera Division Argentina,21,2001,18.0,7,1,1,39,25,1,55,19,50,0,1,0,111,32,30,51.6
Ezequiel Barco,ar ARG,"FW,MF",River Plate,Primera Division Argentina,23,1999,25,16,"1,504",16.7,5,3,8,1,4,4,2,0,6.5,3.3,3.5,6.9,101,109,131,0.30,0.18,0.48,0.06,0.24,0.39,0.21,0.60,0.20,0.41,ar ARG,"FW,MF",River Plate,Primera Division Argentina,23,1999,16.7,5,40,8,20.0,2.39,0.48,0.03,0.13,23.3,7,4,4,6.5,3.3,0.08,-1.5,-2.3,ar ARG,"FW,MF",River Plate,Primera Division Argentina,23,1999,16.7,891,1047,85.1,12794,2806,535,590,90.7,255,294,86.7,51,86,59.3,3,3.5,3.5,-0.5,32,74,33,2,109,ar ARG,"FW,MF",River Plate,Primera Division Argentina,23,1999,16.7,1047,971,73,22,8,3,48,15,35,19,8,0,891,3,11,ar ARG,"FW,MF",River Plate,Primera Division Argentina,23,1999,16.7,87,5.20,65,8,7,3,4,0,9,0.54,8,0,0,0,1,0,ar ARG,"FW,MF",River Plate,Primera Division Argentina,23,1999,16.7,8,6,2,3,3,5,23,21.7,18,18,2,16,4,12,3,0,ar ARG,"FW,MF",River Plate,Primera Division Argentina,23,1999,16.7,1215,4,70,612,552,54,1211,74,41,55.4,20,27.0,828,5367,2974,101,79,26,31,18,941,131,ar ARG,"FW,MF",River Plate,Primera Division Argentina,23,1999,25,"1,504",60,61.9,16.7,16,83,9,9,20,1,2.40,35,7,+28,+1.68,+1.48,31.2,12.9,+18.3,+1.09,+0.43,ar ARG,"FW,MF",River Plate,Primera Division Argentina,23,1999,16.7,2,0,0,9,43,1,48,4,6,0,0,0,111,2,8,20.0
Valentín Barco,ar ARG,"DF,FW",Boca Juniors,Primera Division Argentina,18,2004,11,11,825,9.2,1,1,2,1,0,0,3,0,0.4,0.4,0.9,1.2,29,49,60,0.11,0.11,0.22,0.11,0.22,0.04,0.09,0.13,0.04,0.13,ar ARG,"DF,FW",Boca Juniors,Primera Division Argentina,18,2004,9.2,1,7,2,28.6,0.76,0.22,0.14,0.50,22.5,0,0,0,0.4,0.4,0.05,+0.6,+0.6,ar ARG,"DF,FW",Boca Juniors,Primera Division Argentina,18,2004,9.2,348,463,75.2,5211,1738,216,249,86.7,98,138,71.0,24,48,50.0,1,0.9,0.7,+0.1,6,37,11,2,49,ar ARG,"DF,FW",Boca Juniors,Primera Division Argentina,18,2004,9.2,463,393,68,11,2,4,48,51,6,0,6,0,348,2,14,ar ARG,"DF,FW",Boca Juniors,Primera Division Argentina,18,2004,9.2,16,1.75,9,1,3,0,3,0,2,0.22,1,0,1,0,0,0,ar ARG,"DF,FW",Boca Juniors,Primera Division Argentina,18,2004,9.2,19,15,9,8,2,7,17,41.2,10,7,1,6,8,27,9,1,ar ARG,"DF,FW",Boca Juniors,Primera Division Argentina,18,2004,9.2,594,7,130,288,188,14,594,58,25,43.1,24,41.4,380,2225,1092,29,24,8,19,26,411,60,ar ARG,"DF,FW",Boca Juniors,Primera Division Argentina,18,2004,11,825,75,34.0,9.2,11,75,3,0,0,1,1.64,9,6,+3,+0.33,-0.01,7.2,8.1,-0.9,-0.10,-0.23,ar ARG,"DF,FW",Boca Juniors,Primera Division Argentina,18,2004,9.2,3,0,0,10,27,1,48,8,15,0,0,0,50,1,11,8.3
Adam Bareiro,py PAR,FW,San Lorenzo,Primera Division Argentina,26,1996,23,21,"1,755",19.5,5,1,6,3,2,2,8,0,7.9,6.4,0.9,7.2,19,20,94,0.26,0.05,0.31,0.15,0.21,0.41,0.05,0.45,0.33,0.37,py PAR,FW,San Lorenzo,Primera Division Argentina,26,1996,19.5,5,43,10,23.3,2.21,0.51,0.07,0.30,16.0,7,2,2,7.9,6.4,0.15,-2.9,-3.4,py PAR,FW,San Lorenzo,Primera Division Argentina,26,1996,19.5,302,451,67.0,4089,575,189,265,71.3,91,121,75.2,10,15,66.7,1,0.9,0.8,+0.1,13,23,10,1,20,py PAR,FW,San Lorenzo,Primera Division Argentina,26,1996,19.5,451,410,41,2,0,3,6,6,1,0,0,0,302,0,16,py PAR,FW,San Lorenzo,Primera Division Argentina,26,1996,19.5,41,2.10,22,1,4,6,8,0,1,0.05,0,0,0,1,0,0,py PAR,FW,San Lorenzo,Primera Division Argentina,26,1996,19.5,24,14,2,16,6,9,29,31.0,20,13,0,13,2,26,20,0,py PAR,FW,San Lorenzo,Primera Division Argentina,26,1996,19.5,689,22,40,322,334,86,687,57,26,45.6,27,47.4,356,1485,489,19,11,9,53,31,506,94,py PAR,FW,San Lorenzo,Primera Division Argentina,26,1996,23,"1,755",76,72.2,19.5,21,80,10,2,40,0,1.57,17,11,+6,+0.31,-0.23,20.1,14.1,+6.0,+0.31,+0.22,py PAR,FW,San Lorenzo,Primera Division Argentina,26,1996,19.5,8,0,0,59,31,10,6,2,14,0,0,0,51,98,104,48.5
Juan Barinaga,ar ARG,DF,Belgrano,Primera Division Argentina,22,2000,19,17,"1,237",13.7,0,0,0,0,0,0,1,0,0.2,0.2,1.3,1.4,31,43,46,0.00,0.00,0.00,0.00,0.00,0.01,0.09,0.10,0.01,0.10,ar ARG,DF,Belgrano,Primera Division Argentina,22,2000,13.7,0,5,2,40.0,0.36,0.15,0.00,0.00,21.9,0,0,0,0.2,0.2,0.03,-0.2,-0.2,ar ARG,DF,Belgrano,Primera Division Argentina,22,2000,13.7,405,599,67.6,8014,3938,160,192,83.3,174,256,68.0,65,121,53.7,0,1.3,1.0,-1.3,13,42,14,11,43,ar ARG,DF,Belgrano,Primera Division Argentina,22,2000,13.7,599,431,167,3,0,4,52,163,1,0,0,0,405,1,21,ar ARG,DF,Belgrano,Primera Division Argentina,22,2000,13.7,21,1.53,14,3,3,0,1,0,0,0.00,0,0,0,0,0,0,ar ARG,DF,Belgrano,Primera Division Argentina,22,2000,13.7,42,28,28,12,2,28,44,63.6,16,16,2,14,19,61,30,0,ar ARG,DF,Belgrano,Primera Division Argentina,22,2000,13.7,775,37,244,352,193,8,775,64,30,46.9,28,43.8,299,1879,1131,31,24,3,13,10,333,46,ar ARG,DF,Belgrano,Primera Division Argentina,22,2000,19,"1,237",65,50.9,13.7,17,73,1,2,1,2,1.37,15,13,+2,+0.15,+0.75,12.6,15.3,-2.8,-0.20,+0.13,ar ARG,DF,Belgrano,Primera Division Argentina,22,2000,13.7,1,0,0,12,12,0,52,19,28,0,0,0,94,7,18,28.0
Daniel Barrea,ar ARG,FW,Belgrano,Primera Division Argentina,21,2001,8,1,192,2.1,0,0,0,0,0,0,0,0,0.4,0.4,0.2,0.6,9,1,18,0.00,0.00,0.00,0.00,0.00,0.19,0.08,0.27,0.19,0.27,ar ARG,FW,Belgrano,Primera Division Argentina,21,2001,2.1,0,3,3,100.0,1.41,1.41,0.00,0.00,10.9,0,0,0,0.4,0.4,0.14,-0.4,-0.4,ar ARG,FW,Belgrano,Primera Division Argentina,21,2001,2.1,32,53,60.4,472,31,20,27,74.1,7,13,53.8,3,5,60.0,0,0.2,0.1,-0.2,3,1,0,0,1,ar ARG,FW,Belgrano,Primera Division Argentina,21,2001,2.1,53,52,1,0,0,0,10,0,0,0,0,0,32,0,4,ar ARG,FW,Belgrano,Primera Division Argentina,21,2001,2.1,4,1.87,2,0,0,1,1,0,0,0.00,0,0,0,0,0,0,ar ARG,FW,Belgrano,Primera Division Argentina,21,2001,2.1,0,0,0,0,0,0,5,0.0,5,2,0,2,1,1,1,0,ar ARG,FW,Belgrano,Primera Division Argentina,21,2001,2.1,73,0,3,31,42,9,73,9,7,77.8,2,22.2,51,373,168,9,1,2,9,4,59,18,ar ARG,FW,Belgrano,Primera Division Argentina,21,2001,8,192,24,7.9,2.1,1,69,0,7,18,15,1.00,0,3,-3,-1.41,-1.29,1.4,2.9,-1.5,-0.68,-0.45,ar ARG,FW,Belgrano,Primera Division Argentina,21,2001,2.1,0,0,0,4,2,0,10,1,0,0,0,0,7,4,2,66.7
Diego Barrera,ar ARG,FW,Talleres,Primera Division Argentina,18,2004,7,0,129,1.4,0,0,0,0,0,0,1,0,0.0,0.0,0.0,0.0,3,3,16,0.00,0.00,0.00,0.00,0.00,0.02,0.00,0.02,0.02,0.02,ar ARG,FW,Talleres,Primera Division Argentina,18,2004,1.4,0,1,0,0.0,0.70,0.00,0.00,0,13.4,0,0,0,0.0,0.0,0.03,0.0,0.0,ar ARG,FW,Talleres,Primera Division Argentina,18,2004,1.4,16,28,57.1,211,80,9,11,81.8,6,8,75.0,0,4,0.0,0,0.0,0.2,0.0,0,0,2,1,3,ar ARG,FW,Talleres,Primera Division Argentina,18,2004,1.4,28,27,1,0,0,0,6,1,0,0,0,0,16,0,3,ar ARG,FW,Talleres,Primera Division Argentina,18,2004,1.4,3,2.09,1,0,1,0,1,0,0,0.00,0,0,0,0,0,0,ar ARG,FW,Talleres,Primera Division Argentina,18,2004,1.4,6,4,2,3,1,3,5,60.0,2,5,0,5,1,7,1,0,ar ARG,FW,Talleres,Primera Division Argentina,18,2004,1.4,56,0,6,20,30,2,56,5,2,40.0,2,40.0,28,113,50,3,0,0,5,8,29,16,ar ARG,FW,Talleres,Primera Division Argentina,18,2004,7,129,18,5.3,1.4,0,0,0,7,18,13,1.14,1,1,0,0.00,-0.74,1.5,0.6,+1.0,+0.67,+0.10,ar ARG,FW,Talleres,Primera Division Argentina,18,2004,1.4,1,0,0,3,2,0,6,1,4,1,0,0,6,1,3,25.0
Sergio Barreto,ar ARG,DF,Independiente,Primera Division Argentina,23,1999,14,14,"1,164",12.9,0,0,0,0,0,0,4,1,0.7,0.7,0.6,1.4,0,24,3,0.00,0.00,0.00,0.00,0.00,0.06,0.05,0.11,0.06,0.11,ar ARG,DF,Independiente,Primera Division Argentina,23,1999,12.9,0,13,2,15.4,1.01,0.15,0.00,0.00,13.7,0,0,0,0.7,0.7,0.06,-0.7,-0.7,ar ARG,DF,Independiente,Primera Division Argentina,23,1999,12.9,335,465,72.0,6457,3121,105,122,86.1,183,220,83.2,38,105,36.2,0,0.6,0.1,-0.6,5,16,0,0,24,ar ARG,DF,Independiente,Primera Division Argentina,23,1999,12.9,465,445,18,17,0,3,1,1,0,0,0,0,335,2,4,ar ARG,DF,Independiente,Primera Division Argentina,23,1999,12.9,13,1.01,7,1,0,4,1,0,0,0.00,0,0,0,0,0,0,ar ARG,DF,Independiente,Primera Division Argentina,23,1999,12.9,22,17,13,9,0,14,22,63.6,8,22,9,13,22,44,53,3,ar ARG,DF,Independiente,Primera Division Argentina,23,1999,12.9,606,75,315,275,22,14,606,0,0,0,0,0,279,1537,949,0,2,0,3,1,282,3,ar ARG,DF,Independiente,Primera Division Argentina,23,1999,14,"1,164",83,47.9,12.9,14,83,12,0,0,0,1.07,12,16,-4,-0.31,+0.05,15.2,17.6,-2.4,-0.19,-0.32,ar ARG,DF,Independiente,Primera Division Argentina,23,1999,12.9,4,1,0,19,12,0,1,22,17,0,1,0,75,35,24,59.3
Nicolás Barrientos,ar ARG,"MF,FW",Instituto,Primera Division Argentina,27,1995,8,0,108,1.2,0,1,1,0,0,0,0,0,0.6,0.6,0.4,1.0,6,14,7,0.00,0.83,0.83,0.00,0.83,0.46,0.34,0.79,0.46,0.79,ar ARG,"MF,FW",Instituto,Primera Division Argentina,27,1995,1.2,0,1,1,100.0,0.83,0.83,0.00,0.00,15.1,0,0,0,0.6,0.6,0.55,-0.6,-0.6,ar ARG,"MF,FW",Instituto,Primera Division Argentina,27,1995,1.2,57,78,73.1,998,346,26,29,89.7,22,27,81.5,9,16,56.3,1,0.4,0.8,+0.6,4,9,1,0,14,ar ARG,"MF,FW",Instituto,Primera Division Argentina,27,1995,1.2,78,66,12,4,1,0,11,2,6,1,5,0,57,0,2,ar ARG,"MF,FW",Instituto,Primera Division Argentina,27,1995,1.2,12,9.91,5,4,2,1,0,0,1,0.83,0,1,0,0,0,0,ar ARG,"MF,FW",Instituto,Primera Division Argentina,27,1995,1.2,2,2,0,2,0,1,1,100.0,0,0,0,0,0,2,0,0,ar ARG,"MF,FW",Instituto,Primera Division Argentina,27,1995,1.2,87,0,2,43,44,1,87,6,4,66.7,2,33.3,54,406,145,6,3,1,3,3,56,7,ar ARG,"MF,FW",Instituto,Primera Division Argentina,27,1995,8,108,14,4.4,1.2,0,0,0,8,14,14,1.13,3,2,+1,+0.83,+1.30,4.0,1.2,+2.8,+2.28,+2.24,ar ARG,"MF,FW",Instituto,Primera Division Argentina,27,1995,1.2,0,0,0,0,2,0,11,0,2,0,0,0,12,2,6,25.0
Nahuel Barrios,ar ARG,"MF,FW",San Lorenzo,Primera Division Argentina,24,1998,25,20,"1,692",18.8,2,1,3,2,0,0,5,2,1.8,1.8,2.1,3.9,131,130,127,0.11,0.05,0.16,0.11,0.16,0.10,0.11,0.21,0.10,0.21,ar ARG,"MF,FW",San Lorenzo,Primera Division Argentina,24,1998,18.8,2,26,8,30.8,1.38,0.43,0.08,0.25,21.7,3,0,0,1.8,1.8,0.07,+0.2,+0.2,ar ARG,"MF,FW",San Lorenzo,Primera Division Argentina,24,1998,18.8,759,953,79.6,12485,3625,386,446,86.5,257,305,84.3,79,119,66.4,1,2.1,3.3,-1.1,42,86,33,6,130,ar ARG,"MF,FW",San Lorenzo,Primera Division Argentina,24,1998,18.8,953,842,107,43,1,2,93,20,44,15,17,1,759,4,30,ar ARG,"MF,FW",San Lorenzo,Primera Division Argentina,24,1998,18.8,92,4.89,53,23,6,2,7,1,2,0.11,2,0,0,0,0,0,ar ARG,"MF,FW",San Lorenzo,Primera Division Argentina,24,1998,18.8,23,15,8,15,0,12,35,34.3,23,16,3,13,8,31,2,0,ar ARG,"MF,FW",San Lorenzo,Primera Division Argentina,24,1998,18.8,1207,4,96,608,539,43,1207,171,90,52.6,63,36.8,824,6659,3380,131,96,23,55,47,903,127,ar ARG,"MF,FW",San Lorenzo,Primera Division Argentina,24,1998,25,"1,692",68,69.6,18.8,20,74,6,5,43,0,1.60,11,9,+2,+0.11,-0.87,18.2,12.3,+5.9,+0.32,+0.23,ar ARG,"MF,FW",San Lorenzo,Primera Division Argentina,24,1998,18.8,5,2,1,12,55,5,93,8,15,0,0,0,104,1,16,5.9
Pier Barrios,ar ARG,DF,Godoy Cruz,Primera Division Argentina,32,1990,24,24,"2,081",23.1,0,1,1,0,0,0,8,0,0.4,0.4,0.4,0.8,17,65,21,0.00,0.04,0.04,0.00,0.04,0.02,0.02,0.03,0.02,0.03,ar ARG,DF,Godoy Cruz,Primera Division Argentina,32,1990,23.1,0,12,4,33.3,0.52,0.17,0.00,0.00,17.2,0,0,0,0.4,0.4,0.03,-0.4,-0.4,ar ARG,DF,Godoy Cruz,Primera Division Argentina,32,1990,23.1,706,969,72.9,15228,6569,186,222,83.8,387,468,82.7,126,243,51.9,1,0.4,0.6,+0.6,6,57,6,4,65,ar ARG,DF,Godoy Cruz,Primera Division Argentina,32,1990,23.1,969,885,78,40,0,3,14,38,0,0,0,0,706,6,13,ar ARG,DF,Godoy Cruz,Primera Division Argentina,32,1990,23.1,23,0.99,17,1,2,2,1,0,4,0.17,3,0,0,1,0,0,ar ARG,DF,Godoy Cruz,Primera Division Argentina,32,1990,23.1,33,18,26,6,1,21,37,56.8,16,28,10,18,17,50,78,0,ar ARG,DF,Godoy Cruz,Primera Division Argentina,32,1990,23.1,1189,115,614,494,88,24,1189,16,8,50.0,5,31.3,548,2776,1534,17,4,3,14,5,640,21,ar ARG,DF,Godoy Cruz,Primera Division Argentina,32,1990,24,"2,081",87,85.6,23.1,24,87,20,0,0,2,1.54,30,25,+5,+0.22,+0.22,26.5,29.4,-2.9,-0.13,+0.05,ar ARG,DF,Godoy Cruz,Primera Division Argentina,32,1990,23.1,8,0,0,20,26,3,14,17,18,0,0,0,128,43,34,55.8
Bautista Barros Schelotto,ar ARG,DF,Gimnasia–LP,Primera Division Argentina,23,2000,14,13,"1,143",12.7,1,1,2,1,0,0,2,0,1.1,1.1,1.2,2.2,12,40,33,0.08,0.08,0.16,0.08,0.16,0.08,0.09,0.18,0.08,0.18,ar ARG,DF,Gimnasia–LP,Primera Division Argentina,23,2000,12.7,1,6,5,83.3,0.47,0.39,0.17,0.20,19.8,0,0,0,1.1,1.1,0.18,-0.1,-0.1,ar ARG,DF,Gimnasia–LP,Primera Division Argentina,23,2000,12.7,334,537,62.2,6086,3751,146,164,89.0,140,237,59.1,41,114,36.0,1,1.2,1.2,-0.2,7,26,15,9,40,ar ARG,DF,Gimnasia–LP,Primera Division Argentina,23,2000,12.7,537,381,156,5,0,0,47,151,0,0,0,0,334,0,9,ar ARG,DF,Gimnasia–LP,Primera Division Argentina,23,2000,12.7,17,1.34,12,2,1,1,0,1,2,0.16,1,0,0,0,0,1,ar ARG,DF,Gimnasia–LP,Primera Division Argentina,23,2000,12.7,29,20,20,8,1,18,30,60.0,12,4,0,4,9,38,37,0,ar ARG,DF,Gimnasia–LP,Primera Division Argentina,23,2000,12.7,656,44,230,252,176,8,656,16,6,37.5,10,62.5,253,1102,603,12,12,0,10,1,267,33,ar ARG,DF,Gimnasia–LP,Primera Division Argentina,23,2000,14,"1,143",82,47.0,12.7,13,88,11,1,1,10,1.14,14,18,-4,-0.31,+0.38,14.5,15.9,-1.4,-0.11,+0.10,ar ARG,DF,Gimnasia–LP,Primera Division Argentina,23,2000,12.7,2,0,0,11,5,0,47,9,20,0,1,0,69,14,21,40.0
Augusto Batalla,ar ARG,GK,San Lorenzo,Primera Division Argentina,26,1996,22,22,"1,980",22.0,0,0,0,0,0,0,5,0,0.0,0.0,0.1,0.1,0,2,0,0.00,0.00,0.00,0.00,0.00,0.00,0.00,0.00,0.00,0.00,ar ARG,GK,San Lorenzo,Primera Division Argentina,26,1996,22.0,0,0,0,0,0.00,0.00,0,0,0,0,0,0,0.0,0.0,0,0.0,0.0,ar ARG,GK,San Lorenzo,Primera Division Argentina,26,1996,22.0,337,611,55.2,14734,13181,23,24,95.8,89,90,98.9,224,492,45.5,0,0.1,0.1,-0.1,2,23,0,0,2,ar ARG,GK,San Lorenzo,Primera Division Argentina,26,1996,22.0,611,325,283,89,0,2,0,0,0,0,0,0,337,3,1,ar ARG,GK,San Lorenzo,Primera Division Argentina,26,1996,22.0,5,0.23,3,2,0,0,0,0,0,0.00,0,0,0,0,0,0,ar ARG,GK,San Lorenzo,Primera Division Argentina,26,1996,22.0,1,1,1,0,0,0,0,0,0,0,0,0,0,1,4,0,ar ARG,GK,San Lorenzo,Primera Division Argentina,26,1996,22.0,643,506,631,13,0,0,643,2,2,100.0,0,0.0,279,1957,1162,0,0,0,0,0,157,0,ar ARG,GK,San Lorenzo,Primera Division Argentina,26,1996,22,"1,980",90,81.5,22.0,22,90,22,0,0,2,1.68,19,9,+10,+0.45,+0.45,24.3,16.2,+8.1,+0.37,+0.66,ar ARG,GK,San Lorenzo,Primera Division Argentina,26,1996,22.0,5,0,0,1,4,0,0,0,1,0,1,0,20,7,1,87.5
Jonathan Bay,ar ARG,DF,Instituto,Primera Division Argentina,29,1993,8,4,425,4.7,0,0,0,0,0,0,2,0,0.3,0.3,0.1,0.4,1,13,18,0.00,0.00,0.00,0.00,0.00,0.05,0.02,0.08,0.05,0.08,ar ARG,DF,Instituto,Primera Division Argentina,29,1993,4.7,0,5,1,20.0,1.06,0.21,0.00,0.00,22.1,1,0,0,0.3,0.3,0.05,-0.3,-0.3,ar ARG,DF,Instituto,Primera Division Argentina,29,1993,4.7,135,203,66.5,2278,1054,64,77,83.1,52,78,66.7,12,32,37.5,0,0.1,0.3,-0.1,4,9,6,3,13,ar ARG,DF,Instituto,Primera Division Argentina,29,1993,4.7,203,159,44,2,0,1,15,40,2,0,2,0,135,0,6,ar ARG,DF,Instituto,Primera Division Argentina,29,1993,4.7,7,1.48,3,3,0,1,0,0,0,0.00,0,0,0,0,0,0,ar ARG,DF,Instituto,Primera Division Argentina,29,1993,4.7,12,5,7,4,1,8,12,66.7,4,5,1,4,7,19,9,1,ar ARG,DF,Instituto,Primera Division Argentina,29,1993,4.7,272,13,77,120,78,8,272,7,0,0.0,6,85.7,113,479,235,1,4,0,10,4,125,18,ar ARG,DF,Instituto,Primera Division Argentina,29,1993,8,425,53,17.5,4.7,4,86,1,4,20,17,1.00,2,7,-5,-1.06,-0.79,5.4,3.9,+1.5,+0.32,+0.21,ar ARG,DF,Instituto,Primera Division Argentina,29,1993,4.7,2,0,0,1,8,0,15,7,5,0,0,0,33,12,5,70.6
Matías Bazzo,ar ARG,DF,Gimnasia–LP,Primera Division Argentina,21,2001,5,3,308,3.4,0,0,0,0,0,0,2,0,0.4,0.4,0.1,0.5,1,12,1,0.00,0.00,0.00,0.00,0.00,0.11,0.02,0.14,0.11,0.14,ar ARG,DF,Gimnasia–LP,Primera Division Argentina,21,2001,3.4,0,3,1,33.3,0.88,0.29,0.00,0.00,12.9,0,0,0,0.4,0.4,0.13,-0.4,-0.4,ar ARG,DF,Gimnasia–LP,Primera Division Argentina,21,2001,3.4,104,157,66.2,1770,907,55,67,82.1,39,55,70.9,8,29,27.6,0,0.1,0.1,-0.1,2,11,1,1,12,ar ARG,DF,Gimnasia–LP,Primera Division Argentina,21,2001,3.4,157,130,27,1,0,0,2,26,0,0,0,0,104,0,2,ar ARG,DF,Gimnasia–LP,Primera Division Argentina,21,2001,3.4,6,1.75,3,2,0,1,0,0,0,0.00,0,0,0,0,0,0,ar ARG,DF,Gimnasia–LP,Primera Division Argentina,21,2001,3.4,5,4,3,2,0,5,5,100.0,0,2,1,1,4,9,11,0,ar ARG,DF,Gimnasia–LP,Primera Division Argentina,21,2001,3.4,192,13,57,108,28,4,192,2,1,50.0,1,50.0,73,401,212,1,1,0,2,0,90,1,ar ARG,DF,Gimnasia–LP,Primera Division Argentina,21,2001,5,308,62,12.7,3.4,3,90,3,2,19,5,0.40,2,10,-8,-2.34,-2.08,3.8,5.8,-2.0,-0.58,-0.48,ar ARG,DF,Gimnasia–LP,Primera Division Argentina,21,2001,3.4,2,0,0,5,3,0,2,4,4,0,0,0,23,9,2,81.8
Tomás Belmonte,ar ARG,MF,Lanús,Primera Division Argentina,24,1998,21,21,"1,888",21.0,2,0,2,2,0,0,8,1,1.6,1.6,0.4,2.0,4,49,18,0.10,0.00,0.10,0.10,0.10,0.08,0.02,0.09,0.08,0.09,ar ARG,MF,Lanús,Primera Division Argentina,24,1998,21.0,2,16,7,43.8,0.76,0.33,0.13,0.29,11.5,0,0,0,1.6,1.6,0.10,+0.4,+0.4,ar ARG,MF,Lanús,Primera Division Argentina,24,1998,21.0,723,865,83.6,13406,3884,285,323,88.2,349,390,89.5,79,116,68.1,0,0.4,0.6,-0.4,8,36,2,1,49,ar ARG,MF,Lanús,Primera Division Argentina,24,1998,21.0,865,814,47,43,1,2,5,4,0,0,0,0,723,4,15,ar ARG,MF,Lanús,Primera Division Argentina,24,1998,21.0,26,1.24,16,0,0,3,3,4,4,0.19,1,0,0,1,1,1,ar ARG,MF,Lanús,Primera Division Argentina,24,1998,21.0,46,24,18,25,3,21,50,42.0,29,33,10,23,39,85,66,0,ar ARG,MF,Lanús,Primera Division Argentina,24,1998,21.0,1118,94,370,669,90,26,1118,14,8,57.1,3,21.4,481,1898,741,4,7,0,20,8,549,18,ar ARG,MF,Lanús,Primera Division Argentina,24,1998,21,"1,888",90,77.7,21.0,21,90,19,0,0,0,1.76,31,21,+10,+0.48,+0.31,29.0,22.3,+6.7,+0.32,-0.04,ar ARG,MF,Lanús,Primera Division Argentina,24,1998,21.0,8,1,1,31,33,0,5,39,24,2,0,0,171,45,26,63.4
Lucas Beltrán,ar ARG,FW,River Plate,Primera Division Argentina,21,2001,25,16,"1,371",15.2,12,3,15,9,3,3,1,0,7.9,5.5,4.6,10.2,28,34,152,0.79,0.20,0.98,0.59,0.79,0.52,0.30,0.82,0.36,0.67,ar ARG,FW,River Plate,Primera Division Argentina,21,2001,15.2,12,44,20,45.5,2.89,1.31,0.20,0.45,15.3,0,3,3,7.9,5.5,0.13,+4.1,+3.5,ar ARG,FW,River Plate,Primera Division Argentina,21,2001,15.2,337,475,70.9,3892,775,227,285,79.6,72,98,73.5,9,16,56.3,3,4.6,3.8,-1.6,36,13,13,2,34,ar ARG,FW,River Plate,Primera Division Argentina,21,2001,15.2,475,453,19,1,2,3,12,4,0,0,0,0,337,3,26,ar ARG,FW,River Plate,Primera Division Argentina,21,2001,15.2,75,4.93,49,0,10,6,6,4,4,0.26,3,0,0,0,0,1,ar ARG,FW,River Plate,Primera Division Argentina,21,2001,15.2,17,13,1,10,6,4,16,25.0,12,21,2,19,4,21,5,0,ar ARG,FW,River Plate,Primera Division Argentina,21,2001,15.2,717,7,32,272,422,106,714,58,27,46.6,28,48.3,434,1716,697,28,18,10,58,28,529,152,ar ARG,FW,River Plate,Primera Division Argentina,21,2001,25,"1,371",55,56.4,15.2,16,77,4,9,16,2,2.28,31,5,+26,+1.71,+1.37,30.1,9.4,+20.7,+1.36,+0.99,ar ARG,FW,River Plate,Primera Division Argentina,21,2001,15.2,1,0,0,13,23,6,12,4,13,0,0,0,68,20,47,29.9
Gastón Benavídez,ar ARG,DF,Talleres,Primera Division Argentina,27,1995,26,26,"2,340",26.0,1,3,4,1,0,0,4,0,1.4,1.3,2.3,3.6,43,135,97,0.04,0.12,0.15,0.04,0.15,0.06,0.09,0.14,0.05,0.14,ar ARG,DF,Talleres,Primera Division Argentina,27,1995,26.0,1,16,6,37.5,0.62,0.23,0.06,0.17,16.2,0,0,0,1.4,1.3,0.08,-0.4,-0.3,ar ARG,DF,Talleres,Primera Division Argentina,27,1995,26.0,1019,1294,78.7,17996,7375,466,543,85.8,425,531,80.0,110,175,62.9,3,2.3,1.5,+0.7,20,93,26,7,135,ar ARG,DF,Talleres,Primera Division Argentina,27,1995,26.0,1294,981,311,22,1,8,37,289,0,0,0,0,1019,2,16,ar ARG,DF,Talleres,Primera Division Argentina,27,1995,26.0,52,2.00,39,7,2,3,1,0,3,0.12,2,0,0,1,0,0,ar ARG,DF,Talleres,Primera Division Argentina,27,1995,26.0,63,45,39,19,5,36,69,52.2,33,34,7,27,26,89,67,0,ar ARG,DF,Talleres,Primera Division Argentina,27,1995,26.0,1555,72,494,774,302,26,1555,34,11,32.4,19,55.9,632,3370,1955,43,24,2,13,12,760,97,ar ARG,DF,Talleres,Primera Division Argentina,27,1995,26,"2,340",90,96.3,26.0,26,90,26,0,0,0,1.88,41,22,+19,+0.73,+0.73,42.8,25.4,+17.5,+0.67,+2.41,ar ARG,DF,Talleres,Primera Division Argentina,27,1995,26.0,4,0,0,23,29,1,37,26,45,0,1,0,149,21,21,50.0
Gastón Benedetti,ar ARG,"DF,FW",Estudiantes–LP,Primera Division Argentina,21,2001,16,16,"1,403",15.6,2,1,3,2,0,0,6,0,1.1,1.1,1.0,2.0,30,53,96,0.13,0.06,0.19,0.13,0.19,0.07,0.06,0.13,0.07,0.13,ar ARG,"DF,FW",Estudiantes–LP,Primera Division Argentina,21,2001,15.6,2,14,8,57.1,0.90,0.51,0.14,0.25,21.3,0,0,0,1.1,1.1,0.08,+0.9,+0.9,ar ARG,"DF,FW",Estudiantes–LP,Primera Division Argentina,21,2001,15.6,567,791,71.7,10216,3203,236,278,84.9,267,344,77.6,58,135,43.0,1,1.0,1.0,0.0,16,30,18,12,53,ar ARG,"DF,FW",Estudiantes–LP,Primera Division Argentina,21,2001,15.6,791,636,154,9,2,8,52,145,0,0,0,0,567,1,22,ar ARG,"DF,FW",Estudiantes–LP,Primera Division Argentina,21,2001,15.6,27,1.73,23,0,2,2,0,0,4,0.26,3,0,0,1,0,0,ar ARG,"DF,FW",Estudiantes–LP,Primera Division Argentina,21,2001,15.6,40,27,21,16,3,20,41,48.8,21,18,3,15,22,62,33,0,ar ARG,"DF,FW",Estudiantes–LP,Primera Division Argentina,21,2001,15.6,977,34,259,461,265,15,977,34,24,70.6,9,26.5,464,2437,1116,30,15,2,26,16,521,96,ar ARG,"DF,FW",Estudiantes–LP,Primera Division Argentina,21,2001,16,"1,403",88,57.7,15.6,16,88,13,0,0,4,2.06,25,9,+16,+1.03,+1.46,19.9,12.1,+7.8,+0.50,+0.33,ar ARG,"DF,FW",Estudiantes–LP,Primera Division Argentina,21,2001,15.6,6,0,0,23,5,3,52,22,27,0,0,0,92,16,17,48.5
Darío Benedetto,ar ARG,FW,Boca Juniors,Primera Division Argentina,32,1990,15,12,892,9.9,3,1,4,3,0,0,2,0,3.7,3.7,0.9,4.5,4,16,47,0.30,0.10,0.40,0.30,0.40,0.37,0.09,0.46,0.37,0.46,ar ARG,FW,Boca Juniors,Primera Division Argentina,32,1990,9.9,3,21,5,23.8,2.12,0.50,0.14,0.60,11.7,0,0,0,3.7,3.7,0.17,-0.7,-0.7,ar ARG,FW,Boca Juniors,Primera Division Argentina,32,1990,9.9,116,176,65.9,1902,322,61,80,76.3,35,56,62.5,15,27,55.6,1,0.9,0.5,+0.1,7,11,6,1,16,ar ARG,FW,Boca Juniors,Primera Division Argentina,32,1990,9.9,176,154,21,0,1,3,11,0,0,0,0,0,116,1,5,ar ARG,FW,Boca Juniors,Primera Division Argentina,32,1990,9.9,15,1.51,13,0,1,0,1,0,1,0.10,1,0,0,0,0,0,ar ARG,FW,Boca Juniors,Primera Division Argentina,32,1990,9.9,3,0,0,2,1,1,7,14.3,6,6,1,5,1,4,4,0,ar ARG,FW,Boca Juniors,Primera Division Argentina,32,1990,9.9,274,6,13,143,121,33,274,18,7,38.9,11,61.1,156,625,135,4,5,2,35,10,205,47,ar ARG,FW,Boca Juniors,Primera Division Argentina,32,1990,15,892,59,36.7,9.9,12,70,3,3,16,2,1.53,11,12,-1,-0.10,-0.69,11.7,12.3,-0.6,-0.06,-0.18,ar ARG,FW,Boca Juniors,Primera Division Argentina,32,1990,9.9,2,0,0,14,11,4,11,1,0,0,1,0,20,10,22,31.3
Ángel Benítez,py PAR,MF,Defensa y Just,Primera Division Argentina,27,1996,5,0,78,0.9,0,0,0,0,0,0,2,0,0.1,0.1,0.1,0.2,3,1,2,0.00,0.00,0.00,0.00,0.00,0.10,0.11,0.21,0.10,0.21,py PAR,MF,Defensa y Just,Primera Division Argentina,27,1996,0.9,0,1,1,100.0,1.15,1.15,0.00,0.00,11.3,0,0,0,0.1,0.1,0.08,-0.1,-0.1,py PAR,MF,Defensa y Just,Primera Division Argentina,27,1996,0.9,12,22,54.5,184,27,6,11,54.5,5,9,55.6,1,1,100.0,0,0.1,0.0,-0.1,1,1,0,0,1,py PAR,MF,Defensa y Just,Primera Division Argentina,27,1996,0.9,22,22,0,0,0,0,0,0,0,0,0,0,12,0,0,py PAR,MF,Defensa y Just,Primera Division Argentina,27,1996,0.9,0,0.00,0,0,0,0,0,0,0,0.00,0,0,0,0,0,0,py PAR,MF,Defensa y Just,Primera Division Argentina,27,1996,0.9,3,2,2,1,0,3,7,42.9,4,1,0,1,1,4,3,0,py PAR,MF,Defensa y Just,Primera Division Argentina,27,1996,0.9,34,2,12,18,4,3,34,2,1,50.0,1,50.0,11,86,45,3,0,1,2,0,14,2,py PAR,MF,Defensa y Just,Primera Division Argentina,27,1996,5,78,16,3.2,0.9,0,0,0,5,16,12,2.20,0,0,0,0.00,-0.50,0.5,1.4,-0.9,-1.06,-1.24,py PAR,MF,Defensa y Just,Primera Division Argentina,27,1996,0.9,2,0,0,5,1,0,0,1,2,0,0,0,4,2,1,66.7
Guillermo Benítez,ar ARG,DF,Huracán,Primera Division Argentina,29,1993,23,22,"1,975",21.9,0,1,1,0,0,0,4,0,0.6,0.6,1.5,2.1,45,73,76,0.00,0.05,0.05,0.00,0.05,0.03,0.07,0.09,0.03,0.09,ar ARG,DF,Huracán,Primera Division Argentina,29,1993,21.9,0,11,0,0.0,0.50,0.00,0.00,0,19.6,0,0,0,0.6,0.6,0.05,-0.6,-0.6,ar ARG,DF,Huracán,Primera Division Argentina,29,1993,21.9,603,899,67.1,9802,4829,321,392,81.9,214,331,64.7,52,117,44.4,1,1.5,2.3,-0.5,14,51,16,9,73,ar ARG,DF,Huracán,Primera Division Argentina,29,1993,21.9,899,674,222,16,1,1,70,198,7,1,5,0,603,3,31,ar ARG,DF,Huracán,Primera Division Argentina,29,1993,21.9,35,1.59,25,7,1,0,0,2,1,0.05,1,0,0,0,0,0,ar ARG,DF,Huracán,Primera Division Argentina,29,1993,21.9,60,36,28,27,5,26,54,48.1,28,32,5,27,26,86,48,1,ar ARG,DF,Huracán,Primera Division Argentina,29,1993,21.9,1153,47,297,523,344,25,1153,42,24,57.1,11,26.2,423,2536,1566,45,34,4,33,10,477,76,ar ARG,DF,Huracán,Primera Division Argentina,29,1993,23,"1,975",86,81.3,21.9,22,88,18,1,33,4,1.04,16,21,-5,-0.23,+0.96,20.0,18.9,+1.1,+0.05,+0.16,ar ARG,DF,Huracán,Primera Division Argentina,29,1993,21.9,4,0,0,28,27,3,70,26,36,0,0,0,115,39,36,52.0
Jorge Benítez,py PAR,FW,Colón,Primera Division Argentina,30,1992,16,9,718,8.0,2,0,2,2,0,1,4,0,2.5,1.7,0.4,2.1,12,11,44,0.25,0.00,0.25,0.25,0.25,0.32,0.05,0.37,0.21,0.26,py PAR,FW,Colón,Primera Division Argentina,30,1992,8.0,2,18,9,50.0,2.26,1.13,0.11,0.22,18.5,0,0,1,2.5,1.7,0.09,-0.5,+0.3,py PAR,FW,Colón,Primera Division Argentina,30,1992,8.0,145,214,67.8,1778,316,99,133,74.4,32,41,78.0,4,7,57.1,0,0.4,0.2,-0.4,4,11,1,0,11,py PAR,FW,Colón,Primera Division Argentina,30,1992,8.0,214,201,12,1,1,1,1,1,0,0,0,0,145,1,11,py PAR,FW,Colón,Primera Division Argentina,30,1992,8.0,18,2.25,10,0,1,2,4,1,0,0.00,0,0,0,0,0,0,py PAR,FW,Colón,Primera Division Argentina,30,1992,8.0,10,7,2,6,2,2,14,14.3,12,8,1,7,2,12,10,0,py PAR,FW,Colón,Primera Division Argentina,30,1992,8.0,329,13,30,181,125,27,328,33,14,42.4,15,45.5,185,943,349,12,10,10,27,15,245,44,py PAR,FW,Colón,Primera Division Argentina,30,1992,16,718,45,29.5,8.0,9,68,0,7,15,1,0.81,4,9,-5,-0.63,-0.21,6.7,10.4,-3.7,-0.47,-0.07,py PAR,FW,Colón,Primera Division Argentina,30,1992,8.0,4,0,0,16,25,3,1,2,7,1,0,0,21,25,34,42.4
Marcelo Benitez,ar ARG,DF,Cen. Córdoba–SdE,Primera Division Argentina,32,1991,19,14,"1,329",14.8,1,0,1,1,0,0,4,0,0.8,0.8,1.1,1.9,18,57,22,0.07,0.00,0.07,0.07,0.07,0.05,0.08,0.13,0.05,0.13,ar ARG,DF,Cen. Córdoba–SdE,Primera Division Argentina,32,1991,14.8,1,29,9,31.0,1.96,0.61,0.03,0.11,28.9,3,0,0,0.8,0.8,0.03,+0.2,+0.2,ar ARG,DF,Cen. Córdoba–SdE,Primera Division Argentina,32,1991,14.8,599,825,72.6,11287,4665,261,292,89.4,251,331,75.8,83,176,47.2,0,1.1,1.2,-1.1,18,58,11,8,57,ar ARG,DF,Cen. Córdoba–SdE,Primera Division Argentina,32,1991,14.8,825,621,201,31,0,9,58,153,17,3,14,0,599,3,13,ar ARG,DF,Cen. Córdoba–SdE,Primera Division Argentina,32,1991,14.8,31,2.10,16,11,1,3,0,0,1,0.07,1,0,0,0,0,0,ar ARG,DF,Cen. Córdoba–SdE,Primera Division Argentina,32,1991,14.8,26,13,13,11,2,11,30,36.7,19,11,1,10,26,52,45,1,ar ARG,DF,Cen. Córdoba–SdE,Primera Division Argentina,32,1991,14.8,1008,43,310,478,230,9,1008,17,8,47.1,7,41.2,429,2242,1085,18,12,0,21,7,503,22,ar ARG,DF,Cen. Córdoba–SdE,Primera Division Argentina,32,1991,19,"1,329",70,54.7,14.8,14,83,12,5,35,5,0.95,10,16,-6,-0.41,-0.08,13.6,21.0,-7.4,-0.50,-0.23,ar ARG,DF,Cen. Córdoba–SdE,Primera Division Argentina,32,1991,14.8,4,0,0,11,6,1,58,26,13,0,0,0,86,21,22,48.8
Marcos Benítez,ar ARG,"MF,FW",Barracas Central,Primera Division Argentina,21,2001,13,5,598,6.6,0,0,0,0,0,0,2,0,0.6,0.6,0.1,0.7,8,19,35,0.00,0.00,0.00,0.00,0.00,0.09,0.02,0.11,0.09,0.11,ar ARG,"MF,FW",Barracas Central,Primera Division Argentina,21,2001,6.6,0,6,3,50.0,0.90,0.45,0.00,0.00,20.1,0,0,0,0.6,0.6,0.10,-0.6,-0.6,ar ARG,"MF,FW",Barracas Central,Primera Division Argentina,21,2001,6.6,160,221,72.4,2181,618,104,123,84.6,42,58,72.4,7,20,35.0,0,0.1,0.1,-0.1,6,15,4,0,19,ar ARG,"MF,FW",Barracas Central,Primera Division Argentina,21,2001,6.6,221,215,4,1,2,0,5,1,1,0,0,0,160,2,9,ar ARG,"MF,FW",Barracas Central,Primera Division Argentina,21,2001,6.6,17,2.55,10,1,2,2,2,0,0,0.00,0,0,0,0,0,0,ar ARG,"MF,FW",Barracas Central,Primera Division Argentina,21,2001,6.6,11,6,4,4,3,6,14,42.9,8,3,0,3,4,15,5,0,ar ARG,"MF,FW",Barracas Central,Primera Division Argentina,21,2001,6.6,303,4,34,180,95,11,303,15,5,33.3,9,60.0,175,858,348,8,11,3,19,12,213,35,ar ARG,"MF,FW",Barracas Central,Primera Division Argentina,21,2001,13,598,46,24.6,6.6,5,78,2,8,26,14,0.85,6,7,-1,-0.15,+0.05,5.5,9.0,-3.5,-0.53,-0.41,ar ARG,"MF,FW",Barracas Central,Primera Division Argentina,21,2001,6.6,2,0,0,12,10,1,5,4,6,0,0,0,38,1,12,7.7
Nicolás Bertolo,ar ARG,MF,Banfield,Primera Division Argentina,37,1986,7,2,183,2.0,0,0,0,0,0,0,2,0,0.2,0.2,0.1,0.3,3,4,10,0.00,0.00,0.00,0.00,0.00,0.09,0.05,0.15,0.09,0.15,ar ARG,MF,Banfield,Primera Division Argentina,37,1986,2.0,0,2,0,0.0,0.98,0.00,0.00,0,8.6,0,0,0,0.2,0.2,0.10,-0.2,-0.2,ar ARG,MF,Banfield,Primera Division Argentina,37,1986,2.0,30,43,69.8,380,114,21,25,84.0,7,10,70.0,0,2,0.0,0,0.1,0.1,-0.1,1,2,2,1,4,ar ARG,MF,Banfield,Primera Division Argentina,37,1986,2.0,43,38,5,2,0,0,2,2,1,0,1,0,30,0,3,ar ARG,MF,Banfield,Primera Division Argentina,37,1986,2.0,5,2.46,2,0,0,0,3,0,0,0.00,0,0,0,0,0,0,ar ARG,MF,Banfield,Primera Division Argentina,37,1986,2.0,2,2,1,1,0,0,0,0,0,1,0,1,0,2,1,0,ar ARG,MF,Banfield,Primera Division Argentina,37,1986,2.0,75,1,6,39,31,4,75,10,0,0.0,6,60.0,46,346,146,3,3,0,9,7,53,10,ar ARG,MF,Banfield,Primera Division Argentina,37,1986,7,183,26,7.5,2.0,2,61,0,5,12,5,0.43,1,7,-6,-2.95,-2.75,2.7,2.9,-0.2,-0.09,-0.12,ar ARG,MF,Banfield,Primera Division Argentina,37,1986,2.0,2,0,0,2,11,2,2,0,2,0,0,0,9,3,5,37.5
Lucas Besozzi,ar ARG,"MF,FW",Cen. Córdoba–SdE,Primera Division Argentina,20,2003,24,19,"1,596",17.7,3,2,5,3,0,0,1,0,2.9,2.9,4.0,6.9,110,59,154,0.17,0.11,0.28,0.17,0.28,0.17,0.23,0.39,0.17,0.39,ar ARG,"MF,FW",Cen. Córdoba–SdE,Primera Division Argentina,20,2003,17.7,3,30,8,26.7,1.69,0.45,0.10,0.38,20.8,1,0,0,2.9,2.9,0.10,+0.1,+0.1,ar ARG,"MF,FW",Cen. Córdoba–SdE,Primera Division Argentina,20,2003,17.7,393,610,64.4,5845,1763,229,285,80.4,122,178,68.5,26,71,36.6,2,4.0,2.7,-2.0,29,32,20,8,59,ar ARG,"MF,FW",Cen. Córdoba–SdE,Primera Division Argentina,20,2003,17.7,610,557,50,7,1,3,110,21,15,3,9,0,393,3,41,ar ARG,"MF,FW",Cen. Córdoba–SdE,Primera Division Argentina,20,2003,17.7,77,4.34,45,7,16,2,7,0,4,0.23,3,0,1,0,0,0,ar ARG,"MF,FW",Cen. Córdoba–SdE,Primera Division Argentina,20,2003,17.7,24,15,8,14,2,7,18,38.9,11,19,0,19,9,33,3,0,ar ARG,"MF,FW",Cen. Córdoba–SdE,Primera Division Argentina,20,2003,17.7,878,4,91,351,464,59,878,167,75,44.9,72,43.1,598,5462,2612,110,68,28,53,42,610,154,ar ARG,"MF,FW",Cen. Córdoba–SdE,Primera Division Argentina,20,2003,24,"1,596",67,65.7,17.7,19,75,4,5,34,3,1.17,14,19,-5,-0.28,+0.26,18.1,18.5,-0.4,-0.02,+1.09,ar ARG,"MF,FW",Cen. Córdoba–SdE,Primera Division Argentina,20,2003,17.7,1,0,0,10,36,3,110,9,15,0,0,0,111,10,28,26.3
Gonzalo Bettini,ar ARG,"DF,MF",Sarmiento,Primera Division Argentina,30,1992,22,22,"1,862",20.7,1,0,1,1,0,0,4,0,0.4,0.4,1.0,1.4,26,86,50,0.05,0.00,0.05,0.05,0.05,0.02,0.05,0.07,0.02,0.07,ar ARG,"DF,MF",Sarmiento,Primera Division Argentina,30,1992,20.7,1,12,4,33.3,0.58,0.19,0.08,0.25,23.3,0,0,0,0.4,0.4,0.04,+0.6,+0.6,ar ARG,"DF,MF",Sarmiento,Primera Division Argentina,30,1992,20.7,512,857,59.7,10053,6068,206,264,78.0,218,344,63.4,80,201,39.8,0,1.0,1.6,-1.0,16,49,27,14,86,ar ARG,"DF,MF",Sarmiento,Primera Division Argentina,30,1992,20.7,857,637,218,16,1,4,104,193,9,1,8,0,512,2,24,ar ARG,"DF,MF",Sarmiento,Primera Division Argentina,30,1992,20.7,44,2.13,33,6,0,1,3,1,1,0.05,0,0,0,0,1,0,ar ARG,"DF,MF",Sarmiento,Primera Division Argentina,30,1992,20.7,56,33,35,18,3,26,58,44.8,32,26,7,19,29,85,55,0,ar ARG,"DF,MF",Sarmiento,Primera Division Argentina,30,1992,20.7,1073,69,349,446,289,11,1073,12,6,50.0,6,50.0,389,1949,1176,26,24,0,20,8,414,50,ar ARG,"DF,MF",Sarmiento,Primera Division Argentina,30,1992,22,"1,862",85,76.6,20.7,22,85,16,0,0,1,1.14,19,22,-3,-0.15,-0.15,20.0,26.4,-6.4,-0.31,-0.10,ar ARG,"DF,MF",Sarmiento,Primera Division Argentina,30,1992,20.7,4,0,0,13,5,2,104,29,33,0,0,0,111,29,22,56.9
Bruno Bianchi,ar ARG,DF,Atlé Tucumán,Primera Division Argentina,33,1989,24,24,"2,159",24.0,0,1,1,0,0,0,5,1,0.3,0.3,1.0,1.4,2,50,1,0.00,0.04,0.04,0.00,0.04,0.01,0.04,0.06,0.01,0.06,ar ARG,DF,Atlé Tucumán,Primera Division Argentina,33,1989,24.0,0,7,0,0.0,0.29,0.00,0.00,0,14.3,0,0,0,0.3,0.3,0.05,-0.3,-0.3,ar ARG,DF,Atlé Tucumán,Primera Division Argentina,33,1989,24.0,680,904,75.2,15581,7357,159,181,87.8,392,443,88.5,125,256,48.8,1,1.0,0.2,0.0,3,50,4,0,50,ar ARG,DF,Atlé Tucumán,Primera Division Argentina,33,1989,24.0,904,851,52,49,0,10,0,2,0,0,0,0,680,1,9,ar ARG,DF,Atlé Tucumán,Primera Division Argentina,33,1989,24.0,10,0.42,8,0,0,2,0,0,2,0.08,1,0,0,1,0,0,ar ARG,DF,Atlé Tucumán,Primera Division Argentina,33,1989,24.0,46,26,37,8,1,25,39,64.1,14,34,24,10,32,78,131,0,ar ARG,DF,Atlé Tucumán,Primera Division Argentina,33,1989,24.0,1187,199,723,453,18,11,1187,2,2,100.0,0,0.0,566,2551,1378,2,3,0,9,3,590,1,ar ARG,DF,Atlé Tucumán,Primera Division Argentina,33,1989,24,"2,159",90,88.8,24.0,24,90,23,0,0,0,1.29,21,25,-4,-0.17,-0.83,24.6,29.1,-4.5,-0.19,+0.29,ar ARG,DF,Atlé Tucumán,Primera Division Argentina,33,1989,24.0,5,1,0,20,5,3,0,32,26,0,1,0,143,33,26,55.9
Octavio Bianchi,ar ARG,"FW,MF",Rosario Central,Primera Division Argentina,27,1995,14,0,346,3.8,0,0,0,0,0,0,1,0,1.2,1.2,0.5,1.8,7,6,30,0.00,0.00,0.00,0.00,0.00,0.32,0.14,0.46,0.32,0.46,ar ARG,"FW,MF",Rosario Central,Primera Division Argentina,27,1995,3.8,0,11,5,45.5,2.86,1.30,0.00,0.00,16.0,0,0,0,1.2,1.2,0.11,-1.2,-1.2,ar ARG,"FW,MF",Rosario Central,Primera Division Argentina,27,1995,3.8,51,93,54.8,758,246,23,40,57.5,19,31,61.3,3,6,50.0,0,0.5,0.1,-0.5,6,4,2,0,6,ar ARG,"FW,MF",Rosario Central,Primera Division Argentina,27,1995,3.8,93,87,5,0,0,0,9,0,0,0,0,0,51,1,4,ar ARG,"FW,MF",Rosario Central,Primera Division Argentina,27,1995,3.8,14,3.63,10,0,2,0,2,0,1,0.26,1,0,0,0,0,0,ar ARG,"FW,MF",Rosario Central,Primera Division Argentina,27,1995,3.8,5,2,1,2,2,2,4,50.0,2,4,0,4,0,5,7,0,ar ARG,"FW,MF",Rosario Central,Primera Division Argentina,27,1995,3.8,146,6,16,57,74,19,146,10,4,40.0,6,60.0,72,521,188,7,1,3,7,6,95,30,ar ARG,"FW,MF",Rosario Central,Primera Division Argentina,27,1995,14,346,25,14.2,3.8,0,0,0,14,25,13,1.64,4,6,-2,-0.52,-0.91,5.2,8.0,-2.8,-0.73,-0.82,ar ARG,"FW,MF",Rosario Central,Primera Division Argentina,27,1995,3.8,1,0,0,6,2,3,9,0,2,0,0,0,10,18,29,38.3
Juan Bisanz,ar ARG,"MF,FW",Banfield,Primera Division Argentina,21,2001,26,24,"2,026",22.5,6,1,7,4,2,2,4,0,5.0,3.4,1.4,4.8,50,28,127,0.27,0.04,0.31,0.18,0.22,0.22,0.06,0.28,0.15,0.21,ar ARG,"MF,FW",Banfield,Primera Division Argentina,21,2001,22.5,6,31,13,41.9,1.38,0.58,0.13,0.31,18.9,1,2,2,5.0,3.4,0.11,+1.0,+0.6,ar ARG,"MF,FW",Banfield,Primera Division Argentina,21,2001,22.5,315,500,63.0,4649,1272,190,240,79.2,87,151,57.6,24,57,42.1,1,1.4,1.9,-0.4,22,19,15,9,28,ar ARG,"MF,FW",Banfield,Primera Division Argentina,21,2001,22.5,500,459,39,14,3,3,77,6,12,6,2,0,315,2,22,ar ARG,"MF,FW",Banfield,Primera Division Argentina,21,2001,22.5,53,2.35,30,6,6,3,7,1,2,0.09,0,0,1,0,1,0,ar ARG,"MF,FW",Banfield,Primera Division Argentina,21,2001,22.5,37,26,12,19,6,20,47,42.6,27,39,2,37,13,50,7,0,ar ARG,"MF,FW",Banfield,Primera Division Argentina,21,2001,22.5,816,7,83,364,388,60,814,94,42,44.7,44,46.8,479,3237,1264,50,42,13,78,38,494,127,ar ARG,"MF,FW",Banfield,Primera Division Argentina,21,2001,26,"2,026",78,83.4,22.5,24,82,9,2,35,0,1.12,17,23,-6,-0.27,+0.85,23.5,22.3,+1.2,+0.06,+0.20,ar ARG,"MF,FW",Banfield,Primera Division Argentina,21,2001,22.5,4,0,0,34,27,10,77,13,26,3,0,0,127,20,46,30.3
Mariano Bíttolo,ar ARG,"DF,MF",Arg Juniors,Primera Division Argentina,32,1990,5,5,350,3.9,0,0,0,0,0,0,0,0,0.1,0.1,0.3,0.4,8,12,14,0.00,0.00,0.00,0.00,0.00,0.02,0.08,0.10,0.02,0.10,ar ARG,"DF,MF",Arg Juniors,Primera Division Argentina,32,1990,3.9,0,3,2,66.7,0.77,0.51,0.00,0.00,22.8,0,0,0,0.1,0.1,0.03,-0.1,-0.1,ar ARG,"DF,MF",Arg Juniors,Primera Division Argentina,32,1990,3.9,130,182,71.4,2495,1076,52,62,83.9,63,78,80.8,15,36,41.7,0,0.3,0.8,-0.3,4,11,5,3,12,ar ARG,"DF,MF",Arg Juniors,Primera Division Argentina,32,1990,3.9,182,148,33,2,0,0,11,29,2,0,2,0,130,1,3,ar ARG,"DF,MF",Arg Juniors,Primera Division Argentina,32,1990,3.9,11,2.83,11,0,0,0,0,0,0,0.00,0,0,0,0,0,0,ar ARG,"DF,MF",Arg Juniors,Primera Division Argentina,32,1990,3.9,4,3,3,1,0,3,13,23.1,10,4,0,4,2,6,11,0,ar ARG,"DF,MF",Arg Juniors,Primera Division Argentina,32,1990,3.9,216,12,53,110,56,2,216,6,1,16.7,4,66.7,97,481,256,8,7,1,4,0,124,14,ar ARG,"DF,MF",Arg Juniors,Primera Division Argentina,32,1990,5,350,70,14.4,3.9,5,70,2,0,0,13,1.40,3,2,+1,+0.26,-0.09,4.8,3.6,+1.1,+0.29,-0.24,ar ARG,"DF,MF",Arg Juniors,Primera Division Argentina,32,1990,3.9,0,0,0,1,0,0,11,2,3,0,0,0,17,3,7,30.0
Nicolás Blandi,ar ARG,FW,San Lorenzo,Primera Division Argentina,33,1990,12,3,272,3.0,1,0,1,1,0,0,2,0,1.0,1.0,0.0,1.0,0,2,10,0.33,0.00,0.33,0.33,0.33,0.33,0.01,0.34,0.33,0.34,ar ARG,FW,San Lorenzo,Primera Division Argentina,33,1990,3.0,1,4,4,100.0,1.32,1.32,0.25,0.25,10.8,0,0,0,1.0,1.0,0.25,0.0,0.0,ar ARG,FW,San Lorenzo,Primera Division Argentina,33,1990,3.0,40,55,72.7,552,28,27,31,87.1,12,19,63.2,1,1,100.0,0,0.0,0.1,0.0,1,1,0,0,2,ar ARG,FW,San Lorenzo,Primera Division Argentina,33,1990,3.0,55,51,4,0,0,0,0,0,0,0,0,0,40,0,0,ar ARG,FW,San Lorenzo,Primera Division Argentina,33,1990,3.0,3,0.99,3,0,0,0,0,0,0,0.00,0,0,0,0,0,0,ar ARG,FW,San Lorenzo,Primera Division Argentina,33,1990,3.0,2,1,0,2,0,0,2,0.0,2,3,1,2,0,2,2,0,ar ARG,FW,San Lorenzo,Primera Division Argentina,33,1990,3.0,82,2,8,35,39,9,82,1,1,100.0,0,0.0,45,104,23,0,1,0,10,4,57,10,ar ARG,FW,San Lorenzo,Primera Division Argentina,33,1990,12,272,23,11.2,3.0,3,52,0,9,13,13,1.25,1,1,0,0.00,-0.42,3.3,2.4,+0.9,+0.30,+0.06,ar ARG,FW,San Lorenzo,Primera Division Argentina,33,1990,3.0,2,0,0,9,4,5,0,0,1,0,0,0,3,3,20,13.0
Brian Blando,ar ARG,FW,Lanús,Primera Division Argentina,27,1995,4,0,64,0.7,0,0,0,0,0,0,0,0,0.0,0.0,0.7,0.7,1,3,5,0.00,0.00,0.00,0.00,0.00,0.04,0.99,1.03,0.04,1.03,ar ARG,FW,Lanús,Primera Division Argentina,27,1995,0.7,0,1,0,0.0,1.41,0.00,0.00,0,10.0,0,0,0,0.0,0.0,0.03,0.0,0.0,ar ARG,FW,Lanús,Primera Division Argentina,27,1995,0.7,13,23,56.5,142,73,9,12,75.0,2,3,66.7,0,2,0.0,0,0.7,0.3,-0.7,3,2,0,0,3,ar ARG,FW,Lanús,Primera Division Argentina,27,1995,0.7,23,21,2,0,0,0,3,1,0,0,0,0,13,0,2,ar ARG,FW,Lanús,Primera Division Argentina,27,1995,0.7,5,7.03,5,0,0,0,0,0,1,1.41,1,0,0,0,0,0,ar ARG,FW,Lanús,Primera Division Argentina,27,1995,0.7,4,3,2,1,1,2,2,100.0,0,2,1,1,0,4,1,0,ar ARG,FW,Lanús,Primera Division Argentina,27,1995,0.7,39,0,4,12,23,5,39,1,1,100.0,0,0.0,18,98,50,1,2,0,7,3,26,5,ar ARG,FW,Lanús,Primera Division Argentina,27,1995,4,64,16,2.6,0.7,0,0,0,4,16,10,1.00,1,1,0,0.00,-0.42,1.7,1.3,+0.4,+0.62,+0.31,ar ARG,FW,Lanús,Primera Division Argentina,27,1995,0.7,0,0,0,2,0,0,3,0,3,0,0,0,3,4,0,100.0
Brian Blasi,ar ARG,DF,Cen. Córdoba–SdE,Primera Division Argentina,26,1996,24,24,"2,019",22.4,0,0,0,0,0,0,5,0,0.3,0.3,0.2,0.5,18,78,24,0.00,0.00,0.00,0.00,0.00,0.01,0.01,0.02,0.01,0.02,ar ARG,DF,Cen. Córdoba–SdE,Primera Division Argentina,26,1996,22.4,0,9,1,11.1,0.40,0.04,0.00,0.00,21.8,0,0,0,0.3,0.3,0.03,-0.3,-0.3,ar ARG,DF,Cen. Córdoba–SdE,Primera Division Argentina,26,1996,22.4,488,823,59.3,10060,5411,192,236,81.4,207,308,67.2,85,227,37.4,0,0.2,0.4,-0.2,3,70,9,6,78,ar ARG,DF,Cen. Córdoba–SdE,Primera Division Argentina,26,1996,22.4,823,632,187,8,0,20,35,179,0,0,0,0,488,4,36,ar ARG,DF,Cen. Córdoba–SdE,Primera Division Argentina,26,1996,22.4,21,0.94,11,8,1,0,0,1,2,0.09,2,0,0,0,0,0,ar ARG,DF,Cen. Córdoba–SdE,Primera Division Argentina,26,1996,22.4,37,22,25,11,1,21,44,47.7,23,24,9,15,29,66,63,0,ar ARG,DF,Cen. Córdoba–SdE,Primera Division Argentina,26,1996,22.4,1019,79,386,499,140,6,1019,7,3,42.9,4,57.1,353,1632,901,18,11,0,7,12,368,24,ar ARG,DF,Cen. Córdoba–SdE,Primera Division Argentina,26,1996,24,"2,019",84,83.1,22.4,24,84,16,0,0,2,1.21,19,22,-3,-0.13,+1.40,21.0,28.4,-7.4,-0.33,+0.38,ar ARG,DF,Cen. Córdoba–SdE,Primera Division Argentina,26,1996,22.4,5,0,0,27,4,1,35,29,22,0,0,0,137,31,30,50.8
Lucas Blondel,ch SUI,DF,Tigre,Primera Division Argentina,26,1996,18,15,"1,251",13.9,0,1,1,0,0,0,3,0,0.8,0.8,0.7,1.5,25,85,49,0.00,0.07,0.07,0.00,0.07,0.06,0.05,0.11,0.06,0.11,ch SUI,DF,Tigre,Primera Division Argentina,26,1996,13.9,0,28,5,17.9,2.01,0.36,0.00,0.00,29.2,0,0,0,0.8,0.8,0.03,-0.8,-0.8,ch SUI,DF,Tigre,Primera Division Argentina,26,1996,13.9,506,711,71.2,8883,4611,251,302,83.1,190,258,73.6,55,106,51.9,1,0.7,1.1,+0.3,15,61,17,10,85,ch SUI,DF,Tigre,Primera Division Argentina,26,1996,13.9,711,566,145,8,1,8,44,135,2,0,2,0,506,0,29,ch SUI,DF,Tigre,Primera Division Argentina,26,1996,13.9,42,3.02,30,8,3,1,0,0,3,0.22,2,1,0,0,0,0,ch SUI,DF,Tigre,Primera Division Argentina,26,1996,13.9,39,24,22,12,5,23,53,43.4,30,28,4,24,29,68,37,1,ch SUI,DF,Tigre,Primera Division Argentina,26,1996,13.9,916,37,233,435,263,9,916,33,17,51.5,15,45.5,429,2112,1239,25,20,1,25,3,438,49,ch SUI,DF,Tigre,Primera Division Argentina,26,1996,18,"1,251",70,51.5,13.9,15,80,8,3,15,4,1.33,16,17,-1,-0.07,0.00,19.7,14.0,+5.7,+0.41,+0.53,ch SUI,DF,Tigre,Primera Division Argentina,26,1996,13.9,3,0,0,13,5,0,44,29,24,0,0,0,91,17,13,56.7
Roberto Bochi,ar ARG,MF,Instituto,Primera Division Argentina,33,1989,17,13,"1,126",12.5,1,0,1,1,0,0,6,0,0.2,0.2,0.2,0.4,4,70,15,0.08,0.00,0.08,0.08,0.08,0.02,0.02,0.03,0.02,0.03,ar ARG,MF,Instituto,Primera Division Argentina,33,1989,12.5,1,5,2,40.0,0.40,0.16,0.20,0.50,21.8,0,0,0,0.2,0.2,0.04,+0.8,+0.8,ar ARG,MF,Instituto,Primera Division Argentina,33,1989,12.5,464,603,76.9,7938,2879,217,265,81.9,185,224,82.6,47,82,57.3,0,0.2,0.3,-0.2,4,53,4,1,70,ar ARG,MF,Instituto,Primera Division Argentina,33,1989,12.5,603,599,3,2,1,2,4,1,0,0,0,0,464,1,8,ar ARG,MF,Instituto,Primera Division Argentina,33,1989,12.5,18,1.44,14,0,0,1,1,2,0,0.00,0,0,0,0,0,0,ar ARG,MF,Instituto,Primera Division Argentina,33,1989,12.5,29,17,7,19,3,15,28,53.6,13,19,3,16,17,46,18,0,ar ARG,MF,Instituto,Primera Division Argentina,33,1989,12.5,728,28,168,481,86,5,728,7,4,57.1,3,42.9,313,1370,667,4,7,0,8,5,381,15,ar ARG,MF,Instituto,Primera Division Argentina,33,1989,17,"1,126",66,46.3,12.5,13,83,9,4,12,3,1.18,9,16,-7,-0.56,-0.28,14.5,11.9,+2.6,+0.21,+0.11,ar ARG,MF,Instituto,Primera Division Argentina,33,1989,12.5,6,0,0,24,4,0,4,17,17,0,0,0,110,15,13,53.6
Rodrigo Bogarín,py PAR,MF,Defensa y Just,Primera Division Argentina,25,1997,14,9,584,6.5,1,0,1,1,0,0,3,0,0.5,0.5,0.7,1.3,11,32,27,0.15,0.00,0.15,0.15,0.15,0.08,0.11,0.19,0.08,0.19,py PAR,MF,Defensa y Just,Primera Division Argentina,25,1997,6.5,1,12,3,25.0,1.85,0.46,0.08,0.33,24.4,0,0,0,0.5,0.5,0.04,+0.5,+0.5,py PAR,MF,Defensa y Just,Primera Division Argentina,25,1997,6.5,164,233,70.4,2714,800,85,102,83.3,48,61,78.7,22,41,53.7,0,0.7,0.8,-0.7,9,20,6,1,32,py PAR,MF,Defensa y Just,Primera Division Argentina,25,1997,6.5,233,209,23,7,3,3,17,0,15,6,6,0,164,1,9,py PAR,MF,Defensa y Just,Primera Division Argentina,25,1997,6.5,24,3.70,16,4,2,1,1,0,1,0.15,1,0,0,0,0,0,py PAR,MF,Defensa y Just,Primera Division Argentina,25,1997,6.5,11,6,4,7,0,8,20,40.0,12,6,1,5,6,17,5,0,py PAR,MF,Defensa y Just,Primera Division Argentina,25,1997,6.5,304,10,50,143,112,9,304,14,7,50.0,5,35.7,143,719,364,11,8,2,21,3,182,27,py PAR,MF,Defensa y Just,Primera Division Argentina,25,1997,14,584,42,24.0,6.5,9,56,1,5,16,8,1.53,15,11,+4,+0.62,+0.18,10.4,9.7,+0.7,+0.11,-0.04,py PAR,MF,Defensa y Just,Primera Division Argentina,25,1997,6.5,3,0,0,11,8,0,17,6,6,0,0,0,33,6,6,50.0
Luciano Boggio,it ITA,MF,Lanús,Primera Division Argentina,23,1999,24,16,"1,443",16.0,0,3,3,0,0,0,6,2,1.3,1.3,3.1,4.4,28,68,51,0.00,0.19,0.19,0.00,0.19,0.08,0.20,0.27,0.08,0.27,it ITA,MF,Lanús,Primera Division Argentina,23,1999,16.0,0,15,5,33.3,0.94,0.31,0.00,0.00,22.1,3,0,0,1.3,1.3,0.08,-1.3,-1.3,it ITA,MF,Lanús,Primera Division Argentina,23,1999,16.0,481,660,72.9,8725,3124,219,258,84.9,174,214,81.3,72,142,50.7,3,3.1,2.6,-0.1,35,57,13,3,68,it ITA,MF,Lanús,Primera Division Argentina,23,1999,16.0,660,549,106,56,1,4,90,3,47,15,29,0,481,5,21,it ITA,MF,Lanús,Primera Division Argentina,23,1999,16.0,60,3.74,26,22,4,2,6,0,8,0.50,4,2,1,0,1,0,it ITA,MF,Lanús,Primera Division Argentina,23,1999,16.0,24,15,6,16,2,12,46,26.1,34,21,3,18,16,40,15,0,it ITA,MF,Lanús,Primera Division Argentina,23,1999,16.0,824,13,142,460,240,14,824,50,22,44.0,21,42.0,427,2533,1051,28,19,3,29,19,475,51,it ITA,MF,Lanús,Primera Division Argentina,23,1999,24,"1,443",60,59.4,16.0,16,75,3,8,30,1,1.58,23,14,+9,+0.56,+0.38,22.3,15.2,+7.1,+0.45,+0.29,it ITA,MF,Lanús,Primera Division Argentina,23,1999,16.0,6,2,2,14,30,0,90,16,15,0,0,0,108,12,21,36.4
Agustín Bolívar,ar ARG,MF,Gimnasia–LP,Primera Division Argentina,27,1996,16,12,"1,075",11.9,0,1,1,0,0,0,1,0,0.4,0.4,0.1,0.5,7,48,8,0.00,0.08,0.08,0.00,0.08,0.03,0.01,0.05,0.03,0.05,ar ARG,MF,Gimnasia–LP,Primera Division Argentina,27,1996,11.9,0,11,2,18.2,0.92,0.17,0.00,0.00,23.2,0,0,0,0.4,0.4,0.04,-0.4,-0.4,ar ARG,MF,Gimnasia–LP,Primera Division Argentina,27,1996,11.9,269,380,70.8,5000,1888,102,128,79.7,125,157,79.6,34,74,45.9,1,0.1,0.3,+0.9,4,40,4,2,48,ar ARG,MF,Gimnasia–LP,Primera Division Argentina,27,1996,11.9,380,370,7,7,1,2,3,0,0,0,0,0,269,3,5,ar ARG,MF,Gimnasia–LP,Primera Division Argentina,27,1996,11.9,12,1.00,11,0,0,1,0,0,3,0.25,3,0,0,0,0,0,ar ARG,MF,Gimnasia–LP,Primera Division Argentina,27,1996,11.9,23,16,6,14,3,13,28,46.4,15,9,3,6,18,41,25,0,ar ARG,MF,Gimnasia–LP,Primera Division Argentina,27,1996,11.9,511,32,133,315,68,5,511,8,2,25.0,6,75.0,211,1103,509,7,9,0,12,11,227,8,ar ARG,MF,Gimnasia–LP,Primera Division Argentina,27,1996,16,"1,075",67,44.2,11.9,12,79,7,4,32,9,1.24,10,17,-7,-0.59,-0.12,11.1,17.6,-6.5,-0.55,-0.69,ar ARG,MF,Gimnasia–LP,Primera Division Argentina,27,1996,11.9,1,0,0,15,9,0,3,18,16,0,0,0,92,15,25,37.5
Enrique Bologna,ar ARG,GK,Defensa y Just,Primera Division Argentina,40,1982,6,6,540,6.0,0,0,0,0,0,0,0,0,0.0,0.0,0.0,0.0,0,0,0,0.00,0.00,0.00,0.00,0.00,0.00,0.00,0.00,0.00,0.00,ar ARG,GK,Defensa y Just,Primera Division Argentina,40,1982,6.0,0,0,0,0,0.00,0.00,0,0,0,0,0,0,0.0,0.0,0,0.0,0.0,ar ARG,GK,Defensa y Just,Primera Division Argentina,40,1982,6.0,151,191,79.1,4080,2801,23,23,100.0,80,81,98.8,47,86,54.7,0,0.0,0.0,0.0,0,2,0,0,0,ar ARG,GK,Defensa y Just,Primera Division Argentina,40,1982,6.0,191,124,67,10,0,1,0,0,0,0,0,0,151,0,0,ar ARG,GK,Defensa y Just,Primera Division Argentina,40,1982,6.0,2,0.33,2,0,0,0,0,0,1,0.17,1,0,0,0,0,0,ar ARG,GK,Defensa y Just,Primera Division Argentina,40,1982,6.0,0,0,0,0,0,0,0,0,0,0,0,0,0,0,3,0,ar ARG,GK,Defensa y Just,Primera Division Argentina,40,1982,6.0,203,176,203,0,0,0,203,0,0,0,0,0,103,551,413,0,0,0,0,0,92,0,ar ARG,GK,Defensa y Just,Primera Division Argentina,40,1982,6,540,90,22.2,6.0,6,90,6,0,0,16,1.83,10,7,+3,+0.50,+0.02,7.1,8.0,-0.9,-0.15,-0.37,ar ARG,GK,Defensa y Just,Primera Division Argentina,40,1982,6.0,0,0,0,0,2,0,0,0,0,0,0,0,1,1,1,50.0
Fabián Bordagaray,ar ARG,"FW,MF",Belgrano,Primera Division Argentina,35,1987,10,1,237,2.6,0,1,1,0,0,0,1,0,0.3,0.3,0.4,0.7,6,7,19,0.00,0.38,0.38,0.00,0.38,0.13,0.13,0.26,0.13,0.26,ar ARG,"FW,MF",Belgrano,Primera Division Argentina,35,1987,2.6,0,3,1,33.3,1.14,0.38,0.00,0.00,20.0,1,0,0,0.3,0.3,0.11,-0.3,-0.3,ar ARG,"FW,MF",Belgrano,Primera Division Argentina,35,1987,2.6,75,99,75.8,1160,263,41,55,74.5,31,35,88.6,3,4,75.0,1,0.4,0.3,+0.6,2,4,3,1,7,ar ARG,"FW,MF",Belgrano,Primera Division Argentina,35,1987,2.6,99,95,4,0,0,1,3,1,1,0,0,0,75,0,2,ar ARG,"FW,MF",Belgrano,Primera Division Argentina,35,1987,2.6,5,1.90,4,0,1,0,0,0,1,0.38,1,0,0,0,0,0,ar ARG,"FW,MF",Belgrano,Primera Division Argentina,35,1987,2.6,3,3,2,1,0,2,3,66.7,1,5,0,5,2,5,2,0,ar ARG,"FW,MF",Belgrano,Primera Division Argentina,35,1987,2.6,126,3,15,54,58,11,126,5,1,20.0,4,80.0,54,410,141,6,2,3,4,3,90,19,ar ARG,"FW,MF",Belgrano,Primera Division Argentina,35,1987,10,237,24,9.8,2.6,1,56,0,9,20,15,1.50,3,3,0,0.00,+0.25,3.1,3.8,-0.7,-0.27,-0.01,ar ARG,"FW,MF",Belgrano,Primera Division Argentina,35,1987,2.6,1,0,0,3,2,0,3,2,3,0,0,0,6,5,5,50.0
Miguel Borja,co COL,FW,River Plate,Primera Division Argentina,30,1993,21,9,818,9.1,5,1,6,3,2,2,2,0,4.9,3.4,0.5,3.9,8,16,65,0.55,0.11,0.66,0.33,0.44,0.54,0.06,0.60,0.37,0.43,co COL,FW,River Plate,Primera Division Argentina,30,1993,9.1,5,28,10,35.7,3.08,1.10,0.11,0.30,16.3,0,2,2,4.9,3.4,0.13,+0.1,-0.4,co COL,FW,River Plate,Primera Division Argentina,30,1993,9.1,112,178,62.9,1759,328,53,79,67.1,39,56,69.6,11,18,61.1,1,0.5,0.5,+0.5,10,11,4,0,16,co COL,FW,River Plate,Primera Division Argentina,30,1993,9.1,178,165,12,1,0,3,4,0,0,0,0,0,112,1,8,co COL,FW,River Plate,Primera Division Argentina,30,1993,9.1,22,2.42,16,0,0,3,3,0,2,0.22,2,0,0,0,0,0,co COL,FW,River Plate,Primera Division Argentina,30,1993,9.1,6,4,0,4,2,1,2,50.0,1,6,0,6,0,6,10,0,co COL,FW,River Plate,Primera Division Argentina,30,1993,9.1,288,8,15,118,161,47,286,11,4,36.4,7,63.6,159,595,216,8,9,3,30,4,209,65,co COL,FW,River Plate,Primera Division Argentina,30,1993,21,818,39,33.7,9.1,9,68,0,12,18,5,2.05,11,12,-1,-0.11,-1.84,12.1,8.2,+3.9,+0.43,-0.75,co COL,FW,River Plate,Primera Division Argentina,30,1993,9.1,2,0,0,10,9,12,4,0,4,0,0,0,21,22,29,43.1
Mauro Boselli,ar ARG,FW,Estudiantes–LP,Primera Division Argentina,37,1985,22,17,"1,367",15.2,6,2,8,6,0,1,1,0,6.3,5.4,1.8,7.2,3,16,74,0.40,0.13,0.53,0.40,0.53,0.42,0.12,0.54,0.36,0.48,ar ARG,FW,Estudiantes–LP,Primera Division Argentina,37,1985,15.2,6,36,11,30.6,2.37,0.72,0.17,0.55,12.6,0,0,1,6.3,5.4,0.15,-0.3,+0.6,ar ARG,FW,Estudiantes–LP,Primera Division Argentina,37,1985,15.2,202,302,66.9,3089,301,116,154,75.3,56,90,62.2,20,29,69.0,2,1.8,1.0,+0.2,14,12,3,0,16,ar ARG,FW,Estudiantes–LP,Primera Division Argentina,37,1985,15.2,302,269,31,2,1,2,2,0,0,0,0,0,202,2,8,ar ARG,FW,Estudiantes–LP,Primera Division Argentina,37,1985,15.2,28,1.85,18,0,1,7,2,0,4,0.26,2,0,0,2,0,0,ar ARG,FW,Estudiantes–LP,Primera Division Argentina,37,1985,15.2,3,1,0,2,1,1,10,10.0,9,2,0,2,0,3,16,0,ar ARG,FW,Estudiantes–LP,Primera Division Argentina,37,1985,15.2,414,16,19,218,177,72,413,15,5,33.3,9,60.0,215,687,199,3,4,3,23,3,316,74,ar ARG,FW,Estudiantes–LP,Primera Division Argentina,37,1985,22,"1,367",62,56.3,15.2,17,73,3,5,25,1,1.59,19,12,+7,+0.46,+0.12,17.5,10.0,+7.4,+0.49,+0.31,ar ARG,FW,Estudiantes–LP,Primera Division Argentina,37,1985,15.2,1,0,0,12,26,7,2,0,1,0,0,0,15,41,50,45.1
Walter Bou,ar ARG,"FW,MF",Vélez Sarsfield,Primera Division Argentina,29,1993,18,13,952,10.6,3,2,5,3,0,0,1,0,2.7,2.7,1.1,3.8,21,28,78,0.28,0.19,0.47,0.28,0.47,0.25,0.10,0.36,0.25,0.36,ar ARG,"FW,MF",Vélez Sarsfield,Primera Division Argentina,29,1993,10.6,3,26,8,30.8,2.46,0.76,0.12,0.38,20.8,2,0,0,2.7,2.7,0.10,+0.3,+0.3,ar ARG,"FW,MF",Vélez Sarsfield,Primera Division Argentina,29,1993,10.6,265,412,64.3,4384,1386,139,177,78.5,75,107,70.1,34,75,45.3,2,1.1,1.0,+0.9,19,19,9,2,28,ar ARG,"FW,MF",Vélez Sarsfield,Primera Division Argentina,29,1993,10.6,412,342,68,21,3,1,68,3,36,4,27,0,265,2,25,ar ARG,"FW,MF",Vélez Sarsfield,Primera Division Argentina,29,1993,10.6,34,3.22,18,11,2,2,1,0,4,0.38,1,1,1,0,1,0,ar ARG,"FW,MF",Vélez Sarsfield,Primera Division Argentina,29,1993,10.6,26,14,6,16,4,9,22,40.9,13,16,3,13,5,31,7,0,ar ARG,"FW,MF",Vélez Sarsfield,Primera Division Argentina,29,1993,10.6,598,7,68,260,275,29,598,43,21,48.8,19,44.2,327,1583,507,21,12,5,46,32,347,78,ar ARG,"FW,MF",Vélez Sarsfield,Primera Division Argentina,29,1993,18,952,53,39.2,10.6,13,65,0,5,21,6,1.33,8,9,-1,-0.09,+0.03,7.8,7.5,+0.3,+0.03,+0.11,ar ARG,"FW,MF",Vélez Sarsfield,Primera Division Argentina,29,1993,10.6,1,0,0,17,11,7,68,5,14,0,0,0,73,16,16,50.0
Diego Braghieri,ar ARG,DF,Lanús,Primera Division Argentina,35,1987,6,5,457,5.1,1,0,1,1,0,0,1,0,0.6,0.6,0.0,0.6,6,14,0,0.20,0.00,0.20,0.20,0.20,0.13,0.00,0.13,0.13,0.13,ar ARG,DF,Lanús,Primera Division Argentina,35,1987,5.1,1,2,1,50.0,0.39,0.20,0.50,1.00,9.3,0,0,0,0.6,0.6,0.32,+0.4,+0.4,ar ARG,DF,Lanús,Primera Division Argentina,35,1987,5.1,146,201,72.6,3159,1084,39,47,83.0,86,101,85.1,21,47,44.7,0,0.0,0.0,0.0,0,8,1,0,14,ar ARG,DF,Lanús,Primera Division Argentina,35,1987,5.1,201,187,12,10,0,4,0,0,0,0,0,0,146,2,1,ar ARG,DF,Lanús,Primera Division Argentina,35,1987,5.1,2,0.39,2,0,0,0,0,0,0,0.00,0,0,0,0,0,0,ar ARG,DF,Lanús,Primera Division Argentina,35,1987,5.1,5,3,4,1,0,2,3,66.7,1,9,6,3,4,9,36,0,ar ARG,DF,Lanús,Primera Division Argentina,35,1987,5.1,261,52,165,89,8,5,261,1,1,100.0,0,0.0,107,631,464,6,0,0,0,0,141,0,ar ARG,DF,Lanús,Primera Division Argentina,35,1987,6,457,76,18.8,5.1,5,86,4,1,26,19,2.17,7,2,+5,+0.98,+0.71,6.3,4.4,+1.9,+0.38,+0.07,ar ARG,DF,Lanús,Primera Division Argentina,35,1987,5.1,1,0,0,2,3,0,0,4,3,0,0,0,22,18,11,62.1
Malcom Braida,ar ARG,"DF,MF",San Lorenzo,Primera Division Argentina,25,1997,25,24,"2,195",24.4,1,2,3,1,0,0,5,0,1.8,1.8,2.8,4.7,97,109,185,0.04,0.08,0.12,0.04,0.12,0.08,0.12,0.19,0.08,0.19,ar ARG,"DF,MF",San Lorenzo,Primera Division Argentina,25,1997,24.4,1,23,8,34.8,0.94,0.33,0.04,0.13,20.0,0,0,0,1.8,1.8,0.10,-0.8,-0.8,ar ARG,"DF,MF",San Lorenzo,Primera Division Argentina,25,1997,24.4,925,1300,71.2,13870,6161,502,592,84.8,317,440,72.0,56,145,38.6,2,2.8,3.5,-0.8,30,71,48,22,109,ar ARG,"DF,MF",San Lorenzo,Primera Division Argentina,25,1997,24.4,1300,1036,255,12,2,3,116,238,5,4,0,0,925,9,48,ar ARG,"DF,MF",San Lorenzo,Primera Division Argentina,25,1997,24.4,83,3.40,65,3,8,2,3,2,6,0.25,4,0,0,1,1,0,ar ARG,"DF,MF",San Lorenzo,Primera Division Argentina,25,1997,24.4,68,54,33,26,9,46,75,61.3,29,47,2,45,24,92,43,1,ar ARG,"DF,MF",San Lorenzo,Primera Division Argentina,25,1997,24.4,1622,52,359,687,594,46,1622,99,55,55.6,38,38.4,856,4787,2716,97,46,9,48,29,890,185,ar ARG,"DF,MF",San Lorenzo,Primera Division Argentina,25,1997,25,"2,195",88,90.3,24.4,24,90,24,1,35,0,1.68,21,11,+10,+0.41,+0.41,26.0,17.6,+8.4,+0.34,+1.02,ar ARG,"DF,MF",San Lorenzo,Primera Division Argentina,25,1997,24.4,5,0,0,24,38,2,116,24,54,1,0,0,176,31,25,55.4
Moisés Brandán,ar ARG,DF,Atlé Tucumán,Primera Division Argentina,22,2000,3,3,207,2.3,0,0,0,0,0,0,1,0,0.0,0.0,0.0,0.0,1,6,4,0.00,0.00,0.00,0.00,0.00,0.00,0.00,0.00,0.00,0.00,ar ARG,DF,Atlé Tucumán,Primera Division Argentina,22,2000,2.3,0,0,0,0,0.00,0.00,0,0,0,0,0,0,0.0,0.0,0,0.0,0.0,ar ARG,DF,Atlé Tucumán,Primera Division Argentina,22,2000,2.3,68,105,64.8,1436,800,21,24,87.5,34,42,81.0,12,32,37.5,0,0.0,0.1,0.0,0,8,2,0,6,ar ARG,DF,Atlé Tucumán,Primera Division Argentina,22,2000,2.3,105,74,31,1,0,2,4,30,0,0,0,0,68,0,7,ar ARG,DF,Atlé Tucumán,Primera Division Argentina,22,2000,2.3,5,2.17,3,1,0,0,1,0,0,0.00,0,0,0,0,0,0,ar ARG,DF,Atlé Tucumán,Primera Division Argentina,22,2000,2.3,4,4,3,1,0,3,7,42.9,4,3,0,3,3,7,7,0,ar ARG,DF,Atlé Tucumán,Primera Division Argentina,22,2000,2.3,127,5,45,63,21,0,127,3,1,33.3,1,33.3,47,214,117,1,2,0,1,0,49,4,ar ARG,DF,Atlé Tucumán,Primera Division Argentina,22,2000,3,207,69,8.5,2.3,3,69,1,0,0,10,0.67,2,2,0,0.00,+0.08,2.3,2.6,-0.3,-0.14,+0.08,ar ARG,DF,Atlé Tucumán,Primera Division Argentina,22,2000,2.3,1,0,0,1,1,0,4,3,4,0,0,0,16,4,3,57.1
Néstor Breitenbruch,ar ARG,DF,Arsenal,Primera Division Argentina,27,1995,19,16,"1,521",16.9,0,1,1,0,0,0,0,0,0.5,0.5,1.0,1.6,13,60,12,0.00,0.06,0.06,0.00,0.06,0.03,0.06,0.09,0.03,0.09,ar ARG,DF,Arsenal,Primera Division Argentina,27,1995,16.9,0,9,3,33.3,0.53,0.18,0.00,0.00,16.6,1,0,0,0.5,0.5,0.06,-0.5,-0.5,ar ARG,DF,Arsenal,Primera Division Argentina,27,1995,16.9,492,731,67.3,9508,4618,189,232,81.5,237,307,77.2,63,160,39.4,1,1.0,0.3,0.0,6,55,6,3,60,ar ARG,DF,Arsenal,Primera Division Argentina,27,1995,16.9,731,635,92,20,0,7,21,72,0,0,0,0,492,4,20,ar ARG,DF,Arsenal,Primera Division Argentina,27,1995,16.9,11,0.65,9,0,0,2,0,0,1,0.06,0,0,0,1,0,0,ar ARG,DF,Arsenal,Primera Division Argentina,27,1995,16.9,43,22,30,11,2,23,45,51.1,22,29,13,16,12,55,50,0,ar ARG,DF,Arsenal,Primera Division Argentina,27,1995,16.9,903,81,424,399,92,11,903,20,10,50.0,9,45.0,420,2404,1407,13,7,0,9,3,441,12,ar ARG,DF,Arsenal,Primera Division Argentina,27,1995,19,"1,521",80,62.6,16.9,16,89,14,3,33,8,0.89,10,18,-8,-0.47,+0.32,15.8,20.3,-4.4,-0.26,+0.45,ar ARG,DF,Arsenal,Primera Division Argentina,27,1995,16.9,0,0,0,13,5,1,21,12,22,0,0,0,121,29,29,50.0
Norberto Briasco,am ARM,"FW,MF",Boca Juniors,Primera Division Argentina,26,1996,14,2,340,3.8,1,1,2,1,0,0,0,0,0.5,0.5,0.2,0.7,17,12,55,0.26,0.26,0.53,0.26,0.53,0.12,0.06,0.19,0.12,0.19,am ARM,"FW,MF",Boca Juniors,Primera Division Argentina,26,1996,3.8,1,7,4,57.1,1.85,1.06,0.14,0.25,22.1,0,0,0,0.5,0.5,0.07,+0.5,+0.5,am ARM,"FW,MF",Boca Juniors,Primera Division Argentina,26,1996,3.8,97,127,76.4,1346,299,63,72,87.5,27,33,81.8,5,13,38.5,1,0.2,0.8,+0.8,4,7,5,1,12,am ARM,"FW,MF",Boca Juniors,Primera Division Argentina,26,1996,3.8,127,121,6,1,0,0,14,3,2,0,1,0,97,0,4,am ARM,"FW,MF",Boca Juniors,Primera Division Argentina,26,1996,3.8,18,4.75,12,1,2,0,2,1,4,1.06,3,0,1,0,0,0,am ARM,"FW,MF",Boca Juniors,Primera Division Argentina,26,1996,3.8,6,5,0,5,1,0,5,0.0,5,6,0,6,0,6,0,0,am ARM,"FW,MF",Boca Juniors,Primera Division Argentina,26,1996,3.8,195,1,13,84,102,12,195,27,13,48.1,13,48.1,132,941,449,17,7,4,19,9,143,55,am ARM,"FW,MF",Boca Juniors,Primera Division Argentina,26,1996,14,340,24,14.0,3.8,2,55,0,12,19,7,1.86,7,4,+3,+0.79,+0.54,5.2,3.5,+1.7,+0.45,+0.47,am ARM,"FW,MF",Boca Juniors,Primera Division Argentina,26,1996,3.8,0,0,0,11,12,2,14,0,5,0,0,0,16,3,14,17.6
Miguel Brizuela,ar ARG,DF,Vélez Sarsfield,Primera Division Argentina,26,1997,17,15,"1,313",14.6,0,0,0,0,0,0,4,0,0.7,0.7,0.2,0.9,13,44,2,0.00,0.00,0.00,0.00,0.00,0.05,0.01,0.06,0.05,0.06,ar ARG,DF,Vélez Sarsfield,Primera Division Argentina,26,1997,14.6,0,8,1,12.5,0.55,0.07,0.00,0.00,12.9,0,0,0,0.7,0.7,0.09,-0.7,-0.7,ar ARG,DF,Vélez Sarsfield,Primera Division Argentina,26,1997,14.6,591,742,79.6,11972,4963,189,217,87.1,323,369,87.5,77,138,55.8,0,0.2,0.2,-0.2,2,33,0,0,44,ar ARG,DF,Vélez Sarsfield,Primera Division Argentina,26,1997,14.6,742,716,24,23,0,8,0,1,0,0,0,0,591,2,10,ar ARG,DF,Vélez Sarsfield,Primera Division Argentina,26,1997,14.6,5,0.34,4,0,0,0,0,1,0,0.00,0,0,0,0,0,0,ar ARG,DF,Vélez Sarsfield,Primera Division Argentina,26,1997,14.6,23,13,17,6,0,14,21,66.7,7,16,10,6,22,45,49,0,ar ARG,DF,Vélez Sarsfield,Primera Division Argentina,26,1997,14.6,876,105,512,358,12,10,876,2,2,100.0,0,0.0,547,2649,1668,13,0,0,6,3,547,2,ar ARG,DF,Vélez Sarsfield,Primera Division Argentina,26,1997,17,"1,313",77,54.0,14.6,15,87,14,2,7,10,1.12,14,15,-1,-0.07,+0.09,13.6,12.4,+1.2,+0.09,+0.27,ar ARG,DF,Vélez Sarsfield,Primera Division Argentina,26,1997,14.6,4,0,0,11,5,0,0,22,13,0,0,1,97,31,34,47.7
Lucas Brochero,ar ARG,"FW,MF",Arsenal,Primera Division Argentina,24,1999,20,12,931,10.3,0,3,3,0,0,0,0,0,0.5,0.5,2.8,3.3,18,28,79,0.00,0.29,0.29,0.00,0.29,0.05,0.27,0.32,0.05,0.32,ar ARG,"FW,MF",Arsenal,Primera Division Argentina,24,1999,10.3,0,6,1,16.7,0.58,0.10,0.00,0.00,19.8,0,0,0,0.5,0.5,0.08,-0.5,-0.5,ar ARG,"FW,MF",Arsenal,Primera Division Argentina,24,1999,10.3,200,354,56.5,3336,1228,96,132,72.7,73,113,64.6,22,63,34.9,3,2.8,2.4,+0.2,22,17,11,7,28,ar ARG,"FW,MF",Arsenal,Primera Division Argentina,24,1999,10.3,354,317,36,12,2,0,68,6,17,5,9,0,200,1,34,ar ARG,"FW,MF",Arsenal,Primera Division Argentina,24,1999,10.3,38,3.68,24,9,1,1,3,0,5,0.48,4,0,0,0,1,0,ar ARG,"FW,MF",Arsenal,Primera Division Argentina,24,1999,10.3,17,8,10,4,3,6,13,46.2,7,15,0,15,7,24,9,0,ar ARG,"FW,MF",Arsenal,Primera Division Argentina,24,1999,10.3,458,10,81,180,202,19,458,20,6,30.0,14,70.0,209,1053,514,18,11,6,23,7,253,79,ar ARG,"FW,MF",Arsenal,Primera Division Argentina,24,1999,20,931,47,38.3,10.3,12,67,1,8,17,7,0.90,10,13,-3,-0.29,+0.49,8.9,12.0,-3.0,-0.29,+0.22,ar ARG,"FW,MF",Arsenal,Primera Division Argentina,24,1999,10.3,0,0,0,12,14,2,68,7,8,1,0,0,69,7,20,25.9
Manuel Brondo,ar ARG,FW,Barracas Central,Primera Division Argentina,20,2002,2,0,10,0.1,0,0,0,0,0,0,0,0,0.2,0.2,0.0,0.2,0,0,0,0.00,0.00,0.00,0.00,0.00,1.98,0.00,1.98,1.98,1.98,ar ARG,FW,Barracas Central,Primera Division Argentina,20,2002,0.1,0,1,0,0.0,9.00,0.00,0.00,0,14.6,0,0,0,0.2,0.2,0.22,-0.2,-0.2,ar ARG,FW,Barracas Central,Primera Division Argentina,20,2002,0.1,0,0,0,0,0,0,0,0,0,0,0,0,0,0,0,0.0,0.0,0.0,0,0,0,0,0,ar ARG,FW,Barracas Central,Primera Division Argentina,20,2002,0.1,0,0,0,0,0,0,0,0,0,0,0,0,0,0,0,ar ARG,FW,Barracas Central,Primera Division Argentina,20,2002,0.1,0,0.00,0,0,0,0,0,0,0,0.00,0,0,0,0,0,0,ar ARG,FW,Barracas Central,Primera Division Argentina,20,2002,0.1,0,0,0,0,0,0,0,0,0,0,0,0,0,0,1,0,ar ARG,FW,Barracas Central,Primera Division Argentina,20,2002,0.1,2,1,1,0,1,1,2,0,0,0,0,0,0,0,0,0,0,0,0,0,0,0,ar ARG,FW,Barracas Central,Primera Division Argentina,20,2002,2,10,5,0.4,0.1,0,0,0,2,5,10,2.00,0,0,0,0.00,+0.19,0.3,0.0,+0.2,+2.04,+2.27,ar ARG,FW,Barracas Central,Primera Division Argentina,20,2002,0.1,0,0,0,1,0,0,0,0,0,0,0,0,0,0,1,0.0
Jorge Broun,ar ARG,GK,Rosario Central,Primera Division Argentina,36,1986,23,23,"2,070",23.0,0,0,0,0,0,0,3,0,0.0,0.0,0.1,0.1,0,0,0,0.00,0.00,0.00,0.00,0.00,0.00,0.01,0.01,0.00,0.01,ar ARG,GK,Rosario Central,Primera Division Argentina,36,1986,23.0,0,0,0,0,0.00,0.00,0,0,0,0,0,0,0.0,0.0,0,0.0,0.0,ar ARG,GK,Rosario Central,Primera Division Argentina,36,1986,23.0,457,637,71.7,15764,12285,37,38,97.4,195,197,99.0,225,401,56.1,0,0.1,0.0,-0.1,1,9,0,0,0,ar ARG,GK,Rosario Central,Primera Division Argentina,36,1986,23.0,637,331,305,87,0,3,0,0,0,0,0,0,457,1,0,ar ARG,GK,Rosario Central,Primera Division Argentina,36,1986,23.0,7,0.30,3,4,0,0,0,0,0,0.00,0,0,0,0,0,0,ar ARG,GK,Rosario Central,Primera Division Argentina,36,1986,23.0,0,0,0,0,0,0,1,0.0,1,1,0,1,1,1,4,1,ar ARG,GK,Rosario Central,Primera Division Argentina,36,1986,23.0,677,585,674,3,0,0,677,1,1,100.0,0,0.0,303,1970,1338,0,0,0,1,0,165,0,ar ARG,GK,Rosario Central,Primera Division Argentina,36,1986,23,"2,070",90,85.2,23.0,23,90,23,0,0,4,1.52,31,23,+8,+0.35,+0.60,29.5,28.3,+1.2,+0.05,+0.52,ar ARG,GK,Rosario Central,Primera Division Argentina,36,1986,23.0,3,0,0,0,4,0,0,1,0,0,0,0,12,1,1,50.0
Julio Buffarini,ar ARG,DF,Talleres,Primera Division Argentina,34,1988,2,2,149,1.7,0,0,0,0,0,0,0,0,0.0,0.0,0.0,0.0,0,1,3,0.00,0.00,0.00,0.00,0.00,0.02,0.00,0.02,0.02,0.02,ar ARG,DF,Talleres,Primera Division Argentina,34,1988,1.7,0,1,0,0.0,0.60,0.00,0.00,0,28.7,0,0,0,0.0,0.0,0.03,0.0,0.0,ar ARG,DF,Talleres,Primera Division Argentina,34,1988,1.7,31,49,63.3,513,190,16,22,72.7,14,20,70.0,1,4,25.0,0,0.0,0.0,0.0,0,1,0,0,1,ar ARG,DF,Talleres,Primera Division Argentina,34,1988,1.7,49,32,17,1,0,0,1,16,0,0,0,0,31,0,2,ar ARG,DF,Talleres,Primera Division Argentina,34,1988,1.7,0,0.00,0,0,0,0,0,0,0,0.00,0,0,0,0,0,0,ar ARG,DF,Talleres,Primera Division Argentina,34,1988,1.7,2,1,1,1,0,1,3,33.3,2,3,0,3,6,8,3,0,ar ARG,DF,Talleres,Primera Division Argentina,34,1988,1.7,70,7,29,32,9,0,70,0,0,0,0,0,22,66,4,0,0,0,1,0,21,3,ar ARG,DF,Talleres,Primera Division Argentina,34,1988,2,149,75,6.1,1.7,2,75,1,0,0,15,0.50,1,2,-1,-0.60,-1.39,0.8,2.4,-1.6,-0.95,-1.64,ar ARG,DF,Talleres,Primera Division Argentina,34,1988,1.7,0,0,0,1,1,0,1,6,1,0,0,0,5,5,2,71.4
Valentín Burgoa,ar ARG,"FW,MF",Huracán,Primera Division Argentina,23,2000,11,3,335,3.7,0,0,0,0,0,0,1,0,0.6,0.6,0.1,0.6,8,9,23,0.00,0.00,0.00,0.00,0.00,0.15,0.02,0.17,0.15,0.17,ar ARG,"FW,MF",Huracán,Primera Division Argentina,23,2000,3.7,0,10,3,30.0,2.69,0.81,0.00,0.00,25.1,2,0,0,0.6,0.6,0.06,-0.6,-0.6,ar ARG,"FW,MF",Huracán,Primera Division Argentina,23,2000,3.7,62,103,60.2,1096,285,33,42,78.6,17,29,58.6,9,21,42.9,0,0.1,0.3,-0.1,3,7,3,2,9,ar ARG,"FW,MF",Huracán,Primera Division Argentina,23,2000,3.7,103,87,16,6,0,2,19,1,9,5,3,0,62,0,5,ar ARG,"FW,MF",Huracán,Primera Division Argentina,23,2000,3.7,8,2.14,4,2,0,0,0,2,0,0.00,0,0,0,0,0,0,ar ARG,"FW,MF",Huracán,Primera Division Argentina,23,2000,3.7,9,6,1,8,0,5,10,50.0,5,6,0,6,8,17,2,0,ar ARG,"FW,MF",Huracán,Primera Division Argentina,23,2000,3.7,169,0,23,78,72,5,169,16,10,62.5,6,37.5,100,530,232,8,8,2,12,8,94,23,ar ARG,"FW,MF",Huracán,Primera Division Argentina,23,2000,11,335,30,13.8,3.7,3,67,0,8,17,9,0.91,2,3,-1,-0.27,+0.16,3.0,3.6,-0.5,-0.14,-0.19,ar ARG,"FW,MF",Huracán,Primera Division Argentina,23,2000,3.7,1,0,0,6,7,0,19,8,6,0,0,0,27,6,5,54.5
Leonardo Burián,uy URU,GK,Vélez Sarsfield,Primera Division Argentina,39,1984,19,19,"1,665",18.5,0,0,0,0,0,0,1,0,0.0,0.0,0.0,0.0,0,0,0,0.00,0.00,0.00,0.00,0.00,0.00,0.00,0.00,0.00,0.00,uy URU,GK,Vélez Sarsfield,Primera Division Argentina,39,1984,18.5,0,0,0,0,0.00,0.00,0,0,0,0,0,0,0.0,0.0,0,0.0,0.0,uy URU,GK,Vélez Sarsfield,Primera Division Argentina,39,1984,18.5,349,489,71.4,10917,7928,60,60,100.0,149,152,98.0,140,276,50.7,0,0.0,0.0,0.0,0,12,0,0,0,uy URU,GK,Vélez Sarsfield,Primera Division Argentina,39,1984,18.5,489,280,208,41,0,1,0,0,0,0,0,0,349,1,0,uy URU,GK,Vélez Sarsfield,Primera Division Argentina,39,1984,18.5,1,0.05,0,1,0,0,0,0,0,0.00,0,0,0,0,0,0,uy URU,GK,Vélez Sarsfield,Primera Division Argentina,39,1984,18.5,0,0,0,0,0,0,1,0.0,1,0,0,0,1,1,3,0,uy URU,GK,Vélez Sarsfield,Primera Division Argentina,39,1984,18.5,514,435,513,1,0,0,514,0,0,0,0,0,237,1112,667,0,0,0,0,0,176,0,uy URU,GK,Vélez Sarsfield,Primera Division Argentina,39,1984,19,"1,665",88,68.5,18.5,19,88,18,0,0,6,1.26,20,16,+4,+0.22,+1.04,17.5,16.5,+1.0,+0.05,+0.29,uy URU,GK,Vélez Sarsfield,Primera Division Argentina,39,1984,18.5,1,0,0,0,1,0,0,1,0,0,0,0,13,7,1,87.5
Nahuel Bustos,ar ARG,"FW,MF",Talleres,Primera Division Argentina,24,1998,21,4,732,8.1,7,0,7,7,0,0,3,0,5.4,5.4,0.4,5.8,16,14,55,0.86,0.00,0.86,0.86,0.86,0.67,0.05,0.72,0.67,0.72,ar ARG,"FW,MF",Talleres,Primera Division Argentina,24,1998,8.1,7,33,11,33.3,4.06,1.35,0.21,0.64,19.5,9,0,0,5.4,5.4,0.16,+1.6,+1.6,ar ARG,"FW,MF",Talleres,Primera Division Argentina,24,1998,8.1,144,201,71.6,2227,333,73,98,74.5,50,58,86.2,11,19,57.9,0,0.4,0.3,-0.4,9,15,4,0,14,ar ARG,"FW,MF",Talleres,Primera Division Argentina,24,1998,8.1,201,183,16,3,2,2,4,1,2,0,1,0,144,2,8,ar ARG,"FW,MF",Talleres,Primera Division Argentina,24,1998,8.1,17,2.09,11,0,2,3,1,0,1,0.12,0,0,0,0,1,0,ar ARG,"FW,MF",Talleres,Primera Division Argentina,24,1998,8.1,2,2,0,2,0,1,4,25.0,3,4,1,3,0,2,0,0,ar ARG,"FW,MF",Talleres,Primera Division Argentina,24,1998,8.1,291,1,5,154,135,35,291,25,11,44.0,12,48.0,182,833,333,16,7,7,18,5,231,55,ar ARG,"FW,MF",Talleres,Primera Division Argentina,24,1998,21,732,35,30.1,8.1,4,69,0,17,27,1,2.05,14,8,+6,+0.74,+0.05,12.6,7.9,+4.7,+0.57,-0.02,ar ARG,"FW,MF",Talleres,Primera Division Argentina,24,1998,8.1,3,0,0,14,12,2,4,0,2,0,0,0,16,8,12,40.0
Catriel Cabellos,pe PER,"MF,FW",Racing Club,Primera Division Argentina,18,2004,5,0,113,1.3,0,1,1,0,0,0,1,0,0.0,0.0,1.3,1.3,3,6,8,0.00,0.80,0.80,0.00,0.80,0.00,1.04,1.04,0.00,1.04,pe PER,"MF,FW",Racing Club,Primera Division Argentina,18,2004,1.3,0,0,0,0,0.00,0.00,0,0,0,0,0,0,0.0,0.0,0,0.0,0.0,pe PER,"MF,FW",Racing Club,Primera Division Argentina,18,2004,1.3,47,63,74.6,682,245,28,33,84.8,15,20,75.0,2,3,66.7,1,1.3,0.8,-0.3,4,7,1,0,6,pe PER,"MF,FW",Racing Club,Primera Division Argentina,18,2004,1.3,63,60,3,0,1,0,1,3,0,0,0,0,47,0,5,pe PER,"MF,FW",Racing Club,Primera Division Argentina,18,2004,1.3,5,3.98,5,0,0,0,0,0,1,0.80,1,0,0,0,0,0,pe PER,"MF,FW",Racing Club,Primera Division Argentina,18,2004,1.3,1,1,1,0,0,0,3,0.0,3,0,0,0,0,1,1,0,pe PER,"MF,FW",Racing Club,Primera Division Argentina,18,2004,1.3,78,1,13,36,29,2,78,11,6,54.5,3,27.3,51,247,144,3,3,0,5,3,55,8,pe PER,"MF,FW",Racing Club,Primera Division Argentina,18,2004,5,113,23,4.7,1.3,0,0,0,5,23,11,0.40,2,2,0,0.00,-0.04,1.9,4.3,-2.4,-1.92,-1.83,pe PER,"MF,FW",Racing Club,Primera Division Argentina,18,2004,1.3,1,0,0,3,3,0,1,0,1,0,0,0,5,0,3,0.0
Rodrigo Cabral,ar ARG,"DF,MF",Arg Juniors,Primera Division Argentina,22,2000,20,8,783,8.7,1,1,2,1,0,0,0,0,0.8,0.8,1.6,2.4,40,23,104,0.11,0.11,0.23,0.11,0.23,0.09,0.19,0.28,0.09,0.28,ar ARG,"DF,MF",Arg Juniors,Primera Division Argentina,22,2000,8.7,1,17,8,47.1,1.95,0.92,0.06,0.13,23.0,0,0,0,0.8,0.8,0.05,+0.2,+0.2,ar ARG,"DF,MF",Arg Juniors,Primera Division Argentina,22,2000,8.7,168,262,64.1,2511,758,97,123,78.9,51,75,68.0,12,28,42.9,1,1.6,1.6,-0.6,13,9,10,4,23,ar ARG,"DF,MF",Arg Juniors,Primera Division Argentina,22,2000,8.7,262,249,11,2,0,3,49,4,5,4,0,0,168,2,16,ar ARG,"DF,MF",Arg Juniors,Primera Division Argentina,22,2000,8.7,25,2.88,18,0,2,3,2,0,2,0.23,1,0,0,1,0,0,ar ARG,"DF,MF",Arg Juniors,Primera Division Argentina,22,2000,8.7,11,6,5,5,1,6,13,46.2,7,4,0,4,5,16,1,0,ar ARG,"DF,MF",Arg Juniors,Primera Division Argentina,22,2000,8.7,372,3,44,132,200,34,372,38,20,52.6,9,23.7,261,1868,883,40,14,13,31,14,262,104,ar ARG,"DF,MF",Arg Juniors,Primera Division Argentina,22,2000,20,783,39,32.2,8.7,8,70,2,12,19,6,1.15,8,13,-5,-0.57,-1.34,12.8,11.6,+1.1,+0.13,-0.54,ar ARG,"DF,MF",Arg Juniors,Primera Division Argentina,22,2000,8.7,0,0,0,9,28,2,49,5,6,0,0,0,56,6,13,31.6
Yonathan Cabral,ar ARG,DF,Atlé Tucumán,Primera Division Argentina,30,1992,12,5,488,5.4,0,0,0,0,0,0,1,0,0.2,0.2,0.1,0.3,1,7,0,0.00,0.00,0.00,0.00,0.00,0.04,0.02,0.06,0.04,0.06,ar ARG,DF,Atlé Tucumán,Primera Division Argentina,30,1992,5.4,0,3,1,33.3,0.55,0.18,0.00,0.00,12.7,0,0,0,0.2,0.2,0.07,-0.2,-0.2,ar ARG,DF,Atlé Tucumán,Primera Division Argentina,30,1992,5.4,176,220,80.0,3806,1781,57,72,79.2,81,89,91.0,37,53,69.8,0,0.1,0.0,-0.1,3,5,0,0,7,ar ARG,DF,Atlé Tucumán,Primera Division Argentina,30,1992,5.4,220,212,8,7,0,1,0,0,0,0,0,0,176,0,4,ar ARG,DF,Atlé Tucumán,Primera Division Argentina,30,1992,5.4,2,0.37,2,0,0,0,0,0,0,0.00,0,0,0,0,0,0,ar ARG,DF,Atlé Tucumán,Primera Division Argentina,30,1992,5.4,4,3,1,3,0,3,11,27.3,8,9,7,2,9,13,30,2,ar ARG,DF,Atlé Tucumán,Primera Division Argentina,30,1992,5.4,286,44,170,107,10,7,286,0,0,0,0,0,112,583,294,1,0,0,2,0,150,0,ar ARG,DF,Atlé Tucumán,Primera Division Argentina,30,1992,12,488,41,20.1,5.4,5,88,4,7,7,15,1.50,3,7,-4,-0.74,-0.83,5.5,9.3,-3.8,-0.70,-0.60,ar ARG,DF,Atlé Tucumán,Primera Division Argentina,30,1992,5.4,1,0,0,5,0,0,0,9,3,0,1,0,23,19,7,73.1
Alejandro Cabrera,ar ARG,MF,Banfield,Primera Division Argentina,30,1992,22,22,"1,794",19.9,0,0,0,0,0,0,7,2,1.0,1.0,0.3,1.3,6,86,7,0.00,0.00,0.00,0.00,0.00,0.05,0.02,0.06,0.05,0.06,ar ARG,MF,Banfield,Primera Division Argentina,30,1992,19.9,0,18,2,11.1,0.90,0.10,0.00,0.00,20.5,0,0,0,1.0,1.0,0.05,-1.0,-1.0,ar ARG,MF,Banfield,Primera Division Argentina,30,1992,19.9,701,930,75.4,12418,3990,312,371,84.1,303,387,78.3,74,125,59.2,0,0.3,0.5,-0.3,9,76,6,0,86,ar ARG,MF,Banfield,Primera Division Argentina,30,1992,19.9,930,891,33,30,1,5,9,2,1,0,0,0,701,6,16,ar ARG,MF,Banfield,Primera Division Argentina,30,1992,19.9,34,1.71,27,1,0,4,1,1,2,0.10,1,0,0,0,1,0,ar ARG,MF,Banfield,Primera Division Argentina,30,1992,19.9,68,53,24,37,7,38,69,55.1,31,34,5,29,42,110,29,0,ar ARG,MF,Banfield,Primera Division Argentina,30,1992,19.9,1160,52,284,746,143,13,1160,28,12,42.9,10,35.7,466,1959,633,6,7,1,23,5,529,7,ar ARG,MF,Banfield,Primera Division Argentina,30,1992,22,"1,794",82,73.8,19.9,22,82,15,0,0,1,1.18,13,20,-7,-0.35,+0.21,21.0,20.0,+1.1,+0.05,+0.12,ar ARG,MF,Banfield,Primera Division Argentina,30,1992,19.9,7,2,2,32,24,0,9,42,53,0,1,0,199,44,30,59.5
Elías Cabrera,ar ARG,MF,Vélez Sarsfield,Primera Division Argentina,19,2003,21,12,"1,152",12.8,1,2,3,1,0,0,1,0,2.0,2.0,2.6,4.6,26,53,41,0.08,0.16,0.23,0.08,0.23,0.16,0.20,0.36,0.16,0.36,ar ARG,MF,Vélez Sarsfield,Primera Division Argentina,19,2003,12.8,1,26,3,11.5,2.03,0.23,0.04,0.33,22.0,9,0,0,2.0,2.0,0.08,-1.0,-1.0,ar ARG,MF,Vélez Sarsfield,Primera Division Argentina,19,2003,12.8,418,560,74.6,7119,2231,209,243,86.0,137,174,78.7,52,92,56.5,2,2.6,3.2,-0.6,20,42,13,2,53,ar ARG,MF,Vélez Sarsfield,Primera Division Argentina,19,2003,12.8,560,472,86,44,7,8,67,0,37,19,16,0,418,2,15,ar ARG,MF,Vélez Sarsfield,Primera Division Argentina,19,2003,12.8,49,3.85,18,18,5,2,6,0,5,0.39,1,2,0,1,1,0,ar ARG,MF,Vélez Sarsfield,Primera Division Argentina,19,2003,12.8,22,14,5,13,4,5,24,20.8,19,19,1,18,6,28,5,0,ar ARG,MF,Vélez Sarsfield,Primera Division Argentina,19,2003,12.8,723,6,87,406,241,16,723,62,42,67.7,15,24.2,397,2030,854,26,20,4,38,28,446,41,ar ARG,MF,Vélez Sarsfield,Primera Division Argentina,19,2003,21,"1,152",55,47.4,12.8,12,80,5,9,22,6,0.76,13,18,-5,-0.39,-0.53,13.9,14.8,-1.0,-0.08,-0.07,ar ARG,MF,Vélez Sarsfield,Primera Division Argentina,19,2003,12.8,1,0,0,20,15,0,67,6,14,0,0,0,60,10,36,21.7
Javier Cabrera,uy URU,"DF,MF",Arg Juniors,Primera Division Argentina,30,1992,23,19,"1,558",17.3,0,2,2,0,0,0,6,0,2.3,2.3,3.8,6.1,51,78,223,0.00,0.12,0.12,0.00,0.12,0.13,0.22,0.35,0.13,0.35,uy URU,"DF,MF",Arg Juniors,Primera Division Argentina,30,1992,17.3,0,28,8,28.6,1.62,0.46,0.00,0.00,15.6,0,0,0,2.3,2.3,0.08,-2.3,-2.3,uy URU,"DF,MF",Arg Juniors,Primera Division Argentina,30,1992,17.3,475,731,65.0,7800,3232,234,290,80.7,180,269,66.9,42,93,45.2,2,3.8,4.8,-1.8,44,41,43,17,78,uy URU,"DF,MF",Arg Juniors,Primera Division Argentina,30,1992,17.3,731,677,50,6,3,4,132,16,28,0,24,0,475,4,38,uy URU,"DF,MF",Arg Juniors,Primera Division Argentina,30,1992,17.3,74,4.28,45,15,3,5,5,1,3,0.17,3,0,0,0,0,0,uy URU,"DF,MF",Arg Juniors,Primera Division Argentina,30,1992,17.3,28,25,10,12,6,13,41,31.7,28,22,1,21,10,38,17,0,uy URU,"DF,MF",Arg Juniors,Primera Division Argentina,30,1992,17.3,906,20,121,296,496,70,906,40,27,67.5,9,22.5,534,2478,1094,51,21,15,33,17,602,223,uy URU,"DF,MF",Arg Juniors,Primera Division Argentina,30,1992,23,"1,558",68,64.1,17.3,19,78,3,4,21,1,1.48,22,11,+11,+0.64,+0.84,24.8,14.2,+10.6,+0.61,+0.32,uy URU,"DF,MF",Arg Juniors,Primera Division Argentina,30,1992,17.3,6,0,0,16,27,11,132,10,25,0,0,0,104,14,23,37.8
Víctor Cabrera,ar ARG,DF,Tigre,Primera Division Argentina,29,1993,13,13,"1,055",11.7,0,0,0,0,0,0,2,0,0.1,0.1,0.0,0.1,8,32,3,0.00,0.00,0.00,0.00,0.00,0.01,0.00,0.01,0.01,0.01,ar ARG,DF,Tigre,Primera Division Argentina,29,1993,11.7,0,2,0,0.0,0.17,0.00,0.00,0,17.9,0,0,0,0.1,0.1,0.03,-0.1,-0.1,ar ARG,DF,Tigre,Primera Division Argentina,29,1993,11.7,447,570,78.4,9074,3748,126,143,88.1,259,300,86.3,56,105,53.3,0,0.0,0.1,0.0,1,35,2,0,32,ar ARG,DF,Tigre,Primera Division Argentina,29,1993,11.7,570,523,44,12,0,7,3,28,0,0,0,0,447,3,10,ar ARG,DF,Tigre,Primera Division Argentina,29,1993,11.7,6,0.51,6,0,0,0,0,0,0,0.00,0,0,0,0,0,0,ar ARG,DF,Tigre,Primera Division Argentina,29,1993,11.7,30,19,18,11,1,15,26,57.7,11,13,7,6,23,53,49,0,ar ARG,DF,Tigre,Primera Division Argentina,29,1993,11.7,707,84,378,317,19,3,707,11,7,63.6,4,36.4,385,2032,1305,8,3,0,6,7,376,3,ar ARG,DF,Tigre,Primera Division Argentina,29,1993,13,"1,055",81,43.4,11.7,13,81,10,0,0,2,1.00,11,17,-6,-0.51,-0.77,14.3,14.2,+0.1,+0.01,-0.26,ar ARG,DF,Tigre,Primera Division Argentina,29,1993,11.7,2,0,0,9,5,0,3,23,19,0,0,0,93,21,26,44.7
Jerónimo Cacciabue,ar ARG,MF,Platense,Primera Division Argentina,25,1998,14,10,792,8.8,0,0,0,0,0,0,4,0,0.2,0.2,0.0,0.2,5,31,7,0.00,0.00,0.00,0.00,0.00,0.02,0.01,0.02,0.02,0.02,ar ARG,MF,Platense,Primera Division Argentina,25,1998,8.8,0,7,0,0.0,0.80,0.00,0.00,0,36.2,1,0,0,0.2,0.2,0.02,-0.2,-0.2,ar ARG,MF,Platense,Primera Division Argentina,25,1998,8.8,200,276,72.5,3758,1017,69,84,82.1,102,127,80.3,24,46,52.2,0,0.0,0.1,0.0,2,22,1,0,31,ar ARG,MF,Platense,Primera Division Argentina,25,1998,8.8,276,265,10,4,0,2,5,1,2,0,1,0,200,1,7,ar ARG,MF,Platense,Primera Division Argentina,25,1998,8.8,8,0.91,7,0,0,0,1,0,1,0.11,1,0,0,0,0,0,ar ARG,MF,Platense,Primera Division Argentina,25,1998,8.8,22,12,8,12,2,10,25,40.0,15,12,5,7,7,29,14,0,ar ARG,MF,Platense,Primera Division Argentina,25,1998,8.8,358,15,85,231,48,1,358,1,0,0.0,1,100.0,120,561,268,5,6,0,9,4,144,7,ar ARG,MF,Platense,Primera Division Argentina,25,1998,14,792,57,32.6,8.8,10,74,4,4,12,10,1.71,10,11,-1,-0.11,0.00,7.1,12.7,-5.6,-0.64,-0.37,ar ARG,MF,Platense,Primera Division Argentina,25,1998,8.8,4,0,0,12,3,0,5,7,12,0,0,0,63,8,3,72.7
Darío Cáceres,py PAR,"DF,MF",Defensa y Just,Primera Division Argentina,25,1998,15,4,546,6.1,1,1,2,1,0,0,1,0,0.4,0.4,0.5,0.9,16,32,31,0.16,0.16,0.33,0.16,0.33,0.06,0.08,0.14,0.06,0.14,py PAR,"DF,MF",Defensa y Just,Primera Division Argentina,25,1998,6.1,1,6,1,16.7,0.99,0.16,0.17,1.00,17.1,0,0,0,0.4,0.4,0.06,+0.6,+0.6,py PAR,"DF,MF",Defensa y Just,Primera Division Argentina,25,1998,6.1,235,320,73.4,3758,1622,121,138,87.7,95,130,73.1,14,35,40.0,1,0.5,0.3,+0.5,4,24,4,3,32,py PAR,"DF,MF",Defensa y Just,Primera Division Argentina,25,1998,6.1,320,264,53,1,0,0,16,52,0,0,0,0,235,3,6,py PAR,"DF,MF",Defensa y Just,Primera Division Argentina,25,1998,6.1,11,1.81,9,1,1,0,0,0,2,0.33,2,0,0,0,0,0,py PAR,"DF,MF",Defensa y Just,Primera Division Argentina,25,1998,6.1,14,8,8,4,2,4,13,30.8,9,14,1,13,9,23,15,0,py PAR,"DF,MF",Defensa y Just,Primera Division Argentina,25,1998,6.1,401,14,113,186,109,6,401,15,6,40.0,8,53.3,175,944,532,16,8,2,15,0,214,31,py PAR,"DF,MF",Defensa y Just,Primera Division Argentina,25,1998,15,546,36,22.5,6.1,4,79,3,11,21,11,1.60,12,6,+6,+0.99,+0.65,7.0,7.4,-0.4,-0.07,-0.26,py PAR,"DF,MF",Defensa y Just,Primera Division Argentina,25,1998,6.1,1,0,0,6,2,0,16,9,8,0,0,0,41,16,3,84.2
Juan Cáceres,py PAR,DF,Lanús,Primera Division Argentina,22,2000,20,20,"1,800",20.0,0,2,2,0,0,0,5,0,0.8,0.8,2.5,3.3,19,88,69,0.00,0.10,0.10,0.00,0.10,0.04,0.13,0.17,0.04,0.17,py PAR,DF,Lanús,Primera Division Argentina,22,2000,20.0,0,25,4,16.0,1.25,0.20,0.00,0.00,25.6,0,0,0,0.8,0.8,0.03,-0.8,-0.8,py PAR,DF,Lanús,Primera Division Argentina,22,2000,20.0,660,984,67.1,12051,5942,305,358,85.2,262,370,70.8,84,189,44.4,2,2.5,2.1,-0.5,17,68,21,11,88,py PAR,DF,Lanús,Primera Division Argentina,22,2000,20.0,984,774,209,8,1,13,58,201,0,0,0,0,660,1,47,py PAR,DF,Lanús,Primera Division Argentina,22,2000,20.0,41,2.05,30,4,3,4,0,0,4,0.20,3,0,0,1,0,0,py PAR,DF,Lanús,Primera Division Argentina,22,2000,20.0,77,52,39,31,7,41,67,61.2,26,31,4,27,31,108,63,0,py PAR,DF,Lanús,Primera Division Argentina,22,2000,20.0,1270,70,399,606,272,15,1270,44,26,59.1,12,27.3,476,1976,1069,19,16,1,29,8,571,69,py PAR,DF,Lanús,Primera Division Argentina,22,2000,20,"1,800",90,74.1,20.0,20,90,20,0,0,1,1.60,27,21,+6,+0.30,-0.41,29.2,21.6,+7.6,+0.38,+0.21,py PAR,DF,Lanús,Primera Division Argentina,22,2000,20.0,5,0,0,28,15,0,58,31,52,0,0,0,117,55,30,64.7
Juan Cáceres,py PAR,DF,Racing Club,Primera Division Argentina,22,2000,1,1,35,0.4,0,0,0,0,0,0,0,1,0.0,0.0,0.0,0.0,1,1,1,0.00,0.00,0.00,0.00,0.00,0.00,0.00,0.00,0.00,0.00,py PAR,DF,Lanús,Primera Division Argentina,22,2000,20.0,0,25,4,16.0,1.25,0.20,0.00,0.00,25.6,0,0,0,0.8,0.8,0.03,-0.8,-0.8,py PAR,DF,Lanús,Primera Division Argentina,22,2000,20.0,660,984,67.1,12051,5942,305,358,85.2,262,370,70.8,84,189,44.4,2,2.5,2.1,-0.5,17,68,21,11,88,py PAR,DF,Lanús,Primera Division Argentina,22,2000,20.0,984,774,209,8,1,13,58,201,0,0,0,0,660,1,47,py PAR,DF,Lanús,Primera Division Argentina,22,2000,20.0,41,2.05,30,4,3,4,0,0,4,0.20,3,0,0,1,0,0,py PAR,DF,Lanús,Primera Division Argentina,22,2000,20.0,77,52,39,31,7,41,67,61.2,26,31,4,27,31,108,63,0,py PAR,DF,Lanús,Primera Division Argentina,22,2000,20.0,1270,70,399,606,272,15,1270,44,26,59.1,12,27.3,476,1976,1069,19,16,1,29,8,571,69,py PAR,DF,Lanús,Primera Division Argentina,22,2000,20,"1,800",90,74.1,20.0,20,90,20,0,0,1,1.60,27,21,+6,+0.30,-0.41,29.2,21.6,+7.6,+0.38,+0.21,py PAR,DF,Lanús,Primera Division Argentina,22,2000,20.0,5,0,0,28,15,0,58,31,52,0,0,0,117,55,30,64.7
Mateo Caceres,ar ARG,FW,Tigre,Primera Division Argentina,20,2002,1,0,6,0.1,0,0,0,0,0,0,0,0,0.0,0.0,0.0,0.0,0,0,1,0.00,0.00,0.00,0.00,0.00,0.00,0.00,0.00,0.00,0.00,ar ARG,FW,Tigre,Primera Division Argentina,20,2002,0.1,0,0,0,0,0.00,0.00,0,0,0,0,0,0,0.0,0.0,0,0.0,0.0,ar ARG,FW,Tigre,Primera Division Argentina,20,2002,0.1,5,5,100.0,76,0,2,2,100.0,3,3,100.0,0,0,0,0,0.0,0.0,0.0,0,0,0,0,0,ar ARG,FW,Tigre,Primera Division Argentina,20,2002,0.1,5,5,0,0,0,0,0,0,0,0,0,0,5,0,0,ar ARG,FW,Tigre,Primera Division Argentina,20,2002,0.1,0,0.00,0,0,0,0,0,0,0,0.00,0,0,0,0,0,0,ar ARG,FW,Tigre,Primera Division Argentina,20,2002,0.1,1,1,0,1,0,0,0,0,0,0,0,0,0,1,0,0,ar ARG,FW,Tigre,Primera Division Argentina,20,2002,0.1,7,0,0,5,2,0,7,1,0,0.0,1,100.0,4,19,9,0,0,0,0,0,6,1,ar ARG,FW,Tigre,Primera Division Argentina,20,2002,1,6,6,0.2,0.1,0,0,0,1,6,5,3.00,0,0,0,0.00,+0.07,0.0,0.0,0.0,0.00,-0.16,ar ARG,FW,Tigre,Primera Division Argentina,20,2002,0.1,0,0,0,0,0,0,0,0,1,0,0,0,1,0,0,0
Diego Calcaterra,ar ARG,DF,San Lorenzo,Primera Division Argentina,21,2001,3,2,181,2.0,0,0,0,0,0,0,0,0,0.0,0.0,0.0,0.0,0,1,0,0.00,0.00,0.00,0.00,0.00,0.02,0.00,0.02,0.02,0.02,ar ARG,DF,San Lorenzo,Primera Division Argentina,21,2001,2.0,0,2,2,100.0,0.99,0.99,0.00,0.00,14.3,0,0,0,0.0,0.0,0.02,0.0,0.0,ar ARG,DF,San Lorenzo,Primera Division Argentina,21,2001,2.0,28,38,73.7,605,281,5,6,83.3,18,21,85.7,5,10,50.0,0,0.0,0.0,0.0,0,1,0,0,1,ar ARG,DF,San Lorenzo,Primera Division Argentina,21,2001,2.0,38,34,3,2,0,0,0,1,0,0,0,0,28,1,0,ar ARG,DF,San Lorenzo,Primera Division Argentina,21,2001,2.0,0,0.00,0,0,0,0,0,0,0,0.00,0,0,0,0,0,0,ar ARG,DF,San Lorenzo,Primera Division Argentina,21,2001,2.0,4,4,4,0,0,1,2,50.0,1,3,3,0,1,5,13,0,ar ARG,DF,San Lorenzo,Primera Division Argentina,21,2001,2.0,60,16,45,14,2,2,60,0,0,0,0,0,16,59,15,0,0,0,0,0,23,0,ar ARG,DF,San Lorenzo,Primera Division Argentina,21,2001,3,181,60,7.4,2.0,2,90,2,1,1,9,1.00,1,2,-1,-0.50,-0.94,0.4,2.9,-2.5,-1.23,-1.60,ar ARG,DF,San Lorenzo,Primera Division Argentina,21,2001,2.0,0,0,0,0,0,0,0,1,4,0,0,0,3,8,0,100.0
Brian Calderara,ar ARG,"MF,DF",Barracas Central,Primera Division Argentina,24,1998,23,18,"1,428",15.9,2,1,3,2,0,0,2,0,1.9,1.9,0.5,2.4,41,70,77,0.13,0.06,0.19,0.13,0.19,0.12,0.03,0.15,0.12,0.15,ar ARG,"MF,DF",Barracas Central,Primera Division Argentina,24,1998,15.9,2,21,8,38.1,1.32,0.50,0.10,0.25,18.6,0,0,0,1.9,1.9,0.09,+0.1,+0.1,ar ARG,"MF,DF",Barracas Central,Primera Division Argentina,24,1998,15.9,278,431,64.5,4900,2367,130,167,77.8,102,151,67.5,35,68,51.5,1,0.5,0.9,+0.5,13,34,11,1,70,ar ARG,"MF,DF",Barracas Central,Primera Division Argentina,24,1998,15.9,431,375,53,2,5,6,46,40,7,0,0,0,278,3,20,ar ARG,"MF,DF",Barracas Central,Primera Division Argentina,24,1998,15.9,47,2.97,21,5,8,1,10,2,7,0.44,3,0,2,0,2,0,ar ARG,"MF,DF",Barracas Central,Primera Division Argentina,24,1998,15.9,41,29,19,17,5,17,30,56.7,13,22,3,19,14,55,10,0,ar ARG,"MF,DF",Barracas Central,Primera Division Argentina,24,1998,15.9,677,8,109,314,268,30,677,111,53,47.7,46,41.4,376,2422,985,41,24,7,45,44,368,77,ar ARG,"MF,DF",Barracas Central,Primera Division Argentina,24,1998,23,"1,428",62,58.8,15.9,18,73,3,5,24,2,1.35,20,17,+3,+0.19,+0.91,14.7,14.8,-0.1,0.00,+0.53,ar ARG,"MF,DF",Barracas Central,Primera Division Argentina,24,1998,15.9,2,0,0,15,35,1,46,14,29,0,0,0,112,17,13,56.7
Franco Calderón,ar ARG,DF,Unión,Primera Division Argentina,24,1998,22,22,"1,970",21.9,0,0,0,0,0,0,5,1,0.6,0.6,0.0,0.6,3,31,3,0.00,0.00,0.00,0.00,0.00,0.03,0.00,0.03,0.03,0.03,ar ARG,DF,Unión,Primera Division Argentina,24,1998,21.9,0,10,2,20.0,0.46,0.09,0.00,0.00,11.7,0,0,0,0.6,0.6,0.06,-0.6,-0.6,ar ARG,DF,Unión,Primera Division Argentina,24,1998,21.9,583,736,79.2,11704,4297,165,193,85.5,354,406,87.2,59,107,55.1,0,0.0,0.1,0.0,1,19,0,0,31,ar ARG,DF,Unión,Primera Division Argentina,24,1998,21.9,736,695,40,34,0,6,1,6,0,0,0,0,583,1,11,ar ARG,DF,Unión,Primera Division Argentina,24,1998,21.9,10,0.46,9,0,0,1,0,0,0,0.00,0,0,0,0,0,0,ar ARG,DF,Unión,Primera Division Argentina,24,1998,21.9,23,13,12,9,2,14,30,46.7,16,21,15,6,23,46,112,0,ar ARG,DF,Unión,Primera Division Argentina,24,1998,21.9,952,177,563,363,32,21,952,3,3,100.0,0,0.0,406,1627,703,3,2,0,5,2,478,3,ar ARG,DF,Unión,Primera Division Argentina,24,1998,22,"1,970",90,81.1,21.9,22,90,21,0,0,1,1.14,15,20,-5,-0.23,-0.03,18.1,23.6,-5.6,-0.25,-0.07,ar ARG,DF,Unión,Primera Division Argentina,24,1998,21.9,5,1,0,20,15,1,1,23,13,0,0,0,99,51,49,51.0
Facundo Cambeses,ar ARG,GK,Banfield,Primera Division Argentina,25,1997,27,27,"2,430",27.0,0,0,0,0,0,0,1,0,0.0,0.0,0.1,0.1,0,0,0,0.00,0.00,0.00,0.00,0.00,0.00,0.00,0.00,0.00,0.00,ar ARG,GK,Banfield,Primera Division Argentina,25,1997,27.0,0,0,0,0,0.00,0.00,0,0,0,0,0,0,0.0,0.0,0,0.0,0.0,ar ARG,GK,Banfield,Primera Division Argentina,25,1997,27.0,387,602,64.3,12757,10391,71,71,100.0,162,164,98.8,151,364,41.5,0,0.1,0.0,-0.1,2,16,0,0,0,ar ARG,GK,Banfield,Primera Division Argentina,25,1997,27.0,602,323,279,73,0,0,0,0,0,0,0,0,387,0,0,ar ARG,GK,Banfield,Primera Division Argentina,25,1997,27.0,2,0.07,0,2,0,0,0,0,0,0.00,0,0,0,0,0,0,ar ARG,GK,Banfield,Primera Division Argentina,25,1997,27.0,0,0,0,0,0,0,2,0.0,2,0,0,0,0,0,10,0,ar ARG,GK,Banfield,Primera Division Argentina,25,1997,27.0,655,560,654,1,0,0,655,0,0,0,0,0,273,1624,802,0,0,0,0,0,161,0,ar ARG,GK,Banfield,Primera Division Argentina,25,1997,27,"2,430",90,100.0,27.0,27,90,27,0,0,0,1.11,21,32,-11,-0.41,0,29.4,28.8,+0.6,+0.02,0,ar ARG,GK,Banfield,Primera Division Argentina,25,1997,27.0,1,0,0,1,2,0,0,0,0,0,1,1,15,9,1,90.0
Jaminton Campaz,co COL,"FW,MF",Rosario Central,Primera Division Argentina,22,2000,23,22,"1,823",20.3,3,5,8,3,0,0,5,0,2.9,2.9,4.5,7.4,80,96,153,0.15,0.25,0.39,0.15,0.39,0.14,0.22,0.36,0.14,0.36,co COL,"FW,MF",Rosario Central,Primera Division Argentina,22,2000,20.3,3,53,17,32.1,2.62,0.84,0.06,0.18,23.9,1,0,0,2.9,2.9,0.05,+0.1,+0.1,co COL,"FW,MF",Rosario Central,Primera Division Argentina,22,2000,20.3,471,700,67.3,7508,2609,247,305,81.0,169,245,69.0,40,80,50.0,5,4.5,3.4,+0.5,27,64,20,5,96,co COL,"FW,MF",Rosario Central,Primera Division Argentina,22,2000,20.3,700,652,42,10,2,0,87,22,10,1,9,0,471,6,23,co COL,"FW,MF",Rosario Central,Primera Division Argentina,22,2000,20.3,76,3.75,55,2,11,2,6,0,11,0.54,8,1,2,0,0,0,co COL,"FW,MF",Rosario Central,Primera Division Argentina,22,2000,20.3,45,27,16,23,6,22,49,44.9,27,27,1,26,6,51,5,0,co COL,"FW,MF",Rosario Central,Primera Division Argentina,22,2000,20.3,998,1,84,494,464,39,998,133,72,54.1,49,36.8,650,4537,2186,80,63,17,50,46,691,153,co COL,"FW,MF",Rosario Central,Primera Division Argentina,22,2000,23,"1,823",79,75.0,20.3,22,81,10,1,45,0,1.48,30,20,+10,+0.49,+0.94,27.7,23.3,+4.3,+0.21,+0.96,co COL,"FW,MF",Rosario Central,Primera Division Argentina,22,2000,20.3,5,0,0,18,27,4,87,6,27,1,0,0,130,9,40,18.4
Gastón Campi,ar ARG,"DF,MF",San Lorenzo,Primera Division Argentina,31,1991,14,7,676,7.5,0,0,0,0,0,0,3,0,0.0,0.0,0.0,0.1,4,27,3,0.00,0.00,0.00,0.00,0.00,0.01,0.01,0.01,0.01,0.01,ar ARG,"DF,MF",San Lorenzo,Primera Division Argentina,31,1991,7.5,0,2,2,100.0,0.27,0.27,0.00,0.00,11.5,0,0,0,0.0,0.0,0.02,0.0,0.0,ar ARG,"DF,MF",San Lorenzo,Primera Division Argentina,31,1991,7.5,189,252,75.0,3854,1983,60,72,83.3,99,122,81.1,28,48,58.3,0,0.0,0.1,0.0,1,15,2,1,27,ar ARG,"DF,MF",San Lorenzo,Primera Division Argentina,31,1991,7.5,252,227,24,8,0,0,4,16,0,0,0,0,189,1,5,ar ARG,"DF,MF",San Lorenzo,Primera Division Argentina,31,1991,7.5,5,0.67,3,2,0,0,0,0,0,0.00,0,0,0,0,0,0,ar ARG,"DF,MF",San Lorenzo,Primera Division Argentina,31,1991,7.5,14,7,13,1,0,8,13,61.5,5,5,3,2,17,31,20,0,ar ARG,"DF,MF",San Lorenzo,Primera Division Argentina,31,1991,7.5,320,24,154,151,20,6,320,4,2,50.0,1,25.0,142,680,391,4,3,0,4,1,155,3,ar ARG,"DF,MF",San Lorenzo,Primera Division Argentina,31,1991,14,676,48,27.8,7.5,7,76,4,7,21,13,1.29,2,7,-5,-0.67,-1.44,5.0,8.7,-3.7,-0.50,-1.03,ar ARG,"DF,MF",San Lorenzo,Primera Division Argentina,31,1991,7.5,3,0,0,10,2,0,4,17,7,0,1,0,34,11,11,50.0
Dante Campisi,ar ARG,GK,Huracán,Primera Division Argentina,26,1996,2,2,180,2.0,0,0,0,0,0,0,0,0,0.0,0.0,0.0,0.0,0,0,0,0.00,0.00,0.00,0.00,0.00,0.00,0.00,0.00,0.00,0.00,ar ARG,GK,Huracán,Primera Division Argentina,26,1996,2.0,0,0,0,0,0.00,0.00,0,0,0,0,0,0,0.0,0.0,0,0.0,0.0,ar ARG,GK,Huracán,Primera Division Argentina,26,1996,2.0,47,68,69.1,1654,1394,8,8,100.0,14,15,93.3,25,45,55.6,0,0.0,0.0,0.0,0,0,0,0,0,ar ARG,GK,Huracán,Primera Division Argentina,26,1996,2.0,68,43,25,7,0,0,0,0,0,0,0,0,47,0,0,ar ARG,GK,Huracán,Primera Division Argentina,26,1996,2.0,0,0.00,0,0,0,0,0,0,0,0.00,0,0,0,0,0,0,ar ARG,GK,Huracán,Primera Division Argentina,26,1996,2.0,0,0,0,0,0,0,0,0,0,0,0,0,0,0,3,1,ar ARG,GK,Huracán,Primera Division Argentina,26,1996,2.0,74,55,73,1,0,0,74,0,0,0,0,0,41,181,128,0,0,0,0,0,31,0,ar ARG,GK,Huracán,Primera Division Argentina,26,1996,2,180,90,7.4,2.0,2,90,2,0,0,18,0.50,1,3,-2,-1.00,-0.64,1.8,1.8,0.0,-0.01,-0.03,ar ARG,GK,Huracán,Primera Division Argentina,26,1996,2.0,0,0,0,0,0,0,0,0,0,0,0,0,3,0,0,0
Jhonatan Candia,uy URU,FW,Rosario Central,Primera Division Argentina,27,1995,11,7,559,6.2,1,1,2,1,0,0,1,0,2.0,2.0,1.0,3.0,3,10,31,0.16,0.16,0.32,0.16,0.32,0.33,0.16,0.49,0.33,0.49,uy URU,FW,Rosario Central,Primera Division Argentina,27,1995,6.2,1,13,3,23.1,2.09,0.48,0.08,0.33,12.7,0,0,0,2.0,2.0,0.16,-1.0,-1.0,uy URU,FW,Rosario Central,Primera Division Argentina,27,1995,6.2,107,151,70.9,1565,233,58,78,74.4,29,37,78.4,9,11,81.8,1,1.0,0.6,0.0,13,8,2,0,10,uy URU,FW,Rosario Central,Primera Division Argentina,27,1995,6.2,151,140,11,0,0,1,5,0,0,0,0,0,107,0,7,uy URU,FW,Rosario Central,Primera Division Argentina,27,1995,6.2,16,2.58,16,0,0,0,0,0,1,0.16,1,0,0,0,0,0,uy URU,FW,Rosario Central,Primera Division Argentina,27,1995,6.2,3,3,0,2,1,3,5,60.0,2,5,0,5,3,6,8,0,uy URU,FW,Rosario Central,Primera Division Argentina,27,1995,6.2,207,8,11,101,95,19,207,9,4,44.4,4,44.4,91,395,115,3,2,1,12,8,150,31,uy URU,FW,Rosario Central,Primera Division Argentina,27,1995,11,559,51,23.0,6.2,7,72,3,4,15,5,1.64,9,7,+2,+0.32,+0.08,7.1,7.9,-0.9,-0.14,-0.15,uy URU,FW,Rosario Central,Primera Division Argentina,27,1995,6.2,1,0,0,8,5,2,5,3,3,0,0,0,15,26,15,63.4
Ezequiel Cañete,ar ARG,"FW,MF",Unión,Primera Division Argentina,23,1999,17,7,593,6.6,0,1,1,0,0,0,1,0,0.5,0.5,1.2,1.7,5,33,11,0.00,0.15,0.15,0.00,0.15,0.08,0.18,0.26,0.08,0.26,ar ARG,"FW,MF",Unión,Primera Division Argentina,23,1999,6.6,0,9,3,33.3,1.37,0.46,0.00,0.00,20.3,0,0,0,0.5,0.5,0.06,-0.5,-0.5,ar ARG,"FW,MF",Unión,Primera Division Argentina,23,1999,6.6,212,291,72.9,3867,1113,100,123,81.3,86,108,79.6,25,43,58.1,1,1.2,0.2,-0.2,9,29,2,0,33,ar ARG,"FW,MF",Unión,Primera Division Argentina,23,1999,6.6,291,272,18,6,0,7,11,6,5,1,3,0,212,1,6,ar ARG,"FW,MF",Unión,Primera Division Argentina,23,1999,6.6,13,1.97,12,0,0,0,1,0,1,0.15,1,0,0,0,0,0,ar ARG,"FW,MF",Unión,Primera Division Argentina,23,1999,6.6,17,10,7,8,2,5,17,29.4,12,9,4,5,4,21,7,0,ar ARG,"FW,MF",Unión,Primera Division Argentina,23,1999,6.6,384,9,61,224,102,11,384,12,3,25.0,8,66.7,236,1064,357,5,4,0,16,12,253,11,ar ARG,"FW,MF",Unión,Primera Division Argentina,23,1999,17,593,35,24.4,6.6,7,67,1,10,12,6,1.06,4,9,-5,-0.76,-0.71,5.4,8.0,-2.6,-0.40,-0.20,ar ARG,"FW,MF",Unión,Primera Division Argentina,23,1999,6.6,1,0,0,12,14,0,11,4,10,0,0,0,47,15,22,40.5
Ramón Cansinos,ar ARG,FW,Cen. Córdoba–SdE,Primera Division Argentina,20,2002,5,1,117,1.3,0,0,0,0,0,0,1,0,0.2,0.2,0.0,0.2,0,3,10,0.00,0.00,0.00,0.00,0.00,0.13,0.02,0.14,0.13,0.14,ar ARG,FW,Cen. Córdoba–SdE,Primera Division Argentina,20,2002,1.3,0,4,2,50.0,3.08,1.54,0.00,0.00,18.8,0,0,0,0.2,0.2,0.04,-0.2,-0.2,ar ARG,FW,Cen. Córdoba–SdE,Primera Division Argentina,20,2002,1.3,24,40,60.0,408,83,10,17,58.8,9,10,90.0,3,6,50.0,0,0.0,0.0,0.0,1,2,2,1,3,ar ARG,FW,Cen. Córdoba–SdE,Primera Division Argentina,20,2002,1.3,40,38,1,0,0,1,5,0,0,0,0,0,24,1,2,ar ARG,FW,Cen. Córdoba–SdE,Primera Division Argentina,20,2002,1.3,3,2.29,2,0,0,1,0,0,0,0.00,0,0,0,0,0,0,ar ARG,FW,Cen. Córdoba–SdE,Primera Division Argentina,20,2002,1.3,3,3,1,2,0,2,4,50.0,2,2,0,2,0,3,0,0,ar ARG,FW,Cen. Córdoba–SdE,Primera Division Argentina,20,2002,1.3,60,0,4,31,27,5,60,4,3,75.0,1,25.0,33,179,51,0,1,0,2,6,40,10,ar ARG,FW,Cen. Córdoba–SdE,Primera Division Argentina,20,2002,5,117,23,4.8,1.3,1,58,0,4,15,17,0.20,1,2,-1,-0.77,-0.42,1.5,0.6,+0.8,+0.64,+1.09,ar ARG,FW,Cen. Córdoba–SdE,Primera Division Argentina,20,2002,1.3,1,0,0,6,4,0,5,0,3,0,0,0,8,5,7,41.7
Alan Cantero,ar ARG,"FW,MF",Barracas Central,Primera Division Argentina,24,1998,16,2,504,5.6,1,0,1,1,0,0,1,0,0.8,0.8,0.1,0.9,18,10,43,0.18,0.00,0.18,0.18,0.18,0.14,0.02,0.16,0.14,0.16,ar ARG,"FW,MF",Barracas Central,Primera Division Argentina,24,1998,5.6,1,11,4,36.4,1.96,0.71,0.09,0.25,17.9,0,0,0,0.8,0.8,0.07,+0.2,+0.2,ar ARG,"FW,MF",Barracas Central,Primera Division Argentina,24,1998,5.6,67,113,59.3,975,269,37,54,68.5,22,31,71.0,4,10,40.0,0,0.1,0.2,-0.1,2,4,5,0,10,ar ARG,"FW,MF",Barracas Central,Primera Division Argentina,24,1998,5.6,113,106,6,1,0,2,7,2,1,0,0,0,67,1,9,ar ARG,"FW,MF",Barracas Central,Primera Division Argentina,24,1998,5.6,9,1.60,4,0,1,2,2,0,1,0.18,0,0,0,0,1,0,ar ARG,"FW,MF",Barracas Central,Primera Division Argentina,24,1998,5.6,5,3,2,1,2,3,11,27.3,8,2,0,2,1,6,5,0,ar ARG,"FW,MF",Barracas Central,Primera Division Argentina,24,1998,5.6,205,2,21,92,96,21,205,42,19,45.2,19,45.2,123,923,425,18,11,10,22,15,146,43,ar ARG,"FW,MF",Barracas Central,Primera Division Argentina,24,1998,16,504,32,20.7,5.6,2,56,0,14,28,7,1.25,8,5,+3,+0.54,+0.91,5.0,6.7,-1.8,-0.32,-0.12,ar ARG,"FW,MF",Barracas Central,Primera Division Argentina,24,1998,5.6,1,0,0,6,18,1,7,1,3,1,0,0,25,11,26,29.7
Gustavo Canto,ar ARG,DF,Cen. Córdoba–SdE,Primera Division Argentina,28,1994,24,23,"2,087",23.2,0,0,0,0,0,0,7,0,1.1,1.1,0.5,1.6,23,78,36,0.00,0.00,0.00,0.00,0.00,0.05,0.02,0.07,0.05,0.07,ar ARG,DF,Cen. Córdoba–SdE,Primera Division Argentina,28,1994,23.2,0,19,3,15.8,0.82,0.13,0.00,0.00,14.5,1,0,0,1.1,1.1,0.06,-1.1,-1.1,ar ARG,DF,Cen. Córdoba–SdE,Primera Division Argentina,28,1994,23.2,647,977,66.2,11330,5730,277,354,78.2,295,399,73.9,60,157,38.2,0,0.5,0.5,-0.5,7,53,9,1,78,ar ARG,DF,Cen. Córdoba–SdE,Primera Division Argentina,28,1994,23.2,977,821,150,18,0,2,25,132,0,0,0,0,647,6,35,ar ARG,DF,Cen. Córdoba–SdE,Primera Division Argentina,28,1994,23.2,31,1.34,24,3,2,2,0,0,1,0.04,1,0,0,0,0,0,ar ARG,DF,Cen. Córdoba–SdE,Primera Division Argentina,28,1994,23.2,57,35,41,14,2,27,50,54.0,23,46,16,30,47,104,113,0,ar ARG,DF,Cen. Córdoba–SdE,Primera Division Argentina,28,1994,23.2,1301,124,581,535,197,34,1301,32,16,50.0,15,46.9,487,2876,1463,23,8,2,13,7,536,36,ar ARG,DF,Cen. Córdoba–SdE,Primera Division Argentina,28,1994,24,"2,087",87,85.9,23.2,23,90,23,1,17,1,1.04,17,28,-11,-0.47,-0.74,18.9,29.9,-11.0,-0.47,-0.55,ar ARG,DF,Cen. Córdoba–SdE,Primera Division Argentina,28,1994,23.2,7,0,0,23,19,4,25,47,35,0,0,0,129,74,41,64.3
Nicolás Capraro,ar ARG,DF,Barracas Central,Primera Division Argentina,24,1998,17,17,"1,508",16.8,1,0,1,1,0,0,7,2,0.4,0.4,0.3,0.7,10,41,6,0.06,0.00,0.06,0.06,0.06,0.03,0.02,0.04,0.03,0.04,ar ARG,DF,Barracas Central,Primera Division Argentina,24,1998,16.8,1,7,2,28.6,0.42,0.12,0.14,0.50,22.1,0,0,0,0.4,0.4,0.06,+0.6,+0.6,ar ARG,DF,Barracas Central,Primera Division Argentina,24,1998,16.8,477,686,69.5,9262,4217,154,202,76.2,262,324,80.9,51,130,39.2,0,0.3,0.4,-0.3,7,26,2,1,41,ar ARG,DF,Barracas Central,Primera Division Argentina,24,1998,16.8,686,644,40,29,0,10,3,11,0,0,0,0,477,2,10,ar ARG,DF,Barracas Central,Primera Division Argentina,24,1998,16.8,10,0.60,8,1,0,0,1,0,1,0.06,1,0,0,0,0,0,ar ARG,DF,Barracas Central,Primera Division Argentina,24,1998,16.8,32,18,18,12,2,20,32,62.5,12,20,7,13,25,57,71,1,ar ARG,DF,Barracas Central,Primera Division Argentina,24,1998,16.8,884,75,442,409,40,9,884,21,12,57.1,7,33.3,378,1742,1030,10,4,0,22,5,388,6,ar ARG,DF,Barracas Central,Primera Division Argentina,24,1998,17,"1,508",89,62.1,16.8,17,89,15,0,0,8,1.47,19,18,+1,+0.06,+0.65,15.2,16.4,-1.2,-0.07,+0.40,ar ARG,DF,Barracas Central,Primera Division Argentina,24,1998,16.8,7,2,2,24,10,0,3,25,18,0,0,0,114,68,48,58.6
Johan Carbonero,co COL,FW,Racing Club,Primera Division Argentina,23,1999,7,6,451,5.0,0,0,0,0,0,0,3,0,1.1,1.1,0.2,1.3,32,15,68,0.00,0.00,0.00,0.00,0.00,0.22,0.03,0.25,0.22,0.25,co COL,FW,Racing Club,Primera Division Argentina,23,1999,5.0,0,8,0,0.0,1.60,0.00,0.00,0,19.2,0,0,0,1.1,1.1,0.14,-1.1,-1.1,co COL,FW,Racing Club,Primera Division Argentina,23,1999,5.0,107,138,77.5,1718,277,53,61,86.9,35,46,76.1,11,16,68.8,0,0.2,0.3,-0.2,5,8,10,1,15,co COL,FW,Racing Club,Primera Division Argentina,23,1999,5.0,138,136,2,0,0,2,8,0,2,0,0,0,107,0,5,co COL,FW,Racing Club,Primera Division Argentina,23,1999,5.0,22,4.38,10,0,8,0,4,0,0,0.00,0,0,0,0,0,0,co COL,FW,Racing Club,Primera Division Argentina,23,1999,5.0,2,0,0,1,1,1,4,25.0,3,5,0,5,3,5,0,0,co COL,FW,Racing Club,Primera Division Argentina,23,1999,5.0,217,0,5,75,145,23,217,58,29,50.0,22,37.9,174,1483,710,32,14,10,18,10,179,68,co COL,FW,Racing Club,Primera Division Argentina,23,1999,7,451,64,18.6,5.0,6,72,3,1,18,0,2.00,6,3,+3,+0.60,+0.69,4.1,4.3,-0.2,-0.04,+0.16,co COL,FW,Racing Club,Primera Division Argentina,23,1999,5.0,3,0,0,4,9,9,8,3,0,0,0,0,14,2,4,33.3
Edwin Cardona,co COL,"FW,MF",Racing Club,Primera Division Argentina,30,1992,5,1,90,1.0,0,0,0,0,0,0,1,0,0.1,0.1,0.0,0.1,6,11,6,0.00,0.00,0.00,0.00,0.00,0.05,0.04,0.09,0.05,0.09,co COL,"FW,MF",Racing Club,Primera Division Argentina,30,1992,1.0,0,2,1,50.0,2.00,1.00,0.00,0.00,26.3,0,0,0,0.1,0.1,0.03,-0.1,-0.1,co COL,"FW,MF",Racing Club,Primera Division Argentina,30,1992,1.0,37,60,61.7,681,235,17,22,77.3,14,19,73.7,6,14,42.9,0,0.0,0.1,0.0,1,7,2,0,11,co COL,"FW,MF",Racing Club,Primera Division Argentina,30,1992,1.0,60,51,8,4,0,0,5,1,3,0,3,0,37,1,0,co COL,"FW,MF",Racing Club,Primera Division Argentina,30,1992,1.0,3,2.97,2,1,0,0,0,0,0,0.00,0,0,0,0,0,0,co COL,"FW,MF",Racing Club,Primera Division Argentina,30,1992,1.0,1,1,1,0,0,1,2,50.0,1,1,0,1,0,1,0,0,co COL,"FW,MF",Racing Club,Primera Division Argentina,30,1992,1.0,65,0,4,33,31,0,65,2,2,100.0,0,0.0,39,257,145,6,2,0,2,1,47,6,co COL,"FW,MF",Racing Club,Primera Division Argentina,30,1992,5,90,18,3.7,1.0,1,34,0,4,14,6,0.40,0,2,-2,-2.00,-2.12,0.6,3.1,-2.5,-2.52,-2.44,co COL,"FW,MF",Racing Club,Primera Division Argentina,30,1992,1.0,1,0,0,3,0,0,5,0,1,0,1,0,7,3,4,42.9
Tomás Cardona,ar ARG,DF,Defensa y Just,Primera Division Argentina,27,1995,23,23,"1,984",22.0,2,1,3,2,0,0,10,0,1.6,1.6,0.5,2.1,25,94,1,0.09,0.05,0.14,0.09,0.14,0.07,0.02,0.10,0.07,0.10,ar ARG,DF,Defensa y Just,Primera Division Argentina,27,1995,22.0,2,16,5,31.3,0.73,0.23,0.13,0.40,12.3,0,0,0,1.6,1.6,0.10,+0.4,+0.4,ar ARG,DF,Defensa y Just,Primera Division Argentina,27,1995,22.0,853,1109,76.9,19174,7655,223,258,86.4,453,530,85.5,168,290,57.9,1,0.5,0.6,+0.5,2,92,5,0,94,ar ARG,DF,Defensa y Just,Primera Division Argentina,27,1995,22.0,1109,1063,39,29,2,29,0,3,0,0,0,0,853,7,10,ar ARG,DF,Defensa y Just,Primera Division Argentina,27,1995,22.0,13,0.59,8,0,0,2,0,3,1,0.05,1,0,0,0,0,0,ar ARG,DF,Defensa y Just,Primera Division Argentina,27,1995,22.0,33,22,21,11,1,12,23,52.2,11,33,18,15,36,69,116,0,ar ARG,DF,Defensa y Just,Primera Division Argentina,27,1995,22.0,1367,198,766,567,40,21,1367,8,7,87.5,1,12.5,722,5062,3856,25,9,2,4,2,795,1,ar ARG,DF,Defensa y Just,Primera Division Argentina,27,1995,23,"1,984",86,81.6,22.0,23,86,18,0,0,1,1.87,33,14,+19,+0.86,+2.07,30.6,24.2,+6.4,+0.29,+0.84,ar ARG,DF,Defensa y Just,Primera Division Argentina,27,1995,22.0,10,0,0,24,10,1,0,36,22,0,0,0,108,80,40,66.7
Agustín Cardozo,ar ARG,MF,Tigre,Primera Division Argentina,25,1997,24,13,"1,347",15.0,1,0,1,1,0,0,2,0,0.4,0.4,0.1,0.5,25,94,9,0.07,0.00,0.07,0.07,0.07,0.03,0.01,0.04,0.03,0.04,ar ARG,MF,Tigre,Primera Division Argentina,25,1997,15.0,1,9,4,44.4,0.60,0.27,0.11,0.25,20.7,0,0,0,0.4,0.4,0.04,+0.6,+0.6,ar ARG,MF,Tigre,Primera Division Argentina,25,1997,15.0,744,864,86.1,13340,4039,305,346,88.2,362,394,91.9,70,102,68.6,0,0.1,0.4,-0.1,5,71,4,0,94,ar ARG,MF,Tigre,Primera Division Argentina,25,1997,15.0,864,841,23,21,0,9,1,2,0,0,0,0,744,0,5,ar ARG,MF,Tigre,Primera Division Argentina,25,1997,15.0,25,1.67,17,0,2,2,3,1,1,0.07,1,0,0,0,0,0,ar ARG,MF,Tigre,Primera Division Argentina,25,1997,15.0,27,15,15,10,2,14,26,53.8,12,11,2,9,21,48,22,0,ar ARG,MF,Tigre,Primera Division Argentina,25,1997,15.0,992,29,217,704,90,6,992,25,17,68.0,6,24.0,604,3740,2121,25,17,0,15,4,643,9,ar ARG,MF,Tigre,Primera Division Argentina,25,1997,24,"1,347",56,55.4,15.0,13,86,11,11,20,3,1.17,14,16,-2,-0.13,-0.13,19.1,17.4,+1.7,+0.11,-0.09,ar ARG,MF,Tigre,Primera Division Argentina,25,1997,15.0,2,0,0,14,21,0,1,21,15,0,0,0,152,36,14,72.0
Facundo Cardozo,ar ARG,DF,Arsenal,Primera Division Argentina,27,1995,9,6,640,7.1,0,0,0,0,0,0,2,0,0.6,0.6,0.1,0.8,10,30,7,0.00,0.00,0.00,0.00,0.00,0.09,0.02,0.11,0.09,0.11,ar ARG,DF,Arsenal,Primera Division Argentina,27,1995,7.1,0,8,1,12.5,1.13,0.14,0.00,0.00,22.1,0,0,0,0.6,0.6,0.08,-0.6,-0.6,ar ARG,DF,Arsenal,Primera Division Argentina,27,1995,7.1,263,341,77.1,5066,2239,86,97,88.7,145,177,81.9,27,56,48.2,0,0.1,0.2,-0.1,3,25,2,0,30,ar ARG,DF,Arsenal,Primera Division Argentina,27,1995,7.1,341,298,42,10,0,6,5,30,0,0,0,0,263,1,5,ar ARG,DF,Arsenal,Primera Division Argentina,27,1995,7.1,6,0.84,4,0,1,1,0,0,0,0.00,0,0,0,0,0,0,ar ARG,DF,Arsenal,Primera Division Argentina,27,1995,7.1,15,9,10,5,0,8,15,53.3,7,9,2,7,7,22,33,1,ar ARG,DF,Arsenal,Primera Division Argentina,27,1995,7.1,420,42,178,206,40,9,420,7,5,71.4,1,14.3,197,1123,814,10,3,0,4,4,216,7,ar ARG,DF,Arsenal,Primera Division Argentina,27,1995,9,640,71,26.3,7.1,6,89,5,3,36,14,0.11,2,14,-12,-1.69,-1.49,4.7,10.0,-5.3,-0.74,-0.42,ar ARG,DF,Arsenal,Primera Division Argentina,27,1995,7.1,2,0,0,9,7,0,5,7,9,0,0,0,49,22,10,68.8
Jorge Carranza,ar ARG,GK,Instituto,Primera Division Argentina,41,1981,17,17,"1,522",16.9,0,0,0,0,0,0,1,1,0.0,0.0,0.0,0.0,1,1,0,0.00,0.00,0.00,0.00,0.00,0.00,0.00,0.00,0.00,0.00,ar ARG,GK,Instituto,Primera Division Argentina,41,1981,16.9,0,0,0,0,0.00,0.00,0,0,0,0,0,0,0.0,0.0,0,0.0,0.0,ar ARG,GK,Instituto,Primera Division Argentina,41,1981,16.9,299,470,63.6,9615,7851,54,54,100.0,98,102,96.1,142,308,46.1,0,0.0,0.0,0.0,0,9,0,0,1,ar ARG,GK,Instituto,Primera Division Argentina,41,1981,16.9,470,295,175,56,0,0,0,0,0,0,0,0,299,0,1,ar ARG,GK,Instituto,Primera Division Argentina,41,1981,16.9,1,0.06,0,1,0,0,0,0,0,0.00,0,0,0,0,0,0,ar ARG,GK,Instituto,Primera Division Argentina,41,1981,16.9,1,1,1,0,0,1,3,33.3,2,0,0,0,0,1,11,0,ar ARG,GK,Instituto,Primera Division Argentina,41,1981,16.9,515,425,509,6,0,0,515,1,1,100.0,0,0.0,260,1697,1041,1,0,0,0,0,141,0,ar ARG,GK,Instituto,Primera Division Argentina,41,1981,17,"1,522",90,62.6,16.9,17,90,16,0,0,8,1.18,14,20,-6,-0.35,+0.14,21.8,18.2,+3.6,+0.21,+0.18,ar ARG,GK,Instituto,Primera Division Argentina,41,1981,16.9,1,1,0,1,2,0,0,0,1,0,1,0,14,2,0,100.0
Guido Carrillo,ar ARG,FW,Estudiantes–LP,Primera Division Argentina,31,1991,17,8,761,8.5,1,0,1,1,0,0,1,0,1.4,1.4,1.0,2.5,3,26,58,0.12,0.00,0.12,0.12,0.12,0.17,0.12,0.29,0.17,0.29,ar ARG,FW,Estudiantes–LP,Primera Division Argentina,31,1991,8.5,1,19,8,42.1,2.25,0.95,0.05,0.13,13.3,0,0,0,1.4,1.4,0.08,-0.4,-0.4,ar ARG,FW,Estudiantes–LP,Primera Division Argentina,31,1991,8.5,184,264,69.7,2611,460,114,143,79.7,52,81,64.2,12,16,75.0,0,1.0,0.8,-1.0,14,13,7,0,26,ar ARG,FW,Estudiantes–LP,Primera Division Argentina,31,1991,8.5,264,255,7,0,0,1,0,0,0,0,0,0,184,2,1,ar ARG,FW,Estudiantes–LP,Primera Division Argentina,31,1991,8.5,24,2.83,23,0,0,1,0,0,0,0.00,0,0,0,0,0,0,ar ARG,FW,Estudiantes–LP,Primera Division Argentina,31,1991,8.5,2,0,1,1,0,0,3,0.0,3,6,0,6,2,4,6,0,ar ARG,FW,Estudiantes–LP,Primera Division Argentina,31,1991,8.5,346,7,13,167,167,45,346,14,7,50.0,7,50.0,149,747,144,3,6,2,25,12,283,58,ar ARG,FW,Estudiantes–LP,Primera Division Argentina,31,1991,17,761,45,31.3,8.5,8,72,2,9,21,1,1.59,8,8,0,0.00,-0.59,9.3,7.6,+1.7,+0.20,-0.23,ar ARG,FW,Estudiantes–LP,Primera Division Argentina,31,1991,8.5,1,0,0,12,15,2,0,2,0,0,1,0,17,70,61,53.4
Lucas Carrizo,ar ARG,DF,Huracán,Primera Division Argentina,25,1997,9,6,576,6.4,0,0,0,0,0,0,1,0,0.1,0.1,0.0,0.2,6,20,11,0.00,0.00,0.00,0.00,0.00,0.02,0.01,0.03,0.02,0.03,ar ARG,DF,Huracán,Primera Division Argentina,25,1997,6.4,0,3,1,33.3,0.47,0.16,0.00,0.00,21.9,2,0,0,0.1,0.1,0.04,-0.1,-0.1,ar ARG,DF,Huracán,Primera Division Argentina,25,1997,6.4,210,331,63.4,4799,1980,61,72,84.7,98,135,72.6,50,108,46.3,0,0.0,0.2,0.0,2,26,4,3,20,ar ARG,DF,Huracán,Primera Division Argentina,25,1997,6.4,331,268,62,13,1,9,18,34,6,2,4,0,210,1,11,ar ARG,DF,Huracán,Primera Division Argentina,25,1997,6.4,9,1.41,6,2,0,1,0,0,0,0.00,0,0,0,0,0,0,ar ARG,DF,Huracán,Primera Division Argentina,25,1997,6.4,24,17,21,3,0,13,17,76.5,4,8,1,7,7,31,20,0,ar ARG,DF,Huracán,Primera Division Argentina,25,1997,6.4,403,32,180,178,52,4,403,6,4,66.7,1,16.7,166,881,505,6,6,0,4,2,188,11,ar ARG,DF,Huracán,Primera Division Argentina,25,1997,9,576,64,23.7,6.4,6,90,5,3,12,16,1.33,5,6,-1,-0.16,+0.33,8.3,5.5,+2.9,+0.45,+0.56,ar ARG,DF,Huracán,Primera Division Argentina,25,1997,6.4,1,0,0,7,3,0,18,7,17,0,0,0,47,8,4,66.7
Milton Casco,ar ARG,DF,River Plate,Primera Division Argentina,34,1988,22,21,"1,774",19.7,0,4,4,0,0,0,3,0,0.9,0.9,1.5,2.4,32,144,100,0.00,0.20,0.20,0.00,0.20,0.04,0.07,0.12,0.04,0.12,ar ARG,DF,River Plate,Primera Division Argentina,34,1988,19.7,0,8,1,12.5,0.41,0.05,0.00,0.00,18.1,0,0,0,0.9,0.9,0.11,-0.9,-0.9,ar ARG,DF,River Plate,Primera Division Argentina,34,1988,19.7,1116,1410,79.1,19043,8032,507,577,87.9,497,610,81.5,90,158,57.0,4,1.5,3.0,+2.5,23,122,36,17,144,ar ARG,DF,River Plate,Primera Division Argentina,34,1988,19.7,1410,1197,209,12,0,3,48,197,0,0,0,0,1116,4,27,ar ARG,DF,River Plate,Primera Division Argentina,34,1988,19.7,58,2.84,53,5,0,0,0,0,8,0.39,7,1,0,0,0,0,ar ARG,DF,River Plate,Primera Division Argentina,34,1988,19.7,37,22,17,18,2,24,39,61.5,15,19,10,9,14,51,31,0,ar ARG,DF,River Plate,Primera Division Argentina,34,1988,19.7,1582,42,336,879,381,34,1582,30,17,56.7,11,36.7,804,3071,1681,32,23,2,20,6,972,100,ar ARG,DF,River Plate,Primera Division Argentina,34,1988,22,"1,774",81,73.0,19.7,21,82,14,1,45,2,2.32,34,12,+22,+1.12,+0.02,37.5,14.5,+23.0,+1.12,+0.80,ar ARG,DF,River Plate,Primera Division Argentina,34,1988,19.7,3,0,0,23,12,2,48,14,22,0,0,0,144,24,20,54.5
Gonzalo Castellani,ar ARG,MF,Defensa y Just,Primera Division Argentina,35,1987,10,2,317,3.5,0,0,0,0,0,0,2,1,0.2,0.2,0.2,0.5,6,23,17,0.00,0.00,0.00,0.00,0.00,0.07,0.06,0.13,0.07,0.13,ar ARG,MF,Defensa y Just,Primera Division Argentina,35,1987,3.5,0,3,0,0.0,0.85,0.00,0.00,0,20.5,0,0,0,0.2,0.2,0.08,-0.2,-0.2,ar ARG,MF,Defensa y Just,Primera Division Argentina,35,1987,3.5,181,224,80.8,2831,906,101,115,87.8,60,72,83.3,14,23,60.9,0,0.2,0.8,-0.2,3,17,1,0,23,ar ARG,MF,Defensa y Just,Primera Division Argentina,35,1987,3.5,224,210,14,6,1,0,9,3,5,1,4,0,181,0,3,ar ARG,MF,Defensa y Just,Primera Division Argentina,35,1987,3.5,5,1.42,4,1,0,0,0,0,0,0.00,0,0,0,0,0,0,ar ARG,MF,Defensa y Just,Primera Division Argentina,35,1987,3.5,9,7,4,5,0,7,19,36.8,12,10,3,7,6,15,10,1,ar ARG,MF,Defensa y Just,Primera Division Argentina,35,1987,3.5,276,11,70,156,52,6,276,5,3,60.0,1,20.0,148,711,360,6,4,0,10,6,181,17,ar ARG,MF,Defensa y Just,Primera Division Argentina,35,1987,10,317,32,13.0,3.5,2,77,0,8,21,11,1.30,2,2,0,0.00,-0.55,4.1,4.4,-0.3,-0.09,-0.25,ar ARG,MF,Defensa y Just,Primera Division Argentina,35,1987,3.5,2,1,1,10,10,0,9,6,7,0,0,0,30,8,5,61.5
Facundo Castelli,ar ARG,"FW,MF",Cen. Córdoba–SdE,Primera Division Argentina,27,1995,18,9,868,9.6,1,2,3,1,0,1,3,0,4.0,3.2,1.9,5.2,12,24,46,0.10,0.21,0.31,0.10,0.31,0.42,0.20,0.62,0.34,0.54,ar ARG,"FW,MF",Cen. Córdoba–SdE,Primera Division Argentina,27,1995,9.6,1,18,7,38.9,1.87,0.73,0.06,0.14,15.8,0,0,1,4.0,3.2,0.18,-3.0,-2.2,ar ARG,"FW,MF",Cen. Córdoba–SdE,Primera Division Argentina,27,1995,9.6,89,181,49.2,1153,351,53,101,52.5,24,44,54.5,3,8,37.5,2,1.9,1.0,+0.1,9,16,1,0,24,ar ARG,"FW,MF",Cen. Córdoba–SdE,Primera Division Argentina,27,1995,9.6,181,175,5,0,2,2,7,2,0,0,0,0,89,1,8,ar ARG,"FW,MF",Cen. Córdoba–SdE,Primera Division Argentina,27,1995,9.6,20,2.08,11,0,3,0,5,1,2,0.21,2,0,0,0,0,0,ar ARG,"FW,MF",Cen. Córdoba–SdE,Primera Division Argentina,27,1995,9.6,15,10,3,6,6,8,10,80.0,2,10,1,9,1,16,12,0,ar ARG,"FW,MF",Cen. Córdoba–SdE,Primera Division Argentina,27,1995,9.6,300,12,23,125,156,33,299,24,11,45.8,9,37.5,152,725,332,12,10,5,27,17,216,46,ar ARG,"FW,MF",Cen. Córdoba–SdE,Primera Division Argentina,27,1995,18,868,48,35.7,9.6,9,74,2,9,22,5,1.17,8,10,-2,-0.21,+0.25,11.3,11.7,-0.4,-0.04,+0.56,ar ARG,"FW,MF",Cen. Córdoba–SdE,Primera Division Argentina,27,1995,9.6,3,0,0,17,22,9,7,1,10,1,0,0,35,38,57,40.0
Rodrigo Castillo,ar ARG,FW,Gimnasia–LP,Primera Division Argentina,23,1999,9,5,423,4.7,1,1,2,1,0,0,1,0,1.9,1.9,0.3,2.2,7,15,30,0.21,0.21,0.43,0.21,0.43,0.41,0.06,0.47,0.41,0.47,ar ARG,FW,Gimnasia–LP,Primera Division Argentina,23,1999,4.7,1,12,6,50.0,2.55,1.28,0.08,0.17,11.9,0,0,0,1.9,1.9,0.17,-0.9,-0.9,ar ARG,FW,Gimnasia–LP,Primera Division Argentina,23,1999,4.7,93,134,69.4,1336,299,52,62,83.9,33,54,61.1,4,5,80.0,1,0.3,0.4,+0.7,3,5,3,0,15,ar ARG,FW,Gimnasia–LP,Primera Division Argentina,23,1999,4.7,134,125,9,0,0,0,1,0,0,0,0,0,93,0,2,ar ARG,FW,Gimnasia–LP,Primera Division Argentina,23,1999,4.7,19,4.04,12,0,1,5,1,0,2,0.43,1,0,0,1,0,0,ar ARG,FW,Gimnasia–LP,Primera Division Argentina,23,1999,4.7,7,4,1,4,2,4,6,66.7,2,7,2,5,1,8,5,0,ar ARG,FW,Gimnasia–LP,Primera Division Argentina,23,1999,4.7,196,7,14,89,97,32,196,13,4,30.8,8,61.5,99,485,225,7,4,3,13,7,135,30,ar ARG,FW,Gimnasia–LP,Primera Division Argentina,23,1999,9,423,47,17.4,4.7,5,70,1,4,19,12,0.44,5,8,-3,-0.64,-0.15,7.0,6.2,+0.8,+0.18,+0.41,ar ARG,FW,Gimnasia–LP,Primera Division Argentina,23,1999,4.7,1,0,0,6,3,2,1,1,4,0,0,0,16,27,25,51.9
Bryan Castrillón,co COL,"FW,MF",Unión,Primera Division Argentina,23,1999,12,0,236,2.6,2,1,3,2,0,0,1,0,1.5,1.5,0.8,2.2,9,11,27,0.76,0.38,1.14,0.76,1.14,0.56,0.29,0.85,0.56,0.85,co COL,"FW,MF",Unión,Primera Division Argentina,23,1999,2.6,2,6,3,50.0,2.29,1.14,0.33,0.67,13.9,0,0,0,1.5,1.5,0.25,+0.5,+0.5,co COL,"FW,MF",Unión,Primera Division Argentina,23,1999,2.6,58,82,70.7,776,286,42,47,89.4,9,15,60.0,5,16,31.3,1,0.8,0.2,+0.2,6,7,3,0,11,co COL,"FW,MF",Unión,Primera Division Argentina,23,1999,2.6,82,75,7,1,0,0,14,1,5,1,4,0,58,0,2,co COL,"FW,MF",Unión,Primera Division Argentina,23,1999,2.6,14,5.29,12,1,0,1,0,0,1,0.38,1,0,0,0,0,0,co COL,"FW,MF",Unión,Primera Division Argentina,23,1999,2.6,5,3,2,3,0,0,4,0.0,4,5,0,5,1,6,0,0,co COL,"FW,MF",Unión,Primera Division Argentina,23,1999,2.6,134,0,16,54,71,16,134,16,7,43.8,9,56.3,82,616,283,9,10,3,13,5,87,27,co COL,"FW,MF",Unión,Primera Division Argentina,23,1999,12,236,20,9.7,2.6,0,0,0,12,20,13,1.00,3,4,-1,-0.38,-0.18,4.2,2.5,+1.7,+0.66,+1.00,co COL,"FW,MF",Unión,Primera Division Argentina,23,1999,2.6,1,0,0,3,4,3,14,1,3,0,0,0,18,1,1,50.0
Alexis Castro,ar ARG,"MF,FW",Tigre,Primera Division Argentina,28,1994,22,19,"1,497",16.6,1,2,3,1,0,0,0,0,2.2,2.2,4.1,6.3,32,74,124,0.06,0.12,0.18,0.06,0.18,0.13,0.25,0.38,0.13,0.38,ar ARG,"MF,FW",Tigre,Primera Division Argentina,28,1994,16.6,1,24,6,25.0,1.44,0.36,0.04,0.17,19.5,6,0,0,2.2,2.2,0.09,-1.2,-1.2,ar ARG,"MF,FW",Tigre,Primera Division Argentina,28,1994,16.6,550,768,71.6,9064,3064,291,367,79.3,177,228,77.6,66,125,52.8,2,4.1,4.1,-2.1,43,52,19,8,74,ar ARG,"MF,FW",Tigre,Primera Division Argentina,28,1994,16.6,768,701,63,19,5,4,95,1,42,8,32,0,550,4,19,ar ARG,"MF,FW",Tigre,Primera Division Argentina,28,1994,16.6,75,4.51,42,24,6,3,0,0,4,0.24,2,2,0,0,0,0,ar ARG,"MF,FW",Tigre,Primera Division Argentina,28,1994,16.6,49,25,15,29,5,27,62,43.5,35,25,3,22,17,66,15,0,ar ARG,"MF,FW",Tigre,Primera Division Argentina,28,1994,16.6,980,15,136,502,355,32,980,61,33,54.1,26,42.6,534,2690,1179,32,24,7,35,28,599,124,ar ARG,"MF,FW",Tigre,Primera Division Argentina,28,1994,22,"1,497",68,61.6,16.6,19,75,2,3,26,0,1.27,16,17,-1,-0.06,+0.04,21.2,16.9,+4.3,+0.26,+0.27,ar ARG,"MF,FW",Tigre,Primera Division Argentina,28,1994,16.6,0,0,0,22,13,1,95,17,25,0,0,0,122,16,13,55.2
Lucas Castro,ar ARG,"MF,FW",Huracán,Primera Division Argentina,33,1989,11,6,599,6.7,0,0,0,0,0,0,0,0,1.0,1.0,0.9,1.9,20,48,48,0.00,0.00,0.00,0.00,0.00,0.15,0.14,0.28,0.15,0.28,ar ARG,"MF,FW",Huracán,Primera Division Argentina,33,1989,6.7,0,13,1,7.7,1.95,0.15,0.00,0.00,19.5,1,0,0,1.0,1.0,0.07,-1.0,-1.0,ar ARG,"MF,FW",Huracán,Primera Division Argentina,33,1989,6.7,233,335,69.6,3883,1251,113,141,80.1,90,121,74.4,22,45,48.9,0,0.9,1.0,-0.9,15,37,8,2,48,ar ARG,"MF,FW",Huracán,Primera Division Argentina,33,1989,6.7,335,319,15,7,1,0,22,4,2,1,1,0,233,1,13,ar ARG,"MF,FW",Huracán,Primera Division Argentina,33,1989,6.7,30,4.49,27,2,1,0,0,0,0,0.00,0,0,0,0,0,0,ar ARG,"MF,FW",Huracán,Primera Division Argentina,33,1989,6.7,11,9,2,7,2,7,13,53.8,6,5,0,5,5,16,4,0,ar ARG,"MF,FW",Huracán,Primera Division Argentina,33,1989,6.7,426,5,37,237,158,18,426,30,19,63.3,7,23.3,276,1500,811,20,19,4,27,9,301,48,ar ARG,"MF,FW",Huracán,Primera Division Argentina,33,1989,11,599,54,24.7,6.7,6,76,2,5,29,6,0.55,3,8,-5,-0.75,-0.46,6.5,9.6,-3.0,-0.45,-0.63,ar ARG,"MF,FW",Huracán,Primera Division Argentina,33,1989,6.7,0,0,0,5,14,0,22,5,9,0,0,0,49,7,10,41.2
Nicolás Castro,ar ARG,"MF,FW",Platense,Primera Division Argentina,32,1990,25,25,"1,988",22.1,4,1,5,4,0,0,7,0,1.3,1.3,1.0,2.3,36,106,38,0.18,0.05,0.23,0.18,0.23,0.06,0.05,0.10,0.06,0.10,ar ARG,"MF,FW",Platense,Primera Division Argentina,32,1990,22.1,4,31,9,29.0,1.40,0.41,0.13,0.44,27.4,5,0,0,1.3,1.3,0.04,+2.7,+2.7,ar ARG,"MF,FW",Platense,Primera Division Argentina,32,1990,22.1,492,774,63.6,8210,3460,248,317,78.2,154,234,65.8,61,141,43.3,1,1.0,1.7,0.0,25,65,19,7,106,ar ARG,"MF,FW",Platense,Primera Division Argentina,32,1990,22.1,774,671,95,33,0,3,91,5,41,8,31,0,492,8,26,ar ARG,"MF,FW",Platense,Primera Division Argentina,32,1990,22.1,56,2.54,32,14,2,1,7,0,2,0.09,2,0,0,0,0,0,ar ARG,"MF,FW",Platense,Primera Division Argentina,32,1990,22.1,66,39,25,34,7,29,72,40.3,43,44,3,41,27,93,24,0,ar ARG,"MF,FW",Platense,Primera Division Argentina,32,1990,22.1,1105,34,188,569,364,18,1105,78,38,48.7,28,35.9,452,2225,960,36,36,4,55,15,512,38,ar ARG,"MF,FW",Platense,Primera Division Argentina,32,1990,25,"1,988",80,81.8,22.1,25,80,12,0,0,0,1.32,24,21,+3,+0.14,+1.36,17.9,24.7,-6.8,-0.31,+0.44,ar ARG,"MF,FW",Platense,Primera Division Argentina,32,1990,22.1,7,0,0,27,30,0,91,27,39,0,0,0,172,15,21,41.7
Santiago Castro,ar ARG,"FW,MF",Vélez Sarsfield,Primera Division Argentina,18,2004,21,5,640,7.1,1,1,2,1,0,0,1,0,1.0,1.0,0.4,1.4,13,13,52,0.14,0.14,0.28,0.14,0.28,0.14,0.05,0.20,0.14,0.20,ar ARG,"FW,MF",Vélez Sarsfield,Primera Division Argentina,18,2004,7.1,1,14,3,21.4,1.97,0.42,0.07,0.33,17.2,0,0,0,1.0,1.0,0.07,0.0,0.0,ar ARG,"FW,MF",Vélez Sarsfield,Primera Division Argentina,18,2004,7.1,97,167,58.1,1488,402,53,76,69.7,40,58,69.0,3,13,23.1,1,0.4,0.2,+0.6,4,11,4,1,13,ar ARG,"FW,MF",Vélez Sarsfield,Primera Division Argentina,18,2004,7.1,167,157,10,0,0,3,14,6,0,0,0,0,97,0,11,ar ARG,"FW,MF",Vélez Sarsfield,Primera Division Argentina,18,2004,7.1,9,1.26,5,0,1,1,2,0,2,0.28,1,0,0,0,1,0,ar ARG,"FW,MF",Vélez Sarsfield,Primera Division Argentina,18,2004,7.1,9,3,1,6,2,4,16,25.0,12,6,0,6,1,10,13,0,ar ARG,"FW,MF",Vélez Sarsfield,Primera Division Argentina,18,2004,7.1,271,14,34,117,127,25,271,37,15,40.5,19,51.4,147,837,354,13,8,3,21,14,186,52,ar ARG,"FW,MF",Vélez Sarsfield,Primera Division Argentina,18,2004,21,640,30,26.3,7.1,5,80,1,16,15,4,0.81,5,8,-3,-0.42,-0.42,7.0,5.7,+1.4,+0.19,+0.31,ar ARG,"FW,MF",Vélez Sarsfield,Primera Division Argentina,18,2004,7.1,1,0,0,18,15,4,14,1,3,0,0,0,28,23,25,47.9
Tomas Castro,ar ARG,MF,Belgrano,Primera Division Argentina,20,2002,8,6,412,4.6,0,0,0,0,0,0,1,0,0.0,0.0,0.1,0.1,4,15,15,0.00,0.00,0.00,0.00,0.00,0.00,0.02,0.02,0.00,0.02,ar ARG,MF,Belgrano,Primera Division Argentina,20,2002,4.6,0,0,0,0,0.00,0.00,0,0,0,0,0,0,0.0,0.0,0,0.0,0.0,ar ARG,MF,Belgrano,Primera Division Argentina,20,2002,4.6,142,179,79.3,2457,625,64,71,90.1,61,75,81.3,15,23,65.2,0,0.1,0.1,-0.1,3,17,1,1,15,ar ARG,MF,Belgrano,Primera Division Argentina,20,2002,4.6,179,172,6,2,0,1,5,2,1,1,0,0,142,1,1,ar ARG,MF,Belgrano,Primera Division Argentina,20,2002,4.6,7,1.53,7,0,0,0,0,0,0,0.00,0,0,0,0,0,0,ar ARG,MF,Belgrano,Primera Division Argentina,20,2002,4.6,8,6,1,4,3,4,9,44.4,5,10,0,10,2,10,5,0,ar ARG,MF,Belgrano,Primera Division Argentina,20,2002,4.6,224,5,33,137,56,5,224,7,2,28.6,4,57.1,115,478,231,4,8,2,10,6,137,15,ar ARG,MF,Belgrano,Primera Division Argentina,20,2002,8,412,52,17.0,4.6,6,63,0,2,19,2,1.00,1,5,-4,-0.87,-0.78,2.7,4.3,-1.6,-0.36,-0.11,ar ARG,MF,Belgrano,Primera Division Argentina,20,2002,4.6,1,0,0,6,5,0,5,2,6,0,0,0,29,4,10,28.6
Matías Catalán,cl CHI,DF,Talleres,Primera Division Argentina,30,1992,26,26,"2,272",25.2,1,2,3,1,0,0,3,0,0.7,0.7,1.0,1.7,25,94,10,0.04,0.08,0.12,0.04,0.12,0.03,0.04,0.07,0.03,0.07,cl CHI,DF,Talleres,Primera Division Argentina,30,1992,25.2,1,13,3,23.1,0.51,0.12,0.08,0.33,14.2,0,0,0,0.7,0.7,0.05,+0.3,+0.3,cl CHI,DF,Talleres,Primera Division Argentina,30,1992,25.2,927,1241,74.7,22436,10145,206,256,80.5,499,576,86.6,219,371,59.0,2,1.0,0.6,+1.0,10,105,5,1,94,cl CHI,DF,Talleres,Primera Division Argentina,30,1992,25.2,1241,1175,62,49,1,38,12,10,0,0,0,0,927,4,15,cl CHI,DF,Talleres,Primera Division Argentina,30,1992,25.2,19,0.75,14,0,3,2,0,0,3,0.12,3,0,0,0,0,0,cl CHI,DF,Talleres,Primera Division Argentina,30,1992,25.2,23,17,15,7,1,10,16,62.5,6,22,9,13,27,50,118,0,cl CHI,DF,Talleres,Primera Division Argentina,30,1992,25.2,1495,188,783,664,68,22,1495,18,11,61.1,6,33.3,744,3818,2419,25,15,1,10,3,830,10,cl CHI,DF,Talleres,Primera Division Argentina,30,1992,26,"2,272",87,93.5,25.2,26,87,25,0,0,0,1.92,40,21,+19,+0.75,+0.75,40.6,25.7,+14.9,+0.59,+0.07,cl CHI,DF,Talleres,Primera Division Argentina,30,1992,25.2,3,0,0,15,5,1,12,27,17,0,0,0,162,82,53,60.7
Martín Cauteruccio,uy URU,FW,Independiente,Primera Division Argentina,35,1987,27,24,"2,146",23.8,11,1,12,5,6,7,0,0,11.1,5.6,1.9,7.5,20,32,115,0.46,0.04,0.50,0.21,0.25,0.47,0.08,0.54,0.24,0.31,uy URU,FW,Independiente,Primera Division Argentina,35,1987,23.8,11,35,14,40.0,1.47,0.59,0.14,0.36,16.8,2,6,7,11.1,5.6,0.16,-0.1,-0.6,uy URU,FW,Independiente,Primera Division Argentina,35,1987,23.8,304,420,72.4,4271,842,179,237,75.5,97,117,82.9,12,12,100.0,1,1.9,1.7,-0.9,20,26,14,4,32,uy URU,FW,Independiente,Primera Division Argentina,35,1987,23.8,420,363,55,2,1,0,9,1,0,0,0,0,304,2,14,uy URU,FW,Independiente,Primera Division Argentina,35,1987,23.8,42,1.76,31,0,5,3,3,0,2,0.08,2,0,0,0,0,0,uy URU,FW,Independiente,Primera Division Argentina,35,1987,23.8,10,8,1,6,3,3,16,18.8,13,9,4,5,7,17,18,0,uy URU,FW,Independiente,Primera Division Argentina,35,1987,23.8,606,25,55,271,286,87,599,35,21,60.0,14,40.0,318,1413,502,20,13,6,45,30,406,115,uy URU,FW,Independiente,Primera Division Argentina,35,1987,27,"2,146",79,88.3,23.8,24,87,17,3,23,0,1.04,22,29,-7,-0.29,+0.34,27.7,25.9,+1.8,+0.07,+0.82,uy URU,FW,Independiente,Primera Division Argentina,35,1987,23.8,0,0,0,15,16,25,9,7,8,0,0,0,50,36,64,36.0
Juan Cazares,ec ECU,"MF,FW",Independiente,Primera Division Argentina,30,1992,14,6,662,7.4,0,0,0,0,0,0,0,0,1.0,1.0,2.3,3.2,10,46,39,0.00,0.00,0.00,0.00,0.00,0.13,0.31,0.44,0.13,0.44,ec ECU,"MF,FW",Independiente,Primera Division Argentina,30,1992,7.4,0,13,4,30.8,1.77,0.54,0.00,0.00,24.4,5,0,0,1.0,1.0,0.07,-1.0,-1.0,ec ECU,"MF,FW",Independiente,Primera Division Argentina,30,1992,7.4,242,336,72.0,4168,1394,122,136,89.7,88,119,73.9,28,59,47.5,0,2.3,2.6,-2.3,15,32,11,4,46,ec ECU,"MF,FW",Independiente,Primera Division Argentina,30,1992,7.4,336,290,42,24,4,7,32,3,15,6,6,0,242,4,10,ec ECU,"MF,FW",Independiente,Primera Division Argentina,30,1992,7.4,33,4.49,25,5,3,0,0,0,0,0.00,0,0,0,0,0,0,ec ECU,"MF,FW",Independiente,Primera Division Argentina,30,1992,7.4,8,5,0,7,1,3,8,37.5,5,7,0,7,2,10,2,0,ec ECU,"MF,FW",Independiente,Primera Division Argentina,30,1992,7.4,395,0,25,231,143,11,395,13,10,76.9,2,15.4,227,980,489,10,8,3,19,10,265,39,ec ECU,"MF,FW",Independiente,Primera Division Argentina,30,1992,14,662,47,27.2,7.4,6,64,1,8,35,6,1.00,8,7,+1,+0.14,+0.65,10.9,10.3,+0.6,+0.08,+0.14,ec ECU,"MF,FW",Independiente,Primera Division Argentina,30,1992,7.4,0,0,0,4,2,1,32,2,5,0,0,0,35,4,6,40.0
Ezequiel Centurión,ar ARG,GK,River Plate,Primera Division Argentina,25,1997,1,1,90,1.0,0,0,0,0,0,0,0,1,0.0,0.0,0.0,0.0,0,0,0,0.00,0.00,0.00,0.00,0.00,0.00,0.00,0.00,0.00,0.00,ar ARG,GK,River Plate,Primera Division Argentina,25,1997,1.0,0,0,0,0,0.00,0.00,0,0,0,0,0,0,0.0,0.0,0,0.0,0.0,ar ARG,GK,River Plate,Primera Division Argentina,25,1997,1.0,33,36,91.7,811,600,5,5,100.0,20,20,100.0,8,11,72.7,0,0.0,0.0,0.0,0,0,0,0,0,ar ARG,GK,River Plate,Primera Division Argentina,25,1997,1.0,36,24,12,1,0,0,0,0,0,0,0,0,33,0,0,ar ARG,GK,River Plate,Primera Division Argentina,25,1997,1.0,0,0.00,0,0,0,0,0,0,0,0.00,0,0,0,0,0,0,ar ARG,GK,River Plate,Primera Division Argentina,25,1997,1.0,0,0,0,0,0,0,0,0,0,0,0,0,0,0,1,0,ar ARG,GK,River Plate,Primera Division Argentina,25,1997,1.0,38,35,38,0,0,0,38,0,0,0,0,0,18,90,66,0,0,0,0,0,11,0,ar ARG,GK,River Plate,Primera Division Argentina,25,1997,1,90,90,3.7,1.0,1,90,1,0,0,24,2.00,3,3,0,0.00,-1.15,1.7,2.2,-0.5,-0.47,-1.45,ar ARG,GK,River Plate,Primera Division Argentina,25,1997,1.0,0,1,0,0,0,0,0,0,0,0,0,0,2,0,0,0
Maximiliano Centurión,ar ARG,DF,Arsenal,Primera Division Argentina,23,1999,22,18,"1,763",19.6,0,0,0,0,0,0,3,0,1.3,1.3,0.1,1.5,3,51,2,0.00,0.00,0.00,0.00,0.00,0.07,0.01,0.07,0.07,0.07,ar ARG,DF,Arsenal,Primera Division Argentina,23,1999,19.6,0,15,3,20.0,0.77,0.15,0.00,0.00,12.1,0,0,0,1.3,1.3,0.09,-1.3,-1.3,ar ARG,DF,Arsenal,Primera Division Argentina,23,1999,19.6,591,823,71.8,13134,6146,135,177,76.3,365,431,84.7,90,191,47.1,0,0.1,0.2,-0.1,3,31,2,0,51,ar ARG,DF,Arsenal,Primera Division Argentina,23,1999,19.6,823,785,32,23,1,12,0,1,0,0,0,0,591,6,8,ar ARG,DF,Arsenal,Primera Division Argentina,23,1999,19.6,7,0.36,6,0,0,1,0,0,1,0.05,1,0,0,0,0,0,ar ARG,DF,Arsenal,Primera Division Argentina,23,1999,19.6,26,18,18,8,0,19,29,65.5,10,32,15,17,26,52,118,2,ar ARG,DF,Arsenal,Primera Division Argentina,23,1999,19.6,1071,213,654,393,33,24,1071,9,4,44.4,5,55.6,461,2681,1497,3,2,1,10,2,522,2,ar ARG,DF,Arsenal,Primera Division Argentina,23,1999,22,"1,763",80,72.6,19.6,18,88,17,4,47,2,0.82,15,26,-11,-0.56,+0.11,18.5,24.9,-6.4,-0.33,+0.39,ar ARG,DF,Arsenal,Primera Division Argentina,23,1999,19.6,3,0,0,19,4,0,0,26,18,0,1,0,112,73,37,66.4
Ricardo Centurión,ar ARG,"FW,MF",Barracas Central,Primera Division Argentina,30,1993,10,7,557,6.2,0,1,1,0,0,0,0,0,0.6,0.6,0.5,1.0,21,22,25,0.00,0.16,0.16,0.00,0.16,0.09,0.07,0.17,0.09,0.17,ar ARG,"FW,MF",Barracas Central,Primera Division Argentina,30,1993,6.2,0,11,3,27.3,1.78,0.48,0.00,0.00,21.1,0,0,0,0.6,0.6,0.05,-0.6,-0.6,ar ARG,"FW,MF",Barracas Central,Primera Division Argentina,30,1993,6.2,160,227,70.5,2377,655,98,122,80.3,46,64,71.9,9,19,47.4,1,0.5,0.9,+0.5,3,24,4,3,22,ar ARG,"FW,MF",Barracas Central,Primera Division Argentina,30,1993,6.2,227,217,9,3,0,0,12,6,0,0,0,0,160,1,8,ar ARG,"FW,MF",Barracas Central,Primera Division Argentina,30,1993,6.2,13,2.10,8,1,1,1,2,0,1,0.16,1,0,0,0,0,0,ar ARG,"FW,MF",Barracas Central,Primera Division Argentina,30,1993,6.2,7,5,1,6,0,4,11,36.4,7,4,0,4,3,10,0,0,ar ARG,"FW,MF",Barracas Central,Primera Division Argentina,30,1993,6.2,308,0,22,178,111,18,308,25,12,48.0,10,40.0,212,1212,547,21,8,4,21,16,253,25,ar ARG,"FW,MF",Barracas Central,Primera Division Argentina,30,1993,10,557,56,22.9,6.2,7,72,1,3,19,1,1.20,4,10,-6,-0.97,-1.02,4.4,8.1,-3.7,-0.59,-0.48,ar ARG,"FW,MF",Barracas Central,Primera Division Argentina,30,1993,6.2,0,0,0,4,26,0,12,3,5,0,0,0,32,6,9,40.0
Giuliano Cerato,ar ARG,DF,Instituto,Primera Division Argentina,24,1998,20,16,"1,532",17.0,0,0,0,0,0,0,7,0,0.5,0.5,1.5,2.0,25,81,77,0.00,0.00,0.00,0.00,0.00,0.03,0.09,0.12,0.03,0.12,ar ARG,DF,Instituto,Primera Division Argentina,24,1998,17.0,0,16,3,18.8,0.94,0.18,0.00,0.00,26.7,0,0,0,0.5,0.5,0.03,-0.5,-0.5,ar ARG,DF,Instituto,Primera Division Argentina,24,1998,17.0,608,967,62.9,11449,5790,250,312,80.1,259,400,64.8,88,191,46.1,0,1.5,2.1,-1.5,15,72,22,14,81,ar ARG,DF,Instituto,Primera Division Argentina,24,1998,17.0,967,745,220,2,0,4,65,218,0,0,0,0,608,2,38,ar ARG,DF,Instituto,Primera Division Argentina,24,1998,17.0,46,2.70,38,6,0,1,1,0,2,0.12,2,0,0,0,0,0,ar ARG,DF,Instituto,Primera Division Argentina,24,1998,17.0,29,18,15,10,4,13,41,31.7,28,20,5,15,17,46,44,0,ar ARG,DF,Instituto,Primera Division Argentina,24,1998,17.0,1152,51,351,477,330,9,1152,12,4,33.3,8,66.7,465,1938,936,25,21,3,24,7,515,77,ar ARG,DF,Instituto,Primera Division Argentina,24,1998,20,"1,532",77,63.0,17.0,16,89,15,4,26,6,1.15,18,26,-8,-0.47,-0.17,22.1,18.4,+3.7,+0.22,+0.20,ar ARG,DF,Instituto,Primera Division Argentina,24,1998,17.0,7,0,0,21,10,0,65,17,18,0,0,0,134,13,17,43.3
Lautaro Cerato,ar ARG,FW,Sarmiento,Primera Division Argentina,22,2000,2,0,36,0.4,0,0,0,0,0,0,0,0,0.0,0.0,0.0,0.0,1,1,5,0.00,0.00,0.00,0.00,0.00,0.00,0.05,0.05,0.00,0.05,ar ARG,FW,Sarmiento,Primera Division Argentina,22,2000,0.4,0,0,0,0,0.00,0.00,0,0,0,0,0,0,0.0,0.0,0,0.0,0.0,ar ARG,FW,Sarmiento,Primera Division Argentina,22,2000,0.4,6,12,50.0,118,2,4,5,80.0,1,3,33.3,1,1,100.0,0,0.0,0.0,0.0,1,0,0,0,1,ar ARG,FW,Sarmiento,Primera Division Argentina,22,2000,0.4,12,12,0,0,0,1,2,0,0,0,0,0,6,0,1,ar ARG,FW,Sarmiento,Primera Division Argentina,22,2000,0.4,1,2.50,1,0,0,0,0,0,0,0.00,0,0,0,0,0,0,ar ARG,FW,Sarmiento,Primera Division Argentina,22,2000,0.4,0,0,0,0,0,0,0,0,0,0,0,0,1,1,0,0,ar ARG,FW,Sarmiento,Primera Division Argentina,22,2000,0.4,16,0,0,7,9,3,16,0,0,0,0,0,8,25,7,1,0,1,3,0,11,5,ar ARG,FW,Sarmiento,Primera Division Argentina,22,2000,2,36,18,1.5,0.4,0,0,0,2,18,3,0.00,0,0,0,0.00,+0.11,0.2,0.1,+0.1,+0.22,+0.51,ar ARG,FW,Sarmiento,Primera Division Argentina,22,2000,0.4,0,0,0,1,0,0,2,1,0,0,0,0,1,4,4,50.0
Ezequiel Cerutti,ar ARG,"FW,MF",San Lorenzo,Primera Division Argentina,31,1992,15,9,625,6.9,0,0,0,0,0,0,2,0,0.2,0.2,0.8,1.1,15,14,55,0.00,0.00,0.00,0.00,0.00,0.04,0.12,0.16,0.04,0.16,ar ARG,"FW,MF",San Lorenzo,Primera Division Argentina,31,1992,6.9,0,6,2,33.3,0.86,0.29,0.00,0.00,27.1,0,0,0,0.2,0.2,0.04,-0.2,-0.2,ar ARG,"FW,MF",San Lorenzo,Primera Division Argentina,31,1992,6.9,125,205,61.0,2135,731,60,76,78.9,45,69,65.2,14,34,41.2,0,0.8,1.1,-0.8,9,9,14,8,14,ar ARG,"FW,MF",San Lorenzo,Primera Division Argentina,31,1992,6.9,205,185,19,2,0,2,50,10,7,2,4,0,125,1,11,ar ARG,"FW,MF",San Lorenzo,Primera Division Argentina,31,1992,6.9,21,3.02,14,3,1,2,1,0,0,0.00,0,0,0,0,0,0,ar ARG,"FW,MF",San Lorenzo,Primera Division Argentina,31,1992,6.9,10,6,3,4,3,4,14,28.6,10,7,0,7,2,12,8,0,ar ARG,"FW,MF",San Lorenzo,Primera Division Argentina,31,1992,6.9,278,4,35,97,151,11,278,17,7,41.2,7,41.2,154,1035,488,15,11,1,16,5,174,55,ar ARG,"FW,MF",San Lorenzo,Primera Division Argentina,31,1992,15,625,42,25.7,6.9,9,48,0,6,32,1,1.87,7,2,+5,+0.72,+0.47,8.2,4.3,+3.9,+0.56,+0.43,ar ARG,"FW,MF",San Lorenzo,Primera Division Argentina,31,1992,6.9,2,0,0,15,17,3,50,2,6,0,0,0,26,4,6,40.0
Andrés Chávez,ar ARG,FW,Banfield,Primera Division Argentina,31,1991,19,12,"1,003",11.1,1,0,1,1,0,2,4,0,4.0,2.4,0.5,2.9,23,20,57,0.09,0.00,0.09,0.09,0.09,0.36,0.05,0.41,0.21,0.26,ar ARG,FW,Banfield,Primera Division Argentina,31,1991,11.1,1,36,12,33.3,3.23,1.08,0.03,0.08,19.5,0,0,2,4.0,2.4,0.07,-3.0,-1.4,ar ARG,FW,Banfield,Primera Division Argentina,31,1991,11.1,106,196,54.1,1762,463,46,82,56.1,42,64,65.6,11,17,64.7,0,0.5,1.0,-0.5,4,10,9,5,20,ar ARG,FW,Banfield,Primera Division Argentina,31,1991,11.1,196,178,16,0,1,2,17,1,0,0,0,0,106,2,11,ar ARG,FW,Banfield,Primera Division Argentina,31,1991,11.1,25,2.24,10,0,7,5,3,0,2,0.18,1,0,0,1,0,0,ar ARG,FW,Banfield,Primera Division Argentina,31,1991,11.1,6,3,1,2,3,2,8,25.0,6,8,1,7,0,6,11,0,ar ARG,FW,Banfield,Primera Division Argentina,31,1991,11.1,337,13,21,126,194,56,335,37,18,48.6,11,29.7,157,937,419,23,10,7,33,7,230,57,ar ARG,FW,Banfield,Primera Division Argentina,31,1991,19,"1,003",53,41.3,11.1,12,71,3,7,21,0,0.95,6,12,-6,-0.54,-0.22,11.6,11.4,+0.2,+0.02,0.00,ar ARG,FW,Banfield,Primera Division Argentina,31,1991,11.1,4,0,0,11,13,9,17,0,3,0,0,0,20,54,50,51.9
Lucas Chávez,ar ARG,GK,Huracán,Primera Division Argentina,27,1995,25,25,"2,250",25.0,0,0,0,0,0,0,4,0,0.0,0.0,0.0,0.0,0,1,0,0.00,0.00,0.00,0.00,0.00,0.00,0.00,0.00,0.00,0.00,ar ARG,GK,Huracán,Primera Division Argentina,27,1995,25.0,0,0,0,0,0.00,0.00,0,0,0,0,0,0,0.0,0.0,0,0.0,0.0,ar ARG,GK,Huracán,Primera Division Argentina,27,1995,25.0,600,868,69.1,19054,14861,75,76,98.7,279,283,98.6,245,505,48.5,0,0.0,0.1,0.0,2,30,1,0,1,ar ARG,GK,Huracán,Primera Division Argentina,27,1995,25.0,868,662,204,58,0,1,0,0,0,0,0,0,600,2,1,ar ARG,GK,Huracán,Primera Division Argentina,27,1995,25.0,10,0.40,6,4,0,0,0,0,1,0.04,0,1,0,0,0,0,ar ARG,GK,Huracán,Primera Division Argentina,27,1995,25.0,2,1,2,0,0,2,2,100.0,0,0,0,0,2,4,10,0,ar ARG,GK,Huracán,Primera Division Argentina,27,1995,25.0,912,622,880,35,0,0,912,2,1,50.0,1,50.0,547,3376,2437,0,0,0,1,0,438,0,ar ARG,GK,Huracán,Primera Division Argentina,27,1995,25,"2,250",90,92.6,25.0,25,90,25,0,0,0,0.96,17,26,-9,-0.36,+0.64,23.8,23.2,+0.6,+0.02,+0.03,ar ARG,GK,Huracán,Primera Division Argentina,27,1995,25.0,4,0,0,0,5,0,0,2,1,0,0,0,36,5,0,100.0
Ignacio Chicco,ar ARG,GK,Colón,Primera Division Argentina,26,1996,27,27,"2,430",27.0,0,0,0,0,0,0,1,0,0.0,0.0,0.0,0.0,0,0,0,0.00,0.00,0.00,0.00,0.00,0.00,0.00,0.00,0.00,0.00,ar ARG,GK,Colón,Primera Division Argentina,26,1996,27.0,0,0,0,0,0.00,0.00,0,0,0,0,0,0,0.0,0.0,0,0.0,0.0,ar ARG,GK,Colón,Primera Division Argentina,26,1996,27.0,558,803,69.5,16176,12565,98,100,98.0,281,287,97.9,177,409,43.3,0,0.0,0.0,0.0,0,15,0,0,0,ar ARG,GK,Colón,Primera Division Argentina,26,1996,27.0,803,479,321,39,0,0,0,0,0,0,0,0,558,3,2,ar ARG,GK,Colón,Primera Division Argentina,26,1996,27.0,1,0.04,1,0,0,0,0,0,0,0.00,0,0,0,0,0,0,ar ARG,GK,Colón,Primera Division Argentina,26,1996,27.0,1,1,1,0,0,1,2,50.0,1,0,0,0,0,1,11,1,ar ARG,GK,Colón,Primera Division Argentina,26,1996,27.0,856,759,854,3,0,0,856,0,0,0,0,0,422,2450,1657,0,0,0,0,0,242,0,ar ARG,GK,Colón,Primera Division Argentina,26,1996,27,"2,430",90,100.0,27.0,27,90,27,0,0,0,0.93,20,33,-13,-0.48,0,25.6,37.0,-11.3,-0.42,0,ar ARG,GK,Colón,Primera Division Argentina,26,1996,27.0,1,0,0,1,3,0,0,0,1,0,1,0,19,9,2,81.8
Julián Chicco,ar ARG,MF,Colón,Primera Division Argentina,25,1998,18,10,955,10.6,0,0,0,0,0,0,5,0,0.5,0.5,0.3,0.8,5,68,5,0.00,0.00,0.00,0.00,0.00,0.05,0.03,0.08,0.05,0.08,ar ARG,MF,Colón,Primera Division Argentina,25,1998,10.6,0,14,2,14.3,1.32,0.19,0.00,0.00,24.1,3,0,0,0.5,0.5,0.04,-0.5,-0.5,ar ARG,MF,Colón,Primera Division Argentina,25,1998,10.6,393,499,78.8,6687,2373,177,214,82.7,178,203,87.7,30,51,58.8,0,0.3,0.4,-0.3,5,55,6,0,68,ar ARG,MF,Colón,Primera Division Argentina,25,1998,10.6,499,486,10,8,0,6,2,1,1,0,1,0,393,3,5,ar ARG,MF,Colón,Primera Division Argentina,25,1998,10.6,15,1.41,13,0,0,2,0,0,1,0.09,1,0,0,0,0,0,ar ARG,MF,Colón,Primera Division Argentina,25,1998,10.6,25,15,11,10,4,13,25,52.0,12,16,2,14,17,42,14,0,ar ARG,MF,Colón,Primera Division Argentina,25,1998,10.6,620,27,129,399,96,7,620,7,2,28.6,5,71.4,317,1392,597,5,5,1,15,6,341,5,ar ARG,MF,Colón,Primera Division Argentina,25,1998,18,955,53,39.3,10.6,10,76,3,8,24,2,1.22,8,13,-5,-0.47,+0.02,11.0,13.4,-2.4,-0.22,+0.32,ar ARG,MF,Colón,Primera Division Argentina,25,1998,10.6,5,0,0,20,11,0,2,17,15,0,0,0,85,27,15,64.3
Leandro Ciccolini,ar ARG,"MF,DF",Cen. Córdoba–SdE,Primera Division Argentina,27,1995,4,1,65,0.7,0,0,0,0,0,0,0,0,0.1,0.1,0.1,0.3,3,1,4,0.00,0.00,0.00,0.00,0.00,0.19,0.18,0.36,0.19,0.36,ar ARG,"MF,DF",Cen. Córdoba–SdE,Primera Division Argentina,27,1995,0.7,0,2,0,0.0,2.77,0.00,0.00,0,17.5,0,0,0,0.1,0.1,0.07,-0.1,-0.1,ar ARG,"MF,DF",Cen. Córdoba–SdE,Primera Division Argentina,27,1995,0.7,24,35,68.6,360,133,18,20,90.0,4,6,66.7,2,5,40.0,0,0.1,0.1,-0.1,1,2,0,0,1,ar ARG,"MF,DF",Cen. Córdoba–SdE,Primera Division Argentina,27,1995,0.7,35,28,6,2,0,0,7,1,3,0,3,0,24,1,2,ar ARG,"MF,DF",Cen. Córdoba–SdE,Primera Division Argentina,27,1995,0.7,4,5.54,3,1,0,0,0,0,0,0.00,0,0,0,0,0,0,ar ARG,"MF,DF",Cen. Córdoba–SdE,Primera Division Argentina,27,1995,0.7,1,1,1,0,0,1,1,100.0,0,0,0,0,1,2,0,0,ar ARG,"MF,DF",Cen. Córdoba–SdE,Primera Division Argentina,27,1995,0.7,46,1,5,20,22,1,46,6,4,66.7,2,33.3,24,169,47,3,2,1,3,3,26,4,ar ARG,"MF,DF",Cen. Córdoba–SdE,Primera Division Argentina,27,1995,4,65,16,2.7,0.7,1,45,0,3,7,13,0.00,0,2,-2,-2.77,-2.46,1.3,1.4,-0.2,-0.25,+0.15,ar ARG,"MF,DF",Cen. Córdoba–SdE,Primera Division Argentina,27,1995,0.7,0,0,0,1,5,0,7,1,1,0,0,0,7,0,2,0.0
Luciano Cingolani,ar ARG,"MF,FW",Godoy Cruz,Primera Division Argentina,21,2001,10,1,183,2.0,0,0,0,0,0,0,2,0,0.1,0.1,0.2,0.3,1,9,11,0.00,0.00,0.00,0.00,0.00,0.06,0.10,0.16,0.06,0.16,ar ARG,"MF,FW",Godoy Cruz,Primera Division Argentina,21,2001,2.0,0,3,0,0.0,1.48,0.00,0.00,0,22.3,0,0,0,0.1,0.1,0.04,-0.1,-0.1,ar ARG,"MF,FW",Godoy Cruz,Primera Division Argentina,21,2001,2.0,22,43,51.2,373,136,13,20,65.0,5,11,45.5,3,6,50.0,0,0.2,0.1,-0.2,1,3,1,0,9,ar ARG,"MF,FW",Godoy Cruz,Primera Division Argentina,21,2001,2.0,43,36,6,1,0,1,6,2,3,1,1,0,22,1,2,ar ARG,"MF,FW",Godoy Cruz,Primera Division Argentina,21,2001,2.0,4,1.97,3,0,0,1,0,0,2,0.98,1,0,0,1,0,0,ar ARG,"MF,FW",Godoy Cruz,Primera Division Argentina,21,2001,2.0,7,5,2,4,1,5,7,71.4,2,3,0,3,2,9,2,0,ar ARG,"MF,FW",Godoy Cruz,Primera Division Argentina,21,2001,2.0,77,0,11,29,40,2,77,7,1,14.3,6,85.7,32,271,81,1,3,0,5,5,40,11,ar ARG,"MF,FW",Godoy Cruz,Primera Division Argentina,21,2001,10,183,18,7.5,2.0,1,47,0,9,15,17,1.20,3,4,-1,-0.49,-0.73,2.2,3.5,-1.3,-0.66,-0.57,ar ARG,"MF,FW",Godoy Cruz,Primera Division Argentina,21,2001,2.0,2,0,0,12,1,1,6,2,5,0,1,0,8,3,0,100.0
Matías Cóccaro,uy URU,FW,Huracán,Primera Division Argentina,25,1997,24,20,"1,640",18.2,4,1,5,1,3,3,4,1,5.9,3.5,1.6,5.1,23,36,97,0.22,0.05,0.27,0.05,0.11,0.32,0.09,0.41,0.19,0.28,uy URU,FW,Huracán,Primera Division Argentina,25,1997,18.2,4,34,16,47.1,1.87,0.88,0.03,0.06,15.7,1,3,3,5.9,3.5,0.10,-1.9,-2.5,uy URU,FW,Huracán,Primera Division Argentina,25,1997,18.2,219,351,62.4,3219,652,119,168,70.8,71,114,62.3,15,27,55.6,1,1.6,1.3,-0.6,17,16,13,4,36,uy URU,FW,Huracán,Primera Division Argentina,25,1997,18.2,351,327,22,0,0,1,17,3,0,0,0,0,219,2,10,uy URU,FW,Huracán,Primera Division Argentina,25,1997,18.2,50,2.74,24,0,4,5,15,2,4,0.22,1,0,0,1,2,0,uy URU,FW,Huracán,Primera Division Argentina,25,1997,18.2,17,10,1,5,11,7,21,33.3,14,9,0,9,4,21,10,0,uy URU,FW,Huracán,Primera Division Argentina,25,1997,18.2,571,13,27,229,320,87,568,40,12,30.0,25,62.5,302,1362,555,23,13,10,61,23,420,97,uy URU,FW,Huracán,Primera Division Argentina,25,1997,24,"1,640",68,67.5,18.2,20,77,5,4,24,1,1.00,14,19,-5,-0.27,+0.41,17.7,13.7,+4.0,+0.22,+0.61,uy URU,FW,Huracán,Primera Division Argentina,25,1997,18.2,4,1,0,40,56,6,17,4,10,2,0,0,67,79,88,47.3
Sebastián Cocimano,ar ARG,"FW,MF",Gimnasia–LP,Primera Division Argentina,22,2000,3,0,25,0.3,0,0,0,0,0,0,0,0,0.0,0.0,0.0,0.0,0,0,0,0.00,0.00,0.00,0.00,0.00,0.00,0.00,0.00,0.00,0.00,ar ARG,"FW,MF",Gimnasia–LP,Primera Division Argentina,22,2000,0.3,0,0,0,0,0.00,0.00,0,0,0,0,0,0,0.0,0.0,0,0.0,0.0,ar ARG,"FW,MF",Gimnasia–LP,Primera Division Argentina,22,2000,0.3,3,6,50.0,22,0,2,3,66.7,0,1,0.0,0,0,0,0,0.0,0.0,0.0,0,0,0,0,0,ar ARG,"FW,MF",Gimnasia–LP,Primera Division Argentina,22,2000,0.3,6,6,0,0,0,0,0,0,0,0,0,0,3,0,1,ar ARG,"FW,MF",Gimnasia–LP,Primera Division Argentina,22,2000,0.3,0,0.00,0,0,0,0,0,0,0,0.00,0,0,0,0,0,0,ar ARG,"FW,MF",Gimnasia–LP,Primera Division Argentina,22,2000,0.3,3,0,0,1,2,1,1,100.0,0,0,0,0,0,3,0,0,ar ARG,"FW,MF",Gimnasia–LP,Primera Division Argentina,22,2000,0.3,14,0,0,5,9,1,14,0,0,0,0,0,4,6,3,0,0,0,4,0,9,0,ar ARG,"FW,MF",Gimnasia–LP,Primera Division Argentina,22,2000,3,25,8,1.0,0.3,0,0,0,3,8,3,1.33,0,0,0,0.00,+0.52,0.1,0.5,-0.4,-1.55,-1.41,ar ARG,"FW,MF",Gimnasia–LP,Primera Division Argentina,22,2000,0.3,0,0,0,1,1,0,0,0,0,0,0,0,0,3,7,30.0
Nicolás Colazo,ar ARG,"DF,MF",Gimnasia–LP,Primera Division Argentina,32,1990,13,11,871,9.7,0,0,0,0,0,0,1,0,0.2,0.2,0.6,0.8,5,38,26,0.00,0.00,0.00,0.00,0.00,0.02,0.06,0.08,0.02,0.08,ar ARG,"DF,MF",Gimnasia–LP,Primera Division Argentina,32,1990,9.7,0,7,3,42.9,0.72,0.31,0.00,0.00,23.7,1,0,0,0.2,0.2,0.03,-0.2,-0.2,ar ARG,"DF,MF",Gimnasia–LP,Primera Division Argentina,32,1990,9.7,294,434,67.7,4850,2420,149,183,81.4,119,165,72.1,22,59,37.3,0,0.6,1.0,-0.6,14,22,7,5,38,ar ARG,"DF,MF",Gimnasia–LP,Primera Division Argentina,32,1990,9.7,434,334,98,14,0,2,43,74,10,3,6,0,294,2,16,ar ARG,"DF,MF",Gimnasia–LP,Primera Division Argentina,32,1990,9.7,23,2.38,15,8,0,0,0,0,1,0.10,1,0,0,0,0,0,ar ARG,"DF,MF",Gimnasia–LP,Primera Division Argentina,32,1990,9.7,16,12,8,5,3,8,15,53.3,7,14,4,10,16,32,28,1,ar ARG,"DF,MF",Gimnasia–LP,Primera Division Argentina,32,1990,9.7,532,35,162,230,147,6,532,5,3,60.0,2,40.0,176,869,358,5,8,0,5,3,210,26,ar ARG,"DF,MF",Gimnasia–LP,Primera Division Argentina,32,1990,13,871,67,35.8,9.7,11,77,5,2,13,4,1.43,11,10,+1,+0.10,+0.97,8.3,11.8,-3.5,-0.36,-0.31,ar ARG,"DF,MF",Gimnasia–LP,Primera Division Argentina,32,1990,9.7,1,0,0,4,2,0,43,16,12,0,0,0,67,15,18,45.5
Facundo Colidio,ar ARG,"MF,FW",Tigre,Primera Division Argentina,23,2000,21,19,"1,669",18.5,2,2,4,1,1,1,1,0,4.7,3.9,3.3,7.3,60,84,132,0.11,0.11,0.22,0.05,0.16,0.25,0.18,0.43,0.21,0.39,ar ARG,"MF,FW",Tigre,Primera Division Argentina,23,2000,18.5,2,52,17,32.7,2.80,0.92,0.02,0.06,19.1,3,1,1,4.7,3.9,0.08,-2.7,-2.9,ar ARG,"MF,FW",Tigre,Primera Division Argentina,23,2000,18.5,412,598,68.9,5999,1918,246,322,76.4,112,155,72.3,30,48,62.5,2,3.3,2.6,-1.3,34,55,28,3,84,ar ARG,"MF,FW",Tigre,Primera Division Argentina,23,2000,18.5,598,570,25,3,12,2,25,12,1,0,0,0,412,3,33,ar ARG,"MF,FW",Tigre,Primera Division Argentina,23,2000,18.5,90,4.85,54,1,12,6,16,1,4,0.22,3,0,1,0,0,0,ar ARG,"MF,FW",Tigre,Primera Division Argentina,23,2000,18.5,17,7,3,9,5,9,23,39.1,14,17,0,17,1,18,6,1,ar ARG,"MF,FW",Tigre,Primera Division Argentina,23,2000,18.5,878,3,47,439,413,70,877,122,50,41.0,55,45.1,560,3718,1651,60,57,18,57,26,658,132,ar ARG,"MF,FW",Tigre,Primera Division Argentina,23,2000,21,"1,669",79,68.7,18.5,19,85,9,2,27,0,1.19,18,22,-4,-0.22,-0.45,24.5,22.7,+1.9,+0.10,-0.17,ar ARG,"MF,FW",Tigre,Primera Division Argentina,23,2000,18.5,1,0,0,14,44,3,25,1,7,0,0,0,78,24,22,52.2
Lucas Colitto,ar ARG,MF,Barracas Central,Primera Division Argentina,28,1994,15,9,814,9.0,0,0,0,0,0,0,2,0,0.7,0.7,1.1,1.8,22,33,92,0.00,0.00,0.00,0.00,0.00,0.08,0.12,0.19,0.08,0.19,ar ARG,MF,Barracas Central,Primera Division Argentina,28,1994,9.0,0,17,5,29.4,1.88,0.55,0.00,0.00,21.8,1,0,0,0.7,0.7,0.04,-0.7,-0.7,ar ARG,MF,Barracas Central,Primera Division Argentina,28,1994,9.0,228,330,69.1,3381,1076,136,170,80.0,66,93,71.0,19,38,50.0,0,1.1,1.3,-1.1,12,23,14,7,33,ar ARG,MF,Barracas Central,Primera Division Argentina,28,1994,9.0,330,320,9,5,1,5,34,3,1,0,1,0,228,1,16,ar ARG,MF,Barracas Central,Primera Division Argentina,28,1994,9.0,25,2.76,16,1,4,2,2,0,2,0.22,1,0,0,0,1,0,ar ARG,MF,Barracas Central,Primera Division Argentina,28,1994,9.0,12,5,5,4,3,8,21,38.1,13,12,0,12,7,19,5,0,ar ARG,MF,Barracas Central,Primera Division Argentina,28,1994,9.0,443,6,55,201,194,28,443,31,13,41.9,14,45.2,288,1589,715,22,10,6,26,12,310,92,ar ARG,MF,Barracas Central,Primera Division Argentina,28,1994,15,814,54,33.5,9.0,9,77,3,6,20,10,1.00,7,13,-6,-0.66,-0.72,8.0,11.2,-3.2,-0.35,-0.19,ar ARG,MF,Barracas Central,Primera Division Argentina,28,1994,9.0,2,0,0,10,13,1,34,7,5,1,0,0,56,3,6,33.3
Nazareno Colombo,ar ARG,DF,Defensa y Just,Primera Division Argentina,23,1999,18,18,"1,529",17.0,1,0,1,1,0,0,6,0,1.0,1.0,0.0,1.0,36,95,5,0.06,0.00,0.06,0.06,0.06,0.05,0.00,0.06,0.05,0.06,ar ARG,DF,Defensa y Just,Primera Division Argentina,23,1999,17.0,1,12,3,25.0,0.71,0.18,0.08,0.33,16.0,0,0,0,1.0,1.0,0.07,0.0,0.0,ar ARG,DF,Defensa y Just,Primera Division Argentina,23,1999,17.0,646,905,71.4,15073,6189,156,189,82.5,349,414,84.3,134,269,49.8,0,0.0,0.4,0.0,3,95,7,2,95,ar ARG,DF,Defensa y Just,Primera Division Argentina,23,1999,17.0,905,846,53,37,0,24,10,16,0,0,0,0,646,6,10,ar ARG,DF,Defensa y Just,Primera Division Argentina,23,1999,17.0,14,0.79,11,0,1,1,1,0,1,0.06,0,0,0,0,1,0,ar ARG,DF,Defensa y Just,Primera Division Argentina,23,1999,17.0,22,15,12,9,1,15,24,62.5,9,23,19,4,27,49,88,1,ar ARG,DF,Defensa y Just,Primera Division Argentina,23,1999,17.0,1120,134,540,523,69,15,1120,23,15,65.2,7,30.4,606,4818,3785,36,19,0,17,3,642,5,ar ARG,DF,Defensa y Just,Primera Division Argentina,23,1999,18,"1,529",85,62.9,17.0,18,85,15,0,0,1,1.72,24,13,+11,+0.65,+0.45,24.2,21.8,+2.5,+0.14,+0.01,ar ARG,DF,Defensa y Just,Primera Division Argentina,23,1999,17.0,6,0,0,16,19,0,10,27,15,1,0,0,120,43,38,53.1
Gastón Comas,ar ARG,MF,Unión,Primera Division Argentina,24,1998,2,1,67,0.7,0,0,0,0,0,0,0,0,0.0,0.0,0.0,0.1,2,4,3,0.00,0.00,0.00,0.00,0.00,0.06,0.06,0.12,0.06,0.12,ar ARG,MF,Unión,Primera Division Argentina,24,1998,0.7,0,1,0,0.0,1.34,0.00,0.00,0,24.4,0,0,0,0.0,0.0,0.04,0.0,0.0,ar ARG,MF,Unión,Primera Division Argentina,24,1998,0.7,33,38,86.8,408,86,20,21,95.2,9,11,81.8,1,3,33.3,0,0.0,0.0,0.0,2,2,0,0,4,ar ARG,MF,Unión,Primera Division Argentina,24,1998,0.7,38,38,0,0,0,1,0,0,0,0,0,0,33,0,1,ar ARG,MF,Unión,Primera Division Argentina,24,1998,0.7,5,6.72,4,0,0,1,0,0,1,1.34,0,0,0,1,0,0,ar ARG,MF,Unión,Primera Division Argentina,24,1998,0.7,2,1,1,1,0,2,5,40.0,3,1,1,0,0,2,1,0,ar ARG,MF,Unión,Primera Division Argentina,24,1998,0.7,51,1,7,37,7,0,51,3,0,0.0,2,66.7,32,166,79,2,1,0,3,3,39,3,ar ARG,MF,Unión,Primera Division Argentina,24,1998,2,67,34,2.8,0.7,1,58,0,1,9,13,1.50,1,0,+1,+1.34,+1.61,0.6,0.9,-0.3,-0.44,-0.20,ar ARG,MF,Unión,Primera Division Argentina,24,1998,0.7,0,0,0,1,1,0,0,0,1,0,0,0,10,0,1,0.0
Maximiliano Comba,ar ARG,MF,Gimnasia–LP,Primera Division Argentina,29,1994,12,6,532,5.9,1,1,2,1,0,0,2,0,0.8,0.8,0.7,1.6,5,44,24,0.17,0.17,0.34,0.17,0.34,0.14,0.13,0.27,0.14,0.27,ar ARG,MF,Gimnasia–LP,Primera Division Argentina,29,1994,5.9,1,9,2,22.2,1.52,0.34,0.11,0.50,22.6,0,0,0,0.8,0.8,0.09,+0.2,+0.2,ar ARG,MF,Gimnasia–LP,Primera Division Argentina,29,1994,5.9,213,291,73.2,3564,1374,110,135,81.5,81,105,77.1,20,32,62.5,1,0.7,1.0,+0.3,12,35,9,2,44,ar ARG,MF,Gimnasia–LP,Primera Division Argentina,29,1994,5.9,291,253,33,7,2,1,22,9,17,8,6,0,213,5,8,ar ARG,MF,Gimnasia–LP,Primera Division Argentina,29,1994,5.9,23,3.89,15,5,0,0,2,1,1,0.17,1,0,0,0,0,0,ar ARG,MF,Gimnasia–LP,Primera Division Argentina,29,1994,5.9,16,8,5,8,3,8,14,57.1,6,9,1,8,6,22,3,0,ar ARG,MF,Gimnasia–LP,Primera Division Argentina,29,1994,5.9,377,3,61,209,114,16,377,18,7,38.9,9,50.0,184,870,364,5,6,0,12,14,206,24,ar ARG,MF,Gimnasia–LP,Primera Division Argentina,29,1994,12,532,44,21.9,5.9,6,66,0,6,23,5,0.83,5,9,-4,-0.68,-0.20,8.0,7.2,+0.8,+0.14,+0.39,ar ARG,MF,Gimnasia–LP,Primera Division Argentina,29,1994,5.9,2,0,0,11,19,2,22,6,8,0,0,0,52,4,8,33.3
Gabriel Compagnucci,ar ARG,"DF,MF",Belgrano,Primera Division Argentina,31,1991,18,10,971,10.8,0,1,1,0,0,0,1,0,0.3,0.3,1.5,1.9,31,35,57,0.00,0.09,0.09,0.00,0.09,0.03,0.14,0.17,0.03,0.17,ar ARG,"DF,MF",Belgrano,Primera Division Argentina,31,1991,10.8,0,6,3,50.0,0.56,0.28,0.00,0.00,20.3,1,0,0,0.3,0.3,0.05,-0.3,-0.3,ar ARG,"DF,MF",Belgrano,Primera Division Argentina,31,1991,10.8,319,448,71.2,5563,2282,151,170,88.8,130,167,77.8,31,77,40.3,1,1.5,1.2,-0.5,21,31,14,8,35,ar ARG,"DF,MF",Belgrano,Primera Division Argentina,31,1991,10.8,448,344,104,10,0,3,62,79,15,1,13,0,319,0,19,ar ARG,"DF,MF",Belgrano,Primera Division Argentina,31,1991,10.8,30,2.78,20,7,0,0,2,1,1,0.09,0,1,0,0,0,0,ar ARG,"DF,MF",Belgrano,Primera Division Argentina,31,1991,10.8,17,9,10,6,1,7,13,53.8,6,5,1,4,8,25,21,0,ar ARG,"DF,MF",Belgrano,Primera Division Argentina,31,1991,10.8,534,18,127,234,176,8,534,17,7,41.2,7,41.2,252,1653,863,31,13,1,7,5,289,57,ar ARG,"DF,MF",Belgrano,Primera Division Argentina,31,1991,18,971,54,40.0,10.8,10,81,7,8,20,0,1.67,6,10,-4,-0.37,-0.25,10.6,15.6,-5.0,-0.46,-0.33,ar ARG,"DF,MF",Belgrano,Primera Division Argentina,31,1991,10.8,1,0,0,8,10,1,62,8,9,0,0,0,51,7,10,41.2
Tomás Conechny,ar ARG,"FW,MF",Godoy Cruz,Primera Division Argentina,24,1998,24,16,"1,430",15.9,6,3,9,6,0,0,2,0,5.3,5.3,2.6,7.9,21,52,109,0.38,0.19,0.57,0.38,0.57,0.33,0.17,0.50,0.33,0.50,ar ARG,"FW,MF",Godoy Cruz,Primera Division Argentina,24,1998,15.9,6,45,12,26.7,2.83,0.76,0.13,0.50,17.2,1,0,0,5.3,5.3,0.12,+0.7,+0.7,ar ARG,"FW,MF",Godoy Cruz,Primera Division Argentina,24,1998,15.9,327,516,63.4,5484,1684,165,222,74.3,110,163,67.5,38,67,56.7,3,2.6,1.9,+0.4,21,28,17,5,52,ar ARG,"FW,MF",Godoy Cruz,Primera Division Argentina,24,1998,15.9,516,500,12,1,2,7,31,10,0,0,0,0,327,4,23,ar ARG,"FW,MF",Godoy Cruz,Primera Division Argentina,24,1998,15.9,43,2.71,33,1,3,4,2,0,7,0.44,4,0,1,1,1,0,ar ARG,"FW,MF",Godoy Cruz,Primera Division Argentina,24,1998,15.9,25,16,7,14,4,12,39,30.8,27,22,3,19,8,33,11,0,ar ARG,"FW,MF",Godoy Cruz,Primera Division Argentina,24,1998,15.9,747,9,78,336,345,72,747,63,27,42.9,34,54.0,426,2426,865,21,21,3,53,28,510,109,ar ARG,"FW,MF",Godoy Cruz,Primera Division Argentina,24,1998,24,"1,430",60,58.8,15.9,16,79,8,8,22,3,1.42,21,18,+3,+0.19,+0.01,17.2,19.9,-2.7,-0.17,-0.08,ar ARG,"FW,MF",Godoy Cruz,Primera Division Argentina,24,1998,15.9,2,0,0,20,14,10,31,8,16,0,0,0,89,68,60,53.1
Leandro Contín,ar ARG,FW,Gimnasia–LP,Primera Division Argentina,27,1995,6,3,214,2.4,1,0,1,1,0,0,0,0,0.3,0.3,0.0,0.3,0,4,12,0.42,0.00,0.42,0.42,0.42,0.13,0.02,0.14,0.13,0.14,ar ARG,FW,Gimnasia–LP,Primera Division Argentina,27,1995,2.4,1,2,1,50.0,0.84,0.42,0.50,1.00,11.2,0,0,0,0.3,0.3,0.15,+0.7,+0.7,ar ARG,FW,Gimnasia–LP,Primera Division Argentina,27,1995,2.4,21,46,45.7,250,59,15,24,62.5,5,11,45.5,0,0,0,0,0.0,0.0,0.0,2,2,0,0,4,ar ARG,FW,Gimnasia–LP,Primera Division Argentina,27,1995,2.4,46,44,2,0,0,0,0,0,0,0,0,0,21,0,2,ar ARG,FW,Gimnasia–LP,Primera Division Argentina,27,1995,2.4,4,1.68,2,0,1,0,1,0,1,0.42,0,0,1,0,0,0,ar ARG,FW,Gimnasia–LP,Primera Division Argentina,27,1995,2.4,4,2,1,3,0,4,5,80.0,1,1,0,1,0,4,5,0,ar ARG,FW,Gimnasia–LP,Primera Division Argentina,27,1995,2.4,78,5,7,37,34,10,78,4,2,50.0,2,50.0,49,163,29,0,0,1,11,4,59,12,ar ARG,FW,Gimnasia–LP,Primera Division Argentina,27,1995,6,214,36,8.8,2.4,3,59,0,3,13,8,0.50,2,2,0,0.00,+0.57,2.7,3.5,-0.8,-0.34,-0.19,ar ARG,FW,Gimnasia–LP,Primera Division Argentina,27,1995,2.4,0,0,0,2,2,1,0,0,2,0,0,0,10,13,1,92.9
Julián Contrera,ar ARG,"FW,MF",Newell's OB,Primera Division Argentina,19,2003,4,0,65,0.7,0,0,0,0,0,0,1,0,0.1,0.1,0.2,0.2,3,3,14,0.00,0.00,0.00,0.00,0.00,0.07,0.25,0.33,0.07,0.33,ar ARG,"FW,MF",Newell's OB,Primera Division Argentina,19,2003,0.7,0,3,1,33.3,4.15,1.38,0.00,0.00,30.0,0,0,0,0.1,0.1,0.02,-0.1,-0.1,ar ARG,"FW,MF",Newell's OB,Primera Division Argentina,19,2003,0.7,22,34,64.7,330,64,10,12,83.3,10,13,76.9,1,5,20.0,0,0.2,0.1,-0.2,2,2,3,0,3,ar ARG,"FW,MF",Newell's OB,Primera Division Argentina,19,2003,0.7,34,34,0,0,0,0,7,0,0,0,0,0,22,0,4,ar ARG,"FW,MF",Newell's OB,Primera Division Argentina,19,2003,0.7,3,4.15,2,0,0,1,0,0,0,0.00,0,0,0,0,0,0,ar ARG,"FW,MF",Newell's OB,Primera Division Argentina,19,2003,0.7,2,2,0,2,0,2,2,100.0,0,0,0,0,0,2,0,0,ar ARG,"FW,MF",Newell's OB,Primera Division Argentina,19,2003,0.7,49,0,2,19,28,2,49,4,0,0.0,4,100.0,28,285,127,3,3,1,3,0,31,14,ar ARG,"FW,MF",Newell's OB,Primera Division Argentina,19,2003,4,65,16,2.7,0.7,0,0,0,4,16,2,1.25,0,1,-1,-1.38,-1.42,1.1,0.6,+0.5,+0.75,+0.81,ar ARG,"FW,MF",Newell's OB,Primera Division Argentina,19,2003,0.7,1,0,0,3,1,0,7,0,2,0,0,0,5,1,2,33.3
Sebastián Corda,ar ARG,DF,Instituto,Primera Division Argentina,27,1995,24,23,"2,014",22.4,0,1,1,0,0,0,5,0,0.2,0.2,1.5,1.8,43,87,89,0.00,0.04,0.04,0.00,0.04,0.01,0.07,0.08,0.01,0.08,ar ARG,DF,Instituto,Primera Division Argentina,27,1995,22.4,0,11,2,18.2,0.49,0.09,0.00,0.00,26.0,0,0,0,0.2,0.2,0.02,-0.2,-0.2,ar ARG,DF,Instituto,Primera Division Argentina,27,1995,22.4,676,1014,66.7,11034,6243,352,416,84.6,247,387,63.8,59,160,36.9,1,1.5,1.3,-0.5,13,72,13,4,87,ar ARG,DF,Instituto,Primera Division Argentina,27,1995,22.4,1014,803,209,7,0,4,58,202,0,0,0,0,676,2,21,ar ARG,DF,Instituto,Primera Division Argentina,27,1995,22.4,35,1.56,28,3,1,3,0,0,5,0.22,3,0,1,1,0,0,ar ARG,DF,Instituto,Primera Division Argentina,27,1995,22.4,47,32,32,13,2,27,49,55.1,22,20,5,15,27,74,53,1,ar ARG,DF,Instituto,Primera Division Argentina,27,1995,22.4,1241,76,425,535,299,16,1241,44,22,50.0,20,45.5,533,2593,1511,43,26,5,24,5,573,89,ar ARG,DF,Instituto,Primera Division Argentina,27,1995,24,"2,014",84,82.9,22.4,23,87,19,1,5,2,1.33,21,27,-6,-0.27,+0.81,26.9,24.2,+2.7,+0.12,-0.14,ar ARG,DF,Instituto,Primera Division Argentina,27,1995,22.4,5,0,0,17,18,1,58,27,32,0,0,0,160,17,33,34.0
Nicolás Cordero,ar ARG,FW,Huracán,Primera Division Argentina,23,1999,24,13,"1,187",13.2,4,0,4,4,0,0,4,0,3.6,3.6,0.7,4.3,5,23,63,0.30,0.00,0.30,0.30,0.30,0.27,0.05,0.33,0.27,0.33,ar ARG,FW,Huracán,Primera Division Argentina,23,1999,13.2,4,36,17,47.2,2.73,1.29,0.11,0.24,13.7,1,0,0,3.6,3.6,0.10,+0.4,+0.4,ar ARG,FW,Huracán,Primera Division Argentina,23,1999,13.2,150,252,59.5,2206,534,87,134,64.9,51,83,61.4,7,11,63.6,0,0.7,0.8,-0.7,8,15,6,0,23,ar ARG,FW,Huracán,Primera Division Argentina,23,1999,13.2,252,230,19,0,0,1,1,5,0,0,0,0,150,3,3,ar ARG,FW,Huracán,Primera Division Argentina,23,1999,13.2,19,1.44,12,1,0,4,2,0,2,0.15,1,0,0,1,0,0,ar ARG,FW,Huracán,Primera Division Argentina,23,1999,13.2,15,9,2,5,8,4,16,25.0,12,12,2,10,0,15,15,0,ar ARG,FW,Huracán,Primera Division Argentina,23,1999,13.2,396,17,31,176,192,59,396,13,4,30.8,7,53.8,171,623,196,5,3,1,33,16,285,63,ar ARG,FW,Huracán,Primera Division Argentina,23,1999,24,"1,187",49,48.8,13.2,13,76,3,11,18,3,1.00,11,11,0,0.00,+0.80,13.0,10.8,+2.2,+0.17,+0.29,ar ARG,FW,Huracán,Primera Division Argentina,23,1999,13.2,4,0,0,32,13,2,1,0,9,0,0,0,36,92,79,53.8
Emanuel Coronel,ar ARG,DF,Banfield,Primera Division Argentina,25,1997,21,21,"1,776",19.7,0,0,0,0,0,0,4,1,0.7,0.7,1.6,2.3,46,83,62,0.00,0.00,0.00,0.00,0.00,0.04,0.08,0.12,0.04,0.12,ar ARG,DF,Banfield,Primera Division Argentina,25,1997,19.7,0,18,4,22.2,0.91,0.20,0.00,0.00,25.7,0,0,0,0.7,0.7,0.04,-0.7,-0.7,ar ARG,DF,Banfield,Primera Division Argentina,25,1997,19.7,554,911,60.8,10505,6007,242,306,79.1,218,347,62.8,86,199,43.2,0,1.6,1.3,-1.6,17,69,24,10,83,ar ARG,DF,Banfield,Primera Division Argentina,25,1997,19.7,911,675,231,8,2,7,62,222,1,0,1,0,554,5,44,ar ARG,DF,Banfield,Primera Division Argentina,25,1997,19.7,36,1.82,25,5,2,1,2,1,3,0.15,2,0,0,0,1,0,ar ARG,DF,Banfield,Primera Division Argentina,25,1997,19.7,52,37,26,23,3,23,40,57.5,17,27,4,23,29,81,59,1,ar ARG,DF,Banfield,Primera Division Argentina,25,1997,19.7,1170,63,328,542,315,16,1170,34,24,70.6,6,17.6,502,3006,1619,46,27,7,30,16,505,62,ar ARG,DF,Banfield,Primera Division Argentina,25,1997,21,"1,776",85,73.1,19.7,21,85,18,0,0,3,1.19,18,22,-4,-0.20,+0.76,21.6,20.7,+0.9,+0.04,+0.09,ar ARG,DF,Banfield,Primera Division Argentina,25,1997,19.7,4,1,0,22,18,1,62,29,37,0,0,0,143,33,25,56.9
Mateo Coronel,ar ARG,FW,Atlé Tucumán,Primera Division Argentina,24,1998,27,25,"1,937",21.5,7,1,8,6,1,1,3,0,5.6,4.8,3.0,7.7,45,38,189,0.33,0.05,0.37,0.28,0.33,0.26,0.14,0.40,0.22,0.36,ar ARG,FW,Atlé Tucumán,Primera Division Argentina,24,1998,21.5,7,49,21,42.9,2.28,0.98,0.12,0.29,20.1,0,1,1,5.6,4.8,0.10,+1.4,+1.2,ar ARG,FW,Atlé Tucumán,Primera Division Argentina,24,1998,21.5,362,521,69.5,4836,1076,214,273,78.4,99,140,70.7,17,36,47.2,1,3.0,2.0,-2.0,30,22,18,3,38,ar ARG,FW,Atlé Tucumán,Primera Division Argentina,24,1998,21.5,521,500,19,2,3,2,34,0,8,2,3,0,362,2,21,ar ARG,FW,Atlé Tucumán,Primera Division Argentina,24,1998,21.5,66,3.07,50,2,4,4,6,0,8,0.37,4,0,2,0,2,0,ar ARG,FW,Atlé Tucumán,Primera Division Argentina,24,1998,21.5,14,9,1,7,6,7,18,38.9,11,13,0,13,3,17,1,0,ar ARG,FW,Atlé Tucumán,Primera Division Argentina,24,1998,21.5,767,3,29,313,438,90,766,86,36,41.9,44,51.2,528,3000,1172,45,35,21,70,33,604,189,ar ARG,FW,Atlé Tucumán,Primera Division Argentina,24,1998,27,"1,937",72,79.7,21.5,25,76,6,2,20,0,1.37,20,22,-2,-0.09,-0.09,20.6,26.5,-5.9,-0.28,-0.28,ar ARG,FW,Atlé Tucumán,Primera Division Argentina,24,1998,21.5,3,0,0,29,23,14,34,3,9,2,0,0,74,13,25,34.2
Brandon Cortés,cl CHI,FW,Boca Juniors,Primera Division Argentina,21,2001,1,0,22,0.2,0,0,0,0,0,0,0,0,0.0,0.0,0.0,0.0,0,2,4,0.00,0.00,0.00,0.00,0.00,0.00,0.00,0.00,0.00,0.00,cl CHI,FW,Boca Juniors,Primera Division Argentina,21,2001,0.2,0,0,0,0,0.00,0.00,0,0,0,0,0,0,0.0,0.0,0,0.0,0.0,cl CHI,FW,Boca Juniors,Primera Division Argentina,21,2001,0.2,15,21,71.4,278,52,8,10,80.0,5,6,83.3,2,3,66.7,0,0.0,0.0,0.0,0,2,0,0,2,cl CHI,FW,Boca Juniors,Primera Division Argentina,21,2001,0.2,21,21,0,0,0,2,1,0,0,0,0,0,15,0,2,cl CHI,FW,Boca Juniors,Primera Division Argentina,21,2001,0.2,0,0.00,0,0,0,0,0,0,0,0.00,0,0,0,0,0,0,cl CHI,FW,Boca Juniors,Primera Division Argentina,21,2001,0.2,0,0,0,0,0,0,1,0.0,1,2,0,2,1,1,0,0,cl CHI,FW,Boca Juniors,Primera Division Argentina,21,2001,0.2,23,1,2,15,6,1,23,1,1,100.0,0,0.0,18,93,20,0,0,0,0,1,17,4,cl CHI,FW,Boca Juniors,Primera Division Argentina,21,2001,1,22,22,0.9,0.2,0,0,0,1,22,8,1.00,1,0,+1,+4.09,+3.79,0.8,0.1,+0.8,+3.21,+3.18,cl CHI,FW,Boca Juniors,Primera Division Argentina,21,2001,0.2,0,0,0,0,0,0,1,1,0,0,0,0,2,0,0,0
Ismael Cortéz,ar ARG,DF,Rosario Central,Primera Division Argentina,21,2002,11,3,409,4.5,0,0,0,0,0,0,2,0,0.1,0.1,0.4,0.6,6,12,14,0.00,0.00,0.00,0.00,0.00,0.02,0.10,0.12,0.02,0.12,ar ARG,DF,Rosario Central,Primera Division Argentina,21,2002,4.5,0,1,0,0.0,0.22,0.00,0.00,0,7.9,0,0,0,0.1,0.1,0.11,-0.1,-0.1,ar ARG,DF,Rosario Central,Primera Division Argentina,21,2002,4.5,115,174,66.1,2092,1214,52,61,85.2,49,76,64.5,13,24,54.2,0,0.4,0.3,-0.4,5,4,5,1,12,ar ARG,DF,Rosario Central,Primera Division Argentina,21,2002,4.5,174,120,54,3,0,1,6,51,0,0,0,0,115,0,8,ar ARG,DF,Rosario Central,Primera Division Argentina,21,2002,4.5,8,1.76,5,0,1,1,0,1,0,0.00,0,0,0,0,0,0,ar ARG,DF,Rosario Central,Primera Division Argentina,21,2002,4.5,21,14,11,8,2,13,24,54.2,11,5,0,5,5,26,25,1,ar ARG,DF,Rosario Central,Primera Division Argentina,21,2002,4.5,255,25,105,102,55,7,255,25,15,60.0,8,32.0,85,463,242,6,5,2,8,4,87,14,ar ARG,DF,Rosario Central,Primera Division Argentina,21,2002,11,409,37,16.8,4.5,3,90,2,8,18,16,2.09,8,3,+5,+1.10,+1.01,7.5,5.6,+1.9,+0.42,+0.54,ar ARG,DF,Rosario Central,Primera Division Argentina,21,2002,4.5,2,0,0,8,6,0,6,5,14,0,1,0,35,6,7,46.2
Claudio Corvalán,ar ARG,DF,Unión,Primera Division Argentina,33,1989,25,25,"2,225",24.7,0,1,1,0,0,0,8,0,0.8,0.8,1.0,1.7,6,77,25,0.00,0.04,0.04,0.00,0.04,0.03,0.04,0.07,0.03,0.07,ar ARG,DF,Unión,Primera Division Argentina,33,1989,24.7,0,15,4,26.7,0.61,0.16,0.00,0.00,16.5,0,0,0,0.8,0.8,0.05,-0.8,-0.8,ar ARG,DF,Unión,Primera Division Argentina,33,1989,24.7,842,1125,74.8,16269,8483,327,368,88.9,410,483,84.9,102,237,43.0,1,1.0,0.9,0.0,9,69,6,2,77,ar ARG,DF,Unión,Primera Division Argentina,33,1989,24.7,1125,1025,98,31,0,4,12,66,0,0,0,0,842,2,29,ar ARG,DF,Unión,Primera Division Argentina,33,1989,24.7,27,1.09,21,4,0,1,0,1,1,0.04,1,0,0,0,0,0,ar ARG,DF,Unión,Primera Division Argentina,33,1989,24.7,54,34,38,16,0,27,34,79.4,7,22,11,11,50,104,109,0,ar ARG,DF,Unión,Primera Division Argentina,33,1989,24.7,1398,153,749,553,109,21,1398,10,5,50.0,5,50.0,632,2774,1554,6,13,1,9,2,763,25,ar ARG,DF,Unión,Primera Division Argentina,33,1989,25,"2,225",89,91.6,24.7,25,89,24,0,0,1,1.20,18,18,0,0.00,+2.63,20.4,24.7,-4.3,-0.17,+0.81,ar ARG,DF,Unión,Primera Division Argentina,33,1989,24.7,8,0,0,27,15,3,12,50,34,0,1,0,146,30,32,48.4
Ayrton Costa,ar ARG,DF,Independiente,Primera Division Argentina,23,1999,24,24,"2,160",24.0,1,1,2,1,0,0,10,0,1.6,1.6,1.6,3.2,39,99,88,0.04,0.04,0.08,0.04,0.08,0.06,0.07,0.13,0.06,0.13,ar ARG,DF,Independiente,Primera Division Argentina,23,1999,24.0,1,28,8,28.6,1.17,0.33,0.04,0.13,20.3,0,0,0,1.6,1.6,0.06,-0.6,-0.6,ar ARG,DF,Independiente,Primera Division Argentina,23,1999,24.0,685,1089,62.9,11991,6510,310,393,78.9,281,430,65.3,74,174,42.5,1,1.6,1.4,-0.6,22,59,22,11,99,ar ARG,DF,Independiente,Primera Division Argentina,23,1999,24.0,1089,826,259,11,2,2,51,248,0,0,0,0,685,4,45,ar ARG,DF,Independiente,Primera Division Argentina,23,1999,24.0,49,2.04,25,8,3,8,4,1,3,0.12,3,0,0,0,0,0,ar ARG,DF,Independiente,Primera Division Argentina,23,1999,24.0,71,45,34,29,8,32,75,42.7,43,35,4,31,48,119,52,0,ar ARG,DF,Independiente,Primera Division Argentina,23,1999,24.0,1427,54,427,642,371,42,1427,55,21,38.2,29,52.7,527,2828,1414,39,40,7,31,15,555,88,ar ARG,DF,Independiente,Primera Division Argentina,23,1999,24,"2,160",90,88.9,24.0,24,90,24,0,0,0,1.13,22,28,-6,-0.25,+0.75,29.1,25.9,+3.1,+0.13,+1.38,ar ARG,DF,Independiente,Primera Division Argentina,23,1999,24.0,10,0,0,39,26,1,51,48,45,0,0,0,124,72,32,69.2
Ayrton Cougo,uy URU,"MF,DF",Sarmiento,Primera Division Argentina,26,1996,6,0,68,0.8,0,0,0,0,0,0,2,0,0.2,0.2,0.0,0.2,1,4,6,0.00,0.00,0.00,0.00,0.00,0.21,0.00,0.21,0.21,0.21,uy URU,"MF,DF",Sarmiento,Primera Division Argentina,26,1996,0.8,0,3,1,33.3,3.97,1.32,0.00,0.00,21.1,0,0,0,0.2,0.2,0.05,-0.2,-0.2,uy URU,"MF,DF",Sarmiento,Primera Division Argentina,26,1996,0.8,19,34,55.9,296,162,10,14,71.4,6,11,54.5,2,4,50.0,0,0.0,0.0,0.0,0,4,0,0,4,uy URU,"MF,DF",Sarmiento,Primera Division Argentina,26,1996,0.8,34,28,6,0,0,0,0,6,0,0,0,0,19,0,2,uy URU,"MF,DF",Sarmiento,Primera Division Argentina,26,1996,0.8,2,2.65,1,1,0,0,0,0,0,0.00,0,0,0,0,0,0,uy URU,"MF,DF",Sarmiento,Primera Division Argentina,26,1996,0.8,2,1,2,0,0,1,4,25.0,3,2,0,2,1,3,6,0,uy URU,"MF,DF",Sarmiento,Primera Division Argentina,26,1996,0.8,56,3,16,27,14,3,56,1,1,100.0,0,0.0,20,137,83,1,1,0,4,0,29,6,uy URU,"MF,DF",Sarmiento,Primera Division Argentina,26,1996,6,68,11,2.8,0.8,0,0,0,6,11,12,1.29,1,2,-1,-1.32,-1.25,0.3,2.1,-1.7,-2.29,-2.06,uy URU,"MF,DF",Sarmiento,Primera Division Argentina,26,1996,0.8,2,0,0,6,0,0,0,1,1,0,0,0,4,5,3,62.5
Juan Cruz Kaprof,ar ARG,"FW,MF",Sarmiento,Primera Division Argentina,27,1995,13,2,337,3.7,0,0,0,0,0,0,2,0,0.2,0.2,0.3,0.5,2,5,31,0.00,0.00,0.00,0.00,0.00,0.06,0.09,0.14,0.06,0.14,ar ARG,"FW,MF",Sarmiento,Primera Division Argentina,27,1995,3.7,0,3,0,0.0,0.80,0.00,0.00,0,20.0,0,0,0,0.2,0.2,0.07,-0.2,-0.2,ar ARG,"FW,MF",Sarmiento,Primera Division Argentina,27,1995,3.7,82,109,75.2,1289,212,45,55,81.8,28,38,73.7,6,7,85.7,0,0.3,0.1,-0.3,9,5,0,0,5,ar ARG,"FW,MF",Sarmiento,Primera Division Argentina,27,1995,3.7,109,106,3,0,0,1,4,1,0,0,0,0,82,0,3,ar ARG,"FW,MF",Sarmiento,Primera Division Argentina,27,1995,3.7,10,2.67,10,0,0,0,0,0,0,0.00,0,0,0,0,0,0,ar ARG,"FW,MF",Sarmiento,Primera Division Argentina,27,1995,3.7,14,9,9,4,1,6,11,54.5,5,7,0,7,3,17,3,0,ar ARG,"FW,MF",Sarmiento,Primera Division Argentina,27,1995,3.7,172,2,27,83,65,15,172,15,4,26.7,11,73.3,93,403,132,2,6,0,9,7,103,31,ar ARG,"FW,MF",Sarmiento,Primera Division Argentina,27,1995,13,337,26,13.9,3.7,2,69,0,11,18,10,0.77,1,2,-1,-0.27,-0.18,2.7,4.6,-1.9,-0.51,-0.26,ar ARG,"FW,MF",Sarmiento,Primera Division Argentina,27,1995,3.7,2,0,0,8,1,4,4,3,9,0,0,0,22,3,18,14.3
Juan Cruz Komar,ar ARG,DF,Rosario Central,Primera Division Argentina,26,1996,18,11,"1,065",11.8,1,0,1,1,0,0,1,0,0.5,0.5,0.2,0.7,3,23,1,0.08,0.00,0.08,0.08,0.08,0.04,0.01,0.06,0.04,0.06,ar ARG,DF,Rosario Central,Primera Division Argentina,26,1996,11.8,1,5,1,20.0,0.42,0.08,0.20,1.00,10.4,0,0,0,0.5,0.5,0.09,+0.5,+0.5,ar ARG,DF,Rosario Central,Primera Division Argentina,26,1996,11.8,246,348,70.7,5130,2080,64,77,83.1,142,176,80.7,35,80,43.8,0,0.2,0.0,-0.2,3,16,0,0,23,ar ARG,DF,Rosario Central,Primera Division Argentina,26,1996,11.8,348,328,19,17,0,6,0,2,0,0,0,0,246,1,7,ar ARG,DF,Rosario Central,Primera Division Argentina,26,1996,11.8,3,0.25,2,0,0,0,0,1,0,0.00,0,0,0,0,0,0,ar ARG,DF,Rosario Central,Primera Division Argentina,26,1996,11.8,17,8,11,6,0,10,16,62.5,6,10,5,5,14,31,63,0,ar ARG,DF,Rosario Central,Primera Division Argentina,26,1996,11.8,470,70,261,199,10,9,470,0,0,0,0,0,181,757,490,3,1,0,0,0,214,1,ar ARG,DF,Rosario Central,Primera Division Argentina,26,1996,18,"1,065",59,43.8,11.8,11,87,10,7,15,9,1.67,16,12,+4,+0.34,+0.14,11.9,13.3,-1.5,-0.12,-0.17,ar ARG,DF,Rosario Central,Primera Division Argentina,26,1996,11.8,1,0,0,5,9,0,0,14,8,0,1,0,54,29,24,54.7
Brian Cuello,ar ARG,"MF,FW",Instituto,Primera Division Argentina,25,1997,24,12,"1,172",13.0,0,1,1,0,0,0,1,0,1.9,1.9,1.4,3.3,34,36,84,0.00,0.08,0.08,0.00,0.08,0.15,0.11,0.25,0.15,0.25,ar ARG,"MF,FW",Instituto,Primera Division Argentina,25,1997,13.0,0,22,4,18.2,1.69,0.31,0.00,0.00,17.7,1,0,0,1.9,1.9,0.09,-1.9,-1.9,ar ARG,"MF,FW",Instituto,Primera Division Argentina,25,1997,13.0,285,441,64.6,4187,1467,178,225,79.1,75,119,63.0,24,57,42.1,1,1.4,1.8,-0.4,19,19,22,13,36,ar ARG,"MF,FW",Instituto,Primera Division Argentina,25,1997,13.0,441,412,28,7,1,2,59,10,11,4,6,0,285,1,26,ar ARG,"MF,FW",Instituto,Primera Division Argentina,25,1997,13.0,43,3.30,27,5,3,3,4,1,6,0.46,4,0,1,0,1,0,ar ARG,"MF,FW",Instituto,Primera Division Argentina,25,1997,13.0,22,17,10,8,4,7,26,26.9,19,20,0,20,8,30,21,0,ar ARG,"MF,FW",Instituto,Primera Division Argentina,25,1997,13.0,627,21,87,250,304,29,627,50,18,36.0,26,52.0,343,2294,1188,34,28,7,25,22,377,84,ar ARG,"MF,FW",Instituto,Primera Division Argentina,25,1997,24,"1,172",49,48.2,13.0,12,77,0,12,21,3,1.21,13,17,-4,-0.31,+0.19,18.0,13.3,+4.7,+0.36,+0.41,ar ARG,"MF,FW",Instituto,Primera Division Argentina,25,1997,13.0,1,0,0,14,26,2,59,8,17,1,0,0,82,24,41,36.9
Mauricio Cuero,co COL,"MF,FW",Independiente,Primera Division Argentina,30,1993,11,3,405,4.5,0,0,0,0,0,0,0,0,0.2,0.2,0.3,0.5,19,9,30,0.00,0.00,0.00,0.00,0.00,0.04,0.07,0.11,0.04,0.11,co COL,"MF,FW",Independiente,Primera Division Argentina,30,1993,4.5,0,4,0,0.0,0.89,0.00,0.00,0,23.9,2,0,0,0.2,0.2,0.05,-0.2,-0.2,co COL,"MF,FW",Independiente,Primera Division Argentina,30,1993,4.5,68,121,56.2,999,355,38,45,84.4,19,33,57.6,6,24,25.0,0,0.3,0.3,-0.3,8,6,2,0,9,co COL,"MF,FW",Independiente,Primera Division Argentina,30,1993,4.5,121,103,18,6,0,1,32,2,10,3,7,0,68,0,8,co COL,"MF,FW",Independiente,Primera Division Argentina,30,1993,4.5,15,3.33,6,5,2,1,1,0,1,0.22,1,0,0,0,0,0,co COL,"MF,FW",Independiente,Primera Division Argentina,30,1993,4.5,6,6,4,1,1,4,10,40.0,6,0,0,0,3,9,2,0,co COL,"MF,FW",Independiente,Primera Division Argentina,30,1993,4.5,168,1,12,73,90,10,168,19,10,52.6,9,47.4,105,982,529,19,11,5,13,5,109,30,co COL,"MF,FW",Independiente,Primera Division Argentina,30,1993,11,405,37,16.7,4.5,3,64,0,8,27,2,1.09,4,6,-2,-0.44,-0.13,5.6,6.3,-0.7,-0.16,-0.17,co COL,"MF,FW",Independiente,Primera Division Argentina,30,1993,4.5,0,0,0,3,9,0,32,3,6,0,0,0,18,0,7,0.0
Juan Cuesta,co COL,"MF,FW",Arsenal,Primera Division Argentina,20,2002,8,3,346,3.8,0,0,0,0,0,0,0,0,0.1,0.1,0.1,0.1,14,7,24,0.00,0.00,0.00,0.00,0.00,0.02,0.01,0.03,0.02,0.03,co COL,"MF,FW",Arsenal,Primera Division Argentina,20,2002,3.8,0,2,1,50.0,0.52,0.26,0.00,0.00,15.7,0,0,0,0.1,0.1,0.04,-0.1,-0.1,co COL,"MF,FW",Arsenal,Primera Division Argentina,20,2002,3.8,55,97,56.7,780,244,31,42,73.8,17,27,63.0,3,14,21.4,0,0.1,0.2,-0.1,1,6,2,1,7,co COL,"MF,FW",Arsenal,Primera Division Argentina,20,2002,3.8,97,86,11,1,0,0,15,3,6,0,4,0,55,0,8,co COL,"MF,FW",Arsenal,Primera Division Argentina,20,2002,3.8,8,2.08,3,0,2,0,3,0,0,0.00,0,0,0,0,0,0,co COL,"MF,FW",Arsenal,Primera Division Argentina,20,2002,3.8,4,3,1,1,2,2,5,40.0,3,3,0,3,3,7,7,0,co COL,"MF,FW",Arsenal,Primera Division Argentina,20,2002,3.8,148,6,24,64,60,6,148,14,7,50.0,5,35.7,89,640,336,14,6,3,9,7,86,24,co COL,"MF,FW",Arsenal,Primera Division Argentina,20,2002,8,346,43,14.2,3.8,3,78,2,5,22,8,1.25,2,6,-4,-1.04,-0.52,5.0,8.0,-3.0,-0.78,-0.41,co COL,"MF,FW",Arsenal,Primera Division Argentina,20,2002,3.8,0,0,0,6,9,2,15,3,3,0,0,0,21,5,1,83.3
Agustín Dáttola,ar ARG,DF,Barracas Central,Primera Division Argentina,23,1999,5,4,343,3.8,0,0,0,0,0,0,2,0,0.0,0.0,0.0,0.0,0,5,0,0.00,0.00,0.00,0.00,0.00,0.00,0.00,0.00,0.00,0.00,ar ARG,DF,Barracas Central,Primera Division Argentina,23,1999,3.8,0,0,0,0,0.00,0.00,0,0,0,0,0,0,0.0,0.0,0,0.0,0.0,ar ARG,DF,Barracas Central,Primera Division Argentina,23,1999,3.8,65,102,63.7,1332,650,21,24,87.5,35,43,81.4,8,30,26.7,0,0.0,0.0,0.0,0,2,0,0,5,ar ARG,DF,Barracas Central,Primera Division Argentina,23,1999,3.8,102,93,8,8,0,1,0,0,0,0,0,0,65,1,3,ar ARG,DF,Barracas Central,Primera Division Argentina,23,1999,3.8,0,0.00,0,0,0,0,0,0,0,0.00,0,0,0,0,0,0,ar ARG,DF,Barracas Central,Primera Division Argentina,23,1999,3.8,4,4,3,1,0,3,5,60.0,2,3,1,2,4,8,5,0,ar ARG,DF,Barracas Central,Primera Division Argentina,23,1999,3.8,120,16,74,44,2,1,120,1,1,100.0,0,0.0,67,358,247,0,0,0,0,1,61,0,ar ARG,DF,Barracas Central,Primera Division Argentina,23,1999,5,343,69,14.1,3.8,4,86,3,1,1,11,0.80,2,5,-3,-0.79,-0.70,2.4,5.7,-3.3,-0.87,-0.76,ar ARG,DF,Barracas Central,Primera Division Argentina,23,1999,3.8,2,0,0,3,5,0,0,4,4,0,0,1,14,8,1,88.9
Jonathan David Gómez,ar ARG,MF,Racing Club,Primera Division Argentina,33,1989,24,19,"1,555",17.3,2,1,3,2,0,0,5,0,0.9,0.9,1.3,2.2,26,83,65,0.12,0.06,0.17,0.12,0.17,0.05,0.08,0.13,0.05,0.13,ar ARG,MF,Racing Club,Primera Division Argentina,33,1989,17.3,2,26,6,23.1,1.50,0.35,0.08,0.33,25.8,1,0,0,0.9,0.9,0.04,+1.1,+1.1,ar ARG,MF,Racing Club,Primera Division Argentina,33,1989,17.3,574,712,80.6,9648,2615,280,319,87.8,217,261,83.1,58,82,70.7,1,1.3,2.5,-0.3,21,84,13,2,83,ar ARG,MF,Racing Club,Primera Division Argentina,33,1989,17.3,712,675,30,8,9,7,23,10,12,5,5,0,574,7,10,ar ARG,MF,Racing Club,Primera Division Argentina,33,1989,17.3,52,3.01,37,3,1,4,6,1,8,0.46,4,0,1,1,2,0,ar ARG,MF,Racing Club,Primera Division Argentina,33,1989,17.3,37,22,9,21,7,16,42,38.1,26,12,1,11,11,48,11,0,ar ARG,MF,Racing Club,Primera Division Argentina,33,1989,17.3,936,20,137,523,290,21,936,49,19,38.8,20,40.8,545,2595,1258,26,32,3,44,18,641,65,ar ARG,MF,Racing Club,Primera Division Argentina,33,1989,24,"1,555",65,64.0,17.3,19,75,5,5,28,0,1.46,21,21,0,0.00,-0.10,16.2,20.4,-4.2,-0.24,-0.20,ar ARG,MF,Racing Club,Primera Division Argentina,33,1989,17.3,5,0,0,34,48,0,23,11,22,0,0,0,97,9,14,39.1
Héctor David Martínez,py PAR,DF,River Plate,Primera Division Argentina,25,1998,1,0,12,0.1,0,0,0,0,0,0,0,0,0.0,0.0,0.0,0.0,0,2,1,0.00,0.00,0.00,0.00,0.00,0.10,0.00,0.10,0.10,0.10,py PAR,DF,River Plate,Primera Division Argentina,25,1998,0.1,0,1,1,100.0,7.50,7.50,0.00,0.00,33.3,0,0,0,0.0,0.0,0.01,0.0,0.0,py PAR,DF,River Plate,Primera Division Argentina,25,1998,0.1,8,9,88.9,174,75,3,4,75.0,3,3,100.0,2,2,100.0,0,0.0,0.0,0.0,0,3,0,0,2,py PAR,DF,River Plate,Primera Division Argentina,25,1998,0.1,9,9,0,0,0,0,0,0,0,0,0,0,8,0,0,py PAR,DF,River Plate,Primera Division Argentina,25,1998,0.1,1,7.50,1,0,0,0,0,0,1,7.50,1,0,0,0,0,0,py PAR,DF,River Plate,Primera Division Argentina,25,1998,0.1,0,0,0,0,0,0,0,0,0,0,0,0,0,0,0,0,py PAR,DF,River Plate,Primera Division Argentina,25,1998,0.1,11,1,4,6,1,0,11,0,0,0,0,0,7,43,35,0,1,0,0,0,8,1,py PAR,DF,River Plate,Primera Division Argentina,25,1998,1,12,12,0.5,0.1,0,0,0,1,12,2,1.00,1,1,0,0.00,-1.12,0.7,0.1,+0.5,+4.07,+3.16,py PAR,DF,River Plate,Primera Division Argentina,25,1998,0.1,0,0,0,0,0,0,0,0,0,0,0,0,1,1,0,100.0
Nicolás De La Cruz,uy URU,"MF,FW",River Plate,Primera Division Argentina,25,1997,17,15,"1,097",12.2,4,0,4,4,0,0,3,0,2.6,2.6,2.5,5.0,39,92,52,0.33,0.00,0.33,0.33,0.33,0.21,0.20,0.41,0.21,0.41,uy URU,"MF,FW",River Plate,Primera Division Argentina,25,1997,12.2,4,39,14,35.9,3.20,1.15,0.10,0.29,22.8,7,0,0,2.6,2.6,0.07,+1.4,+1.4,uy URU,"MF,FW",River Plate,Primera Division Argentina,25,1997,12.2,681,847,80.4,11205,4297,349,398,87.7,247,283,87.3,66,109,60.6,0,2.5,2.1,-2.5,25,94,15,2,92,uy URU,"MF,FW",River Plate,Primera Division Argentina,25,1997,12.2,847,753,92,46,2,4,49,11,35,15,15,0,681,2,24,uy URU,"MF,FW",River Plate,Primera Division Argentina,25,1997,12.2,57,4.69,36,12,1,7,0,1,8,0.66,5,2,0,1,0,0,uy URU,"MF,FW",River Plate,Primera Division Argentina,25,1997,12.2,28,18,4,17,7,14,28,50.0,14,8,0,8,5,33,6,0,uy URU,"MF,FW",River Plate,Primera Division Argentina,25,1997,12.2,969,7,94,578,312,32,969,27,16,59.3,8,29.6,637,3154,1758,39,36,9,20,10,723,52,uy URU,"MF,FW",River Plate,Primera Division Argentina,25,1997,17,"1,097",65,45.1,12.2,15,70,3,2,20,1,2.24,21,7,+14,+1.15,+0.07,19.8,8.5,+11.3,+0.93,0.00,uy URU,"MF,FW",River Plate,Primera Division Argentina,25,1997,12.2,3,0,0,17,32,2,49,5,18,0,0,0,81,12,8,60.0
Hernán De La Fuente,ar ARG,DF,Atlé Tucumán,Primera Division Argentina,26,1997,10,7,574,6.4,0,0,0,0,0,0,2,0,0.4,0.4,0.1,0.5,9,14,20,0.00,0.00,0.00,0.00,0.00,0.06,0.02,0.08,0.06,0.08,ar ARG,DF,Atlé Tucumán,Primera Division Argentina,26,1997,6.4,0,5,0,0.0,0.78,0.00,0.00,0,15.1,0,0,0,0.4,0.4,0.08,-0.4,-0.4,ar ARG,DF,Atlé Tucumán,Primera Division Argentina,26,1997,6.4,222,312,71.2,3670,1865,98,126,77.8,102,136,75.0,15,32,46.9,0,0.1,0.2,-0.1,4,12,1,0,14,ar ARG,DF,Atlé Tucumán,Primera Division Argentina,26,1997,6.4,312,228,82,5,0,1,11,77,0,0,0,0,222,2,7,ar ARG,DF,Atlé Tucumán,Primera Division Argentina,26,1997,6.4,12,1.88,5,4,1,0,2,0,0,0.00,0,0,0,0,0,0,ar ARG,DF,Atlé Tucumán,Primera Division Argentina,26,1997,6.4,20,17,13,6,1,9,20,45.0,11,4,0,4,3,23,12,0,ar ARG,DF,Atlé Tucumán,Primera Division Argentina,26,1997,6.4,383,17,111,189,87,13,383,25,10,40.0,11,44.0,159,702,412,9,8,3,7,2,185,20,ar ARG,DF,Atlé Tucumán,Primera Division Argentina,26,1997,10,574,57,23.6,6.4,7,76,3,3,14,17,0.90,2,11,-9,-1.41,-1.75,6.0,9.6,-3.7,-0.58,-0.47,ar ARG,DF,Atlé Tucumán,Primera Division Argentina,26,1997,6.4,2,0,0,8,8,0,11,3,17,0,0,0,36,10,4,71.4
Pedro De la Vega,ar ARG,FW,Lanús,Primera Division Argentina,21,2001,25,23,"1,955",21.7,6,3,9,6,0,0,3,0,3.9,3.9,2.4,6.2,53,44,158,0.28,0.14,0.41,0.28,0.41,0.18,0.11,0.29,0.18,0.29,ar ARG,FW,Lanús,Primera Division Argentina,21,2001,21.7,6,44,12,27.3,2.03,0.55,0.14,0.50,16.8,1,0,0,3.9,3.9,0.09,+2.1,+2.1,ar ARG,FW,Lanús,Primera Division Argentina,21,2001,21.7,351,523,67.1,5163,1361,216,268,80.6,94,144,65.3,26,47,55.3,3,2.4,2.1,+0.6,18,35,20,5,44,ar ARG,FW,Lanús,Primera Division Argentina,21,2001,21.7,523,508,8,2,5,5,41,4,0,0,0,0,351,7,28,ar ARG,FW,Lanús,Primera Division Argentina,21,2001,21.7,50,2.30,29,0,7,11,3,0,9,0.41,6,0,2,1,0,0,ar ARG,FW,Lanús,Primera Division Argentina,21,2001,21.7,35,17,13,15,7,13,39,33.3,26,20,3,17,11,46,29,0,ar ARG,FW,Lanús,Primera Division Argentina,21,2001,21.7,857,36,123,397,362,70,857,136,60,44.1,56,41.2,536,3494,1521,53,35,15,73,34,558,158,ar ARG,FW,Lanús,Primera Division Argentina,21,2001,25,"1,955",78,80.5,21.7,23,82,7,2,32,0,1.64,24,18,+6,+0.28,-0.67,24.9,19.0,+5.8,+0.27,-0.29,ar ARG,FW,Lanús,Primera Division Argentina,21,2001,21.7,3,0,0,29,36,6,41,11,17,0,0,0,122,43,57,43.0
Ramiro Degregorio,ar ARG,MF,Racing Club,Primera Division Argentina,19,2003,1,0,6,0.1,0,0,0,0,0,0,0,0,0.1,0.1,0.0,0.1,0,0,0,0.00,0.00,0.00,0.00,0.00,0.82,0.00,0.82,0.82,0.82,ar ARG,MF,Racing Club,Primera Division Argentina,19,2003,0.1,0,1,0,0.0,15.00,0.00,0.00,0,14.1,0,0,0,0.1,0.1,0.05,-0.1,-0.1,ar ARG,MF,Racing Club,Primera Division Argentina,19,2003,0.1,2,3,66.7,31,0,1,2,50.0,1,1,100.0,0,0,0,0,0.0,0.0,0.0,0,0,0,0,0,ar ARG,MF,Racing Club,Primera Division Argentina,19,2003,0.1,3,3,0,0,0,0,0,0,0,0,0,0,2,0,0,ar ARG,MF,Racing Club,Primera Division Argentina,19,2003,0.1,0,0.00,0,0,0,0,0,0,0,0.00,0,0,0,0,0,0,ar ARG,MF,Racing Club,Primera Division Argentina,19,2003,0.1,0,0,0,0,0,0,0,0,0,0,0,0,0,0,0,0,ar ARG,MF,Racing Club,Primera Division Argentina,19,2003,0.1,4,0,0,2,2,1,4,0,0,0,0,0,2,33,0,0,1,0,0,1,3,0,ar ARG,MF,Racing Club,Primera Division Argentina,19,2003,1,6,6,0.2,0.1,0,0,0,1,6,0,0.00,0,0,0,0.00,-0.04,0.2,0.0,+0.2,+3.35,+3.53,ar ARG,MF,Racing Club,Primera Division Argentina,19,2003,0.1,0,0,0,0,0,0,0,0,0,0,0,0,0,1,0,100.0
Mateo Del Blanco,ar ARG,"DF,MF",Unión,Primera Division Argentina,19,2003,6,3,331,3.7,0,0,0,0,0,0,2,0,0.2,0.2,0.3,0.5,13,19,15,0.00,0.00,0.00,0.00,0.00,0.05,0.07,0.13,0.05,0.13,ar ARG,"DF,MF",Unión,Primera Division Argentina,19,2003,3.7,0,4,2,50.0,1.09,0.54,0.00,0.00,23.5,0,0,0,0.2,0.2,0.05,-0.2,-0.2,ar ARG,"DF,MF",Unión,Primera Division Argentina,19,2003,3.7,108,161,67.1,1911,1086,51,64,79.7,39,54,72.2,15,31,48.4,0,0.3,0.5,-0.3,5,16,6,4,19,ar ARG,"DF,MF",Unión,Primera Division Argentina,19,2003,3.7,161,133,28,2,0,0,29,19,7,2,5,0,108,0,6,ar ARG,"DF,MF",Unión,Primera Division Argentina,19,2003,3.7,10,2.72,5,2,0,1,2,0,0,0.00,0,0,0,0,0,0,ar ARG,"DF,MF",Unión,Primera Division Argentina,19,2003,3.7,8,5,1,6,1,6,10,60.0,4,8,1,7,3,11,4,0,ar ARG,"DF,MF",Unión,Primera Division Argentina,19,2003,3.7,222,4,43,114,68,5,222,19,8,42.1,10,52.6,109,696,386,13,4,3,10,3,122,15,ar ARG,"DF,MF",Unión,Primera Division Argentina,19,2003,6,331,55,13.6,3.7,3,89,2,3,22,7,1.17,2,1,+1,+0.27,+0.57,3.1,2.6,+0.5,+0.14,+0.44,ar ARG,"DF,MF",Unión,Primera Division Argentina,19,2003,3.7,2,0,0,6,11,0,29,3,5,0,0,0,34,5,5,50.0
Jonathan Dellarossa,ar ARG,FW,Instituto,Primera Division Argentina,23,2000,1,0,9,0.1,0,0,0,0,0,0,0,0,0.1,0.1,0.0,0.1,0,0,0,0.00,0.00,0.00,0.00,0.00,0.51,0.00,0.51,0.51,0.51,ar ARG,FW,Instituto,Primera Division Argentina,23,2000,0.1,0,1,0,0.0,10.00,0.00,0.00,0,20.5,0,0,0,0.1,0.1,0.05,-0.1,-0.1,ar ARG,FW,Instituto,Primera Division Argentina,23,2000,0.1,1,2,50.0,14,0,1,2,50.0,0,0,0,0,0,0,0,0.0,0.0,0.0,0,0,0,0,0,ar ARG,FW,Instituto,Primera Division Argentina,23,2000,0.1,2,2,0,0,0,0,0,0,0,0,0,0,1,0,0,ar ARG,FW,Instituto,Primera Division Argentina,23,2000,0.1,0,0.00,0,0,0,0,0,0,0,0.00,0,0,0,0,0,0,ar ARG,FW,Instituto,Primera Division Argentina,23,2000,0.1,0,0,0,0,0,0,0,0,0,0,0,0,0,0,0,0,ar ARG,FW,Instituto,Primera Division Argentina,23,2000,0.1,5,0,0,2,3,0,5,0,0,0,0,0,2,4,0,0,0,0,1,0,3,0,ar ARG,FW,Instituto,Primera Division Argentina,23,2000,1,9,9,0.4,0.1,0,0,0,1,9,3,1.00,0,0,0,0.00,+0.41,0.1,0.0,+0.1,+0.72,+0.57,ar ARG,FW,Instituto,Primera Division Argentina,23,2000,0.1,0,0,0,0,0,0,0,0,0,0,0,0,0,0,0,0
Valentín Depietri,ar ARG,"FW,MF",Talleres,Primera Division Argentina,22,2000,16,6,526,5.8,0,0,0,0,0,0,2,0,0.5,0.5,0.9,1.4,35,22,41,0.00,0.00,0.00,0.00,0.00,0.08,0.16,0.24,0.08,0.24,ar ARG,"FW,MF",Talleres,Primera Division Argentina,22,2000,5.8,0,7,0,0.0,1.20,0.00,0.00,0,25.0,1,0,0,0.5,0.5,0.07,-0.5,-0.5,ar ARG,"FW,MF",Talleres,Primera Division Argentina,22,2000,5.8,155,217,71.4,2435,550,89,105,84.8,51,76,67.1,13,19,68.4,0,0.9,0.8,-0.9,11,12,6,0,22,ar ARG,"FW,MF",Talleres,Primera Division Argentina,22,2000,5.8,217,205,12,3,2,1,19,2,6,3,2,0,155,0,9,ar ARG,"FW,MF",Talleres,Primera Division Argentina,22,2000,5.8,23,3.92,19,1,2,1,0,0,2,0.34,1,1,0,0,0,0,ar ARG,"FW,MF",Talleres,Primera Division Argentina,22,2000,5.8,8,4,3,4,1,4,17,23.5,13,4,0,4,2,10,0,0,ar ARG,"FW,MF",Talleres,Primera Division Argentina,22,2000,5.8,301,1,34,142,135,16,301,53,24,45.3,24,45.3,201,1780,936,35,28,6,17,10,207,41,ar ARG,"FW,MF",Talleres,Primera Division Argentina,22,2000,16,526,33,21.6,5.8,6,51,0,10,22,5,1.81,8,6,+2,+0.34,-0.46,7.9,6.3,+1.6,+0.27,-0.40,ar ARG,"FW,MF",Talleres,Primera Division Argentina,22,2000,5.8,2,0,0,10,7,1,19,2,4,0,0,0,32,9,13,40.9
Andrés Desábato,ar ARG,GK,Barracas Central,Primera Division Argentina,32,1990,24,24,"2,160",24.0,0,0,0,0,0,0,0,0,0.0,0.0,0.0,0.0,0,0,0,0.00,0.00,0.00,0.00,0.00,0.00,0.00,0.00,0.00,0.00,ar ARG,GK,Barracas Central,Primera Division Argentina,32,1990,24.0,0,0,0,0,0.00,0.00,0,0,0,0,0,0,0.0,0.0,0,0.0,0.0,ar ARG,GK,Barracas Central,Primera Division Argentina,32,1990,24.0,480,766,62.7,15423,12135,63,65,96.9,222,227,97.8,193,471,41.0,0,0.0,0.1,0.0,0,24,1,0,0,ar ARG,GK,Barracas Central,Primera Division Argentina,32,1990,24.0,766,483,283,89,0,0,0,0,0,0,0,0,480,0,0,ar ARG,GK,Barracas Central,Primera Division Argentina,32,1990,24.0,3,0.12,1,2,0,0,0,0,2,0.08,1,1,0,0,0,0,ar ARG,GK,Barracas Central,Primera Division Argentina,32,1990,24.0,2,0,2,0,0,2,3,66.7,1,2,0,2,1,3,16,1,ar ARG,GK,Barracas Central,Primera Division Argentina,32,1990,24.0,830,681,827,3,0,0,830,2,1,50.0,0,0.0,411,2467,1560,0,0,0,2,0,226,0,ar ARG,GK,Barracas Central,Primera Division Argentina,32,1990,24,"2,160",90,88.9,24.0,24,90,24,0,0,0,1.29,21,24,-3,-0.12,+0.54,20.4,26.3,-6.0,-0.25,-0.24,ar ARG,GK,Barracas Central,Primera Division Argentina,32,1990,24.0,0,0,0,1,10,0,0,1,0,0,0,0,38,6,0,100.0
José Devecchi,ar ARG,GK,Sarmiento,Primera Division Argentina,27,1995,6,6,540,6.0,0,0,0,0,0,0,0,0,0.0,0.0,0.0,0.0,0,0,0,0.00,0.00,0.00,0.00,0.00,0.00,0.00,0.00,0.00,0.00,ar ARG,GK,Sarmiento,Primera Division Argentina,27,1995,6.0,0,0,0,0,0.00,0.00,0,0,0,0,0,0,0.0,0.0,0,0.0,0.0,ar ARG,GK,Sarmiento,Primera Division Argentina,27,1995,6.0,89,150,59.3,3699,3347,4,4,100.0,26,27,96.3,59,119,49.6,0,0.0,0.0,0.0,0,6,0,0,0,ar ARG,GK,Sarmiento,Primera Division Argentina,27,1995,6.0,150,94,56,4,0,0,0,0,0,0,0,0,89,0,0,ar ARG,GK,Sarmiento,Primera Division Argentina,27,1995,6.0,0,0.00,0,0,0,0,0,0,0,0.00,0,0,0,0,0,0,ar ARG,GK,Sarmiento,Primera Division Argentina,27,1995,6.0,1,1,1,0,0,1,1,100.0,0,0,0,0,0,1,5,0,ar ARG,GK,Sarmiento,Primera Division Argentina,27,1995,6.0,166,145,166,0,0,0,166,0,0,0,0,0,87,618,420,0,0,0,0,0,36,0,ar ARG,GK,San Lorenzo,Primera Division Argentina,27,1995,0,0,0,0,0,0,0,0,0,0,1,0,0,0,0,0,0,0,0,0,0,0,ar ARG,GK,Sarmiento,Primera Division Argentina,27,1995,6.0,0,0,0,0,0,0,0,0,1,0,0,0,2,2,0,100.0
Marco Di Cesare,ar ARG,DF,Arg Juniors,Primera Division Argentina,21,2002,13,12,"1,091",12.1,0,1,1,0,0,0,3,0,0.3,0.3,0.5,0.8,2,36,3,0.00,0.08,0.08,0.00,0.08,0.02,0.04,0.06,0.02,0.06,ar ARG,DF,Arg Juniors,Primera Division Argentina,21,2002,12.1,0,5,2,40.0,0.41,0.16,0.00,0.00,12.0,0,0,0,0.3,0.3,0.05,-0.3,-0.3,ar ARG,DF,Arg Juniors,Primera Division Argentina,21,2002,12.1,687,854,80.4,13218,5662,245,272,90.1,363,419,86.6,69,140,49.3,1,0.5,0.1,+0.5,3,26,2,0,36,ar ARG,DF,Arg Juniors,Primera Division Argentina,21,2002,12.1,854,806,47,43,0,5,0,2,0,0,0,0,687,1,5,ar ARG,DF,Arg Juniors,Primera Division Argentina,21,2002,12.1,7,0.58,6,0,0,1,0,0,1,0.08,0,0,0,1,0,0,ar ARG,DF,Arg Juniors,Primera Division Argentina,21,2002,12.1,20,12,17,3,0,15,20,75.0,5,10,7,3,14,34,70,0,ar ARG,DF,Arg Juniors,Primera Division Argentina,21,2002,12.1,990,152,601,376,18,12,990,2,2,100.0,0,0.0,561,2836,1678,2,1,0,2,1,618,3,ar ARG,DF,Arg Juniors,Primera Division Argentina,21,2002,13,"1,091",84,44.9,12.1,12,87,11,1,45,14,1.46,14,8,+6,+0.49,+0.29,16.3,13.1,+3.2,+0.26,-0.42,ar ARG,DF,Arg Juniors,Primera Division Argentina,21,2002,12.1,3,0,0,21,9,1,0,14,12,0,1,0,72,42,31,57.5
Francisco Di Franco,ar ARG,"MF,DF",Atlé Tucumán,Primera Division Argentina,28,1995,18,5,494,5.5,0,0,0,0,0,0,4,0,0.2,0.2,0.2,0.3,6,18,11,0.00,0.00,0.00,0.00,0.00,0.03,0.03,0.06,0.03,0.06,ar ARG,"MF,DF",Atlé Tucumán,Primera Division Argentina,28,1995,5.5,0,2,1,50.0,0.36,0.18,0.00,0.00,21.9,0,0,0,0.2,0.2,0.09,-0.2,-0.2,ar ARG,"MF,DF",Atlé Tucumán,Primera Division Argentina,28,1995,5.5,148,181,81.8,2009,551,95,109,87.2,42,50,84.0,5,8,62.5,0,0.2,0.2,-0.2,5,17,2,0,18,ar ARG,"MF,DF",Atlé Tucumán,Primera Division Argentina,28,1995,5.5,181,177,4,1,0,0,2,1,2,0,1,0,148,0,5,ar ARG,"MF,DF",Atlé Tucumán,Primera Division Argentina,28,1995,5.5,9,1.64,8,0,0,0,0,1,0,0.00,0,0,0,0,0,0,ar ARG,"MF,DF",Atlé Tucumán,Primera Division Argentina,28,1995,5.5,13,5,6,5,2,1,16,6.3,15,6,2,4,2,15,9,0,ar ARG,"MF,DF",Atlé Tucumán,Primera Division Argentina,28,1995,5.5,245,14,48,146,57,5,245,14,5,35.7,8,57.1,114,511,200,6,4,1,10,11,136,11,ar ARG,"MF,DF",Atlé Tucumán,Primera Division Argentina,28,1995,18,494,27,20.3,5.5,5,72,0,13,10,9,1.72,2,5,-3,-0.55,-0.59,4.8,8.8,-4.0,-0.73,-0.64,ar ARG,"MF,DF",Atlé Tucumán,Primera Division Argentina,28,1995,5.5,4,0,0,21,5,1,2,2,5,0,0,0,35,6,13,31.6
Alan Di Pippa,ar ARG,MF,Banfield,Primera Division Argentina,22,2000,7,1,235,2.6,0,0,0,0,0,0,1,0,0.1,0.1,0.1,0.2,5,14,2,0.00,0.00,0.00,0.00,0.00,0.03,0.04,0.07,0.03,0.07,ar ARG,MF,Banfield,Primera Division Argentina,22,2000,2.6,0,3,1,33.3,1.15,0.38,0.00,0.00,27.3,0,0,0,0.1,0.1,0.03,-0.1,-0.1,ar ARG,MF,Banfield,Primera Division Argentina,22,2000,2.6,82,116,70.7,1386,491,37,48,77.1,33,52,63.5,9,9,100.0,0,0.1,0.1,-0.1,3,10,2,0,14,ar ARG,MF,Banfield,Primera Division Argentina,22,2000,2.6,116,110,6,3,0,0,1,3,0,0,0,0,82,0,2,ar ARG,MF,Banfield,Primera Division Argentina,22,2000,2.6,5,1.91,5,0,0,0,0,0,0,0.00,0,0,0,0,0,0,ar ARG,MF,Banfield,Primera Division Argentina,22,2000,2.6,9,7,1,6,2,5,11,45.5,6,6,3,3,4,13,3,0,ar ARG,MF,Banfield,Primera Division Argentina,22,2000,2.6,152,4,33,95,30,1,152,3,1,33.3,2,66.7,65,374,209,5,3,0,6,3,68,2,ar ARG,MF,Banfield,Primera Division Argentina,22,2000,7,235,34,9.7,2.6,1,45,0,6,32,17,1.14,3,2,+1,+0.38,+0.88,2.1,2.7,-0.7,-0.26,-0.31,ar ARG,MF,Banfield,Primera Division Argentina,22,2000,2.6,1,0,0,3,5,0,1,4,7,0,0,0,19,7,7,50.0
Leonel Di Plácido,ar ARG,DF,Lanús,Primera Division Argentina,29,1994,2,2,154,1.7,0,0,0,0,0,0,0,0,0.0,0.0,0.1,0.1,5,4,6,0.00,0.00,0.00,0.00,0.00,0.00,0.04,0.04,0.00,0.04,ar ARG,DF,Lanús,Primera Division Argentina,29,1994,1.7,0,0,0,0,0.00,0.00,0,0,0,0,0,0,0.0,0.0,0,0.0,0.0,ar ARG,DF,Lanús,Primera Division Argentina,29,1994,1.7,50,74,67.6,849,398,24,30,80.0,20,26,76.9,5,11,45.5,0,0.1,0.1,-0.1,2,1,2,2,4,ar ARG,DF,Lanús,Primera Division Argentina,29,1994,1.7,74,64,9,0,0,0,10,9,0,0,0,0,50,1,5,ar ARG,DF,Lanús,Primera Division Argentina,29,1994,1.7,4,2.34,3,1,0,0,0,0,0,0.00,0,0,0,0,0,0,ar ARG,DF,Lanús,Primera Division Argentina,29,1994,1.7,6,5,3,1,2,3,9,33.3,6,2,0,2,7,13,5,0,ar ARG,DF,Lanús,Primera Division Argentina,29,1994,1.7,98,7,34,42,23,0,98,6,5,83.3,1,16.7,54,273,118,5,4,0,3,5,45,6,ar ARG,DF,Lanús,Primera Division Argentina,29,1994,2,154,77,6.3,1.7,2,77,1,0,0,0,3.00,4,1,+3,+1.75,+1.44,2.7,1.7,+1.0,+0.59,+0.28,ar ARG,DF,Lanús,Primera Division Argentina,29,1994,1.7,0,0,0,2,0,0,10,7,5,0,0,0,13,2,1,66.7
Lucas Diarte,ar ARG,DF,Belgrano,Primera Division Argentina,29,1993,20,10,973,10.8,1,0,1,1,0,0,5,0,0.1,0.1,0.5,0.6,22,32,40,0.09,0.00,0.09,0.09,0.09,0.01,0.05,0.06,0.01,0.06,ar ARG,DF,Belgrano,Primera Division Argentina,29,1993,10.8,1,7,2,28.6,0.65,0.18,0.14,0.50,28.9,0,0,0,0.1,0.1,0.02,+0.9,+0.9,ar ARG,DF,Belgrano,Primera Division Argentina,29,1993,10.8,341,495,68.9,5391,2650,181,211,85.8,126,184,68.5,23,63,36.5,0,0.5,0.8,-0.5,12,23,15,11,32,ar ARG,DF,Belgrano,Primera Division Argentina,29,1993,10.8,495,353,141,8,0,2,40,132,1,0,1,0,341,1,20,ar ARG,DF,Belgrano,Primera Division Argentina,29,1993,10.8,20,1.85,17,1,0,0,1,1,0,0.00,0,0,0,0,0,0,ar ARG,DF,Belgrano,Primera Division Argentina,29,1993,10.8,27,15,17,7,3,16,26,61.5,10,13,4,9,10,37,22,0,ar ARG,DF,Belgrano,Primera Division Argentina,29,1993,10.8,621,28,177,260,189,6,621,18,5,27.8,13,72.2,245,1295,754,22,12,0,15,6,285,40,ar ARG,DF,Belgrano,Primera Division Argentina,29,1993,20,973,49,40.0,10.8,10,72,5,10,25,6,1.50,7,9,-2,-0.18,+0.06,10.9,10.0,+1.0,+0.09,+0.59,ar ARG,DF,Belgrano,Primera Division Argentina,29,1993,10.8,5,0,0,14,11,0,40,10,15,0,1,0,57,7,10,41.2
Enzo Díaz,ar ARG,DF,River Plate,Primera Division Argentina,27,1995,22,20,"1,869",20.8,0,2,2,0,0,0,7,0,0.6,0.6,1.5,2.1,47,103,122,0.00,0.10,0.10,0.00,0.10,0.03,0.07,0.10,0.03,0.10,ar ARG,DF,River Plate,Primera Division Argentina,27,1995,20.8,0,11,0,0.0,0.53,0.00,0.00,0,18.1,0,0,0,0.6,0.6,0.05,-0.6,-0.6,ar ARG,DF,River Plate,Primera Division Argentina,27,1995,20.8,969,1186,81.7,16728,5848,487,545,89.4,385,458,84.1,85,138,61.6,2,1.5,1.7,+0.5,12,79,16,5,103,ar ARG,DF,River Plate,Primera Division Argentina,27,1995,20.8,1186,1049,135,22,0,18,43,113,0,0,0,0,969,2,21,ar ARG,DF,River Plate,Primera Division Argentina,27,1995,20.8,32,1.54,23,0,1,1,6,1,5,0.24,3,0,0,0,2,0,ar ARG,DF,River Plate,Primera Division Argentina,27,1995,20.8,61,36,36,24,1,32,47,68.1,15,27,5,22,21,82,46,0,ar ARG,DF,River Plate,Primera Division Argentina,27,1995,20.8,1442,60,441,686,328,30,1442,56,26,46.4,19,33.9,827,4394,2612,47,30,4,34,20,884,122,ar ARG,DF,River Plate,Primera Division Argentina,27,1995,22,"1,869",85,76.9,20.8,20,90,20,2,35,1,2.27,38,14,+24,+1.16,+0.19,37.9,15.9,+22.0,+1.06,+0.57,ar ARG,DF,River Plate,Primera Division Argentina,27,1995,20.8,7,0,0,36,44,4,43,21,36,2,0,0,144,33,31,51.6
Franco Díaz,ar ARG,MF,Platense,Primera Division Argentina,22,2000,23,14,"1,265",14.1,1,0,1,1,0,0,7,0,0.4,0.4,0.6,1.0,28,77,39,0.07,0.00,0.07,0.07,0.07,0.03,0.04,0.07,0.03,0.07,ar ARG,MF,Platense,Primera Division Argentina,22,2000,14.1,1,17,5,29.4,1.21,0.36,0.06,0.20,29.1,0,0,0,0.4,0.4,0.02,+0.6,+0.6,ar ARG,MF,Platense,Primera Division Argentina,22,2000,14.1,410,567,72.3,6807,2365,212,248,85.5,154,194,79.4,33,76,43.4,0,0.6,0.5,-0.6,14,44,6,1,77,ar ARG,MF,Platense,Primera Division Argentina,22,2000,14.1,567,538,28,22,1,4,25,5,1,0,0,0,410,1,19,ar ARG,MF,Platense,Primera Division Argentina,22,2000,14.1,32,2.27,24,1,4,1,2,0,1,0.07,0,0,1,0,0,0,ar ARG,MF,Platense,Primera Division Argentina,22,2000,14.1,45,28,18,24,3,24,54,44.4,30,29,3,26,17,62,22,0,ar ARG,MF,Platense,Primera Division Argentina,22,2000,14.1,781,26,154,472,184,9,781,38,24,63.2,12,31.6,389,2380,1237,28,33,2,37,15,400,39,ar ARG,MF,Platense,Primera Division Argentina,22,2000,23,"1,265",55,52.1,14.1,14,78,6,9,20,2,1.26,9,13,-4,-0.28,-0.36,9.1,14.7,-5.6,-0.40,-0.02,ar ARG,MF,Platense,Primera Division Argentina,22,2000,14.1,7,0,0,30,16,0,25,17,28,0,0,0,133,16,16,50.0
Gabriel Díaz,ar ARG,"DF,MF",Sarmiento,Primera Division Argentina,22,2000,19,17,"1,455",16.2,1,1,2,1,0,0,1,0,1.1,1.1,1.8,2.9,25,61,32,0.06,0.06,0.12,0.06,0.12,0.07,0.11,0.18,0.07,0.18,ar ARG,"DF,MF",Sarmiento,Primera Division Argentina,22,2000,16.2,1,20,4,20.0,1.24,0.25,0.05,0.25,24.9,2,0,0,1.1,1.1,0.05,-0.1,-0.1,ar ARG,"DF,MF",Sarmiento,Primera Division Argentina,22,2000,16.2,353,619,57.0,6969,4074,138,182,75.8,154,264,58.3,52,122,42.6,1,1.8,2.6,-0.8,17,42,17,9,61,ar ARG,"DF,MF",Sarmiento,Primera Division Argentina,22,2000,16.2,619,446,169,16,0,3,70,145,8,0,7,0,353,4,21,ar ARG,"DF,MF",Sarmiento,Primera Division Argentina,22,2000,16.2,35,2.16,25,8,0,2,0,0,2,0.12,2,0,0,0,0,0,ar ARG,"DF,MF",Sarmiento,Primera Division Argentina,22,2000,16.2,38,25,17,14,7,16,29,55.2,13,14,3,11,32,70,49,0,ar ARG,"DF,MF",Sarmiento,Primera Division Argentina,22,2000,16.2,806,63,250,350,220,11,806,26,15,57.7,8,30.8,325,1608,956,25,23,5,23,8,306,32,ar ARG,"DF,MF",Sarmiento,Primera Division Argentina,22,2000,19,"1,455",77,59.9,16.2,17,82,10,2,29,2,1.05,16,15,+1,+0.06,+0.43,18.3,19.4,-1.2,-0.07,+0.53,ar ARG,"DF,MF",Sarmiento,Primera Division Argentina,22,2000,16.2,1,0,0,14,6,2,70,32,25,0,0,0,109,12,16,42.9
Leandro Díaz,ar ARG,FW,Lanús,Primera Division Argentina,30,1992,24,23,"2,052",22.8,11,4,15,7,4,5,10,1,10.0,5.9,2.4,8.3,15,33,108,0.48,0.18,0.66,0.31,0.48,0.44,0.11,0.54,0.26,0.36,ar ARG,FW,Lanús,Primera Division Argentina,30,1992,22.8,11,53,21,39.6,2.32,0.92,0.13,0.33,20.1,0,4,5,10.0,5.9,0.11,+1.0,+1.1,ar ARG,FW,Lanús,Primera Division Argentina,30,1992,22.8,293,507,57.8,4172,1085,164,243,67.5,82,139,59.0,20,40,50.0,4,2.4,1.6,+1.6,18,24,14,4,33,ar ARG,FW,Lanús,Primera Division Argentina,30,1992,22.8,507,457,47,1,3,7,21,4,0,0,0,0,293,3,26,ar ARG,FW,Lanús,Primera Division Argentina,30,1992,22.8,43,1.89,29,1,4,6,3,0,5,0.22,4,0,0,1,0,0,ar ARG,FW,Lanús,Primera Division Argentina,30,1992,22.8,9,8,1,6,2,5,16,31.3,11,7,2,5,6,15,9,0,ar ARG,FW,Lanús,Primera Division Argentina,30,1992,22.8,732,17,50,344,341,77,727,32,15,46.9,15,46.9,374,1502,504,15,9,8,64,29,546,108,ar ARG,FW,Lanús,Primera Division Argentina,30,1992,24,"2,052",86,84.4,22.8,23,87,15,1,45,0,1.58,32,25,+7,+0.31,-0.65,31.0,22.9,+8.1,+0.35,+0.18,ar ARG,FW,Lanús,Primera Division Argentina,30,1992,22.8,10,1,1,31,25,19,21,6,8,0,0,0,49,62,79,44.0
Paulo Díaz,cl CHI,DF,River Plate,Primera Division Argentina,28,1994,14,13,"1,140",12.7,1,0,1,1,0,0,3,0,0.5,0.5,0.4,0.8,9,54,2,0.08,0.00,0.08,0.08,0.08,0.04,0.03,0.06,0.04,0.06,cl CHI,DF,River Plate,Primera Division Argentina,28,1994,12.7,1,4,1,25.0,0.32,0.08,0.25,1.00,20.4,0,0,0,0.5,0.5,0.12,+0.5,+0.5,cl CHI,DF,River Plate,Primera Division Argentina,28,1994,12.7,861,955,90.2,18318,7602,267,280,95.4,430,468,91.9,156,188,83.0,0,0.4,0.3,-0.4,5,61,3,1,54,cl CHI,DF,River Plate,Primera Division Argentina,28,1994,12.7,955,923,31,26,0,22,3,5,0,0,0,0,861,1,7,cl CHI,DF,River Plate,Primera Division Argentina,28,1994,12.7,15,1.12,13,0,0,1,0,1,3,0.22,3,0,0,0,0,0,cl CHI,DF,River Plate,Primera Division Argentina,28,1994,12.7,18,10,13,5,0,12,20,60.0,8,12,8,4,19,37,59,0,cl CHI,DF,River Plate,Primera Division Argentina,28,1994,12.7,1091,115,556,517,28,7,1091,6,4,66.7,2,33.3,664,3296,1881,9,7,0,10,3,725,2,cl CHI,DF,River Plate,Primera Division Argentina,28,1994,14,"1,140",81,46.9,12.7,13,85,12,1,38,4,2.64,27,6,+21,+1.66,+1.03,29.0,8.3,+20.7,+1.54,+1.21,cl CHI,DF,River Plate,Primera Division Argentina,28,1994,12.7,3,0,0,11,3,0,3,19,10,0,0,0,87,34,25,57.6
Willer Ditta,co COL,DF,Newell's OB,Primera Division Argentina,26,1997,17,17,"1,454",16.2,0,0,0,0,0,0,4,2,0.0,0.0,0.5,0.6,23,64,2,0.00,0.00,0.00,0.00,0.00,0.00,0.03,0.04,0.00,0.04,co COL,DF,Newell's OB,Primera Division Argentina,26,1997,16.2,0,2,0,0.0,0.12,0.00,0.00,0,27.2,0,0,0,0.0,0.0,0.02,0.0,0.0,co COL,DF,Newell's OB,Primera Division Argentina,26,1997,16.2,905,1041,86.9,18213,5494,278,295,94.2,525,576,91.1,97,149,65.1,0,0.5,0.6,-0.5,2,53,6,0,64,co COL,DF,Newell's OB,Primera Division Argentina,26,1997,16.2,1041,1002,36,25,1,14,2,7,0,0,0,0,905,3,5,co COL,DF,Newell's OB,Primera Division Argentina,26,1997,16.2,12,0.74,11,0,0,0,1,0,2,0.12,2,0,0,0,0,0,co COL,DF,Newell's OB,Primera Division Argentina,26,1997,16.2,11,7,10,1,0,6,8,75.0,2,16,10,6,14,25,56,0,co COL,DF,Newell's OB,Primera Division Argentina,26,1997,16.2,1172,91,577,572,30,3,1172,9,5,55.6,3,33.3,753,5330,3646,23,11,0,12,7,797,2,co COL,DF,Newell's OB,Primera Division Argentina,26,1997,17,"1,454",86,59.8,16.2,17,86,15,0,0,0,1.53,12,12,0,0.00,0.00,15.0,15.6,-0.6,-0.03,+0.03,co COL,DF,Newell's OB,Primera Division Argentina,26,1997,16.2,4,2,1,25,6,0,2,14,7,0,1,0,115,25,40,38.5
Jerónimo Domina,ar ARG,FW,Unión,Primera Division Argentina,17,2005,21,13,"1,150",12.8,3,1,4,3,0,0,3,0,2.1,2.1,0.8,2.9,17,25,74,0.23,0.08,0.31,0.23,0.31,0.17,0.06,0.23,0.17,0.23,ar ARG,FW,Unión,Primera Division Argentina,17,2005,12.8,3,22,9,40.9,1.72,0.70,0.14,0.33,17.0,0,0,0,2.1,2.1,0.10,+0.9,+0.9,ar ARG,FW,Unión,Primera Division Argentina,17,2005,12.8,159,249,63.9,2363,652,84,111,75.7,46,65,70.8,14,21,66.7,1,0.8,0.7,+0.2,12,19,10,4,25,ar ARG,FW,Unión,Primera Division Argentina,17,2005,12.8,249,238,10,0,2,1,17,0,0,0,0,0,159,1,18,ar ARG,FW,Unión,Primera Division Argentina,17,2005,12.8,26,2.03,17,0,2,5,1,1,2,0.16,1,0,0,0,0,1,ar ARG,FW,Unión,Primera Division Argentina,17,2005,12.8,7,4,3,2,2,4,15,26.7,11,8,1,7,3,10,3,0,ar ARG,FW,Unión,Primera Division Argentina,17,2005,12.8,392,5,26,186,187,41,392,50,17,34.0,30,60.0,241,1330,478,17,17,5,46,23,279,74,ar ARG,FW,Unión,Primera Division Argentina,17,2005,21,"1,150",55,47.3,12.8,13,78,3,8,16,4,1.14,9,9,0,0.00,+0.42,9.4,13.8,-4.5,-0.35,-0.20,ar ARG,FW,Unión,Primera Division Argentina,17,2005,12.8,3,0,0,22,17,7,17,3,4,0,0,0,37,25,40,38.5
Alexis Dominguez,ar ARG,FW,Barracas Central,Primera Division Argentina,26,1996,17,8,752,8.4,1,0,1,1,0,0,0,0,1.5,1.5,0.2,1.7,5,11,43,0.12,0.00,0.12,0.12,0.12,0.18,0.02,0.20,0.18,0.20,ar ARG,FW,Barracas Central,Primera Division Argentina,26,1996,8.4,1,16,6,37.5,1.91,0.72,0.06,0.17,14.5,0,0,0,1.5,1.5,0.10,-0.5,-0.5,ar ARG,FW,Barracas Central,Primera Division Argentina,26,1996,8.4,106,187,56.7,1334,249,62,94,66.0,27,51,52.9,4,11,36.4,0,0.2,0.6,-0.2,3,6,4,1,11,ar ARG,FW,Barracas Central,Primera Division Argentina,26,1996,8.4,187,181,5,0,2,0,9,0,0,0,0,0,106,1,6,ar ARG,FW,Barracas Central,Primera Division Argentina,26,1996,8.4,10,1.20,7,0,0,3,0,0,1,0.12,0,0,0,1,0,0,ar ARG,FW,Barracas Central,Primera Division Argentina,26,1996,8.4,9,5,1,6,2,3,10,30.0,7,8,0,8,0,9,9,0,ar ARG,FW,Barracas Central,Primera Division Argentina,26,1996,8.4,295,13,22,139,141,26,295,21,9,42.9,10,47.6,162,554,184,5,3,2,38,16,223,43,ar ARG,FW,Barracas Central,Primera Division Argentina,26,1996,17,752,44,30.9,8.4,8,66,0,9,25,8,1.59,3,2,+1,+0.12,+0.44,4.3,6.7,-2.4,-0.29,-0.09,ar ARG,FW,Barracas Central,Primera Division Argentina,26,1996,8.4,0,0,0,17,6,5,9,0,5,0,0,0,30,32,52,38.1
Benjamín Domínguez,ar ARG,FW,Gimnasia–LP,Primera Division Argentina,19,2003,15,14,"1,142",12.7,2,0,2,2,0,0,0,0,1.7,1.7,1.1,2.8,44,11,118,0.16,0.00,0.16,0.16,0.16,0.13,0.09,0.22,0.13,0.22,ar ARG,FW,Gimnasia–LP,Primera Division Argentina,19,2003,12.7,2,26,10,38.5,2.05,0.79,0.08,0.20,19.1,0,0,0,1.7,1.7,0.06,+0.3,+0.3,ar ARG,FW,Gimnasia–LP,Primera Division Argentina,19,2003,12.7,149,244,61.1,1945,355,96,132,72.7,39,71,54.9,3,12,25.0,0,1.1,1.8,-1.1,10,8,6,1,11,ar ARG,FW,Gimnasia–LP,Primera Division Argentina,19,2003,12.7,244,242,2,0,1,1,26,1,1,0,0,0,149,0,14,ar ARG,FW,Gimnasia–LP,Primera Division Argentina,19,2003,12.7,37,2.92,15,0,12,3,7,0,1,0.08,1,0,0,0,0,0,ar ARG,FW,Gimnasia–LP,Primera Division Argentina,19,2003,12.7,10,4,2,5,3,2,8,25.0,6,17,1,16,1,11,5,0,ar ARG,FW,Gimnasia–LP,Primera Division Argentina,19,2003,12.7,465,4,30,166,278,59,465,114,53,46.5,51,44.7,316,2299,973,44,23,25,56,25,331,118,ar ARG,FW,Gimnasia–LP,Primera Division Argentina,19,2003,15,"1,142",76,47.0,12.7,14,79,6,1,34,2,0.94,10,20,-10,-0.79,-0.51,14.0,12.2,+1.8,+0.14,+0.57,ar ARG,FW,Gimnasia–LP,Primera Division Argentina,19,2003,12.7,0,0,0,5,29,5,26,1,4,0,0,0,44,7,19,26.9
Fabricio Domínguez,uy URU,"MF,DF",Arg Juniors,Primera Division Argentina,24,1998,19,8,771,8.6,0,2,2,0,0,0,4,0,0.3,0.3,1.7,2.0,22,50,63,0.00,0.23,0.23,0.00,0.23,0.04,0.20,0.23,0.04,0.23,uy URU,"MF,DF",Arg Juniors,Primera Division Argentina,24,1998,8.6,0,5,2,40.0,0.58,0.23,0.00,0.00,17.3,0,0,0,0.3,0.3,0.06,-0.3,-0.3,uy URU,"MF,DF",Arg Juniors,Primera Division Argentina,24,1998,8.6,226,342,66.1,3810,1528,113,139,81.3,77,105,73.3,27,64,42.2,2,1.7,1.5,+0.3,19,29,22,9,50,uy URU,"MF,DF",Arg Juniors,Primera Division Argentina,24,1998,8.6,342,317,21,11,2,3,41,1,9,2,7,0,226,4,14,uy URU,"MF,DF",Arg Juniors,Primera Division Argentina,24,1998,8.6,40,4.68,28,4,5,1,2,0,5,0.58,4,0,1,0,0,0,uy URU,"MF,DF",Arg Juniors,Primera Division Argentina,24,1998,8.6,26,15,8,15,3,12,20,60.0,8,15,0,15,13,39,4,0,uy URU,"MF,DF",Arg Juniors,Primera Division Argentina,24,1998,8.6,475,7,59,208,214,29,475,54,25,46.3,24,44.4,257,1510,653,22,15,9,23,11,266,63,uy URU,"MF,DF",Arg Juniors,Primera Division Argentina,24,1998,19,771,41,31.7,8.6,8,59,0,11,27,8,1.47,10,10,0,0.00,-0.49,11.4,7.5,+3.9,+0.46,-0.06,uy URU,"MF,DF",Arg Juniors,Primera Division Argentina,24,1998,8.6,4,0,0,14,18,0,41,13,15,0,0,0,61,8,13,38.1
Jose Domínguez,py PAR,DF,Lanús,Primera Division Argentina,26,1996,13,13,"1,143",12.7,1,2,3,1,0,0,4,1,0.6,0.6,0.4,1.0,10,33,1,0.08,0.16,0.24,0.08,0.24,0.04,0.03,0.08,0.04,0.08,py PAR,DF,Lanús,Primera Division Argentina,26,1996,12.7,1,8,1,12.5,0.63,0.08,0.13,1.00,16.2,0,0,0,0.6,0.6,0.07,+0.4,+0.4,py PAR,DF,Lanús,Primera Division Argentina,26,1996,12.7,418,525,79.6,9025,3437,124,137,90.5,221,250,88.4,70,123,56.9,2,0.4,0.1,+1.6,6,26,3,1,33,py PAR,DF,Lanús,Primera Division Argentina,26,1996,12.7,525,504,20,17,0,10,1,1,0,0,0,0,418,1,3,py PAR,DF,Lanús,Primera Division Argentina,26,1996,12.7,11,0.87,8,0,0,3,0,0,2,0.16,1,0,0,1,0,0,py PAR,DF,Lanús,Primera Division Argentina,26,1996,12.7,14,11,12,2,0,8,10,80.0,2,9,7,2,5,19,50,0,py PAR,DF,Lanús,Primera Division Argentina,26,1996,12.7,629,97,348,268,18,7,629,12,9,75.0,2,16.7,381,1667,933,10,3,0,5,2,398,1,py PAR,DF,Lanús,Primera Division Argentina,26,1996,13,"1,143",88,47.0,12.7,13,88,12,0,0,3,1.69,21,13,+8,+0.63,+0.42,18.8,14.7,+4.1,+0.32,-0.01,py PAR,DF,Lanús,Primera Division Argentina,26,1996,12.7,4,1,1,8,7,1,1,5,11,0,0,0,67,20,12,62.5
Alejandro Donatti,ar ARG,DF,Sarmiento,Primera Division Argentina,36,1986,17,13,"1,080",12.0,0,1,1,0,0,0,1,0,0.4,0.4,0.5,1.0,1,7,1,0.00,0.08,0.08,0.00,0.08,0.04,0.04,0.08,0.04,0.08,ar ARG,DF,Sarmiento,Primera Division Argentina,36,1986,12.0,0,10,0,0.0,0.83,0.00,0.00,0,14.2,2,0,0,0.4,0.4,0.04,-0.4,-0.4,ar ARG,DF,Sarmiento,Primera Division Argentina,36,1986,12.0,132,203,65.0,2736,1176,34,48,70.8,80,99,80.8,17,51,33.3,1,0.5,0.0,+0.5,2,5,1,0,7,ar ARG,DF,Sarmiento,Primera Division Argentina,36,1986,12.0,203,191,9,9,0,0,0,0,0,0,0,0,132,3,1,ar ARG,DF,Sarmiento,Primera Division Argentina,36,1986,12.0,7,0.58,2,2,0,3,0,0,0,0.00,0,0,0,0,0,0,ar ARG,DF,Sarmiento,Primera Division Argentina,36,1986,12.0,2,0,2,0,0,1,4,25.0,3,17,13,4,10,12,73,0,ar ARG,DF,Sarmiento,Primera Division Argentina,36,1986,12.0,324,84,213,98,13,9,324,0,0,0,0,0,108,442,200,1,1,0,2,0,111,1,ar ARG,DF,Sarmiento,Primera Division Argentina,36,1986,17,"1,080",64,44.4,12.0,13,78,8,4,15,0,1.12,7,9,-2,-0.17,-0.10,10.9,15.7,-4.8,-0.40,-0.20,ar ARG,DF,Sarmiento,Primera Division Argentina,36,1986,12.0,1,0,0,7,2,1,0,10,0,0,0,0,36,32,12,72.7
Tomás Durso,ar ARG,GK,Gimnasia–LP,Primera Division Argentina,23,1999,26,26,"2,340",26.0,0,0,0,0,0,0,3,0,0.0,0.0,0.0,0.0,0,0,0,0.00,0.00,0.00,0.00,0.00,0.00,0.00,0.00,0.00,0.00,ar ARG,GK,Gimnasia–LP,Primera Division Argentina,23,1999,26.0,0,0,0,0,0.00,0.00,0,0,0,0,0,0,0.0,0.0,0,0.0,0.0,ar ARG,GK,Gimnasia–LP,Primera Division Argentina,23,1999,26.0,350,614,57.0,12874,10907,43,44,97.7,135,137,98.5,172,430,40.0,0,0.0,0.0,0.0,0,15,0,0,0,ar ARG,GK,Gimnasia–LP,Primera Division Argentina,23,1999,26.0,614,325,286,83,0,1,0,0,0,0,0,0,350,3,0,ar ARG,GK,Gimnasia–LP,Primera Division Argentina,23,1999,26.0,6,0.23,5,1,0,0,0,0,0,0.00,0,0,0,0,0,0,ar ARG,GK,Gimnasia–LP,Primera Division Argentina,23,1999,26.0,1,1,1,0,0,1,1,100.0,0,1,0,1,1,2,11,0,ar ARG,GK,Gimnasia–LP,Primera Division Argentina,23,1999,26.0,666,589,666,0,0,0,666,0,0,0,0,0,261,1692,1101,0,0,0,0,0,154,0,ar ARG,GK,Gimnasia–LP,Primera Division Argentina,23,1999,26,"2,340",90,96.3,26.0,26,90,26,0,0,1,1.15,24,35,-11,-0.42,+2.58,27.6,30.3,-2.7,-0.10,+1.55,ar ARG,GK,Gimnasia–LP,Primera Division Argentina,23,1999,26.0,3,0,0,0,0,0,0,1,1,0,0,0,21,3,2,60.0
Facundo Echevarría,ar ARG,FW,Defensa y Just,Primera Division Argentina,20,2002,2,0,44,0.5,1,0,1,1,0,0,0,0,0.1,0.1,0.0,0.1,1,1,2,2.05,0.00,2.05,2.05,2.05,0.13,0.00,0.13,0.13,0.13,ar ARG,FW,Defensa y Just,Primera Division Argentina,20,2002,0.5,1,1,1,100.0,2.05,2.05,1.00,1.00,21.4,0,0,0,0.1,0.1,0.06,+0.9,+0.9,ar ARG,FW,Defensa y Just,Primera Division Argentina,20,2002,0.5,10,12,83.3,140,35,5,6,83.3,4,4,100.0,0,1,0.0,0,0.0,0.0,0.0,0,0,0,0,1,ar ARG,FW,Defensa y Just,Primera Division Argentina,20,2002,0.5,12,12,0,0,0,0,1,0,0,0,0,0,10,0,0,ar ARG,FW,Defensa y Just,Primera Division Argentina,20,2002,0.5,0,0.00,0,0,0,0,0,0,0,0.00,0,0,0,0,0,0,ar ARG,FW,Defensa y Just,Primera Division Argentina,20,2002,0.5,1,1,0,1,0,0,0,0,0,0,0,0,2,3,0,0,ar ARG,FW,Defensa y Just,Primera Division Argentina,20,2002,0.5,19,1,4,7,8,0,19,0,0,0,0,0,15,98,66,1,1,0,2,2,13,2,ar ARG,FW,Defensa y Just,Primera Division Argentina,20,2002,2,44,22,1.8,0.5,0,0,0,2,22,0,1.50,1,2,-1,-2.05,-2.57,0.1,1.5,-1.5,-3.03,-3.22,ar ARG,FW,Defensa y Just,Primera Division Argentina,20,2002,0.5,0,0,0,1,1,0,1,2,1,0,0,0,4,0,1,0.0
Claudio Echeverri,ar ARG,"MF,DF",River Plate,Primera Division Argentina,17,2006,4,0,75,0.8,0,1,1,0,0,0,0,0,0.0,0.0,0.1,0.1,2,6,3,0.00,1.20,1.20,0.00,1.20,0.06,0.11,0.16,0.06,0.16,ar ARG,"MF,DF",River Plate,Primera Division Argentina,17,2006,0.8,0,2,0,0.0,2.40,0.00,0.00,0,27.7,0,0,0,0.0,0.0,0.02,0.0,0.0,ar ARG,"MF,DF",River Plate,Primera Division Argentina,17,2006,0.8,41,48,85.4,659,120,23,25,92.0,15,18,83.3,3,4,75.0,1,0.1,0.1,+0.9,2,1,1,0,6,ar ARG,"MF,DF",River Plate,Primera Division Argentina,17,2006,0.8,48,45,3,0,0,0,2,1,1,0,1,0,41,0,0,ar ARG,"MF,DF",River Plate,Primera Division Argentina,17,2006,0.8,5,5.92,4,0,0,0,1,0,1,1.18,1,0,0,0,0,0,ar ARG,"MF,DF",River Plate,Primera Division Argentina,17,2006,0.8,3,2,2,1,0,1,2,50.0,1,3,0,3,0,3,1,0,ar ARG,"MF,DF",River Plate,Primera Division Argentina,17,2006,0.8,62,0,7,31,24,2,62,8,3,37.5,5,62.5,49,214,98,2,5,1,1,2,48,3,ar ARG,"MF,DF",River Plate,Primera Division Argentina,17,2006,4,75,19,3.1,0.8,0,0,0,4,19,6,2.50,3,3,0,0.00,-1.15,1.4,1.8,-0.3,-0.40,-1.37,ar ARG,"MF,DF",River Plate,Primera Division Argentina,17,2006,0.8,0,0,0,1,3,0,2,0,2,0,0,0,4,0,0,0
Jorge Eduardo Recalde,py PAR,FW,Newell's OB,Primera Division Argentina,30,1992,25,20,"1,835",20.4,6,1,7,5,1,1,4,0,5.5,4.7,1.7,6.5,14,58,110,0.29,0.05,0.34,0.25,0.29,0.27,0.09,0.36,0.23,0.32,py PAR,FW,Newell's OB,Primera Division Argentina,30,1992,20.4,6,44,14,31.8,2.16,0.69,0.11,0.36,18.9,5,1,1,5.5,4.7,0.11,+0.5,+0.3,py PAR,FW,Newell's OB,Primera Division Argentina,30,1992,20.4,353,477,74.0,4990,895,200,247,81.0,109,150,72.7,22,33,66.7,1,1.7,1.0,-0.7,17,34,7,0,58,py PAR,FW,Newell's OB,Primera Division Argentina,30,1992,20.4,477,462,13,0,1,6,5,0,0,0,0,0,353,2,12,py PAR,FW,Newell's OB,Primera Division Argentina,30,1992,20.4,41,2.01,34,0,0,5,2,0,1,0.05,1,0,0,0,0,0,py PAR,FW,Newell's OB,Primera Division Argentina,30,1992,20.4,14,8,2,8,4,3,17,17.6,14,13,3,10,3,17,11,0,py PAR,FW,Newell's OB,Primera Division Argentina,30,1992,20.4,651,17,45,318,293,60,650,28,18,64.3,6,21.4,379,1663,510,14,17,2,48,22,501,110,py PAR,FW,Newell's OB,Primera Division Argentina,30,1992,25,"1,835",73,75.5,20.4,20,86,13,5,22,1,1.24,17,18,-1,-0.05,-0.20,17.9,19.5,-1.6,-0.08,-0.14,py PAR,FW,Newell's OB,Primera Division Argentina,30,1992,20.4,4,0,0,15,19,5,5,3,8,0,0,0,54,34,52,39.5
Jalil Elías,sy SYR,MF,San Lorenzo,Primera Division Argentina,26,1996,25,24,"2,086",23.2,2,1,3,2,0,0,4,0,0.5,0.5,1.4,1.9,19,138,32,0.09,0.04,0.13,0.09,0.13,0.02,0.06,0.08,0.02,0.08,sy SYR,MF,San Lorenzo,Primera Division Argentina,26,1996,23.2,2,13,4,30.8,0.56,0.17,0.15,0.50,27.0,0,0,0,0.5,0.5,0.04,+1.5,+1.5,sy SYR,MF,San Lorenzo,Primera Division Argentina,26,1996,23.2,1087,1313,82.8,19705,6059,464,518,89.6,468,528,88.6,125,198,63.1,1,1.4,1.1,-0.4,20,116,13,3,138,sy SYR,MF,San Lorenzo,Primera Division Argentina,26,1996,23.2,1313,1204,103,71,1,13,24,28,4,3,0,0,1087,6,19,sy SYR,MF,San Lorenzo,Primera Division Argentina,26,1996,23.2,45,1.94,39,5,1,0,0,0,4,0.17,3,1,0,0,0,0,sy SYR,MF,San Lorenzo,Primera Division Argentina,26,1996,23.2,33,20,14,17,2,18,41,43.9,23,30,10,20,20,53,36,1,sy SYR,MF,San Lorenzo,Primera Division Argentina,26,1996,23.2,1493,46,290,1005,213,9,1493,17,6,35.3,10,58.8,807,3591,1613,19,33,0,25,7,917,32,sy SYR,MF,San Lorenzo,Primera Division Argentina,26,1996,25,"2,086",83,85.8,23.2,24,86,22,1,29,0,1.68,21,12,+9,+0.39,+0.13,25.4,15.6,+9.8,+0.42,+1.25,sy SYR,MF,San Lorenzo,Primera Division Argentina,26,1996,23.2,4,0,0,17,11,1,24,20,20,0,0,0,190,33,23,58.9
Edgar Elizalde,uy URU,DF,Independiente,Primera Division Argentina,22,2000,15,13,"1,131",12.6,0,0,0,0,0,0,4,1,0.3,0.3,0.2,0.5,10,58,6,0.00,0.00,0.00,0.00,0.00,0.02,0.02,0.04,0.02,0.04,uy URU,DF,Independiente,Primera Division Argentina,22,2000,12.6,0,6,0,0.0,0.48,0.00,0.00,0,16.6,0,0,0,0.3,0.3,0.04,-0.3,-0.3,uy URU,DF,Independiente,Primera Division Argentina,22,2000,12.6,366,555,65.9,7429,3606,105,131,80.2,201,268,75.0,52,137,38.0,0,0.2,0.3,-0.2,4,44,2,1,58,uy URU,DF,Independiente,Primera Division Argentina,22,2000,12.6,555,521,34,25,0,8,6,9,0,0,0,0,366,0,9,uy URU,DF,Independiente,Primera Division Argentina,22,2000,12.6,9,0.72,9,0,0,0,0,0,0,0.00,0,0,0,0,0,0,uy URU,DF,Independiente,Primera Division Argentina,22,2000,12.6,23,16,14,9,0,10,15,66.7,5,16,11,5,22,45,51,2,uy URU,DF,Independiente,Primera Division Argentina,22,2000,12.6,702,66,298,371,41,13,702,9,4,44.4,3,33.3,346,1977,1205,10,6,1,11,4,325,6,uy URU,DF,Independiente,Primera Division Argentina,22,2000,15,"1,131",75,46.5,12.6,13,84,11,2,22,6,1.13,9,16,-7,-0.56,-0.42,11.8,12.2,-0.4,-0.03,-0.02,uy URU,DF,Independiente,Primera Division Argentina,22,2000,12.6,4,1,0,16,8,0,6,22,16,0,1,0,88,40,37,51.9
Guillermo Enrique,ar ARG,DF,Gimnasia–LP,Primera Division Argentina,22,2000,17,15,"1,230",13.7,1,1,2,1,0,0,2,1,1.7,1.7,2.0,3.7,37,38,36,0.07,0.07,0.15,0.07,0.15,0.12,0.15,0.27,0.12,0.27,ar ARG,DF,Gimnasia–LP,Primera Division Argentina,22,2000,13.7,1,11,2,18.2,0.80,0.15,0.09,0.50,19.8,0,0,0,1.7,1.7,0.15,-0.7,-0.7,ar ARG,DF,Gimnasia–LP,Primera Division Argentina,22,2000,13.7,256,497,51.5,5419,3360,87,127,68.5,118,200,59.0,48,134,35.8,1,2.0,1.9,-1.0,8,23,6,4,38,ar ARG,DF,Gimnasia–LP,Primera Division Argentina,22,2000,13.7,497,317,178,7,0,1,45,170,1,0,0,0,256,2,23,ar ARG,DF,Gimnasia–LP,Primera Division Argentina,22,2000,13.7,24,1.76,11,5,7,1,0,0,2,0.15,2,0,0,0,0,0,ar ARG,DF,Gimnasia–LP,Primera Division Argentina,22,2000,13.7,30,22,23,4,3,14,31,45.2,17,17,4,13,14,44,35,0,ar ARG,DF,Gimnasia–LP,Primera Division Argentina,22,2000,13.7,735,48,260,301,191,19,735,65,32,49.2,30,46.2,268,2389,1250,37,29,6,33,17,227,36,ar ARG,DF,Gimnasia–LP,Primera Division Argentina,22,2000,17,"1,230",72,50.6,13.7,15,81,11,2,9,4,1.06,8,18,-10,-0.73,-0.43,12.7,16.2,-3.5,-0.26,-0.19,ar ARG,DF,Gimnasia–LP,Primera Division Argentina,22,2000,13.7,2,1,0,19,16,3,45,14,22,0,2,1,105,28,19,59.6
Lautaro Escalante,ar ARG,MF,Defensa y Just,Primera Division Argentina,23,1999,20,7,639,7.1,0,1,1,0,0,0,5,1,0.4,0.4,1.0,1.4,14,41,36,0.00,0.14,0.14,0.00,0.14,0.06,0.14,0.20,0.06,0.20,ar ARG,MF,Defensa y Just,Primera Division Argentina,23,1999,7.1,0,8,0,0.0,1.13,0.00,0.00,0,22.4,0,0,0,0.4,0.4,0.05,-0.4,-0.4,ar ARG,MF,Defensa y Just,Primera Division Argentina,23,1999,7.1,204,273,74.7,3618,996,86,105,81.9,87,102,85.3,21,45,46.7,1,1.0,0.6,0.0,12,22,6,2,41,ar ARG,MF,Defensa y Just,Primera Division Argentina,23,1999,7.1,273,270,1,0,1,1,8,0,1,0,1,0,204,2,6,ar ARG,MF,Defensa y Just,Primera Division Argentina,23,1999,7.1,26,3.66,19,1,2,2,2,0,2,0.28,1,0,0,1,0,0,ar ARG,MF,Defensa y Just,Primera Division Argentina,23,1999,7.1,15,8,6,9,0,7,24,29.2,17,13,4,9,6,21,5,0,ar ARG,MF,Defensa y Just,Primera Division Argentina,23,1999,7.1,356,14,79,176,109,12,356,19,11,57.9,6,31.6,195,1035,526,14,10,2,15,8,204,36,ar ARG,MF,Defensa y Just,Primera Division Argentina,23,1999,20,639,32,26.3,7.1,7,59,0,13,18,5,1.85,9,4,+5,+0.70,+0.30,11.8,8.5,+3.3,+0.47,+0.46,ar ARG,MF,Defensa y Just,Primera Division Argentina,23,1999,7.1,5,1,1,10,11,0,8,6,8,0,0,0,72,7,6,53.8
Julián Eseiza,ar ARG,"DF,MF",Godoy Cruz,Primera Division Argentina,20,2002,10,0,175,1.9,1,0,1,1,0,0,1,0,0.1,0.1,0.2,0.3,3,5,6,0.51,0.00,0.51,0.51,0.51,0.07,0.09,0.16,0.07,0.16,ar ARG,"DF,MF",Godoy Cruz,Primera Division Argentina,20,2002,1.9,1,3,1,33.3,1.54,0.51,0.33,1.00,20.6,0,0,0,0.1,0.1,0.04,+0.9,+0.9,ar ARG,"DF,MF",Godoy Cruz,Primera Division Argentina,20,2002,1.9,44,77,57.1,726,324,18,21,85.7,19,26,73.1,4,19,21.1,0,0.2,0.1,-0.2,2,2,1,0,5,ar ARG,"DF,MF",Godoy Cruz,Primera Division Argentina,20,2002,1.9,77,61,14,0,0,0,6,13,1,0,0,0,44,2,3,ar ARG,"DF,MF",Godoy Cruz,Primera Division Argentina,20,2002,1.9,6,3.14,5,0,0,0,0,1,0,0.00,0,0,0,0,0,0,ar ARG,"DF,MF",Godoy Cruz,Primera Division Argentina,20,2002,1.9,3,3,2,1,0,3,7,42.9,4,0,0,0,2,5,11,0,ar ARG,"DF,MF",Godoy Cruz,Primera Division Argentina,20,2002,1.9,106,12,38,38,33,5,106,3,1,33.3,1,33.3,39,250,137,3,2,0,2,3,44,6,ar ARG,"DF,MF",Godoy Cruz,Primera Division Argentina,20,2002,10,175,18,7.2,1.9,0,0,0,10,18,13,1.40,3,3,0,0.00,-0.20,3.8,3.3,+0.6,+0.30,+0.47,ar ARG,"DF,MF",Godoy Cruz,Primera Division Argentina,20,2002,1.9,1,0,0,3,1,0,6,2,3,0,0,0,15,5,3,62.5
Marcelo Esponda,ar ARG,MF,Newell's OB,Primera Division Argentina,20,2003,1,0,9,0.1,0,0,0,0,0,0,0,0,0.0,0.0,0.0,0.0,0,2,1,0.00,0.00,0.00,0.00,0.00,0.00,0.00,0.00,0.00,0.00,ar ARG,MF,Newell's OB,Primera Division Argentina,20,2003,0.1,0,0,0,0,0.00,0.00,0,0,0,0,0,0,0.0,0.0,0,0.0,0.0,ar ARG,MF,Newell's OB,Primera Division Argentina,20,2003,0.1,7,10,70.0,112,29,2,3,66.7,3,3,100.0,1,2,50.0,0,0.0,0.0,0.0,0,1,0,0,2,ar ARG,MF,Newell's OB,Primera Division Argentina,20,2003,0.1,10,10,0,0,0,0,1,0,0,0,0,0,7,0,0,ar ARG,MF,Newell's OB,Primera Division Argentina,20,2003,0.1,0,0.00,0,0,0,0,0,0,0,0.00,0,0,0,0,0,0,ar ARG,MF,Newell's OB,Primera Division Argentina,20,2003,0.1,1,1,0,1,0,1,1,100.0,0,0,0,0,0,1,1,0,ar ARG,MF,Newell's OB,Primera Division Argentina,20,2003,0.1,12,1,3,6,3,0,12,0,0,0,0,0,5,23,8,0,0,0,0,2,6,1,ar ARG,MF,Newell's OB,Primera Division Argentina,20,2003,1,9,9,0.4,0.1,0,0,0,1,9,13,3.00,0,0,0,0.00,0.00,0.0,0.0,0.0,-0.19,-0.14,ar ARG,MF,Newell's OB,Primera Division Argentina,20,2003,0.1,0,0,0,0,0,0,1,0,1,0,0,0,2,3,0,100.0
Lucas Esquivel,ar ARG,DF,Unión,Primera Division Argentina,21,2001,12,11,"1,035",11.5,0,0,0,0,0,0,1,0,0.4,0.4,1.0,1.4,32,42,38,0.00,0.00,0.00,0.00,0.00,0.04,0.09,0.12,0.04,0.12,ar ARG,DF,Unión,Primera Division Argentina,21,2001,11.5,0,14,4,28.6,1.22,0.35,0.00,0.00,26.9,1,0,0,0.4,0.4,0.03,-0.4,-0.4,ar ARG,DF,Unión,Primera Division Argentina,21,2001,11.5,407,624,65.2,7034,3657,212,249,85.1,155,231,67.1,37,109,33.9,0,1.0,1.1,-1.0,14,35,9,4,42,ar ARG,DF,Unión,Primera Division Argentina,21,2001,11.5,624,453,169,25,0,4,55,136,8,5,3,0,407,2,21,ar ARG,DF,Unión,Primera Division Argentina,21,2001,11.5,27,2.35,16,6,4,0,0,1,1,0.09,1,0,0,0,0,0,ar ARG,DF,Unión,Primera Division Argentina,21,2001,11.5,30,19,14,14,2,18,33,54.5,15,21,3,18,14,44,26,0,ar ARG,DF,Unión,Primera Division Argentina,21,2001,11.5,764,30,252,308,214,8,764,27,18,66.7,9,33.3,344,2095,1198,32,30,5,10,17,348,38,ar ARG,DF,Unión,Primera Division Argentina,21,2001,12,"1,035",86,42.6,11.5,11,90,11,1,45,4,0.75,6,16,-10,-0.87,-1.13,8.4,17.0,-8.5,-0.74,-0.87,ar ARG,DF,Unión,Primera Division Argentina,21,2001,11.5,1,0,0,5,8,1,55,14,19,0,1,0,94,18,15,54.5
Matías Esquivel,ar ARG,"MF,FW",Lanús,Primera Division Argentina,23,1999,25,15,"1,280",14.2,2,2,4,2,0,0,3,1,2.3,2.3,2.7,5.0,29,96,61,0.14,0.14,0.28,0.14,0.28,0.16,0.19,0.35,0.16,0.35,ar ARG,"MF,FW",Lanús,Primera Division Argentina,23,1999,14.2,2,37,8,21.6,2.60,0.56,0.05,0.25,26.6,3,0,0,2.3,2.3,0.06,-0.3,-0.3,ar ARG,"MF,FW",Lanús,Primera Division Argentina,23,1999,14.2,460,675,68.1,9639,3711,187,223,83.9,158,217,72.8,101,180,56.1,2,2.7,2.7,-0.7,40,83,29,11,96,ar ARG,"MF,FW",Lanús,Primera Division Argentina,23,1999,14.2,675,563,101,43,2,13,100,11,47,12,25,1,460,11,26,ar ARG,"MF,FW",Lanús,Primera Division Argentina,23,1999,14.2,71,5.00,40,24,3,2,1,1,7,0.49,6,1,0,0,0,0,ar ARG,"MF,FW",Lanús,Primera Division Argentina,23,1999,14.2,39,26,10,14,15,22,57,38.6,35,25,2,23,18,57,5,0,ar ARG,"MF,FW",Lanús,Primera Division Argentina,23,1999,14.2,872,7,101,441,347,26,872,65,33,50.8,29,44.6,483,2591,1162,29,30,6,33,22,519,61,ar ARG,"MF,FW",Lanús,Primera Division Argentina,23,1999,25,"1,280",51,52.7,14.2,15,72,1,10,21,1,1.68,18,11,+7,+0.49,+0.18,15.5,13.3,+2.1,+0.15,-0.37,ar ARG,"MF,FW",Lanús,Primera Division Argentina,23,1999,14.2,3,1,1,21,14,1,100,18,26,0,0,0,102,1,4,20.0
Marcelo Estigarribia,ar ARG,FW,Atlé Tucumán,Primera Division Argentina,27,1995,25,22,"1,737",19.3,6,4,10,5,1,1,4,0,6.9,6.1,2.0,8.1,13,45,101,0.31,0.21,0.52,0.26,0.47,0.36,0.10,0.46,0.32,0.42,ar ARG,FW,Atlé Tucumán,Primera Division Argentina,27,1995,19.3,6,43,16,37.2,2.23,0.83,0.12,0.31,15.2,0,1,1,6.9,6.1,0.14,-0.9,-1.1,ar ARG,FW,Atlé Tucumán,Primera Division Argentina,27,1995,19.3,309,548,56.4,4067,907,205,330,62.1,80,128,62.5,10,22,45.5,4,2.0,1.6,+2.0,24,32,12,1,45,ar ARG,FW,Atlé Tucumán,Primera Division Argentina,27,1995,19.3,548,507,34,1,1,4,9,2,0,0,0,0,309,7,23,ar ARG,FW,Atlé Tucumán,Primera Division Argentina,27,1995,19.3,48,2.49,41,0,1,2,2,2,7,0.36,6,0,1,0,0,0,ar ARG,FW,Atlé Tucumán,Primera Division Argentina,27,1995,19.3,19,10,1,13,5,5,15,33.3,10,19,1,18,3,22,29,0,ar ARG,FW,Atlé Tucumán,Primera Division Argentina,27,1995,19.3,784,33,58,372,362,78,783,21,12,57.1,9,42.9,357,1425,430,13,15,1,57,18,557,101,ar ARG,FW,Atlé Tucumán,Primera Division Argentina,27,1995,25,"1,737",69,71.5,19.3,22,76,3,3,23,0,1.44,18,15,+3,+0.16,+0.80,19.7,21.5,-1.8,-0.09,+0.44,ar ARG,FW,Atlé Tucumán,Primera Division Argentina,27,1995,19.3,4,0,0,41,18,13,9,3,10,0,0,0,36,116,106,52.3
Yair Ezequiel Arismendi,ar ARG,"DF,MF",Sarmiento,Primera Division Argentina,24,1998,2,1,115,1.3,0,0,0,0,0,0,0,0,0.0,0.0,0.1,0.1,0,4,6,0.00,0.00,0.00,0.00,0.00,0.00,0.05,0.05,0.00,0.05,ar ARG,"DF,MF",Sarmiento,Primera Division Argentina,24,1998,1.3,0,0,0,0,0.00,0.00,0,0,0,0,0,0,0.0,0.0,0,0.0,0.0,ar ARG,"DF,MF",Sarmiento,Primera Division Argentina,24,1998,1.3,13,32,40.6,198,114,8,12,66.7,3,6,50.0,1,10,10.0,0,0.1,0.1,-0.1,1,3,0,0,4,ar ARG,"DF,MF",Sarmiento,Primera Division Argentina,24,1998,1.3,32,27,5,1,0,0,7,4,0,0,0,0,13,0,3,ar ARG,"DF,MF",Sarmiento,Primera Division Argentina,24,1998,1.3,1,0.78,0,1,0,0,0,0,0,0.00,0,0,0,0,0,0,ar ARG,"DF,MF",Sarmiento,Primera Division Argentina,24,1998,1.3,3,2,3,0,0,2,4,50.0,2,1,0,1,1,4,2,0,ar ARG,"DF,MF",Sarmiento,Primera Division Argentina,24,1998,1.3,46,1,15,17,15,1,46,3,0,0.0,3,100.0,16,59,28,0,1,0,1,0,20,6,ar ARG,"DF,MF",Sarmiento,Primera Division Argentina,24,1998,2,115,58,4.7,1.3,1,41,0,1,74,0,1.50,4,3,+1,+0.78,+0.94,3.1,1.8,+1.3,+1.04,+1.40,ar ARG,"DF,MF",Sarmiento,Primera Division Argentina,24,1998,1.3,0,0,0,1,0,0,7,1,2,0,0,0,5,1,2,33.3
Frank Fabra,co COL,DF,Boca Juniors,Primera Division Argentina,31,1991,18,15,"1,391",15.5,0,1,1,0,0,0,4,0,0.3,0.3,2.2,2.5,38,97,79,0.00,0.06,0.06,0.00,0.06,0.02,0.14,0.16,0.02,0.16,co COL,DF,Boca Juniors,Primera Division Argentina,31,1991,15.5,0,3,1,33.3,0.19,0.06,0.00,0.00,22.5,0,0,0,0.3,0.3,0.09,-0.3,-0.3,co COL,DF,Boca Juniors,Primera Division Argentina,31,1991,15.5,812,990,82.0,13219,4923,415,458,90.6,313,374,83.7,66,117,56.4,1,2.2,2.3,-1.2,17,61,20,12,97,co COL,DF,Boca Juniors,Primera Division Argentina,31,1991,15.5,990,841,149,9,2,5,44,140,0,0,0,0,812,0,15,co COL,DF,Boca Juniors,Primera Division Argentina,31,1991,15.5,42,2.72,34,2,4,1,0,1,2,0.13,1,0,1,0,0,0,co COL,DF,Boca Juniors,Primera Division Argentina,31,1991,15.5,28,21,17,7,4,15,27,55.6,12,13,5,8,21,49,27,0,co COL,DF,Boca Juniors,Primera Division Argentina,31,1991,15.5,1125,44,291,571,280,23,1125,40,24,60.0,14,35.0,597,2840,1731,38,29,2,15,17,699,79,co COL,DF,Boca Juniors,Primera Division Argentina,31,1991,18,"1,391",77,57.2,15.5,15,86,12,3,35,1,1.83,22,9,+13,+0.84,+1.19,21.3,15.9,+5.3,+0.35,+0.69,co COL,DF,Boca Juniors,Primera Division Argentina,31,1991,15.5,4,0,0,10,15,1,44,21,21,0,0,0,104,20,16,55.6
Francisco Facello,ar ARG,DF,Belgrano,Primera Division Argentina,20,2003,1,0,20,0.2,0,0,0,0,0,0,0,0,0.0,0.0,0.0,0.0,0,0,2,0.00,0.00,0.00,0.00,0.00,0.00,0.00,0.00,0.00,0.00,ar ARG,DF,Belgrano,Primera Division Argentina,20,2003,0.2,0,0,0,0,0.00,0.00,0,0,0,0,0,0,0.0,0.0,0,0.0,0.0,ar ARG,DF,Belgrano,Primera Division Argentina,20,2003,0.2,8,12,66.7,116,6,5,5,100.0,3,4,75.0,0,3,0.0,0,0.0,0.0,0.0,0,0,0,0,0,ar ARG,DF,Belgrano,Primera Division Argentina,20,2003,0.2,12,9,3,0,0,0,3,3,0,0,0,0,8,0,0,ar ARG,DF,Belgrano,Primera Division Argentina,20,2003,0.2,1,4.29,0,1,0,0,0,0,0,0.00,0,0,0,0,0,0,ar ARG,DF,Belgrano,Primera Division Argentina,20,2003,0.2,1,1,1,0,0,1,1,100.0,0,0,0,0,1,2,1,0,ar ARG,DF,Belgrano,Primera Division Argentina,20,2003,0.2,15,0,3,4,8,0,15,0,0,0,0,0,6,17,1,0,0,0,0,0,6,2,ar ARG,DF,Belgrano,Primera Division Argentina,20,2003,1,20,20,0.8,0.2,0,0,0,1,20,0,1.00,0,0,0,0.00,+0.22,0.2,0.1,+0.1,+0.45,+0.72,ar ARG,DF,Belgrano,Primera Division Argentina,20,2003,0.2,0,0,0,0,0,0,3,1,1,0,0,0,1,0,1,0.0
Kevin Facundo Gutiérrez,ar ARG,MF,Defensa y Just,Primera Division Argentina,25,1997,24,23,"1,966",21.8,1,3,4,1,0,0,5,2,0.6,0.6,0.9,1.5,20,126,27,0.05,0.14,0.18,0.05,0.18,0.03,0.04,0.07,0.03,0.07,ar ARG,MF,Defensa y Just,Primera Division Argentina,25,1997,21.8,1,16,2,12.5,0.73,0.09,0.06,0.50,25.7,3,0,0,0.6,0.6,0.04,+0.4,+0.4,ar ARG,MF,Defensa y Just,Primera Division Argentina,25,1997,21.8,999,1234,81.0,19806,6257,366,412,88.8,460,538,85.5,157,222,70.7,3,0.9,1.0,+2.1,15,117,14,0,126,ar ARG,MF,Defensa y Just,Primera Division Argentina,25,1997,21.8,1234,1142,82,74,4,16,6,3,4,0,2,0,999,10,27,ar ARG,MF,Defensa y Just,Primera Division Argentina,25,1997,21.8,42,1.92,36,3,1,1,1,0,4,0.18,4,0,0,0,0,0,ar ARG,MF,Defensa y Just,Primera Division Argentina,25,1997,21.8,70,36,35,30,5,29,68,42.6,39,35,5,30,27,97,35,1,ar ARG,MF,Defensa y Just,Primera Division Argentina,25,1997,21.8,1464,45,389,929,172,8,1464,33,26,78.8,6,18.2,779,3902,1665,20,21,2,32,28,901,27,ar ARG,MF,Defensa y Just,Primera Division Argentina,25,1997,24,"1,966",82,80.9,21.8,23,84,11,1,45,0,1.67,27,17,+10,+0.46,-0.12,27.5,25.0,+2.5,+0.11,-0.11,ar ARG,MF,Defensa y Just,Primera Division Argentina,25,1997,21.8,5,2,0,21,13,0,6,27,36,0,0,0,201,4,11,26.7
Facundo Farías,ar ARG,"FW,MF",Colón,Primera Division Argentina,20,2002,8,5,456,5.1,0,1,1,0,0,1,1,0,1.5,0.7,0.4,1.1,15,25,27,0.00,0.20,0.20,0.00,0.20,0.29,0.09,0.38,0.14,0.22,ar ARG,"FW,MF",Colón,Primera Division Argentina,20,2002,5.1,0,7,2,28.6,1.38,0.39,0.00,0.00,21.3,0,0,1,1.5,0.7,0.10,-1.5,-0.7,ar ARG,"FW,MF",Colón,Primera Division Argentina,20,2002,5.1,131,161,81.4,2340,564,62,69,89.9,55,62,88.7,12,21,57.1,1,0.4,0.3,+0.6,7,14,3,0,25,ar ARG,"FW,MF",Colón,Primera Division Argentina,20,2002,5.1,161,144,14,5,1,1,5,2,3,1,1,0,131,3,2,ar ARG,"FW,MF",Colón,Primera Division Argentina,20,2002,5.1,15,2.96,10,0,1,1,3,0,1,0.20,1,0,0,0,0,0,ar ARG,"FW,MF",Colón,Primera Division Argentina,20,2002,5.1,2,1,0,2,0,0,4,0.0,4,3,0,3,1,3,0,0,ar ARG,"FW,MF",Colón,Primera Division Argentina,20,2002,5.1,233,0,5,151,87,13,232,27,10,37.0,14,51.9,180,1211,468,15,14,7,21,9,169,27,ar ARG,"FW,MF",Colón,Primera Division Argentina,20,2002,8,456,57,18.8,5.1,5,83,2,3,14,1,0.88,1,8,-7,-1.38,-1.11,4.0,8.1,-4.1,-0.80,-0.47,ar ARG,"FW,MF",Colón,Primera Division Argentina,20,2002,5.1,1,0,0,4,15,1,5,1,1,0,0,0,25,0,8,0.0
Brian Farioli,ar ARG,"MF,FW",Cen. Córdoba–SdE,Primera Division Argentina,24,1998,26,23,"1,804",20.0,1,2,3,1,0,0,2,0,2.1,2.1,2.1,4.2,33,82,94,0.05,0.10,0.15,0.05,0.15,0.11,0.11,0.21,0.11,0.21,ar ARG,"MF,FW",Cen. Córdoba–SdE,Primera Division Argentina,24,1998,20.0,1,23,6,26.1,1.15,0.30,0.04,0.17,19.8,3,0,0,2.1,2.1,0.09,-1.1,-1.1,ar ARG,"MF,FW",Cen. Córdoba–SdE,Primera Division Argentina,24,1998,20.0,578,828,69.8,11103,2798,240,285,84.2,195,263,74.1,114,204,55.9,2,2.1,2.3,-0.1,39,47,22,8,82,ar ARG,"MF,FW",Cen. Córdoba–SdE,Primera Division Argentina,24,1998,20.0,828,706,117,28,1,21,109,20,61,24,28,0,578,5,33,ar ARG,"MF,FW",Cen. Córdoba–SdE,Primera Division Argentina,24,1998,20.0,71,3.54,38,25,1,2,5,0,4,0.20,3,1,0,0,0,0,ar ARG,"MF,FW",Cen. Córdoba–SdE,Primera Division Argentina,24,1998,20.0,21,14,5,16,0,5,28,17.9,23,12,0,12,5,26,6,0,ar ARG,"MF,FW",Cen. Córdoba–SdE,Primera Division Argentina,24,1998,20.0,991,2,77,494,440,22,991,49,20,40.8,22,44.9,533,2917,1081,33,26,4,41,28,668,94,ar ARG,"MF,FW",Cen. Córdoba–SdE,Primera Division Argentina,24,1998,26,"1,804",69,74.2,20.0,23,74,5,3,36,0,1.12,14,21,-7,-0.35,+0.08,17.8,24.3,-6.5,-0.33,+0.28,ar ARG,"MF,FW",Cen. Córdoba–SdE,Primera Division Argentina,24,1998,20.0,2,0,0,20,36,4,109,5,14,0,0,0,111,8,37,17.8
Federico Fattori,ar ARG,MF,Huracán,Primera Division Argentina,30,1992,20,19,"1,650",18.3,0,1,1,0,0,0,3,0,0.3,0.3,0.5,0.8,18,154,13,0.00,0.05,0.05,0.00,0.05,0.02,0.03,0.04,0.02,0.04,ar ARG,MF,Huracán,Primera Division Argentina,30,1992,18.3,0,6,3,50.0,0.33,0.16,0.00,0.00,23.7,0,0,0,0.3,0.3,0.05,-0.3,-0.3,ar ARG,MF,Huracán,Primera Division Argentina,30,1992,18.3,999,1148,87.0,20229,6015,327,364,89.8,484,535,90.5,173,212,81.6,1,0.5,0.6,+0.5,11,115,12,2,154,ar ARG,MF,Huracán,Primera Division Argentina,30,1992,18.3,1148,1106,38,35,1,22,8,3,0,0,0,0,999,4,10,ar ARG,MF,Huracán,Primera Division Argentina,30,1992,18.3,29,1.58,28,0,0,0,1,0,1,0.05,1,0,0,0,0,0,ar ARG,MF,Huracán,Primera Division Argentina,30,1992,18.3,35,20,14,20,1,22,37,59.5,15,20,4,16,30,65,28,0,ar ARG,MF,Huracán,Primera Division Argentina,30,1992,18.3,1326,47,282,935,126,4,1326,17,14,82.4,1,5.9,791,3742,1956,18,18,0,26,14,836,13,ar ARG,MF,Huracán,Primera Division Argentina,30,1992,20,"1,650",83,67.9,18.3,19,86,15,1,18,2,0.90,14,23,-9,-0.49,-0.26,15.2,17.0,-1.8,-0.10,-0.37,ar ARG,MF,Huracán,Primera Division Argentina,30,1992,18.3,3,0,0,15,10,0,8,30,20,0,0,0,185,19,15,55.9
Lautaro Fedele,ar ARG,FW,Defensa y Just,Primera Division Argentina,21,2001,1,0,12,0.1,0,0,0,0,0,0,0,0,0.0,0.0,0.0,0.0,1,0,0,0.00,0.00,0.00,0.00,0.00,0.00,0.00,0.00,0.00,0.00,ar ARG,FW,Defensa y Just,Primera Division Argentina,21,2001,0.1,0,0,0,0,0.00,0.00,0,0,0,0,0,0,0.0,0.0,0,0.0,0.0,ar ARG,FW,Defensa y Just,Primera Division Argentina,21,2001,0.1,3,5,60.0,25,11,3,3,100.0,0,1,0.0,0,0,0,0,0.0,0.0,0.0,0,0,0,0,0,ar ARG,FW,Defensa y Just,Primera Division Argentina,21,2001,0.1,5,5,0,0,0,0,1,0,0,0,0,0,3,0,1,ar ARG,FW,Defensa y Just,Primera Division Argentina,21,2001,0.1,0,0.00,0,0,0,0,0,0,0,0.00,0,0,0,0,0,0,ar ARG,FW,Defensa y Just,Primera Division Argentina,21,2001,0.1,0,0,0,0,0,0,0,0,0,0,0,0,0,0,0,0,ar ARG,FW,Defensa y Just,Primera Division Argentina,21,2001,0.1,5,0,1,1,3,0,5,0,0,0,0,0,2,16,4,1,0,0,0,0,3,0,ar ARG,FW,Defensa y Just,Primera Division Argentina,21,2001,1,12,12,0.5,0.1,0,0,0,1,12,8,0.00,0,1,-1,-7.50,-8.02,0.0,0.6,-0.6,-4.68,-4.83,ar ARG,FW,Defensa y Just,Primera Division Argentina,21,2001,0.1,0,0,0,0,0,0,1,0,0,0,0,0,1,0,0,0
Andrés Felipe Amaya,co COL,MF,Belgrano,Primera Division Argentina,21,2001,1,0,26,0.3,0,0,0,0,0,0,0,0,0.0,0.0,0.1,0.1,1,1,2,0.00,0.00,0.00,0.00,0.00,0.00,0.21,0.21,0.00,0.21,co COL,MF,Belgrano,Primera Division Argentina,21,2001,0.3,0,0,0,0,0.00,0.00,0,0,0,0,0,0,0.0,0.0,0,0.0,0.0,co COL,MF,Belgrano,Primera Division Argentina,21,2001,0.3,4,6,66.7,79,28,3,5,60.0,0,0,0,1,1,100.0,0,0.1,0.0,-0.1,2,0,2,1,1,co COL,MF,Belgrano,Primera Division Argentina,21,2001,0.3,6,6,0,0,0,0,1,0,0,0,0,0,4,0,0,co COL,MF,Belgrano,Primera Division Argentina,21,2001,0.3,2,6.92,2,0,0,0,0,0,0,0.00,0,0,0,0,0,0,co COL,MF,Belgrano,Primera Division Argentina,21,2001,0.3,0,0,0,0,0,0,0,0,0,1,0,1,0,0,0,0,co COL,MF,Belgrano,Primera Division Argentina,21,2001,0.3,11,0,1,4,6,1,11,2,0,0.0,1,50.0,6,39,18,1,0,0,1,0,7,2,co COL,MF,Belgrano,Primera Division Argentina,21,2001,1,26,26,1.1,0.3,0,0,0,1,26,16,1.00,0,0,0,0.00,+0.22,0.2,0.1,+0.1,+0.39,+0.66,co COL,MF,Belgrano,Primera Division Argentina,21,2001,0.3,0,0,0,0,3,0,1,0,0,0,0,0,0,1,0,100.0
Nicolás Femia,ar ARG,"MF,FW",Sarmiento,Primera Division Argentina,26,1996,2,0,15,0.2,0,0,0,0,0,0,0,0,0.4,0.4,0.0,0.4,0,1,1,0.00,0.00,0.00,0.00,0.00,2.35,0.11,2.45,2.35,2.45,ar ARG,"MF,FW",Sarmiento,Primera Division Argentina,26,1996,0.2,0,2,0,0.0,12.00,0.00,0.00,0,20.3,0,0,0,0.4,0.4,0.21,-0.4,-0.4,ar ARG,"MF,FW",Sarmiento,Primera Division Argentina,26,1996,0.2,13,15,86.7,250,93,5,5,100.0,7,8,87.5,1,2,50.0,0,0.0,0.0,0.0,1,0,0,0,1,ar ARG,"MF,FW",Sarmiento,Primera Division Argentina,26,1996,0.2,15,13,2,0,0,0,2,0,2,0,2,0,13,0,0,ar ARG,"MF,FW",Sarmiento,Primera Division Argentina,26,1996,0.2,3,16.88,2,1,0,0,0,0,1,5.63,1,0,0,0,0,0,ar ARG,"MF,FW",Sarmiento,Primera Division Argentina,26,1996,0.2,1,1,0,1,0,1,1,100.0,0,0,0,0,0,1,0,0,ar ARG,"MF,FW",Sarmiento,Primera Division Argentina,26,1996,0.2,18,0,2,12,4,1,18,0,0,0,0,0,8,56,10,0,0,0,0,2,9,1,ar ARG,"MF,FW",Sarmiento,Primera Division Argentina,26,1996,2,15,8,0.6,0.2,0,0,0,2,8,7,2.00,2,0,+2,+12.00,+12.19,1.5,0.2,+1.3,+7.32,+7.66,ar ARG,"MF,FW",Sarmiento,Primera Division Argentina,26,1996,0.2,0,0,0,0,2,0,2,0,1,0,0,0,2,0,0,0
Damián Fernández,ar ARG,"MF,DF",Vélez Sarsfield,Primera Division Argentina,22,2001,9,7,546,6.1,0,0,0,0,0,0,2,0,0.1,0.1,0.1,0.2,4,15,4,0.00,0.00,0.00,0.00,0.00,0.02,0.01,0.04,0.02,0.04,ar ARG,"MF,DF",Vélez Sarsfield,Primera Division Argentina,22,2001,6.1,0,5,0,0.0,0.82,0.00,0.00,0,20.2,0,0,0,0.1,0.1,0.03,-0.1,-0.1,ar ARG,"MF,DF",Vélez Sarsfield,Primera Division Argentina,22,2001,6.1,194,254,76.4,3289,819,98,122,80.3,77,87,88.5,16,26,61.5,0,0.1,0.1,-0.1,1,14,0,0,15,ar ARG,"MF,DF",Vélez Sarsfield,Primera Division Argentina,22,2001,6.1,254,247,6,6,0,5,2,0,0,0,0,0,194,1,13,ar ARG,"MF,DF",Vélez Sarsfield,Primera Division Argentina,22,2001,6.1,4,0.66,3,0,0,0,0,1,0,0.00,0,0,0,0,0,0,ar ARG,"MF,DF",Vélez Sarsfield,Primera Division Argentina,22,2001,6.1,22,12,7,12,3,10,20,50.0,10,10,2,8,6,28,22,0,ar ARG,"MF,DF",Vélez Sarsfield,Primera Division Argentina,22,2001,6.1,353,22,118,205,32,5,353,11,7,63.6,3,27.3,211,973,407,4,2,1,13,8,204,4,ar ARG,"MF,DF",Vélez Sarsfield,Primera Division Argentina,22,2001,9,546,61,22.5,6.1,7,77,3,2,2,14,1.22,3,5,-2,-0.33,-0.28,4.3,5.3,-1.0,-0.17,-0.17,ar ARG,"MF,DF",Vélez Sarsfield,Primera Division Argentina,22,2001,6.1,2,0,0,11,4,0,2,6,12,0,0,0,41,12,11,52.2
Ezequiél Fernández,ar ARG,MF,Boca Juniors,Primera Division Argentina,20,2002,19,10,976,10.8,0,0,0,0,0,0,4,2,0.5,0.5,1.2,1.7,20,73,19,0.00,0.00,0.00,0.00,0.00,0.04,0.11,0.15,0.04,0.15,ar ARG,MF,Boca Juniors,Primera Division Argentina,20,2002,10.8,0,9,1,11.1,0.83,0.09,0.00,0.00,26.1,0,0,0,0.5,0.5,0.05,-0.5,-0.5,ar ARG,MF,Boca Juniors,Primera Division Argentina,20,2002,10.8,694,802,86.5,12030,3312,321,356,90.2,279,313,89.1,75,93,80.6,0,1.2,1.3,-1.2,10,58,5,0,73,ar ARG,MF,Boca Juniors,Primera Division Argentina,20,2002,10.8,802,771,30,23,7,6,1,6,1,0,0,0,694,1,13,ar ARG,MF,Boca Juniors,Primera Division Argentina,20,2002,10.8,30,2.77,24,0,1,1,3,1,2,0.18,2,0,0,0,0,0,ar ARG,MF,Boca Juniors,Primera Division Argentina,20,2002,10.8,36,23,10,23,3,14,29,48.3,15,25,2,23,18,54,3,1,ar ARG,MF,Boca Juniors,Primera Division Argentina,20,2002,10.8,955,14,157,682,123,7,955,41,19,46.3,17,41.5,631,3136,1590,20,13,1,25,15,714,19,ar ARG,MF,Boca Juniors,Primera Division Argentina,20,2002,19,976,51,40.2,10.8,10,74,3,9,27,2,1.68,13,11,+2,+0.18,-0.25,12.8,8.9,+3.9,+0.36,+0.52,ar ARG,MF,Boca Juniors,Primera Division Argentina,20,2002,10.8,4,2,0,15,41,0,1,18,23,0,1,1,87,6,5,54.5
Ignacio Fernández,ar ARG,"MF,FW",River Plate,Primera Division Argentina,33,1990,24,22,"1,786",19.8,5,4,9,5,0,0,4,0,3.9,3.9,3.7,7.7,44,186,171,0.25,0.20,0.45,0.25,0.45,0.19,0.18,0.38,0.19,0.38,ar ARG,"MF,FW",River Plate,Primera Division Argentina,33,1990,19.8,5,38,16,42.1,1.91,0.81,0.13,0.31,20.0,4,0,0,3.9,3.9,0.09,+1.1,+1.1,ar ARG,"MF,FW",River Plate,Primera Division Argentina,33,1990,19.8,997,1272,78.4,15773,4817,513,575,89.2,360,448,80.4,75,140,53.6,4,3.7,3.9,+0.3,48,120,44,7,186,ar ARG,"MF,FW",River Plate,Primera Division Argentina,33,1990,19.8,1272,1158,105,34,9,4,80,20,47,20,14,0,997,9,34,ar ARG,"MF,FW",River Plate,Primera Division Argentina,33,1990,19.8,113,5.54,79,16,6,3,7,2,13,0.64,9,2,1,0,1,0,ar ARG,"MF,FW",River Plate,Primera Division Argentina,33,1990,19.8,38,23,14,19,5,16,47,34.0,31,29,2,27,10,48,11,1,ar ARG,"MF,FW",River Plate,Primera Division Argentina,33,1990,19.8,1518,11,119,774,639,76,1518,57,23,40.4,24,42.1,944,3751,1876,44,42,10,42,35,1146,171,ar ARG,"MF,FW",River Plate,Primera Division Argentina,33,1990,24,"1,786",74,73.5,19.8,22,78,5,2,33,2,2.33,35,11,+24,+1.21,+0.37,33.9,14.1,+19.8,+0.97,+0.16,ar ARG,"MF,FW",River Plate,Primera Division Argentina,33,1990,19.8,4,0,0,25,60,1,80,10,23,1,0,0,119,9,13,40.9
Julián Fernández,ar ARG,MF,Lanús,Primera Division Argentina,27,1995,22,9,"1,029",11.4,0,0,0,0,0,0,2,0,0.2,0.2,0.2,0.5,1,34,14,0.00,0.00,0.00,0.00,0.00,0.02,0.02,0.04,0.02,0.04,ar ARG,MF,Lanús,Primera Division Argentina,27,1995,11.4,0,4,1,25.0,0.35,0.09,0.00,0.00,19.7,0,0,0,0.2,0.2,0.05,-0.2,-0.2,ar ARG,MF,Lanús,Primera Division Argentina,27,1995,11.4,322,438,73.5,4898,1522,167,215,77.7,128,162,79.0,11,19,57.9,0,0.2,0.3,-0.2,7,25,1,0,34,ar ARG,MF,Lanús,Primera Division Argentina,27,1995,11.4,438,433,4,1,1,1,5,2,0,0,0,0,322,1,19,ar ARG,MF,Lanús,Primera Division Argentina,27,1995,11.4,13,1.14,11,0,0,1,0,1,0,0.00,0,0,0,0,0,0,ar ARG,MF,Lanús,Primera Division Argentina,27,1995,11.4,26,16,11,14,1,15,44,34.1,29,20,5,15,22,48,29,0,ar ARG,MF,Lanús,Primera Division Argentina,27,1995,11.4,566,39,156,348,67,5,566,6,3,50.0,3,50.0,235,859,283,1,4,0,10,7,273,14,ar ARG,MF,Lanús,Primera Division Argentina,27,1995,22,"1,029",47,42.3,11.4,9,85,6,13,20,2,1.82,14,11,+3,+0.26,-0.25,14.3,12.0,+2.4,+0.21,-0.21,ar ARG,MF,Lanús,Primera Division Argentina,27,1995,11.4,2,0,0,24,11,0,5,22,16,0,1,0,77,17,21,44.7
Julián Fernández,ar ARG,"FW,MF",Vélez Sarsfield,Primera Division Argentina,19,2004,20,6,639,7.1,3,0,3,3,0,0,1,0,1.6,1.6,0.6,2.2,27,22,40,0.42,0.00,0.42,0.42,0.42,0.22,0.09,0.31,0.22,0.31,ar ARG,MF,Lanús,Primera Division Argentina,27,1995,11.4,0,4,1,25.0,0.35,0.09,0.00,0.00,19.7,0,0,0,0.2,0.2,0.05,-0.2,-0.2,ar ARG,MF,Lanús,Primera Division Argentina,27,1995,11.4,322,438,73.5,4898,1522,167,215,77.7,128,162,79.0,11,19,57.9,0,0.2,0.3,-0.2,7,25,1,0,34,ar ARG,MF,Lanús,Primera Division Argentina,27,1995,11.4,438,433,4,1,1,1,5,2,0,0,0,0,322,1,19,ar ARG,MF,Lanús,Primera Division Argentina,27,1995,11.4,13,1.14,11,0,0,1,0,1,0,0.00,0,0,0,0,0,0,ar ARG,MF,Lanús,Primera Division Argentina,27,1995,11.4,26,16,11,14,1,15,44,34.1,29,20,5,15,22,48,29,0,ar ARG,MF,Lanús,Primera Division Argentina,27,1995,11.4,566,39,156,348,67,5,566,6,3,50.0,3,50.0,235,859,283,1,4,0,10,7,273,14,ar ARG,MF,Lanús,Primera Division Argentina,27,1995,22,"1,029",47,42.3,11.4,9,85,6,13,20,2,1.82,14,11,+3,+0.26,-0.25,14.3,12.0,+2.4,+0.21,-0.21,ar ARG,MF,Lanús,Primera Division Argentina,27,1995,11.4,2,0,0,24,11,0,5,22,16,0,1,0,77,17,21,44.7
Nicolás Fernández,ar ARG,FW,Defensa y Just,Primera Division Argentina,26,1996,26,25,"2,124",23.6,12,1,13,9,3,3,4,0,11.5,9.1,3.3,12.4,28,62,116,0.51,0.04,0.55,0.38,0.42,0.49,0.14,0.63,0.39,0.53,ar ARG,FW,Defensa y Just,Primera Division Argentina,26,1996,23.6,12,82,32,39.0,3.47,1.36,0.11,0.28,18.7,0,3,3,11.5,9.1,0.11,+0.5,-0.1,ar ARG,FW,Defensa y Just,Primera Division Argentina,26,1996,23.6,355,469,75.7,5680,1232,182,220,82.7,125,165,75.8,30,35,85.7,1,3.3,2.1,-2.3,34,31,18,0,62,ar ARG,FW,Defensa y Just,Primera Division Argentina,26,1996,23.6,469,416,49,1,2,4,7,2,1,0,1,0,355,4,11,ar ARG,FW,Defensa y Just,Primera Division Argentina,26,1996,23.6,85,3.61,54,1,12,10,6,2,9,0.38,4,0,2,1,2,0,ar ARG,FW,Defensa y Just,Primera Division Argentina,26,1996,23.6,13,7,3,3,7,4,22,18.2,18,15,3,12,0,13,25,0,ar ARG,FW,Defensa y Just,Primera Division Argentina,26,1996,23.6,748,31,52,300,408,100,745,68,34,50.0,28,41.2,423,2004,782,28,26,19,78,42,527,116,ar ARG,FW,Defensa y Just,Primera Division Argentina,26,1996,26,"2,124",82,87.4,23.6,25,84,10,1,28,0,1.69,33,21,+12,+0.51,+0.21,32.1,28.3,+3.8,+0.16,+0.20,ar ARG,FW,Defensa y Just,Primera Division Argentina,26,1996,23.6,4,0,0,17,31,18,7,0,7,1,0,0,65,11,44,20.0
Nicolás Fernández,ar ARG,"DF,FW",Estudiantes–LP,Primera Division Argentina,20,2002,2,1,97,1.1,0,0,0,0,0,0,0,0,0.0,0.0,0.0,0.0,0,2,0,0.00,0.00,0.00,0.00,0.00,0.00,0.00,0.00,0.00,0.00,ar ARG,FW,Defensa y Just,Primera Division Argentina,26,1996,23.6,12,82,32,39.0,3.47,1.36,0.11,0.28,18.7,0,3,3,11.5,9.1,0.11,+0.5,-0.1,ar ARG,FW,Defensa y Just,Primera Division Argentina,26,1996,23.6,355,469,75.7,5680,1232,182,220,82.7,125,165,75.8,30,35,85.7,1,3.3,2.1,-2.3,34,31,18,0,62,ar ARG,FW,Defensa y Just,Primera Division Argentina,26,1996,23.6,469,416,49,1,2,4,7,2,1,0,1,0,355,4,11,ar ARG,FW,Defensa y Just,Primera Division Argentina,26,1996,23.6,85,3.61,54,1,12,10,6,2,9,0.38,4,0,2,1,2,0,ar ARG,FW,Defensa y Just,Primera Division Argentina,26,1996,23.6,13,7,3,3,7,4,22,18.2,18,15,3,12,0,13,25,0,ar ARG,FW,Defensa y Just,Primera Division Argentina,26,1996,23.6,748,31,52,300,408,100,745,68,34,50.0,28,41.2,423,2004,782,28,26,19,78,42,527,116,ar ARG,FW,Defensa y Just,Primera Division Argentina,26,1996,26,"2,124",82,87.4,23.6,25,84,10,1,28,0,1.69,33,21,+12,+0.51,+0.21,32.1,28.3,+3.8,+0.16,+0.20,ar ARG,FW,Defensa y Just,Primera Division Argentina,26,1996,23.6,4,0,0,17,31,18,7,0,7,1,0,0,65,11,44,20.0
Román Fernández,ar ARG,FW,Racing Club,Primera Division Argentina,17,2005,3,0,34,0.4,0,0,0,0,0,0,0,0,0.2,0.2,0.0,0.2,1,2,5,0.00,0.00,0.00,0.00,0.00,0.62,0.00,0.62,0.62,0.62,ar ARG,FW,Racing Club,Primera Division Argentina,17,2005,0.4,0,1,0,0.0,2.65,0.00,0.00,0,10.6,0,0,0,0.2,0.2,0.23,-0.2,-0.2,ar ARG,FW,Racing Club,Primera Division Argentina,17,2005,0.4,16,20,80.0,273,58,8,9,88.9,7,7,100.0,1,3,33.3,0,0.0,0.0,0.0,0,1,0,0,2,ar ARG,FW,Racing Club,Primera Division Argentina,17,2005,0.4,20,19,1,0,0,0,2,1,0,0,0,0,16,0,1,ar ARG,FW,Racing Club,Primera Division Argentina,17,2005,0.4,0,0.00,0,0,0,0,0,0,0,0.00,0,0,0,0,0,0,ar ARG,FW,Racing Club,Primera Division Argentina,17,2005,0.4,1,0,1,0,0,0,0,0,0,0,0,0,0,1,0,0,ar ARG,FW,Racing Club,Primera Division Argentina,17,2005,0.4,30,1,2,11,17,3,30,5,1,20.0,4,80.0,25,131,52,1,1,0,2,2,26,5,ar ARG,FW,Racing Club,Primera Division Argentina,17,2005,3,34,11,1.4,0.4,0,0,0,3,11,4,0.00,1,1,0,0.00,-0.04,0.6,2.2,-1.6,-4.20,-4.08,ar ARG,FW,Racing Club,Primera Division Argentina,17,2005,0.4,0,0,0,0,1,0,2,0,0,0,0,0,2,1,1,50.0
Thiago Fernández,ar ARG,"FW,MF",Vélez Sarsfield,Primera Division Argentina,18,2004,3,1,120,1.3,0,0,0,0,0,0,0,0,0.0,0.0,0.0,0.0,7,4,10,0.00,0.00,0.00,0.00,0.00,0.00,0.00,0.00,0.00,0.00,ar ARG,"FW,MF",Vélez Sarsfield,Primera Division Argentina,18,2004,1.3,0,0,0,0,0.00,0.00,0,0,0,0,0,0,0.0,0.0,0,0.0,0.0,ar ARG,"FW,MF",Vélez Sarsfield,Primera Division Argentina,18,2004,1.3,35,53,66.0,572,108,19,24,79.2,13,17,76.5,2,9,22.2,0,0.0,0.0,0.0,0,4,2,1,4,ar ARG,"FW,MF",Vélez Sarsfield,Primera Division Argentina,18,2004,1.3,53,51,2,0,1,1,3,2,0,0,0,0,35,0,2,ar ARG,"FW,MF",Vélez Sarsfield,Primera Division Argentina,18,2004,1.3,2,1.50,2,0,0,0,0,0,0,0.00,0,0,0,0,0,0,ar ARG,"FW,MF",Vélez Sarsfield,Primera Division Argentina,18,2004,1.3,3,1,2,0,1,2,4,50.0,2,4,0,4,0,3,3,0,ar ARG,"FW,MF",Vélez Sarsfield,Primera Division Argentina,18,2004,1.3,77,2,18,41,20,3,77,9,3,33.3,5,55.6,50,392,171,7,4,1,4,6,50,10,ar ARG,"FW,MF",Vélez Sarsfield,Primera Division Argentina,18,2004,3,120,40,4.9,1.3,1,69,0,2,26,11,0.00,0,2,-2,-1.50,-1.46,0.7,1.2,-0.5,-0.40,-0.38,ar ARG,"FW,MF",Vélez Sarsfield,Primera Division Argentina,18,2004,1.3,0,0,0,0,1,0,3,0,1,0,0,0,7,0,1,0.0
Tomás Fernández,ar ARG,DF,Gimnasia–LP,Primera Division Argentina,23,1999,1,0,17,0.2,0,0,0,0,0,0,0,0,0.0,0.0,0.0,0.0,0,0,0,0.00,0.00,0.00,0.00,0.00,0.00,0.00,0.00,0.00,0.00,ar ARG,DF,Gimnasia–LP,Primera Division Argentina,23,1999,0.2,0,0,0,0,0.00,0.00,0,0,0,0,0,0,0.0,0.0,0,0.0,0.0,ar ARG,DF,Gimnasia–LP,Primera Division Argentina,23,1999,0.2,11,17,64.7,270,144,3,5,60.0,6,9,66.7,2,3,66.7,0,0.0,0.0,0.0,0,1,0,0,0,ar ARG,DF,Gimnasia–LP,Primera Division Argentina,23,1999,0.2,17,16,1,1,0,0,0,0,0,0,0,0,11,0,0,ar ARG,DF,Gimnasia–LP,Primera Division Argentina,23,1999,0.2,0,0.00,0,0,0,0,0,0,0,0.00,0,0,0,0,0,0,ar ARG,DF,Gimnasia–LP,Primera Division Argentina,23,1999,0.2,0,0,0,0,0,0,1,0.0,1,0,0,0,0,0,0,0,ar ARG,DF,Gimnasia–LP,Primera Division Argentina,23,1999,0.2,17,1,9,7,1,0,17,0,0,0,0,0,7,53,36,0,1,0,0,0,11,0,ar ARG,DF,Tigre,Primera Division Argentina,19,2004,0,0,0,0,0,0,0,0,0,0,4,0,0,0,0,0,0,0,0,0,0,0,ar ARG,DF,Gimnasia–LP,Primera Division Argentina,23,1999,0.2,0,0,0,0,0,0,0,0,0,0,0,0,4,0,0,0
Vicente Fernández,cl CHI,"MF,FW",Talleres,Primera Division Argentina,23,1999,2,0,42,0.5,0,0,0,0,0,0,0,0,0.0,0.0,0.0,0.0,1,2,7,0.00,0.00,0.00,0.00,0.00,0.00,0.05,0.05,0.00,0.05,cl CHI,"MF,FW",Talleres,Primera Division Argentina,23,1999,0.5,0,0,0,0,0.00,0.00,0,0,0,0,0,0,0.0,0.0,0,0.0,0.0,cl CHI,"MF,FW",Talleres,Primera Division Argentina,23,1999,0.5,23,35,65.7,289,91,16,17,94.1,6,8,75.0,0,6,0.0,0,0.0,0.0,0.0,1,1,0,0,2,cl CHI,"MF,FW",Talleres,Primera Division Argentina,23,1999,0.5,35,24,9,2,0,0,2,7,0,0,0,0,23,2,1,cl CHI,"MF,FW",Talleres,Primera Division Argentina,23,1999,0.5,1,2.14,1,0,0,0,0,0,0,0.00,0,0,0,0,0,0,cl CHI,"MF,FW",Talleres,Primera Division Argentina,23,1999,0.5,1,1,0,1,0,1,1,100.0,0,1,0,1,1,2,1,0,cl CHI,"MF,FW",Talleres,Primera Division Argentina,23,1999,0.5,42,1,8,24,11,0,42,4,2,50.0,2,50.0,19,73,26,1,2,0,1,1,23,7,cl CHI,"MF,FW",Talleres,Primera Division Argentina,23,1999,2,42,21,1.7,0.5,0,0,0,2,21,2,1.50,0,2,-2,-4.29,-5.08,0.1,0.8,-0.6,-1.37,-1.99,cl CHI,"MF,FW",Talleres,Primera Division Argentina,23,1999,0.5,0,0,0,1,0,0,2,1,1,0,0,0,5,0,0,0
Juan Fernando Garro,ar ARG,"MF,FW",Huracán,Primera Division Argentina,30,1992,9,1,267,3.0,1,0,1,1,0,0,0,0,1.5,1.5,0.1,1.6,3,7,16,0.34,0.00,0.34,0.34,0.34,0.51,0.04,0.55,0.51,0.55,ar ARG,"MF,FW",Huracán,Primera Division Argentina,30,1992,3.0,1,7,3,42.9,2.36,1.01,0.14,0.33,14.6,0,0,0,1.5,1.5,0.22,-0.5,-0.5,ar ARG,"MF,FW",Huracán,Primera Division Argentina,30,1992,3.0,64,79,81.0,1007,199,36,41,87.8,19,22,86.4,6,8,75.0,0,0.1,0.3,-0.1,2,6,3,0,7,ar ARG,"MF,FW",Huracán,Primera Division Argentina,30,1992,3.0,79,76,3,0,1,2,0,3,0,0,0,0,64,0,4,ar ARG,"MF,FW",Huracán,Primera Division Argentina,30,1992,3.0,5,1.69,3,0,0,2,0,0,0,0.00,0,0,0,0,0,0,ar ARG,"MF,FW",Huracán,Primera Division Argentina,30,1992,3.0,2,1,1,1,0,1,5,20.0,4,1,0,1,1,3,1,0,ar ARG,"MF,FW",Huracán,Primera Division Argentina,30,1992,3.0,122,1,15,68,39,12,122,6,0,0.0,6,100.0,72,418,132,3,1,1,13,2,82,16,ar ARG,"MF,FW",Huracán,Primera Division Argentina,30,1992,9,267,30,11.0,3.0,1,77,0,8,24,9,0.67,1,3,-2,-0.67,-0.30,3.5,3.2,+0.3,+0.09,+0.08,ar ARG,"MF,FW",Huracán,Primera Division Argentina,30,1992,3.0,0,0,0,3,5,1,0,1,1,0,0,0,16,3,10,23.1
Gianluca Ferrari,ar ARG,DF,Godoy Cruz,Primera Division Argentina,25,1997,3,3,223,2.5,0,1,1,0,0,0,0,0,0.0,0.0,0.6,0.6,0,1,0,0.00,0.40,0.40,0.00,0.40,0.02,0.24,0.26,0.02,0.26,ar ARG,DF,Godoy Cruz,Primera Division Argentina,25,1997,2.5,0,1,0,0.0,0.40,0.00,0.00,0,14.1,0,0,0,0.0,0.0,0.05,0.0,0.0,ar ARG,DF,Godoy Cruz,Primera Division Argentina,25,1997,2.5,56,76,73.7,1488,414,7,12,58.3,31,36,86.1,18,28,64.3,1,0.6,0.0,+0.4,1,1,0,0,1,ar ARG,DF,Godoy Cruz,Primera Division Argentina,25,1997,2.5,76,71,5,5,0,3,0,0,0,0,0,0,56,0,0,ar ARG,DF,Godoy Cruz,Primera Division Argentina,25,1997,2.5,1,0.40,0,0,0,1,0,0,1,0.40,0,0,0,1,0,0,ar ARG,DF,Godoy Cruz,Primera Division Argentina,25,1997,2.5,8,4,5,3,0,5,8,62.5,3,6,4,2,0,8,7,0,ar ARG,DF,Godoy Cruz,Primera Division Argentina,25,1997,2.5,100,8,76,23,2,2,100,2,1,50.0,1,50.0,30,142,87,0,0,0,2,0,48,0,ar ARG,DF,Godoy Cruz,Primera Division Argentina,25,1997,3,223,74,9.2,2.5,3,74,2,0,0,0,2.00,2,0,+2,+0.81,+0.68,2.5,2.2,+0.3,+0.11,+0.27,ar ARG,DF,Godoy Cruz,Primera Division Argentina,25,1997,2.5,0,0,0,1,2,0,0,0,4,0,0,0,7,7,7,50.0
Cristian Ferreira,ar ARG,MF,Newell's OB,Primera Division Argentina,23,1999,20,18,"1,528",17.0,2,1,3,2,0,0,5,0,2.3,2.3,2.2,4.5,22,87,96,0.12,0.06,0.18,0.12,0.18,0.14,0.13,0.27,0.14,0.27,ar ARG,MF,Newell's OB,Primera Division Argentina,23,1999,17.0,2,28,8,28.6,1.65,0.47,0.07,0.25,23.0,4,0,0,2.3,2.3,0.08,-0.3,-0.3,ar ARG,MF,Newell's OB,Primera Division Argentina,23,1999,17.0,549,734,74.8,9913,2614,259,298,86.9,192,233,82.4,81,149,54.4,1,2.2,2.0,-1.2,25,71,11,1,87,ar ARG,MF,Newell's OB,Primera Division Argentina,23,1999,17.0,734,631,99,46,6,6,65,5,39,16,20,0,549,4,22,ar ARG,MF,Newell's OB,Primera Division Argentina,23,1999,17.0,54,3.18,27,12,4,2,9,0,6,0.35,1,3,0,1,1,0,ar ARG,MF,Newell's OB,Primera Division Argentina,23,1999,17.0,20,9,5,10,5,7,27,25.9,20,11,2,9,5,25,5,0,ar ARG,MF,Newell's OB,Primera Division Argentina,23,1999,17.0,917,6,95,542,296,22,917,61,25,41.0,21,34.4,555,2900,1143,22,23,2,43,17,647,96,ar ARG,MF,Newell's OB,Primera Division Argentina,23,1999,20,"1,528",76,62.9,17.0,18,81,7,2,34,1,1.25,14,17,-3,-0.18,-0.48,13.8,17.9,-4.1,-0.24,-0.52,ar ARG,MF,Newell's OB,Primera Division Argentina,23,1999,17.0,5,0,0,14,48,2,65,5,9,0,0,0,87,7,9,43.8
Facundo Ferreyra,ar ARG,"FW,MF",Arg Juniors,Primera Division Argentina,31,1991,7,1,193,2.1,0,1,1,0,0,0,2,0,1.1,1.1,0.3,1.4,1,2,21,0.00,0.47,0.47,0.00,0.47,0.51,0.14,0.64,0.51,0.64,ar ARG,"FW,MF",Arg Juniors,Primera Division Argentina,31,1991,2.1,0,6,2,33.3,2.80,0.93,0.00,0.00,14.0,0,0,0,1.1,1.1,0.18,-1.1,-1.1,ar ARG,"FW,MF",Arg Juniors,Primera Division Argentina,31,1991,2.1,38,66,57.6,518,69,25,35,71.4,10,19,52.6,2,4,50.0,1,0.3,0.2,+0.7,1,1,0,0,2,ar ARG,"FW,MF",Arg Juniors,Primera Division Argentina,31,1991,2.1,66,61,5,1,2,0,1,1,0,0,0,0,38,0,3,ar ARG,"FW,MF",Arg Juniors,Primera Division Argentina,31,1991,2.1,5,2.32,2,0,0,2,1,0,3,1.39,1,0,0,1,1,0,ar ARG,"FW,MF",Arg Juniors,Primera Division Argentina,31,1991,2.1,2,1,0,2,0,0,1,0.0,1,1,0,1,0,2,2,0,ar ARG,"FW,MF",Arg Juniors,Primera Division Argentina,31,1991,2.1,89,2,6,45,40,14,89,4,1,25.0,3,75.0,38,83,22,1,0,0,3,0,64,21,ar ARG,"FW,MF",Arg Juniors,Primera Division Argentina,31,1991,7,193,28,7.9,2.1,1,90,1,6,17,4,1.57,4,5,-1,-0.47,-0.87,3.8,3.3,+0.5,+0.24,-0.28,ar ARG,"FW,MF",Arg Juniors,Primera Division Argentina,31,1991,2.1,2,0,0,6,5,2,1,0,1,1,0,0,8,9,12,42.9
Luciano Ferreyra,ar ARG,"MF,FW",Rosario Central,Primera Division Argentina,20,2002,8,1,146,1.6,1,0,1,1,0,0,2,0,0.5,0.5,0.4,0.9,6,7,9,0.62,0.00,0.62,0.62,0.62,0.29,0.25,0.55,0.29,0.55,ar ARG,"MF,FW",Rosario Central,Primera Division Argentina,20,2002,1.6,1,3,2,66.7,1.85,1.23,0.33,0.50,17.1,0,0,0,0.5,0.5,0.16,+0.5,+0.5,ar ARG,"MF,FW",Rosario Central,Primera Division Argentina,20,2002,1.6,44,55,80.0,686,144,26,30,86.7,13,14,92.9,3,7,42.9,0,0.4,0.4,-0.4,1,6,0,0,7,ar ARG,"MF,FW",Rosario Central,Primera Division Argentina,20,2002,1.6,55,49,6,2,1,1,5,1,3,1,0,0,44,0,0,ar ARG,"MF,FW",Rosario Central,Primera Division Argentina,20,2002,1.6,6,3.70,5,1,0,0,0,0,1,0.62,1,0,0,0,0,0,ar ARG,"MF,FW",Rosario Central,Primera Division Argentina,20,2002,1.6,4,2,1,3,0,2,3,66.7,1,2,0,2,0,4,0,0,ar ARG,"MF,FW",Rosario Central,Primera Division Argentina,20,2002,1.6,87,0,8,45,37,6,87,9,3,33.3,5,55.6,58,444,209,6,5,3,11,6,62,9,ar ARG,"MF,FW",Rosario Central,Primera Division Argentina,20,2002,8,146,18,6.0,1.6,1,90,1,7,8,18,1.63,2,1,+1,+0.62,+0.38,1.7,2.1,-0.4,-0.22,-0.21,ar ARG,"MF,FW",Rosario Central,Primera Division Argentina,20,2002,1.6,2,0,0,4,1,0,5,0,2,0,0,0,12,1,3,25.0
Héctor Fértoli,ar ARG,"FW,MF",Racing Club,Primera Division Argentina,28,1994,6,1,145,1.6,0,0,0,0,0,0,1,0,0.0,0.0,0.6,0.6,4,10,24,0.00,0.00,0.00,0.00,0.00,0.02,0.37,0.39,0.02,0.39,ar ARG,"FW,MF",Racing Club,Primera Division Argentina,28,1994,1.6,0,1,1,100.0,0.62,0.62,0.00,0.00,14.7,0,0,0,0.0,0.0,0.03,0.0,0.0,ar ARG,"FW,MF",Racing Club,Primera Division Argentina,28,1994,1.6,64,97,66.0,1070,284,32,37,86.5,24,32,75.0,6,22,27.3,0,0.6,0.3,-0.6,4,8,4,2,10,ar ARG,"FW,MF",Racing Club,Primera Division Argentina,28,1994,1.6,97,85,12,2,0,1,25,2,8,2,6,0,64,0,4,ar ARG,"FW,MF",Racing Club,Primera Division Argentina,28,1994,1.6,6,3.72,4,2,0,0,0,0,0,0.00,0,0,0,0,0,0,ar ARG,"FW,MF",Racing Club,Primera Division Argentina,28,1994,1.6,1,1,0,0,1,1,3,33.3,2,1,0,1,0,1,0,0,ar ARG,"FW,MF",Racing Club,Primera Division Argentina,28,1994,1.6,121,1,9,44,70,6,121,6,2,33.3,4,66.7,81,418,132,4,3,0,11,3,87,24,ar ARG,"FW,MF",Racing Club,Primera Division Argentina,28,1994,6,145,24,6.0,1.6,1,66,0,5,16,21,1.00,0,2,-2,-1.24,-1.36,1.3,1.1,+0.3,+0.16,+0.35,ar ARG,"FW,MF",Racing Club,Primera Division Argentina,28,1994,1.6,1,0,0,3,4,0,25,0,1,0,0,0,11,1,3,25.0
Jorge Figal,ar ARG,DF,Boca Juniors,Primera Division Argentina,28,1994,24,23,"1,988",22.1,3,0,3,3,0,0,7,1,1.6,1.6,0.1,1.7,22,53,6,0.14,0.00,0.14,0.14,0.14,0.07,0.00,0.07,0.07,0.07,ar ARG,DF,Boca Juniors,Primera Division Argentina,28,1994,22.1,3,17,5,29.4,0.77,0.23,0.18,0.60,15.1,0,0,0,1.6,1.6,0.09,+1.4,+1.4,ar ARG,DF,Boca Juniors,Primera Division Argentina,28,1994,22.1,1013,1235,82.0,19450,7329,361,398,90.7,529,579,91.4,113,223,50.7,0,0.1,0.3,-0.1,2,54,7,0,53,ar ARG,DF,Boca Juniors,Primera Division Argentina,28,1994,22.1,1235,1136,96,60,0,13,5,32,0,0,0,0,1013,3,16,ar ARG,DF,Boca Juniors,Primera Division Argentina,28,1994,22.1,12,0.54,9,0,2,1,0,0,1,0.05,0,0,0,1,0,0,ar ARG,DF,Boca Juniors,Primera Division Argentina,28,1994,22.1,35,27,26,8,1,20,29,69.0,9,29,18,11,15,50,63,2,ar ARG,DF,Boca Juniors,Primera Division Argentina,28,1994,22.1,1444,140,731,667,63,17,1444,30,19,63.3,8,26.7,860,5778,3349,22,10,0,16,8,923,6,ar ARG,DF,Boca Juniors,Primera Division Argentina,28,1994,24,"1,988",83,81.8,22.1,23,86,21,1,10,0,1.67,30,21,+9,+0.41,+0.41,25.2,27.1,-1.9,-0.09,-0.75,ar ARG,DF,Boca Juniors,Primera Division Argentina,28,1994,22.1,7,1,1,24,25,0,5,15,27,0,0,0,131,47,31,60.3
Jose Florentín,py PAR,MF,Vélez Sarsfield,Primera Division Argentina,26,1996,20,19,"1,490",16.6,1,0,1,1,0,0,8,1,2.8,2.8,0.6,3.4,19,86,27,0.06,0.00,0.06,0.06,0.06,0.17,0.04,0.20,0.17,0.20,py PAR,MF,Vélez Sarsfield,Primera Division Argentina,26,1996,16.6,1,23,5,21.7,1.39,0.30,0.04,0.20,17.9,0,0,0,2.8,2.8,0.12,-1.8,-1.8,py PAR,MF,Vélez Sarsfield,Primera Division Argentina,26,1996,16.6,592,757,78.2,9892,3191,281,330,85.2,254,300,84.7,40,66,60.6,0,0.6,0.5,-0.6,11,67,4,0,86,py PAR,MF,Vélez Sarsfield,Primera Division Argentina,26,1996,16.6,757,736,19,15,1,7,9,3,0,0,0,0,592,2,18,py PAR,MF,Vélez Sarsfield,Primera Division Argentina,26,1996,16.6,29,1.75,22,1,2,3,1,0,3,0.18,2,0,0,1,0,0,py PAR,MF,Vélez Sarsfield,Primera Division Argentina,26,1996,16.6,37,24,18,16,3,20,60,33.3,40,27,3,24,33,70,24,0,py PAR,MF,Vélez Sarsfield,Primera Division Argentina,26,1996,16.6,988,40,227,618,156,30,988,22,12,54.5,9,40.9,527,2356,1144,19,14,4,27,20,586,27,py PAR,MF,Vélez Sarsfield,Primera Division Argentina,26,1996,20,"1,490",75,61.3,16.6,19,77,9,1,24,5,1.20,16,13,+3,+0.18,+0.76,14.3,14.0,+0.3,+0.02,+0.14,py PAR,MF,Vélez Sarsfield,Primera Division Argentina,26,1996,16.6,8,1,1,33,17,4,9,33,24,0,0,0,114,36,31,53.7
Francisco Flores,ar ARG,DF,Atlé Tucumán,Primera Division Argentina,21,2002,3,3,270,3.0,0,0,0,0,0,0,1,0,0.0,0.0,0.0,0.0,2,5,0,0.00,0.00,0.00,0.00,0.00,0.00,0.00,0.00,0.00,0.00,ar ARG,DF,Atlé Tucumán,Primera Division Argentina,21,2002,3.0,0,0,0,0,0.00,0.00,0,0,0,0,0,0,0.0,0.0,0,0.0,0.0,ar ARG,DF,Atlé Tucumán,Primera Division Argentina,21,2002,3.0,117,135,86.7,2389,918,30,32,93.8,71,78,91.0,13,20,65.0,0,0.0,0.0,0.0,0,7,0,0,5,ar ARG,DF,Atlé Tucumán,Primera Division Argentina,21,2002,3.0,135,131,4,3,0,1,0,1,0,0,0,0,117,0,0,ar ARG,DF,Atlé Tucumán,Primera Division Argentina,21,2002,3.0,1,0.33,1,0,0,0,0,0,0,0.00,0,0,0,0,0,0,ar ARG,DF,Atlé Tucumán,Primera Division Argentina,21,2002,3.0,7,4,7,0,0,4,5,80.0,1,3,3,0,2,9,8,0,ar ARG,DF,Atlé Tucumán,Primera Division Argentina,21,2002,3.0,159,18,83,73,3,0,159,0,0,0,0,0,82,310,186,2,1,0,0,2,104,0,ar ARG,DF,Atlé Tucumán,Primera Division Argentina,21,2002,3,270,90,11.1,3.0,3,90,3,0,0,14,2.00,4,2,+2,+0.67,+0.83,2.5,3.9,-1.4,-0.47,-0.28,ar ARG,DF,Atlé Tucumán,Primera Division Argentina,21,2002,3.0,1,0,0,2,0,0,0,2,4,0,0,0,14,4,2,66.7
Gonzalo Flores,ar ARG,"FW,MF",Tigre,Primera Division Argentina,20,2002,13,3,398,4.4,0,0,0,0,0,0,0,0,1.0,1.0,0.1,1.2,6,2,27,0.00,0.00,0.00,0.00,0.00,0.23,0.03,0.26,0.23,0.26,ar ARG,"FW,MF",Tigre,Primera Division Argentina,20,2002,4.4,0,12,4,33.3,2.71,0.90,0.00,0.00,20.8,0,0,0,1.0,1.0,0.09,-1.0,-1.0,ar ARG,"FW,MF",Tigre,Primera Division Argentina,20,2002,4.4,76,106,71.7,932,59,46,55,83.6,23,31,74.2,0,6,0.0,0,0.1,0.0,-0.1,1,2,0,0,2,ar ARG,"FW,MF",Tigre,Primera Division Argentina,20,2002,4.4,106,106,0,0,0,0,8,0,0,0,0,0,76,0,4,ar ARG,"FW,MF",Tigre,Primera Division Argentina,20,2002,4.4,8,1.80,4,0,2,2,0,0,1,0.23,0,0,0,1,0,0,ar ARG,"FW,MF",Tigre,Primera Division Argentina,20,2002,4.4,10,5,2,5,3,7,10,70.0,3,4,1,3,2,12,3,0,ar ARG,"FW,MF",Tigre,Primera Division Argentina,20,2002,4.4,163,5,18,68,79,10,163,18,13,72.2,4,22.2,98,632,169,6,2,0,9,13,102,27,ar ARG,"FW,MF",Tigre,Primera Division Argentina,20,2002,13,398,31,16.4,4.4,3,66,0,10,20,11,1.15,4,4,0,0.00,+0.09,6.0,4.0,+2.0,+0.45,+0.35,ar ARG,"FW,MF",Tigre,Primera Division Argentina,20,2002,4.4,0,0,0,4,6,1,8,2,5,0,0,0,21,5,24,17.2
Ezequiel Forclaz,ar ARG,"MF,FW",Tigre,Primera Division Argentina,19,2003,7,2,179,2.0,0,1,1,0,0,0,2,0,0.2,0.2,0.6,0.7,8,14,19,0.00,0.50,0.50,0.00,0.50,0.08,0.30,0.37,0.08,0.37,ar ARG,"MF,FW",Tigre,Primera Division Argentina,19,2003,2.0,0,5,1,20.0,2.51,0.50,0.00,0.00,22.9,0,0,0,0.2,0.2,0.03,-0.2,-0.2,ar ARG,"MF,FW",Tigre,Primera Division Argentina,19,2003,2.0,68,99,68.7,893,305,52,66,78.8,13,22,59.1,3,9,33.3,1,0.6,0.1,+0.4,5,9,4,0,14,ar ARG,"MF,FW",Tigre,Primera Division Argentina,19,2003,2.0,99,95,4,0,0,0,10,3,1,1,0,0,68,0,2,ar ARG,"MF,FW",Tigre,Primera Division Argentina,19,2003,2.0,11,5.56,9,0,1,1,0,0,1,0.51,1,0,0,0,0,0,ar ARG,"MF,FW",Tigre,Primera Division Argentina,19,2003,2.0,7,5,3,3,1,3,6,50.0,3,4,2,2,3,10,1,0,ar ARG,"MF,FW",Tigre,Primera Division Argentina,19,2003,2.0,142,0,18,57,67,7,142,17,5,29.4,11,64.7,79,440,186,8,2,3,6,8,85,19,ar ARG,"MF,FW",Tigre,Primera Division Argentina,19,2003,7,179,26,7.4,2.0,2,57,0,5,13,6,1.29,2,2,0,0.00,+0.08,2.4,1.5,+0.9,+0.45,+0.32,ar ARG,"MF,FW",Tigre,Primera Division Argentina,19,2003,2.0,2,0,0,10,4,0,10,3,5,0,0,0,20,2,8,20.0
Alan Franco,ec ECU,MF,Talleres,Primera Division Argentina,24,1998,19,11,"1,038",11.5,0,1,1,0,0,0,2,0,0.3,0.3,0.5,0.8,3,28,11,0.00,0.09,0.09,0.00,0.09,0.02,0.05,0.07,0.02,0.07,ec ECU,MF,Talleres,Primera Division Argentina,24,1998,11.5,0,5,0,0.0,0.43,0.00,0.00,0,23.9,0,0,0,0.3,0.3,0.05,-0.3,-0.3,ec ECU,MF,Talleres,Primera Division Argentina,24,1998,11.5,348,414,84.1,5307,1225,183,199,92.0,131,152,86.2,19,33,57.6,1,0.5,0.3,+0.5,6,19,4,1,28,ec ECU,MF,Talleres,Primera Division Argentina,24,1998,11.5,414,404,10,9,2,0,5,0,1,0,0,0,348,0,3,ec ECU,MF,Talleres,Primera Division Argentina,24,1998,11.5,14,1.21,13,0,0,1,0,0,2,0.17,2,0,0,0,0,0,ec ECU,MF,Talleres,Primera Division Argentina,24,1998,11.5,20,9,2,15,3,8,19,42.1,11,19,5,14,8,28,18,0,ec ECU,MF,Talleres,Primera Division Argentina,24,1998,11.5,509,25,92,362,63,9,509,7,3,42.9,3,42.9,235,993,439,3,2,1,10,2,313,11,ec ECU,MF,Talleres,Primera Division Argentina,24,1998,19,"1,038",55,42.7,11.5,11,71,3,8,32,1,2.05,20,15,+5,+0.43,-0.47,17.4,13.1,+4.3,+0.37,-0.37,ec ECU,MF,Talleres,Primera Division Argentina,24,1998,11.5,2,0,0,25,9,1,5,8,9,0,0,0,59,24,15,61.5
Juan Franco Arrellaga,py PAR,DF,Instituto,Primera Division Argentina,30,1992,12,11,854,9.5,0,0,0,0,0,0,3,0,0.2,0.2,0.4,0.6,16,32,26,0.00,0.00,0.00,0.00,0.00,0.02,0.04,0.06,0.02,0.06,py PAR,DF,Instituto,Primera Division Argentina,30,1992,9.5,0,9,1,11.1,0.95,0.11,0.00,0.00,26.3,0,0,0,0.2,0.2,0.02,-0.2,-0.2,py PAR,DF,Instituto,Primera Division Argentina,30,1992,9.5,270,435,62.1,4412,2387,141,170,82.9,107,170,62.9,18,70,25.7,0,0.4,0.3,-0.4,7,29,4,3,32,py PAR,DF,Instituto,Primera Division Argentina,30,1992,9.5,435,290,145,0,0,2,20,145,0,0,0,0,270,0,19,py PAR,DF,Instituto,Primera Division Argentina,30,1992,9.5,17,1.79,13,1,3,0,0,0,0,0.00,0,0,0,0,0,0,py PAR,DF,Instituto,Primera Division Argentina,30,1992,9.5,14,12,6,6,2,4,6,66.7,2,8,2,6,17,31,18,0,py PAR,DF,Instituto,Primera Division Argentina,30,1992,9.5,539,17,138,262,145,6,539,24,16,66.7,7,29.2,214,1157,595,16,19,2,8,2,216,26,py PAR,DF,Instituto,Primera Division Argentina,30,1992,12,854,71,35.1,9.5,11,77,4,1,11,15,1.08,4,7,-3,-0.32,+0.14,10.4,9.2,+1.3,+0.13,-0.01,py PAR,DF,Instituto,Primera Division Argentina,30,1992,9.5,3,0,0,13,9,1,20,17,12,0,0,0,58,11,7,61.1
Franco Frías,ar ARG,FW,Barracas Central,Primera Division Argentina,20,2002,5,0,118,1.3,1,0,1,1,0,0,0,0,1.1,1.1,0.0,1.1,3,3,16,0.76,0.00,0.76,0.76,0.76,0.81,0.00,0.81,0.81,0.81,ar ARG,FW,Barracas Central,Primera Division Argentina,20,2002,1.3,1,5,3,60.0,3.81,2.29,0.20,0.33,10.2,0,0,0,1.1,1.1,0.21,-0.1,-0.1,ar ARG,FW,Barracas Central,Primera Division Argentina,20,2002,1.3,21,37,56.8,283,52,13,16,81.3,5,11,45.5,1,4,25.0,0,0.0,0.1,0.0,0,1,1,1,3,ar ARG,FW,Barracas Central,Primera Division Argentina,20,2002,1.3,37,34,3,0,0,0,7,2,0,0,0,0,21,0,3,ar ARG,FW,Barracas Central,Primera Division Argentina,20,2002,1.3,3,2.29,2,0,0,1,0,0,0,0.00,0,0,0,0,0,0,ar ARG,FW,Barracas Central,Primera Division Argentina,20,2002,1.3,2,1,0,2,0,0,2,0.0,2,0,0,0,0,2,0,0,ar ARG,FW,Barracas Central,Primera Division Argentina,20,2002,1.3,58,0,1,21,37,7,58,6,1,16.7,4,66.7,45,322,52,3,4,2,3,11,51,16,ar ARG,FW,Barracas Central,Primera Division Argentina,20,2002,5,118,24,4.9,1.3,0,0,0,5,24,9,0.60,3,1,+2,+1.53,+1.80,2.8,1.2,+1.7,+1.28,+1.57,ar ARG,FW,Barracas Central,Primera Division Argentina,20,2002,1.3,0,0,0,2,4,0,7,0,1,0,0,0,6,1,7,12.5
Nazareno Funez,ar ARG,"FW,MF",Newell's OB,Primera Division Argentina,21,2001,2,0,35,0.4,0,0,0,0,0,0,0,0,0.0,0.0,0.0,0.0,0,0,1,0.00,0.00,0.00,0.00,0.00,0.00,0.09,0.09,0.00,0.09,ar ARG,"FW,MF",Newell's OB,Primera Division Argentina,21,2001,0.4,0,0,0,0,0.00,0.00,0,0,0,0,0,0,0.0,0.0,0,0.0,0.0,ar ARG,"FW,MF",Newell's OB,Primera Division Argentina,21,2001,0.4,4,6,66.7,56,0,2,3,66.7,2,2,100.0,0,0,0,0,0.0,0.0,0.0,1,0,0,0,0,ar ARG,"FW,MF",Newell's OB,Primera Division Argentina,21,2001,0.4,6,5,1,0,0,0,0,0,0,0,0,0,4,0,0,ar ARG,"FW,MF",Newell's OB,Primera Division Argentina,21,2001,0.4,1,2.57,1,0,0,0,0,0,0,0.00,0,0,0,0,0,0,ar ARG,"FW,MF",Newell's OB,Primera Division Argentina,21,2001,0.4,0,0,0,0,0,0,0,0,0,0,0,0,0,0,0,0,ar ARG,"FW,MF",Newell's OB,Primera Division Argentina,21,2001,0.4,9,0,0,6,3,1,9,1,0,0.0,1,100.0,4,15,1,0,0,0,1,3,7,1,ar ARG,"FW,MF",Newell's OB,Primera Division Argentina,21,2001,2,35,18,1.4,0.4,0,0,0,2,18,5,0.50,1,1,0,0.00,0.00,1.1,0.7,+0.4,+1.11,+1.17,ar ARG,"FW,MF",Newell's OB,Primera Division Argentina,21,2001,0.4,0,0,0,0,0,0,0,0,0,0,0,0,1,2,4,33.3
Thomas Galdames,cl CHI,DF,Godoy Cruz,Primera Division Argentina,24,1998,21,18,"1,296",14.4,2,1,3,2,0,0,3,1,0.3,0.3,0.5,0.8,7,36,18,0.14,0.07,0.21,0.14,0.21,0.02,0.03,0.06,0.02,0.06,cl CHI,DF,Godoy Cruz,Primera Division Argentina,24,1998,14.4,2,6,2,33.3,0.42,0.14,0.33,1.00,25.6,1,0,0,0.3,0.3,0.06,+1.7,+1.7,cl CHI,DF,Godoy Cruz,Primera Division Argentina,24,1998,14.4,349,538,64.9,7533,3978,133,157,84.7,146,195,74.9,67,162,41.4,1,0.5,0.6,+0.5,13,44,9,6,36,cl CHI,DF,Godoy Cruz,Primera Division Argentina,24,1998,14.4,538,380,158,18,0,4,45,122,18,0,15,0,349,0,17,cl CHI,DF,Godoy Cruz,Primera Division Argentina,24,1998,14.4,26,1.81,13,13,0,0,0,0,4,0.28,2,2,0,0,0,0,cl CHI,DF,Godoy Cruz,Primera Division Argentina,24,1998,14.4,32,16,15,16,1,20,33,60.6,13,26,8,18,22,54,29,1,cl CHI,DF,Godoy Cruz,Primera Division Argentina,24,1998,14.4,693,37,242,325,130,7,693,16,2,12.5,14,87.5,260,1198,570,7,7,0,3,2,283,18,cl CHI,DF,Godoy Cruz,Primera Division Argentina,24,1998,21,"1,296",62,53.3,14.4,18,71,4,3,8,5,1.62,23,14,+9,+0.62,+0.94,14.2,16.8,-2.6,-0.18,-0.10,cl CHI,DF,Godoy Cruz,Primera Division Argentina,24,1998,14.4,3,1,0,21,9,0,45,22,16,0,2,0,63,18,24,42.9
David Gallardo,ar ARG,"MF,DF",Sarmiento,Primera Division Argentina,25,1997,6,2,204,2.3,0,0,0,0,0,0,0,0,0.1,0.1,0.1,0.1,10,6,9,0.00,0.00,0.00,0.00,0.00,0.03,0.03,0.05,0.03,0.05,ar ARG,"MF,DF",Sarmiento,Primera Division Argentina,25,1997,2.3,0,4,1,25.0,1.76,0.44,0.00,0.00,28.8,0,0,0,0.1,0.1,0.02,-0.1,-0.1,ar ARG,"MF,DF",Sarmiento,Primera Division Argentina,25,1997,2.3,22,39,56.4,382,144,9,14,64.3,11,14,78.6,1,4,25.0,0,0.1,0.0,-0.1,1,2,1,1,6,ar ARG,"MF,DF",Sarmiento,Primera Division Argentina,25,1997,2.3,39,37,1,0,0,0,5,1,0,0,0,0,22,1,5,ar ARG,"MF,DF",Sarmiento,Primera Division Argentina,25,1997,2.3,5,2.20,3,0,1,1,0,0,0,0.00,0,0,0,0,0,0,ar ARG,"MF,DF",Sarmiento,Primera Division Argentina,25,1997,2.3,8,6,4,3,1,2,6,33.3,4,5,2,3,2,10,1,0,ar ARG,"MF,DF",Sarmiento,Primera Division Argentina,25,1997,2.3,84,4,21,37,32,2,84,22,8,36.4,11,50.0,46,594,347,10,8,0,8,3,42,9,ar ARG,"MF,DF",Sarmiento,Primera Division Argentina,25,1997,6,204,34,8.4,2.3,2,59,0,4,22,11,1.00,0,2,-2,-0.88,-0.84,1.0,3.4,-2.4,-1.05,-0.84,ar ARG,"MF,DF",Sarmiento,Primera Division Argentina,25,1997,2.3,0,0,0,3,4,0,5,2,6,0,0,0,18,2,5,28.6
Baltasar Gallego,ar ARG,"FW,MF",Racing Club,Primera Division Argentina,19,2003,11,4,466,5.2,0,0,0,0,0,0,1,0,0.3,0.3,0.9,1.1,6,10,33,0.00,0.00,0.00,0.00,0.00,0.05,0.16,0.22,0.05,0.22,ar ARG,"FW,MF",Racing Club,Primera Division Argentina,19,2003,5.2,0,6,1,16.7,1.16,0.19,0.00,0.00,20.4,0,0,0,0.3,0.3,0.05,-0.3,-0.3,ar ARG,"FW,MF",Racing Club,Primera Division Argentina,19,2003,5.2,104,139,74.8,1338,265,69,82,84.1,29,35,82.9,2,8,25.0,0,0.9,0.3,-0.9,3,6,2,0,10,ar ARG,"FW,MF",Racing Club,Primera Division Argentina,19,2003,5.2,139,137,2,0,0,0,1,2,0,0,0,0,104,0,6,ar ARG,"FW,MF",Racing Club,Primera Division Argentina,19,2003,5.2,14,2.70,11,0,2,0,0,1,1,0.19,1,0,0,0,0,0,ar ARG,"FW,MF",Racing Club,Primera Division Argentina,19,2003,5.2,15,11,3,10,2,2,16,12.5,14,3,0,3,1,16,3,0,ar ARG,"FW,MF",Racing Club,Primera Division Argentina,19,2003,5.2,219,3,34,97,92,14,219,32,11,34.4,19,59.4,131,699,263,6,7,4,25,9,135,33,ar ARG,"FW,MF",Racing Club,Primera Division Argentina,19,2003,11,466,42,19.2,5.2,4,79,0,7,22,3,1.27,7,6,+1,+0.19,+0.19,7.4,9.2,-1.8,-0.35,-0.22,ar ARG,"FW,MF",Racing Club,Primera Division Argentina,19,2003,5.2,1,0,0,12,2,1,1,1,11,0,0,0,29,7,10,41.2
Rodrigo Gallo,ar ARG,DF,Gimnasia–LP,Primera Division Argentina,22,2000,1,1,76,0.8,0,0,0,0,0,0,0,0,0.0,0.0,0.0,0.0,0,4,1,0.00,0.00,0.00,0.00,0.00,0.00,0.00,0.00,0.00,0.00,ar ARG,DF,Gimnasia–LP,Primera Division Argentina,22,2000,0.8,0,0,0,0,0.00,0.00,0,0,0,0,0,0,0.0,0.0,0,0.0,0.0,ar ARG,DF,Gimnasia–LP,Primera Division Argentina,22,2000,0.8,24,47,51.1,512,345,8,12,66.7,11,16,68.8,5,14,35.7,0,0.0,0.0,0.0,0,3,0,0,4,ar ARG,DF,Gimnasia–LP,Primera Division Argentina,22,2000,0.8,47,32,14,0,0,0,3,14,0,0,0,0,24,1,2,ar ARG,DF,Gimnasia–LP,Primera Division Argentina,22,2000,0.8,1,1.18,1,0,0,0,0,0,0,0.00,0,0,0,0,0,0,ar ARG,DF,Gimnasia–LP,Primera Division Argentina,22,2000,0.8,4,1,3,1,0,2,3,66.7,1,1,0,1,2,6,5,0,ar ARG,DF,Gimnasia–LP,Primera Division Argentina,22,2000,0.8,59,6,15,31,14,1,59,1,1,100.0,0,0.0,19,42,32,0,1,0,1,1,23,1,ar ARG,DF,Gimnasia–LP,Primera Division Argentina,22,2000,1,76,76,3.1,0.8,1,76,0,0,0,4,3.00,0,0,0,0.00,+0.54,0.4,0.4,0.0,0.00,+0.17,ar ARG,DF,Gimnasia–LP,Primera Division Argentina,22,2000,0.8,0,0,0,0,0,0,3,2,1,0,0,0,7,2,1,66.7
Ignacio Galván,ar ARG,DF,Racing Club,Primera Division Argentina,20,2002,1,0,12,0.1,0,0,0,0,0,0,0,0,0.0,0.0,0.0,0.0,1,0,2,0.00,0.00,0.00,0.00,0.00,0.00,0.00,0.00,0.00,0.00,ar ARG,DF,Racing Club,Primera Division Argentina,20,2002,0.1,0,0,0,0,0.00,0.00,0,0,0,0,0,0,0.0,0.0,0,0.0,0.0,ar ARG,DF,Racing Club,Primera Division Argentina,20,2002,0.1,8,9,88.9,150,22,3,3,100.0,3,4,75.0,1,1,100.0,0,0.0,0.0,0.0,0,0,0,0,0,ar ARG,DF,Racing Club,Primera Division Argentina,20,2002,0.1,9,4,5,0,0,0,1,5,0,0,0,0,8,0,0,ar ARG,DF,Racing Club,Primera Division Argentina,20,2002,0.1,0,0.00,0,0,0,0,0,0,0,0.00,0,0,0,0,0,0,ar ARG,DF,Racing Club,Primera Division Argentina,20,2002,0.1,0,0,0,0,0,0,0,0,0,0,0,0,0,0,0,0,ar ARG,DF,Racing Club,Primera Division Argentina,20,2002,0.1,11,0,2,0,9,0,11,3,1,33.3,1,33.3,7,49,4,1,1,0,0,1,6,2,ar ARG,DF,Racing Club,Primera Division Argentina,20,2002,1,12,12,0.5,0.1,0,0,0,1,12,2,0.00,1,0,+1,+7.50,+7.50,0.2,0.0,+0.2,+1.20,+1.38,ar ARG,DF,Racing Club,Primera Division Argentina,20,2002,0.1,0,0,0,0,1,0,1,0,0,0,0,0,1,0,1,0.0
Jonathan Galván,ar ARG,DF,Racing Club,Primera Division Argentina,30,1992,8,6,583,6.5,0,1,1,0,0,0,2,0,0.2,0.2,0.3,0.5,4,32,7,0.00,0.15,0.15,0.00,0.15,0.04,0.04,0.08,0.04,0.08,ar ARG,DF,Racing Club,Primera Division Argentina,30,1992,6.5,0,2,1,50.0,0.31,0.15,0.00,0.00,8.1,0,0,0,0.2,0.2,0.12,-0.2,-0.2,ar ARG,DF,Racing Club,Primera Division Argentina,30,1992,6.5,382,477,80.1,8147,2698,94,106,88.7,231,251,92.0,57,111,51.4,1,0.3,0.2,+0.7,3,25,0,0,32,ar ARG,DF,Racing Club,Primera Division Argentina,30,1992,6.5,477,447,29,19,0,11,4,9,0,0,0,0,382,1,2,ar ARG,DF,Racing Club,Primera Division Argentina,30,1992,6.5,6,0.92,5,0,0,0,1,0,1,0.15,1,0,0,0,0,0,ar ARG,DF,Racing Club,Primera Division Argentina,30,1992,6.5,11,10,10,1,0,4,9,44.4,5,9,7,2,13,24,33,0,ar ARG,DF,Racing Club,Primera Division Argentina,30,1992,6.5,550,64,250,286,17,7,550,0,0,0,0,0,307,1929,1178,4,3,0,4,0,342,7,ar ARG,DF,Racing Club,Primera Division Argentina,30,1992,8,583,73,24.0,6.5,6,83,5,2,44,15,1.25,6,8,-2,-0.31,-0.45,8.4,9.3,-0.9,-0.14,+0.04,ar ARG,DF,Racing Club,Primera Division Argentina,30,1992,6.5,2,0,0,9,5,1,4,13,10,0,0,0,56,25,10,71.4
Tomás Galván,ar ARG,"MF,FW",Colón,Primera Division Argentina,22,2000,13,4,535,5.9,0,0,0,0,0,0,0,0,0.9,0.9,0.1,1.0,13,27,25,0.00,0.00,0.00,0.00,0.00,0.16,0.01,0.17,0.16,0.17,ar ARG,"MF,FW",Colón,Primera Division Argentina,22,2000,5.9,0,11,1,9.1,1.85,0.17,0.00,0.00,18.7,0,0,0,0.9,0.9,0.08,-0.9,-0.9,ar ARG,"MF,FW",Colón,Primera Division Argentina,22,2000,5.9,171,223,76.7,2410,791,110,132,83.3,56,72,77.8,4,9,44.4,0,0.1,0.3,-0.1,2,23,2,0,27,ar ARG,"MF,FW",Colón,Primera Division Argentina,22,2000,5.9,223,212,10,3,0,0,6,2,5,0,5,0,171,1,5,ar ARG,"MF,FW",Colón,Primera Division Argentina,22,2000,5.9,15,2.52,10,0,0,1,4,0,0,0.00,0,0,0,0,0,0,ar ARG,"MF,FW",Colón,Primera Division Argentina,22,2000,5.9,8,7,3,5,0,3,12,25.0,9,9,1,8,3,11,1,0,ar ARG,"MF,FW",Colón,Primera Division Argentina,22,2000,5.9,301,1,26,178,100,14,301,15,5,33.3,8,53.3,190,1007,477,13,12,1,21,12,204,25,ar ARG,"MF,FW",Colón,Primera Division Argentina,22,2000,13,535,41,22.0,5.9,4,81,1,9,23,14,0.79,6,9,-3,-0.50,-0.03,6.2,8.0,-1.8,-0.30,+0.15,ar ARG,"MF,FW",Colón,Primera Division Argentina,22,2000,5.9,0,0,0,7,20,2,6,3,7,0,0,0,37,6,6,50.0
Lucas Gamba,ar ARG,FW,Cen. Córdoba–SdE,Primera Division Argentina,35,1987,26,20,"1,830",20.3,5,5,10,4,1,1,1,0,3.1,2.3,3.9,6.2,31,33,160,0.25,0.25,0.49,0.20,0.44,0.15,0.19,0.34,0.11,0.30,ar ARG,FW,Cen. Córdoba–SdE,Primera Division Argentina,35,1987,20.3,5,30,7,23.3,1.48,0.34,0.13,0.57,21.6,0,1,1,3.1,2.3,0.08,+1.9,+1.7,ar ARG,FW,Cen. Córdoba–SdE,Primera Division Argentina,35,1987,20.3,380,574,66.2,4834,833,246,322,76.4,79,127,62.2,19,34,55.9,5,3.9,2.2,+1.1,31,14,15,4,33,ar ARG,FW,Cen. Córdoba–SdE,Primera Division Argentina,35,1987,20.3,574,530,37,0,1,4,46,7,1,0,1,0,380,7,35,ar ARG,FW,Cen. Córdoba–SdE,Primera Division Argentina,35,1987,20.3,58,2.85,48,0,3,1,4,2,7,0.34,6,0,0,0,1,0,ar ARG,FW,Cen. Córdoba–SdE,Primera Division Argentina,35,1987,20.3,16,10,3,12,1,5,16,31.3,11,12,1,11,1,17,0,0,ar ARG,FW,Cen. Córdoba–SdE,Primera Division Argentina,35,1987,20.3,763,0,40,291,440,64,762,29,12,41.4,13,44.8,431,1951,817,31,30,9,66,38,599,160,ar ARG,FW,Cen. Córdoba–SdE,Primera Division Argentina,35,1987,26,"1,830",70,75.3,20.3,20,83,13,6,27,1,1.00,14,23,-9,-0.44,-0.29,17.9,27.6,-9.8,-0.48,-0.34,ar ARG,FW,Cen. Córdoba–SdE,Primera Division Argentina,35,1987,20.3,1,0,0,18,15,12,46,1,10,0,0,0,59,25,62,28.7
Martín Garay,ar ARG,"DF,MF",Tigre,Primera Division Argentina,23,1999,15,6,683,7.6,0,3,3,0,0,0,1,0,0.0,0.0,1.8,1.8,20,42,50,0.00,0.40,0.40,0.00,0.40,0.00,0.23,0.23,0.00,0.23,ar ARG,"DF,MF",Tigre,Primera Division Argentina,23,1999,7.6,0,1,0,0.0,0.13,0.00,0.00,0,36.0,0,0,0,0.0,0.0,0.02,0.0,0.0,ar ARG,"DF,MF",Tigre,Primera Division Argentina,23,1999,7.6,318,441,72.1,5257,2101,159,184,86.4,129,172,75.0,26,55,47.3,3,1.8,1.4,+1.2,10,38,7,3,42,ar ARG,"DF,MF",Tigre,Primera Division Argentina,23,1999,7.6,441,369,71,1,2,3,31,70,0,0,0,0,318,1,20,ar ARG,"DF,MF",Tigre,Primera Division Argentina,23,1999,7.6,17,2.24,15,0,2,0,0,0,3,0.40,3,0,0,0,0,0,ar ARG,"DF,MF",Tigre,Primera Division Argentina,23,1999,7.6,7,5,3,4,0,4,10,40.0,6,18,4,14,5,12,11,0,ar ARG,"DF,MF",Tigre,Primera Division Argentina,23,1999,7.6,523,16,117,256,153,6,523,19,7,36.8,11,57.9,289,1359,695,20,11,4,17,7,291,50,ar ARG,"DF,MF",Tigre,Primera Division Argentina,23,1999,15,683,46,28.1,7.6,6,84,4,9,20,8,1.67,8,4,+4,+0.53,+0.84,9.0,7.5,+1.5,+0.19,+0.05,ar ARG,"DF,MF",Tigre,Primera Division Argentina,23,1999,7.6,1,0,0,15,4,1,31,5,5,0,0,0,62,4,9,30.8
Nicolás Garayalde,ar ARG,MF,Vélez Sarsfield,Primera Division Argentina,23,1999,7,5,445,4.9,0,0,0,0,0,0,2,0,0.0,0.0,0.1,0.1,0,18,1,0.00,0.00,0.00,0.00,0.00,0.00,0.01,0.02,0.00,0.02,ar ARG,MF,Vélez Sarsfield,Primera Division Argentina,23,1999,4.9,0,1,1,100.0,0.20,0.20,0.00,0.00,32.1,0,0,0,0.0,0.0,0.02,0.0,0.0,ar ARG,MF,Vélez Sarsfield,Primera Division Argentina,23,1999,4.9,127,176,72.2,2053,818,64,79,81.0,51,66,77.3,9,15,60.0,0,0.1,0.1,-0.1,1,15,1,0,18,ar ARG,MF,Vélez Sarsfield,Primera Division Argentina,23,1999,4.9,176,169,6,6,1,0,0,0,0,0,0,0,127,1,5,ar ARG,MF,Vélez Sarsfield,Primera Division Argentina,23,1999,4.9,1,0.20,1,0,0,0,0,0,0,0.00,0,0,0,0,0,0,ar ARG,MF,Vélez Sarsfield,Primera Division Argentina,23,1999,4.9,13,10,5,7,1,10,25,40.0,15,12,2,10,12,25,6,0,ar ARG,MF,Vélez Sarsfield,Primera Division Argentina,23,1999,4.9,240,7,60,162,20,0,240,2,1,50.0,1,50.0,95,467,138,0,3,0,4,4,124,1,ar ARG,MF,Vélez Sarsfield,Primera Division Argentina,23,1999,7,445,64,18.3,4.9,5,82,1,2,17,1,1.57,4,3,+1,+0.20,+0.38,4.5,5.0,-0.5,-0.10,-0.07,ar ARG,MF,Vélez Sarsfield,Primera Division Argentina,23,1999,4.9,2,0,0,16,2,0,0,12,10,0,0,0,29,11,3,78.6
Facundo Garcés,ar ARG,DF,Colón,Primera Division Argentina,23,1999,26,26,"2,340",26.0,1,0,1,1,0,0,6,0,1.5,1.5,0.6,2.1,8,64,4,0.04,0.00,0.04,0.04,0.04,0.06,0.02,0.08,0.06,0.08,ar ARG,DF,Colón,Primera Division Argentina,23,1999,26.0,1,14,5,35.7,0.54,0.19,0.07,0.20,14.1,0,0,0,1.5,1.5,0.10,-0.5,-0.5,ar ARG,DF,Colón,Primera Division Argentina,23,1999,26.0,738,1001,73.7,13420,5700,308,365,84.4,342,422,81.0,75,175,42.9,0,0.6,0.5,-0.6,5,44,6,2,64,ar ARG,DF,Colón,Primera Division Argentina,23,1999,26.0,1001,958,37,23,1,4,5,14,0,0,0,0,738,6,16,ar ARG,DF,Colón,Primera Division Argentina,23,1999,26.0,13,0.50,10,0,0,3,0,0,0,0.00,0,0,0,0,0,0,ar ARG,DF,Colón,Primera Division Argentina,23,1999,26.0,60,36,35,25,0,33,52,63.5,19,44,17,27,31,91,110,0,ar ARG,DF,Colón,Primera Division Argentina,23,1999,26.0,1287,167,723,525,47,20,1287,6,4,66.7,2,33.3,644,3007,1468,8,8,0,9,4,624,4,ar ARG,DF,Colón,Primera Division Argentina,23,1999,26,"2,340",90,96.3,26.0,26,90,26,0,0,0,0.89,20,33,-13,-0.50,-0.50,25.1,35.9,-10.8,-0.42,+0.12,ar ARG,DF,Colón,Primera Division Argentina,23,1999,26.0,6,0,0,30,9,2,5,31,36,0,0,0,179,47,55,46.1
Joaquín García,ar ARG,DF,Vélez Sarsfield,Primera Division Argentina,21,2001,8,6,590,6.6,0,0,0,0,0,0,1,0,0.0,0.0,0.2,0.2,10,31,32,0.00,0.00,0.00,0.00,0.00,0.00,0.03,0.03,0.00,0.03,ar ARG,DF,Vélez Sarsfield,Primera Division Argentina,21,2001,6.6,0,0,0,0,0.00,0.00,0,0,0,0,0,0,0.0,0.0,0,0.0,0.0,ar ARG,DF,Vélez Sarsfield,Primera Division Argentina,21,2001,6.6,246,316,77.8,3869,1555,131,146,89.7,96,123,78.0,13,28,46.4,0,0.2,0.2,-0.2,5,17,2,2,31,ar ARG,DF,Vélez Sarsfield,Primera Division Argentina,21,2001,6.6,316,256,58,5,0,1,11,53,0,0,0,0,246,2,9,ar ARG,DF,Vélez Sarsfield,Primera Division Argentina,21,2001,6.6,11,1.68,8,3,0,0,0,0,0,0.00,0,0,0,0,0,0,ar ARG,DF,Vélez Sarsfield,Primera Division Argentina,21,2001,6.6,15,10,5,8,2,7,14,50.0,7,10,0,10,5,20,15,0,ar ARG,DF,Vélez Sarsfield,Primera Division Argentina,21,2001,6.6,386,11,90,198,100,8,386,14,9,64.3,4,28.6,169,866,401,10,7,1,8,3,187,32,ar ARG,DF,Vélez Sarsfield,Primera Division Argentina,21,2001,8,590,74,24.3,6.6,6,87,4,2,35,10,0.75,3,3,0,0.00,+0.15,3.9,5.1,-1.2,-0.19,-0.20,ar ARG,DF,Vélez Sarsfield,Primera Division Argentina,21,2001,6.6,1,0,0,9,3,0,11,5,10,0,1,0,40,9,14,39.1
Manuel García,ar ARG,"DF,MF",Sarmiento,Primera Division Argentina,23,1999,23,18,"1,643",18.3,0,1,1,0,0,0,6,1,0.1,0.1,0.5,0.5,9,58,12,0.00,0.05,0.05,0.00,0.05,0.00,0.03,0.03,0.00,0.03,ar ARG,"DF,MF",Sarmiento,Primera Division Argentina,23,1999,18.3,0,2,1,50.0,0.11,0.05,0.00,0.00,22.4,0,0,0,0.1,0.1,0.03,-0.1,-0.1,ar ARG,"DF,MF",Sarmiento,Primera Division Argentina,23,1999,18.3,371,534,69.5,7519,3287,141,170,82.9,155,208,74.5,65,127,51.2,1,0.5,0.5,+0.5,6,34,4,2,58,ar ARG,"DF,MF",Sarmiento,Primera Division Argentina,23,1999,18.3,534,508,25,15,1,12,7,10,0,0,0,0,371,1,12,ar ARG,"DF,MF",Sarmiento,Primera Division Argentina,23,1999,18.3,20,1.10,16,1,0,1,1,1,2,0.11,2,0,0,0,0,0,ar ARG,"DF,MF",Sarmiento,Primera Division Argentina,23,1999,18.3,46,28,27,17,2,17,42,40.5,25,33,13,20,23,69,67,0,ar ARG,"DF,MF",Sarmiento,Primera Division Argentina,23,1999,18.3,747,82,323,386,51,3,747,19,13,68.4,4,21.1,334,1718,900,9,2,0,17,11,318,12,ar ARG,"DF,MF",Sarmiento,Primera Division Argentina,23,1999,23,"1,643",71,67.6,18.3,18,84,15,5,25,3,1.22,16,14,+2,+0.11,+0.68,17.9,20.5,-2.6,-0.14,+0.44,ar ARG,"DF,MF",Sarmiento,Primera Division Argentina,23,1999,18.3,6,1,1,31,11,0,7,23,28,0,1,0,137,21,21,50.0
Matías García,ar ARG,MF,Belgrano,Primera Division Argentina,31,1991,10,9,735,8.2,1,0,1,1,0,0,3,0,0.6,0.6,0.8,1.4,17,43,47,0.12,0.00,0.12,0.12,0.12,0.07,0.10,0.18,0.07,0.18,ar ARG,MF,Belgrano,Primera Division Argentina,31,1991,8.2,1,10,5,50.0,1.22,0.61,0.10,0.20,20.5,1,0,0,0.6,0.6,0.06,+0.4,+0.4,ar ARG,MF,Belgrano,Primera Division Argentina,31,1991,8.2,267,375,71.2,5302,1596,111,139,79.9,97,122,79.5,52,88,59.1,0,0.8,1.1,-0.8,18,38,10,3,43,ar ARG,MF,Belgrano,Primera Division Argentina,31,1991,8.2,375,331,42,15,0,7,53,3,24,5,18,0,267,2,11,ar ARG,MF,Belgrano,Primera Division Argentina,31,1991,8.2,31,3.79,15,12,1,2,1,0,0,0.00,0,0,0,0,0,0,ar ARG,MF,Belgrano,Primera Division Argentina,31,1991,8.2,30,13,6,17,7,15,26,57.7,11,9,1,8,5,35,8,0,ar ARG,MF,Belgrano,Primera Division Argentina,31,1991,8.2,523,9,58,278,204,12,522,52,27,51.9,19,36.5,295,1643,631,17,22,1,32,24,328,47,ar ARG,MF,Belgrano,Primera Division Argentina,31,1991,10,735,74,30.2,8.2,9,81,3,1,6,0,1.80,9,4,+5,+0.61,+1.20,8.9,5.9,+3.1,+0.38,+0.92,ar ARG,MF,Belgrano,Primera Division Argentina,31,1991,8.2,3,0,0,14,16,0,53,5,13,0,0,0,68,11,15,42.3
Ignacio Gariglio,ar ARG,DF,Arsenal,Primera Division Argentina,24,1998,10,9,734,8.2,0,0,0,0,0,0,5,0,0.1,0.1,0.1,0.2,4,19,2,0.00,0.00,0.00,0.00,0.00,0.02,0.01,0.03,0.02,0.03,ar ARG,DF,Arsenal,Primera Division Argentina,24,1998,8.2,0,3,0,0.0,0.37,0.00,0.00,0,13.4,0,0,0,0.1,0.1,0.04,-0.1,-0.1,ar ARG,DF,Arsenal,Primera Division Argentina,24,1998,8.2,229,325,70.5,4749,2181,71,95,74.7,126,146,86.3,29,74,39.2,0,0.1,0.2,-0.1,2,10,1,0,19,ar ARG,DF,Arsenal,Primera Division Argentina,24,1998,8.2,325,312,13,13,0,6,2,0,0,0,0,0,229,0,9,ar ARG,DF,Arsenal,Primera Division Argentina,24,1998,8.2,5,0.61,3,0,0,2,0,0,1,0.12,1,0,0,0,0,0,ar ARG,DF,Arsenal,Primera Division Argentina,24,1998,8.2,19,10,14,4,1,9,15,60.0,6,8,4,4,13,32,45,0,ar ARG,DF,Arsenal,Primera Division Argentina,24,1998,8.2,429,70,264,153,16,13,429,5,3,60.0,1,20.0,176,1058,724,4,2,1,6,2,222,2,ar ARG,DF,Arsenal,Primera Division Argentina,24,1998,10,734,73,30.2,8.2,9,81,7,1,1,10,0.80,2,12,-10,-1.23,-0.91,4.0,11.1,-7.1,-0.87,-0.63,ar ARG,DF,Arsenal,Primera Division Argentina,24,1998,8.2,5,0,0,12,2,0,2,13,10,0,0,0,38,15,16,48.4
Yamil Garnier,ar ARG,MF,Sarmiento,Primera Division Argentina,40,1982,1,0,4,0.0,0,0,0,0,0,0,0,0,0.0,0.0,0.0,0.0,0,1,0,0.00,0.00,0.00,0.00,0.00,0.00,0.00,0.00,0.00,0.00,ar ARG,MF,Sarmiento,Primera Division Argentina,40,1982,0.0,0,0,0,0,0.00,0.00,0,0,0,0,0,0,0.0,0.0,0,0.0,0.0,ar ARG,MF,Sarmiento,Primera Division Argentina,40,1982,0.0,3,4,75.0,63,12,1,1,100.0,2,3,66.7,0,0,0,0,0.0,0.0,0.0,0,0,0,0,1,ar ARG,MF,Sarmiento,Primera Division Argentina,40,1982,0.0,4,4,0,0,0,0,0,0,0,0,0,0,3,0,0,ar ARG,MF,Sarmiento,Primera Division Argentina,40,1982,0.0,0,0.00,0,0,0,0,0,0,0,0.00,0,0,0,0,0,0,ar ARG,MF,Sarmiento,Primera Division Argentina,40,1982,0.0,1,0,1,0,0,0,0,0,0,0,0,0,0,1,1,0,ar ARG,MF,Sarmiento,Primera Division Argentina,40,1982,0.0,6,1,3,3,0,0,6,0,0,0,0,0,4,30,6,0,0,0,0,0,4,0,ar ARG,MF,Sarmiento,Primera Division Argentina,40,1982,1,4,4,0.2,0.0,0,0,0,1,4,19,3.00,0,0,0,0.00,+0.11,0.2,0.2,0.0,-0.12,+0.16,ar ARG,MF,Sarmiento,Primera Division Argentina,40,1982,0.0,0,0,0,0,1,0,0,0,0,0,0,0,0,0,0,0
Oscar Garrido,ar ARG,"MF,FW",Instituto,Primera Division Argentina,25,1997,9,0,214,2.4,0,0,0,0,0,0,0,0,0.0,0.0,0.4,0.4,5,13,7,0.00,0.00,0.00,0.00,0.00,0.02,0.15,0.16,0.02,0.16,ar ARG,"MF,FW",Instituto,Primera Division Argentina,25,1997,2.4,0,2,0,0.0,0.84,0.00,0.00,0,30.0,0,0,0,0.0,0.0,0.02,0.0,0.0,ar ARG,"MF,FW",Instituto,Primera Division Argentina,25,1997,2.4,69,103,67.0,1123,538,38,48,79.2,22,28,78.6,7,16,43.8,0,0.4,0.1,-0.4,3,16,2,0,13,ar ARG,"MF,FW",Instituto,Primera Division Argentina,25,1997,2.4,103,98,5,4,0,1,4,0,1,0,1,0,69,0,7,ar ARG,"MF,FW",Instituto,Primera Division Argentina,25,1997,2.4,5,2.09,3,1,1,0,0,0,1,0.42,1,0,0,0,0,0,ar ARG,"MF,FW",Instituto,Primera Division Argentina,25,1997,2.4,8,3,2,6,0,3,6,50.0,3,5,1,4,3,11,1,0,ar ARG,"MF,FW",Instituto,Primera Division Argentina,25,1997,2.4,137,0,25,81,32,6,137,12,3,25.0,7,58.3,66,341,164,5,2,1,6,1,80,7,ar ARG,"MF,FW",Instituto,Primera Division Argentina,25,1997,9,214,24,8.8,2.4,0,0,0,9,24,14,1.44,2,6,-4,-1.68,-1.40,2.6,4.6,-2.0,-0.82,-1.06,ar ARG,"MF,FW",Instituto,Primera Division Argentina,25,1997,2.4,0,0,0,6,2,0,4,3,3,0,0,0,13,5,5,50.0
Rodrigo Garro,ar ARG,MF,Talleres,Primera Division Argentina,25,1998,27,26,"2,079",23.1,5,6,11,5,0,0,3,0,2.3,2.3,8.0,10.3,50,159,98,0.22,0.26,0.48,0.22,0.48,0.10,0.35,0.45,0.10,0.45,ar ARG,MF,Talleres,Primera Division Argentina,25,1998,23.1,5,48,14,29.2,2.08,0.61,0.10,0.36,25.8,12,0,0,2.3,2.3,0.05,+2.7,+2.7,ar ARG,MF,Talleres,Primera Division Argentina,25,1998,23.1,840,1186,70.8,16581,5691,358,424,84.4,300,394,76.1,156,280,55.7,6,8.0,4.9,-2.0,68,120,41,3,159,ar ARG,MF,Talleres,Primera Division Argentina,25,1998,23.1,1186,1010,167,56,19,21,127,8,95,21,36,22,840,9,31,ar ARG,MF,Talleres,Primera Division Argentina,25,1998,23.1,129,5.59,70,38,4,4,10,3,15,0.65,9,3,0,2,0,1,ar ARG,MF,Talleres,Primera Division Argentina,25,1998,23.1,27,17,7,16,4,11,45,24.4,34,19,0,19,15,42,5,0,ar ARG,MF,Talleres,Primera Division Argentina,25,1998,23.1,1446,12,101,898,474,32,1446,82,44,53.7,26,31.7,864,4454,2023,50,34,8,54,31,1013,98,ar ARG,MF,Talleres,Primera Division Argentina,25,1998,27,"2,079",77,85.6,23.1,26,79,5,1,37,0,1.85,39,19,+20,+0.87,+1.12,37.6,23.4,+14.2,+0.61,+0.21,ar ARG,MF,Talleres,Primera Division Argentina,25,1998,23.1,3,0,0,23,80,1,127,15,17,0,1,0,147,15,25,37.5
Federico Gattoni,ar ARG,DF,San Lorenzo,Primera Division Argentina,23,1999,19,19,"1,710",19.0,1,1,2,1,0,0,4,0,2.5,2.5,0.7,3.2,5,31,2,0.05,0.05,0.11,0.05,0.11,0.13,0.04,0.17,0.13,0.17,ar ARG,DF,San Lorenzo,Primera Division Argentina,23,1999,19.0,1,17,5,29.4,0.89,0.26,0.06,0.20,10.6,0,0,0,2.5,2.5,0.14,-1.5,-1.5,ar ARG,DF,San Lorenzo,Primera Division Argentina,23,1999,19.0,666,754,88.3,12749,5453,220,237,92.8,375,408,91.9,64,88,72.7,1,0.7,0.1,+0.3,3,20,0,0,31,ar ARG,DF,San Lorenzo,Primera Division Argentina,23,1999,19.0,754,738,14,14,0,2,1,0,0,0,0,0,666,2,4,ar ARG,DF,San Lorenzo,Primera Division Argentina,23,1999,19.0,9,0.47,7,0,0,1,1,0,3,0.16,2,0,0,0,1,0,ar ARG,DF,San Lorenzo,Primera Division Argentina,23,1999,19.0,22,8,16,6,0,9,16,56.3,7,18,8,10,14,36,65,1,ar ARG,DF,San Lorenzo,Primera Division Argentina,23,1999,19.0,911,104,509,380,27,22,911,5,2,40.0,3,60.0,533,2422,1213,5,1,0,6,4,570,2,ar ARG,DF,San Lorenzo,Primera Division Argentina,23,1999,19,"1,710",90,70.4,19.0,19,90,19,0,0,0,1.84,18,6,+12,+0.63,+0.88,19.0,13.6,+5.4,+0.28,+0.13,ar ARG,DF,San Lorenzo,Primera Division Argentina,23,1999,19.0,4,0,0,13,11,0,1,14,8,1,0,0,118,37,29,56.1
Juan Gauto,ar ARG,"MF,FW",Huracán,Primera Division Argentina,18,2004,23,18,"1,654",18.4,1,4,5,1,0,0,1,0,1.3,1.3,2.4,3.7,71,63,157,0.05,0.22,0.27,0.05,0.27,0.07,0.13,0.20,0.07,0.20,ar ARG,"MF,FW",Huracán,Primera Division Argentina,18,2004,18.4,1,30,8,26.7,1.63,0.44,0.03,0.13,22.3,6,0,0,1.3,1.3,0.04,-0.3,-0.3,ar ARG,"MF,FW",Huracán,Primera Division Argentina,18,2004,18.4,422,642,65.7,7022,2029,226,275,82.2,134,207,64.7,51,102,50.0,4,2.4,3.0,+1.6,31,29,30,13,63,ar ARG,"MF,FW",Huracán,Primera Division Argentina,18,2004,18.4,642,557,80,28,3,5,122,8,35,4,30,0,422,5,32,ar ARG,"MF,FW",Huracán,Primera Division Argentina,18,2004,18.4,68,3.70,33,16,10,4,3,2,8,0.44,3,1,2,0,0,2,ar ARG,"MF,FW",Huracán,Primera Division Argentina,18,2004,18.4,25,18,10,10,5,12,33,36.4,21,16,0,16,8,33,4,0,ar ARG,"MF,FW",Huracán,Primera Division Argentina,18,2004,18.4,868,4,63,357,464,35,868,96,44,45.8,43,44.8,517,3856,1777,71,37,17,60,26,544,157,ar ARG,"MF,FW",Huracán,Primera Division Argentina,18,2004,23,"1,654",72,68.1,18.4,18,86,9,5,22,1,1.00,9,22,-13,-0.71,-0.94,15.1,17.0,-1.9,-0.10,-0.39,ar ARG,"MF,FW",Huracán,Primera Division Argentina,18,2004,18.4,1,0,0,13,22,3,122,8,18,0,0,0,98,6,14,30.0
Nahuel Génez,ar ARG,DF,Boca Juniors,Primera Division Argentina,19,2003,1,1,90,1.0,0,0,0,0,0,0,0,0,0.0,0.0,0.0,0.0,3,3,8,0.00,0.00,0.00,0.00,0.00,0.00,0.00,0.00,0.00,0.00,ar ARG,DF,Boca Juniors,Primera Division Argentina,19,2003,1.0,0,0,0,0,0.00,0.00,0,0,0,0,0,0,0.0,0.0,0,0.0,0.0,ar ARG,DF,Boca Juniors,Primera Division Argentina,19,2003,1.0,49,61,80.3,711,150,34,37,91.9,13,17,76.5,2,5,40.0,0,0.0,0.0,0.0,0,1,0,0,3,ar ARG,DF,Boca Juniors,Primera Division Argentina,19,2003,1.0,61,55,6,0,0,0,5,6,0,0,0,0,49,0,0,ar ARG,DF,Boca Juniors,Primera Division Argentina,19,2003,1.0,1,1.00,0,0,1,0,0,0,0,0.00,0,0,0,0,0,0,ar ARG,DF,Boca Juniors,Primera Division Argentina,19,2003,1.0,1,1,1,0,0,1,2,50.0,1,1,0,1,0,1,1,0,ar ARG,DF,Boca Juniors,Primera Division Argentina,19,2003,1.0,70,1,16,37,17,0,70,5,2,40.0,3,60.0,50,289,130,3,2,0,0,0,52,8,ar ARG,DF,Boca Juniors,Primera Division Argentina,19,2003,1,90,90,3.7,1.0,1,90,1,0,0,6,0.00,0,4,-4,-4.00,-4.50,0.3,2.9,-2.6,-2.63,-2.78,ar ARG,DF,Boca Juniors,Primera Division Argentina,19,2003,1.0,0,0,0,0,0,0,5,0,1,0,0,0,1,0,3,0.0
Francisco Gerometta,ar ARG,"DF,MF",Unión,Primera Division Argentina,23,1999,16,3,516,5.7,0,0,0,0,0,0,1,0,0.3,0.3,0.7,1.0,17,17,19,0.00,0.00,0.00,0.00,0.00,0.06,0.12,0.18,0.06,0.18,ar ARG,"DF,MF",Unión,Primera Division Argentina,23,1999,5.7,0,4,1,25.0,0.70,0.17,0.00,0.00,20.5,0,0,0,0.3,0.3,0.09,-0.3,-0.3,ar ARG,"DF,MF",Unión,Primera Division Argentina,23,1999,5.7,175,280,62.5,3259,1700,71,89,79.8,79,116,68.1,23,58,39.7,0,0.7,0.2,-0.7,7,15,6,4,17,ar ARG,"DF,MF",Unión,Primera Division Argentina,23,1999,5.7,280,218,61,5,0,0,31,56,0,0,0,0,175,1,9,ar ARG,"DF,MF",Unión,Primera Division Argentina,23,1999,5.7,11,1.91,6,3,1,1,0,0,1,0.17,0,1,0,0,0,0,ar ARG,"DF,MF",Unión,Primera Division Argentina,23,1999,5.7,21,14,15,5,1,12,22,54.5,10,7,1,6,5,26,22,0,ar ARG,"DF,MF",Unión,Primera Division Argentina,23,1999,5.7,351,22,111,156,90,7,351,12,9,75.0,3,25.0,163,1063,509,17,6,1,6,2,161,19,ar ARG,"DF,MF",Unión,Primera Division Argentina,23,1999,16,516,32,21.2,5.7,3,90,3,13,19,9,1.13,5,8,-3,-0.52,-0.38,5.9,9.1,-3.2,-0.56,-0.41,ar ARG,"DF,MF",Unión,Primera Division Argentina,23,1999,5.7,1,0,0,6,4,0,31,5,14,0,0,0,49,8,9,47.1
Pablo Gerzel,ar ARG,MF,Sarmiento,Primera Division Argentina,23,2000,1,0,6,0.1,0,0,0,0,0,0,0,0,0.0,0.0,0.0,0.0,0,1,1,0.00,0.00,0.00,0.00,0.00,0.00,0.37,0.37,0.00,0.37,ar ARG,MF,Sarmiento,Primera Division Argentina,23,2000,0.1,0,0,0,0,0.00,0.00,0,0,0,0,0,0,0.0,0.0,0,0.0,0.0,ar ARG,MF,Sarmiento,Primera Division Argentina,23,2000,0.1,5,5,100.0,95,30,2,2,100.0,1,1,100.0,1,1,100.0,0,0.0,0.0,0.0,1,1,0,0,1,ar ARG,MF,Sarmiento,Primera Division Argentina,23,2000,0.1,5,4,1,0,0,0,1,0,1,0,1,0,5,0,0,ar ARG,MF,Sarmiento,Primera Division Argentina,23,2000,0.1,1,15.00,0,1,0,0,0,0,0,0.00,0,0,0,0,0,0,ar ARG,MF,Sarmiento,Primera Division Argentina,23,2000,0.1,0,0,0,0,0,0,0,0,0,0,0,0,0,0,0,0,ar ARG,MF,Sarmiento,Primera Division Argentina,23,2000,0.1,5,0,0,3,2,0,5,1,0,0.0,0,0.0,3,23,10,0,0,0,0,0,4,1,ar ARG,MF,Sarmiento,Primera Division Argentina,23,2000,1,6,6,0.2,0.1,0,0,0,1,6,10,0.00,0,0,0,0.00,+0.11,0.1,0.0,+0.1,+1.07,+1.36,ar ARG,MF,Sarmiento,Primera Division Argentina,23,2000,0.1,0,0,0,0,0,0,1,0,0,0,0,0,0,0,2,0.0
Joaquín Gho,ar ARG,MF,Sarmiento,Primera Division Argentina,19,2003,2,0,27,0.3,0,0,0,0,0,0,0,0,0.0,0.0,0.0,0.0,0,1,2,0.00,0.00,0.00,0.00,0.00,0.06,0.00,0.06,0.06,0.06,ar ARG,MF,Sarmiento,Primera Division Argentina,19,2003,0.3,0,1,0,0.0,3.33,0.00,0.00,0,24.7,0,0,0,0.0,0.0,0.02,0.0,0.0,ar ARG,MF,Sarmiento,Primera Division Argentina,19,2003,0.3,11,18,61.1,170,121,7,7,100.0,3,8,37.5,1,2,50.0,0,0.0,0.2,0.0,0,1,0,0,1,ar ARG,MF,Sarmiento,Primera Division Argentina,19,2003,0.3,18,14,4,0,0,0,3,3,1,0,1,0,11,0,0,ar ARG,MF,Sarmiento,Primera Division Argentina,19,2003,0.3,0,0.00,0,0,0,0,0,0,0,0.00,0,0,0,0,0,0,ar ARG,MF,Sarmiento,Primera Division Argentina,19,2003,0.3,0,0,0,0,0,0,2,0.0,2,1,0,1,0,0,1,0,ar ARG,MF,Sarmiento,Primera Division Argentina,19,2003,0.3,21,1,5,8,9,2,21,1,1,100.0,0,0.0,10,56,16,0,2,0,1,0,8,2,ar ARG,MF,Sarmiento,Primera Division Argentina,19,2003,2,27,14,1.1,0.3,0,0,0,2,14,8,0.50,0,0,0,0.00,+0.11,0.1,0.2,-0.1,-0.33,-0.05,ar ARG,MF,Sarmiento,Primera Division Argentina,19,2003,0.3,0,0,0,1,0,0,3,0,0,0,0,0,6,0,2,0.0
Laurtaro Giaccone,ar ARG,"FW,MF",Rosario Central,Primera Division Argentina,21,2001,19,12,"1,121",12.5,4,4,8,4,0,0,1,0,2.4,2.4,2.8,5.2,54,45,70,0.32,0.32,0.64,0.32,0.64,0.19,0.22,0.42,0.19,0.42,ar ARG,"FW,MF",Rosario Central,Primera Division Argentina,21,2001,12.5,4,27,9,33.3,2.17,0.72,0.15,0.44,20.0,0,0,0,2.4,2.4,0.09,+1.6,+1.6,ar ARG,"FW,MF",Rosario Central,Primera Division Argentina,21,2001,12.5,254,346,73.4,4674,1331,119,144,82.6,86,113,76.1,37,57,64.9,4,2.8,2.2,+1.2,20,35,13,6,45,ar ARG,"FW,MF",Rosario Central,Primera Division Argentina,21,2001,12.5,346,339,5,2,5,9,20,3,0,0,0,0,254,2,14,ar ARG,"FW,MF",Rosario Central,Primera Division Argentina,21,2001,12.5,44,3.53,32,0,9,3,0,0,8,0.64,6,0,2,0,0,0,ar ARG,"FW,MF",Rosario Central,Primera Division Argentina,21,2001,12.5,12,9,6,2,4,6,27,22.2,21,17,4,13,6,18,14,0,ar ARG,"FW,MF",Rosario Central,Primera Division Argentina,21,2001,12.5,517,18,78,255,201,29,517,74,40,54.1,27,36.5,349,3152,1606,54,31,15,25,15,357,70,ar ARG,"FW,MF",Rosario Central,Primera Division Argentina,21,2001,19,"1,121",59,46.1,12.5,12,77,3,7,27,4,1.47,20,10,+10,+0.80,+1.01,15.3,13.9,+1.4,+0.11,+0.26,ar ARG,"FW,MF",Rosario Central,Primera Division Argentina,21,2001,12.5,1,0,0,5,17,0,20,6,9,0,0,0,77,5,7,41.7
Lautaro Gianetti,ar ARG,DF,Vélez Sarsfield,Primera Division Argentina,29,1993,19,19,"1,710",19.0,1,1,2,1,0,0,5,0,0.6,0.6,0.2,0.8,11,45,1,0.05,0.05,0.11,0.05,0.11,0.03,0.01,0.04,0.03,0.04,ar ARG,DF,Vélez Sarsfield,Primera Division Argentina,29,1993,19.0,1,5,3,60.0,0.26,0.16,0.20,0.33,10.4,0,0,0,0.6,0.6,0.12,+0.4,+0.4,ar ARG,DF,Vélez Sarsfield,Primera Division Argentina,29,1993,19.0,680,845,80.5,13713,5252,212,258,82.2,373,428,87.1,91,142,64.1,1,0.2,1.0,+0.8,3,22,1,0,45,ar ARG,DF,Vélez Sarsfield,Primera Division Argentina,29,1993,19.0,845,803,41,40,1,7,0,0,0,0,0,0,680,1,3,ar ARG,DF,Vélez Sarsfield,Primera Division Argentina,29,1993,19.0,8,0.42,8,0,0,0,0,0,1,0.05,1,0,0,0,0,0,ar ARG,DF,Vélez Sarsfield,Primera Division Argentina,29,1993,19.0,34,22,27,7,0,19,29,65.5,10,27,16,11,45,79,97,0,ar ARG,DF,Vélez Sarsfield,Primera Division Argentina,29,1993,19.0,1076,123,597,462,22,17,1076,5,5,100.0,0,0.0,525,2644,1503,11,4,0,8,1,549,1,ar ARG,DF,Vélez Sarsfield,Primera Division Argentina,29,1993,19,"1,710",90,70.4,19.0,19,90,19,0,0,5,1.00,16,20,-4,-0.21,-0.34,14.6,18.6,-4.0,-0.21,-0.58,ar ARG,DF,Vélez Sarsfield,Primera Division Argentina,29,1993,19.0,5,0,0,13,5,1,0,45,22,0,0,0,129,73,23,76.0
Justo Giani,ar ARG,"MF,FW",Newell's OB,Primera Division Argentina,23,1999,5,1,113,1.3,0,0,0,0,0,0,1,0,0.4,0.4,0.0,0.5,4,3,10,0.00,0.00,0.00,0.00,0.00,0.34,0.02,0.36,0.34,0.36,ar ARG,"MF,FW",Newell's OB,Primera Division Argentina,23,1999,1.3,0,5,2,40.0,3.98,1.59,0.00,0.00,20.8,0,0,0,0.4,0.4,0.09,-0.4,-0.4,ar ARG,"MF,FW",Newell's OB,Primera Division Argentina,23,1999,1.3,28,46,60.9,395,152,16,22,72.7,10,18,55.6,1,1,100.0,0,0.0,0.0,0.0,1,1,2,1,3,ar ARG,"MF,FW",Newell's OB,Primera Division Argentina,23,1999,1.3,46,37,9,1,1,1,2,8,0,0,0,0,28,0,3,ar ARG,"MF,FW",Newell's OB,Primera Division Argentina,23,1999,1.3,1,0.80,1,0,0,0,0,0,0,0.00,0,0,0,0,0,0,ar ARG,"MF,FW",Newell's OB,Primera Division Argentina,23,1999,1.3,2,2,2,0,0,1,2,50.0,1,0,0,0,0,2,3,0,ar ARG,"MF,FW",Newell's OB,Primera Division Argentina,23,1999,1.3,67,3,12,30,27,5,67,3,1,33.3,1,33.3,42,214,118,4,3,1,7,4,42,10,ar ARG,"MF,FW",Newell's OB,Primera Division Argentina,23,1999,5,113,23,4.7,1.3,1,69,0,4,11,14,1.40,0,0,0,0.00,0.00,0.7,1.3,-0.7,-0.55,-0.53,ar ARG,"MF,FW",Newell's OB,Primera Division Argentina,23,1999,1.3,1,0,0,1,4,0,2,0,2,0,0,0,7,2,2,50.0
Agustín Giay,ar ARG,"DF,MF",San Lorenzo,Primera Division Argentina,19,2004,14,14,976,10.8,0,0,0,0,0,0,2,1,0.4,0.4,0.6,1.0,26,32,29,0.00,0.00,0.00,0.00,0.00,0.03,0.06,0.09,0.03,0.09,ar ARG,"DF,MF",San Lorenzo,Primera Division Argentina,19,2004,10.8,0,7,2,28.6,0.65,0.18,0.00,0.00,21.3,0,0,0,0.4,0.4,0.05,-0.4,-0.4,ar ARG,"DF,MF",San Lorenzo,Primera Division Argentina,19,2004,10.8,349,466,74.9,5572,2376,175,205,85.4,144,180,80.0,20,44,45.5,0,0.6,0.5,-0.6,10,30,5,3,32,ar ARG,"DF,MF",San Lorenzo,Primera Division Argentina,19,2004,10.8,466,359,103,4,0,0,28,99,0,0,0,0,349,4,15,ar ARG,"DF,MF",San Lorenzo,Primera Division Argentina,19,2004,10.8,16,1.48,13,0,2,0,1,0,0,0.00,0,0,0,0,0,0,ar ARG,"DF,MF",San Lorenzo,Primera Division Argentina,19,2004,10.8,19,12,11,7,1,13,27,48.1,14,8,1,7,7,26,14,0,ar ARG,"DF,MF",San Lorenzo,Primera Division Argentina,19,2004,10.8,557,18,141,271,152,15,557,35,18,51.4,14,40.0,284,1713,1035,26,15,2,7,3,303,29,ar ARG,"DF,MF",San Lorenzo,Primera Division Argentina,19,2004,14,976,70,40.2,10.8,14,70,4,0,0,1,1.47,6,6,0,0.00,-0.62,10.1,6.6,+3.5,+0.32,+0.13,ar ARG,"DF,MF",San Lorenzo,Primera Division Argentina,19,2004,10.8,2,1,0,15,23,0,28,7,12,0,0,0,68,6,6,50.0
Matías Giménez,ar ARG,"FW,MF",Independiente,Primera Division Argentina,23,1999,26,18,"1,655",18.4,4,2,6,3,1,1,4,0,5.6,4.8,2.1,6.8,28,50,124,0.22,0.11,0.33,0.16,0.27,0.30,0.11,0.41,0.26,0.37,ar ARG,"FW,MF",Independiente,Primera Division Argentina,23,1999,18.4,4,40,13,32.5,2.18,0.71,0.08,0.23,14.9,0,1,1,5.6,4.8,0.13,-1.6,-1.8,ar ARG,"FW,MF",Independiente,Primera Division Argentina,23,1999,18.4,300,467,64.2,4155,857,190,261,72.8,84,121,69.4,13,31,41.9,2,2.1,1.6,-0.1,24,22,22,0,50,ar ARG,"FW,MF",Independiente,Primera Division Argentina,23,1999,18.4,467,452,9,1,2,1,17,3,0,0,0,0,300,6,21,ar ARG,"FW,MF",Independiente,Primera Division Argentina,23,1999,18.4,55,2.99,37,0,5,7,6,0,4,0.22,3,0,0,0,1,0,ar ARG,"FW,MF",Independiente,Primera Division Argentina,23,1999,18.4,13,8,1,6,6,6,11,54.5,5,21,1,20,6,19,20,0,ar ARG,"FW,MF",Independiente,Primera Division Argentina,23,1999,18.4,727,23,48,334,354,73,726,51,32,62.7,17,33.3,451,2274,826,28,25,10,79,50,548,124,ar ARG,"FW,MF",Independiente,Primera Division Argentina,23,1999,26,"1,655",64,68.1,18.4,18,83,9,8,19,1,1.04,21,23,-2,-0.11,+0.70,23.2,18.4,+4.8,+0.26,+0.90,ar ARG,"FW,MF",Independiente,Primera Division Argentina,23,1999,18.4,4,0,0,29,33,4,17,6,8,1,0,0,75,48,118,28.9
Milton Giménez,ar ARG,FW,Banfield,Primera Division Argentina,26,1996,23,17,"1,545",17.2,5,2,7,4,1,1,4,0,5.7,5.0,1.2,6.2,15,16,77,0.29,0.12,0.41,0.23,0.35,0.33,0.07,0.40,0.29,0.36,ar ARG,FW,Banfield,Primera Division Argentina,26,1996,17.2,5,46,14,30.4,2.68,0.82,0.09,0.29,16.7,0,1,1,5.7,5.0,0.11,-0.7,-1.0,ar ARG,FW,Banfield,Primera Division Argentina,26,1996,17.2,181,304,59.5,2960,448,94,150,62.7,60,95,63.2,17,27,63.0,2,1.2,1.2,+0.8,16,14,8,2,16,ar ARG,FW,Banfield,Primera Division Argentina,26,1996,17.2,304,272,31,3,3,4,14,3,0,0,0,0,181,1,11,ar ARG,FW,Banfield,Primera Division Argentina,26,1996,17.2,37,2.15,20,1,5,3,5,3,3,0.17,0,0,0,0,1,2,ar ARG,FW,Banfield,Primera Division Argentina,26,1996,17.2,36,27,3,24,9,9,24,37.5,15,26,2,24,3,39,13,0,ar ARG,FW,Banfield,Primera Division Argentina,26,1996,17.2,557,15,28,255,283,68,556,38,19,50.0,16,42.1,267,1244,422,15,14,4,75,28,340,77,ar ARG,FW,Banfield,Primera Division Argentina,26,1996,23,"1,545",67,63.6,17.2,17,80,6,6,30,1,1.09,16,24,-8,-0.47,-0.16,19.4,18.9,+0.5,+0.03,+0.02,ar ARG,FW,Banfield,Primera Division Argentina,26,1996,17.2,4,0,0,32,23,10,14,3,27,1,0,0,50,50,86,36.8
Federico Girotti,ar ARG,DF,Talleres,Primera Division Argentina,23,1999,1,0,5,0.1,0,0,0,0,0,0,0,0,0.0,0.0,0.0,0.0,0,0,0,0.00,0.00,0.00,0.00,0.00,0.00,0.00,0.00,0.00,0.00,ar ARG,DF,Talleres,Primera Division Argentina,23,1999,0.1,0,0,0,0,0.00,0.00,0,0,0,0,0,0,0.0,0.0,0,0.0,0.0,ar ARG,DF,Talleres,Primera Division Argentina,23,1999,0.1,0,2,0.0,0,0,0,0,0,0,2,0.0,0,0,0,0,0.0,0.0,0.0,0,0,0,0,0,ar ARG,DF,Talleres,Primera Division Argentina,23,1999,0.1,2,2,0,0,0,0,0,0,0,0,0,0,0,0,0,ar ARG,DF,Talleres,Primera Division Argentina,23,1999,0.1,0,0.00,0,0,0,0,0,0,0,0.00,0,0,0,0,0,0,ar ARG,DF,Talleres,Primera Division Argentina,23,1999,0.1,0,0,0,0,0,0,0,0,0,0,0,0,0,0,0,0,ar ARG,DF,Talleres,Primera Division Argentina,23,1999,0.1,2,0,0,2,0,0,2,0,0,0,0,0,0,0,0,0,0,0,0,0,2,0,ar ARG,DF,Talleres,Primera Division Argentina,23,1999,1,5,5,0.2,0.1,0,0,0,1,5,1,0.00,0,0,0,0.00,-0.71,0.1,0.3,-0.1,-2.65,-3.24,ar ARG,DF,Talleres,Primera Division Argentina,23,1999,0.1,0,0,0,0,0,0,0,0,0,0,0,0,0,2,0,100.0
Ian Glavinovich,ar ARG,DF,Newell's OB,Primera Division Argentina,21,2001,1,1,90,1.0,0,0,0,0,0,0,0,0,0.0,0.0,0.0,0.0,0,1,0,0.00,0.00,0.00,0.00,0.00,0.00,0.00,0.00,0.00,0.00,ar ARG,DF,Newell's OB,Primera Division Argentina,21,2001,1.0,0,0,0,0,0.00,0.00,0,0,0,0,0,0,0.0,0.0,0,0.0,0.0,ar ARG,DF,Newell's OB,Primera Division Argentina,21,2001,1.0,59,69,85.5,1115,402,14,17,82.4,41,42,97.6,4,10,40.0,0,0.0,0.0,0.0,0,0,0,0,1,ar ARG,DF,Newell's OB,Primera Division Argentina,21,2001,1.0,69,69,0,0,0,0,0,0,0,0,0,0,59,0,0,ar ARG,DF,Newell's OB,Primera Division Argentina,21,2001,1.0,2,2.00,2,0,0,0,0,0,0,0.00,0,0,0,0,0,0,ar ARG,DF,Newell's OB,Primera Division Argentina,21,2001,1.0,1,0,0,1,0,1,1,100.0,0,4,3,1,1,2,5,0,ar ARG,DF,Newell's OB,Primera Division Argentina,21,2001,1.0,79,8,42,36,1,1,79,0,0,0,0,0,55,359,147,0,0,0,0,0,55,0,ar ARG,DF,Newell's OB,Primera Division Argentina,21,2001,1,90,90,3.7,1.0,1,90,1,0,0,0,1.00,1,1,0,0.00,0.00,2.1,0.4,+1.7,+1.73,+1.85,ar ARG,DF,Newell's OB,Primera Division Argentina,21,2001,1.0,0,0,0,0,0,0,0,1,0,0,0,0,9,0,0,0
Diego Godín,uy URU,DF,Vélez Sarsfield,Primera Division Argentina,36,1986,13,13,"1,153",12.8,0,0,0,0,0,0,3,0,0.5,0.5,0.1,0.6,4,33,4,0.00,0.00,0.00,0.00,0.00,0.04,0.01,0.05,0.04,0.05,uy URU,DF,Vélez Sarsfield,Primera Division Argentina,36,1986,12.8,0,10,3,30.0,0.78,0.23,0.00,0.00,15.5,0,0,0,0.5,0.5,0.05,-0.5,-0.5,uy URU,DF,Vélez Sarsfield,Primera Division Argentina,36,1986,12.8,525,625,84.0,11220,4817,145,159,91.2,286,323,88.5,91,131,69.5,0,0.1,0.6,-0.1,1,29,0,0,33,uy URU,DF,Vélez Sarsfield,Primera Division Argentina,36,1986,12.8,625,600,24,22,0,0,1,2,0,0,0,0,525,1,5,uy URU,DF,Vélez Sarsfield,Primera Division Argentina,36,1986,12.8,2,0.16,2,0,0,0,0,0,0,0.00,0,0,0,0,0,0,uy URU,DF,Vélez Sarsfield,Primera Division Argentina,36,1986,12.8,25,17,20,4,1,10,14,71.4,4,13,10,3,28,53,49,0,uy URU,DF,Vélez Sarsfield,Primera Division Argentina,36,1986,12.8,768,108,433,309,29,17,768,11,10,90.9,1,9.1,407,1846,933,4,3,1,8,2,435,4,uy URU,DF,Vélez Sarsfield,Primera Division Argentina,36,1986,13,"1,153",89,47.4,12.8,13,89,11,0,0,1,0.69,13,14,-1,-0.08,+0.06,13.3,12.7,+0.6,+0.05,+0.16,uy URU,DF,Vélez Sarsfield,Primera Division Argentina,36,1986,12.8,3,0,0,10,11,2,1,28,17,0,0,1,108,22,16,57.9
Erik Godoy,ar ARG,DF,Belgrano,Primera Division Argentina,29,1993,15,15,"1,298",14.4,0,1,1,0,0,0,2,1,0.3,0.3,0.3,0.6,10,36,2,0.00,0.07,0.07,0.00,0.07,0.02,0.02,0.04,0.02,0.04,ar ARG,DF,Belgrano,Primera Division Argentina,29,1993,14.4,0,6,0,0.0,0.42,0.00,0.00,0,15.3,0,0,0,0.3,0.3,0.05,-0.3,-0.3,ar ARG,DF,Belgrano,Primera Division Argentina,29,1993,14.4,439,551,79.7,9659,3718,99,116,85.3,265,306,86.6,73,117,62.4,1,0.3,0.1,+0.7,3,28,0,0,36,ar ARG,DF,Belgrano,Primera Division Argentina,29,1993,14.4,551,529,21,18,0,5,1,3,0,0,0,0,439,1,1,ar ARG,DF,Belgrano,Primera Division Argentina,29,1993,14.4,9,0.62,6,0,0,3,0,0,3,0.21,1,0,0,2,0,0,ar ARG,DF,Belgrano,Primera Division Argentina,29,1993,14.4,11,9,5,5,1,8,11,72.7,3,18,10,8,18,29,61,0,ar ARG,DF,Belgrano,Primera Division Argentina,29,1993,14.4,670,102,348,308,17,9,670,1,0,0.0,1,100.0,346,1983,1347,10,4,0,1,1,376,2,ar ARG,DF,Belgrano,Primera Division Argentina,29,1993,15,"1,298",87,53.4,14.4,15,87,13,0,0,5,1.53,12,14,-2,-0.14,+0.18,11.9,16.1,-4.2,-0.29,-0.06,ar ARG,DF,Belgrano,Primera Division Argentina,29,1993,14.4,2,1,0,17,2,1,1,18,9,0,0,0,70,42,24,63.6
Fernando Godoy,ar ARG,MF,Huracán,Primera Division Argentina,32,1990,9,8,627,7.0,0,0,0,0,0,0,1,1,0.0,0.0,0.1,0.1,2,27,3,0.00,0.00,0.00,0.00,0.00,0.00,0.02,0.02,0.00,0.02,ar ARG,MF,Huracán,Primera Division Argentina,32,1990,7.0,0,0,0,0,0.00,0.00,0,0,0,0,0,0,0.0,0.0,0,0.0,0.0,ar ARG,MF,Huracán,Primera Division Argentina,32,1990,7.0,276,353,78.2,5327,1597,94,115,81.7,145,165,87.9,33,57,57.9,0,0.1,0.2,-0.1,2,19,3,2,27,ar ARG,MF,Huracán,Primera Division Argentina,32,1990,7.0,353,339,13,12,1,3,4,1,0,0,0,0,276,1,5,ar ARG,MF,Huracán,Primera Division Argentina,32,1990,7.0,7,1.00,6,0,0,0,1,0,0,0.00,0,0,0,0,0,0,ar ARG,MF,Huracán,Primera Division Argentina,32,1990,7.0,12,4,5,7,0,5,15,33.3,10,9,4,5,10,22,12,0,ar ARG,MF,Huracán,Primera Division Argentina,32,1990,7.0,421,19,117,279,28,1,421,2,2,100.0,0,0.0,204,769,268,2,3,0,9,3,230,3,ar ARG,MF,Huracán,Primera Division Argentina,32,1990,9,627,70,25.8,7.0,8,76,3,1,16,16,0.56,3,7,-4,-0.57,-0.22,7.4,6.3,+1.1,+0.15,+0.18,ar ARG,MF,Huracán,Primera Division Argentina,32,1990,7.0,1,1,0,17,3,0,4,10,4,0,0,0,62,11,12,47.8
Leonardo Godoy,ar ARG,"DF,FW",Estudiantes–LP,Primera Division Argentina,27,1995,22,21,"1,774",19.7,1,5,6,1,0,0,4,0,1.4,1.4,4.2,5.6,41,57,132,0.05,0.25,0.30,0.05,0.30,0.07,0.22,0.29,0.07,0.29,ar ARG,"DF,FW",Estudiantes–LP,Primera Division Argentina,27,1995,19.7,1,12,2,16.7,0.61,0.10,0.08,0.50,18.6,0,0,0,1.4,1.4,0.12,-0.4,-0.4,ar ARG,"DF,FW",Estudiantes–LP,Primera Division Argentina,27,1995,19.7,553,809,68.4,9827,4130,237,283,83.7,252,343,73.5,53,139,38.1,5,4.2,3.6,+0.8,22,32,17,13,57,ar ARG,"DF,FW",Estudiantes–LP,Primera Division Argentina,27,1995,19.7,809,623,186,1,2,3,73,185,0,0,0,0,553,0,24,ar ARG,"DF,FW",Estudiantes–LP,Primera Division Argentina,27,1995,19.7,51,2.59,32,10,4,0,5,0,8,0.41,6,1,1,0,0,0,ar ARG,"DF,FW",Estudiantes–LP,Primera Division Argentina,27,1995,19.7,19,15,12,5,2,13,26,50.0,13,16,2,14,16,35,30,1,ar ARG,"DF,FW",Estudiantes–LP,Primera Division Argentina,27,1995,19.7,1003,44,251,441,318,58,1003,51,17,33.3,27,52.9,484,2350,1288,41,15,13,39,6,549,132,ar ARG,"DF,FW",Estudiantes–LP,Primera Division Argentina,27,1995,22,"1,774",81,73.0,19.7,21,84,16,1,18,0,1.77,32,19,+13,+0.66,+0.93,25.3,16.5,+8.8,+0.45,+0.32,ar ARG,"DF,FW",Estudiantes–LP,Primera Division Argentina,27,1995,19.7,4,0,0,24,34,3,73,16,15,0,0,0,103,10,17,37.0
Matías Godoy,ar ARG,"MF,FW",Estudiantes–LP,Primera Division Argentina,21,2002,19,5,707,7.9,2,1,3,2,0,0,3,0,1.3,1.3,1.4,2.7,30,23,102,0.25,0.13,0.38,0.25,0.38,0.16,0.18,0.34,0.16,0.34,ar ARG,"MF,FW",Estudiantes–LP,Primera Division Argentina,21,2002,7.9,2,15,2,13.3,1.91,0.25,0.13,1.00,17.9,0,0,0,1.3,1.3,0.09,+0.7,+0.7,ar ARG,"MF,FW",Estudiantes–LP,Primera Division Argentina,21,2002,7.9,193,277,69.7,3103,743,102,126,81.0,65,90,72.2,18,33,54.5,1,1.4,1.5,-0.4,20,10,13,5,23,ar ARG,"MF,FW",Estudiantes–LP,Primera Division Argentina,21,2002,7.9,277,250,27,2,0,1,39,11,14,2,11,0,193,0,13,ar ARG,"MF,FW",Estudiantes–LP,Primera Division Argentina,21,2002,7.9,40,5.08,24,7,0,0,9,0,2,0.25,1,0,0,0,1,0,ar ARG,"MF,FW",Estudiantes–LP,Primera Division Argentina,21,2002,7.9,15,8,6,5,4,3,14,21.4,11,5,0,5,2,17,3,0,ar ARG,"MF,FW",Estudiantes–LP,Primera Division Argentina,21,2002,7.9,385,3,29,122,241,36,385,40,19,47.5,14,35.0,254,1743,726,30,17,10,31,6,277,102,ar ARG,"MF,FW",Estudiantes–LP,Primera Division Argentina,21,2002,19,707,37,29.1,7.9,5,71,2,14,25,6,1.58,9,10,-1,-0.13,-0.75,9.7,9.9,-0.1,-0.02,-0.53,ar ARG,"MF,FW",Estudiantes–LP,Primera Division Argentina,21,2002,7.9,3,0,0,11,24,5,39,2,8,0,0,0,25,5,11,31.3
Paolo Goltz,ar ARG,DF,Colón,Primera Division Argentina,37,1985,23,22,"2,001",22.2,0,0,0,0,0,0,3,0,0.9,0.9,0.3,1.2,0,26,8,0.00,0.00,0.00,0.00,0.00,0.04,0.01,0.05,0.04,0.05,ar ARG,DF,Colón,Primera Division Argentina,37,1985,22.2,0,17,7,41.2,0.76,0.31,0.00,0.00,15.2,1,0,0,0.9,0.9,0.05,-0.9,-0.9,ar ARG,DF,Colón,Primera Division Argentina,37,1985,22.2,735,944,77.9,15844,7071,205,247,83.0,385,433,88.9,140,241,58.1,0,0.3,0.3,-0.3,3,16,1,0,26,ar ARG,DF,Colón,Primera Division Argentina,37,1985,22.2,944,871,72,68,0,11,0,2,0,0,0,0,735,1,8,ar ARG,DF,Colón,Primera Division Argentina,37,1985,22.2,17,0.76,11,1,0,5,0,0,1,0.04,1,0,0,0,0,0,ar ARG,DF,Colón,Primera Division Argentina,37,1985,22.2,33,17,24,8,1,18,33,54.5,15,30,13,17,26,59,102,0,ar ARG,DF,Colón,Primera Division Argentina,37,1985,22.2,1196,188,752,407,48,31,1196,8,3,37.5,5,62.5,557,3029,1496,0,1,0,9,6,589,8,ar ARG,DF,Colón,Primera Division Argentina,37,1985,23,"2,001",87,82.3,22.2,22,89,21,1,45,0,0.71,15,27,-12,-0.54,-0.33,21.2,30.6,-9.4,-0.42,-0.01,ar ARG,DF,Colón,Primera Division Argentina,37,1985,22.2,3,0,0,15,9,1,0,26,17,0,1,1,138,65,57,53.3
Elías Gómez,ar ARG,"DF,FW",River Plate,Primera Division Argentina,28,1994,5,5,432,4.8,0,0,0,0,0,0,0,1,0.1,0.1,0.0,0.1,10,15,13,0.00,0.00,0.00,0.00,0.00,0.02,0.00,0.02,0.02,0.02,ar ARG,"DF,FW",River Plate,Primera Division Argentina,28,1994,4.8,0,2,1,50.0,0.42,0.21,0.00,0.00,24.9,0,0,0,0.1,0.1,0.03,-0.1,-0.1,ar ARG,"DF,FW",River Plate,Primera Division Argentina,28,1994,4.8,171,229,74.7,2567,998,91,106,85.8,47,59,79.7,17,34,50.0,0,0.0,0.3,0.0,0,10,4,4,15,ar ARG,"DF,FW",River Plate,Primera Division Argentina,28,1994,4.8,229,188,41,5,0,2,13,36,0,0,0,0,171,0,10,ar ARG,"DF,FW",River Plate,Primera Division Argentina,28,1994,4.8,4,0.98,2,0,1,1,0,0,1,0.25,1,0,0,0,0,0,ar ARG,"DF,FW",River Plate,Primera Division Argentina,28,1994,4.8,11,8,6,4,1,9,17,52.9,8,5,0,5,6,17,10,0,ar ARG,"DF,FW",River Plate,Primera Division Argentina,28,1994,4.8,274,12,85,117,74,7,274,7,3,42.9,4,57.1,148,779,455,10,6,3,6,5,155,13,ar ARG,"DF,FW",River Plate,Primera Division Argentina,28,1994,5,432,86,17.8,4.8,5,86,3,0,0,15,1.83,7,6,+1,+0.21,-1.10,4.2,5.8,-1.6,-0.39,-1.56,ar ARG,"DF,FW",River Plate,Primera Division Argentina,28,1994,4.8,0,1,0,5,5,0,13,6,8,0,0,0,27,6,3,66.7
Gastón Gómez,ar ARG,GK,Vélez Sarsfield,Primera Division Argentina,26,1996,9,8,765,8.5,0,0,0,0,0,0,0,0,0.0,0.0,0.0,0.0,0,0,0,0.00,0.00,0.00,0.00,0.00,0.00,0.00,0.00,0.00,0.00,ar ARG,GK,Vélez Sarsfield,Primera Division Argentina,26,1996,8.5,0,0,0,0,0.00,0.00,0,0,0,0,0,0,0.0,0.0,0,0.0,0.0,ar ARG,GK,Vélez Sarsfield,Primera Division Argentina,26,1996,8.5,139,196,70.9,4336,3513,25,26,96.2,57,59,96.6,56,110,50.9,0,0.0,0.0,0.0,0,6,0,0,0,ar ARG,GK,Vélez Sarsfield,Primera Division Argentina,26,1996,8.5,196,122,74,18,0,2,0,0,0,0,0,0,139,0,0,ar ARG,GK,Vélez Sarsfield,Primera Division Argentina,26,1996,8.5,2,0.24,1,1,0,0,0,0,0,0.00,0,0,0,0,0,0,ar ARG,GK,Vélez Sarsfield,Primera Division Argentina,26,1996,8.5,0,0,0,0,0,0,2,0.0,2,0,0,0,0,0,3,0,ar ARG,GK,Vélez Sarsfield,Primera Division Argentina,26,1996,8.5,215,186,212,3,0,0,215,0,0,0,0,0,109,660,408,0,0,0,1,0,61,0,ar ARG,GK,Vélez Sarsfield,Primera Division Argentina,26,1996,9,765,85,31.5,8.5,8,90,8,1,45,11,0.44,4,11,-7,-0.82,-1.04,6.5,8.5,-2.0,-0.24,-0.29,ar ARG,GK,Vélez Sarsfield,Primera Division Argentina,26,1996,8.5,0,0,0,0,0,0,0,0,0,0,0,0,4,0,1,0.0
Iván Gómez,ar ARG,MF,Newell's OB,Primera Division Argentina,25,1997,23,20,"1,759",19.5,0,1,1,0,0,0,3,0,1.0,1.0,1.8,2.7,27,78,46,0.00,0.05,0.05,0.00,0.05,0.05,0.09,0.14,0.05,0.14,ar ARG,MF,Newell's OB,Primera Division Argentina,25,1997,19.5,0,14,6,42.9,0.72,0.31,0.00,0.00,21.2,0,0,0,1.0,1.0,0.07,-1.0,-1.0,ar ARG,MF,Newell's OB,Primera Division Argentina,25,1997,19.5,649,794,81.7,10300,2272,345,391,88.2,247,289,85.5,43,66,65.2,1,1.8,1.1,-0.8,17,49,12,1,78,ar ARG,MF,Newell's OB,Primera Division Argentina,25,1997,19.5,794,769,25,10,1,4,10,7,0,0,0,0,649,0,24,ar ARG,MF,Newell's OB,Primera Division Argentina,25,1997,19.5,37,1.89,33,0,3,1,0,0,1,0.05,1,0,0,0,0,0,ar ARG,MF,Newell's OB,Primera Division Argentina,25,1997,19.5,52,31,18,23,11,26,57,45.6,31,25,1,24,21,73,22,1,ar ARG,MF,Newell's OB,Primera Division Argentina,25,1997,19.5,1009,34,203,609,209,21,1009,61,37,60.7,23,37.7,538,2914,1253,27,20,1,27,25,619,46,ar ARG,MF,Newell's OB,Primera Division Argentina,25,1997,23,"1,759",76,72.4,19.5,20,83,16,3,30,1,1.35,18,18,0,0.00,0.00,19.6,20.4,-0.8,-0.04,+0.01,ar ARG,MF,Newell's OB,Primera Division Argentina,25,1997,19.5,3,0,0,26,14,0,10,21,31,0,0,0,123,26,27,49.1
José Gómez,ar ARG,DF,Cen. Córdoba–SdE,Primera Division Argentina,22,2000,4,3,311,3.5,0,0,0,0,0,0,0,0,0.0,0.0,0.1,0.1,3,10,3,0.00,0.00,0.00,0.00,0.00,0.00,0.04,0.04,0.00,0.04,ar ARG,DF,Cen. Córdoba–SdE,Primera Division Argentina,22,2000,3.5,0,0,0,0,0.00,0.00,0,0,0,0,0,0,0.0,0.0,0,0.0,0.0,ar ARG,DF,Cen. Córdoba–SdE,Primera Division Argentina,22,2000,3.5,96,134,71.6,1981,994,35,41,85.4,40,56,71.4,18,28,64.3,0,0.1,0.1,-0.1,1,14,2,1,10,ar ARG,DF,Cen. Córdoba–SdE,Primera Division Argentina,22,2000,3.5,134,99,35,3,0,1,3,32,0,0,0,0,96,0,5,ar ARG,DF,Cen. Córdoba–SdE,Primera Division Argentina,22,2000,3.5,6,1.74,4,0,0,0,1,1,0,0.00,0,0,0,0,0,0,ar ARG,DF,Cen. Córdoba–SdE,Primera Division Argentina,22,2000,3.5,10,8,4,5,1,7,11,63.6,4,6,2,4,3,13,10,0,ar ARG,DF,Cen. Córdoba–SdE,Primera Division Argentina,22,2000,3.5,178,13,64,93,21,0,178,4,3,75.0,1,25.0,70,346,191,3,1,0,5,1,64,3,ar ARG,DF,Cen. Córdoba–SdE,Primera Division Argentina,22,2000,4,311,78,12.8,3.5,3,84,1,1,59,14,0.50,2,6,-4,-1.16,-0.90,3.6,4.0,-0.4,-0.12,+0.32,ar ARG,DF,Cen. Córdoba–SdE,Primera Division Argentina,22,2000,3.5,0,0,0,2,5,1,3,3,8,0,0,0,25,2,3,40.0
Luciano Gómez,ar ARG,DF,Independiente,Primera Division Argentina,26,1996,13,11,705,7.8,0,1,1,0,0,0,3,0,0.0,0.0,0.7,0.8,13,28,35,0.00,0.13,0.13,0.00,0.13,0.00,0.09,0.10,0.00,0.10,ar ARG,DF,Independiente,Primera Division Argentina,26,1996,7.8,0,1,0,0.0,0.13,0.00,0.00,0,27.2,0,0,0,0.0,0.0,0.02,0.0,0.0,ar ARG,DF,Independiente,Primera Division Argentina,26,1996,7.8,218,336,64.9,4185,2207,91,104,87.5,97,151,64.2,28,57,49.1,1,0.7,0.7,+0.3,8,18,13,9,28,ar ARG,DF,Independiente,Primera Division Argentina,26,1996,7.8,336,251,84,4,0,0,33,79,1,0,1,0,218,1,13,ar ARG,DF,Independiente,Primera Division Argentina,26,1996,7.8,18,2.30,14,2,1,0,1,0,3,0.38,1,0,1,0,1,0,ar ARG,DF,Independiente,Primera Division Argentina,26,1996,7.8,20,14,12,6,2,11,15,73.3,4,6,3,3,10,30,15,0,ar ARG,DF,Independiente,Primera Division Argentina,26,1996,7.8,404,20,109,204,96,4,404,6,2,33.3,3,50.0,178,922,494,13,10,1,7,8,172,35,ar ARG,DF,Independiente,Primera Division Argentina,26,1996,13,705,54,29.0,7.8,11,63,3,2,4,9,1.15,6,9,-3,-0.38,-0.07,7.7,7.5,+0.2,+0.02,+0.07,ar ARG,DF,Independiente,Primera Division Argentina,26,1996,7.8,3,0,0,12,12,0,33,10,14,1,1,0,59,4,7,36.4
Matías Gómez,ar ARG,"MF,FW",Huracán,Primera Division Argentina,19,2003,11,7,490,5.4,0,0,0,0,0,0,1,0,0.7,0.7,0.5,1.2,5,13,29,0.00,0.00,0.00,0.00,0.00,0.13,0.09,0.22,0.13,0.22,ar ARG,"MF,FW",Huracán,Primera Division Argentina,19,2003,5.4,0,13,3,23.1,2.39,0.55,0.00,0.00,22.8,1,0,0,0.7,0.7,0.06,-0.7,-0.7,ar ARG,"MF,FW",Huracán,Primera Division Argentina,19,2003,5.4,129,188,68.6,2031,533,67,81,82.7,42,59,71.2,11,28,39.3,0,0.5,0.4,-0.5,4,14,0,0,13,ar ARG,"MF,FW",Huracán,Primera Division Argentina,19,2003,5.4,188,176,11,6,2,0,15,1,4,1,3,0,129,1,11,ar ARG,"MF,FW",Huracán,Primera Division Argentina,19,2003,5.4,14,2.57,7,2,2,1,1,1,0,0.00,0,0,0,0,0,0,ar ARG,"MF,FW",Huracán,Primera Division Argentina,19,2003,5.4,21,11,3,13,5,7,23,30.4,16,11,1,10,5,26,4,0,ar ARG,"MF,FW",Huracán,Primera Division Argentina,19,2003,5.4,293,3,43,145,110,10,293,33,16,48.5,12,36.4,154,842,386,5,14,0,18,16,183,29,ar ARG,"MF,FW",Huracán,Primera Division Argentina,19,2003,11,490,45,20.2,5.4,7,60,0,4,17,7,0.82,1,5,-4,-0.73,-0.41,4.7,4.7,0.0,-0.01,-0.03,ar ARG,"MF,FW",Huracán,Primera Division Argentina,19,2003,5.4,1,0,0,8,6,0,15,5,11,0,0,0,31,6,7,46.2
Matias Gomez,ar ARG,"MF,FW",Talleres,Primera Division Argentina,17,2005,2,0,3,0.0,0,0,0,0,0,0,0,0,0.0,0.0,0.0,0.0,0,0,0,0.00,0.00,0.00,0.00,0.00,0.00,0.00,0.00,0.00,0.00,ar ARG,"MF,FW",Talleres,Primera Division Argentina,17,2005,0.0,0,0,0,0,0.00,0.00,0,0,0,0,0,0,0.0,0.0,0,0.0,0.0,ar ARG,"MF,FW",Talleres,Primera Division Argentina,17,2005,0.0,1,3,33.3,41,2,0,1,0.0,0,0,0,1,1,100.0,0,0.0,0.0,0.0,0,0,0,0,0,ar ARG,"MF,FW",Talleres,Primera Division Argentina,17,2005,0.0,3,3,0,0,0,0,0,0,0,0,0,0,1,0,0,ar ARG,"MF,FW",Talleres,Primera Division Argentina,17,2005,0.0,0,0.00,0,0,0,0,0,0,0,0.00,0,0,0,0,0,0,ar ARG,"MF,FW",Talleres,Primera Division Argentina,17,2005,0.0,0,0,0,0,0,0,1,0.0,1,0,0,0,0,0,0,0,ar ARG,"MF,FW",Talleres,Primera Division Argentina,17,2005,0.0,3,0,1,2,0,0,3,0,0,0,0,0,1,5,0,0,0,0,0,0,1,0,ar ARG,"MF,FW",Talleres,Primera Division Argentina,17,2005,2,3,2,0.1,0.0,0,0,0,2,2,4,2.00,0,0,0,0.00,-0.70,0.1,0.1,0.0,-0.29,-0.87,ar ARG,"MF,FW",Talleres,Primera Division Argentina,17,2005,0.0,0,0,0,0,0,0,0,0,0,0,0,0,0,1,0,100.0
Valentín Gómez,ar ARG,DF,Vélez Sarsfield,Primera Division Argentina,19,2003,15,13,"1,116",12.4,0,0,0,0,0,0,4,0,0.3,0.3,0.3,0.5,18,55,17,0.00,0.00,0.00,0.00,0.00,0.02,0.02,0.04,0.02,0.04,ar ARG,DF,Vélez Sarsfield,Primera Division Argentina,19,2003,12.4,0,5,0,0.0,0.40,0.00,0.00,0,19.1,0,0,0,0.3,0.3,0.06,-0.3,-0.3,ar ARG,DF,Vélez Sarsfield,Primera Division Argentina,19,2003,12.4,510,664,76.8,9085,4085,202,227,89.0,265,315,84.1,37,93,39.8,0,0.3,0.3,-0.3,5,34,1,0,55,ar ARG,DF,Vélez Sarsfield,Primera Division Argentina,19,2003,12.4,664,610,49,17,0,8,6,32,0,0,0,0,510,5,13,ar ARG,DF,Vélez Sarsfield,Primera Division Argentina,19,2003,12.4,12,0.97,7,2,0,2,1,0,1,0.08,0,0,0,1,0,0,ar ARG,DF,Vélez Sarsfield,Primera Division Argentina,19,2003,12.4,25,15,16,9,0,14,24,58.3,10,13,5,8,20,45,46,0,ar ARG,DF,Vélez Sarsfield,Primera Division Argentina,19,2003,12.4,799,62,357,377,68,8,799,15,7,46.7,7,46.7,463,2353,1461,18,6,1,11,3,484,17,ar ARG,DF,Vélez Sarsfield,Primera Division Argentina,19,2003,15,"1,116",74,45.9,12.4,13,84,9,2,13,9,1.07,8,13,-5,-0.40,-0.54,9.5,11.8,-2.3,-0.19,-0.28,ar ARG,DF,Vélez Sarsfield,Primera Division Argentina,19,2003,12.4,4,0,0,8,10,0,6,20,15,0,1,0,81,32,13,71.1
Luciano Gondou,ar ARG,"FW,MF",Sarmiento,Primera Division Argentina,21,2001,22,19,"1,658",18.4,6,2,8,4,2,2,1,0,6.4,4.7,2.0,6.7,32,26,119,0.33,0.11,0.43,0.22,0.33,0.35,0.11,0.45,0.26,0.36,ar ARG,"FW,MF",Sarmiento,Primera Division Argentina,21,2001,18.4,6,45,16,35.6,2.44,0.87,0.09,0.25,16.6,2,2,2,6.4,4.7,0.10,-0.4,-0.7,ar ARG,"FW,MF",Sarmiento,Primera Division Argentina,21,2001,18.4,250,390,64.1,3415,739,156,222,70.3,66,97,68.0,15,19,78.9,2,2.0,1.0,0.0,27,15,5,4,26,ar ARG,"FW,MF",Sarmiento,Primera Division Argentina,21,2001,18.4,390,367,19,1,0,2,19,0,0,0,0,0,250,4,16,ar ARG,"FW,MF",Sarmiento,Primera Division Argentina,21,2001,18.4,53,2.88,40,0,7,2,4,0,4,0.22,2,0,1,0,1,0,ar ARG,"FW,MF",Sarmiento,Primera Division Argentina,21,2001,18.4,9,7,3,5,1,2,11,18.2,9,15,1,14,3,12,17,0,ar ARG,"FW,MF",Sarmiento,Primera Division Argentina,21,2001,18.4,605,22,65,268,282,73,603,47,30,63.8,9,19.1,343,2028,798,32,19,10,57,32,431,119,ar ARG,"FW,MF",Sarmiento,Primera Division Argentina,21,2001,22,"1,658",75,68.2,18.4,19,82,10,3,34,0,1.27,20,17,+3,+0.16,+0.86,21.2,22.9,-1.7,-0.09,+0.60,ar ARG,"FW,MF",Sarmiento,Primera Division Argentina,21,2001,18.4,1,0,0,22,31,7,19,3,7,1,0,0,78,58,71,45.0
Gonzalo Goñi,ar ARG,DF,Cen. Córdoba–SdE,Primera Division Argentina,24,1998,16,15,"1,246",13.8,1,1,2,1,0,0,0,0,0.1,0.1,0.1,0.3,1,24,0,0.07,0.07,0.14,0.07,0.14,0.01,0.01,0.02,0.01,0.02,ar ARG,DF,Cen. Córdoba–SdE,Primera Division Argentina,24,1998,13.8,1,4,1,25.0,0.29,0.07,0.25,1.00,12.5,0,0,0,0.1,0.1,0.03,+0.9,+0.9,ar ARG,DF,Cen. Córdoba–SdE,Primera Division Argentina,24,1998,13.8,261,369,70.7,5526,2446,80,108,74.1,135,169,79.9,44,78,56.4,1,0.1,0.0,+0.9,1,19,0,0,24,ar ARG,DF,Cen. Córdoba–SdE,Primera Division Argentina,24,1998,13.8,369,358,11,8,0,0,0,3,0,0,0,0,261,0,10,ar ARG,DF,Cen. Córdoba–SdE,Primera Division Argentina,24,1998,13.8,4,0.29,3,0,0,1,0,0,2,0.14,1,0,0,1,0,0,ar ARG,DF,Cen. Córdoba–SdE,Primera Division Argentina,24,1998,13.8,24,15,13,11,0,11,17,64.7,6,17,10,7,7,31,59,0,ar ARG,DF,Cen. Córdoba–SdE,Primera Division Argentina,24,1998,13.8,496,71,281,210,7,4,496,2,1,50.0,1,50.0,171,615,245,1,2,1,3,0,178,0,ar ARG,DF,Cen. Córdoba–SdE,Primera Division Argentina,24,1998,16,"1,246",78,51.3,13.8,15,80,10,1,45,8,1.38,13,13,0,0.00,+0.76,15.2,18.6,-3.3,-0.24,+0.32,ar ARG,DF,Cen. Córdoba–SdE,Primera Division Argentina,24,1998,13.8,0,0,0,9,1,0,0,7,15,0,1,0,81,29,37,43.9
David González,ar ARG,MF,Lanús,Primera Division Argentina,18,2004,1,0,1,0.0,0,0,0,0,0,0,0,0,0.0,0.0,0.0,0.0,0,0,0,0.00,0.00,0.00,0.00,0.00,0.00,0.00,0.00,0.00,0.00,ar ARG,MF,Lanús,Primera Division Argentina,18,2004,0.0,0,0,0,0,0.00,0.00,0,0,0,0,0,0,0.0,0.0,0,0.0,0.0,ar ARG,MF,Lanús,Primera Division Argentina,18,2004,0.0,0,0,0,0,0,0,0,0,0,0,0,0,0,0,0,0.0,0.0,0.0,0,0,0,0,0,ar ARG,MF,Lanús,Primera Division Argentina,18,2004,0.0,0,0,0,0,0,0,0,0,0,0,0,0,0,0,0,ar ARG,MF,Lanús,Primera Division Argentina,18,2004,0.0,0,0.00,0,0,0,0,0,0,0,0.00,0,0,0,0,0,0,ar ARG,MF,Lanús,Primera Division Argentina,18,2004,0.0,0,0,0,0,0,0,0,0,0,0,0,0,0,0,0,0,ar ARG,MF,Lanús,Primera Division Argentina,18,2004,0.0,1,0,1,1,0,0,1,1,1,100.0,0,0.0,1,15,15,0,0,0,0,0,0,0,ar ARG,MF,Lanús,Primera Division Argentina,18,2004,1,1,1,0.0,0.0,0,0,0,1,1,8,3.00,0,0,0,0.00,-0.41,0.0,0.3,-0.3,-24.97,-25.31,ar ARG,MF,Lanús,Primera Division Argentina,18,2004,0.0,0,0,0,0,0,0,0,0,0,0,0,0,1,0,0,0
Diego González,ar ARG,MF,Boca Juniors,Primera Division Argentina,34,1988,4,0,32,0.4,0,0,0,0,0,0,0,0,0.0,0.0,0.0,0.0,0,1,0,0.00,0.00,0.00,0.00,0.00,0.00,0.00,0.00,0.00,0.00,ar ARG,MF,Boca Juniors,Primera Division Argentina,34,1988,0.4,0,0,0,0,0.00,0.00,0,0,0,0,0,0,0.0,0.0,0,0.0,0.0,ar ARG,MF,Boca Juniors,Primera Division Argentina,34,1988,0.4,32,39,82.1,489,192,17,18,94.4,11,12,91.7,2,6,33.3,0,0.0,0.0,0.0,0,1,0,0,1,ar ARG,MF,Boca Juniors,Primera Division Argentina,34,1988,0.4,39,39,0,0,0,0,0,0,0,0,0,0,32,0,1,ar ARG,MF,Boca Juniors,Primera Division Argentina,34,1988,0.4,1,2.81,1,0,0,0,0,0,0,0.00,0,0,0,0,0,0,ar ARG,MF,Boca Juniors,Primera Division Argentina,34,1988,0.4,0,0,0,0,0,0,1,0.0,1,2,1,1,2,2,0,0,ar ARG,MF,Boca Juniors,Primera Division Argentina,34,1988,0.4,46,1,15,27,4,0,46,0,0,0,0,0,25,84,32,0,2,0,1,1,30,0,ar ARG,MF,Boca Juniors,Primera Division Argentina,34,1988,4,32,8,1.3,0.4,0,0,0,4,8,16,3.00,0,1,-1,-2.81,-3.19,0.2,1.0,-0.8,-2.22,-2.30,ar ARG,MF,Boca Juniors,Primera Division Argentina,34,1988,0.4,0,0,0,1,0,0,0,2,0,0,0,0,9,0,0,0
Francisco González,ar ARG,"FW,MF",Newell's OB,Primera Division Argentina,21,2001,2,2,156,1.7,1,1,2,1,0,0,0,0,0.1,0.1,0.8,1.0,1,2,6,0.58,0.58,1.15,0.58,1.15,0.07,0.48,0.55,0.07,0.55,ar ARG,"FW,MF",Newell's OB,Primera Division Argentina,21,2001,1.7,1,2,2,100.0,1.15,1.15,0.50,0.50,16.9,0,0,0,0.1,0.1,0.06,+0.9,+0.9,ar ARG,"FW,MF",Newell's OB,Primera Division Argentina,21,2001,1.7,16,33,48.5,295,44,3,4,75.0,11,15,73.3,1,9,11.1,1,0.8,0.1,+0.2,1,0,2,0,2,ar ARG,"FW,MF",Newell's OB,Primera Division Argentina,21,2001,1.7,33,27,6,2,0,0,10,2,2,0,2,0,16,0,3,ar ARG,"FW,MF",Newell's OB,Primera Division Argentina,21,2001,1.7,2,1.15,1,0,0,0,1,0,1,0.58,1,0,0,0,0,0,ar ARG,"FW,MF",Newell's OB,Primera Division Argentina,21,2001,1.7,0,0,0,0,0,0,2,0.0,2,2,0,2,0,0,0,0,ar ARG,"FW,MF",Newell's OB,Primera Division Argentina,21,2001,1.7,54,0,4,22,28,1,54,5,0,0.0,4,80.0,32,164,55,1,3,0,5,5,32,6,ar ARG,"FW,MF",Newell's OB,Primera Division Argentina,21,2001,2,156,78,6.4,1.7,2,78,0,0,0,0,2.00,2,2,0,0.00,0.00,1.9,1.3,+0.7,+0.38,+0.45,ar ARG,"FW,MF",Newell's OB,Primera Division Argentina,21,2001,1.7,0,0,0,0,7,0,10,0,0,0,0,0,5,0,4,0.0
Francisco González,ar ARG,MF,Arg Juniors,Primera Division Argentina,25,1997,25,19,"1,581",17.6,5,2,7,5,0,0,2,0,5.4,5.4,1.9,7.2,36,87,111,0.28,0.11,0.40,0.28,0.40,0.31,0.11,0.41,0.31,0.41,ar ARG,"FW,MF",Newell's OB,Primera Division Argentina,21,2001,1.7,1,2,2,100.0,1.15,1.15,0.50,0.50,16.9,0,0,0,0.1,0.1,0.06,+0.9,+0.9,ar ARG,"FW,MF",Newell's OB,Primera Division Argentina,21,2001,1.7,16,33,48.5,295,44,3,4,75.0,11,15,73.3,1,9,11.1,1,0.8,0.1,+0.2,1,0,2,0,2,ar ARG,"FW,MF",Newell's OB,Primera Division Argentina,21,2001,1.7,33,27,6,2,0,0,10,2,2,0,2,0,16,0,3,ar ARG,"FW,MF",Newell's OB,Primera Division Argentina,21,2001,1.7,2,1.15,1,0,0,0,1,0,1,0.58,1,0,0,0,0,0,ar ARG,"FW,MF",Newell's OB,Primera Division Argentina,21,2001,1.7,0,0,0,0,0,0,2,0.0,2,2,0,2,0,0,0,0,ar ARG,"FW,MF",Newell's OB,Primera Division Argentina,21,2001,1.7,54,0,4,22,28,1,54,5,0,0.0,4,80.0,32,164,55,1,3,0,5,5,32,6,ar ARG,"FW,MF",Newell's OB,Primera Division Argentina,21,2001,2,156,78,6.4,1.7,2,78,0,0,0,0,2.00,2,2,0,0.00,0.00,1.9,1.3,+0.7,+0.38,+0.45,ar ARG,"FW,MF",Newell's OB,Primera Division Argentina,21,2001,1.7,0,0,0,0,7,0,10,0,0,0,0,0,5,0,4,0.0
Gonzalo González,0,DF,Gimnasia–LP,Primera Division Argentina,19,2003,1,1,53,0.6,0,0,0,0,0,0,0,0,0.0,0.0,0.0,0.0,1,1,1,0.00,0.00,0.00,0.00,0.00,0.00,0.02,0.02,0.00,0.02,0,DF,Gimnasia–LP,Primera Division Argentina,19,2003,0.6,0,0,0,0,0.00,0.00,0,0,0,0,0,0,0.0,0.0,0,0.0,0.0,0,DF,Gimnasia–LP,Primera Division Argentina,19,2003,0.6,22,31,71.0,341,226,9,10,90.0,10,15,66.7,2,3,66.7,0,0.0,0.0,0.0,1,0,0,0,1,0,DF,Gimnasia–LP,Primera Division Argentina,19,2003,0.6,31,20,11,0,0,0,1,11,0,0,0,0,22,0,2,0,DF,Gimnasia–LP,Primera Division Argentina,19,2003,0.6,2,3.40,1,1,0,0,0,0,0,0.00,0,0,0,0,0,0,0,DF,Gimnasia–LP,Primera Division Argentina,19,2003,0.6,2,2,2,0,0,2,3,66.7,1,3,1,2,2,4,0,0,0,DF,Gimnasia–LP,Primera Division Argentina,19,2003,0.6,39,1,10,17,12,0,39,1,0,0.0,0,0.0,16,96,37,1,0,0,2,0,17,1,0,DF,Gimnasia–LP,Primera Division Argentina,19,2003,1,53,53,2.2,0.6,1,53,0,0,0,3,3.00,0,0,0,0.00,+0.53,0.4,0.2,+0.1,+0.18,+0.35,0,DF,Gimnasia–LP,Primera Division Argentina,19,2003,0.6,0,0,0,0,1,0,1,2,2,0,0,0,3,0,1,0.0
Leonel González,ar ARG,DF,Arg Juniors,Primera Division Argentina,28,1994,7,5,384,4.3,0,0,0,0,0,0,1,0,0.3,0.3,0.1,0.3,11,23,10,0.00,0.00,0.00,0.00,0.00,0.06,0.02,0.08,0.06,0.08,ar ARG,DF,Arg Juniors,Primera Division Argentina,28,1994,4.3,0,4,0,0.0,0.94,0.00,0.00,0,13.7,0,0,0,0.3,0.3,0.06,-0.3,-0.3,ar ARG,DF,Arg Juniors,Primera Division Argentina,28,1994,4.3,253,318,79.6,5108,1841,90,102,88.2,127,142,89.4,35,65,53.8,0,0.1,0.4,-0.1,1,16,3,1,23,ar ARG,DF,Arg Juniors,Primera Division Argentina,28,1994,4.3,318,289,28,10,0,3,3,18,0,0,0,0,253,1,6,ar ARG,DF,Arg Juniors,Primera Division Argentina,28,1994,4.3,5,1.17,5,0,0,0,0,0,0,0.00,0,0,0,0,0,0,ar ARG,DF,Arg Juniors,Primera Division Argentina,28,1994,4.3,5,3,5,0,0,2,5,40.0,3,9,3,6,6,11,18,0,ar ARG,DF,Arg Juniors,Primera Division Argentina,28,1994,4.3,368,29,169,167,37,7,368,10,7,70.0,3,30.0,192,979,664,11,5,1,4,2,226,10,ar ARG,DF,Arg Juniors,Primera Division Argentina,28,1994,7,384,55,15.8,4.3,5,74,3,2,8,20,1.14,2,8,-6,-1.41,-2.07,5.9,6.6,-0.6,-0.15,-0.77,ar ARG,DF,Arg Juniors,Primera Division Argentina,28,1994,4.3,1,0,0,1,0,0,3,6,3,0,1,0,42,7,10,41.2
Marcelo González,py PAR,MF,Atlé Tucumán,Primera Division Argentina,26,1996,8,3,246,2.7,1,0,1,1,0,0,1,0,0.3,0.3,0.1,0.4,5,9,25,0.37,0.00,0.37,0.37,0.37,0.12,0.04,0.16,0.12,0.16,py PAR,MF,Atlé Tucumán,Primera Division Argentina,26,1996,2.7,1,5,3,60.0,1.83,1.10,0.20,0.33,20.2,0,0,0,0.3,0.3,0.07,+0.7,+0.7,py PAR,MF,Atlé Tucumán,Primera Division Argentina,26,1996,2.7,78,105,74.3,1063,341,42,50,84.0,29,34,85.3,1,7,14.3,0,0.1,0.3,-0.1,1,9,2,1,9,py PAR,MF,Atlé Tucumán,Primera Division Argentina,26,1996,2.7,105,98,6,2,0,0,11,3,1,0,1,0,78,1,5,py PAR,MF,Atlé Tucumán,Primera Division Argentina,26,1996,2.7,7,2.55,4,0,0,0,2,1,0,0.00,0,0,0,0,0,0,py PAR,MF,Atlé Tucumán,Primera Division Argentina,26,1996,2.7,5,5,1,3,1,4,9,44.4,5,5,1,4,1,6,1,0,py PAR,MF,Atlé Tucumán,Primera Division Argentina,26,1996,2.7,141,1,16,65,62,7,141,4,1,25.0,2,50.0,86,426,169,5,2,0,12,3,91,25,py PAR,MF,Atlé Tucumán,Primera Division Argentina,26,1996,8,246,31,10.1,2.7,3,61,0,5,12,7,1.13,2,4,-2,-0.73,-0.73,2.9,4.5,-1.6,-0.57,-0.39,py PAR,MF,Atlé Tucumán,Primera Division Argentina,26,1996,2.7,1,0,0,6,5,0,11,1,5,0,0,0,16,4,4,50.0
Matías González,ar ARG,MF,Banfield,Primera Division Argentina,20,2002,2,0,51,0.6,0,0,0,0,0,0,0,0,0.1,0.1,0.0,0.1,2,3,3,0.00,0.00,0.00,0.00,0.00,0.09,0.02,0.11,0.09,0.11,ar ARG,MF,Banfield,Primera Division Argentina,20,2002,0.6,0,1,0,0.0,1.76,0.00,0.00,0,23.9,0,0,0,0.1,0.1,0.05,-0.1,-0.1,ar ARG,MF,Banfield,Primera Division Argentina,20,2002,0.6,16,27,59.3,276,75,10,12,83.3,3,4,75.0,3,8,37.5,0,0.0,0.0,0.0,1,1,1,0,3,ar ARG,MF,Banfield,Primera Division Argentina,20,2002,0.6,27,22,4,2,0,0,4,0,2,1,1,0,16,1,1,ar ARG,MF,Banfield,Primera Division Argentina,20,2002,0.6,2,3.53,2,0,0,0,0,0,0,0.00,0,0,0,0,0,0,ar ARG,MF,Banfield,Primera Division Argentina,20,2002,0.6,2,2,0,2,0,0,3,0.0,3,0,0,0,0,2,0,0,ar ARG,MF,Banfield,Primera Division Argentina,20,2002,0.6,33,0,3,20,11,0,33,3,2,66.7,0,0.0,22,125,71,2,1,0,0,4,20,3,ar ARG,MF,Banfield,Primera Division Argentina,20,2002,2,51,26,2.1,0.6,0,0,0,2,26,7,0.50,0,0,0,0.00,+0.42,0.3,0.5,-0.1,-0.19,-0.22,ar ARG,MF,Banfield,Primera Division Argentina,20,2002,0.6,0,0,0,0,2,0,4,0,2,0,0,0,5,0,3,0.0
Leandro González Pirez,ar ARG,DF,River Plate,Primera Division Argentina,30,1992,20,20,"1,767",19.6,1,1,2,1,0,0,3,0,1.0,1.0,0.4,1.4,7,38,0,0.05,0.05,0.10,0.05,0.10,0.05,0.02,0.07,0.05,0.07,ar ARG,DF,River Plate,Primera Division Argentina,30,1992,19.6,1,7,3,42.9,0.36,0.15,0.14,0.33,9.6,0,0,0,1.0,1.0,0.14,0.0,0.0,ar ARG,DF,River Plate,Primera Division Argentina,30,1992,19.6,1021,1177,86.7,20918,8444,325,358,90.8,541,593,91.2,146,203,71.9,1,0.4,0.4,+0.6,2,41,2,0,38,ar ARG,DF,River Plate,Primera Division Argentina,30,1992,19.6,1177,1124,49,45,1,11,1,4,0,0,0,0,1021,4,8,ar ARG,DF,River Plate,Primera Division Argentina,30,1992,19.6,7,0.36,3,0,2,1,0,1,2,0.10,1,0,1,0,0,0,ar ARG,DF,River Plate,Primera Division Argentina,30,1992,19.6,38,31,27,11,0,23,34,67.6,11,23,17,6,41,79,99,0,ar ARG,DF,River Plate,Primera Division Argentina,30,1992,19.6,1406,146,723,673,18,10,1406,17,17,100.0,0,0.0,805,3369,1953,7,4,0,12,3,915,0,ar ARG,DF,River Plate,Primera Division Argentina,30,1992,20,"1,767",88,72.7,19.6,20,88,18,0,0,5,2.50,37,10,+27,+1.38,+0.97,35.2,14.0,+21.2,+1.08,+0.55,ar ARG,DF,River Plate,Primera Division Argentina,30,1992,19.6,3,0,0,18,20,0,1,41,31,0,0,0,105,44,27,62.0
Tomás González,ar ARG,"MF,FW",Unión,Primera Division Argentina,19,2003,10,3,252,2.8,1,0,1,1,0,0,0,1,1.1,1.1,0.2,1.3,13,7,22,0.36,0.00,0.36,0.36,0.36,0.38,0.07,0.45,0.38,0.45,ar ARG,"MF,FW",Unión,Primera Division Argentina,19,2003,2.8,1,15,5,33.3,5.36,1.79,0.07,0.20,22.2,0,0,0,1.1,1.1,0.07,-0.1,-0.1,ar ARG,"MF,FW",Unión,Primera Division Argentina,19,2003,2.8,38,81,46.9,628,154,19,38,50.0,10,20,50.0,7,12,58.3,0,0.2,0.3,-0.2,5,6,2,1,7,ar ARG,"MF,FW",Unión,Primera Division Argentina,19,2003,2.8,81,77,4,0,0,1,13,1,3,0,3,0,38,0,7,ar ARG,"MF,FW",Unión,Primera Division Argentina,19,2003,2.8,15,5.34,7,1,2,5,0,0,0,0.00,0,0,0,0,0,0,ar ARG,"MF,FW",Unión,Primera Division Argentina,19,2003,2.8,9,5,3,3,3,3,7,42.9,4,6,0,6,3,12,0,0,ar ARG,"MF,FW",Unión,Primera Division Argentina,19,2003,2.8,134,0,10,46,78,13,134,14,8,57.1,4,28.6,76,507,274,13,9,3,8,5,95,22,ar ARG,"MF,FW",Unión,Primera Division Argentina,19,2003,10,252,25,10.4,2.8,3,55,0,7,13,13,0.60,1,5,-4,-1.43,-1.35,3.7,3.4,+0.2,+0.09,+0.37,ar ARG,"MF,FW",Unión,Primera Division Argentina,19,2003,2.8,0,1,0,5,8,0,13,3,5,0,0,0,7,11,7,61.1
Guillermo Gonzálvez,ar ARG,MF,Colón,Primera Division Argentina,19,2003,1,0,14,0.2,0,0,0,0,0,0,0,0,0.0,0.0,0.0,0.0,0,1,2,0.00,0.00,0.00,0.00,0.00,0.00,0.00,0.00,0.00,0.00,ar ARG,MF,Colón,Primera Division Argentina,19,2003,0.2,0,0,0,0,0.00,0.00,0,0,0,0,0,0,0.0,0.0,0,0.0,0.0,ar ARG,MF,Colón,Primera Division Argentina,19,2003,0.2,2,5,40.0,22,10,2,2,100.0,0,1,0.0,0,0,0,0,0.0,0.0,0.0,0,1,0,0,1,ar ARG,MF,Colón,Primera Division Argentina,19,2003,0.2,5,4,1,0,0,0,0,1,0,0,0,0,2,0,2,ar ARG,MF,Colón,Primera Division Argentina,19,2003,0.2,0,0.00,0,0,0,0,0,0,0,0.00,0,0,0,0,0,0,ar ARG,MF,Colón,Primera Division Argentina,19,2003,0.2,1,1,0,0,1,1,1,100.0,0,0,0,0,0,1,0,0,ar ARG,MF,Colón,Primera Division Argentina,19,2003,0.2,7,0,0,1,6,1,7,0,0,0,0,0,2,4,0,0,0,0,0,0,3,2,ar ARG,MF,Colón,Primera Division Argentina,19,2003,1,14,14,0.6,0.2,0,0,0,1,14,1,0.00,0,1,-1,-6.43,-5.98,0.2,1.2,-1.0,-6.28,-5.89,ar ARG,MF,Colón,Primera Division Argentina,19,2003,0.2,0,0,0,0,0,0,0,0,1,0,0,0,1,0,0,0
Yeison Gordillo,co COL,MF,Unión,Primera Division Argentina,30,1992,23,20,"1,791",19.9,1,0,1,1,0,0,8,1,0.6,0.6,0.1,0.8,7,42,7,0.05,0.00,0.05,0.05,0.05,0.03,0.01,0.04,0.03,0.04,co COL,MF,Unión,Primera Division Argentina,30,1992,19.9,1,18,5,27.8,0.90,0.25,0.06,0.20,23.9,0,0,0,0.6,0.6,0.03,+0.4,+0.4,co COL,MF,Unión,Primera Division Argentina,30,1992,19.9,616,748,82.4,9471,2803,336,383,87.7,216,251,86.1,40,58,69.0,0,0.1,0.3,-0.1,6,41,5,1,42,co COL,MF,Unión,Primera Division Argentina,30,1992,19.9,748,716,31,28,0,0,3,3,0,0,0,0,616,1,22,co COL,MF,Unión,Primera Division Argentina,30,1992,19.9,17,0.85,16,0,0,0,0,1,1,0.05,0,0,0,0,0,1,co COL,MF,Unión,Primera Division Argentina,30,1992,19.9,86,48,44,39,3,47,93,50.5,46,34,3,31,29,115,34,0,co COL,MF,Unión,Primera Division Argentina,30,1992,19.9,994,55,325,584,100,11,994,15,9,60.0,5,33.3,382,1668,647,7,12,0,22,11,438,7,co COL,MF,Unión,Primera Division Argentina,30,1992,23,"1,791",78,73.7,19.9,20,86,16,3,26,0,1.09,16,13,+3,+0.15,+1.42,16.5,16.9,-0.4,-0.02,+0.84,co COL,MF,Unión,Primera Division Argentina,30,1992,19.9,8,1,0,60,13,0,3,29,48,0,1,0,165,15,24,38.5
Gabriel Graciani,ar ARG,"MF,FW",Instituto,Primera Division Argentina,29,1993,26,23,"1,764",19.6,3,4,7,3,0,0,1,0,3.2,3.2,3.3,6.5,41,75,144,0.15,0.20,0.36,0.15,0.36,0.17,0.17,0.33,0.17,0.33,ar ARG,"MF,FW",Instituto,Primera Division Argentina,29,1993,19.6,3,28,10,35.7,1.43,0.51,0.11,0.30,16.8,0,0,0,3.2,3.2,0.12,-0.2,-0.2,ar ARG,"MF,FW",Instituto,Primera Division Argentina,29,1993,19.6,386,683,56.5,5056,1986,254,366,69.4,100,197,50.8,13,47,27.7,4,3.3,2.4,+0.7,19,59,18,10,75,ar ARG,"MF,FW",Instituto,Primera Division Argentina,29,1993,19.6,683,672,8,1,1,0,66,6,1,0,1,0,386,3,38,ar ARG,"MF,FW",Instituto,Primera Division Argentina,29,1993,19.6,49,2.51,34,0,7,4,4,0,7,0.36,5,0,1,0,1,0,ar ARG,"MF,FW",Instituto,Primera Division Argentina,29,1993,19.6,48,31,21,17,10,19,42,45.2,23,20,3,17,8,56,32,0,ar ARG,"MF,FW",Instituto,Primera Division Argentina,29,1993,19.6,959,33,146,454,375,70,959,64,28,43.8,32,50.0,479,2988,1346,41,40,8,49,28,603,144,ar ARG,"MF,FW",Instituto,Primera Division Argentina,29,1993,26,"1,764",68,72.6,19.6,23,73,5,3,28,0,1.23,16,23,-7,-0.36,+0.18,23.2,18.1,+5.1,+0.26,+0.42,ar ARG,"MF,FW",Instituto,Primera Division Argentina,29,1993,19.6,1,0,0,26,21,2,66,8,31,0,0,0,98,90,68,57.0
Juan Guasone,it ITA,DF,Estudiantes–LP,Primera Division Argentina,21,2001,6,2,221,2.5,0,0,0,0,0,0,1,0,0.1,0.1,0.0,0.1,0,4,0,0.00,0.00,0.00,0.00,0.00,0.05,0.00,0.05,0.05,0.05,it ITA,DF,Estudiantes–LP,Primera Division Argentina,21,2001,2.5,0,2,1,50.0,0.81,0.41,0.00,0.00,17.9,0,0,0,0.1,0.1,0.06,-0.1,-0.1,it ITA,DF,Estudiantes–LP,Primera Division Argentina,21,2001,2.5,56,89,62.9,1127,525,21,30,70.0,26,36,72.2,9,21,42.9,0,0.0,0.0,0.0,0,3,0,0,4,it ITA,DF,Estudiantes–LP,Primera Division Argentina,21,2001,2.5,89,85,4,2,0,1,0,2,0,0,0,0,56,0,0,it ITA,DF,Estudiantes–LP,Primera Division Argentina,21,2001,2.5,0,0.00,0,0,0,0,0,0,0,0.00,0,0,0,0,0,0,it ITA,DF,Estudiantes–LP,Primera Division Argentina,21,2001,2.5,5,4,4,1,0,3,7,42.9,4,1,1,0,3,8,12,0,it ITA,DF,Estudiantes–LP,Primera Division Argentina,21,2001,2.5,115,13,63,45,7,2,115,1,1,100.0,0,0.0,50,273,139,0,0,0,2,1,51,0,it ITA,DF,Estudiantes–LP,Primera Division Argentina,21,2001,6,221,37,9.1,2.5,2,76,1,4,18,17,1.67,1,2,-1,-0.41,-0.90,1.3,1.4,-0.1,-0.05,-0.45,it ITA,DF,Estudiantes–LP,Primera Division Argentina,21,2001,2.5,1,0,0,3,2,0,0,3,4,0,0,0,11,14,4,77.8
Gabriel Gudiño,ar ARG,"MF,FW",Huracán,Primera Division Argentina,30,1992,14,9,780,8.7,3,0,3,3,0,0,3,0,1.5,1.5,0.6,2.1,19,23,53,0.35,0.00,0.35,0.35,0.35,0.17,0.07,0.24,0.17,0.24,ar ARG,"MF,FW",Huracán,Primera Division Argentina,30,1992,8.7,3,19,5,26.3,2.19,0.58,0.16,0.60,16.7,0,0,0,1.5,1.5,0.08,+1.5,+1.5,ar ARG,"MF,FW",Huracán,Primera Division Argentina,30,1992,8.7,117,184,63.6,1779,696,62,85,72.9,40,55,72.7,8,22,36.4,0,0.6,0.5,-0.6,9,15,7,3,23,ar ARG,"MF,FW",Huracán,Primera Division Argentina,30,1992,8.7,184,174,10,2,0,0,13,7,1,0,1,0,117,0,11,ar ARG,"MF,FW",Huracán,Primera Division Argentina,30,1992,8.7,17,1.96,14,0,0,1,2,0,0,0.00,0,0,0,0,0,0,ar ARG,"MF,FW",Huracán,Primera Division Argentina,30,1992,8.7,26,14,13,8,5,11,23,47.8,12,16,3,13,12,38,6,0,ar ARG,"MF,FW",Huracán,Primera Division Argentina,30,1992,8.7,326,6,72,109,151,30,326,33,12,36.4,20,60.6,172,1092,486,19,16,4,16,12,166,53,ar ARG,"MF,FW",Huracán,Primera Division Argentina,30,1992,14,780,56,32.1,8.7,9,74,0,5,23,4,1.07,10,11,-1,-0.12,+0.43,7.7,9.1,-1.4,-0.16,-0.27,ar ARG,"MF,FW",Huracán,Primera Division Argentina,30,1992,8.7,3,0,0,18,6,5,13,12,14,0,0,0,48,2,9,18.2
Paolo Guerrero,pe PER,FW,Racing Club,Primera Division Argentina,39,1984,15,5,581,6.5,1,0,1,1,0,0,4,0,2.1,2.1,0.3,2.4,4,6,53,0.15,0.00,0.15,0.15,0.15,0.33,0.04,0.38,0.33,0.38,pe PER,FW,Racing Club,Primera Division Argentina,39,1984,6.5,1,19,3,15.8,2.94,0.46,0.05,0.33,17.4,2,0,0,2.1,2.1,0.11,-1.1,-1.1,pe PER,FW,Racing Club,Primera Division Argentina,39,1984,6.5,123,165,74.5,1505,193,80,102,78.4,31,39,79.5,3,5,60.0,0,0.3,0.4,-0.3,6,4,2,0,6,pe PER,FW,Racing Club,Primera Division Argentina,39,1984,6.5,165,156,9,0,1,0,2,0,0,0,0,0,123,0,2,pe PER,FW,Racing Club,Primera Division Argentina,39,1984,6.5,18,2.79,11,0,0,1,6,0,0,0.00,0,0,0,0,0,0,pe PER,FW,Racing Club,Primera Division Argentina,39,1984,6.5,1,0,1,0,0,0,2,0.0,2,3,0,3,0,1,5,0,pe PER,FW,Racing Club,Primera Division Argentina,39,1984,6.5,243,5,10,112,123,31,243,14,6,42.9,8,57.1,149,459,143,4,7,2,19,13,214,53,pe PER,FW,Racing Club,Primera Division Argentina,39,1984,15,581,39,23.9,6.5,5,77,2,10,20,1,1.67,7,7,0,0.00,-0.05,8.6,8.0,+0.7,+0.10,+0.36,pe PER,FW,Racing Club,Primera Division Argentina,39,1984,6.5,4,0,0,17,14,9,2,0,0,0,0,0,12,35,36,49.3
Tomás Guidara,ar ARG,DF,Vélez Sarsfield,Primera Division Argentina,26,1996,19,16,"1,445",16.1,0,0,0,0,0,0,3,0,0.0,0.0,1.2,1.3,33,56,54,0.00,0.00,0.00,0.00,0.00,0.00,0.08,0.08,0.00,0.08,ar ARG,DF,Vélez Sarsfield,Primera Division Argentina,26,1996,16.1,0,1,1,100.0,0.06,0.06,0.00,0.00,15.9,0,0,0,0.0,0.0,0.03,0.0,0.0,ar ARG,DF,Vélez Sarsfield,Primera Division Argentina,26,1996,16.1,509,736,69.2,8503,4935,243,294,82.7,207,293,70.6,45,109,41.3,0,1.2,0.8,-1.2,12,57,10,6,56,ar ARG,DF,Vélez Sarsfield,Primera Division Argentina,26,1996,16.1,736,522,212,23,0,0,35,188,1,0,1,0,509,2,16,ar ARG,DF,Vélez Sarsfield,Primera Division Argentina,26,1996,16.1,29,1.80,21,3,2,0,3,0,0,0.00,0,0,0,0,0,0,ar ARG,DF,Vélez Sarsfield,Primera Division Argentina,26,1996,16.1,49,30,31,17,1,27,47,57.4,20,19,5,14,21,70,38,0,ar ARG,DF,Vélez Sarsfield,Primera Division Argentina,26,1996,16.1,930,48,327,436,185,8,930,47,16,34.0,19,40.4,406,2238,1008,33,20,4,23,18,382,54,ar ARG,DF,Vélez Sarsfield,Primera Division Argentina,26,1996,19,"1,445",76,59.5,16.1,16,86,12,3,21,8,1.11,12,19,-7,-0.44,-0.80,14.5,14.2,+0.3,+0.02,+0.14,ar ARG,DF,Vélez Sarsfield,Primera Division Argentina,26,1996,16.1,3,0,0,25,28,3,35,21,30,0,0,0,130,20,24,45.5
Germán Guiffrey,ar ARG,DF,Gimnasia–LP,Primera Division Argentina,25,1997,1,1,77,0.9,0,0,0,0,0,0,0,0,0.0,0.0,0.0,0.0,2,4,0,0.00,0.00,0.00,0.00,0.00,0.00,0.00,0.00,0.00,0.00,ar ARG,DF,Gimnasia–LP,Primera Division Argentina,25,1997,0.9,0,0,0,0,0.00,0.00,0,0,0,0,0,0,0.0,0.0,0,0.0,0.0,ar ARG,DF,Gimnasia–LP,Primera Division Argentina,25,1997,0.9,29,45,64.4,605,448,11,16,68.8,13,18,72.2,5,10,50.0,0,0.0,0.1,0.0,0,6,2,2,4,ar ARG,DF,Gimnasia–LP,Primera Division Argentina,25,1997,0.9,45,30,15,0,0,1,3,15,0,0,0,0,29,0,0,ar ARG,DF,Gimnasia–LP,Primera Division Argentina,25,1997,0.9,1,1.17,1,0,0,0,0,0,0,0.00,0,0,0,0,0,0,ar ARG,DF,Gimnasia–LP,Primera Division Argentina,25,1997,0.9,4,4,2,2,0,1,1,100.0,0,0,0,0,1,5,1,0,ar ARG,DF,Gimnasia–LP,Primera Division Argentina,25,1997,0.9,55,2,14,28,13,1,55,2,1,50.0,1,50.0,18,104,74,2,1,0,0,0,14,0,ar ARG,DF,Gimnasia–LP,Primera Division Argentina,25,1997,1,77,77,3.2,0.9,1,77,0,0,0,2,2.00,1,0,+1,+1.17,+1.74,1.7,0.3,+1.4,+1.66,+1.88,ar ARG,DF,Gimnasia–LP,Primera Division Argentina,25,1997,0.9,0,0,0,1,2,0,3,1,4,0,0,0,8,1,0,100.0
Braian Guille,ar ARG,"MF,FW",Atlé Tucumán,Primera Division Argentina,25,1997,16,2,344,3.8,0,0,0,0,0,0,3,0,0.4,0.4,0.6,1.0,11,15,42,0.00,0.00,0.00,0.00,0.00,0.09,0.16,0.25,0.09,0.25,ar ARG,"MF,FW",Atlé Tucumán,Primera Division Argentina,25,1997,3.8,0,13,1,7.7,3.40,0.26,0.00,0.00,26.9,1,0,0,0.4,0.4,0.03,-0.4,-0.4,ar ARG,"MF,FW",Atlé Tucumán,Primera Division Argentina,25,1997,3.8,120,196,61.2,1988,708,62,81,76.5,36,58,62.1,14,36,38.9,0,0.6,1.0,-0.6,10,17,8,3,15,ar ARG,"MF,FW",Atlé Tucumán,Primera Division Argentina,25,1997,3.8,196,172,23,6,2,3,30,4,13,3,7,0,120,1,7,ar ARG,"MF,FW",Atlé Tucumán,Primera Division Argentina,25,1997,3.8,27,7.02,16,5,3,0,3,0,2,0.52,1,0,0,0,1,0,ar ARG,"MF,FW",Atlé Tucumán,Primera Division Argentina,25,1997,3.8,5,4,0,4,1,2,4,50.0,2,5,0,5,0,5,1,0,ar ARG,"MF,FW",Atlé Tucumán,Primera Division Argentina,25,1997,3.8,267,1,14,122,137,11,267,25,13,52.0,10,40.0,156,921,419,11,8,3,17,12,190,42,ar ARG,"MF,FW",Atlé Tucumán,Primera Division Argentina,25,1997,16,344,22,14.2,3.8,2,61,0,14,16,10,0.88,6,4,+2,+0.52,+0.70,4.2,3.6,+0.7,+0.17,+0.46,ar ARG,"MF,FW",Atlé Tucumán,Primera Division Argentina,25,1997,3.8,3,0,0,12,9,2,30,0,4,1,0,0,23,1,1,50.0
Adrián Guillermo Sánchez,ar ARG,MF,Atlé Tucumán,Primera Division Argentina,23,1999,23,17,"1,470",16.3,1,1,2,1,0,0,4,0,1.0,1.0,1.5,2.5,21,71,50,0.06,0.06,0.12,0.06,0.12,0.06,0.09,0.15,0.06,0.15,ar ARG,MF,Atlé Tucumán,Primera Division Argentina,23,1999,16.3,1,19,5,26.3,1.16,0.31,0.05,0.20,25.5,1,0,0,1.0,1.0,0.05,0.0,0.0,ar ARG,MF,Atlé Tucumán,Primera Division Argentina,23,1999,16.3,554,710,78.0,9510,3134,269,312,86.2,206,253,81.4,66,109,60.6,1,1.5,1.5,-0.5,19,64,22,10,71,ar ARG,MF,Atlé Tucumán,Primera Division Argentina,23,1999,16.3,710,658,50,17,2,5,45,20,13,2,9,0,554,2,13,ar ARG,MF,Atlé Tucumán,Primera Division Argentina,23,1999,16.3,37,2.26,32,5,0,0,0,0,1,0.06,1,0,0,0,0,0,ar ARG,MF,Atlé Tucumán,Primera Division Argentina,23,1999,16.3,43,25,18,21,4,22,47,46.8,25,33,4,29,13,56,33,0,ar ARG,MF,Atlé Tucumán,Primera Division Argentina,23,1999,16.3,924,32,167,523,247,12,924,21,10,47.6,10,47.6,456,2174,939,21,19,1,30,12,528,50,ar ARG,MF,Atlé Tucumán,Primera Division Argentina,23,1999,23,"1,470",64,60.5,16.3,17,80,8,6,19,3,1.39,17,18,-1,-0.06,+0.03,17.1,18.9,-1.8,-0.11,+0.28,ar ARG,MF,Atlé Tucumán,Primera Division Argentina,23,1999,16.3,4,0,0,19,14,0,45,13,25,0,0,0,120,23,20,53.5
Lautaro Guzmán,ar ARG,"FW,MF",Arsenal,Primera Division Argentina,23,2000,27,22,"1,874",20.8,2,3,5,1,1,2,2,0,3.6,2.0,2.8,4.8,44,50,152,0.10,0.14,0.24,0.05,0.19,0.17,0.13,0.30,0.10,0.23,ar ARG,"FW,MF",Arsenal,Primera Division Argentina,23,2000,20.8,2,36,9,25.0,1.73,0.43,0.03,0.11,27.0,8,1,2,3.6,2.0,0.06,-1.6,-1.0,ar ARG,"FW,MF",Arsenal,Primera Division Argentina,23,2000,20.8,445,692,64.3,7442,2320,241,294,82.0,135,200,67.5,51,133,38.3,3,2.8,3.1,+0.2,26,45,27,18,50,ar ARG,"FW,MF",Arsenal,Primera Division Argentina,23,2000,20.8,692,601,90,32,2,6,133,16,40,10,21,0,445,1,32,ar ARG,"FW,MF",Arsenal,Primera Division Argentina,23,2000,20.8,62,2.98,28,13,11,6,4,0,4,0.19,3,0,1,0,0,0,ar ARG,"FW,MF",Arsenal,Primera Division Argentina,23,2000,20.8,23,12,13,6,4,9,41,22.0,32,18,2,16,12,35,8,0,ar ARG,"FW,MF",Arsenal,Primera Division Argentina,23,2000,20.8,931,17,144,376,435,32,929,85,42,49.4,28,32.9,556,3624,1653,44,42,11,55,42,607,152,ar ARG,"FW,MF",Arsenal,Primera Division Argentina,23,2000,27,"1,874",69,77.1,20.8,22,81,10,5,20,0,0.81,15,26,-11,-0.53,+0.28,17.4,27.4,-10.1,-0.48,-0.24,ar ARG,"FW,MF",Arsenal,Primera Division Argentina,23,2000,20.8,2,0,0,14,54,6,133,12,12,0,0,0,125,6,27,18.2
Gabriel Hauche,ar ARG,"FW,MF",Racing Club,Primera Division Argentina,36,1986,25,18,"1,509",16.8,6,3,9,6,0,0,4,1,3.4,3.4,2.5,5.8,22,47,164,0.36,0.18,0.54,0.36,0.54,0.20,0.15,0.35,0.20,0.35,ar ARG,"FW,MF",Racing Club,Primera Division Argentina,36,1986,16.8,6,33,12,36.4,1.97,0.72,0.18,0.50,18.6,0,0,0,3.4,3.4,0.10,+2.6,+2.6,ar ARG,"FW,MF",Racing Club,Primera Division Argentina,36,1986,16.8,422,589,71.6,6408,1370,250,305,82.0,128,173,74.0,31,63,49.2,3,2.5,1.7,+0.5,16,27,21,11,47,ar ARG,"FW,MF",Racing Club,Primera Division Argentina,36,1986,16.8,589,569,17,1,0,3,51,8,1,0,0,0,422,3,24,ar ARG,"FW,MF",Racing Club,Primera Division Argentina,36,1986,16.8,42,2.51,33,0,1,5,3,0,6,0.36,5,0,1,0,0,0,ar ARG,"FW,MF",Racing Club,Primera Division Argentina,36,1986,16.8,12,10,2,9,1,5,23,21.7,18,14,0,14,4,16,6,0,ar ARG,"FW,MF",Racing Club,Primera Division Argentina,36,1986,16.8,728,3,63,314,356,52,728,21,9,42.9,8,38.1,447,1758,738,22,17,7,35,18,576,164,ar ARG,"FW,MF",Racing Club,Primera Division Argentina,36,1986,25,"1,509",60,62.1,16.8,18,68,3,7,40,1,1.36,28,20,+8,+0.48,+1.16,23.1,20.8,+2.3,+0.14,+0.81,ar ARG,"FW,MF",Racing Club,Primera Division Argentina,36,1986,16.8,4,1,0,19,17,5,51,4,10,1,0,0,57,1,14,6.7
Leonardo Heredia,ar ARG,"FW,MF",Arg Juniors,Primera Division Argentina,27,1996,18,7,658,7.3,4,1,5,4,0,0,2,1,3.5,3.5,0.8,4.3,13,23,55,0.55,0.14,0.68,0.55,0.68,0.48,0.11,0.59,0.48,0.59,ar ARG,"FW,MF",Arg Juniors,Primera Division Argentina,27,1996,7.3,4,16,8,50.0,2.19,1.09,0.25,0.50,11.3,0,0,0,3.5,3.5,0.23,+0.5,+0.5,ar ARG,"FW,MF",Arg Juniors,Primera Division Argentina,27,1996,7.3,191,256,74.6,2809,558,110,135,81.5,58,73,79.5,14,20,70.0,1,0.8,0.8,+0.2,12,14,5,1,23,ar ARG,"FW,MF",Arg Juniors,Primera Division Argentina,27,1996,7.3,256,241,11,1,0,3,9,0,3,0,3,0,191,4,8,ar ARG,"FW,MF",Arg Juniors,Primera Division Argentina,27,1996,7.3,25,3.43,21,1,0,2,1,0,2,0.27,1,0,0,1,0,0,ar ARG,"FW,MF",Arg Juniors,Primera Division Argentina,27,1996,7.3,5,4,3,1,1,0,0,0,0,5,0,5,2,7,3,0,ar ARG,"FW,MF",Arg Juniors,Primera Division Argentina,27,1996,7.3,326,2,17,176,137,36,326,15,10,66.7,5,33.3,170,739,334,13,9,3,21,10,242,55,ar ARG,"FW,MF",Arg Juniors,Primera Division Argentina,27,1996,18,658,37,27.1,7.3,7,60,0,11,21,7,1.17,7,10,-3,-0.41,-1.02,10.5,9.8,+0.7,+0.10,-0.54,ar ARG,"FW,MF",Arg Juniors,Primera Division Argentina,27,1996,7.3,2,1,0,8,8,5,9,2,4,0,0,0,25,18,26,40.9
Javier Hernán García,ar ARG,GK,Boca Juniors,Primera Division Argentina,36,1987,4,4,360,4.0,0,0,0,0,0,0,0,0,0.0,0.0,0.0,0.0,0,0,0,0.00,0.00,0.00,0.00,0.00,0.00,0.00,0.00,0.00,0.00,ar ARG,GK,Boca Juniors,Primera Division Argentina,36,1987,4.0,0,0,0,0,0.00,0.00,0,0,0,0,0,0,0.0,0.0,0,0.0,0.0,ar ARG,GK,Boca Juniors,Primera Division Argentina,36,1987,4.0,78,111,70.3,2020,1432,13,13,100.0,46,48,95.8,19,50,38.0,0,0.0,0.0,0.0,0,2,0,0,0,ar ARG,GK,Boca Juniors,Primera Division Argentina,36,1987,4.0,111,77,34,11,0,0,0,0,0,0,0,0,78,0,0,ar ARG,GK,Boca Juniors,Primera Division Argentina,36,1987,4.0,0,0.00,0,0,0,0,0,0,0,0.00,0,0,0,0,0,0,ar ARG,GK,Boca Juniors,Primera Division Argentina,36,1987,4.0,0,0,0,0,0,0,0,0,0,0,0,0,0,0,0,0,ar ARG,GK,Boca Juniors,Primera Division Argentina,36,1987,4.0,115,97,114,1,0,0,115,0,0,0,0,0,64,282,153,0,0,0,0,0,54,0,ar ARG,GK,Boca Juniors,Primera Division Argentina,36,1987,4,360,90,14.8,4.0,4,90,4,0,0,23,1.75,5,4,+1,+0.25,-0.10,5.9,1.4,+4.5,+1.14,+1.27,ar ARG,GK,Boca Juniors,Primera Division Argentina,36,1987,4.0,0,0,0,0,1,0,0,0,0,0,0,0,3,3,0,100.0
Gastón Hernández,ar ARG,DF,San Lorenzo,Primera Division Argentina,25,1998,23,23,"2,030",22.6,1,0,1,1,0,0,4,2,1.3,1.3,0.2,1.5,36,120,10,0.04,0.00,0.04,0.04,0.04,0.06,0.01,0.07,0.06,0.07,ar ARG,DF,San Lorenzo,Primera Division Argentina,25,1998,22.6,1,18,3,16.7,0.80,0.13,0.06,0.33,13.9,0,0,0,1.3,1.3,0.07,-0.3,-0.3,ar ARG,DF,San Lorenzo,Primera Division Argentina,25,1998,22.6,800,954,83.9,13861,5756,355,394,90.1,372,431,86.3,60,98,61.2,0,0.2,0.6,-0.2,4,88,6,1,120,ar ARG,DF,San Lorenzo,Primera Division Argentina,25,1998,22.6,954,921,29,23,1,3,7,6,0,0,0,0,800,4,9,ar ARG,DF,San Lorenzo,Primera Division Argentina,25,1998,22.6,18,0.80,17,0,0,1,0,0,0,0.00,0,0,0,0,0,0,ar ARG,DF,San Lorenzo,Primera Division Argentina,25,1998,22.6,53,30,30,22,1,33,52,63.5,19,28,12,16,45,98,69,0,ar ARG,DF,San Lorenzo,Primera Division Argentina,25,1998,22.6,1193,82,462,661,84,25,1193,14,13,92.9,1,7.1,647,3663,2462,36,23,1,12,7,700,10,ar ARG,DF,San Lorenzo,Primera Division Argentina,25,1998,23,"2,030",88,83.5,22.6,23,88,20,0,0,1,1.83,21,10,+11,+0.49,+0.71,24.2,16.2,+8.0,+0.36,+0.66,ar ARG,DF,San Lorenzo,Primera Division Argentina,25,1998,22.6,4,2,1,30,13,1,7,45,30,0,0,0,123,40,35,53.3
Juan Hernández,uy URU,DF,Sarmiento,Primera Division Argentina,25,1997,13,8,816,9.1,0,1,1,0,0,0,2,0,0.4,0.4,0.0,0.5,2,16,0,0.00,0.11,0.11,0.00,0.11,0.05,0.01,0.05,0.05,0.05,uy URU,DF,Sarmiento,Primera Division Argentina,25,1997,9.1,0,9,2,22.2,0.99,0.22,0.00,0.00,14.3,0,0,0,0.4,0.4,0.05,-0.4,-0.4,uy URU,DF,Sarmiento,Primera Division Argentina,25,1997,9.1,116,217,53.5,2655,1621,31,52,59.6,62,91,68.1,22,63,34.9,1,0.0,0.1,+1.0,2,16,2,0,16,uy URU,DF,Sarmiento,Primera Division Argentina,25,1997,9.1,217,208,7,6,0,1,2,1,0,0,0,0,116,2,2,uy URU,DF,Sarmiento,Primera Division Argentina,25,1997,9.1,6,0.66,5,0,0,1,0,0,1,0.11,1,0,0,0,0,0,uy URU,DF,Sarmiento,Primera Division Argentina,25,1997,9.1,19,11,8,11,0,9,19,47.4,10,13,4,9,12,31,47,0,uy URU,DF,Sarmiento,Primera Division Argentina,25,1997,9.1,330,51,169,140,24,15,330,2,2,100.0,0,0.0,110,416,263,2,0,0,5,4,110,0,uy URU,DF,Sarmiento,Primera Division Argentina,25,1997,13,816,63,33.6,9.1,8,82,6,5,32,9,1.23,7,9,-2,-0.22,-0.16,9.0,12.7,-3.8,-0.41,-0.19,uy URU,DF,Sarmiento,Primera Division Argentina,25,1997,9.1,2,0,0,11,7,0,2,12,11,0,0,0,38,45,24,65.2
Matías Hernández,ar ARG,DF,San Lorenzo,Primera Division Argentina,17,2005,1,0,1,0.0,0,0,0,0,0,0,0,0,0.0,0.0,0.0,0.0,0,0,0,0.00,0.00,0.00,0.00,0.00,0.00,0.00,0.00,0.00,0.00,ar ARG,DF,San Lorenzo,Primera Division Argentina,17,2005,0.0,0,0,0,0,0.00,0.00,0,0,0,0,0,0,0.0,0.0,0,0.0,0.0,ar ARG,DF,San Lorenzo,Primera Division Argentina,17,2005,0.0,0,0,0,0,0,0,0,0,0,0,0,0,0,0,0,0.0,0.0,0.0,0,0,0,0,0,ar ARG,DF,San Lorenzo,Primera Division Argentina,17,2005,0.0,0,0,0,0,0,0,0,0,0,0,0,0,0,0,0,ar ARG,DF,San Lorenzo,Primera Division Argentina,17,2005,0.0,0,0.00,0,0,0,0,0,0,0,0.00,0,0,0,0,0,0,ar ARG,DF,San Lorenzo,Primera Division Argentina,17,2005,0.0,0,0,0,0,0,0,0,0,0,0,0,0,0,0,0,0,ar ARG,DF,San Lorenzo,Primera Division Argentina,17,2005,0.0,0,0,0,0,0,0,0,0,0,0,0,0,0,0,0,0,0,0,0,0,0,0,ar ARG,DF,San Lorenzo,Primera Division Argentina,17,2005,1,1,1,0.0,0.0,0,0,0,1,1,5,1.00,0,0,0,0.00,-0.37,0.1,0.0,+0.1,+9.58,+9.34,ar ARG,DF,San Lorenzo,Primera Division Argentina,17,2005,0.0,0,0,0,0,0,0,0,0,0,0,0,0,0,0,0,0
Ezequiel Herrera,ar ARG,DF,San Lorenzo,Primera Division Argentina,20,2003,2,2,133,1.5,0,0,0,0,0,0,1,0,0.0,0.0,0.0,0.0,2,6,2,0.00,0.00,0.00,0.00,0.00,0.00,0.02,0.02,0.00,0.02,ar ARG,DF,San Lorenzo,Primera Division Argentina,20,2003,1.5,0,0,0,0,0.00,0.00,0,0,0,0,0,0,0.0,0.0,0,0.0,0.0,ar ARG,DF,San Lorenzo,Primera Division Argentina,20,2003,1.5,34,53,64.2,634,379,13,16,81.3,16,25,64.0,5,9,55.6,0,0.0,0.1,0.0,1,4,1,1,6,ar ARG,DF,San Lorenzo,Primera Division Argentina,20,2003,1.5,53,30,23,1,0,0,2,22,0,0,0,0,34,0,3,ar ARG,DF,San Lorenzo,Primera Division Argentina,20,2003,1.5,1,0.68,1,0,0,0,0,0,0,0.00,0,0,0,0,0,0,ar ARG,DF,San Lorenzo,Primera Division Argentina,20,2003,1.5,1,1,0,1,0,0,4,0.0,4,2,0,2,1,2,6,0,ar ARG,DF,San Lorenzo,Primera Division Argentina,20,2003,1.5,69,5,26,39,7,0,69,1,1,100.0,0,0.0,27,139,69,2,2,0,1,3,24,2,ar ARG,DF,San Lorenzo,Primera Division Argentina,20,2003,2,133,67,5.5,1.5,2,67,0,0,0,19,1.50,1,1,0,0.00,-0.39,0.2,1.7,-1.6,-1.08,-1.40,ar ARG,DF,San Lorenzo,Primera Division Argentina,20,2003,1.5,1,0,0,2,3,0,2,1,1,0,0,0,7,1,0,100.0
Guido Herrera,ar ARG,GK,Talleres,Primera Division Argentina,30,1992,27,27,"2,430",27.0,0,0,0,0,0,0,2,0,0.0,0.0,0.0,0.0,0,0,0,0.00,0.00,0.00,0.00,0.00,0.00,0.00,0.00,0.00,0.00,ar ARG,GK,Talleres,Primera Division Argentina,30,1992,27.0,0,0,0,0,0.00,0.00,0,0,0,0,0,0,0.0,0.0,0,0.0,0.0,ar ARG,GK,Talleres,Primera Division Argentina,30,1992,27.0,578,854,67.7,18560,13804,51,52,98.1,254,256,99.2,266,537,49.5,0,0.0,0.1,0.0,0,18,2,0,0,ar ARG,GK,Talleres,Primera Division Argentina,30,1992,27.0,854,571,282,85,0,3,0,0,0,0,0,0,578,1,1,ar ARG,GK,Talleres,Primera Division Argentina,30,1992,27.0,2,0.07,2,0,0,0,0,0,0,0.00,0,0,0,0,0,0,ar ARG,GK,Talleres,Primera Division Argentina,30,1992,27.0,2,1,2,0,0,2,3,66.7,1,0,0,0,1,3,11,0,ar ARG,GK,Talleres,Primera Division Argentina,30,1992,27.0,909,749,900,11,0,0,909,0,0,0,0,0,486,2772,2121,0,0,0,1,0,337,0,ar ARG,GK,Talleres,Primera Division Argentina,30,1992,27,"2,430",90,100.0,27.0,27,90,27,0,0,0,1.85,42,23,+19,+0.70,0,43.2,27.5,+15.8,+0.58,0,ar ARG,GK,Talleres,Primera Division Argentina,30,1992,27.0,2,0,0,0,9,0,0,1,1,0,0,0,18,8,1,88.9
José Herrera,ar ARG,"DF,FW",Arg Juniors,Primera Division Argentina,17,2005,13,2,313,3.5,0,0,0,0,0,1,1,0,1.0,0.2,1.1,1.3,7,13,34,0.00,0.00,0.00,0.00,0.00,0.29,0.31,0.60,0.06,0.37,ar ARG,"DF,FW",Arg Juniors,Primera Division Argentina,17,2005,3.5,0,4,1,25.0,1.15,0.29,0.00,0.00,25.5,0,0,1,1.0,0.2,0.05,-1.0,-0.2,ar ARG,"DF,FW",Arg Juniors,Primera Division Argentina,17,2005,3.5,91,127,71.7,1345,445,52,65,80.0,28,41,68.3,7,12,58.3,0,1.1,0.9,-1.1,7,4,5,2,13,ar ARG,"DF,FW",Arg Juniors,Primera Division Argentina,17,2005,3.5,127,120,7,1,0,0,16,2,4,3,0,0,91,0,5,ar ARG,"DF,FW",Arg Juniors,Primera Division Argentina,17,2005,3.5,14,4.03,11,1,0,0,2,0,0,0.00,0,0,0,0,0,0,ar ARG,"DF,FW",Arg Juniors,Primera Division Argentina,17,2005,3.5,6,4,0,1,5,1,6,16.7,5,6,0,6,0,6,0,0,ar ARG,"DF,FW",Arg Juniors,Primera Division Argentina,17,2005,3.5,170,1,13,69,91,10,169,16,9,56.3,5,31.3,93,510,175,7,5,1,11,6,122,34,ar ARG,"DF,FW",Arg Juniors,Primera Division Argentina,17,2005,13,313,24,12.9,3.5,2,62,0,11,17,8,1.46,2,1,+1,+0.29,-0.05,7.1,3.2,+3.9,+1.13,+0.72,ar ARG,"DF,FW",Arg Juniors,Primera Division Argentina,17,2005,3.5,1,0,0,5,6,1,16,0,4,1,0,0,13,6,16,27.3
Marcelo Herrera,ar ARG,DF,River Plate,Primera Division Argentina,24,1998,12,10,834,9.3,0,1,1,0,0,0,3,0,0.3,0.3,1.0,1.3,8,46,70,0.00,0.11,0.11,0.00,0.11,0.04,0.11,0.14,0.04,0.14,ar ARG,DF,River Plate,Primera Division Argentina,24,1998,9.3,0,12,3,25.0,1.29,0.32,0.00,0.00,24.1,0,0,0,0.3,0.3,0.03,-0.3,-0.3,ar ARG,DF,River Plate,Primera Division Argentina,24,1998,9.3,423,568,74.5,7111,3318,212,237,89.5,153,204,75.0,45,82,54.9,1,1.0,0.8,0.0,12,37,12,11,46,ar ARG,DF,River Plate,Primera Division Argentina,24,1998,9.3,568,460,102,8,0,2,35,94,0,0,0,0,423,6,13,ar ARG,DF,River Plate,Primera Division Argentina,24,1998,9.3,24,2.59,19,1,0,3,0,1,3,0.32,1,0,0,1,0,1,ar ARG,DF,River Plate,Primera Division Argentina,24,1998,9.3,23,16,13,9,1,10,22,45.5,12,8,2,6,17,40,21,0,ar ARG,DF,River Plate,Primera Division Argentina,24,1998,9.3,674,16,187,307,184,17,674,9,6,66.7,3,33.3,322,1090,554,8,10,0,14,4,372,70,ar ARG,DF,River Plate,Primera Division Argentina,24,1998,12,834,70,34.3,9.3,10,82,7,2,6,13,2.00,17,10,+7,+0.76,-0.54,13.4,8.6,+4.8,+0.51,-0.64,ar ARG,DF,River Plate,Primera Division Argentina,24,1998,9.3,3,0,0,19,3,0,35,17,16,0,0,0,54,14,16,46.7
Rodrigo Herrera,ar ARG,MF,Barracas Central,Primera Division Argentina,22,2000,20,11,"1,155",12.8,0,1,1,0,0,0,4,0,0.3,0.3,0.4,0.7,9,42,5,0.00,0.08,0.08,0.00,0.08,0.03,0.03,0.05,0.03,0.05,ar ARG,MF,Barracas Central,Primera Division Argentina,22,2000,12.8,0,7,0,0.0,0.55,0.00,0.00,0,17.2,0,0,0,0.3,0.3,0.05,-0.3,-0.3,ar ARG,MF,Barracas Central,Primera Division Argentina,22,2000,12.8,434,538,80.7,8005,2332,169,198,85.4,209,246,85.0,45,68,66.2,1,0.4,0.4,+0.6,10,39,6,2,42,ar ARG,MF,Barracas Central,Primera Division Argentina,22,2000,12.8,538,522,16,13,0,5,3,3,0,0,0,0,434,0,7,ar ARG,MF,Barracas Central,Primera Division Argentina,22,2000,12.8,18,1.40,15,0,0,2,1,0,1,0.08,1,0,0,0,0,0,ar ARG,MF,Barracas Central,Primera Division Argentina,22,2000,12.8,40,28,20,18,2,19,45,42.2,26,26,3,23,18,58,20,0,ar ARG,MF,Barracas Central,Primera Division Argentina,22,2000,12.8,706,29,186,460,68,6,706,16,7,43.8,6,37.5,304,1341,592,9,7,0,22,13,364,5,ar ARG,MF,Barracas Central,Primera Division Argentina,22,2000,20,"1,155",58,47.5,12.8,11,86,10,9,23,6,1.40,12,15,-3,-0.23,-0.09,10.2,14.4,-4.2,-0.33,-0.21,ar ARG,MF,Barracas Central,Primera Division Argentina,22,2000,12.8,4,0,0,29,17,2,3,18,28,0,0,0,100,21,21,50.0
Ibrahim Hesar,sy SYR,"MF,FW",Belgrano,Primera Division Argentina,29,1993,16,3,532,5.9,0,0,0,0,0,0,2,0,1.3,1.3,0.8,2.1,7,12,49,0.00,0.00,0.00,0.00,0.00,0.21,0.14,0.35,0.21,0.35,sy SYR,"MF,FW",Belgrano,Primera Division Argentina,29,1993,5.9,0,17,4,23.5,2.88,0.68,0.00,0.00,17.5,0,0,0,1.3,1.3,0.07,-1.3,-1.3,sy SYR,"MF,FW",Belgrano,Primera Division Argentina,29,1993,5.9,82,152,53.9,1229,481,44,61,72.1,27,45,60.0,6,14,42.9,0,0.8,0.9,-0.8,5,5,2,0,12,sy SYR,"MF,FW",Belgrano,Primera Division Argentina,29,1993,5.9,152,141,7,0,0,2,27,6,1,0,1,0,82,4,16,sy SYR,"MF,FW",Belgrano,Primera Division Argentina,29,1993,5.9,9,1.53,4,1,0,2,1,1,0,0.00,0,0,0,0,0,0,sy SYR,"MF,FW",Belgrano,Primera Division Argentina,29,1993,5.9,12,9,3,7,2,5,13,38.5,8,13,2,11,5,17,10,0,sy SYR,"MF,FW",Belgrano,Primera Division Argentina,29,1993,5.9,237,11,39,74,127,28,237,12,3,25.0,9,75.0,122,738,258,7,4,2,12,6,146,49,sy SYR,"MF,FW",Belgrano,Primera Division Argentina,29,1993,16,532,33,21.9,5.9,3,69,0,13,25,11,1.38,4,4,0,0.00,+0.28,6.4,7.4,-1.1,-0.18,+0.11,sy SYR,"MF,FW",Belgrano,Primera Division Argentina,29,1993,5.9,2,0,0,13,5,8,27,5,9,0,0,0,30,11,13,45.8
Santiago Hezze,ar ARG,MF,Huracán,Primera Division Argentina,21,2001,26,23,"2,124",23.6,2,0,2,2,0,1,5,0,2.4,1.7,0.9,2.6,30,161,32,0.08,0.00,0.08,0.08,0.08,0.10,0.04,0.14,0.07,0.11,ar ARG,MF,Huracán,Primera Division Argentina,21,2001,23.6,2,24,2,8.3,1.02,0.08,0.08,1.00,19.8,0,0,1,2.4,1.7,0.07,-0.4,+0.3,ar ARG,MF,Huracán,Primera Division Argentina,21,2001,23.6,893,1184,75.4,17346,5296,326,412,79.1,423,504,83.9,123,205,60.0,0,0.9,0.9,-0.9,16,107,12,1,161,ar ARG,MF,Huracán,Primera Division Argentina,21,2001,23.6,1184,1127,56,41,4,13,22,12,0,0,0,0,893,1,26,ar ARG,MF,Huracán,Primera Division Argentina,21,2001,23.6,34,1.44,29,0,1,0,0,4,0,0.00,0,0,0,0,0,0,ar ARG,MF,Huracán,Primera Division Argentina,21,2001,23.6,64,43,27,31,6,32,70,45.7,38,31,4,27,57,121,32,0,ar ARG,MF,Huracán,Primera Division Argentina,21,2001,23.6,1470,45,325,911,245,34,1469,22,14,63.6,7,31.8,692,3622,1731,30,20,1,37,14,798,32,ar ARG,MF,Huracán,Primera Division Argentina,21,2001,26,"2,124",82,87.4,23.6,23,88,20,3,31,0,0.96,17,25,-8,-0.34,+0.54,21.1,21.8,-0.8,-0.03,-0.42,ar ARG,MF,Huracán,Primera Division Argentina,21,2001,23.6,5,0,0,18,20,4,22,57,43,0,0,0,215,51,29,63.8
Santiago Hidalgo,ar ARG,"FW,MF",Independiente,Primera Division Argentina,17,2005,11,0,171,1.9,0,0,0,0,0,0,1,0,0.3,0.3,0.0,0.4,2,0,11,0.00,0.00,0.00,0.00,0.00,0.18,0.01,0.19,0.18,0.19,ar ARG,"FW,MF",Independiente,Primera Division Argentina,17,2005,1.9,0,5,0,0.0,2.63,0.00,0.00,0,13.9,0,0,0,0.3,0.3,0.07,-0.3,-0.3,ar ARG,"FW,MF",Independiente,Primera Division Argentina,17,2005,1.9,19,36,52.8,260,41,13,19,68.4,5,10,50.0,1,3,33.3,0,0.0,0.1,0.0,1,3,0,0,0,ar ARG,"FW,MF",Independiente,Primera Division Argentina,17,2005,1.9,36,35,1,0,0,0,2,0,0,0,0,0,19,0,2,ar ARG,"FW,MF",Independiente,Primera Division Argentina,17,2005,1.9,5,2.66,0,0,4,0,1,0,0,0.00,0,0,0,0,0,0,ar ARG,"FW,MF",Independiente,Primera Division Argentina,17,2005,1.9,5,3,1,4,0,2,8,25.0,6,4,0,4,2,7,1,0,ar ARG,"FW,MF",Independiente,Primera Division Argentina,17,2005,1.9,78,2,8,42,29,13,78,10,7,70.0,2,20.0,42,214,75,2,2,0,12,3,48,11,ar ARG,"FW,MF",Independiente,Primera Division Argentina,17,2005,11,171,16,7.0,1.9,0,0,0,11,16,15,0.45,1,2,-1,-0.53,-0.21,2.3,3.4,-1.1,-0.59,-0.61,ar ARG,"FW,MF",Independiente,Primera Division Argentina,17,2005,1.9,1,0,0,5,3,2,2,2,3,0,0,0,11,4,14,22.2
Lucas Hoyos,ar ARG,GK,Newell's OB,Primera Division Argentina,33,1989,27,27,"2,430",27.0,0,0,0,0,0,0,4,0,0.0,0.0,0.0,0.0,0,1,0,0.00,0.00,0.00,0.00,0.00,0.00,0.00,0.00,0.00,0.00,ar ARG,GK,Newell's OB,Primera Division Argentina,33,1989,27.0,0,0,0,0,0.00,0.00,0,0,0,0,0,0,0.0,0.0,0,0.0,0.0,ar ARG,GK,Newell's OB,Primera Division Argentina,33,1989,27.0,889,1126,79.0,22323,15129,194,194,100.0,473,477,99.2,220,452,48.7,0,0.0,0.0,0.0,1,21,0,0,1,ar ARG,GK,Newell's OB,Primera Division Argentina,33,1989,27.0,1126,887,239,59,0,6,0,0,0,0,0,0,889,0,1,ar ARG,GK,Newell's OB,Primera Division Argentina,33,1989,27.0,4,0.15,4,0,0,0,0,0,1,0.04,1,0,0,0,0,0,ar ARG,GK,Newell's OB,Primera Division Argentina,33,1989,27.0,2,2,2,0,0,2,2,100.0,0,0,0,0,1,3,11,2,ar ARG,GK,Newell's OB,Primera Division Argentina,33,1989,27.0,1176,741,1153,23,0,0,1176,2,1,50.0,1,50.0,746,4687,2951,0,0,0,1,1,636,0,ar ARG,GK,Newell's OB,Primera Division Argentina,33,1989,27,"2,430",90,100.0,27.0,27,90,27,0,0,0,1.30,24,24,0,0.00,0,25.3,26.5,-1.2,-0.05,0,ar ARG,GK,Newell's OB,Primera Division Argentina,33,1989,27.0,4,0,0,0,8,0,0,1,2,0,0,0,51,4,1,80.0
Matias Ibacache,cl CHI,DF,Belgrano,Primera Division Argentina,24,1999,15,15,"1,084",12.0,0,0,0,0,0,0,2,0,0.1,0.1,0.6,0.7,33,50,46,0.00,0.00,0.00,0.00,0.00,0.01,0.05,0.05,0.01,0.05,cl CHI,DF,Belgrano,Primera Division Argentina,24,1999,12.0,0,3,1,33.3,0.25,0.08,0.00,0.00,25.7,0,0,0,0.1,0.1,0.02,-0.1,-0.1,cl CHI,DF,Belgrano,Primera Division Argentina,24,1999,12.0,436,595,73.3,8097,3539,194,228,85.1,182,234,77.8,52,105,49.5,0,0.6,0.7,-0.6,5,44,8,7,50,cl CHI,DF,Belgrano,Primera Division Argentina,24,1999,12.0,595,442,151,8,0,7,34,142,1,0,1,0,436,2,16,cl CHI,DF,Belgrano,Primera Division Argentina,24,1999,12.0,15,1.25,11,4,0,0,0,0,2,0.17,2,0,0,0,0,0,cl CHI,DF,Belgrano,Primera Division Argentina,24,1999,12.0,13,8,4,9,0,8,13,61.5,5,4,2,2,3,16,24,1,cl CHI,DF,Belgrano,Primera Division Argentina,24,1999,12.0,688,24,217,320,155,4,688,23,9,39.1,13,56.5,296,1878,1051,33,21,2,10,7,362,46,cl CHI,DF,Belgrano,Primera Division Argentina,24,1999,15,"1,084",72,44.6,12.0,15,72,3,0,0,2,1.20,10,14,-4,-0.33,-0.20,8.3,16.5,-8.2,-0.68,-0.75,cl CHI,DF,Belgrano,Primera Division Argentina,24,1999,12.0,2,0,0,10,11,0,34,3,8,0,1,0,74,14,10,58.3
César Ibáñez,ar ARG,DF,Huracán,Primera Division Argentina,23,1999,6,4,340,3.8,0,0,0,0,0,0,0,0,0.1,0.1,0.2,0.3,11,20,16,0.00,0.00,0.00,0.00,0.00,0.02,0.06,0.08,0.02,0.08,ar ARG,DF,Huracán,Primera Division Argentina,23,1999,3.8,0,4,0,0.0,1.06,0.00,0.00,0,31.1,0,0,0,0.1,0.1,0.02,-0.1,-0.1,ar ARG,DF,Huracán,Primera Division Argentina,23,1999,3.8,138,225,61.3,2375,1034,72,86,83.7,48,72,66.7,17,61,27.9,0,0.2,0.3,-0.2,2,18,5,3,20,ar ARG,DF,Huracán,Primera Division Argentina,23,1999,3.8,225,167,57,5,1,1,17,51,1,0,1,0,138,1,4,ar ARG,DF,Huracán,Primera Division Argentina,23,1999,3.8,6,1.59,4,0,1,0,1,0,0,0.00,0,0,0,0,0,0,ar ARG,DF,Huracán,Primera Division Argentina,23,1999,3.8,16,14,12,3,1,11,17,64.7,6,7,0,7,4,20,8,0,ar ARG,DF,Huracán,Primera Division Argentina,23,1999,3.8,273,6,68,137,72,2,273,8,3,37.5,3,37.5,120,623,388,11,12,1,4,0,131,16,ar ARG,DF,Huracán,Primera Division Argentina,23,1999,6,340,57,14.0,3.8,4,77,2,2,17,6,0.50,0,6,-6,-1.59,-1.37,2.7,3.3,-0.7,-0.17,-0.23,ar ARG,DF,Huracán,Primera Division Argentina,23,1999,3.8,0,0,0,7,7,0,17,4,14,0,0,0,20,7,9,43.8
Joaquín Ibáñez,ar ARG,"FW,MF",Colón,Primera Division Argentina,26,1996,7,5,451,5.0,1,0,1,1,0,0,2,0,0.3,0.3,0.1,0.4,3,12,23,0.20,0.00,0.20,0.20,0.20,0.06,0.02,0.08,0.06,0.08,ar ARG,"FW,MF",Colón,Primera Division Argentina,26,1996,5.0,1,5,1,20.0,1.00,0.20,0.20,1.00,14.5,0,0,0,0.3,0.3,0.06,+0.7,+0.7,ar ARG,"FW,MF",Colón,Primera Division Argentina,26,1996,5.0,119,192,62.0,1742,783,64,87,73.6,46,73,63.0,2,13,15.4,0,0.1,0.1,-0.1,2,8,2,1,12,ar ARG,"FW,MF",Colón,Primera Division Argentina,26,1996,5.0,192,146,46,0,0,2,10,46,0,0,0,0,119,0,12,ar ARG,"FW,MF",Colón,Primera Division Argentina,26,1996,5.0,5,1.00,5,0,0,0,0,0,0,0.00,0,0,0,0,0,0,ar ARG,"FW,MF",Colón,Primera Division Argentina,26,1996,5.0,6,5,3,3,0,4,9,44.4,5,9,0,9,1,7,7,1,ar ARG,"FW,MF",Colón,Primera Division Argentina,26,1996,5.0,239,7,50,117,72,9,239,14,6,42.9,6,42.9,110,550,221,3,5,2,6,5,126,23,ar ARG,"FW,MF",Colón,Primera Division Argentina,26,1996,7,451,64,18.6,5.0,5,74,1,2,40,8,1.00,3,7,-4,-0.80,-0.39,5.8,6.7,-0.9,-0.18,+0.30,ar ARG,"FW,MF",Colón,Primera Division Argentina,26,1996,5.0,2,0,0,9,3,0,10,1,5,0,0,0,24,12,6,66.7
Wilson Ibarrola,py PAR,DF,Atlé Tucumán,Primera Division Argentina,26,1996,4,1,166,1.8,0,0,0,0,0,0,0,0,0.0,0.0,0.0,0.0,5,2,8,0.00,0.00,0.00,0.00,0.00,0.03,0.00,0.03,0.03,0.03,py PAR,DF,Atlé Tucumán,Primera Division Argentina,26,1996,1.8,0,1,0,0.0,0.54,0.00,0.00,0,26.2,0,0,0,0.0,0.0,0.05,0.0,0.0,py PAR,DF,Atlé Tucumán,Primera Division Argentina,26,1996,1.8,31,57,54.4,560,253,13,16,81.3,15,25,60.0,2,10,20.0,0,0.0,0.0,0.0,0,2,1,0,2,py PAR,DF,Atlé Tucumán,Primera Division Argentina,26,1996,1.8,57,40,15,0,0,0,9,15,0,0,0,0,31,2,2,py PAR,DF,Atlé Tucumán,Primera Division Argentina,26,1996,1.8,0,0.00,0,0,0,0,0,0,0,0.00,0,0,0,0,0,0,py PAR,DF,Atlé Tucumán,Primera Division Argentina,26,1996,1.8,5,4,3,1,1,2,5,40.0,3,2,0,2,0,5,11,0,py PAR,DF,Atlé Tucumán,Primera Division Argentina,26,1996,1.8,83,7,32,26,25,3,83,1,0,0.0,1,100.0,35,205,103,5,4,2,2,0,37,8,py PAR,DF,Atlé Tucumán,Primera Division Argentina,26,1996,4,166,42,6.8,1.8,1,90,1,3,25,22,1.75,3,2,+1,+0.54,+0.66,2.4,1.3,+1.1,+0.59,+0.86,py PAR,DF,Atlé Tucumán,Primera Division Argentina,26,1996,1.8,0,0,0,1,0,0,9,0,4,0,0,0,7,1,4,20.0
Juan Ignacio Díaz,ar ARG,DF,Barracas Central,Primera Division Argentina,24,1998,23,20,"1,748",19.4,0,1,1,0,0,0,4,0,0.1,0.1,0.4,0.6,16,74,19,0.00,0.05,0.05,0.00,0.05,0.01,0.02,0.03,0.01,0.03,ar ARG,DF,Barracas Central,Primera Division Argentina,24,1998,19.4,0,7,1,14.3,0.36,0.05,0.00,0.00,31.1,0,0,0,0.1,0.1,0.02,-0.1,-0.1,ar ARG,DF,Barracas Central,Primera Division Argentina,24,1998,19.4,635,911,69.7,11894,5997,268,325,82.5,272,354,76.8,80,193,41.5,1,0.4,0.6,+0.6,10,58,4,2,74,ar ARG,DF,Barracas Central,Primera Division Argentina,24,1998,19.4,911,775,136,29,1,9,16,106,0,0,0,0,635,0,17,ar ARG,DF,Barracas Central,Primera Division Argentina,24,1998,19.4,28,1.44,17,4,2,2,2,1,2,0.10,2,0,0,0,0,0,ar ARG,DF,Barracas Central,Primera Division Argentina,24,1998,19.4,55,35,30,23,2,22,43,51.2,21,31,11,20,44,99,69,0,ar ARG,DF,Barracas Central,Primera Division Argentina,24,1998,19.4,1164,88,499,548,131,11,1164,25,14,56.0,9,36.0,494,2340,1406,16,11,2,14,17,503,19,ar ARG,DF,Barracas Central,Primera Division Argentina,24,1998,23,"1,748",76,71.9,19.4,20,85,16,3,18,4,1.26,15,25,-10,-0.51,-1.17,14.3,21.8,-7.5,-0.38,-0.58,ar ARG,DF,Barracas Central,Primera Division Argentina,24,1998,19.4,4,0,0,15,23,1,16,44,35,0,1,0,155,46,31,59.7
Marcos Ignacio Ledesma,ar ARG,GK,Cen. Córdoba–SdE,Primera Division Argentina,26,1996,18,18,"1,620",18.0,0,0,0,0,0,0,0,0,0.0,0.0,0.0,0.0,0,0,0,0.00,0.00,0.00,0.00,0.00,0.00,0.00,0.00,0.00,0.00,ar ARG,GK,Cen. Córdoba–SdE,Primera Division Argentina,26,1996,18.0,0,0,0,0,0.00,0.00,0,0,0,0,0,0,0.0,0.0,0,0.0,0.0,ar ARG,GK,Cen. Córdoba–SdE,Primera Division Argentina,26,1996,18.0,228,501,45.5,9170,7752,20,20,100.0,79,83,95.2,129,397,32.5,0,0.0,0.0,0.0,0,16,0,0,0,ar ARG,GK,Cen. Córdoba–SdE,Primera Division Argentina,26,1996,18.0,501,250,251,56,0,2,0,0,0,0,0,0,228,0,1,ar ARG,GK,Cen. Córdoba–SdE,Primera Division Argentina,26,1996,18.0,3,0.17,1,2,0,0,0,0,1,0.06,1,0,0,0,0,0,ar ARG,GK,Cen. Córdoba–SdE,Primera Division Argentina,26,1996,18.0,0,0,0,0,0,0,1,0.0,1,0,0,0,1,1,7,2,ar ARG,GK,Cen. Córdoba–SdE,Primera Division Argentina,26,1996,18.0,536,462,533,3,0,0,536,0,0,0,0,0,209,1589,795,0,0,0,1,0,88,0,ar ARG,GK,Cen. Córdoba–SdE,Primera Division Argentina,26,1996,18,"1,620",90,66.7,18.0,18,90,18,0,0,8,1.11,14,21,-7,-0.39,-0.06,18.6,24.6,-6.0,-0.33,+0.19,ar ARG,GK,Cen. Córdoba–SdE,Primera Division Argentina,26,1996,18.0,0,0,0,0,3,0,0,1,0,0,0,0,8,2,1,66.7
Juan Ignacio Méndez,ar ARG,MF,Vélez Sarsfield,Primera Division Argentina,25,1997,13,10,844,9.4,0,0,0,0,0,0,3,0,0.1,0.1,0.1,0.2,4,31,1,0.00,0.00,0.00,0.00,0.00,0.01,0.01,0.02,0.01,0.02,ar ARG,MF,Vélez Sarsfield,Primera Division Argentina,25,1997,9.4,0,3,1,33.3,0.32,0.11,0.00,0.00,23.2,0,0,0,0.1,0.1,0.04,-0.1,-0.1,ar ARG,MF,Vélez Sarsfield,Primera Division Argentina,25,1997,9.4,338,434,77.9,6416,1913,121,143,84.6,171,212,80.7,37,61,60.7,0,0.1,0.1,-0.1,4,30,1,0,31,ar ARG,MF,Vélez Sarsfield,Primera Division Argentina,25,1997,9.4,434,420,14,11,0,5,0,1,0,0,0,0,338,0,5,ar ARG,MF,Vélez Sarsfield,Primera Division Argentina,25,1997,9.4,9,0.96,9,0,0,0,0,0,1,0.11,1,0,0,0,0,0,ar ARG,MF,Vélez Sarsfield,Primera Division Argentina,25,1997,9.4,26,17,7,18,1,12,22,54.5,10,8,0,8,3,29,14,0,ar ARG,MF,Vélez Sarsfield,Primera Division Argentina,25,1997,9.4,510,11,137,354,28,2,510,10,8,80.0,2,20.0,254,1100,426,4,3,0,10,11,299,1,ar ARG,MF,Vélez Sarsfield,Primera Division Argentina,25,1997,13,844,65,34.7,9.4,10,78,3,3,22,1,1.31,8,7,+1,+0.11,+0.33,7.0,6.4,+0.6,+0.07,+0.16,ar ARG,MF,Vélez Sarsfield,Primera Division Argentina,25,1997,9.4,3,0,0,18,6,0,0,3,17,0,0,0,73,8,6,57.1
Juan Infante,ar ARG,DF,Platense,Primera Division Argentina,27,1996,15,12,"1,076",12.0,0,1,1,0,0,0,2,0,0.2,0.2,0.2,0.3,26,48,39,0.00,0.08,0.08,0.00,0.08,0.01,0.02,0.03,0.01,0.03,ar ARG,DF,Platense,Primera Division Argentina,27,1996,12.0,0,6,2,33.3,0.50,0.17,0.00,0.00,18.3,0,0,0,0.2,0.2,0.03,-0.2,-0.2,ar ARG,DF,Platense,Primera Division Argentina,27,1996,12.0,320,511,62.6,4916,2518,182,223,81.6,124,195,63.6,13,50,26.0,1,0.2,0.3,+0.8,4,25,5,3,48,ar ARG,DF,Platense,Primera Division Argentina,27,1996,12.0,511,359,152,8,0,1,32,144,0,0,0,0,320,0,31,ar ARG,DF,Platense,Primera Division Argentina,27,1996,12.0,12,1.00,9,1,1,1,0,0,2,0.17,2,0,0,0,0,0,ar ARG,DF,Platense,Primera Division Argentina,27,1996,12.0,29,15,11,14,4,13,27,48.1,14,19,5,14,16,45,25,0,ar ARG,DF,Platense,Primera Division Argentina,27,1996,12.0,637,29,176,293,176,12,637,11,8,72.7,2,18.2,213,1345,681,26,16,2,20,7,249,39,ar ARG,DF,Platense,Primera Division Argentina,27,1996,15,"1,076",72,44.3,12.0,12,86,9,3,16,12,1.27,14,17,-3,-0.25,-0.25,10.7,16.7,-6.0,-0.50,-0.20,ar ARG,DF,Platense,Primera Division Argentina,27,1996,12.0,2,0,0,16,7,1,32,16,15,0,0,0,55,30,17,63.8
Gino Infantino,ar ARG,"MF,FW",Rosario Central,Primera Division Argentina,19,2003,17,7,810,9.0,1,1,2,1,0,0,2,0,1.3,1.3,0.8,2.1,17,24,47,0.11,0.11,0.22,0.11,0.22,0.15,0.09,0.23,0.15,0.23,ar ARG,"MF,FW",Rosario Central,Primera Division Argentina,19,2003,9.0,1,14,4,28.6,1.56,0.44,0.07,0.25,19.1,0,0,0,1.3,1.3,0.10,-0.3,-0.3,ar ARG,"MF,FW",Rosario Central,Primera Division Argentina,19,2003,9.0,214,271,79.0,2941,622,134,160,83.8,63,77,81.8,7,14,50.0,1,0.8,1.0,+0.2,6,18,5,1,24,ar ARG,"MF,FW",Rosario Central,Primera Division Argentina,19,2003,9.0,271,267,4,1,2,1,3,3,0,0,0,0,214,0,7,ar ARG,"MF,FW",Rosario Central,Primera Division Argentina,19,2003,9.0,20,2.22,13,1,1,1,3,1,1,0.11,1,0,0,0,0,0,ar ARG,"MF,FW",Rosario Central,Primera Division Argentina,19,2003,9.0,18,11,6,9,3,14,26,53.8,12,10,0,10,5,23,2,0,ar ARG,"MF,FW",Rosario Central,Primera Division Argentina,19,2003,9.0,390,1,47,215,133,16,390,28,18,64.3,10,35.7,243,1339,650,17,12,3,27,23,280,47,ar ARG,"MF,FW",Rosario Central,Primera Division Argentina,19,2003,17,810,48,33.3,9.0,7,81,4,10,24,5,1.65,13,17,-4,-0.44,-1.06,12.3,13.6,-1.3,-0.14,-0.17,ar ARG,"MF,FW",Rosario Central,Primera Division Argentina,19,2003,9.0,2,0,0,22,16,1,3,5,11,0,0,0,54,11,20,35.5
Manuel Insaurralde,ar ARG,"MF,DF",San Lorenzo,Primera Division Argentina,24,1999,2,0,15,0.2,0,0,0,0,0,0,1,0,0.0,0.0,0.0,0.0,1,0,1,0.00,0.00,0.00,0.00,0.00,0.00,0.00,0.00,0.00,0.00,ar ARG,"MF,DF",San Lorenzo,Primera Division Argentina,24,1999,0.2,0,0,0,0,0.00,0.00,0,0,0,0,0,0,0.0,0.0,0,0.0,0.0,ar ARG,"MF,DF",San Lorenzo,Primera Division Argentina,24,1999,0.2,3,4,75.0,25,6,2,2,100.0,0,1,0.0,0,0,0,0,0.0,0.0,0.0,0,0,0,0,0,ar ARG,"MF,DF",San Lorenzo,Primera Division Argentina,24,1999,0.2,4,4,0,0,0,0,0,0,0,0,0,0,3,0,0,ar ARG,"MF,DF",San Lorenzo,Primera Division Argentina,24,1999,0.2,0,0.00,0,0,0,0,0,0,0,0.00,0,0,0,0,0,0,ar ARG,"MF,DF",San Lorenzo,Primera Division Argentina,24,1999,0.2,2,2,1,1,0,1,3,33.3,2,0,0,0,0,2,0,0,ar ARG,"MF,DF",San Lorenzo,Primera Division Argentina,24,1999,0.2,6,1,3,2,1,0,6,0,0,0,0,0,3,21,6,1,0,0,0,0,3,1,ar ARG,"MF,DF",San Lorenzo,Primera Division Argentina,24,1999,2,15,8,0.6,0.2,0,0,0,2,8,17,2.00,0,0,0,0.00,-0.37,0.0,1.1,-1.0,-6.18,-6.46,ar ARG,"MF,DF",San Lorenzo,Primera Division Argentina,24,1999,0.2,1,0,0,1,1,0,0,0,2,0,0,0,1,1,0,100.0
Nelson Insfrán,ar ARG,GK,Gimnasia–LP,Primera Division Argentina,27,1995,1,1,90,1.0,0,0,0,0,0,0,0,0,0.0,0.0,0.0,0.0,0,0,0,0.00,0.00,0.00,0.00,0.00,0.00,0.00,0.00,0.00,0.00,ar ARG,GK,Gimnasia–LP,Primera Division Argentina,27,1995,1.0,0,0,0,0,0.00,0.00,0,0,0,0,0,0,0.0,0.0,0,0.0,0.0,ar ARG,GK,Gimnasia–LP,Primera Division Argentina,27,1995,1.0,21,34,61.8,840,690,2,2,100.0,5,5,100.0,14,26,53.8,0,0.0,0.0,0.0,0,0,0,0,0,ar ARG,GK,Gimnasia–LP,Primera Division Argentina,27,1995,1.0,34,15,18,5,0,0,0,0,0,0,0,0,21,1,0,ar ARG,GK,Gimnasia–LP,Primera Division Argentina,27,1995,1.0,1,1.00,1,0,0,0,0,0,0,0.00,0,0,0,0,0,0,ar ARG,GK,Gimnasia–LP,Primera Division Argentina,27,1995,1.0,0,0,0,0,0,0,0,0,0,0,0,0,0,0,1,0,ar ARG,GK,Gimnasia–LP,Primera Division Argentina,27,1995,1.0,38,36,38,0,0,0,38,0,0,0,0,0,14,117,93,0,0,0,0,0,6,0,ar ARG,GK,Gimnasia–LP,Primera Division Argentina,27,1995,1,90,90,3.7,1.0,1,90,1,0,0,26,1.50,0,3,-3,-3.00,-2.58,0.7,2.4,-1.7,-1.65,-1.55,ar ARG,GK,Gimnasia–LP,Primera Division Argentina,27,1995,1.0,0,0,0,0,0,0,0,0,0,0,0,0,1,0,0,0
Emanuel Insúa,ar ARG,DF,Banfield,Primera Division Argentina,31,1991,21,19,"1,695",18.8,2,0,2,2,0,0,7,1,1.6,1.6,0.5,2.1,47,59,45,0.11,0.00,0.11,0.11,0.11,0.09,0.02,0.11,0.09,0.11,ar ARG,DF,Banfield,Primera Division Argentina,31,1991,18.8,2,12,4,33.3,0.64,0.21,0.17,0.50,20.4,0,0,0,1.6,1.6,0.14,+0.4,+0.4,ar ARG,DF,Banfield,Primera Division Argentina,31,1991,18.8,536,810,66.2,9464,4869,245,302,81.1,226,327,69.1,51,132,38.6,0,0.5,0.5,-0.5,10,52,14,10,59,ar ARG,DF,Banfield,Primera Division Argentina,31,1991,18.8,810,578,231,13,0,3,48,217,1,0,1,0,536,1,27,ar ARG,DF,Banfield,Primera Division Argentina,31,1991,18.8,34,1.81,18,7,3,2,2,2,0,0.00,0,0,0,0,0,0,ar ARG,DF,Banfield,Primera Division Argentina,31,1991,18.8,67,42,37,28,2,32,55,58.2,23,22,2,20,27,94,47,0,ar ARG,DF,Banfield,Primera Division Argentina,31,1991,18.8,1054,62,340,505,236,12,1054,68,34,50.0,19,27.9,401,3021,1713,47,32,1,35,16,387,45,ar ARG,DF,Banfield,Primera Division Argentina,31,1991,21,"1,695",81,69.8,18.8,19,88,17,2,16,1,1.10,17,22,-5,-0.27,+0.47,18.7,18.4,+0.2,+0.01,-0.03,ar ARG,DF,Banfield,Primera Division Argentina,31,1991,18.8,7,1,0,31,25,3,48,27,42,0,0,0,162,31,19,62.0
Emiliano Insúa,ar ARG,DF,Racing Club,Primera Division Argentina,34,1989,12,8,831,9.2,0,1,1,0,0,0,3,0,0.3,0.3,0.7,1.0,20,79,6,0.00,0.11,0.11,0.00,0.11,0.03,0.08,0.11,0.03,0.11,ar ARG,DF,Racing Club,Primera Division Argentina,34,1989,9.2,0,3,1,33.3,0.32,0.11,0.00,0.00,14.0,0,0,0,0.3,0.3,0.09,-0.3,-0.3,ar ARG,DF,Racing Club,Primera Division Argentina,34,1989,9.2,663,735,90.2,12484,4300,235,249,94.4,372,392,94.9,49,82,59.8,1,0.7,1.0,+0.3,4,71,3,1,79,ar ARG,DF,Racing Club,Primera Division Argentina,34,1989,9.2,735,714,20,18,0,6,6,2,0,0,0,0,663,1,1,ar ARG,DF,Racing Club,Primera Division Argentina,34,1989,9.2,7,0.76,7,0,0,0,0,0,2,0.22,2,0,0,0,0,0,ar ARG,DF,Racing Club,Primera Division Argentina,34,1989,9.2,21,14,13,8,0,11,17,64.7,6,8,4,4,16,37,25,0,ar ARG,DF,Racing Club,Primera Division Argentina,34,1989,9.2,811,49,267,512,36,4,811,7,6,85.7,1,14.3,551,3283,2269,20,13,0,2,4,582,6,ar ARG,DF,Racing Club,Primera Division Argentina,34,1989,12,831,69,34.2,9.2,8,90,8,4,28,9,1.25,11,17,-6,-0.65,-1.04,10.6,13.1,-2.5,-0.27,-0.15,ar ARG,DF,Racing Club,Primera Division Argentina,34,1989,9.2,3,0,0,6,2,0,6,16,14,0,0,0,85,15,11,57.7
Rodrigo Insúa,ar ARG,DF,Barracas Central,Primera Division Argentina,25,1997,16,16,"1,404",15.6,0,2,2,0,0,0,2,0,0.7,0.7,1.4,2.1,39,67,60,0.00,0.13,0.13,0.00,0.13,0.04,0.09,0.13,0.04,0.13,ar ARG,DF,Barracas Central,Primera Division Argentina,25,1997,15.6,0,16,1,6.3,1.03,0.06,0.00,0.00,23.5,2,0,0,0.7,0.7,0.04,-0.7,-0.7,ar ARG,DF,Barracas Central,Primera Division Argentina,25,1997,15.6,424,685,61.9,7814,3915,176,218,80.7,184,278,66.2,54,139,38.8,2,1.4,1.5,+0.6,15,44,16,8,67,ar ARG,DF,Barracas Central,Primera Division Argentina,25,1997,15.6,685,505,175,20,0,4,63,149,4,1,3,0,424,5,28,ar ARG,DF,Barracas Central,Primera Division Argentina,25,1997,15.6,37,2.37,22,3,5,2,4,1,3,0.19,3,0,0,0,0,0,ar ARG,DF,Barracas Central,Primera Division Argentina,25,1997,15.6,28,19,16,7,5,21,33,63.6,12,19,3,16,13,41,36,0,ar ARG,DF,Barracas Central,Primera Division Argentina,25,1997,15.6,877,53,221,408,262,18,877,53,24,45.3,21,39.6,397,2288,1229,39,29,7,26,10,404,60,ar ARG,DF,Barracas Central,Primera Division Argentina,25,1997,16,"1,404",88,57.8,15.6,16,88,14,0,0,5,1.44,15,14,+1,+0.06,+0.59,14.1,13.1,+1.0,+0.07,+0.68,ar ARG,DF,Barracas Central,Primera Division Argentina,25,1997,15.6,2,0,0,18,32,2,63,13,19,0,0,0,106,20,21,48.8
Elian Irala,ar ARG,"MF,DF",San Lorenzo,Primera Division Argentina,18,2004,9,2,276,3.1,0,0,0,0,0,0,0,0,0.1,0.1,0.1,0.2,0,8,4,0.00,0.00,0.00,0.00,0.00,0.03,0.04,0.07,0.03,0.07,ar ARG,"MF,DF",San Lorenzo,Primera Division Argentina,18,2004,3.1,0,4,0,0.0,1.30,0.00,0.00,0,27.6,0,0,0,0.1,0.1,0.02,-0.1,-0.1,ar ARG,"MF,DF",San Lorenzo,Primera Division Argentina,18,2004,3.1,80,105,76.2,1398,428,40,52,76.9,32,37,86.5,7,13,53.8,0,0.1,0.1,-0.1,2,5,3,0,8,ar ARG,"MF,DF",San Lorenzo,Primera Division Argentina,18,2004,3.1,105,103,2,0,0,3,3,2,0,0,0,0,80,0,1,ar ARG,"MF,DF",San Lorenzo,Primera Division Argentina,18,2004,3.1,7,2.28,6,0,0,0,0,1,0,0.00,0,0,0,0,0,0,ar ARG,"MF,DF",San Lorenzo,Primera Division Argentina,18,2004,3.1,16,11,7,6,3,10,19,52.6,9,4,0,4,11,27,4,0,ar ARG,"MF,DF",San Lorenzo,Primera Division Argentina,18,2004,3.1,167,4,43,96,31,2,167,17,7,41.2,9,52.9,57,232,66,0,5,0,9,6,76,4,ar ARG,"MF,DF",San Lorenzo,Primera Division Argentina,18,2004,9,276,31,11.4,3.1,2,78,1,7,17,14,1.89,4,2,+2,+0.65,+0.32,2.3,3.1,-0.7,-0.24,-0.55,ar ARG,"MF,DF",San Lorenzo,Primera Division Argentina,18,2004,3.1,0,0,0,6,2,0,3,11,11,0,0,0,23,5,7,41.7
Kevin Isa,ar ARG,MF,Atlé Tucumán,Primera Division Argentina,21,2001,1,0,1,0.0,0,0,0,0,0,0,0,0,0.0,0.0,0.0,0.0,0,0,0,0.00,0.00,0.00,0.00,0.00,0.00,2.92,2.92,0.00,2.92,ar ARG,MF,Atlé Tucumán,Primera Division Argentina,21,2001,0.0,0,0,0,0,0.00,0.00,0,0,0,0,0,0,0.0,0.0,0,0.0,0.0,ar ARG,MF,Atlé Tucumán,Primera Division Argentina,21,2001,0.0,4,5,80.0,48,7,3,4,75.0,1,1,100.0,0,0,0,0,0.0,0.0,0.0,1,0,0,0,0,ar ARG,MF,Atlé Tucumán,Primera Division Argentina,21,2001,0.0,5,5,0,0,0,0,0,0,0,0,0,0,4,0,0,ar ARG,MF,Atlé Tucumán,Primera Division Argentina,21,2001,0.0,1,90.00,1,0,0,0,0,0,0,0.00,0,0,0,0,0,0,ar ARG,MF,Atlé Tucumán,Primera Division Argentina,21,2001,0.0,1,1,1,0,0,0,0,0,0,0,0,0,0,1,0,0,ar ARG,MF,Atlé Tucumán,Primera Division Argentina,21,2001,0.0,6,0,1,2,3,0,6,0,0,0,0,0,2,70,0,0,0,0,1,0,3,0,ar ARG,MF,Atlé Tucumán,Primera Division Argentina,21,2001,1,1,1,0.0,0.0,0,0,0,1,1,6,0.00,0,0,0,0.00,+0.07,0.0,0.0,0.0,+1.21,+1.43,ar ARG,MF,Atlé Tucumán,Primera Division Argentina,21,2001,0.0,0,0,0,0,0,0,0,0,1,0,0,0,1,0,0,0
Miguel Jacquet Duarte,py PAR,DF,Platense,Primera Division Argentina,27,1995,12,9,764,8.5,0,1,1,0,0,0,1,1,0.3,0.3,0.7,1.0,3,14,3,0.00,0.12,0.12,0.00,0.12,0.03,0.08,0.11,0.03,0.11,py PAR,DF,Platense,Primera Division Argentina,27,1995,8.5,0,8,4,50.0,0.94,0.47,0.00,0.00,14.7,0,0,0,0.3,0.3,0.04,-0.3,-0.3,py PAR,DF,Platense,Primera Division Argentina,27,1995,8.5,114,209,54.5,2603,1087,28,49,57.1,60,93,64.5,26,62,41.9,1,0.7,0.1,+0.3,4,12,3,0,14,py PAR,DF,Platense,Primera Division Argentina,27,1995,8.5,209,198,10,7,0,2,1,3,0,0,0,0,114,1,2,py PAR,DF,Platense,Primera Division Argentina,27,1995,8.5,8,0.94,3,1,0,4,0,0,1,0.12,0,0,0,1,0,0,py PAR,DF,Platense,Primera Division Argentina,27,1995,8.5,10,4,5,5,0,7,10,70.0,3,9,6,3,8,18,56,1,py PAR,DF,Platense,Primera Division Argentina,27,1995,8.5,310,57,168,122,23,14,310,0,0,0,0,0,86,378,213,3,1,0,2,0,96,3,py PAR,DF,Platense,Primera Division Argentina,27,1995,12,764,64,31.4,8.5,9,78,5,3,21,7,1.50,10,10,0,0.00,+0.16,6.8,13.8,-7.0,-0.82,-0.63,py PAR,DF,Platense,Primera Division Argentina,27,1995,8.5,1,1,0,12,8,0,1,8,4,0,0,0,28,52,14,78.8
Lucas Janson,ar ARG,FW,Vélez Sarsfield,Primera Division Argentina,28,1994,20,15,"1,277",14.2,4,0,4,3,1,1,3,1,3.4,2.7,1.2,3.8,14,49,90,0.28,0.00,0.28,0.21,0.21,0.24,0.08,0.32,0.19,0.27,ar ARG,FW,Vélez Sarsfield,Primera Division Argentina,28,1994,14.2,4,28,9,32.1,1.97,0.63,0.11,0.33,17.2,2,1,1,3.4,2.7,0.10,+0.6,+0.3,ar ARG,FW,Vélez Sarsfield,Primera Division Argentina,28,1994,14.2,291,401,72.6,4525,1142,164,201,81.6,90,115,78.3,24,43,55.8,0,1.2,0.6,-1.2,17,36,9,2,49,ar ARG,FW,Vélez Sarsfield,Primera Division Argentina,28,1994,14.2,401,393,6,2,0,10,13,3,0,0,0,0,291,2,19,ar ARG,FW,Vélez Sarsfield,Primera Division Argentina,28,1994,14.2,28,1.97,24,0,1,1,2,0,0,0.00,0,0,0,0,0,0,ar ARG,FW,Vélez Sarsfield,Primera Division Argentina,28,1994,14.2,8,5,1,6,1,1,19,5.3,18,12,4,8,7,15,10,0,ar ARG,FW,Vélez Sarsfield,Primera Division Argentina,28,1994,14.2,581,13,70,289,230,34,580,39,14,35.9,21,53.8,390,1767,639,14,12,3,48,30,448,90,ar ARG,FW,Vélez Sarsfield,Primera Division Argentina,28,1994,20,"1,277",64,52.6,14.2,15,76,5,5,28,2,0.90,10,10,0,0.00,+0.23,12.3,13.3,-1.1,-0.07,-0.08,ar ARG,FW,Vélez Sarsfield,Primera Division Argentina,28,1994,14.2,3,1,1,12,30,6,13,7,5,0,0,0,70,20,24,45.5
Franco Jara,ar ARG,FW,Belgrano,Primera Division Argentina,34,1988,19,11,889,9.9,1,1,2,1,0,0,3,1,1.2,1.2,1.5,2.8,10,12,87,0.10,0.10,0.20,0.10,0.20,0.12,0.15,0.28,0.12,0.28,ar ARG,FW,Belgrano,Primera Division Argentina,34,1988,9.9,1,15,5,33.3,1.52,0.51,0.07,0.20,21.0,0,0,0,1.2,1.2,0.08,-0.2,-0.2,ar ARG,FW,Belgrano,Primera Division Argentina,34,1988,9.9,152,214,71.0,2242,360,86,110,78.2,43,55,78.2,12,13,92.3,1,1.5,1.9,-0.5,11,4,7,1,12,ar ARG,FW,Belgrano,Primera Division Argentina,34,1988,9.9,214,202,11,0,0,2,19,2,0,0,0,0,152,1,17,ar ARG,FW,Belgrano,Primera Division Argentina,34,1988,9.9,25,2.53,16,0,1,2,6,0,3,0.30,2,0,0,1,0,0,ar ARG,FW,Belgrano,Primera Division Argentina,34,1988,9.9,16,7,2,9,5,3,16,18.8,13,15,0,15,1,17,14,0,ar ARG,FW,Belgrano,Primera Division Argentina,34,1988,9.9,357,14,28,140,191,36,357,20,6,30.0,11,55.0,209,1025,259,10,3,7,46,17,255,87,ar ARG,FW,Belgrano,Primera Division Argentina,34,1988,19,889,47,36.6,9.9,11,68,1,8,18,6,1.11,10,11,-1,-0.10,+0.19,8.5,11.5,-3.0,-0.30,-0.06,ar ARG,FW,Belgrano,Primera Division Argentina,34,1988,9.9,3,1,1,22,18,2,19,1,7,0,0,0,26,14,21,40.0
Leonardo Jara,ar ARG,"DF,MF",Vélez Sarsfield,Primera Division Argentina,31,1991,11,8,634,7.0,1,1,2,1,0,0,1,0,0.9,0.9,0.2,1.1,7,34,19,0.14,0.14,0.28,0.14,0.28,0.13,0.03,0.15,0.13,0.15,ar ARG,"DF,MF",Vélez Sarsfield,Primera Division Argentina,31,1991,7.0,1,6,1,16.7,0.85,0.14,0.17,1.00,16.1,0,0,0,0.9,0.9,0.15,+0.1,+0.1,ar ARG,"DF,MF",Vélez Sarsfield,Primera Division Argentina,31,1991,7.0,261,377,69.2,4881,2354,111,127,87.4,115,157,73.2,30,74,40.5,1,0.2,0.2,+0.8,3,24,5,0,34,ar ARG,"DF,MF",Vélez Sarsfield,Primera Division Argentina,31,1991,7.0,377,310,66,6,0,3,9,60,0,0,0,0,261,1,8,ar ARG,"DF,MF",Vélez Sarsfield,Primera Division Argentina,31,1991,7.0,7,1.00,6,1,0,0,0,0,1,0.14,0,1,0,0,0,0,ar ARG,"DF,MF",Vélez Sarsfield,Primera Division Argentina,31,1991,7.0,26,20,20,6,0,20,27,74.1,7,8,2,6,10,36,18,0,ar ARG,"DF,MF",Vélez Sarsfield,Primera Division Argentina,31,1991,7.0,450,19,152,242,62,4,450,7,4,57.1,2,28.6,228,940,448,7,6,0,3,6,224,19,ar ARG,"DF,MF",Vélez Sarsfield,Primera Division Argentina,31,1991,11,634,58,26.1,7.0,8,77,5,3,7,9,1.18,10,7,+3,+0.43,+0.73,7.4,8.0,-0.6,-0.09,-0.07,ar ARG,"DF,MF",Vélez Sarsfield,Primera Division Argentina,31,1991,7.0,1,0,0,8,8,1,9,10,20,0,1,0,58,12,6,66.7
Jony,ar ARG,"FW,MF",Newell's OB,Primera Division Argentina,28,1994,7,4,375,4.2,0,0,0,0,0,0,0,0,0.4,0.4,0.3,0.7,4,16,45,0.00,0.00,0.00,0.00,0.00,0.09,0.07,0.16,0.09,0.16,ar ARG,"FW,MF",Newell's OB,Primera Division Argentina,28,1994,4.2,0,8,3,37.5,1.92,0.72,0.00,0.00,22.8,0,0,0,0.4,0.4,0.05,-0.4,-0.4,ar ARG,"FW,MF",Newell's OB,Primera Division Argentina,28,1994,4.2,84,112,75.0,1234,359,57,68,83.8,23,32,71.9,3,8,37.5,0,0.3,0.3,-0.3,6,10,6,1,16,ar ARG,"FW,MF",Newell's OB,Primera Division Argentina,28,1994,4.2,112,105,7,0,1,0,14,3,4,1,3,0,84,0,0,ar ARG,"FW,MF",Newell's OB,Primera Division Argentina,28,1994,4.2,8,1.91,6,2,0,0,0,0,0,0.00,0,0,0,0,0,0,ar ARG,"FW,MF",Newell's OB,Primera Division Argentina,28,1994,4.2,4,1,1,3,0,1,9,11.1,8,4,0,4,0,4,2,0,ar ARG,"FW,MF",Newell's OB,Primera Division Argentina,28,1994,4.2,157,2,12,58,89,5,157,19,7,36.8,10,52.6,115,614,246,4,4,1,13,8,121,45,ar ARG,"FW,MF",Vélez Sarsfield,Primera Division Argentina,28,1994,0,0,0,0,0,0,0,0,0,0,1,0,0,0,0,0,0,0,0,0,0,0,ar ARG,"FW,MF",Newell's OB,Primera Division Argentina,28,1994,4.2,0,0,0,2,3,0,14,0,1,0,0,0,12,1,1,50.0
Federico Jourdan,ar ARG,"MF,DF",Cen. Córdoba–SdE,Primera Division Argentina,32,1991,12,2,370,4.1,0,0,0,0,0,0,2,0,0.5,0.5,0.3,0.8,7,10,34,0.00,0.00,0.00,0.00,0.00,0.13,0.07,0.19,0.13,0.19,ar ARG,"MF,DF",Cen. Córdoba–SdE,Primera Division Argentina,32,1991,4.1,0,4,0,0.0,0.97,0.00,0.00,0,15.6,0,0,0,0.5,0.5,0.13,-0.5,-0.5,ar ARG,"MF,DF",Cen. Córdoba–SdE,Primera Division Argentina,32,1991,4.1,74,126,58.7,1084,436,42,51,82.4,25,46,54.3,4,13,30.8,0,0.3,0.4,-0.3,6,7,5,3,10,ar ARG,"MF,DF",Cen. Córdoba–SdE,Primera Division Argentina,32,1991,4.1,126,115,11,1,0,0,21,10,0,0,0,0,74,0,13,ar ARG,"MF,DF",Cen. Córdoba–SdE,Primera Division Argentina,32,1991,4.1,8,1.94,7,0,0,0,1,0,0,0.00,0,0,0,0,0,0,ar ARG,"MF,DF",Cen. Córdoba–SdE,Primera Division Argentina,32,1991,4.1,8,5,3,3,2,6,7,85.7,1,3,1,2,1,9,3,0,ar ARG,"MF,DF",Cen. Córdoba–SdE,Primera Division Argentina,32,1991,4.1,187,3,40,62,88,11,187,19,3,15.8,13,68.4,105,761,299,7,11,0,14,5,113,34,ar ARG,"MF,DF",Cen. Córdoba–SdE,Primera Division Argentina,32,1991,12,370,31,15.2,4.1,2,72,0,10,23,14,0.69,2,5,-3,-0.73,-0.42,5.3,7.2,-1.9,-0.46,-0.08,ar ARG,"MF,DF",Cen. Córdoba–SdE,Primera Division Argentina,32,1991,4.1,2,0,0,2,6,5,21,1,5,0,0,0,37,6,6,50.0
Alex Juárez,ar ARG,MF,Barracas Central,Primera Division Argentina,18,2004,1,0,5,0.1,0,0,0,0,0,0,0,0,0.0,0.0,0.0,0.0,0,0,0,0.00,0.00,0.00,0.00,0.00,0.00,0.00,0.00,0.00,0.00,ar ARG,MF,Barracas Central,Primera Division Argentina,18,2004,0.1,0,0,0,0,0.00,0.00,0,0,0,0,0,0,0.0,0.0,0,0.0,0.0,ar ARG,MF,Barracas Central,Primera Division Argentina,18,2004,0.1,0,0,0,0,0,0,0,0,0,0,0,0,0,0,0,0.0,0.0,0.0,0,0,0,0,0,ar ARG,MF,Barracas Central,Primera Division Argentina,18,2004,0.1,0,0,0,0,0,0,0,0,0,0,0,0,0,0,0,ar ARG,MF,Barracas Central,Primera Division Argentina,18,2004,0.1,0,0.00,0,0,0,0,0,0,0,0.00,0,0,0,0,0,0,ar ARG,MF,Barracas Central,Primera Division Argentina,18,2004,0.1,0,0,0,0,0,0,0,0,0,0,0,0,0,0,0,0,ar ARG,MF,Barracas Central,Primera Division Argentina,18,2004,0.1,0,0,0,0,0,0,0,0,0,0,0,0,0,0,0,0,0,0,0,0,0,0,ar ARG,MF,Barracas Central,Primera Division Argentina,18,2004,1,5,5,0.2,0.1,0,0,0,1,5,9,0.00,0,0,0,0.00,+0.19,0.1,0.1,0.0,-0.48,-0.25,ar ARG,MF,Barracas Central,Primera Division Argentina,18,2004,0.1,0,0,0,0,0,0,0,0,0,0,0,0,0,0,0,0
Daniel Juárez,ar ARG,"MF,FW",Unión,Primera Division Argentina,21,2001,16,9,651,7.2,0,1,1,0,0,0,0,0,0.7,0.7,0.3,1.0,11,17,28,0.00,0.14,0.14,0.00,0.14,0.09,0.04,0.14,0.09,0.14,ar ARG,"MF,FW",Unión,Primera Division Argentina,21,2001,7.2,0,15,3,20.0,2.07,0.41,0.00,0.00,22.5,0,0,0,0.7,0.7,0.05,-0.7,-0.7,ar ARG,"MF,FW",Unión,Primera Division Argentina,21,2001,7.2,115,184,62.5,1640,492,69,95,72.6,32,51,62.7,6,16,37.5,1,0.3,0.3,+0.7,6,10,7,1,17,ar ARG,"MF,FW",Unión,Primera Division Argentina,21,2001,7.2,184,177,7,1,1,0,9,2,2,1,0,0,115,0,7,ar ARG,"MF,FW",Unión,Primera Division Argentina,21,2001,7.2,19,2.62,12,0,2,4,1,0,3,0.41,2,0,1,0,0,0,ar ARG,"MF,FW",Unión,Primera Division Argentina,21,2001,7.2,14,9,5,5,4,7,23,30.4,16,12,1,11,3,17,5,0,ar ARG,"MF,FW",Unión,Primera Division Argentina,21,2001,7.2,269,4,48,118,110,17,269,18,6,33.3,10,55.6,155,943,358,11,11,3,16,8,162,28,ar ARG,"MF,FW",Unión,Primera Division Argentina,21,2001,16,651,41,26.8,7.2,9,61,0,7,14,5,0.81,5,10,-5,-0.69,-0.64,7.2,8.5,-1.3,-0.18,+0.09,ar ARG,"MF,FW",Unión,Primera Division Argentina,21,2001,7.2,0,0,0,12,5,1,9,3,9,0,0,0,44,13,18,41.9
Enzo Kalinski,ar ARG,MF,Cen. Córdoba–SdE,Primera Division Argentina,35,1987,14,8,658,7.3,1,0,1,1,0,0,3,0,0.7,0.7,0.1,0.9,4,26,6,0.14,0.00,0.14,0.14,0.14,0.10,0.02,0.12,0.10,0.12,ar ARG,MF,Cen. Córdoba–SdE,Primera Division Argentina,35,1987,7.3,1,7,4,57.1,0.96,0.55,0.14,0.25,14.2,0,0,0,0.7,0.7,0.11,+0.3,+0.3,ar ARG,MF,Cen. Córdoba–SdE,Primera Division Argentina,35,1987,7.3,219,297,73.7,3581,1153,116,138,84.1,81,104,77.9,19,40,47.5,0,0.1,0.2,-0.1,5,30,3,0,26,ar ARG,MF,Cen. Córdoba–SdE,Primera Division Argentina,35,1987,7.3,297,286,7,5,0,1,0,2,0,0,0,0,219,4,6,ar ARG,MF,Cen. Córdoba–SdE,Primera Division Argentina,35,1987,7.3,12,1.64,9,0,0,1,1,1,1,0.14,1,0,0,0,0,0,ar ARG,MF,Cen. Córdoba–SdE,Primera Division Argentina,35,1987,7.3,22,13,9,10,3,12,18,66.7,6,5,2,3,13,35,25,1,ar ARG,MF,Cen. Córdoba–SdE,Primera Division Argentina,35,1987,7.3,388,28,98,252,45,8,388,10,6,60.0,3,30.0,184,827,379,4,3,0,8,13,187,6,ar ARG,MF,Cen. Córdoba–SdE,Primera Division Argentina,35,1987,14,658,47,27.1,7.3,8,71,4,6,16,8,0.93,6,9,-3,-0.41,-0.05,6.7,10.7,-4.0,-0.54,-0.20,ar ARG,MF,Cen. Córdoba–SdE,Primera Division Argentina,35,1987,7.3,3,0,0,13,4,2,0,13,13,0,1,0,79,16,12,57.1
Bautista Kociubinski,ar ARG,MF,Atlé Tucumán,Primera Division Argentina,21,2001,21,13,"1,266",14.1,2,0,2,2,0,0,3,0,0.7,0.7,0.5,1.1,7,83,3,0.14,0.00,0.14,0.14,0.14,0.05,0.03,0.08,0.05,0.08,ar ARG,MF,Atlé Tucumán,Primera Division Argentina,21,2001,14.1,2,17,5,29.4,1.21,0.36,0.12,0.40,26.7,4,0,0,0.7,0.7,0.04,+1.3,+1.3,ar ARG,MF,Atlé Tucumán,Primera Division Argentina,21,2001,14.1,568,685,82.9,10812,3507,221,259,85.3,258,293,88.1,78,108,72.2,0,0.5,0.7,-0.5,12,62,10,1,83,ar ARG,MF,Atlé Tucumán,Primera Division Argentina,21,2001,14.1,685,651,31,15,1,6,21,1,15,0,13,0,568,3,8,ar ARG,MF,Atlé Tucumán,Primera Division Argentina,21,2001,14.1,25,1.78,15,6,0,3,1,0,0,0.00,0,0,0,0,0,0,ar ARG,MF,Atlé Tucumán,Primera Division Argentina,21,2001,14.1,42,21,18,22,2,15,34,44.1,19,18,2,16,28,70,20,0,ar ARG,MF,Atlé Tucumán,Primera Division Argentina,21,2001,14.1,844,41,187,583,85,7,844,11,8,72.7,3,27.3,420,1701,821,7,7,0,18,14,452,3,ar ARG,MF,Atlé Tucumán,Primera Division Argentina,21,2001,21,"1,266",60,52.1,14.1,13,84,9,8,21,3,1.48,12,16,-4,-0.28,-0.44,11.7,19.2,-7.5,-0.53,-0.66,ar ARG,MF,Atlé Tucumán,Primera Division Argentina,21,2001,14.1,3,0,0,19,8,0,21,28,21,0,0,0,120,25,22,53.2
Matías Kranevitter,ar ARG,MF,River Plate,Primera Division Argentina,29,1993,9,2,370,4.1,0,0,0,0,0,0,0,0,0.0,0.0,0.0,0.0,2,15,4,0.00,0.00,0.00,0.00,0.00,0.00,0.00,0.00,0.00,0.00,ar ARG,MF,River Plate,Primera Division Argentina,29,1993,4.1,0,0,0,0,0.00,0.00,0,0,0,0,0,0,0.0,0.0,0,0.0,0.0,ar ARG,MF,River Plate,Primera Division Argentina,29,1993,4.1,185,220,84.1,3352,963,75,83,90.4,79,91,86.8,24,31,77.4,0,0.0,0.1,0.0,0,14,0,0,15,ar ARG,MF,River Plate,Primera Division Argentina,29,1993,4.1,220,207,13,13,0,0,0,0,0,0,0,0,185,0,4,ar ARG,MF,River Plate,Primera Division Argentina,29,1993,4.1,4,0.97,4,0,0,0,0,0,1,0.24,1,0,0,0,0,0,ar ARG,MF,River Plate,Primera Division Argentina,29,1993,4.1,7,5,1,6,0,4,11,36.4,7,2,0,2,1,8,9,0,ar ARG,MF,River Plate,Primera Division Argentina,29,1993,4.1,250,8,53,178,20,0,250,6,3,50.0,2,33.3,120,464,233,2,2,0,1,3,152,4,ar ARG,MF,River Plate,Primera Division Argentina,29,1993,9,370,41,15.2,4.1,2,90,2,7,27,4,2.22,8,8,0,0.00,-1.31,6.9,5.1,+1.8,+0.44,-0.58,ar ARG,MF,River Plate,Primera Division Argentina,29,1993,4.1,0,0,0,1,7,0,0,1,5,0,0,0,28,6,9,40.0
Luca Langoni,ar ARG,"FW,MF",Boca Juniors,Primera Division Argentina,20,2002,12,8,708,7.9,3,1,4,3,0,0,0,0,2.5,2.5,0.7,3.1,18,9,81,0.38,0.13,0.51,0.38,0.51,0.31,0.09,0.40,0.31,0.40,ar ARG,"FW,MF",Boca Juniors,Primera Division Argentina,20,2002,7.9,3,19,5,26.3,2.42,0.64,0.16,0.60,15.0,0,0,0,2.5,2.5,0.13,+0.5,+0.5,ar ARG,"FW,MF",Boca Juniors,Primera Division Argentina,20,2002,7.9,131,173,75.7,2030,246,77,90,85.6,40,49,81.6,12,19,63.2,1,0.7,0.6,+0.3,7,5,5,3,9,ar ARG,"FW,MF",Boca Juniors,Primera Division Argentina,20,2002,7.9,173,160,12,2,0,2,18,4,5,0,3,0,131,1,7,ar ARG,"FW,MF",Boca Juniors,Primera Division Argentina,20,2002,7.9,21,2.67,12,0,3,1,4,1,2,0.25,1,0,0,1,0,0,ar ARG,"FW,MF",Boca Juniors,Primera Division Argentina,20,2002,7.9,8,4,3,5,0,4,11,36.4,7,3,0,3,2,10,1,0,ar ARG,"FW,MF",Boca Juniors,Primera Division Argentina,20,2002,7.9,265,2,13,108,148,28,265,31,10,32.3,18,58.1,179,1180,481,18,9,4,26,7,202,81,ar ARG,"FW,MF",Boca Juniors,Primera Division Argentina,20,2002,12,708,59,29.1,7.9,8,74,3,4,30,1,1.33,10,10,0,0.00,-0.47,10.1,9.6,+0.5,+0.06,+0.01,ar ARG,"FW,MF",Boca Juniors,Primera Division Argentina,20,2002,7.9,0,0,0,4,14,2,18,2,4,0,0,0,19,2,5,28.6
Federico Lanzillota,ar ARG,GK,Arg Juniors,Primera Division Argentina,30,1992,14,14,"1,260",14.0,0,0,0,0,0,0,1,0,0.0,0.0,0.0,0.0,0,0,0,0.00,0.00,0.00,0.00,0.00,0.00,0.00,0.00,0.00,0.00,ar ARG,GK,Arg Juniors,Primera Division Argentina,30,1992,14.0,0,0,0,0,0.00,0.00,0,0,0,0,0,0,0.0,0.0,0,0.0,0.0,ar ARG,GK,Arg Juniors,Primera Division Argentina,30,1992,14.0,353,423,83.5,8422,5708,95,96,99.0,153,153,100.0,89,158,56.3,0,0.0,0.0,0.0,0,9,0,0,0,ar ARG,GK,Arg Juniors,Primera Division Argentina,30,1992,14.0,423,307,116,25,0,0,0,0,0,0,0,0,353,0,0,ar ARG,GK,Arg Juniors,Primera Division Argentina,30,1992,14.0,3,0.21,2,1,0,0,0,0,1,0.07,1,0,0,0,0,0,ar ARG,GK,Arg Juniors,Primera Division Argentina,30,1992,14.0,0,0,0,0,0,0,1,0.0,1,0,0,0,1,1,6,1,ar ARG,GK,Arg Juniors,Primera Division Argentina,30,1992,14.0,444,365,436,8,0,0,444,0,0,0,0,0,247,1097,577,0,0,0,0,0,209,0,ar ARG,GK,Arg Juniors,Primera Division Argentina,30,1992,14,"1,260",90,51.9,14.0,14,90,14,0,0,13,1.29,19,15,+4,+0.29,-0.10,23.3,11.4,+11.9,+0.85,+0.73,ar ARG,GK,Arg Juniors,Primera Division Argentina,30,1992,14.0,1,0,0,0,3,0,0,1,0,0,0,0,33,2,2,50.0
Enzo Larrosa,uy URU,"FW,MF",Godoy Cruz,Primera Division Argentina,21,2001,17,2,350,3.9,2,1,3,2,0,0,1,1,1.7,1.7,0.7,2.4,4,4,20,0.51,0.26,0.77,0.51,0.77,0.44,0.18,0.61,0.44,0.61,uy URU,"FW,MF",Godoy Cruz,Primera Division Argentina,21,2001,3.9,2,9,2,22.2,2.31,0.51,0.22,1.00,16.1,1,0,0,1.7,1.7,0.19,+0.3,+0.3,uy URU,"FW,MF",Godoy Cruz,Primera Division Argentina,21,2001,3.9,51,80,63.8,866,64,25,39,64.1,18,22,81.8,5,9,55.6,1,0.7,0.4,+0.3,10,1,1,0,4,uy URU,"FW,MF",Godoy Cruz,Primera Division Argentina,21,2001,3.9,80,70,10,0,1,4,1,0,0,0,0,0,51,0,5,uy URU,"FW,MF",Godoy Cruz,Primera Division Argentina,21,2001,3.9,13,3.34,7,0,3,2,1,0,2,0.51,1,0,1,0,0,0,uy URU,"FW,MF",Godoy Cruz,Primera Division Argentina,21,2001,3.9,7,1,1,5,1,3,6,50.0,3,5,0,5,0,7,5,0,uy URU,"FW,MF",Godoy Cruz,Primera Division Argentina,21,2001,3.9,122,6,7,46,71,23,122,7,4,57.1,2,28.6,59,351,86,4,0,3,7,6,73,20,uy URU,"FW,MF",Godoy Cruz,Primera Division Argentina,21,2001,17,350,21,14.4,3.9,2,74,1,15,13,9,1.41,9,6,+3,+0.77,+0.68,7.0,3.3,+3.6,+0.93,+1.25,uy URU,"FW,MF",Godoy Cruz,Primera Division Argentina,21,2001,3.9,1,1,0,10,5,6,1,0,1,0,0,0,9,12,25,32.4
Joaquín Laso,ar ARG,DF,Independiente,Primera Division Argentina,32,1990,12,10,923,10.3,0,0,0,0,0,0,6,1,0.3,0.3,0.0,0.3,5,27,2,0.00,0.00,0.00,0.00,0.00,0.03,0.00,0.03,0.03,0.03,ar ARG,DF,Independiente,Primera Division Argentina,32,1990,10.3,0,3,0,0.0,0.29,0.00,0.00,0,8.9,0,0,0,0.3,0.3,0.11,-0.3,-0.3,ar ARG,DF,Independiente,Primera Division Argentina,32,1990,10.3,312,433,72.1,6682,2717,92,117,78.6,156,188,83.0,60,116,51.7,0,0.0,0.1,0.0,1,16,2,0,27,ar ARG,DF,Independiente,Primera Division Argentina,32,1990,10.3,433,397,34,27,0,5,3,7,0,0,0,0,312,2,4,ar ARG,DF,Independiente,Primera Division Argentina,32,1990,10.3,4,0.39,4,0,0,0,0,0,0,0.00,0,0,0,0,0,0,ar ARG,DF,Independiente,Primera Division Argentina,32,1990,10.3,17,12,13,4,0,9,15,60.0,6,10,2,8,23,40,46,1,ar ARG,DF,Independiente,Primera Division Argentina,32,1990,10.3,556,61,303,241,19,4,556,5,5,100.0,0,0.0,220,1289,850,5,3,0,6,2,223,2,ar ARG,DF,Independiente,Primera Division Argentina,32,1990,12,923,77,38.0,10.3,10,88,7,2,23,13,0.92,7,11,-4,-0.39,-0.09,10.7,12.0,-1.3,-0.13,-0.17,ar ARG,DF,Independiente,Primera Division Argentina,32,1990,10.3,6,1,1,11,7,0,3,23,12,0,0,1,83,16,19,45.7
Luís Leal,st STP,FW,Arsenal,Primera Division Argentina,35,1987,17,9,862,9.6,3,0,3,3,0,0,0,0,2.8,2.8,0.1,2.9,14,8,60,0.31,0.00,0.31,0.31,0.31,0.29,0.02,0.31,0.29,0.31,st STP,FW,Arsenal,Primera Division Argentina,35,1987,9.6,3,15,7,46.7,1.57,0.73,0.20,0.43,17.1,1,0,0,2.8,2.8,0.19,+0.2,+0.2,st STP,FW,Arsenal,Primera Division Argentina,35,1987,9.6,110,178,61.8,1266,186,77,103,74.8,18,37,48.6,5,12,41.7,0,0.1,0.4,-0.1,4,4,1,0,8,st STP,FW,Arsenal,Primera Division Argentina,35,1987,9.6,178,162,15,0,0,0,13,2,0,0,0,0,110,1,6,st STP,FW,Arsenal,Primera Division Argentina,35,1987,9.6,16,1.66,9,0,3,2,1,1,1,0.10,1,0,0,0,0,0,st STP,FW,Arsenal,Primera Division Argentina,35,1987,9.6,1,1,0,0,1,0,4,0.0,4,8,4,4,0,1,13,0,st STP,FW,Arsenal,Primera Division Argentina,35,1987,9.6,269,17,25,119,128,30,269,22,8,36.4,9,40.9,151,777,296,14,9,8,28,10,198,60,st STP,FW,Arsenal,Primera Division Argentina,35,1987,17,862,51,35.5,9.6,9,69,1,8,30,1,0.65,9,16,-7,-0.73,-0.21,8.9,13.5,-4.6,-0.48,-0.08,st STP,FW,Arsenal,Primera Division Argentina,35,1987,9.6,0,0,0,6,7,8,13,0,1,0,0,0,18,17,44,27.9
Ivan Leguizamon,py PAR,"MF,FW",San Lorenzo,Primera Division Argentina,20,2002,25,11,"1,368",15.2,2,0,2,2,0,0,2,0,2.5,2.5,2.9,5.4,57,17,118,0.13,0.00,0.13,0.13,0.13,0.16,0.19,0.36,0.16,0.36,py PAR,"MF,FW",San Lorenzo,Primera Division Argentina,20,2002,15.2,2,41,12,29.3,2.70,0.79,0.05,0.17,21.7,0,0,0,2.5,2.5,0.06,-0.5,-0.5,py PAR,"MF,FW",San Lorenzo,Primera Division Argentina,20,2002,15.2,224,362,61.9,3237,827,133,171,77.8,66,104,63.5,14,34,41.2,0,2.9,1.8,-2.9,15,9,10,6,17,py PAR,"MF,FW",San Lorenzo,Primera Division Argentina,20,2002,15.2,362,340,20,3,0,3,63,10,7,4,2,0,224,2,32,py PAR,"MF,FW",San Lorenzo,Primera Division Argentina,20,2002,15.2,50,3.29,27,1,10,8,4,0,6,0.39,2,0,3,1,0,0,py PAR,"MF,FW",San Lorenzo,Primera Division Argentina,20,2002,15.2,16,8,5,8,3,4,24,16.7,20,14,1,13,8,24,5,0,py PAR,"MF,FW",San Lorenzo,Primera Division Argentina,20,2002,15.2,577,5,52,198,345,69,577,83,35,42.2,39,47.0,363,2900,1369,57,42,19,48,11,391,118,py PAR,"MF,FW",San Lorenzo,Primera Division Argentina,20,2002,25,"1,368",55,56.3,15.2,11,75,3,14,39,0,1.72,19,7,+12,+0.79,+0.96,19.1,10.9,+8.2,+0.54,+0.67,py PAR,"MF,FW",San Lorenzo,Primera Division Argentina,20,2002,15.2,2,0,0,20,21,15,63,8,8,0,0,0,53,12,23,34.3
Nicolás Leguizamón,ar ARG,FW,Cen. Córdoba–SdE,Primera Division Argentina,28,1995,3,0,55,0.6,0,0,0,0,0,0,0,0,0.0,0.0,0.1,0.1,0,2,3,0.00,0.00,0.00,0.00,0.00,0.00,0.19,0.19,0.00,0.19,ar ARG,FW,Cen. Córdoba–SdE,Primera Division Argentina,28,1995,0.6,0,0,0,0,0.00,0.00,0,0,0,0,0,0,0.0,0.0,0,0.0,0.0,ar ARG,FW,Cen. Córdoba–SdE,Primera Division Argentina,28,1995,0.6,10,11,90.9,108,26,7,7,100.0,2,3,66.7,0,0,0,0,0.1,0.2,-0.1,1,0,1,0,2,ar ARG,FW,Cen. Córdoba–SdE,Primera Division Argentina,28,1995,0.6,11,10,1,1,1,0,1,0,0,0,0,0,10,0,0,ar ARG,FW,Cen. Córdoba–SdE,Primera Division Argentina,28,1995,0.6,4,6.55,3,0,0,0,1,0,0,0.00,0,0,0,0,0,0,ar ARG,FW,Cen. Córdoba–SdE,Primera Division Argentina,28,1995,0.6,0,0,0,0,0,0,1,0.0,1,1,0,1,0,0,0,0,ar ARG,FW,Cen. Córdoba–SdE,Primera Division Argentina,28,1995,0.6,14,0,1,9,4,0,14,1,0,0.0,0,0.0,12,39,4,0,0,0,1,2,13,3,ar ARG,FW,Cen. Córdoba–SdE,Primera Division Argentina,28,1995,3,55,18,2.3,0.6,0,0,0,3,18,3,0.33,0,0,0,0.00,+0.38,0.6,0.8,-0.2,-0.33,+0.07,ar ARG,FW,Cen. Córdoba–SdE,Primera Division Argentina,28,1995,0.6,0,0,0,2,3,1,1,0,0,0,0,0,5,1,6,14.3
Cristian Lema,ar ARG,DF,Lanús,Primera Division Argentina,32,1990,24,24,"2,042",22.7,1,1,2,1,0,0,9,2,1.9,1.9,1.0,2.9,18,96,7,0.04,0.04,0.09,0.04,0.09,0.08,0.04,0.13,0.08,0.13,ar ARG,DF,Lanús,Primera Division Argentina,32,1990,22.7,1,30,8,26.7,1.32,0.35,0.03,0.13,14.4,3,0,0,1.9,1.9,0.06,-0.9,-0.9,ar ARG,DF,Lanús,Primera Division Argentina,32,1990,22.7,854,1120,76.3,18957,7789,239,287,83.3,440,518,84.9,161,272,59.2,1,1.0,1.4,0.0,8,77,5,0,96,ar ARG,DF,Lanús,Primera Division Argentina,32,1990,22.7,1120,1051,64,56,0,33,2,4,0,0,0,0,854,5,15,ar ARG,DF,Lanús,Primera Division Argentina,32,1990,22.7,28,1.23,21,1,0,4,0,2,3,0.13,1,1,0,1,0,0,ar ARG,DF,Lanús,Primera Division Argentina,32,1990,22.7,28,19,14,12,2,19,32,59.4,13,32,14,18,21,49,131,0,ar ARG,DF,Lanús,Primera Division Argentina,32,1990,22.7,1391,205,719,597,88,58,1391,13,10,76.9,3,23.1,736,4031,2854,18,3,0,7,4,810,7,ar ARG,DF,Lanús,Primera Division Argentina,32,1990,24,"2,042",85,84.0,22.7,24,85,21,0,0,0,1.71,32,21,+11,+0.48,+0.48,32.2,21.0,+11.2,+0.50,+1.06,ar ARG,DF,Lanús,Primera Division Argentina,32,1990,22.7,9,2,1,25,15,3,2,21,19,0,0,0,128,104,26,80.0
Facundo Lencioni,ar ARG,MF,Belgrano,Primera Division Argentina,21,2001,1,0,20,0.2,0,0,0,0,0,0,0,0,0.0,0.0,0.0,0.0,1,1,0,0.00,0.00,0.00,0.00,0.00,0.05,0.00,0.05,0.05,0.05,ar ARG,MF,Belgrano,Primera Division Argentina,21,2001,0.2,0,1,0,0.0,4.50,0.00,0.00,0,34.4,0,0,0,0.0,0.0,0.01,0.0,0.0,ar ARG,MF,Belgrano,Primera Division Argentina,21,2001,0.2,5,7,71.4,113,33,0,1,0.0,5,5,100.0,0,0,0,0,0.0,0.0,0.0,0,2,0,0,1,ar ARG,MF,Belgrano,Primera Division Argentina,21,2001,0.2,7,6,0,0,0,0,0,0,0,0,0,0,5,1,0,ar ARG,MF,Belgrano,Primera Division Argentina,21,2001,0.2,0,0.00,0,0,0,0,0,0,0,0.00,0,0,0,0,0,0,ar ARG,MF,Belgrano,Primera Division Argentina,21,2001,0.2,1,1,1,0,0,1,1,100.0,0,2,0,2,2,3,0,0,ar ARG,MF,Belgrano,Primera Division Argentina,21,2001,0.2,14,0,2,5,7,1,14,0,0,0,0,0,9,54,15,1,0,0,2,0,8,0,ar ARG,MF,Belgrano,Primera Division Argentina,21,2001,1,20,20,0.8,0.2,0,0,0,1,20,0,1.00,0,0,0,0.00,+0.22,0.2,0.1,+0.1,+0.47,+0.74,ar ARG,MF,Belgrano,Primera Division Argentina,21,2001,0.2,0,0,0,0,0,0,0,2,1,0,0,0,2,0,0,0
Alan Lescano,ar ARG,"MF,FW",Gimnasia–LP,Primera Division Argentina,21,2001,20,16,"1,226",13.6,3,1,4,3,0,0,4,0,1.8,1.8,2.2,4.1,20,81,61,0.22,0.07,0.29,0.22,0.29,0.14,0.16,0.30,0.14,0.30,ar ARG,"MF,FW",Gimnasia–LP,Primera Division Argentina,21,2001,13.6,3,27,10,37.0,1.98,0.73,0.11,0.30,22.8,4,0,0,1.8,1.8,0.07,+1.2,+1.2,ar ARG,"MF,FW",Gimnasia–LP,Primera Division Argentina,21,2001,13.6,388,540,71.9,7838,2642,164,196,83.7,145,176,82.4,71,137,51.8,1,2.2,1.6,-1.2,31,56,14,1,81,ar ARG,"MF,FW",Gimnasia–LP,Primera Division Argentina,21,2001,13.6,540,446,89,35,5,14,57,5,48,19,18,1,388,5,13,ar ARG,"MF,FW",Gimnasia–LP,Primera Division Argentina,21,2001,13.6,55,4.04,37,12,0,3,2,1,2,0.15,0,1,0,1,0,0,ar ARG,"MF,FW",Gimnasia–LP,Primera Division Argentina,21,2001,13.6,20,11,6,10,4,10,35,28.6,25,14,0,14,12,32,9,0,ar ARG,"MF,FW",Gimnasia–LP,Primera Division Argentina,21,2001,13.6,712,11,90,359,276,26,712,48,21,43.8,26,54.2,359,1986,870,20,19,2,30,21,392,61,ar ARG,"MF,FW",Gimnasia–LP,Primera Division Argentina,21,2001,20,"1,226",61,50.5,13.6,16,71,3,4,22,5,1.10,10,19,-9,-0.66,-0.29,11.7,16.0,-4.4,-0.32,-0.32,ar ARG,"MF,FW",Gimnasia–LP,Primera Division Argentina,21,2001,13.6,4,0,0,20,15,1,57,12,11,0,0,0,119,7,15,31.8
Bruno Leyes,ar ARG,MF,Godoy Cruz,Primera Division Argentina,21,2001,20,18,"1,318",14.6,0,1,1,0,0,0,5,1,0.1,0.1,0.6,0.7,9,61,6,0.00,0.07,0.07,0.00,0.07,0.01,0.04,0.05,0.01,0.05,ar ARG,MF,Godoy Cruz,Primera Division Argentina,21,2001,14.6,0,5,0,0.0,0.34,0.00,0.00,0,33.2,0,0,0,0.1,0.1,0.02,-0.1,-0.1,ar ARG,MF,Godoy Cruz,Primera Division Argentina,21,2001,14.6,485,633,76.6,8930,2970,207,238,87.0,204,251,81.3,60,107,56.1,1,0.6,0.4,+0.4,9,56,4,1,61,ar ARG,MF,Godoy Cruz,Primera Division Argentina,21,2001,14.6,633,600,27,27,1,10,7,0,0,0,0,0,485,6,13,ar ARG,MF,Godoy Cruz,Primera Division Argentina,21,2001,14.6,18,1.23,14,0,1,1,1,1,1,0.07,1,0,0,0,0,0,ar ARG,MF,Godoy Cruz,Primera Division Argentina,21,2001,14.6,23,14,10,13,0,13,30,43.3,17,21,3,18,31,54,20,0,ar ARG,MF,Godoy Cruz,Primera Division Argentina,21,2001,14.6,750,19,203,509,47,0,750,9,8,88.9,0,0.0,376,1661,725,9,6,0,10,12,387,6,ar ARG,MF,Godoy Cruz,Primera Division Argentina,21,2001,20,"1,318",66,54.2,14.6,18,69,1,2,43,4,1.45,23,17,+6,+0.41,+0.49,17.4,19.8,-2.4,-0.17,-0.07,ar ARG,MF,Godoy Cruz,Primera Division Argentina,21,2001,14.6,5,1,0,32,20,0,7,31,14,0,1,0,122,23,16,59.0
Nicolás Linares,ar ARG,MF,Instituto,Primera Division Argentina,26,1996,23,19,"1,607",17.9,1,0,1,1,0,0,5,0,0.5,0.5,0.1,0.6,6,54,12,0.06,0.00,0.06,0.06,0.06,0.03,0.00,0.03,0.03,0.03,ar ARG,MF,Instituto,Primera Division Argentina,26,1996,17.9,1,14,2,14.3,0.78,0.11,0.07,0.50,24.9,0,0,0,0.5,0.5,0.04,+0.5,+0.5,ar ARG,MF,Instituto,Primera Division Argentina,26,1996,17.9,489,639,76.5,8832,2966,212,248,85.5,212,261,81.2,55,94,58.5,0,0.1,0.7,-0.1,3,50,4,1,54,ar ARG,MF,Instituto,Primera Division Argentina,26,1996,17.9,639,633,6,5,2,3,4,1,0,0,0,0,489,0,13,ar ARG,MF,Instituto,Primera Division Argentina,26,1996,17.9,13,0.73,9,0,0,1,2,1,1,0.06,1,0,0,0,0,0,ar ARG,MF,Instituto,Primera Division Argentina,26,1996,17.9,52,36,22,22,8,26,59,44.1,33,20,5,15,28,80,27,0,ar ARG,MF,Instituto,Primera Division Argentina,26,1996,17.9,816,45,237,485,103,9,816,20,17,85.0,2,10.0,385,1575,651,6,10,1,12,16,399,12,ar ARG,MF,Instituto,Primera Division Argentina,26,1996,23,"1,607",70,66.1,17.9,19,80,13,4,21,1,1.09,15,24,-9,-0.50,-0.29,22.5,21.2,+1.3,+0.07,-0.21,ar ARG,MF,Instituto,Primera Division Argentina,26,1996,17.9,5,0,0,25,7,0,4,28,36,0,0,0,137,15,19,44.1
Francesco Lo Celso,ar ARG,"MF,FW",Rosario Central,Primera Division Argentina,22,2000,4,0,134,1.5,0,0,0,0,0,0,0,0,0.1,0.1,0.0,0.1,5,10,4,0.00,0.00,0.00,0.00,0.00,0.05,0.03,0.08,0.05,0.08,ar ARG,"MF,FW",Rosario Central,Primera Division Argentina,22,2000,1.5,0,1,1,100.0,0.67,0.67,0.00,0.00,23.5,0,0,0,0.1,0.1,0.08,-0.1,-0.1,ar ARG,"MF,FW",Rosario Central,Primera Division Argentina,22,2000,1.5,53,70,75.7,989,258,20,24,83.3,23,28,82.1,8,14,57.1,0,0.0,0.1,0.0,2,5,4,1,10,ar ARG,"MF,FW",Rosario Central,Primera Division Argentina,22,2000,1.5,70,65,5,1,1,0,8,0,4,2,2,0,53,0,2,ar ARG,"MF,FW",Rosario Central,Primera Division Argentina,22,2000,1.5,5,3.36,2,1,2,0,0,0,0,0.00,0,0,0,0,0,0,ar ARG,"MF,FW",Rosario Central,Primera Division Argentina,22,2000,1.5,8,5,4,3,1,6,8,75.0,2,1,0,1,1,9,1,0,ar ARG,"MF,FW",Rosario Central,Primera Division Argentina,22,2000,1.5,86,2,16,45,27,0,86,5,4,80.0,1,20.0,49,306,161,5,4,0,3,1,60,4,ar ARG,"MF,FW",Rosario Central,Primera Division Argentina,22,2000,4,134,34,5.5,1.5,0,0,0,4,34,11,1.75,0,4,-4,-2.69,-3.12,0.6,2.5,-1.8,-1.23,-1.28,ar ARG,"MF,FW",Rosario Central,Primera Division Argentina,22,2000,1.5,0,0,0,1,2,0,8,1,5,0,0,0,10,0,0,0
Raúl Loaiza,co COL,MF,Lanús,Primera Division Argentina,28,1994,18,13,"1,066",11.8,2,0,2,2,0,0,2,0,1.3,1.3,0.9,2.2,12,47,26,0.17,0.00,0.17,0.17,0.17,0.11,0.07,0.18,0.11,0.18,co COL,MF,Lanús,Primera Division Argentina,28,1994,11.8,2,7,4,57.1,0.59,0.34,0.29,0.50,12.8,0,0,0,1.3,1.3,0.18,+0.7,+0.7,co COL,MF,Lanús,Primera Division Argentina,28,1994,11.8,299,367,81.5,4617,1464,154,174,88.5,112,132,84.8,19,28,67.9,0,0.9,0.7,-0.9,11,31,4,0,47,co COL,MF,Lanús,Primera Division Argentina,28,1994,11.8,367,355,11,7,1,2,11,0,0,0,0,0,299,1,12,co COL,MF,Lanús,Primera Division Argentina,28,1994,11.8,23,1.94,20,0,2,0,1,0,2,0.17,2,0,0,0,0,0,co COL,MF,Lanús,Primera Division Argentina,28,1994,11.8,21,9,6,14,1,8,19,42.1,11,13,1,12,14,35,11,0,co COL,MF,Lanús,Primera Division Argentina,28,1994,11.8,483,13,78,320,91,19,483,22,11,50.0,9,40.9,285,1445,545,12,7,3,22,11,286,26,co COL,MF,Lanús,Primera Division Argentina,28,1994,18,"1,066",59,43.9,11.8,13,74,1,5,21,2,1.94,15,10,+5,+0.42,+0.03,14.5,11.3,+3.2,+0.27,-0.11,co COL,MF,Lanús,Primera Division Argentina,28,1994,11.8,2,0,0,28,18,2,11,14,9,0,0,0,89,10,17,37.0
Lenny Lobato,br BRA,"FW,MF",Vélez Sarsfield,Primera Division Argentina,21,2001,14,1,325,3.6,0,2,2,0,0,0,1,0,0.5,0.5,1.1,1.6,16,9,41,0.00,0.55,0.55,0.00,0.55,0.13,0.31,0.43,0.13,0.43,br BRA,"FW,MF",Vélez Sarsfield,Primera Division Argentina,21,2001,3.6,0,8,0,0.0,2.22,0.00,0.00,0,17.6,1,0,0,0.5,0.5,0.06,-0.5,-0.5,br BRA,"FW,MF",Vélez Sarsfield,Primera Division Argentina,21,2001,3.6,61,101,60.4,1087,433,36,45,80.0,15,26,57.7,9,17,52.9,2,1.1,0.6,+0.9,6,5,4,2,9,br BRA,"FW,MF",Vélez Sarsfield,Primera Division Argentina,21,2001,3.6,101,88,12,1,1,0,31,0,10,1,8,0,61,1,10,br BRA,"FW,MF",Vélez Sarsfield,Primera Division Argentina,21,2001,3.6,16,4.43,8,5,1,1,0,1,3,0.83,2,0,0,1,0,0,br BRA,"FW,MF",Vélez Sarsfield,Primera Division Argentina,21,2001,3.6,7,5,4,2,1,4,12,33.3,8,4,0,4,3,10,0,0,br BRA,"FW,MF",Vélez Sarsfield,Primera Division Argentina,21,2001,3.6,164,1,19,62,87,18,164,16,6,37.5,7,43.8,107,812,362,16,5,4,17,7,108,41,br BRA,"FW,MF",Vélez Sarsfield,Primera Division Argentina,21,2001,14,325,23,13.4,3.6,1,68,0,13,20,9,0.67,5,9,-4,-1.11,-1.15,3.7,2.3,+1.4,+0.39,+0.49,br BRA,"FW,MF",Vélez Sarsfield,Primera Division Argentina,21,2001,3.6,1,0,0,5,11,0,31,3,5,0,0,0,18,4,9,30.8
Gastón Lodico,ar ARG,MF,Instituto,Primera Division Argentina,24,1998,27,27,"2,335",25.9,1,2,3,0,1,1,0,0,2.8,2.0,3.3,5.3,58,199,62,0.04,0.08,0.12,0.00,0.08,0.11,0.13,0.23,0.08,0.20,ar ARG,MF,Instituto,Primera Division Argentina,24,1998,25.9,1,24,7,29.2,0.93,0.27,0.00,0.00,22.8,3,1,1,2.8,2.0,0.08,-1.8,-2.0,ar ARG,MF,Instituto,Primera Division Argentina,24,1998,25.9,1219,1547,78.8,21058,6762,593,682,87.0,463,545,85.0,131,233,56.2,2,3.3,4.2,-1.3,42,160,33,5,199,ar ARG,MF,Instituto,Primera Division Argentina,24,1998,25.9,1547,1448,97,40,9,17,92,13,43,10,24,3,1219,2,29,ar ARG,MF,Instituto,Primera Division Argentina,24,1998,25.9,99,3.82,66,14,5,8,5,1,3,0.12,2,1,0,0,0,0,ar ARG,MF,Instituto,Primera Division Argentina,24,1998,25.9,65,43,33,25,7,32,90,35.6,58,45,4,41,22,87,20,0,ar ARG,MF,Instituto,Primera Division Argentina,24,1998,25.9,1831,30,298,1068,504,32,1830,72,37,51.4,25,34.7,1027,5296,2860,58,53,3,40,20,1117,62,ar ARG,MF,Instituto,Primera Division Argentina,24,1998,27,"2,335",86,96.1,25.9,27,86,17,0,0,0,1.19,23,32,-9,-0.35,+1.55,30.2,27.4,+2.8,+0.11,-0.89,ar ARG,MF,Instituto,Primera Division Argentina,24,1998,25.9,0,0,0,13,23,0,92,22,43,0,0,0,272,16,20,44.4
Luciano Lollo,ar ARG,DF,Estudiantes–LP,Primera Division Argentina,35,1987,23,23,"2,065",22.9,3,0,3,3,0,0,4,0,1.1,1.1,0.4,1.4,4,68,4,0.13,0.00,0.13,0.13,0.13,0.05,0.02,0.06,0.05,0.06,ar ARG,DF,Estudiantes–LP,Primera Division Argentina,35,1987,22.9,3,18,5,27.8,0.78,0.22,0.17,0.60,11.0,0,0,0,1.1,1.1,0.06,+1.9,+1.9,ar ARG,DF,Estudiantes–LP,Primera Division Argentina,35,1987,22.9,823,1008,81.6,18008,8772,192,225,85.3,462,518,89.2,158,236,66.9,0,0.4,0.9,-0.4,4,52,4,0,68,ar ARG,DF,Estudiantes–LP,Primera Division Argentina,35,1987,22.9,1008,957,47,44,1,6,2,1,0,0,0,0,823,4,6,ar ARG,DF,Estudiantes–LP,Primera Division Argentina,35,1987,22.9,20,0.87,15,3,0,1,0,1,0,0.00,0,0,0,0,0,0,ar ARG,DF,Estudiantes–LP,Primera Division Argentina,35,1987,22.9,41,29,28,12,1,20,26,76.9,6,23,15,8,21,62,124,0,ar ARG,DF,Estudiantes–LP,Primera Division Argentina,35,1987,22.9,1246,157,668,546,39,26,1246,5,5,100.0,0,0.0,633,3336,1859,4,3,0,7,1,703,4,ar ARG,DF,Estudiantes–LP,Primera Division Argentina,35,1987,23,"2,065",90,85.0,22.9,23,90,21,0,0,4,1.87,31,18,+13,+0.57,+1.06,27.9,19.6,+8.2,+0.36,+0.01,ar ARG,DF,Estudiantes–LP,Primera Division Argentina,35,1987,22.9,4,0,0,23,6,0,2,21,29,0,1,0,138,62,35,63.9
Flabián Londoño,co COL,"FW,MF",Arsenal,Primera Division Argentina,22,2000,22,15,"1,151",12.8,2,0,2,2,0,0,5,1,3.1,3.1,0.5,3.6,10,16,72,0.16,0.00,0.16,0.16,0.16,0.24,0.04,0.28,0.24,0.28,co COL,"FW,MF",Arsenal,Primera Division Argentina,22,2000,12.8,2,27,11,40.7,2.11,0.86,0.07,0.18,14.5,1,0,0,3.1,3.1,0.12,-1.1,-1.1,co COL,"FW,MF",Arsenal,Primera Division Argentina,22,2000,12.8,125,183,68.3,1611,299,81,110,73.6,34,50,68.0,4,7,57.1,0,0.5,0.3,-0.5,7,11,5,1,16,co COL,"FW,MF",Arsenal,Primera Division Argentina,22,2000,12.8,183,170,13,0,0,0,2,0,0,0,0,0,125,0,1,co COL,"FW,MF",Arsenal,Primera Division Argentina,22,2000,12.8,17,1.33,10,0,2,1,2,2,0,0.00,0,0,0,0,0,0,co COL,"FW,MF",Arsenal,Primera Division Argentina,22,2000,12.8,13,9,2,8,3,2,17,11.8,15,14,0,14,3,16,17,0,co COL,"FW,MF",Arsenal,Primera Division Argentina,22,2000,12.8,370,17,30,131,212,60,370,29,12,41.4,15,51.7,213,876,223,10,10,8,70,23,268,72,co COL,"FW,MF",Arsenal,Primera Division Argentina,22,2000,22,"1,151",52,47.4,12.8,15,67,3,7,20,2,0.82,5,13,-8,-0.63,-0.06,10.5,13.2,-2.7,-0.21,+0.42,co COL,"FW,MF",Arsenal,Primera Division Argentina,22,2000,12.8,5,1,1,24,15,12,2,3,9,0,0,0,34,45,49,47.9
Santiago Longo,ar ARG,MF,Belgrano,Primera Division Argentina,24,1998,27,27,"2,413",26.8,0,0,0,0,0,0,0,0,0.5,0.5,0.7,1.2,27,146,12,0.00,0.00,0.00,0.00,0.00,0.02,0.03,0.04,0.02,0.04,ar ARG,MF,Belgrano,Primera Division Argentina,24,1998,26.8,0,14,2,14.3,0.52,0.07,0.00,0.00,26.6,0,0,0,0.5,0.5,0.03,-0.5,-0.5,ar ARG,MF,Belgrano,Primera Division Argentina,24,1998,26.8,972,1189,81.7,19256,6791,331,393,84.2,479,547,87.6,146,204,71.6,0,0.7,0.7,-0.7,12,109,10,3,146,ar ARG,MF,Belgrano,Primera Division Argentina,24,1998,26.8,1189,1131,55,54,2,10,12,1,0,0,0,0,972,3,17,ar ARG,MF,Belgrano,Primera Division Argentina,24,1998,26.8,27,1.01,23,0,0,2,0,2,1,0.04,1,0,0,0,0,0,ar ARG,MF,Belgrano,Primera Division Argentina,24,1998,26.8,88,59,46,39,3,47,100,47.0,53,30,4,26,28,116,32,0,ar ARG,MF,Belgrano,Primera Division Argentina,24,1998,26.8,1444,44,388,973,95,2,1444,15,5,33.3,8,53.3,654,3413,1630,27,18,0,20,9,766,12,ar ARG,MF,Belgrano,Primera Division Argentina,24,1998,27,"2,413",89,99.3,26.8,27,89,25,0,0,0,1.33,20,25,-5,-0.19,+5.11,24.3,31.6,-7.2,-0.27,-0.73,ar ARG,MF,Belgrano,Primera Division Argentina,24,1998,26.8,0,0,0,24,20,1,12,28,59,0,1,0,228,21,26,44.7
Julián López,ar ARG,MF,Defensa y Just,Primera Division Argentina,23,2000,21,20,"1,595",17.7,0,0,0,0,0,0,3,0,0.4,0.4,0.9,1.3,15,75,39,0.00,0.00,0.00,0.00,0.00,0.02,0.05,0.07,0.02,0.07,ar ARG,MF,Defensa y Just,Primera Division Argentina,23,2000,17.7,0,9,1,11.1,0.51,0.06,0.00,0.00,26.6,0,0,0,0.4,0.4,0.03,-0.4,-0.4,ar ARG,MF,Defensa y Just,Primera Division Argentina,23,2000,17.7,482,645,74.7,8843,2524,217,267,81.3,194,235,82.6,61,99,61.6,0,0.9,0.6,-0.9,18,43,13,2,75,ar ARG,MF,Defensa y Just,Primera Division Argentina,23,2000,17.7,645,628,15,14,1,7,15,1,0,0,0,0,482,2,20,ar ARG,MF,Defensa y Just,Primera Division Argentina,23,2000,17.7,33,1.79,25,0,4,1,1,2,1,0.05,1,0,0,0,0,0,ar ARG,MF,Defensa y Just,Primera Division Argentina,23,2000,17.7,51,19,15,33,3,20,64,31.3,44,27,7,20,13,64,24,0,ar ARG,MF,Defensa y Just,Primera Division Argentina,23,2000,17.7,874,33,203,525,159,11,874,47,24,51.1,19,40.4,427,1863,751,15,19,2,31,21,489,39,ar ARG,MF,Defensa y Just,Primera Division Argentina,23,2000,21,"1,595",76,65.6,17.7,20,78,10,1,45,3,1.95,24,15,+9,+0.51,+0.08,22.6,20.5,+2.2,+0.12,-0.06,ar ARG,MF,Defensa y Just,Primera Division Argentina,23,2000,17.7,3,0,0,34,27,0,15,13,19,0,0,0,140,19,29,39.6
Kevin Lopez,ar ARG,MF,Independiente,Primera Division Argentina,21,2001,17,9,749,8.3,0,0,0,0,0,0,2,0,0.2,0.2,0.4,0.6,33,59,18,0.00,0.00,0.00,0.00,0.00,0.03,0.05,0.07,0.03,0.07,ar ARG,MF,Independiente,Primera Division Argentina,21,2001,8.3,0,7,1,14.3,0.84,0.12,0.00,0.00,29.2,0,0,0,0.2,0.2,0.03,-0.2,-0.2,ar ARG,MF,Independiente,Primera Division Argentina,21,2001,8.3,325,408,79.7,5234,1574,175,198,88.4,103,131,78.6,35,50,70.0,0,0.4,0.7,-0.4,5,36,12,0,59,ar ARG,MF,Independiente,Primera Division Argentina,21,2001,8.3,408,388,17,12,0,3,14,3,2,1,1,0,325,3,9,ar ARG,MF,Independiente,Primera Division Argentina,21,2001,8.3,23,2.76,18,1,3,0,0,1,3,0.36,3,0,0,0,0,0,ar ARG,MF,Independiente,Primera Division Argentina,21,2001,8.3,16,14,7,5,4,7,14,50.0,7,17,2,15,8,24,8,0,ar ARG,MF,Independiente,Primera Division Argentina,21,2001,8.3,507,10,66,301,156,1,507,37,26,70.3,10,27.0,302,2098,1089,33,26,0,20,10,303,18,ar ARG,MF,Independiente,Primera Division Argentina,21,2001,17,749,44,30.8,8.3,9,65,1,8,20,10,0.76,7,9,-2,-0.24,+0.13,9.8,8.4,+1.5,+0.18,+0.29,ar ARG,MF,Independiente,Primera Division Argentina,21,2001,8.3,2,0,0,20,10,0,14,8,14,0,0,0,81,5,14,26.3
Lisandro López,ar ARG,"FW,MF",Sarmiento,Primera Division Argentina,39,1983,22,15,"1,252",13.9,3,0,3,3,0,0,7,0,2.9,2.9,1.6,4.5,22,39,55,0.22,0.00,0.22,0.22,0.22,0.21,0.12,0.33,0.21,0.33,ar ARG,"FW,MF",Sarmiento,Primera Division Argentina,39,1983,13.9,3,24,9,37.5,1.73,0.65,0.13,0.33,14.5,0,0,0,2.9,2.9,0.12,+0.1,+0.1,ar ARG,"FW,MF",Sarmiento,Primera Division Argentina,39,1983,13.9,266,378,70.4,4724,1313,127,157,80.9,74,108,68.5,45,72,62.5,0,1.6,1.5,-1.6,19,23,11,5,39,ar ARG,"FW,MF",Sarmiento,Primera Division Argentina,39,1983,13.9,378,343,34,12,3,13,26,5,9,2,3,0,266,1,11,ar ARG,"FW,MF",Sarmiento,Primera Division Argentina,39,1983,13.9,38,2.73,25,3,1,3,5,1,1,0.07,1,0,0,0,0,0,ar ARG,"FW,MF",Sarmiento,Primera Division Argentina,39,1983,13.9,19,8,5,11,3,11,31,35.5,20,13,0,13,3,22,10,0,ar ARG,"FW,MF",Sarmiento,Primera Division Argentina,39,1983,13.9,512,10,58,277,182,42,512,27,15,55.6,9,33.3,276,1356,579,22,14,9,19,11,330,55,ar ARG,"FW,MF",Sarmiento,Primera Division Argentina,39,1983,22,"1,252",57,51.5,13.9,15,70,2,7,29,0,1.18,16,14,+2,+0.14,+0.53,15.7,17.6,-1.9,-0.14,+0.31,ar ARG,"FW,MF",Sarmiento,Primera Division Argentina,39,1983,13.9,7,0,0,19,23,5,26,3,8,0,0,0,71,19,32,37.3
Lucas López,ar ARG,MF,Barracas Central,Primera Division Argentina,25,1998,2,0,80,0.9,0,0,0,0,0,0,0,0,0.1,0.1,0.0,0.1,1,1,5,0.00,0.00,0.00,0.00,0.00,0.08,0.00,0.08,0.08,0.08,ar ARG,MF,Barracas Central,Primera Division Argentina,25,1998,0.9,0,2,0,0.0,2.25,0.00,0.00,0,21.4,0,0,0,0.1,0.1,0.04,-0.1,-0.1,ar ARG,MF,Barracas Central,Primera Division Argentina,25,1998,0.9,14,21,66.7,173,72,7,12,58.3,2,4,50.0,1,1,100.0,0,0.0,0.0,0.0,0,2,0,0,1,ar ARG,MF,Barracas Central,Primera Division Argentina,25,1998,0.9,21,20,1,0,0,0,0,1,0,0,0,0,14,0,0,ar ARG,MF,Barracas Central,Primera Division Argentina,25,1998,0.9,1,1.13,0,0,0,1,0,0,0,0.00,0,0,0,0,0,0,ar ARG,MF,Barracas Central,Primera Division Argentina,25,1998,0.9,2,1,0,1,1,0,2,0.0,2,1,0,1,0,2,1,0,ar ARG,MF,Barracas Central,Primera Division Argentina,25,1998,0.9,34,1,7,15,14,1,34,3,2,66.7,1,33.3,16,118,63,1,0,1,3,0,22,5,ar ARG,MF,Barracas Central,Primera Division Argentina,25,1998,2,80,40,3.3,0.9,0,0,0,2,40,2,0.50,0,0,0,0.00,+0.19,0.3,1.1,-0.8,-0.87,-0.67,ar ARG,MF,Barracas Central,Primera Division Argentina,25,1998,0.9,0,0,0,1,3,0,0,0,1,0,0,0,4,1,0,100.0
Hernán López Muñoz,ar ARG,MF,Godoy Cruz,Primera Division Argentina,22,2000,21,20,"1,526",17.0,3,3,6,3,0,0,7,0,2.4,2.4,3.7,6.1,58,94,84,0.18,0.18,0.35,0.18,0.35,0.14,0.22,0.36,0.14,0.36,ar ARG,MF,Godoy Cruz,Primera Division Argentina,22,2000,17.0,3,39,14,35.9,2.30,0.83,0.08,0.21,27.2,0,0,0,2.4,2.4,0.06,+0.6,+0.6,ar ARG,MF,Godoy Cruz,Primera Division Argentina,22,2000,17.0,396,590,67.1,7027,2728,189,249,75.9,128,175,73.1,58,116,50.0,3,3.7,3.3,-0.7,37,95,19,5,94,ar ARG,MF,Godoy Cruz,Primera Division Argentina,22,2000,17.0,590,525,61,15,2,8,70,3,42,10,26,0,396,4,18,ar ARG,MF,Godoy Cruz,Primera Division Argentina,22,2000,17.0,87,5.12,52,15,12,2,5,1,11,0.65,8,0,1,0,1,1,ar ARG,MF,Godoy Cruz,Primera Division Argentina,22,2000,17.0,39,21,4,25,10,8,36,22.2,28,18,1,17,8,47,6,0,ar ARG,MF,Godoy Cruz,Primera Division Argentina,22,2000,17.0,890,4,49,513,345,31,890,159,85,53.5,67,42.1,561,3533,1874,58,42,13,71,32,605,84,ar ARG,MF,Godoy Cruz,Primera Division Argentina,22,2000,21,"1,526",73,62.8,17.0,20,75,6,1,28,5,1.62,28,21,+7,+0.41,+0.61,21.7,21.9,-0.2,-0.01,+0.33,ar ARG,MF,Godoy Cruz,Primera Division Argentina,22,2000,17.0,7,0,0,28,44,1,70,8,21,0,0,0,103,5,17,22.7
Santiago López,ar ARG,MF,Independiente,Primera Division Argentina,16,2006,1,0,1,0.0,0,0,0,0,0,0,0,0,0.0,0.0,0.0,0.0,1,1,0,0.00,0.00,0.00,0.00,0.00,0.00,0.00,0.00,0.00,0.00,ar ARG,MF,Independiente,Primera Division Argentina,16,2006,0.0,0,0,0,0,0.00,0.00,0,0,0,0,0,0,0.0,0.0,0,0.0,0.0,ar ARG,MF,Independiente,Primera Division Argentina,16,2006,0.0,1,1,100.0,12,5,1,1,100.0,0,0,0,0,0,0,0,0.0,0.0,0.0,0,0,1,0,1,ar ARG,MF,Independiente,Primera Division Argentina,16,2006,0.0,1,1,0,0,0,0,0,0,0,0,0,0,1,0,0,ar ARG,MF,Independiente,Primera Division Argentina,16,2006,0.0,0,0.00,0,0,0,0,0,0,0,0.00,0,0,0,0,0,0,ar ARG,MF,Independiente,Primera Division Argentina,16,2006,0.0,0,0,0,0,0,0,0,0,0,0,0,0,0,0,0,0,ar ARG,MF,Independiente,Primera Division Argentina,16,2006,0.0,2,0,0,0,2,0,2,2,1,50.0,1,50.0,2,36,31,1,1,0,0,1,2,0,ar ARG,MF,Independiente,Primera Division Argentina,16,2006,1,1,1,0.0,0.0,0,0,0,1,1,8,3.00,0,0,0,0.00,+0.33,0.0,0.0,0.0,-1.02,-1.00,ar ARG,MF,Independiente,Primera Division Argentina,16,2006,0.0,0,0,0,0,1,0,0,0,0,0,0,0,0,0,0,0
Nahuel Losada,ar ARG,GK,Belgrano,Primera Division Argentina,29,1993,26,26,"2,292",25.5,0,0,0,0,0,0,1,1,0.0,0.0,0.0,0.0,0,0,0,0.00,0.00,0.00,0.00,0.00,0.00,0.00,0.00,0.00,0.00,ar ARG,GK,Belgrano,Primera Division Argentina,29,1993,25.5,0,0,0,0,0.00,0.00,0,0,0,0,0,0,0.0,0.0,0,0.0,0.0,ar ARG,GK,Belgrano,Primera Division Argentina,29,1993,25.5,616,813,75.8,19305,14289,78,78,100.0,295,300,98.3,242,432,56.0,0,0.0,0.0,0.0,0,22,0,0,0,ar ARG,GK,Belgrano,Primera Division Argentina,29,1993,25.5,813,529,282,62,0,3,0,0,0,0,0,0,616,2,0,ar ARG,GK,Belgrano,Primera Division Argentina,29,1993,25.5,3,0.12,1,2,0,0,0,0,0,0.00,0,0,0,0,0,0,ar ARG,GK,Belgrano,Primera Division Argentina,29,1993,25.5,1,1,1,0,0,1,1,100.0,0,1,0,1,0,1,11,3,ar ARG,GK,Belgrano,Primera Division Argentina,29,1993,25.5,869,721,869,0,0,0,869,1,1,100.0,0,0.0,434,2414,1464,0,0,0,1,0,293,0,ar ARG,GK,Belgrano,Primera Division Argentina,29,1993,26,"2,292",88,94.3,25.5,26,88,25,0,0,0,1.27,19,24,-5,-0.20,+0.46,22.7,29.4,-6.7,-0.26,-0.01,ar ARG,GK,Belgrano,Primera Division Argentina,29,1993,25.5,1,1,0,1,4,0,0,0,1,0,0,0,34,9,0,100.0
Raúl Lozano,ar ARG,DF,Platense,Primera Division Argentina,25,1997,5,5,442,4.9,0,0,0,0,0,0,1,1,0.0,0.0,0.1,0.1,10,26,26,0.00,0.00,0.00,0.00,0.00,0.00,0.02,0.02,0.00,0.02,ar ARG,DF,Platense,Primera Division Argentina,25,1997,4.9,0,0,0,0,0.00,0.00,0,0,0,0,0,0,0.0,0.0,0,0.0,0.0,ar ARG,DF,Platense,Primera Division Argentina,25,1997,4.9,147,219,67.1,2613,1626,68,86,79.1,60,76,78.9,17,43,39.5,0,0.1,0.3,-0.1,2,19,5,4,26,ar ARG,DF,Platense,Primera Division Argentina,25,1997,4.9,219,173,46,1,0,2,22,45,0,0,0,0,147,0,9,ar ARG,DF,Platense,Primera Division Argentina,25,1997,4.9,6,1.22,5,1,0,0,0,0,0,0.00,0,0,0,0,0,0,ar ARG,DF,Platense,Primera Division Argentina,25,1997,4.9,11,10,8,3,0,8,11,72.7,3,5,0,5,0,11,6,0,ar ARG,DF,Platense,Primera Division Argentina,25,1997,4.9,262,8,67,125,73,4,262,9,4,44.4,4,44.4,109,642,308,10,6,1,11,6,126,26,ar ARG,DF,Platense,Primera Division Argentina,25,1997,5,442,88,18.2,4.9,5,88,4,0,0,0,1.60,3,2,+1,+0.20,+0.38,2.7,4.2,-1.6,-0.32,+0.08,ar ARG,DF,Platense,Primera Division Argentina,25,1997,4.9,1,1,0,9,5,0,22,0,10,0,0,0,37,9,4,69.2
Daniel Lucero,ar ARG,"FW,MF",Arsenal,Primera Division Argentina,20,2002,7,2,222,2.5,0,1,1,0,0,0,3,0,0.7,0.7,0.1,0.9,7,6,16,0.00,0.41,0.41,0.00,0.41,0.30,0.06,0.35,0.30,0.35,ar ARG,"FW,MF",Arsenal,Primera Division Argentina,20,2002,2.5,0,5,3,60.0,2.03,1.22,0.00,0.00,14.7,0,0,0,0.7,0.7,0.15,-0.7,-0.7,ar ARG,"FW,MF",Arsenal,Primera Division Argentina,20,2002,2.5,50,77,64.9,721,205,31,36,86.1,11,21,52.4,5,10,50.0,1,0.1,0.3,+0.9,3,3,4,3,6,ar ARG,"FW,MF",Arsenal,Primera Division Argentina,20,2002,2.5,77,70,7,1,0,0,7,4,2,0,2,0,50,0,5,ar ARG,"FW,MF",Arsenal,Primera Division Argentina,20,2002,2.5,10,4.05,5,1,1,2,1,0,1,0.41,1,0,0,0,0,0,ar ARG,"FW,MF",Arsenal,Primera Division Argentina,20,2002,2.5,5,3,1,3,1,3,5,60.0,2,8,1,7,0,5,0,0,ar ARG,"FW,MF",Arsenal,Primera Division Argentina,20,2002,2.5,119,1,21,59,42,4,119,16,5,31.3,9,56.3,69,433,246,7,4,0,6,2,67,16,ar ARG,"FW,MF",Arsenal,Primera Division Argentina,20,2002,7,222,32,9.1,2.5,2,72,0,5,16,10,1.00,2,2,0,0.00,+0.65,3.3,2.5,+0.8,+0.32,+0.83,ar ARG,"FW,MF",Arsenal,Primera Division Argentina,20,2002,2.5,3,0,0,5,5,0,7,0,3,0,0,0,21,0,5,0.0
Esteban Lucero,ar ARG,DF,Defensa y Just,Primera Division Argentina,17,2005,1,1,78,0.9,0,0,0,0,0,0,0,0,0.0,0.0,0.0,0.0,1,0,0,0.00,0.00,0.00,0.00,0.00,0.00,0.00,0.00,0.00,0.00,ar ARG,DF,Defensa y Just,Primera Division Argentina,17,2005,0.9,0,0,0,0,0.00,0.00,0,0,0,0,0,0,0.0,0.0,0,0.0,0.0,ar ARG,DF,Defensa y Just,Primera Division Argentina,17,2005,0.9,30,42,71.4,474,119,15,18,83.3,14,17,82.4,0,6,0.0,0,0.0,0.0,0.0,0,2,0,0,0,ar ARG,DF,Defensa y Just,Primera Division Argentina,17,2005,0.9,42,40,2,2,0,0,0,0,0,0,0,0,30,0,0,ar ARG,DF,Defensa y Just,Primera Division Argentina,17,2005,0.9,0,0.00,0,0,0,0,0,0,0,0.00,0,0,0,0,0,0,ar ARG,DF,Defensa y Just,Primera Division Argentina,17,2005,0.9,1,1,0,1,0,1,1,100.0,0,0,0,0,1,2,6,0,ar ARG,DF,Defensa y Just,Primera Division Argentina,17,2005,0.9,49,6,29,20,0,0,49,0,0,0,0,0,26,127,76,1,0,0,0,0,30,0,ar ARG,DF,Defensa y Just,Primera Division Argentina,17,2005,1,78,78,3.2,0.9,1,78,0,0,0,4,0.00,0,1,-1,-1.15,-1.69,0.1,1.1,-1.0,-1.14,-1.32,ar ARG,DF,Defensa y Just,Primera Division Argentina,17,2005,0.9,0,0,0,2,0,0,0,1,1,0,1,0,6,1,1,50.0
Brian Luciatti,ar ARG,DF,Tigre,Primera Division Argentina,29,1993,24,23,"2,041",22.7,3,1,4,3,0,0,6,2,1.8,1.8,1.4,3.2,16,63,7,0.13,0.04,0.18,0.13,0.18,0.08,0.06,0.14,0.08,0.14,ar ARG,DF,Tigre,Primera Division Argentina,29,1993,22.7,3,26,9,34.6,1.15,0.40,0.12,0.33,14.8,0,0,0,1.8,1.8,0.07,+1.2,+1.2,ar ARG,DF,Tigre,Primera Division Argentina,29,1993,22.7,877,1051,83.4,16427,5722,329,367,89.6,452,515,87.8,90,139,64.7,1,1.4,0.4,-0.4,8,39,5,3,63,ar ARG,DF,Tigre,Primera Division Argentina,29,1993,22.7,1051,977,72,22,1,10,6,3,0,0,0,0,877,2,13,ar ARG,DF,Tigre,Primera Division Argentina,29,1993,22.7,16,0.71,13,0,0,3,0,0,1,0.04,0,0,0,1,0,0,ar ARG,DF,Tigre,Primera Division Argentina,29,1993,22.7,46,32,34,9,3,27,32,84.4,5,26,13,13,34,80,106,0,ar ARG,DF,Tigre,Primera Division Argentina,29,1993,22.7,1320,183,695,565,68,36,1320,11,7,63.6,3,27.3,681,3321,1767,16,10,2,6,4,732,7,ar ARG,DF,Tigre,Primera Division Argentina,29,1993,24,"2,041",85,84.0,22.7,23,88,21,1,16,1,1.29,25,25,0,0.00,+0.46,30.3,25.2,+5.2,+0.23,+0.45,ar ARG,DF,Tigre,Primera Division Argentina,29,1993,22.7,6,2,1,22,9,1,6,34,32,0,0,0,118,81,34,70.4
Juan Ludueña,ar ARG,DF,Unión,Primera Division Argentina,19,2003,6,2,242,2.7,0,0,0,0,0,0,0,0,0.0,0.0,0.2,0.2,0,9,0,0.00,0.00,0.00,0.00,0.00,0.00,0.09,0.09,0.00,0.09,ar ARG,DF,Unión,Primera Division Argentina,19,2003,2.7,0,0,0,0,0.00,0.00,0,0,0,0,0,0,0.0,0.0,0,0.0,0.0,ar ARG,DF,Unión,Primera Division Argentina,19,2003,2.7,39,67,58.2,806,470,16,20,80.0,16,23,69.6,7,21,33.3,0,0.2,0.0,-0.2,1,4,0,0,9,ar ARG,DF,Unión,Primera Division Argentina,19,2003,2.7,67,62,5,4,0,1,1,1,0,0,0,0,39,0,1,ar ARG,DF,Unión,Primera Division Argentina,19,2003,2.7,3,1.12,1,0,1,0,0,1,0,0.00,0,0,0,0,0,0,ar ARG,DF,Unión,Primera Division Argentina,19,2003,2.7,5,3,3,2,0,3,8,37.5,5,4,2,2,7,12,10,0,ar ARG,DF,Unión,Primera Division Argentina,19,2003,2.7,98,16,53,43,4,2,98,3,1,33.3,2,66.7,40,261,136,0,0,0,3,2,30,0,ar ARG,DF,Unión,Primera Division Argentina,19,2003,6,242,40,10.0,2.7,2,83,1,4,19,20,1.67,1,7,-6,-2.23,-2.23,1.9,3.9,-2.0,-0.74,-0.56,ar ARG,DF,Unión,Primera Division Argentina,19,2003,2.7,0,0,0,3,1,0,1,7,3,0,0,0,22,3,5,37.5
Gonzalo Luján,ar ARG,"DF,MF",San Lorenzo,Primera Division Argentina,21,2001,23,12,"1,243",13.8,0,0,0,0,0,0,0,0,0.4,0.4,0.5,0.9,11,20,24,0.00,0.00,0.00,0.00,0.00,0.03,0.03,0.06,0.03,0.06,ar ARG,"DF,MF",San Lorenzo,Primera Division Argentina,21,2001,13.8,0,7,2,28.6,0.51,0.14,0.00,0.00,14.4,0,0,0,0.4,0.4,0.06,-0.4,-0.4,ar ARG,"DF,MF",San Lorenzo,Primera Division Argentina,21,2001,13.8,277,452,61.3,5678,2925,98,118,83.1,131,200,65.5,44,103,42.7,0,0.5,0.8,-0.5,8,17,12,10,20,ar ARG,"DF,MF",San Lorenzo,Primera Division Argentina,21,2001,13.8,452,350,99,2,1,0,37,97,0,0,0,0,277,3,20,ar ARG,"DF,MF",San Lorenzo,Primera Division Argentina,21,2001,13.8,14,1.01,9,4,0,0,1,0,1,0.07,0,1,0,0,0,0,ar ARG,"DF,MF",San Lorenzo,Primera Division Argentina,21,2001,13.8,26,18,16,7,3,15,33,45.5,18,16,8,8,16,42,44,0,ar ARG,"DF,MF",San Lorenzo,Primera Division Argentina,21,2001,13.8,593,54,228,256,120,15,593,18,10,55.6,7,38.9,223,1187,474,11,12,1,13,2,251,24,ar ARG,"DF,MF",San Lorenzo,Primera Division Argentina,21,2001,23,"1,243",54,51.2,13.8,12,73,6,11,34,4,1.74,9,10,-1,-0.07,-0.91,12.3,12.9,-0.6,-0.04,-0.59,ar ARG,"DF,MF",San Lorenzo,Primera Division Argentina,21,2001,13.8,0,0,0,17,5,0,37,16,18,0,0,0,66,27,12,69.2
Santiago Luján,ar ARG,"MF,FW",Huracán,Primera Division Argentina,21,2002,10,2,233,2.6,0,0,0,0,0,0,1,1,0.2,0.2,0.1,0.3,3,8,14,0.00,0.00,0.00,0.00,0.00,0.07,0.04,0.11,0.07,0.11,ar ARG,"MF,FW",Huracán,Primera Division Argentina,21,2002,2.6,0,3,0,0.0,1.16,0.00,0.00,0,23.9,1,0,0,0.2,0.2,0.06,-0.2,-0.2,ar ARG,"MF,FW",Huracán,Primera Division Argentina,21,2002,2.6,48,93,51.6,828,238,24,31,77.4,14,26,53.8,8,28,28.6,0,0.1,0.2,-0.1,2,5,0,0,8,ar ARG,"MF,FW",Huracán,Primera Division Argentina,21,2002,2.6,93,76,17,5,0,0,26,1,10,4,6,0,48,0,5,ar ARG,"MF,FW",Huracán,Primera Division Argentina,21,2002,2.6,4,1.53,0,3,0,0,1,0,0,0.00,0,0,0,0,0,0,ar ARG,"MF,FW",Huracán,Primera Division Argentina,21,2002,2.6,9,6,2,7,0,7,11,63.6,4,0,0,0,1,10,1,0,ar ARG,"MF,FW",Huracán,Primera Division Argentina,21,2002,2.6,120,3,20,43,59,3,120,5,1,20.0,3,60.0,54,254,159,3,0,1,6,1,62,14,ar ARG,"MF,FW",Huracán,Primera Division Argentina,21,2002,10,233,23,9.6,2.6,2,64,0,8,13,13,0.80,2,3,-1,-0.39,+0.02,3.2,4.5,-1.2,-0.48,-0.55,ar ARG,"MF,FW",Huracán,Primera Division Argentina,21,2002,2.6,1,1,0,4,2,1,26,1,6,0,0,0,18,2,3,40.0
Mauro Luna Diale,ar ARG,"MF,FW",Unión,Primera Division Argentina,23,1999,25,22,"1,824",20.3,3,3,6,2,1,1,4,1,3.4,2.7,1.9,4.6,42,73,110,0.15,0.15,0.30,0.10,0.25,0.17,0.09,0.26,0.13,0.23,ar ARG,"MF,FW",Unión,Primera Division Argentina,23,1999,20.3,3,29,10,34.5,1.43,0.49,0.07,0.20,18.0,0,1,1,3.4,2.7,0.09,-0.4,-0.7,ar ARG,"MF,FW",Unión,Primera Division Argentina,23,1999,20.3,417,580,71.9,6322,1699,237,297,79.8,148,192,77.1,21,37,56.8,3,1.9,1.6,+1.1,23,37,21,3,73,ar ARG,"MF,FW",Unión,Primera Division Argentina,23,1999,20.3,580,565,14,4,3,5,21,4,0,0,0,0,417,1,27,ar ARG,"MF,FW",Unión,Primera Division Argentina,23,1999,20.3,52,2.57,34,0,5,5,8,0,4,0.20,3,0,0,0,1,0,ar ARG,"MF,FW",Unión,Primera Division Argentina,23,1999,20.3,44,26,14,23,7,15,37,40.5,22,31,4,27,2,46,27,0,ar ARG,"MF,FW",Unión,Primera Division Argentina,23,1999,20.3,855,28,125,418,328,66,854,66,35,53.0,22,33.3,496,3092,1316,42,32,4,64,45,559,110,ar ARG,"MF,FW",Unión,Primera Division Argentina,23,1999,25,"1,824",73,75.1,20.3,22,79,6,3,25,0,1.20,16,13,+3,+0.15,+1.48,17.0,18.3,-1.4,-0.07,+0.70,ar ARG,"MF,FW",Unión,Primera Division Argentina,23,1999,20.3,4,1,0,19,48,1,21,2,26,1,0,0,101,32,49,39.5
Enzo Luna,ar ARG,"MF,FW",Huracán,Primera Division Argentina,20,2002,5,0,35,0.4,0,0,0,0,0,0,0,0,0.2,0.2,0.0,0.2,2,1,5,0.00,0.00,0.00,0.00,0.00,0.52,0.00,0.52,0.52,0.52,ar ARG,"MF,FW",Huracán,Primera Division Argentina,20,2002,0.4,0,4,1,25.0,10.29,2.57,0.00,0.00,21.1,0,0,0,0.2,0.2,0.05,-0.2,-0.2,ar ARG,"MF,FW",Huracán,Primera Division Argentina,20,2002,0.4,7,10,70.0,95,20,5,5,100.0,2,5,40.0,0,0,0,0,0.0,0.0,0.0,0,1,1,0,1,ar ARG,"MF,FW",Huracán,Primera Division Argentina,20,2002,0.4,10,9,1,0,1,0,1,1,0,0,0,0,7,0,0,ar ARG,"MF,FW",Huracán,Primera Division Argentina,20,2002,0.4,0,0.00,0,0,0,0,0,0,0,0.00,0,0,0,0,0,0,ar ARG,"MF,FW",Huracán,Primera Division Argentina,20,2002,0.4,0,0,0,0,0,0,1,0.0,1,3,0,3,0,0,0,0,ar ARG,"MF,FW",Huracán,Primera Division Argentina,20,2002,0.4,26,1,1,7,18,3,26,3,1,33.3,2,66.7,16,107,50,2,3,0,4,3,17,5,ar ARG,"MF,FW",Huracán,Primera Division Argentina,20,2002,5,35,7,1.4,0.4,0,0,0,5,7,8,1.20,0,1,-1,-2.57,-2.20,0.4,1.8,-1.4,-3.49,-3.56,ar ARG,"MF,FW",Huracán,Primera Division Argentina,20,2002,0.4,0,0,0,0,2,0,1,0,0,0,0,0,1,1,1,50.0
Francis Mac Allister,ar ARG,MF,Rosario Central,Primera Division Argentina,27,1995,19,16,"1,236",13.7,1,2,3,1,0,0,6,0,0.3,0.3,1.4,1.7,9,78,6,0.07,0.15,0.22,0.07,0.22,0.02,0.11,0.13,0.02,0.13,ar ARG,MF,Rosario Central,Primera Division Argentina,27,1995,13.7,1,6,3,50.0,0.44,0.22,0.17,0.33,32.9,1,0,0,0.3,0.3,0.05,+0.7,+0.7,ar ARG,MF,Rosario Central,Primera Division Argentina,27,1995,13.7,493,644,76.6,8632,2844,224,263,85.2,194,239,81.2,56,102,54.9,2,1.4,1.2,+0.6,26,72,12,2,78,ar ARG,MF,Rosario Central,Primera Division Argentina,27,1995,13.7,644,581,61,38,3,6,26,2,21,1,16,0,493,2,8,ar ARG,MF,Rosario Central,Primera Division Argentina,27,1995,13.7,44,3.20,32,10,0,1,0,1,6,0.44,5,1,0,0,0,0,ar ARG,MF,Rosario Central,Primera Division Argentina,27,1995,13.7,52,35,19,29,4,21,56,37.5,35,25,3,22,19,71,28,0,ar ARG,MF,Rosario Central,Primera Division Argentina,27,1995,13.7,804,33,165,501,145,8,804,15,6,40.0,9,60.0,348,1430,656,9,9,1,14,9,437,6,ar ARG,MF,Rosario Central,Primera Division Argentina,27,1995,19,"1,236",65,50.9,13.7,16,73,2,3,23,0,1.53,18,18,0,0.00,-0.53,17.0,18.3,-1.4,-0.10,-0.15,ar ARG,MF,Rosario Central,Primera Division Argentina,27,1995,13.7,6,0,0,29,14,1,26,19,35,0,0,0,89,22,15,59.5
Kevin Mac Allister,ar ARG,DF,Arg Juniors,Primera Division Argentina,25,1997,20,20,"1,728",19.2,4,0,4,4,0,0,5,1,3.2,3.2,0.4,3.6,19,142,34,0.21,0.00,0.21,0.21,0.21,0.17,0.02,0.19,0.17,0.19,ar ARG,DF,Arg Juniors,Primera Division Argentina,25,1997,19.2,4,30,10,33.3,1.56,0.52,0.13,0.40,13.1,0,0,0,3.2,3.2,0.11,+0.8,+0.8,ar ARG,DF,Arg Juniors,Primera Division Argentina,25,1997,19.2,947,1256,75.4,16760,7642,386,442,87.3,460,584,78.8,84,182,46.2,0,0.4,0.9,-0.4,8,106,7,1,142,ar ARG,DF,Arg Juniors,Primera Division Argentina,25,1997,19.2,1256,1023,231,22,0,5,17,209,0,0,0,0,947,2,20,ar ARG,DF,Arg Juniors,Primera Division Argentina,25,1997,19.2,37,1.93,25,4,0,4,1,3,0,0.00,0,0,0,0,0,0,ar ARG,DF,Arg Juniors,Primera Division Argentina,25,1997,19.2,59,38,29,27,3,30,57,52.6,27,37,8,29,27,86,56,0,ar ARG,DF,Arg Juniors,Primera Division Argentina,25,1997,19.2,1478,65,435,812,237,39,1478,7,3,42.9,3,42.9,711,2565,1525,19,12,1,11,1,787,34,ar ARG,DF,Arg Juniors,Primera Division Argentina,25,1997,20,"1,728",86,71.1,19.2,20,86,18,0,0,0,1.45,22,14,+8,+0.42,+0.29,27.9,18.4,+9.5,+0.49,-0.01,ar ARG,DF,Arg Juniors,Primera Division Argentina,25,1997,19.2,5,1,0,32,33,1,17,27,38,0,1,0,120,58,34,63.0
Ramiro Macagno,ar ARG,GK,Platense,Primera Division Argentina,25,1997,22,22,"1,980",22.0,0,0,0,0,0,0,0,0,0.0,0.0,0.1,0.1,0,0,0,0.00,0.00,0.00,0.00,0.00,0.00,0.01,0.01,0.00,0.01,ar ARG,GK,Platense,Primera Division Argentina,25,1997,22.0,0,0,0,0,0.00,0.00,0,0,0,0,0,0,0.0,0.0,0,0.0,0.0,ar ARG,GK,Platense,Primera Division Argentina,25,1997,22.0,383,629,60.9,13018,10482,43,43,100.0,172,174,98.9,168,411,40.9,0,0.1,0.1,-0.1,1,21,0,0,0,ar ARG,GK,Platense,Primera Division Argentina,25,1997,22.0,629,339,289,93,0,0,0,0,0,0,0,0,383,1,0,ar ARG,GK,Platense,Primera Division Argentina,25,1997,22.0,6,0.27,2,4,0,0,0,0,0,0.00,0,0,0,0,0,0,ar ARG,GK,Platense,Primera Division Argentina,25,1997,22.0,0,0,0,0,0,0,2,0.0,2,1,0,1,1,1,6,1,ar ARG,GK,Platense,Primera Division Argentina,25,1997,22.0,667,504,665,2,0,0,667,0,0,0,0,0,275,1743,957,0,0,0,1,0,179,0,ar ARG,GK,Platense,Primera Division Argentina,25,1997,22,"1,980",90,81.5,22.0,22,90,22,0,0,5,1.32,18,18,0,0.00,+0.60,17.1,22.7,-5.6,-0.25,+0.74,ar ARG,GK,Platense,Primera Division Argentina,25,1997,22.0,0,0,0,1,1,0,0,1,0,0,1,0,18,2,0,100.0
Imanol Machuca,ar ARG,"FW,MF",Unión,Primera Division Argentina,23,2000,22,22,"1,860",20.7,4,1,5,4,0,0,4,1,2.8,2.8,2.6,5.4,105,58,129,0.19,0.05,0.24,0.19,0.24,0.14,0.13,0.26,0.14,0.26,ar ARG,"FW,MF",Unión,Primera Division Argentina,23,2000,20.7,4,34,13,38.2,1.65,0.63,0.12,0.31,19.6,5,0,0,2.8,2.8,0.08,+1.2,+1.2,ar ARG,"FW,MF",Unión,Primera Division Argentina,23,2000,20.7,372,545,68.3,5833,1612,204,243,84.0,118,170,69.4,30,65,46.2,1,2.6,3.4,-1.6,31,21,25,6,58,ar ARG,"FW,MF",Unión,Primera Division Argentina,23,2000,20.7,545,469,69,20,5,1,80,3,36,6,14,0,372,7,29,ar ARG,"FW,MF",Unión,Primera Division Argentina,23,2000,20.7,75,3.63,41,10,15,3,6,0,5,0.24,2,0,2,0,1,0,ar ARG,"FW,MF",Unión,Primera Division Argentina,23,2000,20.7,26,20,10,13,3,10,32,31.3,22,16,1,15,2,28,6,0,ar ARG,"FW,MF",Unión,Primera Division Argentina,23,2000,20.7,813,7,86,340,430,54,813,193,116,60.1,56,29.0,538,5842,2893,105,77,25,65,54,535,129,ar ARG,"FW,MF",Unión,Primera Division Argentina,23,2000,22,"1,860",85,76.5,20.7,22,85,11,0,0,0,1.14,16,16,0,0.00,+0.95,16.8,21.6,-4.8,-0.23,+0.04,ar ARG,"FW,MF",Unión,Primera Division Argentina,23,2000,20.7,4,1,0,22,42,6,80,2,20,0,0,0,109,10,25,28.6
Alejandro Maciel,ar ARG,DF,Banfield,Primera Division Argentina,25,1997,22,21,"1,851",20.6,0,0,0,0,0,0,4,0,0.7,0.7,0.3,0.9,11,60,1,0.00,0.00,0.00,0.00,0.00,0.03,0.01,0.04,0.03,0.04,ar ARG,DF,Banfield,Primera Division Argentina,25,1997,20.6,0,10,0,0.0,0.49,0.00,0.00,0,11.3,0,0,0,0.7,0.7,0.07,-0.7,-0.7,ar ARG,DF,Banfield,Primera Division Argentina,25,1997,20.6,473,729,64.9,11067,6452,124,155,80.0,228,292,78.1,116,258,45.0,0,0.3,0.4,-0.3,5,63,3,2,60,ar ARG,DF,Banfield,Primera Division Argentina,25,1997,20.6,729,685,42,42,0,8,5,0,0,0,0,0,473,2,10,ar ARG,DF,Banfield,Primera Division Argentina,25,1997,20.6,18,0.88,17,0,0,0,0,1,0,0.00,0,0,0,0,0,0,ar ARG,DF,Banfield,Primera Division Argentina,25,1997,20.6,41,28,28,13,0,25,42,59.5,17,23,15,8,25,66,112,0,ar ARG,DF,Banfield,Primera Division Argentina,25,1997,20.6,952,154,564,367,29,13,952,3,2,66.7,1,33.3,391,1874,1193,11,6,0,8,2,429,1,ar ARG,DF,Banfield,Primera Division Argentina,25,1997,22,"1,851",84,76.2,20.6,21,88,20,1,6,5,1.18,17,23,-6,-0.29,+0.49,21.8,24.0,-2.1,-0.10,-0.53,ar ARG,DF,Banfield,Primera Division Argentina,25,1997,20.6,4,0,0,18,8,1,5,25,28,0,0,0,103,70,27,72.2
Leandro Maciel,ar ARG,MF,Cen. Córdoba–SdE,Primera Division Argentina,27,1995,24,21,"1,639",18.2,4,1,5,4,0,0,1,0,3.0,3.0,1.1,4.1,11,75,44,0.22,0.05,0.27,0.22,0.27,0.17,0.06,0.22,0.17,0.22,ar ARG,MF,Cen. Córdoba–SdE,Primera Division Argentina,27,1995,18.2,4,41,13,31.7,2.25,0.71,0.10,0.31,22.6,0,0,0,3.0,3.0,0.07,+1.0,+1.0,ar ARG,MF,Cen. Córdoba–SdE,Primera Division Argentina,27,1995,18.2,457,617,74.1,7920,2640,210,260,80.8,172,215,80.0,56,96,58.3,1,1.1,1.1,-0.1,20,59,7,4,75,ar ARG,MF,Cen. Córdoba–SdE,Primera Division Argentina,27,1995,18.2,617,606,7,5,1,6,11,1,0,0,0,0,457,4,14,ar ARG,MF,Cen. Córdoba–SdE,Primera Division Argentina,27,1995,18.2,40,2.20,36,0,0,1,1,2,1,0.06,1,0,0,0,0,0,ar ARG,MF,Cen. Córdoba–SdE,Primera Division Argentina,27,1995,18.2,40,21,13,22,5,14,43,32.6,29,24,4,20,19,59,29,0,ar ARG,MF,Cen. Córdoba–SdE,Primera Division Argentina,27,1995,18.2,828,31,146,493,198,23,828,12,8,66.7,4,33.3,357,1438,641,11,14,1,38,13,462,44,ar ARG,MF,Cen. Córdoba–SdE,Primera Division Argentina,27,1995,24,"1,639",68,67.4,18.2,21,75,3,3,23,1,1.17,13,19,-6,-0.33,+0.13,15.5,22.2,-6.7,-0.37,+0.09,ar ARG,MF,Cen. Córdoba–SdE,Primera Division Argentina,27,1995,18.2,1,0,0,25,9,1,11,19,21,0,0,0,135,19,31,38.0
Ignacio Maestro Puch,ar ARG,"FW,MF",Atlé Tucumán,Primera Division Argentina,19,2003,17,2,356,4.0,0,0,0,0,0,0,0,1,0.3,0.3,0.2,0.4,6,7,21,0.00,0.00,0.00,0.00,0.00,0.07,0.04,0.10,0.07,0.10,ar ARG,"FW,MF",Atlé Tucumán,Primera Division Argentina,19,2003,4.0,0,6,2,33.3,1.52,0.51,0.00,0.00,17.3,0,0,0,0.3,0.3,0.04,-0.3,-0.3,ar ARG,"FW,MF",Atlé Tucumán,Primera Division Argentina,19,2003,4.0,47,69,68.1,646,114,28,37,75.7,16,25,64.0,0,3,0.0,0,0.2,0.1,-0.2,4,1,3,0,7,ar ARG,"FW,MF",Atlé Tucumán,Primera Division Argentina,19,2003,4.0,69,64,5,0,0,0,1,0,0,0,0,0,47,0,1,ar ARG,"FW,MF",Atlé Tucumán,Primera Division Argentina,19,2003,4.0,5,1.26,3,0,0,2,0,0,0,0.00,0,0,0,0,0,0,ar ARG,"FW,MF",Atlé Tucumán,Primera Division Argentina,19,2003,4.0,4,1,2,1,1,0,3,0.0,3,5,0,5,0,4,5,0,ar ARG,"FW,MF",Atlé Tucumán,Primera Division Argentina,19,2003,4.0,142,6,12,62,72,15,142,25,10,40.0,12,48.0,79,460,192,6,7,2,24,8,84,21,ar ARG,"FW,MF",Atlé Tucumán,Primera Division Argentina,19,2003,17,356,21,14.7,4.0,2,53,0,15,17,4,1.29,4,5,-1,-0.25,-0.21,3.2,3.9,-0.7,-0.19,+0.04,ar ARG,"FW,MF",Atlé Tucumán,Primera Division Argentina,19,2003,4.0,0,1,0,19,5,2,1,0,1,0,0,0,17,2,17,10.5
Luis Mago,ve VEN,DF,Banfield,Primera Division Argentina,28,1994,6,5,467,5.2,0,0,0,0,0,0,2,1,0.3,0.3,0.2,0.4,1,12,2,0.00,0.00,0.00,0.00,0.00,0.05,0.03,0.08,0.05,0.08,ve VEN,DF,Banfield,Primera Division Argentina,28,1994,5.2,0,3,0,0.0,0.58,0.00,0.00,0,12.9,0,0,0,0.3,0.3,0.09,-0.3,-0.3,ve VEN,DF,Banfield,Primera Division Argentina,28,1994,5.2,109,160,68.1,2212,1383,38,45,84.4,48,59,81.4,20,51,39.2,0,0.2,0.3,-0.2,2,10,3,3,12,ve VEN,DF,Banfield,Primera Division Argentina,28,1994,5.2,160,143,17,7,0,2,8,10,0,0,0,0,109,0,1,ve VEN,DF,Banfield,Primera Division Argentina,28,1994,5.2,6,1.16,3,2,0,0,0,1,0,0.00,0,0,0,0,0,0,ve VEN,DF,Banfield,Primera Division Argentina,28,1994,5.2,14,9,10,4,0,6,10,60.0,4,8,5,3,8,22,16,1,ve VEN,DF,Banfield,Primera Division Argentina,28,1994,5.2,214,29,100,100,18,4,214,1,0,0.0,1,100.0,108,498,290,1,2,0,3,1,92,2,ve VEN,DF,Banfield,Primera Division Argentina,28,1994,6,467,78,19.2,5.2,5,89,3,1,22,12,0.67,2,9,-7,-1.35,-1.17,4.7,6.3,-1.7,-0.32,-0.42,ve VEN,DF,Banfield,Primera Division Argentina,28,1994,5.2,2,1,1,6,0,1,8,8,9,0,0,0,29,7,3,70.0
Jonatan Maidana,ar ARG,DF,River Plate,Primera Division Argentina,37,1985,6,5,455,5.1,0,0,0,0,0,0,1,0,0.1,0.1,0.0,0.1,0,15,0,0.00,0.00,0.00,0.00,0.00,0.03,0.00,0.03,0.03,0.03,ar ARG,DF,River Plate,Primera Division Argentina,37,1985,5.1,0,4,2,50.0,0.79,0.40,0.00,0.00,13.6,0,0,0,0.1,0.1,0.03,-0.1,-0.1,ar ARG,DF,River Plate,Primera Division Argentina,37,1985,5.1,230,255,90.2,4192,1710,80,87,92.0,132,143,92.3,14,18,77.8,0,0.0,0.0,0.0,0,7,1,0,15,ar ARG,DF,River Plate,Primera Division Argentina,37,1985,5.1,255,253,2,1,0,0,0,1,0,0,0,0,230,0,2,ar ARG,DF,River Plate,Primera Division Argentina,37,1985,5.1,2,0.40,1,0,0,0,0,1,0,0.00,0,0,0,0,0,0,ar ARG,DF,River Plate,Primera Division Argentina,37,1985,5.1,2,1,1,1,0,1,2,50.0,1,7,4,3,5,7,22,0,ar ARG,DF,River Plate,Primera Division Argentina,37,1985,5.1,302,49,168,125,10,5,302,1,0,0.0,1,100.0,166,662,338,0,0,0,0,0,192,0,ar ARG,DF,River Plate,Primera Division Argentina,37,1985,6,455,76,18.7,5.1,5,90,5,1,5,14,1.67,7,6,+1,+0.20,-1.12,6.2,4.8,+1.4,+0.28,-0.80,ar ARG,DF,River Plate,Primera Division Argentina,37,1985,5.1,1,0,0,5,0,0,0,5,1,0,0,0,23,18,16,52.9
Guido Mainero,ar ARG,"MF,FW",Sarmiento,Primera Division Argentina,27,1995,5,2,195,2.2,0,0,0,0,0,0,0,1,0.0,0.0,0.4,0.4,8,4,14,0.00,0.00,0.00,0.00,0.00,0.02,0.18,0.20,0.02,0.20,ar ARG,"MF,FW",Sarmiento,Primera Division Argentina,27,1995,2.2,0,1,0,0.0,0.46,0.00,0.00,0,14.7,0,0,0,0.0,0.0,0.04,0.0,0.0,ar ARG,"MF,FW",Sarmiento,Primera Division Argentina,27,1995,2.2,60,100,60.0,1163,528,27,31,87.1,19,25,76.0,11,31,35.5,0,0.4,0.7,-0.4,2,7,4,3,4,ar ARG,"MF,FW",Sarmiento,Primera Division Argentina,27,1995,2.2,100,76,24,7,0,1,22,14,3,0,3,0,60,0,10,ar ARG,"MF,FW",Sarmiento,Primera Division Argentina,27,1995,2.2,4,1.85,4,0,0,0,0,0,0,0.00,0,0,0,0,0,0,ar ARG,"MF,FW",Sarmiento,Primera Division Argentina,27,1995,2.2,4,4,1,2,1,2,4,50.0,2,3,0,3,3,7,1,0,ar ARG,"MF,FW",Sarmiento,Primera Division Argentina,27,1995,2.2,130,2,26,60,48,1,130,11,6,54.5,5,45.5,76,569,264,8,7,0,8,4,66,14,ar ARG,"MF,FW",Sarmiento,Primera Division Argentina,27,1995,5,195,39,8.0,2.2,2,59,0,3,26,2,0.20,0,3,-3,-1.38,-1.38,1.2,2.3,-1.0,-0.48,-0.21,ar ARG,"MF,FW",Sarmiento,Primera Division Argentina,27,1995,2.2,0,1,0,4,6,1,22,3,4,0,0,0,26,4,5,44.4
Julián Malatini,ar ARG,DF,Defensa y Just,Primera Division Argentina,21,2001,17,10,971,10.8,0,0,0,0,0,0,4,0,0.3,0.3,0.3,0.6,11,26,0,0.00,0.00,0.00,0.00,0.00,0.03,0.03,0.06,0.03,0.06,ar ARG,DF,Defensa y Just,Primera Division Argentina,21,2001,10.8,0,3,1,33.3,0.28,0.09,0.00,0.00,10.0,0,0,0,0.3,0.3,0.10,-0.3,-0.3,ar ARG,DF,Defensa y Just,Primera Division Argentina,21,2001,10.8,372,465,80.0,7818,2548,97,114,85.1,217,237,91.6,56,99,56.6,0,0.3,0.0,-0.3,1,24,0,0,26,ar ARG,DF,Defensa y Just,Primera Division Argentina,21,2001,10.8,465,451,12,11,0,6,0,1,0,0,0,0,372,2,8,ar ARG,DF,Defensa y Just,Primera Division Argentina,21,2001,10.8,8,0.80,7,0,0,0,0,1,0,0.00,0,0,0,0,0,0,ar ARG,DF,Defensa y Just,Primera Division Argentina,21,2001,10.8,14,8,9,4,1,4,9,44.4,5,11,4,7,14,28,52,2,ar ARG,DF,Defensa y Just,Primera Division Argentina,21,2001,10.8,578,76,357,214,9,5,578,7,4,57.1,3,42.9,329,2422,1528,11,2,0,6,3,331,0,ar ARG,DF,Defensa y Just,Primera Division Argentina,21,2001,17,971,57,40.0,10.8,10,90,10,7,10,9,1.94,14,9,+5,+0.46,-0.03,13.7,12.2,+1.5,+0.15,+0.02,ar ARG,DF,Defensa y Just,Primera Division Argentina,21,2001,10.8,4,0,0,13,7,0,0,14,8,0,0,0,60,25,17,59.5
Víctor Malcorra,ar ARG,"MF,FW",Rosario Central,Primera Division Argentina,35,1987,25,25,"2,073",23.0,5,8,13,3,2,3,2,0,5.5,3.1,5.1,8.2,72,99,141,0.22,0.35,0.56,0.13,0.48,0.24,0.22,0.46,0.14,0.36,ar ARG,"MF,FW",Rosario Central,Primera Division Argentina,35,1987,23.0,5,44,15,34.1,1.91,0.65,0.07,0.20,22.7,4,2,3,5.5,3.1,0.07,-0.5,-0.1,ar ARG,"MF,FW",Rosario Central,Primera Division Argentina,35,1987,23.0,522,808,64.6,9642,3407,239,309,77.3,186,278,66.9,78,150,52.0,8,5.1,4.7,+2.9,57,54,28,10,99,ar ARG,"MF,FW",Rosario Central,Primera Division Argentina,35,1987,23.0,808,696,106,36,5,9,124,10,60,9,39,0,522,6,33,ar ARG,"MF,FW",Rosario Central,Primera Division Argentina,35,1987,23.0,122,5.30,69,29,9,10,5,0,17,0.74,9,5,1,2,0,0,ar ARG,"MF,FW",Rosario Central,Primera Division Argentina,35,1987,23.0,13,9,3,6,4,7,36,19.4,29,16,0,16,2,15,3,1,ar ARG,"MF,FW",Rosario Central,Primera Division Argentina,35,1987,23.0,1026,2,94,425,525,51,1023,81,39,48.1,31,38.3,631,4185,1867,72,48,12,65,27,705,141,ar ARG,"MF,FW",Rosario Central,Primera Division Argentina,35,1987,25,"2,073",83,85.3,23.0,25,83,14,0,0,0,1.64,29,23,+6,+0.26,+0.01,28.1,28.3,-0.2,-0.01,+0.12,ar ARG,"MF,FW",Rosario Central,Primera Division Argentina,35,1987,23.0,2,0,0,14,30,7,124,2,9,0,0,0,114,5,13,27.8
Facundo Mallo,uy URU,DF,Rosario Central,Primera Division Argentina,28,1995,26,26,"2,340",26.0,1,1,2,1,0,0,9,0,1.0,1.0,0.3,1.4,9,45,2,0.04,0.04,0.08,0.04,0.08,0.04,0.01,0.05,0.04,0.05,uy URU,DF,Rosario Central,Primera Division Argentina,28,1995,26.0,1,14,4,28.6,0.54,0.15,0.07,0.25,11.4,0,0,0,1.0,1.0,0.08,0.0,0.0,uy URU,DF,Rosario Central,Primera Division Argentina,28,1995,26.0,660,878,75.2,14580,6256,189,214,88.3,345,401,86.0,123,244,50.4,1,0.3,0.2,+0.7,5,44,3,0,45,uy URU,DF,Rosario Central,Primera Division Argentina,28,1995,26.0,878,836,37,36,1,18,1,1,0,0,0,0,660,5,4,uy URU,DF,Rosario Central,Primera Division Argentina,28,1995,26.0,16,0.62,12,0,0,3,1,0,1,0.04,1,0,0,0,0,0,uy URU,DF,Rosario Central,Primera Division Argentina,28,1995,26.0,36,20,24,11,1,22,39,56.4,17,25,18,7,52,88,154,1,uy URU,DF,Rosario Central,Primera Division Argentina,28,1995,26.0,1178,206,712,445,33,24,1178,4,3,75.0,1,25.0,534,2819,1782,9,4,1,8,5,547,2,uy URU,DF,Rosario Central,Primera Division Argentina,28,1995,26,"2,340",90,96.3,26.0,26,90,26,0,0,0,1.50,32,29,+3,+0.12,-3.88,30.7,33.2,-2.5,-0.09,-1.83,uy URU,DF,Rosario Central,Primera Division Argentina,28,1995,26.0,9,0,0,21,5,1,1,52,20,0,0,0,152,80,38,67.8
Emanuel Mammana,ar ARG,DF,River Plate,Primera Division Argentina,26,1996,7,5,541,6.0,0,0,0,0,0,0,1,0,0.1,0.1,0.0,0.1,4,23,0,0.00,0.00,0.00,0.00,0.00,0.02,0.00,0.02,0.02,0.02,ar ARG,DF,River Plate,Primera Division Argentina,26,1996,6.0,0,3,0,0.0,0.50,0.00,0.00,0,16.4,0,0,0,0.1,0.1,0.03,-0.1,-0.1,ar ARG,DF,River Plate,Primera Division Argentina,26,1996,6.0,321,368,87.2,6110,2279,122,135,90.4,151,166,91.0,41,55,74.5,0,0.0,0.0,0.0,1,14,0,0,23,ar ARG,DF,River Plate,Primera Division Argentina,26,1996,6.0,368,347,19,14,0,2,1,5,0,0,0,0,321,2,1,ar ARG,DF,River Plate,Primera Division Argentina,26,1996,6.0,1,0.17,0,0,0,1,0,0,0,0.00,0,0,0,0,0,0,ar ARG,DF,River Plate,Primera Division Argentina,26,1996,6.0,8,5,5,2,1,4,5,80.0,1,6,5,1,10,18,31,0,ar ARG,DF,River Plate,Primera Division Argentina,26,1996,6.0,429,44,223,202,10,2,429,3,3,100.0,0,0.0,238,1090,672,4,0,0,2,1,257,0,ar ARG,DF,River Plate,Primera Division Argentina,26,1996,7,541,77,22.3,6.0,5,90,5,2,46,7,2.43,10,4,+6,+1.00,-0.15,8.2,5.2,+3.0,+0.50,-0.55,ar ARG,DF,River Plate,Primera Division Argentina,26,1996,6.0,1,0,0,4,1,0,1,10,5,0,0,0,41,9,11,45.0
Ivo Mammini,ar ARG,"FW,MF",Gimnasia–LP,Primera Division Argentina,19,2003,17,5,657,7.3,2,0,2,2,0,0,0,0,1.6,1.6,0.5,2.1,20,10,55,0.27,0.00,0.27,0.27,0.27,0.22,0.07,0.29,0.22,0.29,ar ARG,"FW,MF",Gimnasia–LP,Primera Division Argentina,19,2003,7.3,2,22,6,27.3,3.01,0.82,0.09,0.33,17.6,0,0,0,1.6,1.6,0.07,+0.4,+0.4,ar ARG,"FW,MF",Gimnasia–LP,Primera Division Argentina,19,2003,7.3,100,163,61.3,1442,285,60,78,76.9,34,57,59.6,4,8,50.0,0,0.5,0.5,-0.5,10,2,7,5,10,ar ARG,"FW,MF",Gimnasia–LP,Primera Division Argentina,19,2003,7.3,163,149,14,0,1,0,19,1,1,1,0,0,100,0,7,ar ARG,"FW,MF",Gimnasia–LP,Primera Division Argentina,19,2003,7.3,21,2.89,11,0,3,3,2,2,1,0.14,0,0,0,0,1,0,ar ARG,"FW,MF",Gimnasia–LP,Primera Division Argentina,19,2003,7.3,7,5,2,4,1,3,9,33.3,6,8,1,7,2,9,5,0,ar ARG,"FW,MF",Gimnasia–LP,Primera Division Argentina,19,2003,7.3,274,5,14,113,150,29,274,29,9,31.0,20,69.0,143,900,421,20,9,5,31,6,191,55,ar ARG,"FW,MF",Gimnasia–LP,Primera Division Argentina,19,2003,17,657,39,27.0,7.3,5,69,0,12,26,10,0.94,8,12,-4,-0.55,-0.04,8.1,7.8,+0.3,+0.04,+0.27,ar ARG,"FW,MF",Gimnasia–LP,Primera Division Argentina,19,2003,7.3,0,0,0,7,7,0,19,2,5,0,0,0,23,13,24,35.1
Leandro Mamut,ar ARG,MF,Gimnasia–LP,Primera Division Argentina,19,2003,12,2,322,3.6,0,0,0,0,0,0,1,0,0.6,0.6,0.5,1.1,7,19,10,0.00,0.00,0.00,0.00,0.00,0.17,0.13,0.30,0.17,0.30,ar ARG,MF,Gimnasia–LP,Primera Division Argentina,19,2003,3.6,0,7,2,28.6,1.96,0.56,0.00,0.00,16.8,0,0,0,0.6,0.6,0.09,-0.6,-0.6,ar ARG,MF,Gimnasia–LP,Primera Division Argentina,19,2003,3.6,107,140,76.4,1571,519,63,76,82.9,32,40,80.0,7,12,58.3,0,0.5,0.6,-0.5,8,14,2,2,19,ar ARG,MF,Gimnasia–LP,Primera Division Argentina,19,2003,3.6,140,129,10,1,0,0,11,1,8,2,4,0,107,1,4,ar ARG,MF,Gimnasia–LP,Primera Division Argentina,19,2003,3.6,16,4.47,7,3,3,3,0,0,1,0.28,1,0,0,0,0,0,ar ARG,MF,Gimnasia–LP,Primera Division Argentina,19,2003,3.6,7,3,2,4,1,2,6,33.3,4,1,0,1,2,9,4,0,ar ARG,MF,Gimnasia–LP,Primera Division Argentina,19,2003,3.6,187,3,30,92,70,8,187,19,12,63.2,6,31.6,103,638,277,7,5,0,8,5,106,10,ar ARG,MF,Gimnasia–LP,Primera Division Argentina,19,2003,12,322,27,13.3,3.6,2,55,0,10,21,6,1.25,4,4,0,0.00,+0.60,5.6,3.4,+2.1,+0.59,+0.87,ar ARG,MF,Gimnasia–LP,Primera Division Argentina,19,2003,3.6,1,0,0,6,2,0,11,2,3,0,0,0,24,6,6,50.0
Harrinson Mancilla,co COL,MF,Sarmiento,Primera Division Argentina,31,1991,9,2,191,2.1,0,0,0,0,0,0,2,1,0.0,0.0,0.5,0.5,1,6,0,0.00,0.00,0.00,0.00,0.00,0.02,0.24,0.26,0.02,0.26,co COL,MF,Sarmiento,Primera Division Argentina,31,1991,2.1,0,2,0,0.0,0.94,0.00,0.00,0,30.2,0,0,0,0.0,0.0,0.02,0.0,0.0,co COL,MF,Sarmiento,Primera Division Argentina,31,1991,2.1,41,58,70.7,753,368,13,16,81.3,23,30,76.7,4,9,44.4,0,0.5,0.0,-0.5,2,5,1,0,6,co COL,MF,Sarmiento,Primera Division Argentina,31,1991,2.1,58,58,0,0,0,0,0,0,0,0,0,0,41,0,1,co COL,MF,Sarmiento,Primera Division Argentina,31,1991,2.1,2,0.94,2,0,0,0,0,0,0,0.00,0,0,0,0,0,0,co COL,MF,Sarmiento,Primera Division Argentina,31,1991,2.1,7,3,4,3,0,2,9,22.2,7,6,2,4,1,8,4,1,co COL,MF,Sarmiento,Primera Division Argentina,31,1991,2.1,88,6,34,49,6,1,88,0,0,0,0,0,37,166,49,1,0,1,4,5,33,0,co COL,MF,Sarmiento,Primera Division Argentina,31,1991,9,191,21,7.9,2.1,2,49,0,7,13,16,1.78,3,1,+2,+0.94,+1.14,3.1,2.4,+0.8,+0.37,+0.71,co COL,MF,Sarmiento,Primera Division Argentina,31,1991,2.1,2,1,0,10,1,0,0,1,3,0,0,0,18,2,2,50.0
Eros Mancuso,ar ARG,DF,Estudiantes–LP,Primera Division Argentina,23,1999,12,7,712,7.9,1,0,1,1,0,0,2,0,0.9,0.9,0.5,1.4,19,22,79,0.13,0.00,0.13,0.13,0.13,0.11,0.07,0.18,0.11,0.18,ar ARG,DF,Estudiantes–LP,Primera Division Argentina,23,1999,7.9,1,12,3,25.0,1.52,0.38,0.08,0.33,18.3,0,0,0,0.9,0.9,0.07,+0.1,+0.1,ar ARG,DF,Estudiantes–LP,Primera Division Argentina,23,1999,7.9,270,397,68.0,4018,1472,146,172,84.9,99,146,67.8,11,47,23.4,0,0.5,1.0,-0.5,8,23,12,7,22,ar ARG,DF,Estudiantes–LP,Primera Division Argentina,23,1999,7.9,397,328,68,1,2,1,37,67,0,0,0,0,270,1,16,ar ARG,DF,Estudiantes–LP,Primera Division Argentina,23,1999,7.9,19,2.40,12,2,2,1,2,0,3,0.38,0,2,1,0,0,0,ar ARG,DF,Estudiantes–LP,Primera Division Argentina,23,1999,7.9,19,12,6,11,2,9,23,39.1,14,7,0,7,6,25,17,0,ar ARG,DF,Estudiantes–LP,Primera Division Argentina,23,1999,7.9,495,13,106,204,188,28,495,17,8,47.1,9,52.9,256,1201,573,19,16,6,15,10,278,79,ar ARG,DF,Estudiantes–LP,Primera Division Argentina,23,1999,12,712,59,29.3,7.9,7,86,5,5,22,15,1.25,4,7,-3,-0.38,-1.11,8.9,8.8,+0.1,+0.01,-0.48,ar ARG,DF,Estudiantes–LP,Primera Division Argentina,23,1999,7.9,2,0,0,10,11,0,37,6,12,1,0,0,53,7,11,38.9
Facundo Mansilla,ar ARG,DF,Newell's OB,Primera Division Argentina,23,1999,16,11,997,11.1,1,0,1,1,0,0,1,0,0.2,0.2,0.1,0.3,13,65,1,0.09,0.00,0.09,0.09,0.09,0.02,0.01,0.02,0.02,0.02,ar ARG,DF,Newell's OB,Primera Division Argentina,23,1999,11.1,1,6,2,33.3,0.54,0.18,0.17,0.50,13.3,0,0,0,0.2,0.2,0.03,+0.8,+0.8,ar ARG,DF,Newell's OB,Primera Division Argentina,23,1999,11.1,706,813,86.8,14117,5086,222,244,91.0,410,453,90.5,70,102,68.6,0,0.1,0.1,-0.1,2,62,1,0,65,ar ARG,DF,Newell's OB,Primera Division Argentina,23,1999,11.1,813,774,37,24,0,12,0,11,0,0,0,0,706,2,3,ar ARG,DF,Newell's OB,Primera Division Argentina,23,1999,11.1,6,0.54,6,0,0,0,0,0,0,0.00,0,0,0,0,0,0,ar ARG,DF,Newell's OB,Primera Division Argentina,23,1999,11.1,12,6,8,3,1,9,13,69.2,4,13,8,5,27,39,39,1,ar ARG,DF,Newell's OB,Primera Division Argentina,23,1999,11.1,934,57,401,512,27,16,934,2,1,50.0,0,0.0,582,3411,2222,13,4,0,14,3,618,1,ar ARG,DF,Newell's OB,Primera Division Argentina,23,1999,16,997,62,41.0,11.1,11,82,8,5,20,9,1.25,8,10,-2,-0.18,-0.31,10.1,12.2,-2.1,-0.19,-0.24,ar ARG,DF,Newell's OB,Primera Division Argentina,23,1999,11.1,1,0,0,11,3,0,0,27,6,0,1,0,74,44,19,69.8
Matías Mansilla,ar ARG,GK,Cen. Córdoba–SdE,Primera Division Argentina,26,1996,9,9,810,9.0,0,0,0,0,0,0,0,0,0.0,0.0,0.0,0.0,0,0,0,0.00,0.00,0.00,0.00,0.00,0.00,0.00,0.00,0.00,0.00,ar ARG,GK,Cen. Córdoba–SdE,Primera Division Argentina,26,1996,9.0,0,0,0,0,0.00,0.00,0,0,0,0,0,0,0.0,0.0,0,0.0,0.0,ar ARG,GK,Cen. Córdoba–SdE,Primera Division Argentina,26,1996,9.0,120,260,46.2,4860,4197,16,16,100.0,34,35,97.1,68,205,33.2,0,0.0,0.0,0.0,0,11,1,0,0,ar ARG,GK,Cen. Córdoba–SdE,Primera Division Argentina,26,1996,9.0,260,133,125,18,0,0,0,0,0,0,0,0,120,2,0,ar ARG,GK,Cen. Córdoba–SdE,Primera Division Argentina,26,1996,9.0,1,0.11,1,0,0,0,0,0,0,0.00,0,0,0,0,0,0,ar ARG,GK,Cen. Córdoba–SdE,Primera Division Argentina,26,1996,9.0,0,0,0,0,0,0,1,0.0,1,0,0,0,0,0,3,0,ar ARG,GK,Cen. Córdoba–SdE,Primera Division Argentina,26,1996,9.0,282,253,282,0,0,0,282,0,0,0,0,0,113,829,575,0,0,0,0,0,66,0,ar ARG,GK,Cen. Córdoba–SdE,Primera Division Argentina,26,1996,9,810,90,33.3,9.0,9,90,9,0,0,18,1.00,6,9,-3,-0.33,+0.06,6.5,11.2,-4.7,-0.52,-0.19,ar ARG,GK,Cen. Córdoba–SdE,Primera Division Argentina,26,1996,9.0,0,0,0,0,1,0,0,0,0,0,0,0,3,2,0,100.0
Juan Manuel García,ar ARG,"FW,MF",Huracán,Primera Division Argentina,30,1992,20,5,530,5.9,1,1,2,1,0,0,2,0,1.3,1.3,1.3,2.6,6,13,21,0.17,0.17,0.34,0.17,0.34,0.22,0.22,0.44,0.22,0.44,ar ARG,"FW,MF",Huracán,Primera Division Argentina,30,1992,5.9,1,13,3,23.1,2.21,0.51,0.08,0.33,14.1,0,0,0,1.3,1.3,0.10,-0.3,-0.3,ar ARG,"FW,MF",Huracán,Primera Division Argentina,30,1992,5.9,65,123,52.8,876,249,42,68,61.8,16,27,59.3,3,7,42.9,1,1.3,0.4,-0.3,10,9,1,0,13,ar ARG,"FW,MF",Huracán,Primera Division Argentina,30,1992,5.9,123,118,4,0,0,0,1,0,0,0,0,0,65,1,6,ar ARG,"FW,MF",Huracán,Primera Division Argentina,30,1992,5.9,16,2.71,10,0,0,2,2,2,1,0.17,0,0,0,1,0,0,ar ARG,"FW,MF",Huracán,Primera Division Argentina,30,1992,5.9,12,8,2,7,3,2,4,50.0,2,8,0,8,0,12,6,0,ar ARG,"FW,MF",Huracán,Primera Division Argentina,30,1992,5.9,213,6,14,104,96,31,213,4,1,25.0,2,50.0,89,285,140,6,1,2,22,1,142,21,ar ARG,"FW,MF",Huracán,Primera Division Argentina,30,1992,20,530,27,21.8,5.9,5,72,1,15,11,6,0.90,3,8,-5,-0.85,-0.56,7.3,6.8,+0.5,+0.08,+0.07,ar ARG,"FW,MF",Huracán,Primera Division Argentina,30,1992,5.9,2,0,0,18,11,2,1,0,8,0,0,0,11,33,55,37.5
Juan Manuel Insaurralde,ar ARG,DF,Sarmiento,Primera Division Argentina,38,1984,24,24,"2,145",23.8,0,0,0,0,0,0,5,1,0.8,0.8,0.2,0.9,4,37,2,0.00,0.00,0.00,0.00,0.00,0.03,0.01,0.04,0.03,0.04,ar ARG,DF,Sarmiento,Primera Division Argentina,38,1984,23.8,0,12,2,16.7,0.50,0.08,0.00,0.00,13.0,0,0,0,0.8,0.8,0.06,-0.8,-0.8,ar ARG,DF,Sarmiento,Primera Division Argentina,38,1984,23.8,433,605,71.6,10342,4973,101,129,78.3,231,292,79.1,98,169,58.0,0,0.2,0.3,-0.2,2,33,2,0,37,ar ARG,DF,Sarmiento,Primera Division Argentina,38,1984,23.8,605,536,68,65,0,9,1,3,0,0,0,0,433,1,7,ar ARG,DF,Sarmiento,Primera Division Argentina,38,1984,23.8,17,0.71,7,3,1,5,1,0,0,0.00,0,0,0,0,0,0,ar ARG,DF,Sarmiento,Primera Division Argentina,38,1984,23.8,22,16,17,4,1,12,16,75.0,4,23,17,6,11,33,134,0,ar ARG,DF,Sarmiento,Primera Division Argentina,38,1984,23.8,827,171,476,327,31,19,827,9,7,77.8,2,22.2,279,1450,805,4,3,0,5,1,281,2,ar ARG,DF,Sarmiento,Primera Division Argentina,38,1984,24,"2,145",89,88.3,23.8,24,89,23,0,0,0,1.08,19,22,-3,-0.13,-0.13,22.3,28.0,-5.7,-0.24,+0.40,ar ARG,DF,Sarmiento,Primera Division Argentina,38,1984,23.8,5,1,1,10,6,1,1,11,16,1,1,0,120,60,26,69.8
Junior Marabel,py PAR,FW,Unión,Primera Division Argentina,24,1998,18,5,585,6.5,0,0,0,0,0,0,0,0,1.3,1.3,0.3,1.5,10,8,41,0.00,0.00,0.00,0.00,0.00,0.20,0.04,0.24,0.20,0.24,py PAR,FW,Unión,Primera Division Argentina,24,1998,6.5,0,12,4,33.3,1.85,0.62,0.00,0.00,15.3,0,0,0,1.3,1.3,0.11,-1.3,-1.3,py PAR,FW,Unión,Primera Division Argentina,24,1998,6.5,93,162,57.4,1201,276,61,90,67.8,26,45,57.8,3,4,75.0,0,0.3,0.4,-0.3,6,5,0,0,8,py PAR,FW,Unión,Primera Division Argentina,24,1998,6.5,162,147,15,1,0,1,6,0,0,0,0,0,93,0,12,py PAR,FW,Unión,Primera Division Argentina,24,1998,6.5,11,1.69,9,0,2,0,0,0,0,0.00,0,0,0,0,0,0,py PAR,FW,Unión,Primera Division Argentina,24,1998,6.5,7,2,6,1,0,1,7,14.3,6,3,1,2,0,7,7,0,py PAR,FW,Unión,Primera Division Argentina,24,1998,6.5,235,7,23,89,125,42,235,15,8,53.3,6,40.0,124,522,197,10,4,5,19,13,174,41,py PAR,FW,Unión,Primera Division Argentina,24,1998,18,585,33,24.1,6.5,5,72,1,13,17,4,1.06,3,10,-7,-1.08,-1.13,5.1,9.8,-4.7,-0.73,-0.64,py PAR,FW,Unión,Primera Division Argentina,24,1998,6.5,0,0,0,4,9,1,6,0,2,0,0,0,15,24,35,40.7
Rafael Marcelo Delgado,ar ARG,DF,Colón,Primera Division Argentina,33,1990,21,21,"1,800",20.0,0,3,3,0,0,0,5,1,0.2,0.2,1.6,1.8,22,105,34,0.00,0.15,0.15,0.00,0.15,0.01,0.08,0.09,0.01,0.09,ar ARG,DF,Colón,Primera Division Argentina,33,1990,20.0,0,6,2,33.3,0.30,0.10,0.00,0.00,28.2,1,0,0,0.2,0.2,0.04,-0.2,-0.2,ar ARG,DF,Colón,Primera Division Argentina,33,1990,20.0,726,1090,66.6,14843,7217,288,336,85.7,306,419,73.0,126,289,43.6,3,1.6,1.6,+1.4,27,89,20,6,105,ar ARG,DF,Colón,Primera Division Argentina,33,1990,20.0,1090,895,188,57,1,18,82,103,27,3,23,1,726,7,22,ar ARG,DF,Colón,Primera Division Argentina,33,1990,20.0,51,2.55,23,25,0,1,2,0,3,0.15,1,2,0,0,0,0,ar ARG,DF,Colón,Primera Division Argentina,33,1990,20.0,45,26,25,17,3,27,49,55.1,22,43,11,32,22,67,64,1,ar ARG,DF,Colón,Primera Division Argentina,33,1990,20.0,1326,78,500,654,196,6,1326,36,19,52.8,12,33.3,661,3260,1946,22,21,0,25,9,660,34,ar ARG,DF,Colón,Primera Division Argentina,33,1990,21,"1,800",86,74.1,20.0,21,86,17,0,0,1,0.91,15,23,-8,-0.40,+0.31,18.6,27.5,-8.9,-0.45,-0.10,ar ARG,DF,Colón,Primera Division Argentina,33,1990,20.0,5,1,1,19,21,1,82,22,26,1,0,0,163,35,28,55.6
Leonardo Marchi,ar ARG,DF,Arsenal,Primera Division Argentina,26,1996,3,2,147,1.6,0,0,0,0,0,0,0,0,0.0,0.0,0.2,0.3,5,10,9,0.00,0.00,0.00,0.00,0.00,0.03,0.15,0.18,0.03,0.18,ar ARG,DF,Arsenal,Primera Division Argentina,26,1996,1.6,0,2,0,0.0,1.22,0.00,0.00,0,29.9,0,0,0,0.0,0.0,0.02,0.0,0.0,ar ARG,DF,Arsenal,Primera Division Argentina,26,1996,1.6,51,76,67.1,1032,409,21,32,65.6,22,28,78.6,8,16,50.0,0,0.2,0.2,-0.2,2,5,1,1,10,ar ARG,DF,Arsenal,Primera Division Argentina,26,1996,1.6,76,55,21,0,0,2,10,15,6,3,2,0,51,0,2,ar ARG,DF,Arsenal,Primera Division Argentina,26,1996,1.6,3,1.84,1,2,0,0,0,0,0,0.00,0,0,0,0,0,0,ar ARG,DF,Arsenal,Primera Division Argentina,26,1996,1.6,2,1,2,0,0,0,2,0.0,2,1,1,0,1,3,3,0,ar ARG,DF,Arsenal,Primera Division Argentina,26,1996,1.6,90,3,18,42,32,0,90,0,0,0,0,0,43,214,101,5,5,0,3,2,45,9,ar ARG,DF,Arsenal,Primera Division Argentina,26,1996,3,147,49,6.0,1.6,2,51,0,1,45,24,1.00,1,4,-3,-1.84,-1.32,0.7,2.1,-1.4,-0.85,-0.44,ar ARG,DF,Arsenal,Primera Division Argentina,26,1996,1.6,0,0,0,2,0,0,10,1,1,0,0,0,7,0,2,0.0
Tomás Marchiori,ar ARG,GK,Atlé Tucumán,Primera Division Argentina,27,1995,27,27,"2,430",27.0,0,0,0,0,0,0,1,0,0.0,0.0,0.0,0.0,0,0,0,0.00,0.00,0.00,0.00,0.00,0.00,0.00,0.00,0.00,0.00,ar ARG,GK,Atlé Tucumán,Primera Division Argentina,27,1995,27.0,0,0,0,0,0.00,0.00,0,0,0,0,0,0,0.0,0.0,0,0.0,0.0,ar ARG,GK,Atlé Tucumán,Primera Division Argentina,27,1995,27.0,422,680,62.1,15022,12411,66,66,100.0,151,152,99.3,201,456,44.1,0,0.0,0.1,0.0,1,26,1,0,0,ar ARG,GK,Atlé Tucumán,Primera Division Argentina,27,1995,27.0,680,349,330,77,0,1,0,0,0,0,0,0,422,1,0,ar ARG,GK,Atlé Tucumán,Primera Division Argentina,27,1995,27.0,5,0.19,1,4,0,0,0,0,0,0.00,0,0,0,0,0,0,ar ARG,GK,Atlé Tucumán,Primera Division Argentina,27,1995,27.0,1,1,1,0,0,1,1,100.0,0,0,0,0,0,1,6,2,ar ARG,GK,Atlé Tucumán,Primera Division Argentina,27,1995,27.0,735,647,732,3,0,0,735,0,0,0,0,0,312,2063,1177,0,0,0,1,0,146,0,ar ARG,GK,Atlé Tucumán,Primera Division Argentina,27,1995,27,"2,430",90,100.0,27.0,27,90,27,0,0,0,1.37,25,27,-2,-0.07,0,27.1,33.0,-5.9,-0.22,0,ar ARG,GK,Atlé Tucumán,Primera Division Argentina,27,1995,27.0,1,0,0,0,4,0,0,0,1,0,0,0,15,4,1,80.0
Sasha Marcich,ar ARG,"DF,MF",Platense,Primera Division Argentina,24,1998,23,22,"1,898",21.1,2,0,2,2,0,0,2,0,1.5,1.5,2.1,3.6,31,66,89,0.09,0.00,0.09,0.09,0.09,0.07,0.10,0.17,0.07,0.17,ar ARG,"DF,MF",Platense,Primera Division Argentina,24,1998,21.1,2,17,6,35.3,0.81,0.28,0.12,0.33,19.0,0,0,0,1.5,1.5,0.09,+0.5,+0.5,ar ARG,"DF,MF",Platense,Primera Division Argentina,24,1998,21.1,466,766,60.8,7856,4428,230,299,76.9,159,270,58.9,50,133,37.6,0,2.1,1.6,-2.1,22,38,21,11,66,ar ARG,"DF,MF",Platense,Primera Division Argentina,24,1998,21.1,766,572,192,22,0,4,71,160,10,1,8,0,466,2,22,ar ARG,"DF,MF",Platense,Primera Division Argentina,24,1998,21.1,40,1.90,23,9,4,1,3,0,0,0.00,0,0,0,0,0,0,ar ARG,"DF,MF",Platense,Primera Division Argentina,24,1998,21.1,49,28,27,12,10,25,46,54.3,21,32,8,24,13,62,63,0,ar ARG,"DF,MF",Platense,Primera Division Argentina,24,1998,21.1,1037,63,286,422,337,36,1037,40,23,57.5,12,30.0,382,2071,1031,31,36,5,41,16,449,89,ar ARG,"DF,MF",Platense,Primera Division Argentina,24,1998,23,"1,898",83,78.1,21.1,22,86,15,1,9,4,1.39,16,16,0,0.00,+0.51,15.6,20.4,-4.7,-0.23,+0.75,ar ARG,"DF,MF",Platense,Primera Division Argentina,24,1998,21.1,2,0,0,20,20,1,71,13,28,0,0,0,95,32,35,47.8
Iván Marcone,ar ARG,MF,Independiente,Primera Division Argentina,32,1990,22,20,"1,824",20.3,0,0,0,0,0,0,4,1,0.5,0.5,0.3,0.7,11,103,12,0.00,0.00,0.00,0.00,0.00,0.02,0.01,0.04,0.02,0.04,ar ARG,MF,Independiente,Primera Division Argentina,32,1990,20.3,0,6,2,33.3,0.30,0.10,0.00,0.00,14.3,0,0,0,0.5,0.5,0.08,-0.5,-0.5,ar ARG,MF,Independiente,Primera Division Argentina,32,1990,20.3,722,921,78.4,13086,4535,293,364,80.5,340,401,84.8,74,117,63.2,0,0.3,0.4,-0.3,11,87,1,0,103,ar ARG,MF,Independiente,Primera Division Argentina,32,1990,20.3,921,883,35,32,0,3,5,3,0,0,0,0,722,3,13,ar ARG,MF,Independiente,Primera Division Argentina,32,1990,20.3,36,1.78,32,3,0,1,0,0,1,0.05,0,1,0,0,0,0,ar ARG,MF,Independiente,Primera Division Argentina,32,1990,20.3,40,26,21,18,1,20,44,45.5,24,27,8,19,19,59,27,0,ar ARG,MF,Independiente,Primera Division Argentina,32,1990,20.3,1103,41,237,787,100,12,1103,25,16,64.0,9,36.0,601,2659,1106,11,8,0,32,9,588,12,ar ARG,MF,Independiente,Primera Division Argentina,32,1990,22,"1,824",83,75.1,20.3,20,88,17,2,31,0,1.09,15,22,-7,-0.35,-0.05,20.8,23.0,-2.3,-0.11,-0.36,ar ARG,MF,Independiente,Primera Division Argentina,32,1990,20.3,4,1,0,20,16,0,5,19,26,0,0,0,237,17,22,43.6
Gonzalo Marinelli,ar ARG,GK,Tigre,Primera Division Argentina,33,1989,25,25,"2,250",25.0,0,0,0,0,0,0,1,0,0.0,0.0,0.0,0.0,0,1,0,0.00,0.00,0.00,0.00,0.00,0.00,0.00,0.00,0.00,0.00,ar ARG,GK,Tigre,Primera Division Argentina,33,1989,25.0,0,0,0,0,0.00,0.00,0,0,0,0,0,0,0.0,0.0,0,0.0,0.0,ar ARG,GK,Tigre,Primera Division Argentina,33,1989,25.0,596,858,69.5,17497,13545,89,92,96.7,284,300,94.7,223,466,47.9,0,0.0,0.0,0.0,0,15,0,0,1,ar ARG,GK,Tigre,Primera Division Argentina,33,1989,25.0,858,655,203,69,0,3,2,0,0,0,0,0,596,0,0,ar ARG,GK,Tigre,Primera Division Argentina,33,1989,25.0,6,0.24,6,0,0,0,0,0,1,0.04,1,0,0,0,0,0,ar ARG,GK,Tigre,Primera Division Argentina,33,1989,25.0,0,0,0,0,0,0,2,0.0,2,0,0,0,2,2,9,7,ar ARG,GK,Tigre,Primera Division Argentina,33,1989,25.0,913,662,904,9,1,0,913,2,2,100.0,0,0.0,557,3195,2412,0,0,0,2,0,416,0,ar ARG,GK,Tigre,Primera Division Argentina,33,1989,25,"2,250",90,92.6,25.0,25,90,25,0,0,1,1.12,22,28,-6,-0.24,-2.24,31.6,29.0,+2.6,+0.10,-0.69,ar ARG,GK,Tigre,Primera Division Argentina,33,1989,25.0,1,0,0,0,2,0,2,2,0,0,0,0,31,10,1,90.9
Gonzalo Maroni,ar ARG,"MF,FW",San Lorenzo,Primera Division Argentina,23,1999,12,3,396,4.4,1,1,2,1,0,0,1,0,0.6,0.6,1.8,2.3,20,18,35,0.23,0.23,0.45,0.23,0.45,0.13,0.41,0.54,0.13,0.54,ar ARG,"MF,FW",San Lorenzo,Primera Division Argentina,23,1999,4.4,1,9,3,33.3,2.05,0.68,0.11,0.33,22.7,0,0,0,0.6,0.6,0.06,+0.4,+0.4,ar ARG,"MF,FW",San Lorenzo,Primera Division Argentina,23,1999,4.4,129,189,68.3,2083,704,68,85,80.0,45,63,71.4,11,23,47.8,1,1.8,1.7,-0.8,12,13,6,2,18,ar ARG,"MF,FW",San Lorenzo,Primera Division Argentina,23,1999,4.4,189,164,24,11,2,0,22,2,11,1,4,0,129,1,8,ar ARG,"MF,FW",San Lorenzo,Primera Division Argentina,23,1999,4.4,21,4.78,9,5,5,1,1,0,3,0.68,1,0,2,0,0,0,ar ARG,"MF,FW",San Lorenzo,Primera Division Argentina,23,1999,4.4,3,3,2,1,0,1,6,16.7,5,4,0,4,0,3,3,0,ar ARG,"MF,FW",San Lorenzo,Primera Division Argentina,23,1999,4.4,258,3,35,126,107,11,258,26,10,38.5,13,50.0,155,1464,638,20,22,4,16,10,181,35,ar ARG,"MF,FW",San Lorenzo,Primera Division Argentina,23,1999,12,396,33,16.3,4.4,3,65,1,9,22,14,1.58,4,4,0,0.00,-0.44,4.4,6.1,-1.7,-0.39,-0.76,ar ARG,"MF,FW",San Lorenzo,Primera Division Argentina,23,1999,4.4,1,0,0,11,5,1,22,0,3,0,0,0,31,4,4,50.0
Rodrigo Márquez,ar ARG,"FW,MF",Independiente,Primera Division Argentina,20,2002,6,3,268,3.0,0,0,0,0,0,0,0,0,0.1,0.1,0.0,0.1,17,4,26,0.00,0.00,0.00,0.00,0.00,0.03,0.01,0.04,0.03,0.04,ar ARG,"FW,MF",Independiente,Primera Division Argentina,20,2002,3.0,0,1,0,0.0,0.34,0.00,0.00,0,22.6,0,0,0,0.1,0.1,0.08,-0.1,-0.1,ar ARG,"FW,MF",Independiente,Primera Division Argentina,20,2002,3.0,56,98,57.1,653,161,42,55,76.4,11,24,45.8,1,13,7.7,0,0.0,0.0,0.0,1,2,1,0,4,ar ARG,"FW,MF",Independiente,Primera Division Argentina,20,2002,3.0,98,83,15,5,1,0,19,1,9,3,4,0,56,0,2,ar ARG,"FW,MF",Independiente,Primera Division Argentina,20,2002,3.0,9,3.00,6,2,1,0,0,0,0,0.00,0,0,0,0,0,0,ar ARG,"FW,MF",Independiente,Primera Division Argentina,20,2002,3.0,4,1,2,2,0,1,3,33.3,2,3,1,2,0,4,2,0,ar ARG,"FW,MF",Independiente,Primera Division Argentina,20,2002,3.0,144,3,18,56,74,8,144,32,18,56.3,13,40.6,93,761,428,17,9,6,13,5,103,26,ar ARG,"FW,MF",Independiente,Primera Division Argentina,20,2002,6,268,45,11.0,3.0,3,67,0,3,23,1,1.17,1,1,0,0.00,+0.37,2.0,2.1,-0.1,-0.05,-0.03,ar ARG,"FW,MF",Independiente,Primera Division Argentina,20,2002,3.0,0,0,0,7,5,0,19,0,1,0,0,0,15,2,7,22.2
Agustín Martegani,ar ARG,MF,San Lorenzo,Primera Division Argentina,22,2000,16,8,757,8.4,0,1,1,0,0,0,2,0,0.5,0.5,2.0,2.5,36,55,39,0.00,0.12,0.12,0.00,0.12,0.06,0.24,0.29,0.06,0.29,ar ARG,MF,San Lorenzo,Primera Division Argentina,22,2000,8.4,0,11,2,18.2,1.31,0.24,0.00,0.00,24.4,1,0,0,0.5,0.5,0.05,-0.5,-0.5,ar ARG,MF,San Lorenzo,Primera Division Argentina,22,2000,8.4,323,424,76.2,5251,1614,160,183,87.4,118,140,84.3,31,75,41.3,1,2.0,2.4,-1.0,16,27,13,1,55,ar ARG,MF,San Lorenzo,Primera Division Argentina,22,2000,8.4,424,343,79,33,3,0,73,2,44,15,25,0,323,2,6,ar ARG,MF,San Lorenzo,Primera Division Argentina,22,2000,8.4,43,5.11,19,16,2,1,4,1,7,0.83,5,1,0,0,1,0,ar ARG,MF,San Lorenzo,Primera Division Argentina,22,2000,8.4,15,7,4,8,3,5,16,31.3,11,4,0,4,4,19,3,0,ar ARG,MF,San Lorenzo,Primera Division Argentina,22,2000,8.4,514,2,40,273,212,13,514,33,16,48.5,16,48.5,312,2248,1133,36,17,5,19,25,331,39,ar ARG,MF,San Lorenzo,Primera Division Argentina,22,2000,16,757,47,31.2,8.4,8,67,3,8,28,6,1.44,10,4,+6,+0.71,+0.50,10.4,5.8,+4.5,+0.54,+0.43,ar ARG,MF,San Lorenzo,Primera Division Argentina,22,2000,8.4,2,0,0,14,15,0,73,4,7,0,0,0,61,6,5,54.5
Alexis Martin Arias,ar ARG,GK,Arg Juniors,Primera Division Argentina,30,1992,13,13,"1,170",13.0,0,0,0,0,0,0,1,0,0.0,0.0,0.0,0.0,0,0,0,0.00,0.00,0.00,0.00,0.00,0.00,0.00,0.00,0.00,0.00,ar ARG,GK,Arg Juniors,Primera Division Argentina,30,1992,13.0,0,0,0,0,0.00,0.00,0,0,0,0,0,0,0.0,0.0,0,0.0,0.0,ar ARG,GK,Arg Juniors,Primera Division Argentina,30,1992,13.0,333,394,84.5,7924,5582,72,72,100.0,188,191,98.4,65,123,52.8,0,0.0,0.0,0.0,0,3,0,0,0,ar ARG,GK,Arg Juniors,Primera Division Argentina,30,1992,13.0,394,282,112,14,0,1,0,0,0,0,0,0,333,0,0,ar ARG,GK,Arg Juniors,Primera Division Argentina,30,1992,13.0,0,0.00,0,0,0,0,0,0,0,0.00,0,0,0,0,0,0,ar ARG,GK,Arg Juniors,Primera Division Argentina,30,1992,13.0,2,1,2,0,0,2,2,100.0,0,0,0,0,0,2,8,0,ar ARG,GK,Arg Juniors,Primera Division Argentina,30,1992,13.0,422,365,422,1,0,0,422,0,0,0,0,0,237,1131,626,0,0,0,2,0,172,0,ar ARG,GK,Arg Juniors,Primera Division Argentina,30,1992,13,"1,170",90,48.1,13.0,13,90,13,0,0,14,1.69,12,7,+5,+0.38,+0.10,16.0,14.5,+1.5,+0.12,-0.73,ar ARG,GK,Arg Juniors,Primera Division Argentina,30,1992,13.0,1,0,0,0,1,0,0,0,1,0,0,0,19,2,0,100.0
Enzo Martín Roldán,ar ARG,MF,Unión,Primera Division Argentina,22,2000,24,17,"1,487",16.5,1,1,2,1,0,0,4,0,1.1,1.1,1.0,2.1,30,70,29,0.06,0.06,0.12,0.06,0.12,0.06,0.06,0.13,0.06,0.13,ar ARG,MF,Unión,Primera Division Argentina,22,2000,16.5,1,31,10,32.3,1.88,0.61,0.03,0.10,24.7,1,0,0,1.1,1.1,0.03,-0.1,-0.1,ar ARG,MF,Unión,Primera Division Argentina,22,2000,16.5,502,701,71.6,9901,2899,197,239,82.4,211,265,79.6,81,144,56.3,1,1.0,1.3,0.0,20,50,11,5,70,ar ARG,MF,Unión,Primera Division Argentina,22,2000,16.5,701,655,43,20,0,7,44,2,21,7,13,0,502,3,24,ar ARG,MF,Unión,Primera Division Argentina,22,2000,16.5,55,3.33,30,11,4,5,2,3,2,0.12,1,1,0,0,0,0,ar ARG,MF,Unión,Primera Division Argentina,22,2000,16.5,30,17,17,12,1,11,27,40.7,16,19,3,16,25,55,14,0,ar ARG,MF,Unión,Primera Division Argentina,22,2000,16.5,867,23,204,503,185,14,867,40,21,52.5,14,35.0,415,2869,1213,30,20,3,23,13,477,29,ar ARG,MF,Unión,Primera Division Argentina,22,2000,24,"1,487",62,61.2,16.5,17,78,5,7,22,3,1.17,11,13,-2,-0.12,+0.26,13.7,17.1,-3.4,-0.21,+0.09,ar ARG,MF,Unión,Primera Division Argentina,22,2000,16.5,4,0,0,19,23,0,44,25,17,0,0,0,149,19,16,54.3
Adrián Martínez,ar ARG,FW,Instituto,Primera Division Argentina,30,1992,26,26,"2,280",25.3,11,1,12,10,1,1,8,0,11.1,10.3,2.9,13.2,29,39,156,0.43,0.04,0.47,0.39,0.43,0.44,0.11,0.55,0.41,0.52,ar ARG,FW,Instituto,Primera Division Argentina,30,1992,25.3,11,53,19,35.8,2.09,0.75,0.19,0.53,13.4,0,1,1,11.1,10.3,0.20,-0.1,-0.3,ar ARG,FW,Instituto,Primera Division Argentina,30,1992,25.3,402,596,67.4,5447,803,240,341,70.4,117,158,74.1,19,27,70.4,1,2.9,2.2,-1.9,30,23,12,1,39,ar ARG,FW,Instituto,Primera Division Argentina,30,1992,25.3,596,567,26,1,3,1,8,4,0,0,0,0,402,3,16,ar ARG,FW,Instituto,Primera Division Argentina,30,1992,25.3,59,2.33,48,1,2,7,1,0,5,0.20,3,1,0,1,0,0,ar ARG,FW,Instituto,Primera Division Argentina,30,1992,25.3,22,14,1,17,4,7,26,26.9,19,19,5,14,1,23,24,0,ar ARG,FW,Instituto,Primera Division Argentina,30,1992,25.3,872,25,49,362,470,132,871,30,14,46.7,14,46.7,457,1909,767,29,17,10,84,28,618,156,ar ARG,FW,Instituto,Primera Division Argentina,30,1992,26,"2,280",88,93.8,25.3,26,88,17,0,0,0,1.12,22,33,-11,-0.43,-0.43,30.7,27.6,+3.0,+0.12,-0.38,ar ARG,FW,Instituto,Primera Division Argentina,30,1992,25.3,8,0,0,48,24,11,8,1,14,0,0,0,96,51,120,29.8
Brian Martínez,ar ARG,MF,Independiente,Primera Division Argentina,23,1999,17,13,"1,076",12.0,2,0,2,2,0,0,2,0,1.9,1.9,1.5,3.4,44,40,84,0.17,0.00,0.17,0.17,0.17,0.16,0.12,0.28,0.16,0.28,ar ARG,MF,Independiente,Primera Division Argentina,23,1999,12.0,2,24,6,25.0,2.01,0.50,0.08,0.33,18.6,0,0,0,1.9,1.9,0.08,+0.1,+0.1,ar ARG,MF,Independiente,Primera Division Argentina,23,1999,12.0,215,358,60.1,3563,1306,115,144,79.9,71,113,62.8,23,55,41.8,0,1.5,0.9,-1.5,18,22,13,4,40,ar ARG,MF,Independiente,Primera Division Argentina,23,1999,12.0,358,319,38,11,1,3,51,8,19,6,6,0,215,1,26,ar ARG,MF,Independiente,Primera Division Argentina,23,1999,12.0,39,3.26,25,7,2,1,4,0,1,0.08,0,0,0,0,1,0,ar ARG,MF,Independiente,Primera Division Argentina,23,1999,12.0,18,11,7,9,2,5,24,20.8,19,11,0,11,10,28,9,0,ar ARG,MF,Independiente,Primera Division Argentina,23,1999,12.0,556,7,61,222,290,43,556,64,21,32.8,34,53.1,348,2588,1377,44,33,9,46,31,345,84,ar ARG,MF,Independiente,Primera Division Argentina,23,1999,17,"1,076",63,44.3,12.0,13,76,1,4,21,8,1.18,11,14,-3,-0.25,+0.15,12.7,12.1,+0.6,+0.05,+0.13,ar ARG,MF,Independiente,Primera Division Argentina,23,1999,12.0,2,0,0,12,26,0,51,10,11,1,0,0,91,9,37,19.6
Damián Martínez,ar ARG,DF,Rosario Central,Primera Division Argentina,33,1990,24,24,"2,016",22.4,2,0,2,2,0,0,10,1,1.7,1.7,0.8,2.5,36,52,58,0.09,0.00,0.09,0.09,0.09,0.08,0.03,0.11,0.08,0.11,ar ARG,DF,Rosario Central,Primera Division Argentina,33,1990,22.4,2,18,10,55.6,0.80,0.45,0.11,0.20,19.9,0,0,0,1.7,1.7,0.10,+0.3,+0.3,ar ARG,DF,Rosario Central,Primera Division Argentina,33,1990,22.4,588,822,71.5,9913,4551,267,293,91.1,258,332,77.7,48,137,35.0,0,0.8,1.1,-0.8,13,46,12,7,52,ar ARG,DF,Rosario Central,Primera Division Argentina,33,1990,22.4,822,605,215,13,0,2,52,201,1,0,1,0,588,2,26,ar ARG,DF,Rosario Central,Primera Division Argentina,33,1990,22.4,35,1.56,23,3,5,0,3,1,5,0.22,1,0,1,0,2,1,ar ARG,DF,Rosario Central,Primera Division Argentina,33,1990,22.4,56,33,33,17,6,30,63,47.6,33,26,7,19,23,79,35,0,ar ARG,DF,Rosario Central,Primera Division Argentina,33,1990,22.4,1054,49,312,500,248,36,1054,42,19,45.2,18,42.9,427,2099,1170,36,25,8,29,8,481,58,ar ARG,DF,Rosario Central,Primera Division Argentina,33,1990,24,"2,016",84,83.0,22.4,24,84,15,0,0,0,1.46,28,26,+2,+0.09,-1.00,25.4,27.8,-2.4,-0.11,-0.47,ar ARG,DF,Rosario Central,Primera Division Argentina,33,1990,22.4,10,1,1,40,22,2,52,23,33,2,0,0,97,26,31,45.6
Fernando Martínez,py PAR,MF,Sarmiento,Primera Division Argentina,28,1994,21,18,"1,471",16.3,0,1,1,0,0,0,5,0,0.6,0.6,0.7,1.3,1,46,11,0.00,0.06,0.06,0.00,0.06,0.04,0.04,0.08,0.04,0.08,py PAR,MF,Sarmiento,Primera Division Argentina,28,1994,16.3,0,12,1,8.3,0.73,0.06,0.00,0.00,21.5,0,0,0,0.6,0.6,0.05,-0.6,-0.6,py PAR,MF,Sarmiento,Primera Division Argentina,28,1994,16.3,312,475,65.7,5535,1920,147,191,77.0,118,171,69.0,41,71,57.7,1,0.7,0.4,+0.3,10,43,4,0,46,py PAR,MF,Sarmiento,Primera Division Argentina,28,1994,16.3,475,469,1,1,0,4,3,0,0,0,0,0,312,5,15,py PAR,MF,Sarmiento,Primera Division Argentina,28,1994,16.3,21,1.28,15,0,0,0,3,3,2,0.12,1,0,0,0,1,0,py PAR,MF,Sarmiento,Primera Division Argentina,28,1994,16.3,39,27,18,16,5,17,44,38.6,27,25,10,15,25,64,27,0,py PAR,MF,Sarmiento,Primera Division Argentina,28,1994,16.3,643,43,179,376,93,9,643,13,7,53.8,3,23.1,221,712,237,1,2,1,14,7,257,11,py PAR,MF,Sarmiento,Primera Division Argentina,28,1994,21,"1,471",70,60.5,16.3,18,75,6,3,41,5,1.19,15,12,+3,+0.18,+0.75,16.6,21.5,-4.8,-0.30,-0.03,py PAR,MF,Sarmiento,Primera Division Argentina,28,1994,16.3,5,0,0,31,15,0,3,25,27,1,0,0,116,30,17,63.8
Luca Martínez,mx MEX,FW,Rosario Central,Primera Division Argentina,22,2001,9,0,153,1.7,0,0,0,0,0,0,2,0,0.3,0.3,0.1,0.5,4,0,7,0.00,0.00,0.00,0.00,0.00,0.19,0.08,0.27,0.19,0.27,mx MEX,FW,Rosario Central,Primera Division Argentina,22,2001,1.7,0,3,2,66.7,1.76,1.18,0.00,0.00,13.6,0,0,0,0.3,0.3,0.11,-0.3,-0.3,mx MEX,FW,Rosario Central,Primera Division Argentina,22,2001,1.7,13,27,48.1,220,61,9,12,75.0,2,7,28.6,2,4,50.0,0,0.1,0.1,-0.1,1,1,0,0,0,mx MEX,FW,Rosario Central,Primera Division Argentina,22,2001,1.7,27,26,1,0,0,0,2,0,0,0,0,0,13,0,2,mx MEX,FW,Rosario Central,Primera Division Argentina,22,2001,1.7,2,1.15,1,0,0,1,0,0,0,0.00,0,0,0,0,0,0,mx MEX,FW,Rosario Central,Primera Division Argentina,22,2001,1.7,2,1,1,1,0,2,3,66.7,1,2,1,1,0,2,3,0,mx MEX,FW,Rosario Central,Primera Division Argentina,22,2001,1.7,55,6,10,21,24,7,55,3,0,0.0,2,66.7,28,213,94,4,2,3,5,4,31,7,mx MEX,FW,Rosario Central,Primera Division Argentina,22,2001,9,153,17,6.3,1.7,0,0,0,9,17,12,1.78,1,1,0,0.00,-0.28,1.5,2.9,-1.4,-0.82,-0.85,mx MEX,FW,Rosario Central,Primera Division Argentina,22,2001,1.7,2,0,0,6,4,1,2,0,1,0,0,0,7,4,10,28.6
Ronaldo Martínez,py PAR,"FW,MF",Platense,Primera Division Argentina,26,1996,23,18,"1,476",16.4,3,2,5,3,0,0,6,0,2.8,2.8,1.9,4.7,27,36,111,0.18,0.12,0.30,0.18,0.30,0.17,0.11,0.29,0.17,0.29,py PAR,"FW,MF",Platense,Primera Division Argentina,26,1996,16.4,3,29,12,41.4,1.77,0.73,0.10,0.25,17.7,0,0,0,2.8,2.8,0.10,+0.2,+0.2,py PAR,"FW,MF",Platense,Primera Division Argentina,26,1996,16.4,235,397,59.2,3217,981,139,212,65.6,58,94,61.7,16,29,55.2,2,1.9,0.7,+0.1,13,17,12,6,36,py PAR,"FW,MF",Platense,Primera Division Argentina,26,1996,16.4,397,391,4,0,1,0,23,2,0,0,0,0,235,2,20,py PAR,"FW,MF",Platense,Primera Division Argentina,26,1996,16.4,31,1.89,24,0,2,5,0,0,5,0.30,3,0,0,2,0,0,py PAR,"FW,MF",Platense,Primera Division Argentina,26,1996,16.4,13,8,4,7,2,4,21,19.0,17,11,4,7,11,24,25,0,py PAR,"FW,MF",Platense,Primera Division Argentina,26,1996,16.4,611,28,74,267,282,52,611,44,17,38.6,24,54.5,323,1750,837,27,12,2,58,30,410,111,py PAR,"FW,MF",Platense,Primera Division Argentina,26,1996,23,"1,476",64,60.7,16.4,18,75,5,5,24,3,1.17,12,15,-3,-0.18,-0.18,12.8,16.3,-3.5,-0.21,+0.45,py PAR,"FW,MF",Platense,Primera Division Argentina,26,1996,16.4,6,0,0,18,14,1,23,11,8,0,0,0,74,57,62,47.9
Rubén Martínez,ar ARG,MF,Independiente,Primera Division Argentina,18,2004,2,0,65,0.7,0,0,0,0,0,0,0,0,0.0,0.0,0.0,0.0,1,1,1,0.00,0.00,0.00,0.00,0.00,0.03,0.00,0.03,0.03,0.03,ar ARG,MF,Independiente,Primera Division Argentina,18,2004,0.7,0,1,0,0.0,1.38,0.00,0.00,0,30.4,0,0,0,0.0,0.0,0.02,0.0,0.0,ar ARG,MF,Independiente,Primera Division Argentina,18,2004,0.7,22,33,66.7,380,152,9,11,81.8,12,18,66.7,1,2,50.0,0,0.0,0.0,0.0,0,3,0,0,1,ar ARG,MF,Independiente,Primera Division Argentina,18,2004,0.7,33,33,0,0,0,0,0,0,0,0,0,0,22,0,2,ar ARG,MF,Independiente,Primera Division Argentina,18,2004,0.7,1,1.38,1,0,0,0,0,0,0,0.00,0,0,0,0,0,0,ar ARG,MF,Independiente,Primera Division Argentina,18,2004,0.7,7,6,4,3,0,6,6,100.0,0,2,0,2,1,8,2,0,ar ARG,MF,Independiente,Primera Division Argentina,18,2004,0.7,48,2,15,31,3,1,48,2,1,50.0,1,50.0,21,92,40,1,0,1,3,0,20,1,ar ARG,MF,Independiente,Primera Division Argentina,18,2004,2,65,33,2.7,0.7,0,0,0,2,33,9,0.50,1,1,0,0.00,+0.34,0.5,0.7,-0.1,-0.18,-0.16,ar ARG,MF,Independiente,Primera Division Argentina,18,2004,0.7,0,0,0,0,1,0,0,1,6,0,0,0,10,1,0,100.0
Ángelo Martino,ar ARG,"DF,MF",Newell's OB,Primera Division Argentina,24,1998,13,9,772,8.6,0,0,0,0,0,0,5,1,0.3,0.3,0.3,0.7,18,35,33,0.00,0.00,0.00,0.00,0.00,0.04,0.04,0.08,0.04,0.08,ar ARG,"DF,MF",Newell's OB,Primera Division Argentina,24,1998,8.6,0,4,1,25.0,0.47,0.12,0.00,0.00,18.7,0,0,0,0.3,0.3,0.08,-0.3,-0.3,ar ARG,"DF,MF",Newell's OB,Primera Division Argentina,24,1998,8.6,334,432,77.3,5596,2157,155,181,85.6,157,194,80.9,19,38,50.0,0,0.3,0.7,-0.3,4,21,10,6,35,ar ARG,"DF,MF",Newell's OB,Primera Division Argentina,24,1998,8.6,432,346,85,5,0,1,17,80,0,0,0,0,334,1,16,ar ARG,"DF,MF",Newell's OB,Primera Division Argentina,24,1998,8.6,10,1.16,6,1,0,1,2,0,1,0.12,0,0,0,0,1,0,ar ARG,"DF,MF",Newell's OB,Primera Division Argentina,24,1998,8.6,16,10,11,2,3,6,9,66.7,3,16,6,10,22,38,14,0,ar ARG,"DF,MF",Newell's OB,Primera Division Argentina,24,1998,8.6,529,26,156,281,103,11,529,13,6,46.2,6,46.2,269,1545,917,18,16,2,10,7,280,33,ar ARG,"DF,MF",Newell's OB,Primera Division Argentina,24,1998,13,772,59,31.8,8.6,9,78,5,4,17,10,1.23,10,6,+4,+0.47,+0.68,8.1,8.2,0.0,0.00,+0.06,ar ARG,"DF,MF",Newell's OB,Primera Division Argentina,24,1998,8.6,5,1,1,9,12,2,17,22,10,0,0,0,58,17,11,60.7
Ángelo Martino,ar ARG,DF,Talleres,Primera Division Argentina,24,1998,1,1,67,0.7,0,0,0,0,0,0,1,1,0.0,0.0,0.0,0.0,0,4,7,0.00,0.00,0.00,0.00,0.00,0.00,0.04,0.04,0.00,0.04,ar ARG,"DF,MF",Newell's OB,Primera Division Argentina,24,1998,8.6,0,4,1,25.0,0.47,0.12,0.00,0.00,18.7,0,0,0,0.3,0.3,0.08,-0.3,-0.3,ar ARG,"DF,MF",Newell's OB,Primera Division Argentina,24,1998,8.6,334,432,77.3,5596,2157,155,181,85.6,157,194,80.9,19,38,50.0,0,0.3,0.7,-0.3,4,21,10,6,35,ar ARG,"DF,MF",Newell's OB,Primera Division Argentina,24,1998,8.6,432,346,85,5,0,1,17,80,0,0,0,0,334,1,16,ar ARG,"DF,MF",Newell's OB,Primera Division Argentina,24,1998,8.6,10,1.16,6,1,0,1,2,0,1,0.12,0,0,0,0,1,0,ar ARG,"DF,MF",Newell's OB,Primera Division Argentina,24,1998,8.6,16,10,11,2,3,6,9,66.7,3,16,6,10,22,38,14,0,ar ARG,"DF,MF",Newell's OB,Primera Division Argentina,24,1998,8.6,529,26,156,281,103,11,529,13,6,46.2,6,46.2,269,1545,917,18,16,2,10,7,280,33,ar ARG,"DF,MF",Newell's OB,Primera Division Argentina,24,1998,13,772,59,31.8,8.6,9,78,5,4,17,10,1.23,10,6,+4,+0.47,+0.68,8.1,8.2,0.0,0.00,+0.06,ar ARG,"DF,MF",Newell's OB,Primera Division Argentina,24,1998,8.6,5,1,1,9,12,2,17,22,10,0,0,0,58,17,11,60.7
Emmanuel Más,ar ARG,DF,Estudiantes–LP,Primera Division Argentina,34,1989,15,12,"1,058",11.8,0,0,0,0,0,0,1,0,0.4,0.4,1.0,1.3,26,37,82,0.00,0.00,0.00,0.00,0.00,0.03,0.08,0.11,0.03,0.11,ar ARG,DF,Estudiantes–LP,Primera Division Argentina,34,1989,11.8,0,8,2,25.0,0.68,0.17,0.00,0.00,15.6,0,0,0,0.4,0.4,0.04,-0.4,-0.4,ar ARG,DF,Estudiantes–LP,Primera Division Argentina,34,1989,11.8,419,557,75.2,6933,2638,209,240,87.1,170,220,77.3,34,74,45.9,0,1.0,1.2,-1.0,14,25,21,14,37,ar ARG,DF,Estudiantes–LP,Primera Division Argentina,34,1989,11.8,557,444,113,2,0,3,42,111,0,0,0,0,419,0,12,ar ARG,DF,Estudiantes–LP,Primera Division Argentina,34,1989,11.8,39,3.32,28,5,1,3,1,1,1,0.09,1,0,0,0,0,0,ar ARG,DF,Estudiantes–LP,Primera Division Argentina,34,1989,11.8,21,14,12,7,2,15,25,60.0,10,12,4,8,8,29,20,1,ar ARG,DF,Estudiantes–LP,Primera Division Argentina,34,1989,11.8,665,27,178,275,214,29,665,15,7,46.7,7,46.7,304,1401,739,26,11,4,17,6,365,82,ar ARG,DF,Estudiantes–LP,Primera Division Argentina,34,1989,15,"1,058",71,43.5,11.8,12,85,11,3,12,12,1.47,10,15,-5,-0.43,-1.47,13.6,11.9,+1.7,+0.15,-0.37,ar ARG,DF,Estudiantes–LP,Primera Division Argentina,34,1989,11.8,1,0,0,10,8,3,42,8,14,0,0,0,80,19,24,44.2
Diego Mastrángelo,ar ARG,DF,Gimnasia–LP,Primera Division Argentina,20,2002,2,1,104,1.2,0,0,0,0,0,0,1,0,0.0,0.0,0.0,0.0,1,1,0,0.00,0.00,0.00,0.00,0.00,0.00,0.00,0.00,0.00,0.00,ar ARG,DF,Gimnasia–LP,Primera Division Argentina,20,2002,1.2,0,0,0,0,0.00,0.00,0,0,0,0,0,0,0.0,0.0,0,0.0,0.0,ar ARG,DF,Gimnasia–LP,Primera Division Argentina,20,2002,1.2,15,26,57.7,268,148,6,7,85.7,8,8,100.0,1,8,12.5,0,0.0,0.0,0.0,0,0,0,0,1,ar ARG,DF,Gimnasia–LP,Primera Division Argentina,20,2002,1.2,26,22,4,4,0,0,0,0,0,0,0,0,15,0,3,ar ARG,DF,Gimnasia–LP,Primera Division Argentina,20,2002,1.2,1,0.87,1,0,0,0,0,0,0,0.00,0,0,0,0,0,0,ar ARG,DF,Gimnasia–LP,Primera Division Argentina,20,2002,1.2,2,2,1,1,0,1,3,33.3,2,4,3,1,4,6,6,0,ar ARG,DF,Gimnasia–LP,Primera Division Argentina,20,2002,1.2,41,10,27,14,0,0,41,0,0,0,0,0,17,114,58,1,0,0,0,0,11,0,ar ARG,DF,Gimnasia–LP,Primera Division Argentina,20,2002,2,104,52,4.3,1.2,1,90,1,1,14,11,1.50,1,3,-2,-1.73,-1.27,0.9,2.5,-1.5,-1.34,-1.23,ar ARG,DF,Gimnasia–LP,Primera Division Argentina,20,2002,1.2,1,0,0,2,3,0,0,4,2,0,0,0,8,2,3,40.0
Bruno Mastronicola,ar ARG,DF,Barracas Central,Primera Division Argentina,22,2000,1,0,4,0.0,0,0,0,0,0,0,0,1,0.0,0.0,0.0,0.0,2,2,0,0.00,0.00,0.00,0.00,0.00,0.00,0.00,0.00,0.00,0.00,ar ARG,DF,Barracas Central,Primera Division Argentina,22,2000,0.0,0,0,0,0,0.00,0.00,0,0,0,0,0,0,0.0,0.0,0,0.0,0.0,ar ARG,DF,Barracas Central,Primera Division Argentina,22,2000,0.0,6,10,60.0,118,38,1,1,100.0,4,5,80.0,1,3,33.3,0,0.0,0.0,0.0,0,2,0,0,2,ar ARG,DF,Barracas Central,Primera Division Argentina,22,2000,0.0,10,10,0,0,0,0,2,0,0,0,0,0,6,0,0,ar ARG,DF,Barracas Central,Primera Division Argentina,22,2000,0.0,0,0.00,0,0,0,0,0,0,0,0.00,0,0,0,0,0,0,ar ARG,DF,Barracas Central,Primera Division Argentina,22,2000,0.0,0,0,0,0,0,0,0,0,0,0,0,0,0,0,1,0,ar ARG,DF,Barracas Central,Primera Division Argentina,22,2000,0.0,14,0,5,8,1,0,14,0,0,0,0,0,4,46,42,2,0,0,2,0,8,0,ar ARG,DF,Barracas Central,Primera Division Argentina,22,2000,1,4,4,0.2,0.0,0,0,0,1,4,0,0.00,0,0,0,0.00,+0.19,0.1,0.0,+0.1,+1.69,+1.91,ar ARG,DF,Barracas Central,Primera Division Argentina,22,2000,0.0,0,1,0,1,0,0,2,0,0,0,0,0,0,3,0,100.0
Facundo Mater,sy SYR,"MF,DF",Barracas Central,Primera Division Argentina,24,1998,24,23,"1,880",20.9,3,4,7,3,0,0,3,0,1.8,1.8,1.9,3.7,37,64,72,0.14,0.19,0.34,0.14,0.34,0.08,0.09,0.18,0.08,0.18,sy SYR,"MF,DF",Barracas Central,Primera Division Argentina,24,1998,20.9,3,25,6,24.0,1.20,0.29,0.12,0.50,19.6,0,0,0,1.8,1.8,0.07,+1.2,+1.2,sy SYR,"MF,DF",Barracas Central,Primera Division Argentina,24,1998,20.9,489,741,66.0,7013,3285,267,355,75.2,176,243,72.4,20,55,36.4,4,1.9,1.1,+2.1,15,45,13,2,64,sy SYR,"MF,DF",Barracas Central,Primera Division Argentina,24,1998,20.9,741,660,81,6,4,0,19,75,0,0,0,0,489,0,42,sy SYR,"MF,DF",Barracas Central,Primera Division Argentina,24,1998,20.9,39,1.87,23,0,4,5,2,5,5,0.24,3,0,0,1,0,1,sy SYR,"MF,DF",Barracas Central,Primera Division Argentina,24,1998,20.9,55,36,27,15,13,36,73,49.3,37,27,1,26,19,74,37,0,sy SYR,"MF,DF",Barracas Central,Primera Division Argentina,24,1998,20.9,1031,43,257,500,294,34,1031,87,45,51.7,35,40.2,500,2694,1347,37,36,7,46,39,554,72,sy SYR,"MF,DF",Barracas Central,Primera Division Argentina,24,1998,24,"1,880",78,77.4,20.9,23,81,11,1,28,2,1.29,20,26,-6,-0.29,-0.45,16.0,21.9,-5.9,-0.28,-0.27,sy SYR,"MF,DF",Barracas Central,Primera Division Argentina,24,1998,20.9,3,0,0,21,32,0,19,19,36,0,0,0,150,7,19,26.9
Guillermo Matías Fernández,ar ARG,MF,Boca Juniors,Primera Division Argentina,31,1991,22,21,"1,755",19.5,2,2,4,2,0,0,10,0,1.6,1.6,2.6,4.2,20,105,56,0.10,0.10,0.21,0.10,0.21,0.08,0.13,0.21,0.08,0.21,ar ARG,MF,Boca Juniors,Primera Division Argentina,31,1991,19.5,2,13,3,23.1,0.67,0.15,0.15,0.67,20.0,0,0,0,1.6,1.6,0.12,+0.4,+0.4,ar ARG,MF,Boca Juniors,Primera Division Argentina,31,1991,19.5,948,1129,84.0,16925,4285,419,471,89.0,392,448,87.5,114,145,78.6,2,2.6,2.5,-0.6,24,81,12,3,105,ar ARG,MF,Boca Juniors,Primera Division Argentina,31,1991,19.5,1129,1071,56,32,2,13,20,10,12,1,8,0,948,2,26,ar ARG,MF,Boca Juniors,Primera Division Argentina,31,1991,19.5,54,2.77,42,8,3,0,1,0,4,0.21,3,1,0,0,0,0,ar ARG,MF,Boca Juniors,Primera Division Argentina,31,1991,19.5,42,26,18,21,3,21,53,39.6,32,27,8,19,20,62,18,1,ar ARG,MF,Boca Juniors,Primera Division Argentina,31,1991,19.5,1310,40,273,831,217,27,1310,28,15,53.6,10,35.7,694,3168,1455,20,23,1,21,13,883,56,ar ARG,MF,Boca Juniors,Primera Division Argentina,31,1991,22,"1,755",80,72.2,19.5,21,80,9,1,66,1,1.59,23,19,+4,+0.21,-0.46,20.1,22.7,-2.6,-0.13,-0.66,ar ARG,MF,Boca Juniors,Primera Division Argentina,31,1991,19.5,10,0,0,31,13,0,20,20,26,0,0,1,169,10,13,43.5
Diego Matías Rodríguez,ar ARG,GK,Godoy Cruz,Primera Division Argentina,33,1989,26,26,"2,340",26.0,3,0,3,0,3,3,4,0,2.4,0.0,0.1,0.1,0,0,0,0.12,0.00,0.12,0.00,0.00,0.09,0.00,0.09,0.00,0.00,ar ARG,GK,Godoy Cruz,Primera Division Argentina,33,1989,26.0,3,0,0,0,0.00,0.00,0,0,0,0,3,3,2.4,0.0,0,+0.6,0.0,ar ARG,GK,Godoy Cruz,Primera Division Argentina,33,1989,26.0,528,793,66.6,20337,15961,29,29,100.0,184,188,97.9,315,574,54.9,0,0.1,0.1,-0.1,1,24,2,0,0,ar ARG,GK,Godoy Cruz,Primera Division Argentina,33,1989,26.0,793,469,323,95,0,11,0,0,0,0,0,0,528,1,0,ar ARG,GK,Godoy Cruz,Primera Division Argentina,33,1989,26.0,8,0.31,4,4,0,0,0,0,1,0.04,1,0,0,0,0,0,ar ARG,GK,Godoy Cruz,Primera Division Argentina,33,1989,26.0,2,2,2,0,0,1,1,100.0,0,1,0,1,1,3,11,2,ar ARG,GK,Godoy Cruz,Primera Division Argentina,33,1989,26.0,856,688,846,7,3,3,853,1,1,100.0,0,0.0,388,2415,1556,0,0,0,1,0,282,0,ar ARG,GK,Godoy Cruz,Primera Division Argentina,33,1989,26,"2,340",90,96.3,26.0,26,90,26,0,0,0,1.46,33,30,+3,+0.12,-1.88,29.6,33.6,-3.9,-0.15,-0.46,ar ARG,GK,Godoy Cruz,Primera Division Argentina,33,1989,26.0,4,0,0,1,7,0,0,1,2,0,1,0,22,6,0,100.0
José Mauri,it ITA,MF,Sarmiento,Primera Division Argentina,26,1996,2,2,102,1.1,0,0,0,0,0,0,0,0,0.0,0.0,0.0,0.0,0,5,2,0.00,0.00,0.00,0.00,0.00,0.00,0.00,0.00,0.00,0.00,it ITA,MF,Sarmiento,Primera Division Argentina,26,1996,1.1,0,0,0,0,0.00,0.00,0,0,0,0,0,0,0.0,0.0,0,0.0,0.0,it ITA,MF,Sarmiento,Primera Division Argentina,26,1996,1.1,19,23,82.6,299,129,10,13,76.9,9,10,90.0,0,0,0,0,0.0,0.0,0.0,0,3,0,0,5,it ITA,MF,Sarmiento,Primera Division Argentina,26,1996,1.1,23,23,0,0,0,0,0,0,0,0,0,0,19,0,0,it ITA,MF,Sarmiento,Primera Division Argentina,26,1996,1.1,0,0.00,0,0,0,0,0,0,0,0.00,0,0,0,0,0,0,it ITA,MF,Sarmiento,Primera Division Argentina,26,1996,1.1,7,5,4,3,0,2,2,100.0,0,2,2,0,1,8,3,0,it ITA,MF,Sarmiento,Primera Division Argentina,26,1996,1.1,38,4,13,21,4,0,38,0,0,0,0,0,10,27,9,0,0,0,1,0,16,2,it ITA,MF,Sarmiento,Primera Division Argentina,26,1996,2,102,51,4.2,1.1,2,51,0,0,0,0,0.50,0,2,-2,-1.76,-1.73,0.2,1.5,-1.3,-1.16,-0.91,it ITA,MF,Sarmiento,Primera Division Argentina,26,1996,1.1,0,0,0,0,1,0,0,1,5,0,0,0,10,1,1,50.0
Walter Mazzantti,ar ARG,"FW,MF",Huracán,Primera Division Argentina,26,1996,15,12,"1,025",11.4,1,0,1,1,0,0,2,0,1.7,1.7,1.1,2.8,30,27,113,0.09,0.00,0.09,0.09,0.09,0.15,0.10,0.25,0.15,0.25,ar ARG,"FW,MF",Huracán,Primera Division Argentina,26,1996,11.4,1,14,3,21.4,1.23,0.26,0.07,0.33,13.6,0,0,0,1.7,1.7,0.13,-0.7,-0.7,ar ARG,"FW,MF",Huracán,Primera Division Argentina,26,1996,11.4,186,267,69.7,2289,432,126,149,84.6,44,69,63.8,5,12,41.7,0,1.1,0.8,-1.1,12,11,10,4,27,ar ARG,"FW,MF",Huracán,Primera Division Argentina,26,1996,11.4,267,265,1,0,0,0,26,0,0,0,0,0,186,1,16,ar ARG,"FW,MF",Huracán,Primera Division Argentina,26,1996,11.4,30,2.63,20,0,2,3,5,0,0,0.00,0,0,0,0,0,0,ar ARG,"FW,MF",Huracán,Primera Division Argentina,26,1996,11.4,18,11,7,8,3,6,29,20.7,23,35,2,33,6,24,2,0,ar ARG,"FW,MF",Huracán,Primera Division Argentina,26,1996,11.4,447,5,40,153,264,51,447,52,29,55.8,14,26.9,291,2034,849,30,18,5,43,25,309,113,ar ARG,"FW,MF",Huracán,Primera Division Argentina,26,1996,15,"1,025",68,42.2,11.4,12,80,4,3,22,2,0.87,4,10,-6,-0.53,-0.21,11.5,8.9,+2.6,+0.23,+0.36,ar ARG,"FW,MF",Huracán,Primera Division Argentina,26,1996,11.4,2,0,0,31,31,4,26,6,11,0,0,0,54,13,38,25.5
Alejandro Medina,ar ARG,GK,Arsenal,Primera Division Argentina,36,1986,27,27,"2,430",27.0,0,0,0,0,0,0,4,0,0.0,0.0,0.2,0.2,0,0,0,0.00,0.00,0.00,0.00,0.00,0.00,0.01,0.01,0.00,0.01,ar ARG,GK,Arsenal,Primera Division Argentina,36,1986,27.0,0,1,0,0.0,0.04,0.00,0.00,0,15.7,0,0,0,0.0,0.0,0.01,0.0,0.0,ar ARG,GK,Arsenal,Primera Division Argentina,36,1986,27.0,609,911,66.8,17894,13709,123,124,99.2,270,279,96.8,211,497,42.5,0,0.2,0.1,-0.2,5,19,1,0,0,ar ARG,GK,Arsenal,Primera Division Argentina,36,1986,27.0,911,586,319,60,0,2,0,0,0,0,0,0,609,6,0,ar ARG,GK,Arsenal,Primera Division Argentina,36,1986,27.0,7,0.26,4,3,0,0,0,0,0,0.00,0,0,0,0,0,0,ar ARG,GK,Arsenal,Primera Division Argentina,36,1986,27.0,1,1,1,0,0,1,1,100.0,0,1,1,0,0,1,11,4,ar ARG,GK,Arsenal,Primera Division Argentina,36,1986,27.0,977,821,968,7,2,1,977,0,0,0,0,0,497,2912,1998,0,0,0,4,0,328,0,ar ARG,GK,Arsenal,Primera Division Argentina,36,1986,27,"2,430",90,100.0,27.0,27,90,27,0,0,0,0.81,18,34,-16,-0.59,0,23.0,34.6,-11.6,-0.43,0,ar ARG,GK,Arsenal,Primera Division Argentina,36,1986,27.0,4,0,0,2,6,0,0,0,1,0,2,0,37,5,0,100.0
Cristian Medina,ar ARG,"MF,FW",Boca Juniors,Primera Division Argentina,20,2002,23,13,"1,327",14.7,3,1,4,3,0,0,4,0,2.4,2.4,1.0,3.4,42,73,53,0.20,0.07,0.27,0.20,0.27,0.16,0.07,0.23,0.16,0.23,ar ARG,"MF,FW",Boca Juniors,Primera Division Argentina,20,2002,14.7,3,17,8,47.1,1.15,0.54,0.18,0.38,19.7,0,0,0,2.4,2.4,0.14,+0.6,+0.6,ar ARG,"MF,FW",Boca Juniors,Primera Division Argentina,20,2002,14.7,644,739,87.1,9686,2134,356,386,92.2,234,268,87.3,33,40,82.5,1,1.0,1.3,0.0,10,48,7,0,73,ar ARG,"MF,FW",Boca Juniors,Primera Division Argentina,20,2002,14.7,739,718,20,13,1,3,14,4,3,1,1,0,644,1,16,ar ARG,"MF,FW",Boca Juniors,Primera Division Argentina,20,2002,14.7,27,1.83,23,0,4,0,0,0,2,0.14,1,0,1,0,0,0,ar ARG,"MF,FW",Boca Juniors,Primera Division Argentina,20,2002,14.7,33,19,12,15,6,18,37,48.6,19,14,1,13,5,38,9,0,ar ARG,"MF,FW",Boca Juniors,Primera Division Argentina,20,2002,14.7,899,17,129,539,244,32,899,55,36,65.5,15,27.3,615,3126,1599,42,45,10,35,37,705,53,ar ARG,"MF,FW",Boca Juniors,Primera Division Argentina,20,2002,23,"1,327",58,54.6,14.7,13,86,6,10,21,4,1.87,18,9,+9,+0.61,+0.61,17.4,13.1,+4.3,+0.29,+0.53,ar ARG,"MF,FW",Boca Juniors,Primera Division Argentina,20,2002,14.7,4,0,0,13,28,3,14,5,19,0,0,0,95,5,7,41.7
Sebastián Medina,ar ARG,MF,Tigre,Primera Division Argentina,22,2000,7,0,120,1.3,0,0,0,0,0,0,0,0,0.1,0.1,0.1,0.1,5,8,10,0.00,0.00,0.00,0.00,0.00,0.04,0.06,0.11,0.04,0.11,ar ARG,MF,Tigre,Primera Division Argentina,22,2000,1.3,0,2,0,0.0,1.50,0.00,0.00,0,29.0,0,0,0,0.1,0.1,0.03,-0.1,-0.1,ar ARG,MF,Tigre,Primera Division Argentina,22,2000,1.3,45,73,61.6,723,223,26,31,83.9,13,27,48.1,6,9,66.7,0,0.1,0.1,-0.1,3,5,2,1,8,ar ARG,MF,Tigre,Primera Division Argentina,22,2000,1.3,73,66,7,1,0,1,9,2,4,1,3,0,45,0,4,ar ARG,MF,Tigre,Primera Division Argentina,22,2000,1.3,3,2.21,3,0,0,0,0,0,0,0.00,0,0,0,0,0,0,ar ARG,MF,Tigre,Primera Division Argentina,22,2000,1.3,2,0,0,0,2,0,1,0.0,1,2,0,2,0,2,1,0,ar ARG,MF,Tigre,Primera Division Argentina,22,2000,1.3,90,1,10,46,34,2,90,5,2,40.0,3,60.0,48,228,146,5,2,0,1,0,55,10,ar ARG,MF,Tigre,Primera Division Argentina,22,2000,7,120,17,4.9,1.3,0,0,0,7,17,16,1.00,0,2,-2,-1.50,-1.50,1.4,2.7,-1.2,-0.91,-1.12,ar ARG,MF,Tigre,Primera Division Argentina,22,2000,1.3,0,0,0,1,0,0,9,0,0,0,0,0,12,1,0,100.0
Lucas Melano,ar ARG,"FW,MF",Sarmiento,Primera Division Argentina,29,1993,24,11,"1,085",12.1,4,2,6,4,0,0,2,0,1.8,1.8,1.7,3.5,29,28,84,0.33,0.17,0.50,0.33,0.50,0.15,0.14,0.29,0.15,0.29,ar ARG,"FW,MF",Sarmiento,Primera Division Argentina,29,1993,12.1,4,17,7,41.2,1.41,0.58,0.24,0.57,16.7,0,0,0,1.8,1.8,0.11,+2.2,+2.2,ar ARG,"FW,MF",Sarmiento,Primera Division Argentina,29,1993,12.1,182,289,63.0,2722,771,98,131,74.8,55,89,61.8,17,33,51.5,2,1.7,1.6,+0.3,15,10,16,7,28,ar ARG,"FW,MF",Sarmiento,Primera Division Argentina,29,1993,12.1,289,260,28,0,2,2,42,9,6,1,4,0,182,1,20,ar ARG,"FW,MF",Sarmiento,Primera Division Argentina,29,1993,12.1,43,3.57,29,3,5,4,2,0,8,0.66,4,0,4,0,0,0,ar ARG,"FW,MF",Sarmiento,Primera Division Argentina,29,1993,12.1,20,15,6,11,3,5,9,55.6,4,7,3,4,4,24,4,0,ar ARG,"FW,MF",Sarmiento,Primera Division Argentina,29,1993,12.1,426,10,31,171,233,30,426,43,20,46.5,17,39.5,259,1958,824,29,25,12,39,16,285,84,ar ARG,"FW,MF",Sarmiento,Primera Division Argentina,29,1993,24,"1,085",45,44.7,12.1,11,74,3,13,21,1,1.21,11,12,-1,-0.08,+0.05,10.0,17.0,-7.0,-0.58,-0.53,ar ARG,"FW,MF",Sarmiento,Primera Division Argentina,29,1993,12.1,2,0,0,15,15,6,42,4,15,0,0,0,50,13,37,26.0
Santiago Mele,uy URU,GK,Unión,Primera Division Argentina,25,1997,16,16,"1,440",16.0,0,0,0,0,0,0,0,0,0.0,0.0,0.0,0.0,0,0,0,0.00,0.00,0.00,0.00,0.00,0.00,0.00,0.00,0.00,0.00,uy URU,GK,Unión,Primera Division Argentina,25,1997,16.0,0,0,0,0,0.00,0.00,0,0,0,0,0,0,0.0,0.0,0,0.0,0.0,uy URU,GK,Unión,Primera Division Argentina,25,1997,16.0,264,400,66.0,7655,5665,51,51,100.0,106,106,100.0,100,236,42.4,0,0.0,0.0,0.0,0,12,0,0,0,uy URU,GK,Unión,Primera Division Argentina,25,1997,16.0,400,210,190,46,0,1,0,0,0,0,0,0,264,0,0,uy URU,GK,Unión,Primera Division Argentina,25,1997,16.0,0,0.00,0,0,0,0,0,0,0,0.00,0,0,0,0,0,0,uy URU,GK,Unión,Primera Division Argentina,25,1997,16.0,0,0,0,0,0,0,0,0,0,0,0,0,0,0,6,1,uy URU,GK,Unión,Primera Division Argentina,25,1997,16.0,436,366,436,0,0,0,436,0,0,0,0,0,176,990,683,0,0,0,0,0,108,0,uy URU,GK,Unión,Primera Division Argentina,25,1997,16,"1,440",90,59.3,16.0,16,90,16,0,0,3,1.19,11,15,-4,-0.25,-0.07,13.8,17.9,-4.2,-0.26,-0.04,uy URU,GK,Unión,Primera Division Argentina,25,1997,16.0,0,0,0,0,2,0,0,0,0,0,0,0,7,6,0,100.0
Juan Meli,ar ARG,DF,Godoy Cruz,Primera Division Argentina,22,2000,20,10,"1,068",11.9,0,0,0,0,0,0,3,0,0.2,0.2,0.4,0.7,11,47,32,0.00,0.00,0.00,0.00,0.00,0.02,0.04,0.06,0.02,0.06,ar ARG,DF,Godoy Cruz,Primera Division Argentina,22,2000,11.9,0,8,3,37.5,0.67,0.25,0.00,0.00,28.3,0,0,0,0.2,0.2,0.03,-0.2,-0.2,ar ARG,DF,Godoy Cruz,Primera Division Argentina,22,2000,11.9,354,558,63.4,6480,3333,163,206,79.1,147,224,65.6,41,96,42.7,0,0.4,0.3,-0.4,8,32,5,3,47,ar ARG,DF,Godoy Cruz,Primera Division Argentina,22,2000,11.9,558,402,153,6,0,1,22,147,0,0,0,0,354,3,24,ar ARG,DF,Godoy Cruz,Primera Division Argentina,22,2000,11.9,17,1.43,11,3,2,1,0,0,0,0.00,0,0,0,0,0,0,ar ARG,DF,Godoy Cruz,Primera Division Argentina,22,2000,11.9,29,14,16,10,3,16,33,48.5,17,13,3,10,20,49,36,0,ar ARG,DF,Godoy Cruz,Primera Division Argentina,22,2000,11.9,710,23,213,368,135,5,710,17,7,41.2,10,58.8,253,1219,604,11,10,0,16,14,270,32,ar ARG,DF,Godoy Cruz,Primera Division Argentina,22,2000,20,"1,068",53,44.0,11.9,10,83,3,10,24,7,1.50,14,14,0,0.00,-0.33,14.6,14.3,+0.4,+0.03,+0.29,ar ARG,DF,Godoy Cruz,Primera Division Argentina,22,2000,11.9,3,0,0,15,4,0,22,20,14,0,1,0,81,18,12,60.0
Matías Melluso,ar ARG,DF,Gimnasia–LP,Primera Division Argentina,24,1998,16,16,"1,415",15.7,0,0,0,0,0,0,3,0,0.3,0.3,1.6,1.8,32,62,41,0.00,0.00,0.00,0.00,0.00,0.02,0.10,0.12,0.02,0.12,ar ARG,DF,Gimnasia–LP,Primera Division Argentina,24,1998,15.7,0,9,0,0.0,0.57,0.00,0.00,0,26.8,0,0,0,0.3,0.3,0.03,-0.3,-0.3,ar ARG,DF,Gimnasia–LP,Primera Division Argentina,24,1998,15.7,482,724,66.6,8753,4702,218,266,82.0,203,277,73.3,56,143,39.2,0,1.6,1.3,-1.6,21,50,21,11,62,ar ARG,DF,Gimnasia–LP,Primera Division Argentina,24,1998,15.7,724,548,175,21,2,14,33,154,0,0,0,0,482,1,22,ar ARG,DF,Gimnasia–LP,Primera Division Argentina,24,1998,15.7,41,2.61,28,2,2,3,3,3,0,0.00,0,0,0,0,0,0,ar ARG,DF,Gimnasia–LP,Primera Division Argentina,24,1998,15.7,69,47,37,28,4,35,52,67.3,17,20,5,15,37,106,41,0,ar ARG,DF,Gimnasia–LP,Primera Division Argentina,24,1998,15.7,957,57,318,443,212,4,957,25,14,56.0,11,44.0,373,2070,1325,32,27,1,15,7,357,41,ar ARG,DF,Gimnasia–LP,Primera Division Argentina,24,1998,16,"1,415",88,58.2,15.7,16,88,14,0,0,2,1.19,13,20,-7,-0.45,+0.18,16.1,19.5,-3.4,-0.22,-0.13,ar ARG,DF,Gimnasia–LP,Primera Division Argentina,24,1998,15.7,3,0,0,23,27,0,33,37,47,0,0,0,126,25,28,47.2
Armando Méndez,uy URU,"DF,MF",Newell's OB,Primera Division Argentina,26,1996,9,8,703,7.8,0,0,0,0,0,0,0,0,0.1,0.1,0.4,0.5,36,17,59,0.00,0.00,0.00,0.00,0.00,0.01,0.05,0.06,0.01,0.06,uy URU,"DF,MF",Newell's OB,Primera Division Argentina,26,1996,7.8,0,3,2,66.7,0.38,0.26,0.00,0.00,24.4,0,0,0,0.1,0.1,0.04,-0.1,-0.1,uy URU,"DF,MF",Newell's OB,Primera Division Argentina,26,1996,7.8,249,340,73.2,3639,1259,153,168,91.1,76,120,63.3,15,33,45.5,0,0.4,0.5,-0.4,6,10,8,7,17,uy URU,"DF,MF",Newell's OB,Primera Division Argentina,26,1996,7.8,340,264,76,4,0,0,26,72,0,0,0,0,249,0,9,uy URU,"DF,MF",Newell's OB,Primera Division Argentina,26,1996,7.8,14,1.79,11,0,3,0,0,0,0,0.00,0,0,0,0,0,0,uy URU,"DF,MF",Newell's OB,Primera Division Argentina,26,1996,7.8,15,10,10,3,2,11,16,68.8,5,9,1,8,4,19,5,0,uy URU,"DF,MF",Newell's OB,Primera Division Argentina,26,1996,7.8,415,10,97,204,128,10,415,33,26,78.8,6,18.2,206,1664,1090,36,21,3,22,4,218,59,uy URU,"DF,MF",Newell's OB,Primera Division Argentina,26,1996,9,703,78,28.9,7.8,8,86,6,1,18,6,1.44,9,4,+5,+0.64,+0.90,9.4,4.9,+4.5,+0.58,+0.88,uy URU,"DF,MF",Newell's OB,Primera Division Argentina,26,1996,7.8,0,0,0,12,9,1,26,4,10,0,0,0,60,12,15,44.4
Emiliano Méndez,ar ARG,MF,Sarmiento,Primera Division Argentina,33,1989,25,22,"1,896",21.1,0,0,0,0,0,0,10,1,0.4,0.4,0.6,1.0,15,71,13,0.00,0.00,0.00,0.00,0.00,0.02,0.03,0.05,0.02,0.05,ar ARG,MF,Sarmiento,Primera Division Argentina,33,1989,21.1,0,13,0,0.0,0.62,0.00,0.00,0,21.7,0,0,0,0.4,0.4,0.03,-0.4,-0.4,ar ARG,MF,Sarmiento,Primera Division Argentina,33,1989,21.1,424,646,65.6,7647,3136,181,256,70.7,184,257,71.6,48,81,59.3,0,0.6,0.9,-0.6,12,51,3,0,71,ar ARG,MF,Sarmiento,Primera Division Argentina,33,1989,21.1,646,634,12,9,0,5,2,2,1,0,0,0,424,0,20,ar ARG,MF,Sarmiento,Primera Division Argentina,33,1989,21.1,28,1.33,25,0,1,1,1,0,2,0.09,2,0,0,0,0,0,ar ARG,MF,Sarmiento,Primera Division Argentina,33,1989,21.1,68,42,31,35,2,27,69,39.1,42,31,11,20,26,94,48,0,ar ARG,MF,Sarmiento,Primera Division Argentina,33,1989,21.1,901,72,259,551,106,49,901,27,19,70.4,5,18.5,329,1670,770,15,13,2,28,14,368,13,ar ARG,MF,Sarmiento,Primera Division Argentina,33,1989,25,"1,896",76,78.0,21.1,22,82,13,3,33,0,1.12,18,22,-4,-0.19,-0.36,20.5,27.8,-7.3,-0.35,-0.28,ar ARG,MF,Sarmiento,Primera Division Argentina,33,1989,21.1,10,1,1,53,26,2,2,26,42,0,0,0,157,84,38,68.9
Mauro Méndez,uy URU,"FW,MF",Estudiantes–LP,Primera Division Argentina,24,1999,19,8,734,8.2,4,0,4,4,0,0,2,0,4.9,4.9,0.5,5.4,5,10,56,0.49,0.00,0.49,0.49,0.49,0.60,0.06,0.66,0.60,0.66,uy URU,"FW,MF",Estudiantes–LP,Primera Division Argentina,24,1999,8.2,4,30,12,40.0,3.68,1.47,0.13,0.33,13.3,0,0,0,4.9,4.9,0.17,-0.9,-0.9,uy URU,"FW,MF",Estudiantes–LP,Primera Division Argentina,24,1999,8.2,121,175,69.1,1584,213,80,107,74.8,34,47,72.3,2,5,40.0,0,0.5,0.3,-0.5,3,5,1,0,10,uy URU,"FW,MF",Estudiantes–LP,Primera Division Argentina,24,1999,8.2,175,161,13,0,0,1,2,1,0,0,0,0,121,1,3,uy URU,"FW,MF",Estudiantes–LP,Primera Division Argentina,24,1999,8.2,19,2.32,12,0,1,5,1,0,4,0.49,2,0,1,1,0,0,uy URU,"FW,MF",Estudiantes–LP,Primera Division Argentina,24,1999,8.2,3,1,1,2,0,1,5,20.0,4,6,0,6,0,3,3,0,uy URU,"FW,MF",Estudiantes–LP,Primera Division Argentina,24,1999,8.2,274,2,14,121,142,37,274,15,6,40.0,7,46.7,142,602,199,5,9,1,23,7,209,56,uy URU,"FW,MF",Estudiantes–LP,Primera Division Argentina,24,1999,19,734,39,30.2,8.2,8,64,0,11,20,8,1.53,14,9,+5,+0.61,+0.29,12.8,8.1,+4.6,+0.57,+0.30,uy URU,"FW,MF",Estudiantes–LP,Primera Division Argentina,24,1999,8.2,2,0,0,9,16,4,2,0,1,0,0,0,24,28,38,42.4
Mateo Mendoza,ar ARG,DF,Godoy Cruz,Primera Division Argentina,18,2004,2,1,104,1.2,0,0,0,0,0,0,0,0,0.0,0.0,0.0,0.0,0,1,0,0.00,0.00,0.00,0.00,0.00,0.00,0.00,0.00,0.00,0.00,ar ARG,DF,Godoy Cruz,Primera Division Argentina,18,2004,1.2,0,0,0,0,0.00,0.00,0,0,0,0,0,0,0.0,0.0,0,0.0,0.0,ar ARG,DF,Godoy Cruz,Primera Division Argentina,18,2004,1.2,25,42,59.5,426,276,13,15,86.7,9,13,69.2,3,10,30.0,0,0.0,0.0,0.0,0,2,1,0,1,ar ARG,DF,Godoy Cruz,Primera Division Argentina,18,2004,1.2,42,26,16,0,0,0,0,16,0,0,0,0,25,0,3,ar ARG,DF,Godoy Cruz,Primera Division Argentina,18,2004,1.2,1,0.87,1,0,0,0,0,0,0,0.00,0,0,0,0,0,0,ar ARG,DF,Godoy Cruz,Primera Division Argentina,18,2004,1.2,6,3,6,0,0,3,6,50.0,3,3,2,1,2,8,9,0,ar ARG,DF,Godoy Cruz,Primera Division Argentina,18,2004,1.2,63,8,31,19,13,0,63,0,0,0,0,0,19,85,49,0,2,0,1,0,18,0,ar ARG,DF,Godoy Cruz,Primera Division Argentina,18,2004,2,104,52,4.3,1.2,1,90,1,1,14,19,2.00,2,2,0,0.00,-0.19,1.2,1.9,-0.7,-0.60,-0.49,ar ARG,DF,Godoy Cruz,Primera Division Argentina,18,2004,1.2,0,0,0,0,0,0,0,2,3,0,0,0,5,0,1,0.0
Cristian Menéndez,ar ARG,FW,Atlé Tucumán,Primera Division Argentina,34,1988,15,2,381,4.2,2,2,4,1,1,1,1,0,2.3,1.5,0.6,2.1,5,5,24,0.47,0.47,0.94,0.24,0.71,0.55,0.13,0.68,0.36,0.49,ar ARG,FW,Atlé Tucumán,Primera Division Argentina,34,1988,4.2,2,15,6,40.0,3.54,1.42,0.07,0.17,15.2,0,1,1,2.3,1.5,0.10,-0.3,-0.5,ar ARG,FW,Atlé Tucumán,Primera Division Argentina,34,1988,4.2,62,105,59.0,778,157,41,60,68.3,19,33,57.6,0,3,0.0,2,0.6,0.3,+1.4,5,3,1,0,5,ar ARG,FW,Atlé Tucumán,Primera Division Argentina,34,1988,4.2,105,96,7,0,0,0,4,1,0,0,0,0,62,2,2,ar ARG,FW,Atlé Tucumán,Primera Division Argentina,34,1988,4.2,12,2.84,7,0,1,1,3,0,2,0.47,1,0,0,0,1,0,ar ARG,FW,Atlé Tucumán,Primera Division Argentina,34,1988,4.2,2,2,1,1,0,0,2,0.0,2,5,2,3,2,4,2,0,ar ARG,FW,Atlé Tucumán,Primera Division Argentina,34,1988,4.2,166,5,13,80,74,29,165,5,1,20.0,3,60.0,84,287,127,5,4,0,21,6,115,24,ar ARG,FW,Atlé Tucumán,Primera Division Argentina,34,1988,15,381,25,15.7,4.2,2,75,1,13,18,6,1.33,6,4,+2,+0.47,+0.65,4.9,5.9,-0.9,-0.22,0.00,ar ARG,FW,Atlé Tucumán,Primera Division Argentina,34,1988,4.2,1,0,0,5,10,1,4,2,2,0,0,0,13,27,27,50.0
Lucas Menossi,ar ARG,"MF,FW",Tigre,Primera Division Argentina,30,1992,24,18,"1,522",16.9,1,1,2,1,0,0,4,0,1.7,1.7,2.7,4.4,32,140,75,0.06,0.06,0.12,0.06,0.12,0.10,0.16,0.26,0.10,0.26,ar ARG,"MF,FW",Tigre,Primera Division Argentina,30,1992,16.9,1,29,9,31.0,1.71,0.53,0.03,0.11,26.2,4,0,0,1.7,1.7,0.06,-0.7,-0.7,ar ARG,"MF,FW",Tigre,Primera Division Argentina,30,1992,16.9,681,922,73.9,12630,4382,279,341,81.8,290,364,79.7,96,160,60.0,1,2.7,2.1,-1.7,32,101,16,2,140,ar ARG,"MF,FW",Tigre,Primera Division Argentina,30,1992,16.9,922,863,57,19,7,9,58,5,31,4,24,0,681,2,22,ar ARG,"MF,FW",Tigre,Primera Division Argentina,30,1992,16.9,65,3.84,46,12,5,1,0,1,4,0.24,3,0,0,1,0,0,ar ARG,"MF,FW",Tigre,Primera Division Argentina,30,1992,16.9,31,18,10,14,7,18,46,39.1,28,22,1,21,17,48,9,1,ar ARG,"MF,FW",Tigre,Primera Division Argentina,30,1992,16.9,1120,12,124,682,326,21,1120,33,16,48.5,14,42.4,703,3357,1790,32,38,2,34,21,779,75,ar ARG,"MF,FW",Tigre,Primera Division Argentina,30,1992,24,"1,522",63,62.6,16.9,18,77,4,6,22,1,1.38,22,14,+8,+0.47,+1.46,21.1,16.6,+4.6,+0.27,+0.31,ar ARG,"MF,FW",Tigre,Primera Division Argentina,30,1992,16.9,4,0,0,15,23,2,58,17,18,0,0,0,127,10,13,43.5
Miguel Merentiel,uy URU,FW,Boca Juniors,Primera Division Argentina,26,1996,23,13,"1,231",13.7,7,2,9,7,0,0,3,1,6.4,6.4,0.8,7.2,13,19,71,0.51,0.15,0.66,0.51,0.66,0.47,0.06,0.53,0.47,0.53,uy URU,FW,Boca Juniors,Primera Division Argentina,26,1996,13.7,7,31,12,38.7,2.27,0.88,0.23,0.58,14.2,2,0,0,6.4,6.4,0.21,+0.6,+0.6,uy URU,FW,Boca Juniors,Primera Division Argentina,26,1996,13.7,200,265,75.5,2503,514,133,168,79.2,54,68,79.4,2,8,25.0,2,0.8,1.1,+1.2,7,15,5,0,19,uy URU,FW,Boca Juniors,Primera Division Argentina,26,1996,13.7,265,250,15,1,3,0,5,1,0,0,0,0,200,0,6,uy URU,FW,Boca Juniors,Primera Division Argentina,26,1996,13.7,22,1.61,13,0,3,3,3,0,4,0.29,2,0,2,0,0,0,uy URU,FW,Boca Juniors,Primera Division Argentina,26,1996,13.7,7,6,0,4,3,2,7,28.6,5,6,0,6,1,8,6,1,uy URU,FW,Boca Juniors,Primera Division Argentina,26,1996,13.7,368,5,17,173,186,46,368,27,17,63.0,9,33.3,208,1070,435,13,14,8,24,17,282,71,uy URU,FW,Boca Juniors,Primera Division Argentina,26,1996,23,"1,231",54,50.7,13.7,13,71,2,10,30,0,1.61,15,8,+7,+0.51,+0.36,14.6,12.0,+2.6,+0.19,+0.28,uy URU,FW,Boca Juniors,Primera Division Argentina,26,1996,13.7,3,1,0,8,16,2,5,1,6,0,0,0,33,10,35,22.2
Nicolás Meriano,ar ARG,DF,Belgrano,Primera Division Argentina,22,2000,19,18,"1,568",17.4,0,0,0,0,0,0,4,0,0.5,0.5,0.0,0.5,14,51,6,0.00,0.00,0.00,0.00,0.00,0.03,0.00,0.03,0.03,0.03,ar ARG,DF,Belgrano,Primera Division Argentina,22,2000,17.4,0,8,2,25.0,0.46,0.11,0.00,0.00,18.0,0,0,0,0.5,0.5,0.07,-0.5,-0.5,ar ARG,DF,Belgrano,Primera Division Argentina,22,2000,17.4,575,753,76.4,12718,5856,154,190,81.1,300,362,82.9,115,184,62.5,0,0.0,0.1,0.0,1,47,0,0,51,ar ARG,DF,Belgrano,Primera Division Argentina,22,2000,17.4,753,697,54,32,0,11,4,14,0,0,0,0,575,2,3,ar ARG,DF,Belgrano,Primera Division Argentina,22,2000,17.4,11,0.63,8,0,0,1,1,1,0,0.00,0,0,0,0,0,0,ar ARG,DF,Belgrano,Primera Division Argentina,22,2000,17.4,26,16,20,5,1,13,27,48.1,14,24,8,16,27,53,71,0,ar ARG,DF,Belgrano,Primera Division Argentina,22,2000,17.4,933,96,490,417,33,11,933,13,11,84.6,1,7.7,445,2807,1660,14,9,1,10,2,491,6,ar ARG,DF,Belgrano,Primera Division Argentina,22,2000,19,"1,568",83,64.5,17.4,18,85,13,1,45,1,1.32,12,17,-5,-0.29,-0.18,15.8,21.8,-6.0,-0.34,-0.22,ar ARG,DF,Belgrano,Primera Division Argentina,22,2000,17.4,4,0,0,13,5,0,4,27,16,0,0,0,82,38,24,61.3
Lucas Merolla,ar ARG,DF,Huracán,Primera Division Argentina,27,1995,1,1,90,1.0,0,1,1,0,0,0,1,0,0.0,0.0,0.3,0.4,0,1,0,0.00,1.00,1.00,0.00,1.00,0.05,0.30,0.35,0.05,0.35,ar ARG,DF,Huracán,Primera Division Argentina,27,1995,1.0,0,1,1,100.0,1.00,1.00,0.00,0.00,12.1,0,0,0,0.0,0.0,0.05,0.0,0.0,ar ARG,DF,Huracán,Primera Division Argentina,27,1995,1.0,13,22,59.1,243,112,3,4,75.0,10,15,66.7,0,3,0.0,1,0.3,0.0,+0.7,1,1,0,0,1,ar ARG,DF,Huracán,Primera Division Argentina,27,1995,1.0,22,21,1,0,1,0,0,0,0,0,0,0,13,0,0,ar ARG,DF,Huracán,Primera Division Argentina,27,1995,1.0,1,1.00,0,0,0,1,0,0,1,1.00,0,0,0,1,0,0,ar ARG,DF,Huracán,Primera Division Argentina,27,1995,1.0,1,1,1,0,0,1,2,50.0,1,2,2,0,0,1,7,0,ar ARG,DF,Huracán,Primera Division Argentina,27,1995,1.0,36,8,20,12,4,2,36,1,0,0.0,1,100.0,13,94,61,0,1,0,0,0,14,0,ar ARG,DF,Huracán,Primera Division Argentina,27,1995,1,90,90,3.7,1.0,1,90,1,0,0,0,3.00,4,2,+2,+2.00,+2.50,1.6,0.8,+0.8,+0.84,+0.85,ar ARG,DF,Huracán,Primera Division Argentina,27,1995,1.0,1,0,0,0,2,0,0,0,1,0,0,0,4,3,1,75.0
Mariano Meynier,ar ARG,FW,Unión,Primera Division Argentina,19,2003,2,1,85,0.9,0,0,0,0,0,0,0,0,0.1,0.1,0.0,0.1,0,2,3,0.00,0.00,0.00,0.00,0.00,0.05,0.00,0.05,0.05,0.05,ar ARG,FW,Unión,Primera Division Argentina,19,2003,0.9,0,1,0,0.0,1.06,0.00,0.00,0,11.8,0,0,0,0.1,0.1,0.05,-0.1,-0.1,ar ARG,FW,Unión,Primera Division Argentina,19,2003,0.9,10,15,66.7,110,53,8,9,88.9,2,5,40.0,0,0,0,0,0.0,0.0,0.0,0,0,0,0,2,ar ARG,FW,Unión,Primera Division Argentina,19,2003,0.9,15,15,0,0,0,0,0,0,0,0,0,0,10,0,0,ar ARG,FW,Unión,Primera Division Argentina,19,2003,0.9,0,0.00,0,0,0,0,0,0,0,0.00,0,0,0,0,0,0,ar ARG,FW,Unión,Primera Division Argentina,19,2003,0.9,3,2,1,2,0,1,3,33.3,2,0,0,0,0,3,2,0,ar ARG,FW,Unión,Primera Division Argentina,19,2003,0.9,27,2,4,15,8,1,27,0,0,0,0,0,10,24,2,0,0,0,4,0,16,3,ar ARG,FW,Unión,Primera Division Argentina,19,2003,2,85,43,3.5,0.9,1,57,0,1,28,1,1.00,0,0,0,0.00,+0.23,0.2,0.3,-0.1,-0.09,+0.16,ar ARG,FW,Unión,Primera Division Argentina,19,2003,0.9,0,0,0,2,0,0,0,0,2,0,0,0,2,1,4,20.0
Eric Meza,ar ARG,"DF,FW",Colón,Primera Division Argentina,23,1999,25,22,"1,871",20.8,2,3,5,2,0,0,2,0,0.9,0.9,3.4,4.3,61,61,83,0.10,0.14,0.24,0.10,0.24,0.04,0.17,0.21,0.04,0.21,ar ARG,"DF,FW",Colón,Primera Division Argentina,23,1999,20.8,2,17,4,23.5,0.82,0.19,0.12,0.50,23.6,2,0,0,0.9,0.9,0.05,+1.1,+1.1,ar ARG,"DF,FW",Colón,Primera Division Argentina,23,1999,20.8,561,1013,55.4,11774,5546,208,259,80.3,229,375,61.1,113,304,37.2,3,3.4,3.3,-0.4,29,51,30,16,61,ar ARG,"DF,FW",Colón,Primera Division Argentina,23,1999,20.8,1013,674,334,32,2,17,128,267,35,1,32,1,561,5,49,ar ARG,"DF,FW",Colón,Primera Division Argentina,23,1999,20.8,49,2.36,26,17,4,0,2,0,3,0.14,1,2,0,0,0,0,ar ARG,"DF,FW",Colón,Primera Division Argentina,23,1999,20.8,49,30,34,11,4,25,55,45.5,30,19,3,16,33,82,20,0,ar ARG,"DF,FW",Colón,Primera Division Argentina,23,1999,20.8,1260,35,353,551,380,21,1260,95,36,37.9,50,52.6,626,4157,2065,61,56,8,44,25,586,83,ar ARG,"DF,FW",Colón,Primera Division Argentina,23,1999,25,"1,871",75,77.0,20.8,22,82,13,3,24,1,0.88,17,25,-8,-0.38,+0.42,19.0,27.0,-7.9,-0.38,+0.17,ar ARG,"DF,FW",Colón,Primera Division Argentina,23,1999,20.8,2,0,0,18,15,2,128,33,30,0,0,0,160,7,14,33.3
Sebastián Meza,ar ARG,GK,Sarmiento,Primera Division Argentina,22,2000,21,21,"1,890",21.0,0,0,0,0,0,0,3,0,0.0,0.0,0.1,0.1,0,1,0,0.00,0.00,0.00,0.00,0.00,0.00,0.00,0.00,0.00,0.00,ar ARG,GK,Sarmiento,Primera Division Argentina,22,2000,21.0,0,0,0,0,0.00,0.00,0,0,0,0,0,0,0.0,0.0,0,0.0,0.0,ar ARG,GK,Sarmiento,Primera Division Argentina,22,2000,21.0,252,491,51.3,12294,11146,6,6,100.0,54,54,100.0,192,428,44.9,0,0.1,0.1,-0.1,1,22,1,0,1,ar ARG,GK,Sarmiento,Primera Division Argentina,22,2000,21.0,491,205,283,48,0,0,0,0,0,0,0,0,252,3,0,ar ARG,GK,Sarmiento,Primera Division Argentina,22,2000,21.0,4,0.19,1,3,0,0,0,0,0,0.00,0,0,0,0,0,0,ar ARG,GK,Sarmiento,Primera Division Argentina,22,2000,21.0,0,0,0,0,0,0,0,0,0,0,0,0,0,0,7,1,ar ARG,GK,Sarmiento,Primera Division Argentina,22,2000,21.0,546,472,542,6,0,0,546,1,1,100.0,0,0.0,202,1588,933,0,0,0,0,0,69,0,ar ARG,GK,Sarmiento,Primera Division Argentina,22,2000,21,"1,890",90,77.8,21.0,21,90,21,0,0,0,1.33,22,18,+4,+0.19,+1.36,22.9,27.7,-4.7,-0.22,+0.27,ar ARG,GK,Sarmiento,Primera Division Argentina,22,2000,21.0,3,0,0,0,4,0,0,0,0,0,0,0,19,8,0,100.0
Luis Miguel Rodríguez,ar ARG,"MF,FW",Cen. Córdoba–SdE,Primera Division Argentina,38,1985,9,1,224,2.5,0,0,0,0,0,0,0,0,0.4,0.4,0.2,0.6,2,12,15,0.00,0.00,0.00,0.00,0.00,0.17,0.09,0.26,0.17,0.26,ar ARG,"MF,FW",Cen. Córdoba–SdE,Primera Division Argentina,38,1985,2.5,0,9,3,33.3,3.62,1.21,0.00,0.00,23.0,1,0,0,0.4,0.4,0.05,-0.4,-0.4,ar ARG,"MF,FW",Cen. Córdoba–SdE,Primera Division Argentina,38,1985,2.5,62,101,61.4,1176,433,24,34,70.6,20,30,66.7,12,27,44.4,0,0.2,0.4,-0.2,4,9,4,0,12,ar ARG,"MF,FW",Cen. Córdoba–SdE,Primera Division Argentina,38,1985,2.5,101,81,20,5,0,1,16,1,12,1,10,1,62,0,4,ar ARG,"MF,FW",Cen. Córdoba–SdE,Primera Division Argentina,38,1985,2.5,6,2.40,3,3,0,0,0,0,0,0.00,0,0,0,0,0,0,ar ARG,"MF,FW",Cen. Córdoba–SdE,Primera Division Argentina,38,1985,2.5,1,0,0,0,1,1,4,25.0,3,1,0,1,1,2,0,0,ar ARG,"MF,FW",Cen. Córdoba–SdE,Primera Division Argentina,38,1985,2.5,118,0,4,50,64,6,118,3,2,66.7,1,33.3,55,182,100,2,2,0,2,3,66,15,ar ARG,"MF,FW",Cen. Córdoba–SdE,Primera Division Argentina,38,1985,9,224,25,9.2,2.5,1,90,1,8,17,5,0.67,1,5,-4,-1.61,-1.36,1.2,6.5,-5.3,-2.11,-1.89,ar ARG,"MF,FW",Cen. Córdoba–SdE,Primera Division Argentina,38,1985,2.5,0,0,0,1,3,0,16,1,0,0,0,0,12,4,3,57.1
Pablo Minissale,ar ARG,DF,Arg Juniors,Primera Division Argentina,22,2001,5,4,369,4.1,0,0,0,0,0,0,0,0,0.0,0.0,0.2,0.2,5,30,5,0.00,0.00,0.00,0.00,0.00,0.00,0.05,0.05,0.00,0.05,ar ARG,DF,Arg Juniors,Primera Division Argentina,22,2001,4.1,0,0,0,0,0.00,0.00,0,0,0,0,0,0,0.0,0.0,0,0.0,0.0,ar ARG,DF,Arg Juniors,Primera Division Argentina,22,2001,4.1,229,288,79.5,4331,1830,88,98,89.8,108,125,86.4,30,56,53.6,0,0.2,0.1,-0.2,3,25,1,1,30,ar ARG,DF,Arg Juniors,Primera Division Argentina,22,2001,4.1,288,247,41,10,0,2,3,31,0,0,0,0,229,0,5,ar ARG,DF,Arg Juniors,Primera Division Argentina,22,2001,4.1,4,0.98,4,0,0,0,0,0,1,0.24,1,0,0,0,0,0,ar ARG,DF,Arg Juniors,Primera Division Argentina,22,2001,4.1,6,2,5,1,0,3,3,100.0,0,4,2,2,3,9,11,0,ar ARG,DF,Arg Juniors,Primera Division Argentina,22,2001,4.1,323,16,120,174,29,4,323,0,0,0,0,0,159,861,595,5,4,0,3,2,198,5,ar ARG,DF,Arg Juniors,Primera Division Argentina,22,2001,5,369,74,15.2,4.1,4,90,4,1,9,18,1.20,3,3,0,0.00,-0.39,5.0,3.3,+1.7,+0.40,-0.11,ar ARG,DF,Arg Juniors,Primera Division Argentina,22,2001,4.1,0,0,0,5,2,1,3,3,2,0,0,0,27,11,8,57.9
Mariano Miño,ar ARG,MF,Belgrano,Primera Division Argentina,28,1994,8,1,158,1.8,0,0,0,0,0,0,0,0,0.1,0.1,0.2,0.2,6,18,11,0.00,0.00,0.00,0.00,0.00,0.04,0.10,0.14,0.04,0.14,ar ARG,MF,Belgrano,Primera Division Argentina,28,1994,1.8,0,1,1,100.0,0.57,0.57,0.00,0.00,22.5,0,0,0,0.1,0.1,0.07,-0.1,-0.1,ar ARG,MF,Belgrano,Primera Division Argentina,28,1994,1.8,76,94,80.9,1335,400,36,39,92.3,27,35,77.1,10,16,62.5,0,0.2,0.7,-0.2,3,11,8,0,18,ar ARG,MF,Belgrano,Primera Division Argentina,28,1994,1.8,94,90,4,3,2,1,6,0,0,0,0,0,76,0,1,ar ARG,MF,Belgrano,Primera Division Argentina,28,1994,1.8,8,4.53,6,0,1,0,1,0,0,0.00,0,0,0,0,0,0,ar ARG,MF,Belgrano,Primera Division Argentina,28,1994,1.8,2,1,0,2,0,0,1,0.0,1,2,0,2,1,3,0,0,ar ARG,MF,Belgrano,Primera Division Argentina,28,1994,1.8,111,1,7,69,37,1,111,10,8,80.0,2,20.0,84,583,286,6,6,1,2,7,82,11,ar ARG,MF,Belgrano,Primera Division Argentina,28,1994,8,158,20,6.5,1.8,1,17,0,7,20,8,0.63,1,3,-2,-1.14,-0.98,2.9,2.9,-0.1,-0.03,+0.25,ar ARG,MF,Belgrano,Primera Division Argentina,28,1994,1.8,0,0,0,1,5,2,6,1,1,0,0,0,20,0,1,0.0
Ignacio Miramon,ar ARG,MF,Gimnasia–LP,Primera Division Argentina,19,2003,21,20,"1,691",18.8,0,0,0,0,0,0,9,1,0.8,0.8,0.3,1.1,22,104,16,0.00,0.00,0.00,0.00,0.00,0.04,0.02,0.06,0.04,0.06,ar ARG,MF,Gimnasia–LP,Primera Division Argentina,19,2003,18.8,0,29,6,20.7,1.54,0.32,0.00,0.00,29.8,0,0,0,0.8,0.8,0.03,-0.8,-0.8,ar ARG,MF,Gimnasia–LP,Primera Division Argentina,19,2003,18.8,561,768,73.0,11376,4128,225,272,82.7,214,276,77.5,106,178,59.6,0,0.3,0.5,-0.3,7,90,5,3,104,ar ARG,MF,Gimnasia–LP,Primera Division Argentina,19,2003,18.8,768,743,21,15,1,16,18,6,0,0,0,0,561,4,10,ar ARG,MF,Gimnasia–LP,Primera Division Argentina,19,2003,18.8,42,2.24,28,1,4,5,4,0,3,0.16,1,1,0,1,0,0,ar ARG,MF,Gimnasia–LP,Primera Division Argentina,19,2003,18.8,66,54,35,27,4,31,64,48.4,33,27,4,23,17,83,20,0,ar ARG,MF,Gimnasia–LP,Primera Division Argentina,19,2003,18.8,1023,26,253,639,159,0,1023,66,38,57.6,20,30.3,514,3168,1395,22,25,0,39,20,501,16,ar ARG,MF,Gimnasia–LP,Primera Division Argentina,19,2003,21,"1,691",81,69.6,18.8,20,82,16,1,45,1,0.95,17,27,-10,-0.53,-0.05,20.6,19.0,+1.6,+0.09,+0.82,ar ARG,MF,Gimnasia–LP,Primera Division Argentina,19,2003,18.8,9,1,0,29,55,0,18,17,54,0,0,0,185,24,21,53.3
Juan Miritello,ar ARG,"FW,MF",Defensa y Just,Primera Division Argentina,23,1999,15,1,217,2.4,3,0,3,2,1,1,2,0,2.8,2.0,0.3,2.2,0,2,24,1.24,0.00,1.24,0.83,0.83,1.14,0.10,1.24,0.81,0.91,ar ARG,"FW,MF",Defensa y Just,Primera Division Argentina,23,1999,2.4,3,7,3,42.9,2.90,1.24,0.29,0.67,14.5,0,1,1,2.8,2.0,0.28,+0.2,0.0,ar ARG,"FW,MF",Defensa y Just,Primera Division Argentina,23,1999,2.4,54,80,67.5,663,61,33,49,67.3,15,22,68.2,1,1,100.0,0,0.3,0.2,-0.3,4,2,0,0,2,ar ARG,"FW,MF",Defensa y Just,Primera Division Argentina,23,1999,2.4,80,78,2,1,0,0,0,0,0,0,0,0,54,0,2,ar ARG,"FW,MF",Defensa y Just,Primera Division Argentina,23,1999,2.4,9,3.70,7,0,0,1,1,0,2,0.82,1,0,0,0,1,0,ar ARG,"FW,MF",Defensa y Just,Primera Division Argentina,23,1999,2.4,0,0,0,0,0,0,3,0.0,3,0,0,0,1,1,3,0,ar ARG,"FW,MF",Defensa y Just,Primera Division Argentina,23,1999,2.4,106,3,5,55,46,15,105,1,0,0.0,1,100.0,64,178,36,0,3,1,7,2,88,24,ar ARG,"FW,MF",Defensa y Just,Primera Division Argentina,23,1999,15,217,14,8.9,2.4,1,62,0,14,11,5,1.56,4,1,+3,+1.24,+0.84,4.5,1.6,+2.9,+1.17,+1.14,ar ARG,"FW,MF",Defensa y Just,Primera Division Argentina,23,1999,2.4,2,0,0,4,5,9,0,1,0,1,0,0,7,14,14,50.0
Manuel Mónaco,ar ARG,"MF,FW",Sarmiento,Primera Division Argentina,20,2002,23,10,"1,013",11.3,2,1,3,1,1,1,3,0,2.9,2.1,0.8,2.9,28,39,72,0.18,0.09,0.27,0.09,0.18,0.26,0.07,0.33,0.19,0.26,ar ARG,"MF,FW",Sarmiento,Primera Division Argentina,20,2002,11.3,2,25,13,52.0,2.22,1.15,0.04,0.08,22.6,1,1,1,2.9,2.1,0.09,-0.9,-1.1,ar ARG,"MF,FW",Sarmiento,Primera Division Argentina,20,2002,11.3,180,317,56.8,3157,1376,80,114,70.2,72,109,66.1,21,60,35.0,1,0.8,1.3,+0.2,13,21,10,5,39,ar ARG,"MF,FW",Sarmiento,Primera Division Argentina,20,2002,11.3,317,282,32,8,0,2,43,2,21,4,15,0,180,3,12,ar ARG,"MF,FW",Sarmiento,Primera Division Argentina,20,2002,11.3,41,3.64,18,8,5,6,4,0,4,0.36,3,0,1,0,0,0,ar ARG,"MF,FW",Sarmiento,Primera Division Argentina,20,2002,11.3,22,12,9,9,4,5,21,23.8,16,13,2,11,3,25,11,0,ar ARG,"MF,FW",Sarmiento,Primera Division Argentina,20,2002,11.3,492,10,95,205,204,22,491,56,32,57.1,20,35.7,277,1966,901,28,21,7,39,24,267,72,ar ARG,"MF,FW",Sarmiento,Primera Division Argentina,20,2002,23,"1,013",44,41.7,11.3,10,68,0,13,26,4,1.09,8,13,-5,-0.44,-0.57,11.3,18.2,-6.9,-0.62,-0.57,ar ARG,"MF,FW",Sarmiento,Primera Division Argentina,20,2002,11.3,3,0,0,18,22,2,43,3,12,0,1,0,74,8,20,28.6
Alejo Monje,ar ARG,FW,Platense,Primera Division Argentina,21,2001,1,0,7,0.1,0,0,0,0,0,0,0,0,0.0,0.0,0.0,0.0,0,1,0,0.00,0.00,0.00,0.00,0.00,0.00,0.00,0.00,0.00,0.00,ar ARG,FW,Platense,Primera Division Argentina,21,2001,0.1,0,0,0,0,0.00,0.00,0,0,0,0,0,0,0.0,0.0,0,0.0,0.0,ar ARG,FW,Platense,Primera Division Argentina,21,2001,0.1,1,1,100.0,27,25,0,0,0,1,1,100.0,0,0,0,0,0.0,0.2,0.0,0,1,0,0,1,ar ARG,FW,Platense,Primera Division Argentina,21,2001,0.1,1,1,0,0,1,0,0,0,0,0,0,0,1,0,0,ar ARG,FW,Platense,Primera Division Argentina,21,2001,0.1,0,0.00,0,0,0,0,0,0,0,0.00,0,0,0,0,0,0,ar ARG,FW,Platense,Primera Division Argentina,21,2001,0.1,1,1,0,1,0,1,2,50.0,1,0,0,0,1,2,1,0,ar ARG,FW,Platense,Primera Division Argentina,21,2001,0.1,7,0,4,2,1,0,7,1,0,0.0,1,100.0,4,5,2,0,0,0,1,1,2,0,ar ARG,FW,Platense,Primera Division Argentina,21,2001,1,7,7,0.3,0.1,0,0,0,1,7,11,3.00,0,0,0,0.00,+0.11,0.0,0.0,0.0,-0.59,-0.20,ar ARG,FW,Platense,Primera Division Argentina,21,2001,0.1,0,0,0,0,0,0,0,1,1,0,0,0,2,0,0,0
Leonardo Monje,ar ARG,MF,Instituto,Primera Division Argentina,20,2002,2,0,35,0.4,0,1,1,0,0,0,0,0,0.2,0.2,0.1,0.3,1,4,0,0.00,2.57,2.57,0.00,2.57,0.51,0.19,0.70,0.51,0.70,ar ARG,MF,Instituto,Primera Division Argentina,20,2002,0.4,0,1,1,100.0,2.57,2.57,0.00,0.00,16.4,0,0,0,0.2,0.2,0.19,-0.2,-0.2,ar ARG,MF,Instituto,Primera Division Argentina,20,2002,0.4,15,19,78.9,216,98,7,8,87.5,6,8,75.0,0,1,0.0,1,0.1,0.0,+0.9,1,2,1,0,4,ar ARG,MF,Instituto,Primera Division Argentina,20,2002,0.4,19,19,0,0,0,0,0,0,0,0,0,0,15,0,0,ar ARG,MF,Instituto,Primera Division Argentina,20,2002,0.4,2,5.29,2,0,0,0,0,0,1,2.65,1,0,0,0,0,0,ar ARG,MF,Instituto,Primera Division Argentina,20,2002,0.4,1,0,1,0,0,0,2,0.0,2,2,1,1,1,2,0,0,ar ARG,MF,Instituto,Primera Division Argentina,20,2002,0.4,26,1,6,12,8,1,26,0,0,0,0,0,11,40,30,1,0,0,0,0,12,0,ar ARG,MF,Instituto,Primera Division Argentina,20,2002,2,35,18,1.4,0.4,0,0,0,2,18,4,1.50,1,0,+1,+2.57,+3.02,0.6,0.1,+0.6,+1.49,+1.36,ar ARG,MF,Instituto,Primera Division Argentina,20,2002,0.4,0,0,0,4,0,0,0,1,0,0,0,0,2,0,1,0.0
Lisandro Montenegro,ar ARG,MF,Newell's OB,Primera Division Argentina,19,2003,12,7,611,6.8,1,0,1,1,0,0,1,0,0.1,0.1,0.6,0.8,10,40,38,0.15,0.00,0.15,0.15,0.15,0.02,0.10,0.11,0.02,0.11,ar ARG,MF,Newell's OB,Primera Division Argentina,19,2003,6.8,1,5,1,20.0,0.74,0.15,0.20,1.00,23.5,0,0,0,0.1,0.1,0.02,+0.9,+0.9,ar ARG,MF,Newell's OB,Primera Division Argentina,19,2003,6.8,235,316,74.4,4031,905,114,133,85.7,88,117,75.2,26,44,59.1,0,0.6,0.4,-0.6,8,30,4,1,40,ar ARG,MF,Newell's OB,Primera Division Argentina,19,2003,6.8,316,302,12,0,0,4,14,2,6,0,1,0,235,2,6,ar ARG,MF,Newell's OB,Primera Division Argentina,19,2003,6.8,17,2.50,13,1,1,2,0,0,0,0.00,0,0,0,0,0,0,ar ARG,MF,Newell's OB,Primera Division Argentina,19,2003,6.8,8,5,3,4,1,3,11,27.3,8,7,0,7,9,17,1,0,ar ARG,MF,Newell's OB,Primera Division Argentina,19,2003,6.8,385,3,37,241,112,6,385,17,12,70.6,3,17.6,232,1340,536,10,9,1,20,8,282,38,ar ARG,MF,Newell's OB,Primera Division Argentina,19,2003,12,611,51,25.1,6.8,7,76,2,5,16,9,1.42,5,7,-2,-0.29,-0.39,6.4,6.5,-0.1,-0.02,+0.03,ar ARG,MF,Newell's OB,Primera Division Argentina,19,2003,6.8,1,0,0,10,5,0,14,9,5,0,0,0,33,5,9,35.7
Santiago Montiel,ar ARG,"DF,MF",Arg Juniors,Primera Division Argentina,22,2000,24,17,"1,619",18.0,2,2,4,1,1,1,5,2,2.4,1.6,1.8,3.4,52,65,114,0.11,0.11,0.22,0.06,0.17,0.13,0.10,0.23,0.09,0.19,ar ARG,"DF,MF",Arg Juniors,Primera Division Argentina,22,2000,18.0,2,31,8,25.8,1.72,0.44,0.03,0.13,21.2,2,1,1,2.4,1.6,0.05,-0.4,-0.6,ar ARG,"DF,MF",Arg Juniors,Primera Division Argentina,22,2000,18.0,557,848,65.7,10116,3060,237,283,83.7,236,319,74.0,69,162,42.6,2,1.8,2.0,+0.2,16,39,19,9,65,ar ARG,"DF,MF",Arg Juniors,Primera Division Argentina,22,2000,18.0,848,640,205,19,0,13,104,155,31,2,24,1,557,3,52,ar ARG,"DF,MF",Arg Juniors,Primera Division Argentina,22,2000,18.0,48,2.67,23,12,3,7,3,0,4,0.22,3,0,1,0,0,0,ar ARG,"DF,MF",Arg Juniors,Primera Division Argentina,22,2000,18.0,37,22,15,13,9,24,43,55.8,19,22,3,19,15,52,14,0,ar ARG,"DF,MF",Arg Juniors,Primera Division Argentina,22,2000,18.0,1064,19,211,480,390,40,1063,62,29,46.8,25,40.3,531,2970,1711,52,34,14,29,17,556,114,ar ARG,"DF,MF",Arg Juniors,Primera Division Argentina,22,2000,24,"1,619",67,66.6,18.0,17,83,8,7,29,1,1.54,25,13,+12,+0.67,+1.00,25.6,15.8,+9.9,+0.55,+0.16,ar ARG,"DF,MF",Arg Juniors,Primera Division Argentina,22,2000,18.0,5,2,1,14,33,1,104,15,22,0,0,0,125,14,27,34.1
Lautaro Montoya,ar ARG,DF,Tigre,Primera Division Argentina,28,1994,12,9,763,8.5,0,0,0,0,0,0,3,1,0.1,0.1,0.4,0.5,17,27,48,0.00,0.00,0.00,0.00,0.00,0.01,0.05,0.06,0.01,0.06,ar ARG,DF,Tigre,Primera Division Argentina,28,1994,8.5,0,3,0,0.0,0.35,0.00,0.00,0,25.5,0,0,0,0.1,0.1,0.03,-0.1,-0.1,ar ARG,DF,Tigre,Primera Division Argentina,28,1994,8.5,339,474,71.5,5777,2005,171,189,90.5,141,202,69.8,26,59,44.1,0,0.4,0.5,-0.4,8,21,5,1,27,ar ARG,DF,Tigre,Primera Division Argentina,28,1994,8.5,474,386,85,3,0,0,39,80,2,0,2,0,339,3,17,ar ARG,DF,Tigre,Primera Division Argentina,28,1994,8.5,22,2.60,15,3,2,0,2,0,1,0.12,0,1,0,0,0,0,ar ARG,DF,Tigre,Primera Division Argentina,28,1994,8.5,6,3,4,1,1,3,20,15.0,17,15,5,10,13,19,20,0,ar ARG,DF,Tigre,Primera Division Argentina,28,1994,8.5,568,25,156,259,163,9,568,21,12,57.1,8,38.1,300,1438,674,17,15,5,17,6,281,48,ar ARG,DF,Tigre,Primera Division Argentina,28,1994,12,763,64,31.4,8.5,9,82,5,3,10,14,0.75,4,10,-6,-0.71,-0.92,9.8,10.6,-0.8,-0.10,-0.37,ar ARG,DF,Tigre,Primera Division Argentina,28,1994,8.5,3,1,1,15,4,0,39,13,3,0,0,0,81,7,6,53.8
Walter Montoya,ar ARG,MF,Rosario Central,Primera Division Argentina,29,1993,13,10,926,10.3,0,1,1,0,0,0,3,0,0.2,0.2,1.2,1.4,11,51,11,0.00,0.10,0.10,0.00,0.10,0.02,0.12,0.13,0.02,0.13,ar ARG,MF,Rosario Central,Primera Division Argentina,29,1993,10.3,0,7,0,0.0,0.68,0.00,0.00,0,29.6,2,0,0,0.2,0.2,0.03,-0.2,-0.2,ar ARG,MF,Rosario Central,Primera Division Argentina,29,1993,10.3,366,452,81.0,7526,2075,124,140,88.6,169,200,84.5,65,81,80.2,1,1.2,0.9,-0.2,16,43,3,1,51,ar ARG,MF,Rosario Central,Primera Division Argentina,29,1993,10.3,452,420,31,18,0,6,23,4,9,0,8,0,366,1,17,ar ARG,MF,Rosario Central,Primera Division Argentina,29,1993,10.3,28,2.72,18,7,0,0,2,1,3,0.29,2,0,0,0,1,0,ar ARG,MF,Rosario Central,Primera Division Argentina,29,1993,10.3,25,19,13,10,2,14,44,31.8,30,14,2,12,13,38,9,0,ar ARG,MF,Rosario Central,Primera Division Argentina,29,1993,10.3,569,17,130,345,101,4,569,23,12,52.2,10,43.5,304,1665,852,11,9,2,18,12,333,11,ar ARG,MF,Rosario Central,Primera Division Argentina,29,1993,13,926,71,38.1,10.3,10,82,7,3,37,2,1.77,17,7,+10,+0.97,+1.15,11.6,10.4,+1.3,+0.12,+0.24,ar ARG,MF,Rosario Central,Primera Division Argentina,29,1993,10.3,3,0,0,7,25,0,23,13,19,0,0,0,97,3,6,33.3
Gonzalo Morales,ar ARG,FW,Boca Juniors,Primera Division Argentina,19,2003,1,0,9,0.1,0,0,0,0,0,0,0,0,0.0,0.0,0.0,0.0,0,0,0,0.00,0.00,0.00,0.00,0.00,0.40,0.00,0.40,0.40,0.40,ar ARG,FW,Boca Juniors,Primera Division Argentina,19,2003,0.1,0,1,0,0.0,10.00,0.00,0.00,0,24.8,0,0,0,0.0,0.0,0.04,0.0,0.0,ar ARG,FW,Boca Juniors,Primera Division Argentina,19,2003,0.1,1,1,100.0,14,0,1,1,100.0,0,0,0,0,0,0,0,0.0,0.0,0.0,0,0,0,0,0,ar ARG,FW,Boca Juniors,Primera Division Argentina,19,2003,0.1,1,1,0,0,0,0,0,0,0,0,0,0,1,0,0,ar ARG,FW,Boca Juniors,Primera Division Argentina,19,2003,0.1,0,0.00,0,0,0,0,0,0,0,0.00,0,0,0,0,0,0,ar ARG,FW,Boca Juniors,Primera Division Argentina,19,2003,0.1,0,0,0,0,0,0,0,0,0,0,0,0,0,0,0,0,ar ARG,FW,Boca Juniors,Primera Division Argentina,19,2003,0.1,2,0,0,1,1,0,2,0,0,0,0,0,1,0,0,0,0,0,0,0,1,0,ar ARG,FW,Boca Juniors,Primera Division Argentina,19,2003,1,9,9,0.4,0.1,0,0,0,1,9,4,3.00,0,0,0,0.00,-0.33,0.1,0.0,+0.1,+0.61,+0.57,ar ARG,FW,Boca Juniors,Primera Division Argentina,19,2003,0.1,0,0,0,0,0,0,0,0,0,0,0,0,1,0,2,0.0
Lautaro Morales,ar ARG,GK,Lanús,Primera Division Argentina,23,1999,9,9,802,8.9,0,0,0,0,0,0,0,1,0.0,0.0,0.0,0.0,0,0,0,0.00,0.00,0.00,0.00,0.00,0.00,0.00,0.00,0.00,0.00,ar ARG,GK,Lanús,Primera Division Argentina,23,1999,8.9,0,0,0,0,0.00,0.00,0,0,0,0,0,0,0.0,0.0,0,0.0,0.0,ar ARG,GK,Lanús,Primera Division Argentina,23,1999,8.9,231,299,77.3,6383,4670,47,47,100.0,114,114,100.0,70,138,50.7,0,0.0,0.0,0.0,0,6,0,0,0,ar ARG,GK,Lanús,Primera Division Argentina,23,1999,8.9,299,182,117,20,0,1,0,0,0,0,0,0,231,0,0,ar ARG,GK,Lanús,Primera Division Argentina,23,1999,8.9,0,0.00,0,0,0,0,0,0,0,0.00,0,0,0,0,0,0,ar ARG,GK,Lanús,Primera Division Argentina,23,1999,8.9,0,0,0,0,0,0,0,0,0,0,0,0,0,0,2,1,ar ARG,GK,Lanús,Primera Division Argentina,23,1999,8.9,306,225,302,4,0,0,306,0,0,0,0,0,164,926,585,0,0,0,0,0,128,0,ar ARG,GK,Lanús,Primera Division Argentina,23,1999,9,802,89,33.0,8.9,9,89,8,0,0,17,1.89,14,9,+5,+0.56,+0.23,11.2,8.3,+2.8,+0.32,-0.01,ar ARG,GK,Lanús,Primera Division Argentina,23,1999,8.9,0,1,0,0,0,0,0,0,0,0,0,1,3,2,0,100.0
Leonardo Morales,ar ARG,DF,Gimnasia–LP,Primera Division Argentina,31,1991,24,24,"2,152",23.9,1,1,2,1,0,0,4,0,1.1,1.1,0.3,1.4,21,68,4,0.04,0.04,0.08,0.04,0.08,0.05,0.01,0.06,0.05,0.06,ar ARG,DF,Gimnasia–LP,Primera Division Argentina,31,1991,23.9,1,11,2,18.2,0.46,0.08,0.09,0.50,15.7,0,0,0,1.1,1.1,0.10,-0.1,-0.1,ar ARG,DF,Gimnasia–LP,Primera Division Argentina,31,1991,23.9,653,905,72.2,14268,7448,192,233,82.4,333,429,77.6,127,218,58.3,1,0.3,0.3,+0.7,7,43,2,0,68,ar ARG,DF,Gimnasia–LP,Primera Division Argentina,31,1991,23.9,905,827,74,64,0,11,4,10,0,0,0,0,653,4,15,ar ARG,DF,Gimnasia–LP,Primera Division Argentina,31,1991,23.9,15,0.63,10,1,0,2,0,2,2,0.08,2,0,0,0,0,0,ar ARG,DF,Gimnasia–LP,Primera Division Argentina,31,1991,23.9,30,24,24,6,0,19,30,63.3,11,33,25,8,40,70,120,1,ar ARG,DF,Gimnasia–LP,Primera Division Argentina,31,1991,23.9,1152,194,678,448,44,15,1152,7,6,85.7,1,14.3,472,3178,2085,21,5,0,11,2,443,4,ar ARG,DF,Gimnasia–LP,Primera Division Argentina,31,1991,24,"2,152",90,88.6,23.9,24,90,23,0,0,0,1.04,17,35,-18,-0.75,-2.05,24.7,28.2,-3.5,-0.15,+0.13,ar ARG,DF,Gimnasia–LP,Primera Division Argentina,31,1991,23.9,4,0,0,15,11,2,4,40,24,0,0,0,184,49,43,53.3
Lisandro Morales,ar ARG,DF,Unión,Primera Division Argentina,19,2004,1,0,25,0.3,0,0,0,0,0,0,0,0,0.0,0.0,0.0,0.0,2,2,1,0.00,0.00,0.00,0.00,0.00,0.00,0.00,0.00,0.00,0.00,ar ARG,DF,Unión,Primera Division Argentina,19,2004,0.3,0,0,0,0,0.00,0.00,0,0,0,0,0,0,0.0,0.0,0,0.0,0.0,ar ARG,DF,Unión,Primera Division Argentina,19,2004,0.3,5,9,55.6,125,66,0,1,0.0,4,5,80.0,1,2,50.0,0,0.0,0.0,0.0,0,2,0,0,2,ar ARG,DF,Unión,Primera Division Argentina,19,2004,0.3,9,8,1,0,0,0,1,1,0,0,0,0,5,0,0,ar ARG,DF,Unión,Primera Division Argentina,19,2004,0.3,2,7.20,0,0,2,0,0,0,0,0.00,0,0,0,0,0,0,ar ARG,DF,Unión,Primera Division Argentina,19,2004,0.3,0,0,0,0,0,0,0,0,0,0,0,0,1,1,0,0,ar ARG,DF,Unión,Primera Division Argentina,19,2004,0.3,10,0,2,7,2,1,10,2,2,100.0,0,0.0,6,86,68,2,1,1,1,0,6,1,ar ARG,DF,Unión,Primera Division Argentina,19,2004,1,25,25,1.0,0.3,0,0,0,1,25,1,3.00,2,0,+2,+7.20,+7.50,1.4,0.0,+1.4,+5.08,+5.38,ar ARG,DF,Unión,Primera Division Argentina,19,2004,0.3,0,0,0,1,1,0,1,1,0,0,0,0,1,1,0,100.0
Santiago Morales,0,MF,Sarmiento,Primera Division Argentina,0,0,1,0,13,0.1,0,0,0,0,0,0,0,0,0.1,0.1,0.0,0.1,0,0,0,0.00,0.00,0.00,0.00,0.00,0.40,0.00,0.40,0.40,0.40,0,MF,Sarmiento,Primera Division Argentina,0,0,0.1,0,1,0,0.0,6.92,0.00,0.00,0,11.8,0,0,0,0.1,0.1,0.06,-0.1,-0.1,0,MF,Sarmiento,Primera Division Argentina,0,0,0.1,0,6,0.0,0,0,0,1,0.0,0,1,0.0,0,4,0.0,0,0.0,0.0,0.0,0,0,0,0,0,0,MF,Sarmiento,Primera Division Argentina,0,0,0.1,6,6,0,0,0,0,0,0,0,0,0,0,0,0,0,0,MF,Sarmiento,Primera Division Argentina,0,0,0.1,0,0.00,0,0,0,0,0,0,0,0.00,0,0,0,0,0,0,0,MF,Sarmiento,Primera Division Argentina,0,0,0.1,0,0,0,0,0,0,0,0,0,0,0,0,0,0,0,0,0,MF,Sarmiento,Primera Division Argentina,0,0,0.1,7,1,3,3,1,1,7,0,0,0,0,0,2,6,6,0,0,0,0,0,3,0,0,MF,Sarmiento,Primera Division Argentina,0,0,1,13,13,0.5,0.1,0,0,0,1,13,5,0.00,0,1,-1,-6.92,-6.85,0.1,0.3,-0.2,-1.71,-1.44,0,MF,Sarmiento,Primera Division Argentina,0,0,0.1,0,0,0,0,0,0,0,0,0,0,0,0,2,0,0,0
Maximiliano Moralez,ar ARG,"MF,FW",Racing Club,Primera Division Argentina,35,1987,17,6,653,7.3,1,2,3,1,0,0,2,0,1.6,1.6,1.8,3.5,19,49,54,0.14,0.28,0.41,0.14,0.41,0.22,0.25,0.48,0.22,0.48,ar ARG,"MF,FW",Racing Club,Primera Division Argentina,35,1987,7.3,1,9,4,44.4,1.24,0.55,0.11,0.25,14.6,1,0,0,1.6,1.6,0.26,-0.6,-0.6,ar ARG,"MF,FW",Racing Club,Primera Division Argentina,35,1987,7.3,366,462,79.2,6045,1471,198,220,90.0,114,144,79.2,42,71,59.2,2,1.8,1.8,+0.2,20,45,15,3,49,ar ARG,"MF,FW",Racing Club,Primera Division Argentina,35,1987,7.3,462,417,44,16,2,7,31,6,19,10,4,0,366,1,9,ar ARG,"MF,FW",Racing Club,Primera Division Argentina,35,1987,7.3,35,4.81,25,7,0,1,2,0,4,0.55,3,0,0,1,0,0,ar ARG,"MF,FW",Racing Club,Primera Division Argentina,35,1987,7.3,8,5,5,2,1,3,16,18.8,13,7,3,4,3,11,8,0,ar ARG,"MF,FW",Racing Club,Primera Division Argentina,35,1987,7.3,539,11,62,289,190,18,539,8,1,12.5,6,75.0,341,1660,743,19,14,1,16,5,394,54,ar ARG,"MF,FW",Racing Club,Primera Division Argentina,35,1987,17,653,38,26.9,7.3,6,68,0,11,22,8,1.24,8,13,-5,-0.69,-0.99,8.6,13.7,-5.1,-0.70,-0.73,ar ARG,"MF,FW",Racing Club,Primera Division Argentina,35,1987,7.3,2,0,0,9,18,4,31,3,5,0,0,0,37,7,12,36.8
Aníbal Moreno,ar ARG,MF,Racing Club,Primera Division Argentina,23,1999,16,16,"1,398",15.5,2,1,3,2,0,0,4,0,1.1,1.1,1.0,2.1,12,107,15,0.13,0.06,0.19,0.13,0.19,0.07,0.07,0.14,0.07,0.14,ar ARG,MF,Racing Club,Primera Division Argentina,23,1999,15.5,2,18,5,27.8,1.16,0.32,0.11,0.40,23.8,0,0,0,1.1,1.1,0.06,+0.9,+0.9,ar ARG,MF,Racing Club,Primera Division Argentina,23,1999,15.5,770,929,82.9,13824,4438,326,363,89.8,343,401,85.5,81,111,73.0,1,1.0,1.0,0.0,11,104,9,1,107,ar ARG,MF,Racing Club,Primera Division Argentina,23,1999,15.5,929,909,18,15,3,7,5,2,1,0,0,0,770,2,23,ar ARG,MF,Racing Club,Primera Division Argentina,23,1999,15.5,24,1.55,22,0,1,0,1,0,1,0.06,1,0,0,0,0,0,ar ARG,MF,Racing Club,Primera Division Argentina,23,1999,15.5,43,27,22,18,3,28,59,47.5,31,24,6,18,15,58,24,0,ar ARG,MF,Racing Club,Primera Division Argentina,23,1999,15.5,1110,36,246,749,127,8,1110,25,14,56.0,6,24.0,609,2490,1185,12,18,0,25,10,741,15,ar ARG,MF,Racing Club,Primera Division Argentina,23,1999,16,"1,398",87,57.5,15.5,16,87,13,0,0,2,1.75,23,15,+8,+0.52,+1.13,17.5,14.9,+2.6,+0.17,+0.80,ar ARG,MF,Racing Club,Primera Division Argentina,23,1999,15.5,4,0,0,11,18,0,5,15,27,0,0,0,134,24,14,63.2
Martiniano Moreno,ar ARG,"FW,MF",Estudiantes–LP,Primera Division Argentina,19,2003,3,0,66,0.7,0,0,0,0,0,0,0,0,0.6,0.6,0.0,0.6,0,1,3,0.00,0.00,0.00,0.00,0.00,0.85,0.00,0.85,0.85,0.85,ar ARG,"FW,MF",Estudiantes–LP,Primera Division Argentina,19,2003,0.7,0,6,0,0.0,8.18,0.00,0.00,0,12.9,0,0,0,0.6,0.6,0.10,-0.6,-0.6,ar ARG,"FW,MF",Estudiantes–LP,Primera Division Argentina,19,2003,0.7,10,18,55.6,154,13,6,14,42.9,3,3,100.0,1,1,100.0,0,0.0,0.0,0.0,0,0,0,0,1,ar ARG,"FW,MF",Estudiantes–LP,Primera Division Argentina,19,2003,0.7,18,17,1,0,0,0,1,0,0,0,0,0,10,0,0,ar ARG,"FW,MF",Estudiantes–LP,Primera Division Argentina,19,2003,0.7,4,5.45,1,0,0,2,1,0,1,1.36,0,0,0,0,1,0,ar ARG,"FW,MF",Estudiantes–LP,Primera Division Argentina,19,2003,0.7,1,0,0,0,1,0,1,0.0,1,0,0,0,0,1,0,0,ar ARG,"FW,MF",Estudiantes–LP,Primera Division Argentina,19,2003,0.7,30,1,1,15,14,8,30,0,0,0,0,0,18,65,27,0,0,0,4,1,26,3,ar ARG,"FW,MF",Estudiantes–LP,Primera Division Argentina,19,2003,3,66,22,2.7,0.7,0,0,0,3,22,1,2.00,2,1,+1,+1.36,+0.98,2.3,1.7,+0.6,+0.84,+0.50,ar ARG,"FW,MF",Estudiantes–LP,Primera Division Argentina,19,2003,0.7,0,0,0,1,3,0,1,0,0,0,0,0,2,6,3,66.7
Matias Moreno,ar ARG,DF,Belgrano,Primera Division Argentina,19,2003,4,4,280,3.1,0,0,0,0,0,0,0,0,0.0,0.0,0.0,0.0,7,7,1,0.00,0.00,0.00,0.00,0.00,0.00,0.00,0.00,0.00,0.00,ar ARG,DF,Belgrano,Primera Division Argentina,19,2003,3.1,0,0,0,0,0.00,0.00,0,0,0,0,0,0,0.0,0.0,0,0.0,0.0,ar ARG,DF,Belgrano,Primera Division Argentina,19,2003,3.1,100,129,77.5,2310,804,20,28,71.4,58,64,90.6,21,35,60.0,0,0.0,0.0,0.0,0,7,0,0,7,ar ARG,DF,Belgrano,Primera Division Argentina,19,2003,3.1,129,118,11,11,0,0,2,0,0,0,0,0,100,0,2,ar ARG,DF,Belgrano,Primera Division Argentina,19,2003,3.1,2,0.64,1,1,0,0,0,0,0,0.00,0,0,0,0,0,0,ar ARG,DF,Belgrano,Primera Division Argentina,19,2003,3.1,1,0,0,1,0,1,1,100.0,0,2,1,1,5,6,10,0,ar ARG,DF,Belgrano,Primera Division Argentina,19,2003,3.1,151,12,65,83,6,0,151,8,4,50.0,1,12.5,103,552,386,7,2,0,1,0,97,1,ar ARG,DF,Belgrano,Primera Division Argentina,19,2003,4,280,70,11.5,3.1,4,70,1,0,0,1,0.50,0,3,-3,-0.96,-0.84,1.7,1.0,+0.8,+0.25,+0.58,ar ARG,DF,Belgrano,Primera Division Argentina,19,2003,3.1,0,0,0,4,7,0,2,5,0,0,0,0,14,4,10,28.6
Stéfano Moreyra,ar ARG,MF,Colón,Primera Division Argentina,21,2001,11,10,646,7.2,0,0,0,0,0,0,3,1,0.1,0.1,0.0,0.2,7,28,7,0.00,0.00,0.00,0.00,0.00,0.02,0.00,0.02,0.02,0.02,ar ARG,MF,Colón,Primera Division Argentina,21,2001,7.2,0,6,0,0.0,0.84,0.00,0.00,0,31.0,0,0,0,0.1,0.1,0.02,-0.1,-0.1,ar ARG,MF,Colón,Primera Division Argentina,21,2001,7.2,214,282,75.9,3606,1121,108,126,85.7,71,91,78.0,28,42,66.7,0,0.0,0.2,0.0,1,25,0,0,28,ar ARG,MF,Colón,Primera Division Argentina,21,2001,7.2,282,275,2,0,1,1,4,2,0,0,0,0,214,5,6,ar ARG,MF,Colón,Primera Division Argentina,21,2001,7.2,6,0.84,3,0,1,0,1,1,0,0.00,0,0,0,0,0,0,ar ARG,MF,Colón,Primera Division Argentina,21,2001,7.2,20,9,4,14,2,13,25,52.0,12,16,3,13,18,38,8,0,ar ARG,MF,Colón,Primera Division Argentina,21,2001,7.2,377,11,82,245,52,4,377,4,2,50.0,2,50.0,180,861,453,7,2,0,12,8,194,7,ar ARG,MF,Colón,Primera Division Argentina,21,2001,11,646,59,26.6,7.2,10,63,4,1,17,7,0.58,5,12,-7,-0.98,-0.67,6.4,11.4,-5.0,-0.70,-0.38,ar ARG,MF,Colón,Primera Division Argentina,21,2001,7.2,3,1,0,15,5,0,4,18,9,0,0,0,48,15,5,75.0
Nicolás Morgantini,ar ARG,DF,Platense,Primera Division Argentina,28,1994,18,17,"1,506",16.7,1,1,2,1,0,0,4,0,0.4,0.4,0.8,1.2,28,59,61,0.06,0.06,0.12,0.06,0.12,0.02,0.05,0.07,0.02,0.07,ar ARG,DF,Platense,Primera Division Argentina,28,1994,16.7,1,9,1,11.1,0.54,0.06,0.11,1.00,20.8,0,0,0,0.4,0.4,0.04,+0.6,+0.6,ar ARG,DF,Platense,Primera Division Argentina,28,1994,16.7,449,674,66.6,8076,4601,186,216,86.1,209,293,71.3,47,117,40.2,1,0.8,1.5,+0.2,11,39,13,9,59,ar ARG,DF,Platense,Primera Division Argentina,28,1994,16.7,674,468,203,5,0,1,48,198,0,0,0,0,449,3,29,ar ARG,DF,Platense,Primera Division Argentina,28,1994,16.7,28,1.67,21,4,1,2,0,0,2,0.12,2,0,0,0,0,0,ar ARG,DF,Platense,Primera Division Argentina,28,1994,16.7,35,22,19,9,7,20,37,54.1,17,24,9,15,13,48,43,0,ar ARG,DF,Platense,Primera Division Argentina,28,1994,16.7,843,57,245,364,242,16,843,26,13,50.0,11,42.3,307,1784,927,28,18,1,16,4,312,61,ar ARG,DF,Platense,Primera Division Argentina,28,1994,18,"1,506",84,62.0,16.7,17,89,14,1,1,4,1.22,17,19,-2,-0.12,-0.02,15.3,20.2,-4.9,-0.29,+0.26,ar ARG,DF,Platense,Primera Division Argentina,28,1994,16.7,4,0,0,17,10,3,48,13,22,0,0,0,89,11,26,29.7
Alan Morinigo,py PAR,FW,Defensa y Just,Primera Division Argentina,17,2005,1,1,53,0.6,0,0,0,0,0,0,0,0,0.0,0.0,0.0,0.0,1,1,2,0.00,0.00,0.00,0.00,0.00,0.00,0.00,0.00,0.00,0.00,py PAR,FW,Defensa y Just,Primera Division Argentina,17,2005,0.6,0,0,0,0,0.00,0.00,0,0,0,0,0,0,0.0,0.0,0,0.0,0.0,py PAR,FW,Defensa y Just,Primera Division Argentina,17,2005,0.6,2,7,28.6,20,10,0,1,0.0,1,3,33.3,0,1,0.0,0,0.0,0.0,0.0,0,0,0,0,1,py PAR,FW,Defensa y Just,Primera Division Argentina,17,2005,0.6,7,7,0,0,0,0,3,0,0,0,0,0,2,0,1,py PAR,FW,Defensa y Just,Primera Division Argentina,17,2005,0.6,0,0.00,0,0,0,0,0,0,0,0.00,0,0,0,0,0,0,py PAR,FW,Defensa y Just,Primera Division Argentina,17,2005,0.6,2,0,1,0,1,1,2,50.0,1,3,0,3,0,2,0,0,py PAR,FW,Defensa y Just,Primera Division Argentina,17,2005,0.6,15,0,2,7,7,0,15,1,1,100.0,0,0.0,9,59,21,1,0,0,2,3,8,2,py PAR,FW,Defensa y Just,Primera Division Argentina,17,2005,1,53,53,2.2,0.6,1,53,0,0,0,3,0.00,0,0,0,0.00,-0.49,0.1,0.2,-0.1,-0.12,-0.26,py PAR,FW,Defensa y Just,Primera Division Argentina,17,2005,0.6,0,0,0,1,0,0,3,0,0,0,0,0,2,0,1,0.0
Leonel Mosevich,ar ARG,DF,Instituto,Primera Division Argentina,25,1997,20,19,"1,587",17.6,0,0,0,0,0,0,8,1,0.4,0.4,0.2,0.6,2,29,1,0.00,0.00,0.00,0.00,0.00,0.02,0.01,0.03,0.02,0.03,ar ARG,DF,Instituto,Primera Division Argentina,25,1997,17.6,0,8,0,0.0,0.45,0.00,0.00,0,14.9,0,0,0,0.4,0.4,0.05,-0.4,-0.4,ar ARG,DF,Instituto,Primera Division Argentina,25,1997,17.6,474,622,76.2,9515,3819,145,173,83.8,259,304,85.2,64,128,50.0,0,0.2,0.2,-0.2,2,26,1,0,29,ar ARG,DF,Instituto,Primera Division Argentina,25,1997,17.6,622,595,27,23,0,4,0,4,0,0,0,0,474,0,7,ar ARG,DF,Instituto,Primera Division Argentina,25,1997,17.6,7,0.40,7,0,0,0,0,0,0,0.00,0,0,0,0,0,0,ar ARG,DF,Instituto,Primera Division Argentina,25,1997,17.6,30,17,18,12,0,21,33,63.6,12,13,5,8,30,60,65,0,ar ARG,DF,Instituto,Primera Division Argentina,25,1997,17.6,785,75,457,309,23,13,785,4,4,100.0,0,0.0,366,1749,1023,2,5,2,5,3,376,1,ar ARG,DF,Instituto,Primera Division Argentina,25,1997,20,"1,587",79,65.3,17.6,19,83,17,1,5,4,1.00,13,21,-8,-0.45,-0.13,21.1,20.5,+0.6,+0.03,-0.32,ar ARG,DF,Instituto,Primera Division Argentina,25,1997,17.6,8,1,1,30,6,0,0,30,17,0,1,0,78,69,37,65.1
Joaquín Mosqueira,ar ARG,MF,Unión,Primera Division Argentina,18,2004,11,3,395,4.4,0,0,0,0,0,0,1,0,0.1,0.1,0.1,0.3,4,23,4,0.00,0.00,0.00,0.00,0.00,0.03,0.03,0.06,0.03,0.06,ar ARG,MF,Unión,Primera Division Argentina,18,2004,4.4,0,4,0,0.0,0.91,0.00,0.00,0,29.6,0,0,0,0.1,0.1,0.03,-0.1,-0.1,ar ARG,MF,Unión,Primera Division Argentina,18,2004,4.4,126,174,72.4,2482,794,55,72,76.4,51,60,85.0,20,34,58.8,0,0.1,0.1,-0.1,2,19,1,0,23,ar ARG,MF,Unión,Primera Division Argentina,18,2004,4.4,174,167,7,7,0,6,3,0,0,0,0,0,126,0,6,ar ARG,MF,Unión,Primera Division Argentina,18,2004,4.4,3,0.68,3,0,0,0,0,0,0,0.00,0,0,0,0,0,0,ar ARG,MF,Unión,Primera Division Argentina,18,2004,4.4,12,5,1,10,1,6,11,54.5,5,5,0,5,0,12,5,0,ar ARG,MF,Unión,Primera Division Argentina,18,2004,4.4,217,8,49,134,36,0,217,4,2,50.0,2,50.0,103,601,261,4,4,0,8,2,105,4,ar ARG,MF,Unión,Primera Division Argentina,18,2004,11,395,36,16.3,4.4,3,85,1,8,17,10,1.55,3,7,-4,-0.91,-0.82,3.0,9.0,-6.0,-1.36,-1.34,ar ARG,MF,Unión,Primera Division Argentina,18,2004,4.4,1,0,0,4,2,0,3,0,5,0,0,0,41,4,6,40.0
Edwin Mosquera,co COL,"FW,MF",Defensa y Just,Primera Division Argentina,21,2001,5,0,122,1.4,0,0,0,0,0,0,1,0,0.2,0.2,0.0,0.2,3,1,6,0.00,0.00,0.00,0.00,0.00,0.15,0.00,0.15,0.15,0.15,co COL,"FW,MF",Defensa y Just,Primera Division Argentina,21,2001,1.4,0,2,1,50.0,1.48,0.74,0.00,0.00,13.9,0,0,0,0.2,0.2,0.10,-0.2,-0.2,co COL,"FW,MF",Defensa y Just,Primera Division Argentina,21,2001,1.4,11,22,50.0,156,62,7,11,63.6,3,6,50.0,1,3,33.3,0,0.0,0.0,0.0,0,1,0,0,1,co COL,"FW,MF",Defensa y Just,Primera Division Argentina,21,2001,1.4,22,22,0,0,0,0,3,0,0,0,0,0,11,0,2,co COL,"FW,MF",Defensa y Just,Primera Division Argentina,21,2001,1.4,0,0.00,0,0,0,0,0,0,0,0.00,0,0,0,0,0,0,co COL,"FW,MF",Defensa y Just,Primera Division Argentina,21,2001,1.4,1,1,1,0,0,1,3,33.3,2,0,0,0,1,2,1,0,co COL,"FW,MF",Defensa y Just,Primera Division Argentina,21,2001,1.4,37,1,9,12,18,6,37,7,2,28.6,5,71.4,20,213,115,3,0,2,2,2,21,6,co COL,"FW,MF",Defensa y Just,Primera Division Argentina,21,2001,5,122,24,5.0,1.4,0,0,0,5,24,10,1.40,2,0,+2,+1.48,+1.05,1.8,1.7,+0.1,+0.05,-0.09,co COL,"FW,MF",Defensa y Just,Primera Division Argentina,21,2001,1.4,1,0,0,3,0,3,3,1,1,0,0,0,7,1,3,25.0
Jherson Mosquera,co COL,DF,Newell's OB,Primera Division Argentina,23,1999,20,20,"1,698",18.9,2,0,2,2,0,0,9,1,0.9,0.9,0.8,1.7,33,94,77,0.11,0.00,0.11,0.11,0.11,0.05,0.04,0.09,0.05,0.09,co COL,DF,Newell's OB,Primera Division Argentina,23,1999,18.9,2,6,2,33.3,0.32,0.11,0.33,1.00,22.0,0,0,0,0.9,0.9,0.16,+1.1,+1.1,co COL,DF,Newell's OB,Primera Division Argentina,23,1999,18.9,832,1029,80.9,13005,4399,432,488,88.5,346,418,82.8,39,78,50.0,0,0.8,1.2,-0.8,12,57,12,6,94,co COL,DF,Newell's OB,Primera Division Argentina,23,1999,18.9,1029,814,215,23,0,2,21,192,0,0,0,0,832,0,19,co COL,DF,Newell's OB,Primera Division Argentina,23,1999,18.9,25,1.33,22,0,2,0,1,0,2,0.11,1,0,1,0,0,0,co COL,DF,Newell's OB,Primera Division Argentina,23,1999,18.9,38,24,21,15,2,13,33,39.4,20,11,2,9,32,70,23,0,co COL,DF,Newell's OB,Primera Division Argentina,23,1999,18.9,1194,35,291,664,247,24,1194,24,15,62.5,6,25.0,555,2739,1433,33,21,3,35,11,650,77,co COL,DF,Newell's OB,Primera Division Argentina,23,1999,20,"1,698",85,69.9,18.9,20,85,14,0,0,2,1.10,13,21,-8,-0.42,-1.41,15.4,20.7,-5.4,-0.28,-0.79,co COL,DF,Newell's OB,Primera Division Argentina,23,1999,18.9,9,1,1,28,14,2,21,32,24,0,1,0,91,29,22,56.9
Franco Moyano,ar ARG,MF,Arg Juniors,Primera Division Argentina,25,1997,21,16,"1,567",17.4,0,1,1,0,0,0,1,0,0.3,0.3,1.3,1.6,18,79,18,0.00,0.06,0.06,0.00,0.06,0.02,0.07,0.09,0.02,0.09,ar ARG,MF,Arg Juniors,Primera Division Argentina,25,1997,17.4,0,11,1,9.1,0.63,0.06,0.00,0.00,28.4,1,0,0,0.3,0.3,0.03,-0.3,-0.3,ar ARG,MF,Arg Juniors,Primera Division Argentina,25,1997,17.4,965,1113,86.7,17431,4308,393,435,90.3,453,504,89.9,102,148,68.9,1,1.3,1.1,-0.3,23,74,5,3,79,ar ARG,MF,Arg Juniors,Primera Division Argentina,25,1997,17.4,1113,1036,76,50,1,7,42,2,24,1,22,0,965,1,3,ar ARG,MF,Arg Juniors,Primera Division Argentina,25,1997,17.4,37,2.12,23,13,0,0,0,1,3,0.17,3,0,0,0,0,0,ar ARG,MF,Arg Juniors,Primera Division Argentina,25,1997,17.4,29,18,11,16,2,14,30,46.7,16,10,3,7,14,43,19,1,ar ARG,MF,Arg Juniors,Primera Division Argentina,25,1997,17.4,1241,46,269,821,157,0,1241,7,6,85.7,1,14.3,686,3006,1385,18,9,0,12,5,802,18,ar ARG,MF,Arg Juniors,Primera Division Argentina,25,1997,21,"1,567",75,64.5,17.4,16,89,15,5,29,4,1.62,21,10,+11,+0.63,+0.84,24.0,16.7,+7.3,+0.42,-0.22,ar ARG,MF,Arg Juniors,Primera Division Argentina,25,1997,17.4,1,0,0,13,10,0,42,14,18,0,0,0,127,17,22,43.6
Sebastián Moyano,ar ARG,GK,Unión,Primera Division Argentina,32,1990,11,11,990,11.0,0,0,0,0,0,0,1,0,0.0,0.0,0.0,0.0,0,0,0,0.00,0.00,0.00,0.00,0.00,0.00,0.00,0.00,0.00,0.00,ar ARG,GK,Unión,Primera Division Argentina,32,1990,11.0,0,0,0,0,0.00,0.00,0,0,0,0,0,0,0.0,0.0,0,0.0,0.0,ar ARG,GK,Unión,Primera Division Argentina,32,1990,11.0,186,287,64.8,5513,3784,32,33,97.0,81,86,94.2,73,168,43.5,0,0.0,0.0,0.0,0,2,0,0,0,ar ARG,GK,Unión,Primera Division Argentina,32,1990,11.0,287,174,113,28,0,1,0,0,0,0,0,0,186,0,0,ar ARG,GK,Unión,Primera Division Argentina,32,1990,11.0,1,0.09,1,0,0,0,0,0,0,0.00,0,0,0,0,0,0,ar ARG,GK,Unión,Primera Division Argentina,32,1990,11.0,0,0,0,0,0,0,0,0,0,0,0,0,0,0,3,2,ar ARG,GK,Unión,Primera Division Argentina,32,1990,11.0,304,251,304,0,0,0,304,0,0,0,0,0,139,753,517,0,0,0,1,0,101,0,ar ARG,GK,Unión,Primera Division Argentina,32,1990,11,990,90,40.7,11.0,11,90,11,0,0,16,1.00,8,10,-2,-0.18,+0.07,8.6,11.0,-2.4,-0.22,+0.04,ar ARG,GK,Unión,Primera Division Argentina,32,1990,11.0,1,0,0,0,1,0,0,0,0,0,0,0,10,2,0,100.0
Agustín Mulet,ar ARG,MF,Independiente,Primera Division Argentina,22,2000,11,8,570,6.3,0,0,0,0,0,0,1,0,0.2,0.2,0.3,0.5,2,24,5,0.00,0.00,0.00,0.00,0.00,0.03,0.05,0.08,0.03,0.08,ar ARG,MF,Independiente,Primera Division Argentina,22,2000,6.3,0,2,0,0.0,0.32,0.00,0.00,0,18.6,0,0,0,0.2,0.2,0.08,-0.2,-0.2,ar ARG,MF,Independiente,Primera Division Argentina,22,2000,6.3,141,193,73.1,2634,817,54,75,72.0,71,92,77.2,13,15,86.7,0,0.3,0.1,-0.3,2,13,3,0,24,ar ARG,MF,Independiente,Primera Division Argentina,22,2000,6.3,193,187,6,5,0,1,1,0,0,0,0,0,141,0,4,ar ARG,MF,Independiente,Primera Division Argentina,22,2000,6.3,3,0.47,3,0,0,0,0,0,0,0.00,0,0,0,0,0,0,ar ARG,MF,Independiente,Primera Division Argentina,22,2000,6.3,13,10,3,9,1,3,12,25.0,9,5,0,5,6,19,12,0,ar ARG,MF,Independiente,Primera Division Argentina,22,2000,6.3,242,8,49,167,29,4,242,4,2,50.0,2,50.0,105,437,203,2,2,0,4,1,124,5,ar ARG,MF,Independiente,Primera Division Argentina,22,2000,11,570,52,23.5,6.3,8,67,2,3,13,8,1.36,4,6,-2,-0.32,+0.02,5.3,5.5,-0.2,-0.03,-0.01,ar ARG,MF,Independiente,Primera Division Argentina,22,2000,6.3,1,0,0,9,7,0,1,6,10,0,0,0,27,9,9,50.0
Ezequiel Muñoz,ar ARG,DF,Estudiantes–LP,Primera Division Argentina,32,1990,5,3,298,3.3,0,0,0,0,0,0,0,0,0.0,0.0,0.0,0.0,0,9,0,0.00,0.00,0.00,0.00,0.00,0.00,0.00,0.00,0.00,0.00,ar ARG,DF,Estudiantes–LP,Primera Division Argentina,32,1990,3.3,0,0,0,0,0.00,0.00,0,0,0,0,0,0,0.0,0.0,0,0.0,0.0,ar ARG,DF,Estudiantes–LP,Primera Division Argentina,32,1990,3.3,86,113,76.1,1679,548,30,32,93.8,41,52,78.8,12,21,57.1,0,0.0,0.0,0.0,0,5,0,0,9,ar ARG,DF,Estudiantes–LP,Primera Division Argentina,32,1990,3.3,113,109,3,3,0,3,0,0,0,0,0,0,86,1,2,ar ARG,DF,Estudiantes–LP,Primera Division Argentina,32,1990,3.3,2,0.71,2,0,0,0,0,0,0,0.00,0,0,0,0,0,0,ar ARG,DF,Estudiantes–LP,Primera Division Argentina,32,1990,3.3,4,3,2,1,1,2,3,66.7,1,2,2,0,1,5,8,0,ar ARG,DF,Estudiantes–LP,Primera Division Argentina,32,1990,3.3,129,8,62,62,5,2,129,0,0,0,0,0,76,334,187,0,0,0,1,0,85,0,ar ARG,DF,Estudiantes–LP,Primera Division Argentina,32,1990,5,298,60,12.3,3.3,3,88,2,2,17,15,2.00,2,1,+1,+0.30,-0.12,2.3,1.7,+0.6,+0.21,-0.17,ar ARG,DF,Estudiantes–LP,Primera Division Argentina,32,1990,3.3,0,0,0,3,0,0,0,1,3,0,0,0,9,8,3,72.7
Facundo Mura,ar ARG,"DF,MF",Racing Club,Primera Division Argentina,23,1999,21,19,"1,527",17.0,2,2,4,2,0,0,5,0,1.9,1.9,0.7,2.6,14,67,85,0.12,0.12,0.24,0.12,0.24,0.11,0.04,0.15,0.11,0.15,ar ARG,"DF,MF",Racing Club,Primera Division Argentina,23,1999,17.0,2,8,4,50.0,0.47,0.24,0.25,0.50,15.0,0,0,0,1.9,1.9,0.23,+0.1,+0.1,ar ARG,"DF,MF",Racing Club,Primera Division Argentina,23,1999,17.0,738,950,77.7,12265,4211,368,403,91.3,312,385,81.0,51,108,47.2,2,0.7,1.2,+1.3,10,44,10,7,67,ar ARG,"DF,MF",Racing Club,Primera Division Argentina,23,1999,17.0,950,764,184,12,2,7,44,172,0,0,0,0,738,2,36,ar ARG,"DF,MF",Racing Club,Primera Division Argentina,23,1999,17.0,26,1.53,22,2,0,0,1,1,6,0.35,5,0,0,0,1,0,ar ARG,"DF,MF",Racing Club,Primera Division Argentina,23,1999,17.0,29,14,20,5,4,20,36,55.6,16,19,4,15,18,47,37,1,ar ARG,"DF,MF",Racing Club,Primera Division Argentina,23,1999,17.0,1108,34,279,556,281,15,1108,18,5,27.8,13,72.2,558,2196,1018,14,21,2,24,10,639,85,ar ARG,"DF,MF",Racing Club,Primera Division Argentina,23,1999,21,"1,527",73,62.8,17.0,19,77,9,2,34,3,1.33,21,24,-3,-0.18,-0.58,19.5,16.5,+3.0,+0.18,+0.94,ar ARG,"DF,MF",Racing Club,Primera Division Argentina,23,1999,17.0,5,0,0,12,8,0,44,18,14,1,0,0,102,7,14,33.3
Tomás Muro,ar ARG,"MF,FW",Gimnasia–LP,Primera Division Argentina,20,2002,9,3,333,3.7,0,1,1,0,0,0,0,0,0.5,0.5,0.6,1.2,7,11,15,0.00,0.27,0.27,0.00,0.27,0.14,0.17,0.32,0.14,0.32,ar ARG,"MF,FW",Gimnasia–LP,Primera Division Argentina,20,2002,3.7,0,9,1,11.1,2.43,0.27,0.00,0.00,25.9,2,0,0,0.5,0.5,0.06,-0.5,-0.5,ar ARG,"MF,FW",Gimnasia–LP,Primera Division Argentina,20,2002,3.7,73,119,61.3,1523,514,37,44,84.1,17,26,65.4,18,42,42.9,1,0.6,0.6,+0.4,11,10,3,1,11,ar ARG,"MF,FW",Gimnasia–LP,Primera Division Argentina,20,2002,3.7,119,85,34,17,1,2,32,0,17,9,7,0,73,0,5,ar ARG,"MF,FW",Gimnasia–LP,Primera Division Argentina,20,2002,3.7,16,4.32,6,7,0,1,1,1,1,0.27,0,1,0,0,0,0,ar ARG,"MF,FW",Gimnasia–LP,Primera Division Argentina,20,2002,3.7,8,4,1,7,0,3,7,42.9,4,4,0,4,6,14,3,0,ar ARG,"MF,FW",Gimnasia–LP,Primera Division Argentina,20,2002,3.7,204,3,24,92,92,4,204,38,15,39.5,19,50.0,108,695,310,7,5,1,15,15,95,15,ar ARG,"MF,FW",Gimnasia–LP,Primera Division Argentina,20,2002,9,333,37,13.7,3.7,3,65,0,6,23,9,1.11,3,9,-6,-1.62,-1.28,4.2,5.1,-0.9,-0.26,-0.11,ar ARG,"MF,FW",Gimnasia–LP,Primera Division Argentina,20,2002,3.7,0,0,0,8,12,2,32,6,4,0,0,0,30,4,6,40.0
Gonzalo Muscia,ar ARG,MF,Arsenal,Primera Division Argentina,23,2000,19,13,"1,146",12.7,0,0,0,0,0,0,3,0,0.0,0.0,0.7,0.7,9,42,14,0.00,0.00,0.00,0.00,0.00,0.00,0.05,0.06,0.00,0.06,ar ARG,MF,Arsenal,Primera Division Argentina,23,2000,12.7,0,1,0,0.0,0.08,0.00,0.00,0,27.5,0,0,0,0.0,0.0,0.03,0.0,0.0,ar ARG,MF,Arsenal,Primera Division Argentina,23,2000,12.7,309,438,70.5,5348,1834,149,179,83.2,124,165,75.2,33,60,55.0,0,0.7,0.4,-0.7,7,36,3,1,42,ar ARG,MF,Arsenal,Primera Division Argentina,23,2000,12.7,438,425,9,7,3,3,6,1,1,0,1,0,309,4,18,ar ARG,MF,Arsenal,Primera Division Argentina,23,2000,12.7,14,1.10,12,0,1,0,1,0,1,0.08,1,0,0,0,0,0,ar ARG,MF,Arsenal,Primera Division Argentina,23,2000,12.7,35,22,22,11,2,16,37,43.2,21,21,5,16,17,52,21,0,ar ARG,MF,Arsenal,Primera Division Argentina,23,2000,12.7,588,30,187,335,74,1,588,21,14,66.7,6,28.6,262,1089,437,9,9,0,15,18,295,14,ar ARG,MF,Arsenal,Primera Division Argentina,23,2000,19,"1,146",60,47.2,12.7,13,78,7,6,22,8,1.00,8,17,-9,-0.71,-0.22,8.7,15.1,-6.5,-0.51,-0.14,ar ARG,MF,Arsenal,Primera Division Argentina,23,2000,12.7,3,0,0,20,8,0,6,17,22,0,0,0,84,8,12,40.0
Antonio Napolitano,ar ARG,"MF,FW",Gimnasia–LP,Primera Division Argentina,23,1999,13,6,602,6.7,0,0,0,0,0,0,1,0,0.2,0.2,0.1,0.3,11,34,15,0.00,0.00,0.00,0.00,0.00,0.03,0.01,0.04,0.03,0.04,ar ARG,"MF,FW",Gimnasia–LP,Primera Division Argentina,23,1999,6.7,0,5,1,20.0,0.75,0.15,0.00,0.00,25.1,0,0,0,0.2,0.2,0.04,-0.2,-0.2,ar ARG,"MF,FW",Gimnasia–LP,Primera Division Argentina,23,1999,6.7,203,274,74.1,3132,1211,119,139,85.6,62,85,72.9,16,34,47.1,0,0.1,0.2,-0.1,4,25,5,0,34,ar ARG,"MF,FW",Gimnasia–LP,Primera Division Argentina,23,1999,6.7,274,247,26,16,0,0,14,3,7,4,1,0,203,1,7,ar ARG,"MF,FW",Gimnasia–LP,Primera Division Argentina,23,1999,6.7,17,2.55,12,2,0,0,1,2,0,0.00,0,0,0,0,0,0,ar ARG,"MF,FW",Gimnasia–LP,Primera Division Argentina,23,1999,6.7,32,22,13,16,3,8,23,34.8,15,8,1,7,11,43,10,1,ar ARG,"MF,FW",Gimnasia–LP,Primera Division Argentina,23,1999,6.7,383,12,75,217,98,9,383,12,3,25.0,7,58.3,161,817,389,11,6,1,17,9,191,15,ar ARG,"MF,FW",Gimnasia–LP,Primera Division Argentina,23,1999,13,602,46,24.8,6.7,6,70,1,7,26,5,1.23,2,8,-6,-0.90,-0.50,5.2,8.9,-3.7,-0.56,-0.53,ar ARG,"MF,FW",Gimnasia–LP,Primera Division Argentina,23,1999,6.7,1,0,0,6,9,0,14,11,22,0,0,0,54,12,9,57.1
Lucas Naranjo,ar ARG,MF,Atlé Tucumán,Primera Division Argentina,21,2001,1,0,13,0.1,0,0,0,0,0,0,0,0,0.0,0.0,0.0,0.0,0,1,0,0.00,0.00,0.00,0.00,0.00,0.00,0.00,0.00,0.00,0.00,ar ARG,MF,Atlé Tucumán,Primera Division Argentina,21,2001,0.1,0,0,0,0,0.00,0.00,0,0,0,0,0,0,0.0,0.0,0,0.0,0.0,ar ARG,MF,Atlé Tucumán,Primera Division Argentina,21,2001,0.1,14,15,93.3,251,44,7,7,100.0,6,6,100.0,1,2,50.0,0,0.0,0.0,0.0,0,1,0,0,1,ar ARG,MF,Atlé Tucumán,Primera Division Argentina,21,2001,0.1,15,15,0,0,0,0,0,0,0,0,0,0,14,0,0,ar ARG,MF,Atlé Tucumán,Primera Division Argentina,21,2001,0.1,0,0.00,0,0,0,0,0,0,0,0.00,0,0,0,0,0,0,ar ARG,MF,Atlé Tucumán,Primera Division Argentina,21,2001,0.1,3,2,1,2,0,1,1,100.0,0,0,0,0,0,3,0,0,ar ARG,MF,Atlé Tucumán,Primera Division Argentina,21,2001,0.1,21,1,1,16,4,1,21,1,0,0.0,1,100.0,13,44,5,0,0,0,1,0,15,0,ar ARG,MF,Atlé Tucumán,Primera Division Argentina,21,2001,1,13,13,0.5,0.1,0,0,0,1,13,15,0.00,0,0,0,0.00,+0.07,0.1,0.1,0.0,-0.33,-0.11,ar ARG,MF,Atlé Tucumán,Primera Division Argentina,21,2001,0.1,0,0,0,1,0,0,0,0,2,0,0,0,1,0,0,0
Gian Nardelli,ar ARG,DF,Colón,Primera Division Argentina,22,2000,16,13,"1,199",13.3,0,0,0,0,0,0,2,1,0.0,0.0,0.2,0.2,10,28,3,0.00,0.00,0.00,0.00,0.00,0.00,0.02,0.02,0.00,0.02,ar ARG,DF,Colón,Primera Division Argentina,22,2000,13.3,0,2,0,0.0,0.15,0.00,0.00,0,25.8,0,0,0,0.0,0.0,0.02,0.0,0.0,ar ARG,DF,Colón,Primera Division Argentina,22,2000,13.3,384,558,68.8,7816,3474,132,160,82.5,194,234,82.9,56,134,41.8,0,0.2,0.2,-0.2,2,22,2,1,28,ar ARG,DF,Colón,Primera Division Argentina,22,2000,13.3,558,515,42,16,0,12,9,25,0,0,0,0,384,1,20,ar ARG,DF,Colón,Primera Division Argentina,22,2000,13.3,5,0.38,4,1,0,0,0,0,1,0.08,1,0,0,0,0,0,ar ARG,DF,Colón,Primera Division Argentina,22,2000,13.3,16,10,12,4,0,10,18,55.6,8,18,6,12,17,33,69,1,ar ARG,DF,Colón,Primera Division Argentina,22,2000,13.3,697,87,407,264,30,3,697,7,5,71.4,1,14.3,360,1643,911,10,4,0,3,2,379,3,ar ARG,DF,Colón,Primera Division Argentina,22,2000,16,"1,199",75,49.3,13.3,13,87,10,3,25,10,1.06,9,14,-5,-0.38,+0.21,12.8,18.7,-5.9,-0.44,-0.04,ar ARG,DF,Colón,Primera Division Argentina,22,2000,13.3,2,1,1,8,6,0,9,17,10,0,0,0,61,25,19,56.8
Juan Nardoni,ar ARG,MF,Racing Club,Primera Division Argentina,20,2002,26,23,"1,899",21.1,1,3,4,1,0,0,3,1,1.0,1.0,1.6,2.6,30,85,51,0.05,0.14,0.19,0.05,0.19,0.05,0.08,0.13,0.05,0.13,ar ARG,MF,Racing Club,Primera Division Argentina,20,2002,21.1,1,12,6,50.0,0.57,0.28,0.08,0.17,21.6,0,0,0,1.0,1.0,0.09,0.0,0.0,ar ARG,MF,Racing Club,Primera Division Argentina,20,2002,21.1,715,889,80.4,11700,3089,341,383,89.0,292,354,82.5,55,79,69.6,3,1.6,1.2,+1.4,13,65,11,4,85,ar ARG,MF,Racing Club,Primera Division Argentina,20,2002,21.1,889,862,22,17,2,3,11,5,0,0,0,0,715,5,23,ar ARG,MF,Racing Club,Primera Division Argentina,20,2002,21.1,43,2.04,29,1,5,1,7,0,6,0.28,4,0,1,0,1,0,ar ARG,MF,Racing Club,Primera Division Argentina,20,2002,21.1,51,35,21,27,3,26,60,43.3,34,19,3,16,27,78,32,0,ar ARG,MF,Racing Club,Primera Division Argentina,20,2002,21.1,1140,44,225,711,226,32,1140,58,27,46.6,25,43.1,599,2468,1163,30,20,8,42,24,724,51,ar ARG,MF,Racing Club,Primera Division Argentina,20,2002,26,"1,899",73,78.1,21.1,23,79,15,3,30,0,1.38,25,27,-2,-0.09,-0.60,22.0,23.6,-1.5,-0.07,+0.45,ar ARG,MF,Racing Club,Primera Division Argentina,20,2002,21.1,3,1,0,36,47,3,11,27,35,1,0,0,158,31,31,50.0
Julián Navas,ar ARG,DF,Cen. Córdoba–SdE,Primera Division Argentina,29,1993,8,4,387,4.3,0,0,0,0,0,0,3,0,0.1,0.1,0.5,0.7,6,26,17,0.00,0.00,0.00,0.00,0.00,0.03,0.12,0.15,0.03,0.15,ar ARG,DF,Cen. Córdoba–SdE,Primera Division Argentina,29,1993,4.3,0,4,0,0.0,0.93,0.00,0.00,0,21.2,0,0,0,0.1,0.1,0.03,-0.1,-0.1,ar ARG,DF,Cen. Córdoba–SdE,Primera Division Argentina,29,1993,4.3,133,183,72.7,2194,1157,62,72,86.1,54,68,79.4,11,24,45.8,0,0.5,0.2,-0.5,2,18,3,1,26,ar ARG,DF,Cen. Córdoba–SdE,Primera Division Argentina,29,1993,4.3,183,147,33,2,1,1,8,31,0,0,0,0,133,3,7,ar ARG,DF,Cen. Córdoba–SdE,Primera Division Argentina,29,1993,4.3,11,2.55,6,2,0,2,1,0,0,0.00,0,0,0,0,0,0,ar ARG,DF,Cen. Córdoba–SdE,Primera Division Argentina,29,1993,4.3,9,5,4,5,0,4,12,33.3,8,9,2,7,7,16,13,0,ar ARG,DF,Cen. Córdoba–SdE,Primera Division Argentina,29,1993,4.3,245,14,56,133,59,2,245,2,1,50.0,1,50.0,102,501,220,6,4,0,8,2,127,17,ar ARG,DF,Cen. Córdoba–SdE,Primera Division Argentina,29,1993,8,387,48,15.9,4.3,4,73,2,4,24,17,1.50,2,5,-3,-0.70,-0.39,3.5,7.2,-3.7,-0.86,-0.55,ar ARG,DF,Cen. Córdoba–SdE,Primera Division Argentina,29,1993,4.3,3,0,0,10,3,0,8,7,5,0,0,0,19,8,3,72.7
José Neris,uy URU,FW,Colón,Primera Division Argentina,22,2000,9,4,386,4.3,0,0,0,0,0,1,0,0,2.6,1.8,0.4,2.1,4,3,20,0.00,0.00,0.00,0.00,0.00,0.59,0.08,0.68,0.41,0.49,uy URU,FW,Colón,Primera Division Argentina,22,2000,4.3,0,11,4,36.4,2.56,0.93,0.00,0.00,12.9,0,0,1,2.6,1.8,0.16,-2.6,-1.8,uy URU,FW,Colón,Primera Division Argentina,22,2000,4.3,39,82,47.6,546,86,20,35,57.1,16,26,61.5,0,5,0.0,0,0.4,0.2,-0.4,2,3,2,0,3,uy URU,FW,Colón,Primera Division Argentina,22,2000,4.3,82,74,8,0,0,1,5,0,0,0,0,0,39,0,4,uy URU,FW,Colón,Primera Division Argentina,22,2000,4.3,6,1.40,3,0,0,1,2,0,0,0.00,0,0,0,0,0,0,uy URU,FW,Colón,Primera Division Argentina,22,2000,4.3,4,4,1,2,1,2,2,100.0,0,0,0,0,0,4,0,0,uy URU,FW,Colón,Primera Division Argentina,22,2000,4.3,127,0,5,58,65,27,126,7,2,28.6,4,57.1,50,274,60,4,0,1,10,1,84,20,uy URU,FW,Colón,Primera Division Argentina,22,2000,9,386,43,15.9,4.3,4,82,2,5,12,14,0.56,1,7,-6,-1.40,-1.09,7.5,5.4,+2.1,+0.48,+1.07,uy URU,FW,Colón,Primera Division Argentina,22,2000,4.3,0,0,0,1,9,2,5,0,4,1,0,0,11,17,26,39.5
Roberto Nicolás Fernández,uy URU,"FW,MF",Godoy Cruz,Primera Division Argentina,24,1998,26,25,"2,099",23.3,1,1,2,1,0,0,7,0,1.6,1.6,3.6,5.2,48,110,107,0.04,0.04,0.09,0.04,0.09,0.07,0.15,0.22,0.07,0.22,uy URU,"FW,MF",Godoy Cruz,Primera Division Argentina,24,1998,23.3,1,30,9,30.0,1.29,0.39,0.03,0.11,25.0,1,0,0,1.6,1.6,0.05,-0.6,-0.6,uy URU,"FW,MF",Godoy Cruz,Primera Division Argentina,24,1998,23.3,658,915,71.9,11834,3649,295,378,78.0,260,318,81.8,83,149,55.7,1,3.6,2.6,-2.6,36,82,18,3,110,uy URU,"FW,MF",Godoy Cruz,Primera Division Argentina,24,1998,23.3,915,822,90,34,4,8,73,13,43,3,28,0,658,3,28,uy URU,"FW,MF",Godoy Cruz,Primera Division Argentina,24,1998,23.3,81,3.47,54,14,8,0,3,2,3,0.13,1,2,0,0,0,0,uy URU,"FW,MF",Godoy Cruz,Primera Division Argentina,24,1998,23.3,50,35,18,27,5,20,75,26.7,55,37,3,34,17,67,25,0,uy URU,"FW,MF",Godoy Cruz,Primera Division Argentina,24,1998,23.3,1258,33,188,666,435,44,1258,98,49,50.0,44,44.9,651,3784,1686,48,43,7,62,31,700,107,uy URU,"FW,MF",Godoy Cruz,Primera Division Argentina,24,1998,26,"2,099",81,86.4,23.3,25,83,15,1,28,0,1.46,30,30,0,0.00,-1.36,25.4,31.0,-5.5,-0.24,-0.76,uy URU,"FW,MF",Godoy Cruz,Primera Division Argentina,24,1998,23.3,7,0,0,36,24,2,73,17,35,0,0,0,171,30,39,43.5
Aaron Nicolás Molinas,ar ARG,"MF,FW",Tigre,Primera Division Argentina,22,2000,22,14,"1,177",13.1,1,2,3,1,0,0,4,0,1.7,1.7,1.9,3.6,41,118,99,0.08,0.15,0.23,0.08,0.23,0.13,0.14,0.28,0.13,0.28,ar ARG,"MF,FW",Tigre,Primera Division Argentina,22,2000,13.1,1,22,10,45.5,1.68,0.76,0.05,0.10,22.2,4,0,0,1.7,1.7,0.08,-0.7,-0.7,ar ARG,"MF,FW",Tigre,Primera Division Argentina,22,2000,13.1,594,779,76.3,10103,3094,311,354,87.9,208,263,79.1,61,119,51.3,2,1.9,2.1,+0.1,29,92,17,4,118,ar ARG,"MF,FW",Tigre,Primera Division Argentina,22,2000,13.1,779,717,59,11,3,9,65,12,34,8,22,0,594,3,13,ar ARG,"MF,FW",Tigre,Primera Division Argentina,22,2000,13.1,72,5.52,51,11,2,7,0,1,5,0.38,2,0,0,3,0,0,ar ARG,"MF,FW",Tigre,Primera Division Argentina,22,2000,13.1,24,14,6,9,9,12,19,63.2,7,20,1,19,10,34,13,0,ar ARG,"MF,FW",Tigre,Primera Division Argentina,22,2000,13.1,939,18,92,509,353,21,939,43,22,51.2,18,41.9,583,3105,1641,41,36,2,31,15,661,99,ar ARG,"MF,FW",Tigre,Primera Division Argentina,22,2000,22,"1,177",54,48.4,13.1,14,72,3,8,22,1,1.18,11,15,-4,-0.31,-0.45,18.0,15.0,+3.1,+0.24,+0.16,ar ARG,"MF,FW",Tigre,Primera Division Argentina,22,2000,13.1,4,0,0,10,13,1,65,10,14,0,0,0,89,13,15,46.4
Diego Novaretti,ar ARG,DF,Belgrano,Primera Division Argentina,37,1985,9,2,231,2.6,0,0,0,0,0,0,0,0,0.1,0.1,0.1,0.2,2,3,1,0.00,0.00,0.00,0.00,0.00,0.04,0.02,0.06,0.04,0.06,ar ARG,DF,Belgrano,Primera Division Argentina,37,1985,2.6,0,2,0,0.0,0.78,0.00,0.00,0,15.0,0,0,0,0.1,0.1,0.05,-0.1,-0.1,ar ARG,DF,Belgrano,Primera Division Argentina,37,1985,2.6,64,97,66.0,1724,822,8,14,57.1,40,52,76.9,15,30,50.0,0,0.1,0.0,-0.1,1,10,0,0,3,ar ARG,DF,Belgrano,Primera Division Argentina,37,1985,2.6,97,90,7,6,0,1,0,0,0,0,0,0,64,0,0,ar ARG,DF,Belgrano,Primera Division Argentina,37,1985,2.6,2,0.78,1,0,0,1,0,0,0,0.00,0,0,0,0,0,0,ar ARG,DF,Belgrano,Primera Division Argentina,37,1985,2.6,5,4,5,0,0,3,3,100.0,0,2,1,1,7,12,21,0,ar ARG,DF,Belgrano,Primera Division Argentina,37,1985,2.6,140,22,89,47,5,3,140,4,4,100.0,0,0.0,54,364,209,2,0,0,2,0,58,1,ar ARG,DF,Belgrano,Primera Division Argentina,37,1985,9,231,26,9.5,2.6,2,90,2,7,7,16,1.56,0,3,-3,-1.17,-1.05,2.2,4.9,-2.7,-1.06,-0.88,ar ARG,DF,Belgrano,Primera Division Argentina,37,1985,2.6,0,0,0,1,1,1,0,7,4,0,0,0,10,10,4,71.4
Cristian Núñez,py PAR,MF,Godoy Cruz,Primera Division Argentina,25,1997,20,2,468,5.2,0,0,0,0,0,0,3,0,0.0,0.0,0.1,0.1,3,34,6,0.00,0.00,0.00,0.00,0.00,0.00,0.01,0.01,0.00,0.01,py PAR,MF,Godoy Cruz,Primera Division Argentina,25,1997,5.2,0,0,0,0,0.00,0.00,0,0,0,0,0,0,0.0,0.0,0,0.0,0.0,py PAR,MF,Godoy Cruz,Primera Division Argentina,25,1997,5.2,218,267,81.6,4345,1553,77,88,87.5,106,116,91.4,34,47,72.3,0,0.1,0.4,-0.1,3,25,0,0,34,py PAR,MF,Godoy Cruz,Primera Division Argentina,25,1997,5.2,267,263,4,4,2,3,2,0,0,0,0,0,218,0,10,py PAR,MF,Godoy Cruz,Primera Division Argentina,25,1997,5.2,11,2.11,11,0,0,0,0,0,1,0.19,1,0,0,0,0,0,py PAR,MF,Godoy Cruz,Primera Division Argentina,25,1997,5.2,22,17,11,11,0,9,18,50.0,9,6,0,6,7,29,10,0,py PAR,MF,Godoy Cruz,Primera Division Argentina,25,1997,5.2,321,12,84,219,22,2,321,6,4,66.7,2,33.3,129,601,292,3,1,0,1,4,161,6,py PAR,MF,Godoy Cruz,Primera Division Argentina,25,1997,20,468,23,19.3,5.2,2,75,0,18,18,6,1.65,4,8,-4,-0.77,-1.18,6.3,7.0,-0.7,-0.14,0.00,py PAR,MF,Godoy Cruz,Primera Division Argentina,25,1997,5.2,3,0,0,12,2,0,2,7,17,0,0,0,73,12,9,57.1
Santiago Núñez,ar ARG,DF,Estudiantes–LP,Primera Division Argentina,22,2000,16,15,"1,293",14.4,0,0,0,0,0,0,5,0,0.7,0.7,0.3,0.9,8,44,1,0.00,0.00,0.00,0.00,0.00,0.05,0.02,0.07,0.05,0.07,ar ARG,DF,Estudiantes–LP,Primera Division Argentina,22,2000,14.4,0,10,1,10.0,0.70,0.07,0.00,0.00,11.4,0,0,0,0.7,0.7,0.07,-0.7,-0.7,ar ARG,DF,Estudiantes–LP,Primera Division Argentina,22,2000,14.4,507,637,79.6,10266,4387,155,180,86.1,283,326,86.8,65,115,56.5,0,0.3,0.5,-0.3,3,30,6,0,44,ar ARG,DF,Estudiantes–LP,Primera Division Argentina,22,2000,14.4,637,613,23,21,0,1,1,2,0,0,0,0,507,1,3,ar ARG,DF,Estudiantes–LP,Primera Division Argentina,22,2000,14.4,11,0.77,10,0,0,1,0,0,0,0.00,0,0,0,0,0,0,ar ARG,DF,Estudiantes–LP,Primera Division Argentina,22,2000,14.4,28,16,20,7,1,15,24,62.5,9,14,11,3,29,57,69,0,ar ARG,DF,Estudiantes–LP,Primera Division Argentina,22,2000,14.4,812,87,438,351,26,15,812,3,3,100.0,0,0.0,381,1940,1125,8,3,0,7,1,461,1,ar ARG,DF,Estudiantes–LP,Primera Division Argentina,22,2000,16,"1,293",81,53.2,14.4,15,81,12,1,75,7,1.88,20,8,+12,+0.84,+0.91,19.2,12.4,+6.8,+0.48,+0.25,ar ARG,DF,Estudiantes–LP,Primera Division Argentina,22,2000,14.4,5,0,0,14,4,0,1,29,16,0,1,0,68,37,22,62.7
Thiago Nuss,ar ARG,"FW,MF",Arg Juniors,Primera Division Argentina,21,2001,19,12,910,10.1,0,0,0,0,0,0,5,0,3.2,3.2,0.6,3.8,31,25,95,0.00,0.00,0.00,0.00,0.00,0.32,0.06,0.37,0.32,0.37,ar ARG,"FW,MF",Arg Juniors,Primera Division Argentina,21,2001,10.1,0,33,11,33.3,3.26,1.09,0.00,0.00,14.8,0,0,0,3.2,3.2,0.10,-3.2,-3.2,ar ARG,"FW,MF",Arg Juniors,Primera Division Argentina,21,2001,10.1,114,198,57.6,1631,412,70,94,74.5,33,61,54.1,6,18,33.3,0,0.6,0.9,-0.6,5,13,3,1,25,ar ARG,"FW,MF",Arg Juniors,Primera Division Argentina,21,2001,10.1,198,192,5,1,0,0,33,2,2,0,1,0,114,1,13,ar ARG,"FW,MF",Arg Juniors,Primera Division Argentina,21,2001,10.1,23,2.27,11,0,1,5,5,1,0,0.00,0,0,0,0,0,0,ar ARG,"FW,MF",Arg Juniors,Primera Division Argentina,21,2001,10.1,7,4,0,3,4,2,10,20.0,8,16,0,16,1,8,6,0,ar ARG,"FW,MF",Arg Juniors,Primera Division Argentina,21,2001,10.1,374,6,25,114,243,58,374,37,11,29.7,19,51.4,224,1588,790,31,17,9,44,18,264,95,ar ARG,"FW,MF",Arg Juniors,Primera Division Argentina,21,2001,19,910,48,37.4,10.1,12,65,1,7,18,8,1.37,5,7,-2,-0.20,-0.85,14.7,8.7,+6.0,+0.59,+0.15,ar ARG,"FW,MF",Arg Juniors,Primera Division Argentina,21,2001,10.1,5,0,0,23,21,6,33,1,4,0,0,0,36,17,29,37.0
Tomás O'Connor,ar ARG,"MF,FW",Rosario Central,Primera Division Argentina,18,2004,8,1,137,1.5,1,0,1,1,0,0,1,0,0.3,0.3,0.1,0.4,3,5,3,0.66,0.00,0.66,0.66,0.66,0.19,0.09,0.29,0.19,0.29,ar ARG,"MF,FW",Rosario Central,Primera Division Argentina,18,2004,1.5,1,2,1,50.0,1.31,0.66,0.50,1.00,14.8,0,0,0,0.3,0.3,0.15,+0.7,+0.7,ar ARG,"MF,FW",Rosario Central,Primera Division Argentina,18,2004,1.5,60,80,75.0,963,274,30,36,83.3,22,28,78.6,6,9,66.7,0,0.1,0.3,-0.1,3,7,3,1,5,ar ARG,"MF,FW",Rosario Central,Primera Division Argentina,18,2004,1.5,80,77,1,0,1,0,2,1,0,0,0,0,60,2,1,ar ARG,"MF,FW",Rosario Central,Primera Division Argentina,18,2004,1.5,6,3.94,6,0,0,0,0,0,0,0.00,0,0,0,0,0,0,ar ARG,"MF,FW",Rosario Central,Primera Division Argentina,18,2004,1.5,5,3,3,2,0,3,8,37.5,5,3,0,3,0,5,0,0,ar ARG,"MF,FW",Rosario Central,Primera Division Argentina,18,2004,1.5,103,2,16,59,33,2,103,9,4,44.4,5,55.6,66,302,125,3,6,1,5,1,64,3,ar ARG,"MF,FW",Rosario Central,Primera Division Argentina,18,2004,8,137,17,5.6,1.5,1,45,0,7,13,10,2.00,2,0,+2,+1.31,+1.12,3.1,1.7,+1.4,+0.94,+1.02,ar ARG,"MF,FW",Rosario Central,Primera Division Argentina,18,2004,1.5,1,0,0,4,1,0,2,0,3,0,0,0,15,5,1,83.3
Agustín Obando,ar ARG,"MF,FW",Tigre,Primera Division Argentina,22,2000,8,1,214,2.4,0,0,0,0,0,0,2,0,0.2,0.2,0.6,0.9,5,9,15,0.00,0.00,0.00,0.00,0.00,0.10,0.26,0.36,0.10,0.36,ar ARG,"MF,FW",Tigre,Primera Division Argentina,22,2000,2.4,0,4,2,50.0,1.68,0.84,0.00,0.00,23.8,1,0,0,0.2,0.2,0.06,-0.2,-0.2,ar ARG,"MF,FW",Tigre,Primera Division Argentina,22,2000,2.4,46,90,51.1,791,317,20,35,57.1,18,33,54.5,5,14,35.7,0,0.6,0.4,-0.6,6,5,5,1,9,ar ARG,"MF,FW",Tigre,Primera Division Argentina,22,2000,2.4,90,81,9,2,0,0,19,1,6,1,5,0,46,0,3,ar ARG,"MF,FW",Tigre,Primera Division Argentina,22,2000,2.4,6,2.51,3,2,0,1,0,0,0,0.00,0,0,0,0,0,0,ar ARG,"MF,FW",Tigre,Primera Division Argentina,22,2000,2.4,3,1,0,2,1,1,4,25.0,3,3,0,3,0,3,2,0,ar ARG,"MF,FW",Tigre,Primera Division Argentina,22,2000,2.4,118,2,15,54,51,5,118,4,2,50.0,2,50.0,64,242,122,5,3,1,6,2,74,15,ar ARG,"MF,FW",Tigre,Primera Division Argentina,22,2000,8,214,27,8.8,2.4,1,81,0,7,19,7,0.88,2,5,-3,-1.26,-1.30,2.7,2.6,+0.1,+0.03,-0.13,ar ARG,"MF,FW",Tigre,Primera Division Argentina,22,2000,2.4,2,0,0,2,2,1,19,0,1,0,0,0,11,9,8,52.9
Agustin Ojeda,ar ARG,FW,Racing Club,Primera Division Argentina,18,2004,5,2,174,1.9,1,0,1,1,0,0,0,0,0.5,0.5,0.1,0.5,12,7,19,0.52,0.00,0.52,0.52,0.52,0.24,0.03,0.28,0.24,0.28,ar ARG,FW,Racing Club,Primera Division Argentina,18,2004,1.9,1,3,2,66.7,1.55,1.03,0.33,0.50,12.6,0,0,0,0.5,0.5,0.16,+0.5,+0.5,ar ARG,FW,Racing Club,Primera Division Argentina,18,2004,1.9,51,64,79.7,660,128,33,36,91.7,15,19,78.9,1,5,20.0,0,0.1,0.1,-0.1,1,5,2,0,7,ar ARG,FW,Racing Club,Primera Division Argentina,18,2004,1.9,64,63,1,0,0,0,2,1,0,0,0,0,51,0,1,ar ARG,FW,Racing Club,Primera Division Argentina,18,2004,1.9,5,2.59,1,0,2,0,2,0,0,0.00,0,0,0,0,0,0,ar ARG,FW,Racing Club,Primera Division Argentina,18,2004,1.9,2,2,1,0,1,0,1,0.0,1,2,0,2,1,3,0,0,ar ARG,FW,Racing Club,Primera Division Argentina,18,2004,1.9,82,0,7,35,43,6,82,17,11,64.7,5,29.4,59,551,299,12,4,5,3,2,65,19,ar ARG,FW,Racing Club,Primera Division Argentina,18,2004,5,174,35,7.2,1.9,2,71,0,3,11,3,1.60,3,3,0,0.00,-0.04,1.8,4.0,-2.3,-1.16,-1.07,ar ARG,FW,Racing Club,Primera Division Argentina,18,2004,1.9,0,0,0,2,3,0,2,1,2,0,0,0,9,3,5,37.5
Christian Oliva,uy URU,MF,Talleres,Primera Division Argentina,26,1996,16,2,437,4.9,0,0,0,0,0,0,1,0,0.2,0.2,0.4,0.6,8,19,9,0.00,0.00,0.00,0.00,0.00,0.03,0.08,0.12,0.03,0.12,uy URU,MF,Talleres,Primera Division Argentina,26,1996,4.9,0,4,1,25.0,0.82,0.21,0.00,0.00,23.8,0,0,0,0.2,0.2,0.04,-0.2,-0.2,uy URU,MF,Talleres,Primera Division Argentina,26,1996,4.9,221,263,84.0,4098,1133,94,104,90.4,94,106,88.7,28,39,71.8,0,0.4,0.7,-0.4,9,18,2,0,19,uy URU,MF,Talleres,Primera Division Argentina,26,1996,4.9,263,236,25,15,0,4,9,4,6,2,3,0,221,2,1,uy URU,MF,Talleres,Primera Division Argentina,26,1996,4.9,16,3.30,6,8,0,1,0,1,0,0.00,0,0,0,0,0,0,uy URU,MF,Talleres,Primera Division Argentina,26,1996,4.9,9,6,3,4,2,6,13,46.2,7,6,0,6,8,17,9,0,uy URU,MF,Talleres,Primera Division Argentina,26,1996,4.9,315,10,64,200,57,4,315,7,3,42.9,4,57.1,171,734,365,8,5,1,6,3,189,9,uy URU,MF,Talleres,Primera Division Argentina,26,1996,16,437,27,18.0,4.9,2,82,1,14,20,7,2.13,7,6,+1,+0.21,-0.61,8.0,6.5,+1.4,+0.29,-0.35,uy URU,MF,Talleres,Primera Division Argentina,26,1996,4.9,1,0,0,9,4,0,9,8,6,0,0,0,37,4,5,44.4
Francisco Oliver,ar ARG,DF,Belgrano,Primera Division Argentina,27,1995,4,1,103,1.1,0,0,0,0,0,0,0,0,0.0,0.0,0.0,0.0,0,6,2,0.00,0.00,0.00,0.00,0.00,0.00,0.00,0.00,0.00,0.00,ar ARG,DF,Belgrano,Primera Division Argentina,27,1995,1.1,0,0,0,0,0.00,0.00,0,0,0,0,0,0,0.0,0.0,0,0.0,0.0,ar ARG,DF,Belgrano,Primera Division Argentina,27,1995,1.1,36,47,76.6,784,483,9,13,69.2,21,23,91.3,6,10,60.0,0,0.0,0.1,0.0,0,6,1,0,6,ar ARG,DF,Belgrano,Primera Division Argentina,27,1995,1.1,47,34,13,0,0,1,0,13,0,0,0,0,36,0,1,ar ARG,DF,Belgrano,Primera Division Argentina,27,1995,1.1,3,2.62,2,1,0,0,0,0,0,0.00,0,0,0,0,0,0,ar ARG,DF,Belgrano,Primera Division Argentina,27,1995,1.1,2,2,1,1,0,1,1,100.0,0,1,0,1,2,4,5,0,ar ARG,DF,Belgrano,Primera Division Argentina,27,1995,1.1,60,6,29,23,8,0,60,0,0,0,0,0,28,151,63,0,1,0,1,1,24,2,ar ARG,DF,Belgrano,Primera Division Argentina,27,1995,4,103,26,4.2,1.1,1,68,0,3,12,2,1.75,1,1,0,0.00,+0.23,1.5,2.7,-1.1,-0.98,-0.75,ar ARG,DF,Belgrano,Primera Division Argentina,27,1995,1.1,0,0,0,2,0,0,0,2,2,0,1,0,7,0,1,0.0
Emanuel Olivera,ar ARG,DF,Banfield,Primera Division Argentina,32,1990,16,15,"1,347",15.0,0,1,1,0,0,0,5,0,0.5,0.5,0.6,1.0,5,33,2,0.00,0.07,0.07,0.00,0.07,0.03,0.04,0.07,0.03,0.07,ar ARG,DF,Banfield,Primera Division Argentina,32,1990,15.0,0,5,2,40.0,0.33,0.13,0.00,0.00,12.0,0,0,0,0.5,0.5,0.09,-0.5,-0.5,ar ARG,DF,Banfield,Primera Division Argentina,32,1990,15.0,396,504,78.6,8384,4047,129,149,86.6,192,222,86.5,71,123,57.7,1,0.6,0.6,+0.4,5,32,4,0,33,ar ARG,DF,Banfield,Primera Division Argentina,32,1990,15.0,504,469,34,27,0,10,2,3,0,0,0,0,396,1,2,ar ARG,DF,Banfield,Primera Division Argentina,32,1990,15.0,9,0.60,8,0,0,1,0,0,0,0.00,0,0,0,0,0,0,ar ARG,DF,Banfield,Primera Division Argentina,32,1990,15.0,26,19,15,10,1,19,29,65.5,10,17,10,7,15,41,69,0,ar ARG,DF,Banfield,Primera Division Argentina,32,1990,15.0,671,103,400,254,20,7,671,5,3,60.0,2,40.0,275,1322,778,5,1,0,8,2,304,2,ar ARG,DF,Banfield,Primera Division Argentina,32,1990,16,"1,347",84,55.4,15.0,15,88,14,1,27,4,0.88,8,18,-10,-0.67,-0.59,16.3,15.1,+1.2,+0.08,+0.13,ar ARG,DF,Banfield,Primera Division Argentina,32,1990,15.0,5,0,0,16,2,1,2,15,19,0,0,0,76,34,24,58.6
Tomás Olmos,ar ARG,DF,Talleres,Primera Division Argentina,18,2005,1,1,90,1.0,0,0,0,0,0,0,0,0,0.0,0.0,0.0,0.0,1,1,0,0.00,0.00,0.00,0.00,0.00,0.00,0.00,0.00,0.00,0.00,ar ARG,DF,Talleres,Primera Division Argentina,18,2005,1.0,0,0,0,0,0.00,0.00,0,0,0,0,0,0,0.0,0.0,0,0.0,0.0,ar ARG,DF,Talleres,Primera Division Argentina,18,2005,1.0,17,28,60.7,300,202,6,7,85.7,9,12,75.0,2,8,25.0,0,0.0,0.0,0.0,0,1,0,0,1,ar ARG,DF,Talleres,Primera Division Argentina,18,2005,1.0,28,18,10,0,0,0,2,10,0,0,0,0,17,0,1,ar ARG,DF,Talleres,Primera Division Argentina,18,2005,1.0,0,0.00,0,0,0,0,0,0,0,0.00,0,0,0,0,0,0,ar ARG,DF,Talleres,Primera Division Argentina,18,2005,1.0,3,1,3,0,0,2,2,100.0,0,1,0,1,2,5,7,0,ar ARG,DF,Talleres,Primera Division Argentina,18,2005,1.0,44,5,22,8,14,0,44,1,1,100.0,0,0.0,9,45,9,1,0,0,1,0,9,0,ar ARG,DF,Talleres,Primera Division Argentina,18,2005,1,90,90,3.7,1.0,1,90,1,0,0,16,1.00,1,1,0,0.00,-0.73,0.4,2.1,-1.7,-1.73,-2.41,ar ARG,DF,Talleres,Primera Division Argentina,18,2005,1.0,0,0,0,0,0,0,2,2,1,0,0,0,6,1,3,25.0
Óscar Opazo,cl CHI,DF,Racing Club,Primera Division Argentina,32,1990,7,3,437,4.9,0,0,0,0,0,0,2,0,0.0,0.0,0.1,0.1,6,25,27,0.00,0.00,0.00,0.00,0.00,0.01,0.02,0.03,0.01,0.03,cl CHI,DF,Racing Club,Primera Division Argentina,32,1990,4.9,0,1,0,0.0,0.21,0.00,0.00,0,10.7,0,0,0,0.0,0.0,0.04,0.0,0.0,cl CHI,DF,Racing Club,Primera Division Argentina,32,1990,4.9,249,301,82.7,3942,1589,127,142,89.4,99,121,81.8,14,20,70.0,0,0.1,0.2,-0.1,1,24,4,3,25,cl CHI,DF,Racing Club,Primera Division Argentina,32,1990,4.9,301,245,56,5,0,1,15,51,0,0,0,0,249,0,5,cl CHI,DF,Racing Club,Primera Division Argentina,32,1990,4.9,3,0.62,2,0,1,0,0,0,1,0.21,1,0,0,0,0,0,cl CHI,DF,Racing Club,Primera Division Argentina,32,1990,4.9,15,11,8,7,0,5,11,45.5,6,3,0,3,6,21,7,1,cl CHI,DF,Racing Club,Primera Division Argentina,32,1990,4.9,343,10,89,166,90,10,343,8,3,37.5,3,37.5,188,873,419,6,4,0,3,2,186,27,cl CHI,DF,Racing Club,Primera Division Argentina,32,1990,7,437,62,18.0,4.9,3,90,3,4,42,9,1.71,9,10,-1,-0.21,-0.30,6.3,7.6,-1.3,-0.26,-0.11,cl CHI,DF,Racing Club,Primera Division Argentina,32,1990,4.9,2,0,0,5,9,2,15,6,11,0,0,0,32,10,8,55.6
Christian Ordoñez,ar ARG,MF,Vélez Sarsfield,Primera Division Argentina,18,2004,18,14,"1,098",12.2,0,2,2,0,0,0,2,0,0.1,0.1,1.0,1.0,12,33,19,0.00,0.16,0.16,0.00,0.16,0.00,0.08,0.08,0.00,0.08,ar ARG,MF,Vélez Sarsfield,Primera Division Argentina,18,2004,12.2,0,3,0,0.0,0.25,0.00,0.00,0,31.2,0,0,0,0.1,0.1,0.02,-0.1,-0.1,ar ARG,MF,Vélez Sarsfield,Primera Division Argentina,18,2004,12.2,355,454,78.2,5760,1556,171,204,83.8,158,190,83.2,20,31,64.5,2,1.0,0.9,+1.0,7,34,3,0,33,ar ARG,MF,Vélez Sarsfield,Primera Division Argentina,18,2004,12.2,454,445,8,4,1,0,4,4,0,0,0,0,355,1,12,ar ARG,MF,Vélez Sarsfield,Primera Division Argentina,18,2004,12.2,16,1.30,14,0,1,0,0,1,2,0.16,2,0,0,0,0,0,ar ARG,MF,Vélez Sarsfield,Primera Division Argentina,18,2004,12.2,26,18,11,14,1,17,37,45.9,20,28,6,22,18,44,15,0,ar ARG,MF,Vélez Sarsfield,Primera Division Argentina,18,2004,12.2,624,20,143,408,80,8,624,25,8,32.0,14,56.0,342,2056,796,12,6,1,26,8,369,19,ar ARG,MF,Vélez Sarsfield,Primera Division Argentina,18,2004,18,"1,098",61,45.2,12.2,14,73,4,4,18,9,1.06,12,15,-3,-0.25,-0.25,10.8,13.6,-2.8,-0.23,-0.35,ar ARG,MF,Vélez Sarsfield,Primera Division Argentina,18,2004,12.2,2,0,0,11,12,0,4,18,18,0,0,0,64,14,12,53.8
Matías Orihuela,ar ARG,DF,Atlé Tucumán,Primera Division Argentina,30,1992,26,26,"2,222",24.7,1,1,2,1,0,0,3,0,2.1,2.1,2.1,4.2,31,64,101,0.04,0.04,0.08,0.04,0.08,0.08,0.09,0.17,0.08,0.17,ar ARG,DF,Atlé Tucumán,Primera Division Argentina,30,1992,24.7,1,24,5,20.8,0.97,0.20,0.04,0.20,16.2,0,0,0,2.1,2.1,0.09,-1.1,-1.1,ar ARG,DF,Atlé Tucumán,Primera Division Argentina,30,1992,24.7,732,1013,72.3,12972,5435,291,351,82.9,369,466,79.2,58,135,43.0,1,2.1,1.4,-1.1,26,41,18,11,64,ar ARG,DF,Atlé Tucumán,Primera Division Argentina,30,1992,24.7,1013,774,234,8,2,2,56,226,0,0,0,0,732,5,30,ar ARG,DF,Atlé Tucumán,Primera Division Argentina,30,1992,24.7,57,2.31,36,9,6,3,2,1,2,0.08,2,0,0,0,0,0,ar ARG,DF,Atlé Tucumán,Primera Division Argentina,30,1992,24.7,59,40,34,25,0,29,61,47.5,32,38,9,29,30,89,55,0,ar ARG,DF,Atlé Tucumán,Primera Division Argentina,30,1992,24.7,1323,65,393,627,315,47,1323,58,29,50.0,25,43.1,613,3340,1829,31,26,7,24,26,647,101,ar ARG,DF,Atlé Tucumán,Primera Division Argentina,30,1992,26,"2,222",85,91.4,24.7,26,85,21,0,0,1,1.38,21,25,-4,-0.16,-1.03,24.5,31.6,-7.1,-0.29,-0.77,ar ARG,DF,Atlé Tucumán,Primera Division Argentina,30,1992,24.7,3,0,0,20,25,0,56,30,40,0,0,0,137,26,22,54.2
Nicolás Oróz,ar ARG,"MF,FW",Racing Club,Primera Division Argentina,28,1994,22,16,"1,297",14.4,3,1,4,3,0,0,3,0,1.1,1.1,1.6,2.7,17,75,74,0.21,0.07,0.28,0.21,0.28,0.08,0.11,0.19,0.08,0.19,ar ARG,"MF,FW",Racing Club,Primera Division Argentina,28,1994,14.4,3,16,8,50.0,1.11,0.56,0.19,0.38,18.9,2,0,0,1.1,1.1,0.07,+1.9,+1.9,ar ARG,"MF,FW",Racing Club,Primera Division Argentina,28,1994,14.4,521,673,77.4,8898,2449,265,297,89.2,188,222,84.7,52,105,49.5,1,1.6,1.9,-0.6,19,63,12,1,75,ar ARG,"MF,FW",Racing Club,Primera Division Argentina,28,1994,14.4,673,601,64,16,3,6,58,4,44,22,15,1,521,8,18,ar ARG,"MF,FW",Racing Club,Primera Division Argentina,28,1994,14.4,41,2.84,26,11,1,0,2,1,4,0.28,2,1,0,0,1,0,ar ARG,"MF,FW",Racing Club,Primera Division Argentina,28,1994,14.4,22,16,9,8,5,12,32,37.5,20,16,2,14,14,36,5,0,ar ARG,"MF,FW",Racing Club,Primera Division Argentina,28,1994,14.4,820,12,102,465,264,21,820,46,21,45.7,20,43.5,480,2000,748,17,15,5,26,27,541,74,ar ARG,"MF,FW",Racing Club,Primera Division Argentina,28,1994,22,"1,297",59,53.4,14.4,16,74,5,6,19,5,1.36,21,16,+5,+0.35,+0.66,19.2,22.6,-3.5,-0.24,-0.15,ar ARG,"MF,FW",Racing Club,Primera Division Argentina,28,1994,14.4,3,0,0,9,11,2,58,14,16,1,0,0,113,9,12,42.9
Franco Orozco,ar ARG,FW,Lanús,Primera Division Argentina,21,2002,23,14,"1,127",12.5,4,3,7,4,0,0,2,0,4.1,4.1,1.9,6.0,36,30,128,0.32,0.24,0.56,0.32,0.56,0.33,0.15,0.48,0.33,0.48,ar ARG,FW,Lanús,Primera Division Argentina,21,2002,12.5,4,22,7,31.8,1.76,0.56,0.18,0.57,15.9,0,0,0,4.1,4.1,0.19,-0.1,-0.1,ar ARG,FW,Lanús,Primera Division Argentina,21,2002,12.5,225,318,70.8,3910,1013,115,140,82.1,76,101,75.2,26,50,52.0,3,1.9,1.7,+1.1,20,16,13,4,30,ar ARG,FW,Lanús,Primera Division Argentina,21,2002,12.5,318,285,32,6,0,3,49,5,20,2,15,0,225,1,12,ar ARG,FW,Lanús,Primera Division Argentina,21,2002,12.5,42,3.36,20,10,6,2,4,0,4,0.32,2,1,0,0,1,0,ar ARG,FW,Lanús,Primera Division Argentina,21,2002,12.5,12,6,4,6,2,4,25,16.0,21,16,1,15,2,14,2,0,ar ARG,FW,Lanús,Primera Division Argentina,21,2002,12.5,485,6,50,182,261,42,485,45,15,33.3,22,48.9,302,2234,962,36,20,11,46,14,345,128,ar ARG,FW,Lanús,Primera Division Argentina,21,2002,23,"1,127",49,46.4,12.5,14,68,1,9,20,4,1.70,19,13,+6,+0.48,+0.13,22.4,11.3,+11.1,+0.88,+1.04,ar ARG,FW,Lanús,Primera Division Argentina,21,2002,12.5,2,0,0,9,30,5,49,2,6,1,0,0,55,5,22,18.5
Nicolás Orsini,ar ARG,FW,Boca Juniors,Primera Division Argentina,28,1994,4,3,204,2.3,0,0,0,0,0,0,0,0,0.7,0.7,0.0,0.7,1,1,15,0.00,0.00,0.00,0.00,0.00,0.31,0.02,0.33,0.31,0.33,ar ARG,FW,Boca Juniors,Primera Division Argentina,28,1994,2.3,0,7,1,14.3,3.09,0.44,0.00,0.00,12.0,0,0,0,0.7,0.7,0.10,-0.7,-0.7,ar ARG,FW,Boca Juniors,Primera Division Argentina,28,1994,2.3,33,45,73.3,486,39,22,27,81.5,8,9,88.9,2,3,66.7,0,0.0,0.1,0.0,1,3,0,0,1,ar ARG,FW,Boca Juniors,Primera Division Argentina,28,1994,2.3,45,41,3,0,0,0,2,0,0,0,0,0,33,1,1,ar ARG,FW,Boca Juniors,Primera Division Argentina,28,1994,2.3,5,2.21,2,0,0,1,1,1,1,0.44,1,0,0,0,0,0,ar ARG,FW,Boca Juniors,Primera Division Argentina,28,1994,2.3,1,1,0,0,1,0,0,0,0,4,1,3,1,2,1,0,ar ARG,FW,Boca Juniors,Primera Division Argentina,28,1994,2.3,71,2,2,25,45,12,71,5,3,60.0,2,40.0,33,145,21,1,1,0,6,1,50,15,ar ARG,FW,Boca Juniors,Primera Division Argentina,28,1994,4,204,51,8.4,2.3,3,63,2,1,16,9,1.00,2,1,+1,+0.44,+0.12,2.1,3.2,-1.2,-0.52,-0.62,ar ARG,FW,Boca Juniors,Primera Division Argentina,28,1994,2.3,0,0,0,1,3,0,2,1,1,0,0,0,6,8,7,53.3
Francisco Ortega,ar ARG,DF,Vélez Sarsfield,Primera Division Argentina,23,1999,25,25,"2,233",24.8,1,1,2,1,0,0,3,1,0.5,0.5,1.1,1.5,67,111,106,0.04,0.04,0.08,0.04,0.08,0.02,0.04,0.06,0.02,0.06,ar ARG,DF,Vélez Sarsfield,Primera Division Argentina,23,1999,24.8,1,12,6,50.0,0.48,0.24,0.08,0.17,21.4,0,0,0,0.5,0.5,0.04,+0.5,+0.5,ar ARG,DF,Vélez Sarsfield,Primera Division Argentina,23,1999,24.8,1032,1346,76.7,16555,7182,546,602,90.7,407,526,77.4,59,151,39.1,1,1.1,1.4,-0.1,15,77,14,6,111,ar ARG,DF,Vélez Sarsfield,Primera Division Argentina,23,1999,24.8,1346,983,362,35,0,3,68,312,15,1,9,0,1032,1,30,ar ARG,DF,Vélez Sarsfield,Primera Division Argentina,23,1999,24.8,49,1.97,29,7,4,1,5,3,4,0.16,1,1,1,0,1,0,ar ARG,DF,Vélez Sarsfield,Primera Division Argentina,23,1999,24.8,58,38,36,18,4,31,53,58.5,22,29,5,24,26,84,55,1,ar ARG,DF,Vélez Sarsfield,Primera Division Argentina,23,1999,24.8,1627,63,500,793,361,19,1627,107,62,57.9,37,34.6,820,4928,2491,67,44,8,42,34,793,106,ar ARG,DF,Vélez Sarsfield,Primera Division Argentina,23,1999,25,"2,233",89,91.9,24.8,25,89,24,0,0,0,1.04,22,23,-1,-0.04,+0.87,22.2,22.0,+0.1,+0.01,+0.53,ar ARG,DF,Vélez Sarsfield,Primera Division Argentina,23,1999,24.8,3,1,1,23,41,1,68,26,38,0,0,0,214,43,31,58.1
Martín Ortega,ar ARG,"DF,MF",Tigre,Primera Division Argentina,23,1999,12,9,750,8.3,0,1,1,0,0,0,2,0,0.4,0.4,0.5,0.9,25,26,51,0.00,0.12,0.12,0.00,0.12,0.04,0.06,0.10,0.04,0.10,ar ARG,"DF,MF",Tigre,Primera Division Argentina,23,1999,8.3,0,6,3,50.0,0.72,0.36,0.00,0.00,27.6,0,0,0,0.4,0.4,0.06,-0.4,-0.4,ar ARG,"DF,MF",Tigre,Primera Division Argentina,23,1999,8.3,326,433,75.3,5034,2048,170,189,89.9,135,167,80.8,13,44,29.5,1,0.5,0.4,+0.5,7,17,9,8,26,ar ARG,"DF,MF",Tigre,Primera Division Argentina,23,1999,8.3,433,341,92,8,0,0,38,84,0,0,0,0,326,0,16,ar ARG,"DF,MF",Tigre,Primera Division Argentina,23,1999,8.3,15,1.80,12,0,2,1,0,0,1,0.12,1,0,0,0,0,0,ar ARG,"DF,MF",Tigre,Primera Division Argentina,23,1999,8.3,18,12,7,9,2,11,19,57.9,8,10,2,8,5,23,21,1,ar ARG,"DF,MF",Tigre,Primera Division Argentina,23,1999,8.3,533,21,144,231,165,2,533,25,12,48.0,9,36.0,273,1431,816,25,16,0,11,10,281,51,ar ARG,"DF,MF",Tigre,Primera Division Argentina,23,1999,12,750,63,30.9,8.3,9,79,6,3,13,13,1.25,6,8,-2,-0.24,-0.24,10.3,12.4,-2.1,-0.25,-0.59,ar ARG,"DF,MF",Tigre,Primera Division Argentina,23,1999,8.3,2,0,0,7,5,1,38,5,12,0,0,0,51,9,8,52.9
Diego Ortegoza,cl CHI,MF,Talleres,Primera Division Argentina,25,1997,15,14,792,8.8,0,0,0,0,0,0,5,0,0.4,0.4,0.8,1.3,3,26,30,0.00,0.00,0.00,0.00,0.00,0.05,0.09,0.14,0.05,0.14,cl CHI,MF,Talleres,Primera Division Argentina,25,1997,8.8,0,12,2,16.7,1.36,0.23,0.00,0.00,24.5,0,0,0,0.4,0.4,0.04,-0.4,-0.4,cl CHI,MF,Talleres,Primera Division Argentina,25,1997,8.8,235,304,77.3,4061,872,108,135,80.0,87,107,81.3,28,40,70.0,0,0.8,0.2,-0.8,8,16,3,0,26,cl CHI,MF,Talleres,Primera Division Argentina,25,1997,8.8,304,300,4,3,1,2,13,1,0,0,0,0,235,0,6,cl CHI,MF,Talleres,Primera Division Argentina,25,1997,8.8,18,2.05,12,1,2,3,0,0,0,0.00,0,0,0,0,0,0,cl CHI,MF,Talleres,Primera Division Argentina,25,1997,8.8,23,16,8,13,2,9,29,31.0,20,13,3,10,6,29,14,0,cl CHI,MF,Talleres,Primera Division Argentina,25,1997,8.8,411,16,68,248,100,10,411,19,11,57.9,6,31.6,249,1137,322,3,10,1,18,13,263,30,cl CHI,MF,Talleres,Primera Division Argentina,25,1997,15,792,53,32.6,8.8,14,56,0,1,2,11,2.07,10,4,+6,+0.68,-0.03,13.0,9.0,+3.9,+0.45,-0.20,cl CHI,MF,Talleres,Primera Division Argentina,25,1997,8.8,5,0,0,27,7,0,13,6,16,0,0,0,54,7,15,31.8
Iván Ortigoza,ar ARG,"FW,MF",Belgrano,Primera Division Argentina,27,1995,11,5,401,4.5,0,0,0,0,0,0,2,0,0.5,0.5,0.2,0.7,18,19,48,0.00,0.00,0.00,0.00,0.00,0.11,0.04,0.15,0.11,0.15,ar ARG,"FW,MF",Belgrano,Primera Division Argentina,27,1995,4.5,0,10,5,50.0,2.24,1.12,0.00,0.00,22.3,0,0,0,0.5,0.5,0.05,-0.5,-0.5,ar ARG,"FW,MF",Belgrano,Primera Division Argentina,27,1995,4.5,108,157,68.8,1802,483,51,72,70.8,41,51,80.4,12,19,63.2,0,0.2,0.4,-0.2,4,6,8,6,19,ar ARG,"FW,MF",Belgrano,Primera Division Argentina,27,1995,4.5,157,151,4,0,0,3,22,2,1,1,0,0,108,2,7,ar ARG,"FW,MF",Belgrano,Primera Division Argentina,27,1995,4.5,13,2.91,12,0,0,0,1,0,1,0.22,0,0,0,0,1,0,ar ARG,"FW,MF",Belgrano,Primera Division Argentina,27,1995,4.5,8,4,2,4,2,5,11,45.5,6,2,0,2,2,10,2,0,ar ARG,"FW,MF",Belgrano,Primera Division Argentina,27,1995,4.5,216,2,15,88,116,10,216,23,9,39.1,12,52.2,141,1028,552,18,15,2,13,12,154,48,ar ARG,"FW,MF",Belgrano,Primera Division Argentina,27,1995,11,401,36,16.5,4.5,5,58,0,6,18,7,0.91,4,5,-1,-0.22,0.00,7.6,4.8,+2.8,+0.63,+1.08,ar ARG,"FW,MF",Belgrano,Primera Division Argentina,27,1995,4.5,2,0,0,4,8,0,22,2,4,1,0,0,26,1,6,14.3
Guillermo Ortiz,ar ARG,DF,Newell's OB,Primera Division Argentina,30,1992,15,13,"1,163",12.9,1,0,1,1,0,0,3,0,1.0,1.0,0.1,1.1,8,43,3,0.08,0.00,0.08,0.08,0.08,0.08,0.01,0.08,0.08,0.08,ar ARG,DF,Newell's OB,Primera Division Argentina,30,1992,12.9,1,6,2,33.3,0.46,0.15,0.17,0.50,11.8,0,0,0,1.0,1.0,0.17,0.0,0.0,ar ARG,DF,Newell's OB,Primera Division Argentina,30,1992,12.9,721,830,86.9,14643,5031,184,215,85.6,456,484,94.2,77,116,66.4,0,0.1,0.1,-0.1,4,26,2,0,43,ar ARG,DF,Newell's OB,Primera Division Argentina,30,1992,12.9,830,798,31,22,0,4,0,6,0,0,0,0,721,1,7,ar ARG,DF,Newell's OB,Primera Division Argentina,30,1992,12.9,8,0.62,7,0,0,0,0,1,0,0.00,0,0,0,0,0,0,ar ARG,DF,Newell's OB,Primera Division Argentina,30,1992,12.9,17,11,15,2,0,11,15,73.3,4,11,7,4,14,31,51,0,ar ARG,DF,Newell's OB,Primera Division Argentina,30,1992,12.9,939,86,447,484,12,8,939,3,2,66.7,1,33.3,570,2898,1662,8,1,1,4,1,632,3,ar ARG,DF,Newell's OB,Primera Division Argentina,30,1992,15,"1,163",78,47.9,12.9,13,87,12,2,19,11,1.27,13,12,+1,+0.08,+0.15,11.5,11.9,-0.5,-0.04,+0.02,ar ARG,DF,Newell's OB,Primera Division Argentina,30,1992,12.9,3,0,0,10,5,2,0,14,11,0,0,0,93,41,27,60.3
Kevin Ortíz,ar ARG,MF,Rosario Central,Primera Division Argentina,22,2000,23,23,"1,895",21.1,0,1,1,0,0,0,12,1,0.6,0.6,0.3,0.9,13,80,12,0.00,0.05,0.05,0.00,0.05,0.03,0.02,0.04,0.03,0.04,ar ARG,MF,Rosario Central,Primera Division Argentina,22,2000,21.1,0,15,6,40.0,0.71,0.28,0.00,0.00,30.4,0,0,0,0.6,0.6,0.04,-0.6,-0.6,ar ARG,MF,Rosario Central,Primera Division Argentina,22,2000,21.1,536,709,75.6,10149,3112,217,271,80.1,236,295,80.0,72,107,67.3,1,0.3,0.3,+0.7,7,63,3,0,80,ar ARG,MF,Rosario Central,Primera Division Argentina,22,2000,21.1,709,696,11,8,1,7,3,2,0,0,0,0,536,2,15,ar ARG,MF,Rosario Central,Primera Division Argentina,22,2000,21.1,24,1.14,15,0,0,2,1,6,2,0.09,1,0,0,0,0,1,ar ARG,MF,Rosario Central,Primera Division Argentina,22,2000,21.1,76,47,40,30,6,34,98,34.7,64,51,12,39,47,123,46,0,ar ARG,MF,Rosario Central,Primera Division Argentina,22,2000,21.1,1012,62,285,638,99,2,1012,24,10,41.7,12,50.0,447,2134,941,13,17,1,32,21,444,12,ar ARG,MF,Rosario Central,Primera Division Argentina,22,2000,23,"1,895",82,78.0,21.1,23,82,18,0,0,0,1.65,30,19,+11,+0.52,+1.20,27.4,24.4,+3.0,+0.14,+0.78,ar ARG,MF,Rosario Central,Primera Division Argentina,22,2000,21.1,12,1,1,34,31,1,3,47,47,0,0,0,166,28,40,41.2
Marcelo Ortiz,ar ARG,DF,Atlé Tucumán,Primera Division Argentina,29,1994,14,12,"1,073",11.9,1,0,1,1,0,0,4,0,0.2,0.2,0.5,0.7,5,39,7,0.08,0.00,0.08,0.08,0.08,0.02,0.04,0.06,0.02,0.06,ar ARG,DF,Atlé Tucumán,Primera Division Argentina,29,1994,11.9,1,4,1,25.0,0.34,0.08,0.25,1.00,15.2,0,0,0,0.2,0.2,0.05,+0.8,+0.8,ar ARG,DF,Atlé Tucumán,Primera Division Argentina,29,1994,11.9,304,455,66.8,6773,3935,92,115,80.0,143,188,76.1,68,136,50.0,0,0.5,0.4,-0.5,6,43,4,0,39,ar ARG,DF,Atlé Tucumán,Primera Division Argentina,29,1994,11.9,455,365,89,9,0,7,6,80,0,0,0,0,304,1,7,ar ARG,DF,Atlé Tucumán,Primera Division Argentina,29,1994,11.9,13,1.09,10,2,0,1,0,0,1,0.08,1,0,0,0,0,0,ar ARG,DF,Atlé Tucumán,Primera Division Argentina,29,1994,11.9,20,11,10,10,0,10,20,50.0,10,14,6,8,16,36,35,0,ar ARG,DF,Atlé Tucumán,Primera Division Argentina,29,1994,11.9,565,46,254,270,45,4,565,5,2,40.0,3,60.0,230,1074,580,5,3,0,10,1,249,7,ar ARG,DF,Atlé Tucumán,Primera Division Argentina,29,1994,14,"1,073",77,44.2,11.9,12,86,10,2,23,7,1.86,12,7,+5,+0.42,+0.88,11.7,11.5,+0.2,+0.02,+0.42,ar ARG,DF,Atlé Tucumán,Primera Division Argentina,29,1994,11.9,4,0,0,16,6,0,6,16,11,0,0,0,56,21,17,55.3
Sergio Ortíz,ar ARG,MF,Independiente,Primera Division Argentina,21,2001,21,17,"1,461",16.2,1,0,1,1,0,0,7,0,0.8,0.8,0.4,1.2,12,53,14,0.06,0.00,0.06,0.06,0.06,0.05,0.03,0.07,0.05,0.07,ar ARG,MF,Independiente,Primera Division Argentina,21,2001,16.2,1,15,3,20.0,0.92,0.18,0.07,0.33,26.3,1,0,0,0.8,0.8,0.05,+0.2,+0.2,ar ARG,MF,Independiente,Primera Division Argentina,21,2001,16.2,336,522,64.4,5651,2155,147,212,69.3,139,197,70.6,33,71,46.5,0,0.4,0.7,-0.4,10,44,8,1,53,ar ARG,MF,Independiente,Primera Division Argentina,21,2001,16.2,522,483,37,16,2,3,37,5,16,7,8,0,336,2,13,ar ARG,MF,Independiente,Primera Division Argentina,21,2001,16.2,25,1.54,15,3,1,4,1,1,6,0.37,3,0,0,2,0,1,ar ARG,MF,Independiente,Primera Division Argentina,21,2001,16.2,66,41,18,37,11,30,60,50.0,30,36,5,31,16,82,15,0,ar ARG,MF,Independiente,Primera Division Argentina,21,2001,16.2,743,26,139,454,165,8,743,31,20,64.5,10,32.3,320,1478,655,12,21,2,28,22,324,14,ar ARG,MF,Independiente,Primera Division Argentina,21,2001,21,"1,461",70,60.1,16.2,17,79,8,4,31,5,1.19,15,19,-4,-0.25,+0.22,18.6,19.2,-0.6,-0.04,-0.04,ar ARG,MF,Independiente,Primera Division Argentina,21,2001,16.2,7,0,0,38,18,0,37,16,41,0,0,0,124,27,19,58.7
Tomás Ortiz,ar ARG,FW,Defensa y Just,Primera Division Argentina,22,2000,1,0,36,0.4,0,0,0,0,0,0,0,0,0.0,0.0,0.0,0.0,1,0,2,0.00,0.00,0.00,0.00,0.00,0.00,0.00,0.00,0.00,0.00,ar ARG,FW,Defensa y Just,Primera Division Argentina,22,2000,0.4,0,0,0,0,0.00,0.00,0,0,0,0,0,0,0.0,0.0,0,0.0,0.0,ar ARG,FW,Defensa y Just,Primera Division Argentina,22,2000,0.4,6,11,54.5,115,8,2,5,40.0,3,3,100.0,1,2,50.0,0,0.0,0.0,0.0,0,0,0,0,0,ar ARG,FW,Defensa y Just,Primera Division Argentina,22,2000,0.4,11,9,2,0,0,0,1,0,0,0,0,0,6,0,2,ar ARG,FW,Defensa y Just,Primera Division Argentina,22,2000,0.4,0,0.00,0,0,0,0,0,0,0,0.00,0,0,0,0,0,0,ar ARG,FW,Defensa y Just,Primera Division Argentina,22,2000,0.4,1,1,0,0,1,0,0,0,0,0,0,0,0,1,0,0,ar ARG,FW,Defensa y Just,Primera Division Argentina,22,2000,0.4,17,0,0,10,7,1,17,2,0,0.0,2,100.0,9,31,5,1,0,1,1,4,10,2,ar ARG,FW,Defensa y Just,Primera Division Argentina,22,2000,1,36,36,1.5,0.4,0,0,0,1,36,3,0.00,0,2,-2,-5.00,-5.56,0.0,1.5,-1.5,-3.86,-4.05,ar ARG,FW,Defensa y Just,Primera Division Argentina,22,2000,0.4,0,0,0,1,1,0,1,0,1,0,0,0,2,1,2,33.3
Javier Osatchuk,ar ARG,DF,Independiente,Primera Division Argentina,22,2000,9,3,435,4.8,0,0,0,0,0,0,1,1,0.2,0.2,0.0,0.2,3,17,9,0.00,0.00,0.00,0.00,0.00,0.03,0.00,0.03,0.03,0.03,ar ARG,DF,Independiente,Primera Division Argentina,22,2000,4.8,0,6,3,50.0,1.24,0.62,0.00,0.00,24.8,0,0,0,0.2,0.2,0.03,-0.2,-0.2,ar ARG,DF,Independiente,Primera Division Argentina,22,2000,4.8,141,234,60.3,2751,1169,55,65,84.6,67,97,69.1,16,55,29.1,0,0.0,0.1,0.0,0,18,2,0,17,ar ARG,DF,Independiente,Primera Division Argentina,22,2000,4.8,234,187,47,2,0,4,6,45,0,0,0,0,141,0,9,ar ARG,DF,Independiente,Primera Division Argentina,22,2000,4.8,4,0.83,2,2,0,0,0,0,0,0.00,0,0,0,0,0,0,ar ARG,DF,Independiente,Primera Division Argentina,22,2000,4.8,9,5,3,5,1,6,15,40.0,9,4,0,4,9,18,9,0,ar ARG,DF,Independiente,Primera Division Argentina,22,2000,4.8,296,10,82,158,58,2,296,7,2,28.6,4,57.1,140,585,283,3,6,0,11,4,146,9,ar ARG,DF,Independiente,Primera Division Argentina,22,2000,9,435,48,17.9,4.8,3,84,1,6,30,12,1.00,5,7,-2,-0.41,-0.10,5.9,5.1,+0.9,+0.18,+0.24,ar ARG,DF,Independiente,Primera Division Argentina,22,2000,4.8,1,1,0,11,5,0,6,9,5,0,1,0,30,9,8,52.9
Abiel Osorio,ar ARG,FW,Vélez Sarsfield,Primera Division Argentina,20,2002,26,16,"1,437",16.0,2,1,3,2,0,0,4,0,2.1,2.1,1.3,3.5,19,23,93,0.13,0.06,0.19,0.13,0.19,0.13,0.08,0.22,0.13,0.22,ar ARG,FW,Vélez Sarsfield,Primera Division Argentina,20,2002,16.0,2,28,12,42.9,1.75,0.75,0.07,0.17,14.6,0,0,0,2.1,2.1,0.08,-0.1,-0.1,ar ARG,FW,Vélez Sarsfield,Primera Division Argentina,20,2002,16.0,239,339,70.5,3038,622,157,207,75.8,60,77,77.9,7,10,70.0,1,1.3,0.8,-0.3,11,11,9,4,23,ar ARG,FW,Vélez Sarsfield,Primera Division Argentina,20,2002,16.0,339,314,23,0,1,1,12,1,0,0,0,0,239,2,12,ar ARG,FW,Vélez Sarsfield,Primera Division Argentina,20,2002,16.0,38,2.38,20,0,2,2,14,0,2,0.13,2,0,0,0,0,0,ar ARG,FW,Vélez Sarsfield,Primera Division Argentina,20,2002,16.0,12,8,2,7,3,3,9,33.3,6,18,1,17,1,13,7,0,ar ARG,FW,Vélez Sarsfield,Primera Division Argentina,20,2002,16.0,538,11,31,254,256,55,538,46,26,56.5,18,39.1,330,1522,580,19,20,8,61,24,419,93,ar ARG,FW,Vélez Sarsfield,Primera Division Argentina,20,2002,26,"1,437",55,59.1,16.0,16,73,3,10,27,0,1.00,18,11,+7,+0.44,+1.34,16.2,15.1,+1.0,+0.07,+0.25,ar ARG,FW,Vélez Sarsfield,Primera Division Argentina,20,2002,16.0,4,0,0,25,43,6,12,1,8,0,0,0,37,45,59,43.3
Fabricio Oviedo,ar ARG,FW,Rosario Central,Primera Division Argentina,18,2004,4,4,190,2.1,1,0,1,1,0,0,0,0,0.9,0.9,0.0,0.9,1,1,3,0.47,0.00,0.47,0.47,0.47,0.41,0.00,0.41,0.41,0.41,ar ARG,FW,Rosario Central,Primera Division Argentina,18,2004,2.1,1,1,1,100.0,0.47,0.47,1.00,1.00,2.5,0,0,0,0.9,0.9,0.87,+0.1,+0.1,ar ARG,FW,Rosario Central,Primera Division Argentina,18,2004,2.1,13,17,76.5,220,31,8,11,72.7,3,3,100.0,2,2,100.0,0,0.0,0.0,0.0,0,1,0,0,1,ar ARG,FW,Rosario Central,Primera Division Argentina,18,2004,2.1,17,16,1,0,0,0,0,0,0,0,0,0,13,0,1,ar ARG,FW,Rosario Central,Primera Division Argentina,18,2004,2.1,1,0.48,0,0,0,0,1,0,0,0.00,0,0,0,0,0,0,ar ARG,FW,Rosario Central,Primera Division Argentina,18,2004,2.1,6,2,0,2,4,2,6,33.3,4,1,1,0,2,8,1,0,ar ARG,FW,Rosario Central,Primera Division Argentina,18,2004,2.1,37,0,3,21,15,2,37,4,1,25.0,2,50.0,24,195,23,1,2,0,3,1,24,3,ar ARG,FW,Rosario Central,Primera Division Argentina,18,2004,4,190,48,7.8,2.1,4,48,0,0,0,7,2.00,3,2,+1,+0.47,+0.23,3.0,2.9,+0.1,+0.03,+0.06,ar ARG,FW,Rosario Central,Primera Division Argentina,18,2004,2.1,0,0,0,2,6,3,0,2,2,0,0,0,6,1,5,16.7
Santiago Paiva,uy URU,"FW,MF",Arsenal,Primera Division Argentina,24,1999,8,2,245,2.7,0,0,0,0,0,0,1,0,0.4,0.4,0.1,0.5,0,2,11,0.00,0.00,0.00,0.00,0.00,0.13,0.05,0.18,0.13,0.18,uy URU,"FW,MF",Arsenal,Primera Division Argentina,24,1999,2.7,0,4,2,50.0,1.47,0.73,0.00,0.00,10.9,0,0,0,0.4,0.4,0.09,-0.4,-0.4,uy URU,"FW,MF",Arsenal,Primera Division Argentina,24,1999,2.7,23,33,69.7,241,25,15,18,83.3,5,11,45.5,1,1,100.0,0,0.1,0.2,-0.1,2,0,1,0,2,uy URU,"FW,MF",Arsenal,Primera Division Argentina,24,1999,2.7,33,30,3,0,0,0,1,0,0,0,0,0,23,0,0,uy URU,"FW,MF",Arsenal,Primera Division Argentina,24,1999,2.7,7,2.57,3,0,0,0,4,0,1,0.37,0,0,0,0,1,0,uy URU,"FW,MF",Arsenal,Primera Division Argentina,24,1999,2.7,5,3,0,3,2,3,4,75.0,1,0,0,0,1,6,2,0,uy URU,"FW,MF",Arsenal,Primera Division Argentina,24,1999,2.7,62,2,4,26,32,11,62,2,0,0.0,1,50.0,33,65,11,0,0,0,11,1,45,11,uy URU,"FW,MF",Arsenal,Primera Division Argentina,24,1999,8,245,31,10.1,2.7,2,60,0,6,21,6,0.75,2,3,-1,-0.37,+0.25,3.9,5.1,-1.2,-0.43,0.00,uy URU,"FW,MF",Arsenal,Primera Division Argentina,24,1999,2.7,1,0,0,8,7,2,1,1,3,1,0,0,2,4,11,26.7
Tomás Palacios,ar ARG,DF,Talleres,Primera Division Argentina,19,2003,4,2,174,1.9,0,0,0,0,0,0,1,0,0.1,0.1,0.0,0.1,1,2,2,0.00,0.00,0.00,0.00,0.00,0.03,0.00,0.03,0.03,0.03,ar ARG,DF,Talleres,Primera Division Argentina,19,2003,1.9,0,1,0,0.0,0.52,0.00,0.00,0,10.7,0,0,0,0.1,0.1,0.06,-0.1,-0.1,ar ARG,DF,Talleres,Primera Division Argentina,19,2003,1.9,65,82,79.3,1443,682,19,24,79.2,29,32,90.6,14,21,66.7,0,0.0,0.0,0.0,0,4,0,0,2,ar ARG,DF,Talleres,Primera Division Argentina,19,2003,1.9,82,75,7,5,0,3,0,2,0,0,0,0,65,0,1,ar ARG,DF,Talleres,Primera Division Argentina,19,2003,1.9,0,0.00,0,0,0,0,0,0,0,0.00,0,0,0,0,0,0,ar ARG,DF,Talleres,Primera Division Argentina,19,2003,1.9,2,1,2,0,0,1,3,33.3,2,2,1,1,2,4,9,0,ar ARG,DF,Talleres,Primera Division Argentina,19,2003,1.9,103,10,68,32,4,1,103,1,0,0.0,1,100.0,62,266,163,1,0,0,2,2,64,2,ar ARG,DF,Talleres,Primera Division Argentina,19,2003,4,174,44,7.2,1.9,2,73,1,2,14,14,2.00,1,1,0,0.00,-0.76,2.0,2.6,-0.6,-0.29,-0.94,ar ARG,DF,Talleres,Primera Division Argentina,19,2003,1.9,1,0,0,2,0,0,0,2,1,0,0,0,9,2,4,33.3
Agustín Palavecino,ar ARG,"MF,FW",River Plate,Primera Division Argentina,26,1996,21,6,785,8.7,1,0,1,1,0,0,4,1,1.7,1.7,1.0,2.7,26,74,57,0.11,0.00,0.11,0.11,0.11,0.21,0.13,0.33,0.21,0.33,ar ARG,"MF,FW",River Plate,Primera Division Argentina,26,1996,8.7,1,30,8,26.7,3.44,0.92,0.03,0.13,21.0,2,0,0,1.7,1.7,0.06,-0.7,-0.7,ar ARG,"MF,FW",River Plate,Primera Division Argentina,26,1996,8.7,401,543,73.8,6660,2496,209,242,86.4,148,185,80.0,36,83,43.4,0,1.0,1.1,-1.0,12,60,13,3,74,ar ARG,"MF,FW",River Plate,Primera Division Argentina,26,1996,8.7,543,481,58,29,2,6,39,11,18,3,11,1,401,4,14,ar ARG,"MF,FW",River Plate,Primera Division Argentina,26,1996,8.7,43,5.35,28,4,1,2,3,5,4,0.50,3,0,0,1,0,0,ar ARG,"MF,FW",River Plate,Primera Division Argentina,26,1996,8.7,27,19,9,13,5,13,30,43.3,17,9,1,8,5,32,10,0,ar ARG,"MF,FW",River Plate,Primera Division Argentina,26,1996,8.7,677,11,88,353,242,30,677,36,17,47.2,15,41.7,367,1572,890,26,25,9,14,11,447,57,ar ARG,FW,Estudiantes–LP,Primera Division Argentina,19,2003,0,0,0,0,0,0,0,0,0,0,3,0,0,0,0,0,0,0,0,0,0,0,ar ARG,"MF,FW",River Plate,Primera Division Argentina,26,1996,8.7,4,1,0,23,20,2,39,5,19,0,0,0,62,8,11,42.1
Nicolás Palavecino,ar ARG,"MF,FW",Estudiantes–LP,Primera Division Argentina,19,2003,2,1,62,0.7,0,0,0,0,0,0,0,0,0.3,0.3,0.1,0.3,1,3,10,0.00,0.00,0.00,0.00,0.00,0.37,0.12,0.49,0.37,0.49,ar ARG,"MF,FW",Estudiantes–LP,Primera Division Argentina,19,2003,0.7,0,1,1,100.0,1.45,1.45,0.00,0.00,16.5,0,0,0,0.3,0.3,0.25,-0.3,-0.3,ar ARG,"MF,FW",Estudiantes–LP,Primera Division Argentina,19,2003,0.7,15,19,78.9,207,81,8,8,100.0,7,9,77.8,0,1,0.0,0,0.1,0.1,-0.1,1,1,1,0,3,ar ARG,"MF,FW",Estudiantes–LP,Primera Division Argentina,19,2003,0.7,19,19,0,0,0,0,1,0,0,0,0,0,15,0,1,ar ARG,"MF,FW",Estudiantes–LP,Primera Division Argentina,19,2003,0.7,2,2.90,2,0,0,0,0,0,0,0.00,0,0,0,0,0,0,ar ARG,"MF,FW",Estudiantes–LP,Primera Division Argentina,19,2003,0.7,0,0,0,0,0,0,0,0,0,2,0,2,0,0,0,0,ar ARG,"MF,FW",Estudiantes–LP,Primera Division Argentina,19,2003,0.7,31,0,2,17,13,3,31,2,0,0.0,2,100.0,23,154,53,1,2,0,4,1,25,10,ar ARG,"MF,FW",Estudiantes–LP,Primera Division Argentina,19,2003,2,62,31,2.6,0.7,1,45,0,1,17,8,2.00,1,0,+1,+1.45,+1.07,1.3,0.1,+1.2,+1.70,+1.38,ar ARG,"MF,FW",Estudiantes–LP,Primera Division Argentina,19,2003,0.7,0,0,0,0,2,0,1,0,0,0,0,0,2,0,0,0
Bruno Palazzo,ar ARG,DF,Gimnasia–LP,Primera Division Argentina,22,2000,5,3,315,3.5,0,0,0,0,0,0,1,0,0.0,0.0,0.0,0.0,1,7,0,0.00,0.00,0.00,0.00,0.00,0.00,0.00,0.00,0.00,0.00,ar ARG,DF,Gimnasia–LP,Primera Division Argentina,22,2000,3.5,0,0,0,0,0.00,0.00,0,0,0,0,0,0,0.0,0.0,0,0.0,0.0,ar ARG,DF,Gimnasia–LP,Primera Division Argentina,22,2000,3.5,58,92,63.0,1210,567,13,20,65.0,35,44,79.5,8,24,33.3,0,0.0,0.0,0.0,0,4,0,0,7,ar ARG,DF,Gimnasia–LP,Primera Division Argentina,22,2000,3.5,92,81,11,4,0,0,0,7,0,0,0,0,58,0,3,ar ARG,DF,Gimnasia–LP,Primera Division Argentina,22,2000,3.5,1,0.29,1,0,0,0,0,0,0,0.00,0,0,0,0,0,0,ar ARG,DF,Gimnasia–LP,Primera Division Argentina,22,2000,3.5,10,6,6,4,0,6,11,54.5,5,2,0,2,5,15,27,0,ar ARG,DF,Gimnasia–LP,Primera Division Argentina,22,2000,3.5,142,31,85,55,4,1,142,0,0,0,0,0,44,206,101,1,1,0,4,0,34,0,ar ARG,DF,Gimnasia–LP,Primera Division Argentina,22,2000,5,315,63,13.0,3.5,3,90,3,2,23,14,2.00,8,3,+5,+1.43,+2.24,3.9,4.7,-0.9,-0.24,-0.09,ar ARG,DF,Gimnasia–LP,Primera Division Argentina,22,2000,3.5,1,0,0,3,2,0,0,5,6,0,0,0,27,9,10,47.4
José Paradela,ar ARG,"MF,FW",River Plate,Primera Division Argentina,24,1998,20,13,"1,025",11.4,2,1,3,2,0,0,4,1,3.5,3.5,1.0,4.6,33,54,89,0.18,0.09,0.26,0.18,0.26,0.31,0.09,0.40,0.31,0.40,ar ARG,"MF,FW",River Plate,Primera Division Argentina,24,1998,11.4,2,30,8,26.7,2.63,0.70,0.07,0.25,21.5,1,0,0,3.5,3.5,0.12,-1.5,-1.5,ar ARG,"MF,FW",River Plate,Primera Division Argentina,24,1998,11.4,400,524,76.3,6184,1760,225,251,89.6,123,160,76.9,34,72,47.2,1,1.0,1.7,0.0,16,45,13,4,54,ar ARG,"MF,FW",River Plate,Primera Division Argentina,24,1998,11.4,524,486,37,6,3,4,52,8,23,9,11,0,400,1,10,ar ARG,"MF,FW",River Plate,Primera Division Argentina,24,1998,11.4,40,3.51,25,7,3,2,3,0,1,0.09,1,0,0,0,0,0,ar ARG,"MF,FW",River Plate,Primera Division Argentina,24,1998,11.4,19,12,5,10,4,8,28,28.6,20,20,3,17,8,27,1,0,ar ARG,"MF,FW",River Plate,Primera Division Argentina,24,1998,11.4,705,4,59,396,267,36,705,73,36,49.3,27,37.0,463,2697,1138,33,24,7,36,27,517,89,ar ARG,"MF,FW",River Plate,Primera Division Argentina,24,1998,20,"1,025",51,42.2,11.4,13,73,2,7,12,6,2.10,19,9,+10,+0.88,-0.40,18.0,9.0,+9.0,+0.79,-0.24,ar ARG,"MF,FW",River Plate,Primera Division Argentina,24,1998,11.4,4,1,1,15,27,0,52,8,12,0,0,0,70,4,17,19.0
Ezequiel Parnisari,ar ARG,DF,Instituto,Primera Division Argentina,32,1990,11,7,743,8.3,1,0,1,1,0,0,3,1,0.1,0.1,0.0,0.2,7,12,0,0.12,0.00,0.12,0.12,0.12,0.02,0.01,0.02,0.02,0.02,ar ARG,DF,Instituto,Primera Division Argentina,32,1990,8.3,1,2,1,50.0,0.24,0.12,0.50,1.00,8.2,0,0,0,0.1,0.1,0.07,+0.9,+0.9,ar ARG,DF,Instituto,Primera Division Argentina,32,1990,8.3,152,217,70.0,3090,1394,50,67,74.6,81,99,81.8,19,43,44.2,0,0.0,0.0,0.0,1,9,0,0,12,ar ARG,DF,Instituto,Primera Division Argentina,32,1990,8.3,217,206,11,10,0,1,1,1,0,0,0,0,152,0,6,ar ARG,DF,Instituto,Primera Division Argentina,32,1990,8.3,0,0.00,0,0,0,0,0,0,0,0.00,0,0,0,0,0,0,ar ARG,DF,Instituto,Primera Division Argentina,32,1990,8.3,6,2,5,1,0,5,9,55.6,4,7,5,2,7,13,37,0,ar ARG,DF,Instituto,Primera Division Argentina,32,1990,8.3,299,42,170,121,11,8,299,1,0,0.0,0,0.0,125,910,554,7,3,0,3,1,120,0,ar ARG,DF,Instituto,Primera Division Argentina,32,1990,11,743,68,30.6,8.3,7,90,7,4,28,13,1.36,9,9,0,0.00,+0.59,9.4,6.6,+2.8,+0.34,+0.28,ar ARG,DF,Instituto,Primera Division Argentina,32,1990,8.3,3,1,1,14,5,0,1,7,2,0,0,1,36,20,27,42.6
Nicolás Pasquini,ar ARG,DF,Talleres,Primera Division Argentina,32,1991,8,7,599,6.7,0,0,0,0,0,0,2,0,0.0,0.0,0.0,0.0,5,23,17,0.00,0.00,0.00,0.00,0.00,0.00,0.00,0.00,0.00,0.00,ar ARG,DF,Talleres,Primera Division Argentina,32,1991,6.7,0,0,0,0,0.00,0.00,0,0,0,0,0,0,0.0,0.0,0,0.0,0.0,ar ARG,DF,Talleres,Primera Division Argentina,32,1991,6.7,215,293,73.4,3564,1630,106,128,82.8,93,127,73.2,14,27,51.9,0,0.0,0.1,0.0,1,24,2,1,23,ar ARG,DF,Talleres,Primera Division Argentina,32,1991,6.7,293,232,59,5,0,1,9,54,0,0,0,0,215,2,5,ar ARG,DF,Talleres,Primera Division Argentina,32,1991,6.7,3,0.45,3,0,0,0,0,0,0,0.00,0,0,0,0,0,0,ar ARG,DF,Talleres,Primera Division Argentina,32,1991,6.7,9,8,5,4,0,3,8,37.5,5,6,0,6,6,15,13,0,ar ARG,DF,Talleres,Primera Division Argentina,32,1991,6.7,339,15,118,160,61,3,339,4,1,25.0,3,75.0,130,488,223,5,3,0,3,0,160,17,ar ARG,DF,Talleres,Primera Division Argentina,32,1991,8,599,75,24.7,6.7,7,79,4,1,45,4,1.88,14,6,+8,+1.20,+0.66,11.9,5.9,+6.0,+0.90,+0.42,ar ARG,DF,Talleres,Primera Division Argentina,32,1991,6.7,2,0,0,4,1,0,9,6,8,0,0,0,36,6,11,35.3
Martín Payero,ar ARG,MF,Boca Juniors,Primera Division Argentina,24,1998,10,6,504,5.6,4,0,4,4,0,0,2,1,1.2,1.2,0.3,1.5,7,19,19,0.71,0.00,0.71,0.71,0.71,0.21,0.06,0.27,0.21,0.27,ar ARG,MF,Boca Juniors,Primera Division Argentina,24,1998,5.6,4,15,5,33.3,2.68,0.89,0.27,0.80,19.8,2,0,0,1.2,1.2,0.08,+2.8,+2.8,ar ARG,MF,Boca Juniors,Primera Division Argentina,24,1998,5.6,174,234,74.4,2733,638,89,106,84.0,67,83,80.7,12,29,41.4,0,0.3,0.3,-0.3,9,23,1,1,19,ar ARG,MF,Boca Juniors,Primera Division Argentina,24,1998,5.6,234,220,14,5,0,3,13,2,6,1,4,0,174,0,7,ar ARG,MF,Boca Juniors,Primera Division Argentina,24,1998,5.6,23,4.11,12,2,2,1,5,1,4,0.71,2,0,1,0,1,0,ar ARG,MF,Boca Juniors,Primera Division Argentina,24,1998,5.6,14,11,2,11,1,5,11,45.5,6,7,0,7,1,15,3,0,ar ARG,MF,Boca Juniors,Primera Division Argentina,24,1998,5.6,311,4,36,183,99,12,311,28,14,50.0,13,46.4,197,969,419,7,9,2,15,6,220,19,ar ARG,MF,Boca Juniors,Primera Division Argentina,24,1998,10,504,50,20.7,5.6,6,69,1,4,23,4,1.60,9,6,+3,+0.54,+0.26,5.5,5.6,-0.1,-0.01,-0.08,ar ARG,MF,Boca Juniors,Primera Division Argentina,24,1998,5.6,2,1,0,12,11,2,13,1,11,0,0,0,28,7,4,63.6
Nicolás Paz,ar ARG,DF,Unión,Primera Division Argentina,20,2002,11,11,894,9.9,0,0,0,0,0,0,4,0,0.2,0.2,0.0,0.2,7,24,4,0.00,0.00,0.00,0.00,0.00,0.02,0.00,0.02,0.02,0.02,ar ARG,DF,Unión,Primera Division Argentina,20,2002,9.9,0,3,1,33.3,0.30,0.10,0.00,0.00,16.8,0,0,0,0.2,0.2,0.05,-0.2,-0.2,ar ARG,DF,Unión,Primera Division Argentina,20,2002,9.9,295,421,70.1,5985,2780,76,89,85.4,179,219,81.7,36,97,37.1,0,0.0,0.1,0.0,1,14,1,0,24,ar ARG,DF,Unión,Primera Division Argentina,20,2002,9.9,421,343,77,23,0,7,2,53,0,0,0,0,295,1,6,ar ARG,DF,Unión,Primera Division Argentina,20,2002,9.9,5,0.50,4,1,0,0,0,0,0,0.00,0,0,0,0,0,0,ar ARG,DF,Unión,Primera Division Argentina,20,2002,9.9,28,20,17,9,2,20,30,66.7,10,4,3,1,10,38,43,0,ar ARG,DF,Unión,Primera Division Argentina,20,2002,9.9,515,53,267,232,23,5,515,6,2,33.3,4,66.7,235,1182,760,7,4,0,2,3,261,4,ar ARG,DF,Unión,Primera Division Argentina,20,2002,11,894,81,36.8,9.9,11,81,5,0,0,5,1.64,8,3,+5,+0.50,+1.15,6.2,9.0,-2.9,-0.29,-0.07,ar ARG,DF,Unión,Primera Division Argentina,20,2002,9.9,4,0,0,10,1,0,2,10,20,0,0,0,41,10,12,45.5
Gastón Pedernera,ar ARG,MF,Godoy Cruz,Primera Division Argentina,22,2000,1,0,45,0.5,0,0,0,0,0,0,1,0,0.0,0.0,0.0,0.0,1,0,5,0.00,0.00,0.00,0.00,0.00,0.00,0.06,0.06,0.00,0.06,ar ARG,MF,Godoy Cruz,Primera Division Argentina,22,2000,0.5,0,0,0,0,0.00,0.00,0,0,0,0,0,0,0.0,0.0,0,0.0,0.0,ar ARG,MF,Godoy Cruz,Primera Division Argentina,22,2000,0.5,7,11,63.6,160,27,2,2,100.0,4,5,80.0,1,4,25.0,0,0.0,0.0,0.0,1,0,0,0,0,ar ARG,MF,Godoy Cruz,Primera Division Argentina,22,2000,0.5,11,10,1,0,0,0,2,0,1,0,1,0,7,0,0,ar ARG,MF,Godoy Cruz,Primera Division Argentina,22,2000,0.5,1,2.00,0,1,0,0,0,0,0,0.00,0,0,0,0,0,0,ar ARG,MF,Godoy Cruz,Primera Division Argentina,22,2000,0.5,0,0,0,0,0,0,0,0,0,2,0,2,0,0,0,0,ar ARG,MF,Godoy Cruz,Primera Division Argentina,22,2000,0.5,15,0,1,3,11,0,15,0,0,0,0,0,9,42,29,1,1,0,1,0,10,5,ar ARG,MF,Godoy Cruz,Primera Division Argentina,22,2000,1,45,45,1.9,0.5,0,0,0,1,45,9,0.00,0,1,-1,-2.00,-2.23,0.2,0.8,-0.7,-1.37,-1.26,ar ARG,MF,Godoy Cruz,Primera Division Argentina,22,2000,0.5,1,0,0,1,0,0,2,0,0,0,0,0,0,1,2,33.3
Juan Peinipil,ar ARG,"FW,MF",Arsenal,Primera Division Argentina,21,2002,9,0,102,1.1,0,0,0,0,0,0,0,0,0.0,0.0,0.3,0.4,0,3,7,0.00,0.00,0.00,0.00,0.00,0.02,0.30,0.32,0.02,0.32,ar ARG,"FW,MF",Arsenal,Primera Division Argentina,21,2002,1.1,0,1,0,0.0,0.88,0.00,0.00,0,62.5,0,0,0,0.0,0.0,0.02,0.0,0.0,ar ARG,"FW,MF",Arsenal,Primera Division Argentina,21,2002,1.1,20,37,54.1,333,120,10,18,55.6,7,10,70.0,2,5,40.0,0,0.3,0.0,-0.3,1,2,1,0,3,ar ARG,"FW,MF",Arsenal,Primera Division Argentina,21,2002,1.1,37,36,1,0,0,0,0,0,0,0,0,0,20,0,1,ar ARG,"FW,MF",Arsenal,Primera Division Argentina,21,2002,1.1,2,1.75,2,0,0,0,0,0,0,0.00,0,0,0,0,0,0,ar ARG,"FW,MF",Arsenal,Primera Division Argentina,21,2002,1.1,1,1,0,1,0,0,3,0.0,3,2,0,2,0,1,0,0,ar ARG,"FW,MF",Arsenal,Primera Division Argentina,21,2002,1.1,49,2,6,26,18,0,49,3,2,66.7,1,33.3,21,180,4,0,1,0,6,1,35,7,ar ARG,"FW,MF",Arsenal,Primera Division Argentina,21,2002,9,102,11,4.2,1.1,0,0,0,9,11,6,0.44,0,4,-4,-3.53,-3.07,1.0,2.6,-1.6,-1.40,-1.01,ar ARG,"FW,MF",Arsenal,Primera Division Argentina,21,2002,1.1,0,0,0,3,1,1,0,0,1,0,0,0,7,4,10,28.6
Mauro Peinipil,ar ARG,"DF,MF",Barracas Central,Primera Division Argentina,23,1999,22,22,"1,790",19.9,1,0,1,1,0,0,1,0,1.4,1.4,0.9,2.3,38,71,76,0.05,0.00,0.05,0.05,0.05,0.07,0.05,0.12,0.07,0.12,ar ARG,"DF,MF",Barracas Central,Primera Division Argentina,23,1999,19.9,1,7,3,42.9,0.35,0.15,0.14,0.33,15.6,0,0,0,1.4,1.4,0.20,-0.4,-0.4,ar ARG,"DF,MF",Barracas Central,Primera Division Argentina,23,1999,19.9,544,869,62.6,9571,4531,255,316,80.7,217,334,65.0,61,163,37.4,0,0.9,1.2,-0.9,9,50,8,4,71,ar ARG,"DF,MF",Barracas Central,Primera Division Argentina,23,1999,19.9,869,682,185,11,0,7,63,174,0,0,0,0,544,2,34,ar ARG,"DF,MF",Barracas Central,Primera Division Argentina,23,1999,19.9,17,0.85,14,3,0,0,0,0,0,0.00,0,0,0,0,0,0,ar ARG,"DF,MF",Barracas Central,Primera Division Argentina,23,1999,19.9,28,20,13,12,3,20,34,58.8,14,20,5,15,28,56,50,0,ar ARG,"DF,MF",Barracas Central,Primera Division Argentina,23,1999,19.9,1044,57,270,531,257,20,1044,27,13,48.1,13,48.1,445,2451,1313,38,30,3,19,6,505,76,ar ARG,"DF,MF",Barracas Central,Primera Division Argentina,23,1999,22,"1,790",81,73.7,19.9,22,81,15,0,0,5,1.41,20,19,+1,+0.05,+0.89,17.7,19.3,-1.5,-0.08,+0.55,ar ARG,"DF,MF",Barracas Central,Primera Division Argentina,23,1999,19.9,1,0,0,13,7,0,63,28,20,0,0,0,124,29,25,53.7
Marco Pellegrino,ar ARG,DF,Platense,Primera Division Argentina,20,2002,17,17,"1,524",16.9,1,0,1,1,0,0,3,0,0.5,0.5,0.0,0.5,16,44,2,0.06,0.00,0.06,0.06,0.06,0.03,0.00,0.03,0.03,0.03,ar ARG,DF,Platense,Primera Division Argentina,20,2002,16.9,1,7,3,42.9,0.41,0.18,0.14,0.33,15.4,0,0,0,0.5,0.5,0.08,+0.5,+0.5,ar ARG,DF,Platense,Primera Division Argentina,20,2002,16.9,354,553,64.0,7449,3732,106,144,73.6,181,249,72.7,65,139,46.8,0,0.0,0.1,0.0,0,33,2,1,44,ar ARG,DF,Platense,Primera Division Argentina,20,2002,16.9,553,535,16,14,0,2,2,2,0,0,0,0,354,2,9,ar ARG,DF,Platense,Primera Division Argentina,20,2002,16.9,6,0.35,6,0,0,0,0,0,0,0.00,0,0,0,0,0,0,ar ARG,DF,Platense,Primera Division Argentina,20,2002,16.9,30,19,19,10,1,22,34,64.7,12,25,12,13,20,50,130,0,ar ARG,DF,Platense,Primera Division Argentina,20,2002,16.9,800,141,441,339,24,13,800,10,6,60.0,4,40.0,333,2139,1436,16,3,0,11,4,320,2,ar ARG,DF,Platense,Primera Division Argentina,20,2002,17,"1,524",90,62.7,16.9,17,90,15,0,0,5,1.29,13,14,-1,-0.06,+0.14,13.2,19.5,-6.3,-0.37,+0.05,ar ARG,DF,Platense,Primera Division Argentina,20,2002,16.9,3,0,0,13,2,0,2,20,19,0,0,0,106,52,37,58.4
Mateo Pellegrino,ar ARG,"FW,MF",Estudiantes–LP,Primera Division Argentina,21,2001,9,1,219,2.4,0,0,0,0,0,0,0,0,0.6,0.6,0.2,0.8,4,4,15,0.00,0.00,0.00,0.00,0.00,0.23,0.09,0.32,0.23,0.32,ar ARG,"FW,MF",Estudiantes–LP,Primera Division Argentina,21,2001,2.4,0,7,0,0.0,2.88,0.00,0.00,0,11.7,0,0,0,0.6,0.6,0.08,-0.6,-0.6,ar ARG,"FW,MF",Estudiantes–LP,Primera Division Argentina,21,2001,2.4,30,49,61.2,372,66,21,28,75.0,8,16,50.0,0,2,0.0,0,0.2,0.1,-0.2,1,2,1,0,4,ar ARG,"FW,MF",Estudiantes–LP,Primera Division Argentina,21,2001,2.4,49,48,1,0,0,0,0,0,0,0,0,0,30,0,1,ar ARG,"FW,MF",Estudiantes–LP,Primera Division Argentina,21,2001,2.4,1,0.41,1,0,0,0,0,0,0,0.00,0,0,0,0,0,0,ar ARG,"FW,MF",Estudiantes–LP,Primera Division Argentina,21,2001,2.4,3,3,0,3,0,0,0,0,0,0,0,0,1,4,1,0,ar ARG,"FW,MF",Estudiantes–LP,Primera Division Argentina,21,2001,2.4,75,1,4,34,37,16,75,3,2,66.7,1,33.3,36,199,65,4,0,2,7,3,59,15,ar ARG,"FW,MF",Estudiantes–LP,Primera Division Argentina,21,2001,9,219,24,9.0,2.4,1,61,0,8,20,17,1.33,2,3,-1,-0.41,-0.90,3.7,1.9,+1.8,+0.75,+0.43,ar ARG,"FW,MF",Estudiantes–LP,Primera Division Argentina,21,2001,2.4,0,0,0,5,2,0,0,1,3,0,0,0,4,20,15,57.1
Felipe Peña,ar ARG,MF,Arsenal,Primera Division Argentina,21,2001,25,22,"1,912",21.2,0,1,1,0,0,0,4,0,0.3,0.3,0.4,0.7,14,99,13,0.00,0.05,0.05,0.00,0.05,0.01,0.02,0.03,0.01,0.03,ar ARG,MF,Arsenal,Primera Division Argentina,21,2001,21.2,0,10,1,10.0,0.47,0.05,0.00,0.00,28.9,2,0,0,0.3,0.3,0.03,-0.3,-0.3,ar ARG,MF,Arsenal,Primera Division Argentina,21,2001,21.2,659,871,75.7,12495,4506,267,333,80.2,271,333,81.4,105,152,69.1,1,0.4,0.4,+0.6,8,86,6,1,99,ar ARG,MF,Arsenal,Primera Division Argentina,21,2001,21.2,871,829,39,30,1,10,2,4,0,0,0,0,659,3,26,ar ARG,MF,Arsenal,Primera Division Argentina,21,2001,21.2,22,1.04,19,1,1,0,1,0,2,0.09,2,0,0,0,0,0,ar ARG,MF,Arsenal,Primera Division Argentina,21,2001,21.2,36,29,18,17,1,13,48,27.1,35,32,9,23,25,61,42,1,ar ARG,MF,Arsenal,Primera Division Argentina,21,2001,21.2,1071,79,312,680,104,1,1071,29,21,72.4,5,17.2,467,2611,1459,14,15,1,26,10,530,13,ar ARG,MF,Arsenal,Primera Division Argentina,21,2001,25,"1,912",76,78.7,21.2,22,83,12,3,32,0,0.72,14,29,-15,-0.71,-0.53,17.2,28.2,-11.1,-0.52,-0.42,ar ARG,MF,Arsenal,Primera Division Argentina,21,2001,21.2,4,0,0,12,11,0,2,25,29,0,0,1,185,24,17,58.5
Mariano Peralta,ar ARG,FW,San Lorenzo,Primera Division Argentina,24,1998,1,0,19,0.2,0,0,0,0,0,0,0,0,0.0,0.0,0.0,0.0,0,1,2,0.00,0.00,0.00,0.00,0.00,0.00,0.00,0.00,0.00,0.00,ar ARG,FW,San Lorenzo,Primera Division Argentina,24,1998,0.2,0,0,0,0,0.00,0.00,0,0,0,0,0,0,0.0,0.0,0,0.0,0.0,ar ARG,FW,San Lorenzo,Primera Division Argentina,24,1998,0.2,4,6,66.7,61,13,2,2,100.0,1,2,50.0,0,0,0,0,0.0,0.0,0.0,0,0,0,0,1,ar ARG,FW,San Lorenzo,Primera Division Argentina,24,1998,0.2,6,6,0,0,0,0,0,0,0,0,0,0,4,0,1,ar ARG,FW,San Lorenzo,Primera Division Argentina,24,1998,0.2,1,4.74,1,0,0,0,0,0,0,0.00,0,0,0,0,0,0,ar ARG,FW,San Lorenzo,Primera Division Argentina,24,1998,0.2,1,1,1,0,0,0,0,0,0,0,0,0,1,2,0,0,ar ARG,FW,San Lorenzo,Primera Division Argentina,24,1998,0.2,9,1,2,3,5,0,9,0,0,0,0,0,5,54,34,0,1,0,0,0,5,2,ar ARG,FW,San Lorenzo,Primera Division Argentina,24,1998,1,19,19,0.8,0.2,0,0,0,1,19,0,3.00,0,0,0,0.00,-0.37,0.3,0.0,+0.3,+1.52,+1.29,ar ARG,FW,San Lorenzo,Primera Division Argentina,24,1998,0.2,0,0,0,0,0,0,0,1,1,0,0,0,1,0,1,0.0
Diego Perea,co COL,"MF,FW",San Lorenzo,Primera Division Argentina,20,2002,3,2,155,1.7,0,0,0,0,0,0,0,1,0.0,0.0,0.0,0.0,0,2,7,0.00,0.00,0.00,0.00,0.00,0.00,0.00,0.00,0.00,0.00,co COL,"MF,FW",San Lorenzo,Primera Division Argentina,20,2002,1.7,0,0,0,0,0.00,0.00,0,0,0,0,0,0,0.0,0.0,0,0.0,0.0,co COL,"MF,FW",San Lorenzo,Primera Division Argentina,20,2002,1.7,23,37,62.2,341,64,13,19,68.4,8,13,61.5,2,4,50.0,0,0.0,0.0,0.0,0,1,0,0,2,co COL,"MF,FW",San Lorenzo,Primera Division Argentina,20,2002,1.7,37,36,1,0,0,1,2,0,0,0,0,0,23,0,2,co COL,"MF,FW",San Lorenzo,Primera Division Argentina,20,2002,1.7,0,0.00,0,0,0,0,0,0,0,0.00,0,0,0,0,0,0,co COL,"MF,FW",San Lorenzo,Primera Division Argentina,20,2002,1.7,3,1,1,1,1,2,5,40.0,3,1,0,1,2,5,3,0,co COL,"MF,FW",San Lorenzo,Primera Division Argentina,20,2002,1.7,58,4,9,26,24,3,58,5,3,60.0,2,40.0,29,213,40,0,1,0,7,4,40,7,co COL,"MF,FW",San Lorenzo,Primera Division Argentina,20,2002,3,155,52,6.4,1.7,2,63,1,1,30,11,1.00,1,0,+1,+0.58,+0.22,0.3,2.0,-1.7,-0.98,-1.31,co COL,"MF,FW",San Lorenzo,Primera Division Argentina,20,2002,1.7,0,1,0,4,4,3,2,2,1,0,0,0,7,6,14,30.0
Guillermo Pereira,ar ARG,"DF,MF",Belgrano,Primera Division Argentina,29,1994,16,4,521,5.8,1,0,1,1,0,0,3,0,0.4,0.4,0.2,0.6,5,23,41,0.17,0.00,0.17,0.17,0.17,0.06,0.04,0.10,0.06,0.10,ar ARG,"DF,MF",Belgrano,Primera Division Argentina,29,1994,5.8,1,4,2,50.0,0.69,0.35,0.25,0.50,11.9,0,0,0,0.4,0.4,0.09,+0.6,+0.6,ar ARG,"DF,MF",Belgrano,Primera Division Argentina,29,1994,5.8,155,245,63.3,2987,1050,54,76,71.1,83,113,73.5,16,40,40.0,0,0.2,0.3,-0.2,6,16,8,4,23,ar ARG,"DF,MF",Belgrano,Primera Division Argentina,29,1994,5.8,245,203,40,2,1,5,27,37,1,0,1,0,155,2,8,ar ARG,"DF,MF",Belgrano,Primera Division Argentina,29,1994,5.8,13,2.25,9,0,1,1,1,1,1,0.17,0,0,1,0,0,0,ar ARG,"DF,MF",Belgrano,Primera Division Argentina,29,1994,5.8,20,16,7,9,4,9,24,37.5,15,8,1,7,9,29,16,0,ar ARG,"DF,MF",Belgrano,Primera Division Argentina,29,1994,5.8,320,16,69,138,113,15,320,13,5,38.5,6,46.2,146,659,297,5,9,3,7,7,165,41,ar ARG,"DF,MF",Belgrano,Primera Division Argentina,29,1994,16,521,33,21.4,5.8,4,71,0,12,20,9,1.13,3,7,-4,-0.69,-0.60,5.0,7.0,-2.0,-0.34,-0.10,ar ARG,"DF,MF",Belgrano,Primera Division Argentina,29,1994,5.8,3,0,0,14,7,1,27,9,16,0,0,0,30,8,5,61.5
Fabio Pereyra,ar ARG,DF,Cen. Córdoba–SdE,Primera Division Argentina,33,1990,26,26,"2,340",26.0,0,0,0,0,0,0,6,0,1.1,1.1,0.0,1.2,7,46,2,0.00,0.00,0.00,0.00,0.00,0.04,0.00,0.04,0.04,0.04,ar ARG,DF,Cen. Córdoba–SdE,Primera Division Argentina,33,1990,26.0,0,30,10,33.3,1.15,0.38,0.00,0.00,12.7,0,0,0,1.1,1.1,0.04,-1.1,-1.1,ar ARG,DF,Cen. Córdoba–SdE,Primera Division Argentina,33,1990,26.0,662,956,69.2,15932,7481,148,195,75.9,350,421,83.1,159,314,50.6,0,0.0,0.2,0.0,2,57,3,1,46,ar ARG,DF,Cen. Córdoba–SdE,Primera Division Argentina,33,1990,26.0,956,888,63,60,0,15,1,3,0,0,0,0,662,5,6,ar ARG,DF,Cen. Córdoba–SdE,Primera Division Argentina,33,1990,26.0,11,0.42,6,2,0,3,0,0,0,0.00,0,0,0,0,0,0,ar ARG,DF,Cen. Córdoba–SdE,Primera Division Argentina,33,1990,26.0,40,22,31,9,0,26,43,60.5,17,40,33,7,24,64,166,0,ar ARG,DF,Cen. Córdoba–SdE,Primera Division Argentina,33,1990,26.0,1290,204,744,509,46,39,1290,2,2,100.0,0,0.0,540,2982,1583,7,0,0,12,4,560,2,ar ARG,DF,Cen. Córdoba–SdE,Primera Division Argentina,33,1990,26,"2,340",90,96.3,26.0,26,90,26,0,0,0,1.08,18,28,-10,-0.38,-0.38,23.9,33.8,-9.9,-0.38,+0.46,ar ARG,DF,Cen. Córdoba–SdE,Primera Division Argentina,33,1990,26.0,6,0,0,11,12,2,1,24,22,0,1,1,147,120,61,66.3
Joaquín Pereyra,ar ARG,MF,Atlé Tucumán,Primera Division Argentina,24,1998,25,25,"2,224",24.7,1,3,4,1,0,0,7,1,1.8,1.8,3.7,5.5,80,185,72,0.04,0.12,0.16,0.04,0.16,0.07,0.15,0.22,0.07,0.22,ar ARG,MF,Atlé Tucumán,Primera Division Argentina,24,1998,24.7,1,53,11,20.8,2.14,0.45,0.02,0.09,28.9,11,0,0,1.8,1.8,0.03,-0.8,-0.8,ar ARG,MF,Atlé Tucumán,Primera Division Argentina,24,1998,24.7,940,1314,71.5,18476,6722,387,459,84.3,382,491,77.8,149,296,50.3,3,3.7,3.5,-0.7,46,179,39,8,185,ar ARG,MF,Atlé Tucumán,Primera Division Argentina,24,1998,24.7,1314,1193,118,47,14,25,117,15,55,14,36,0,940,3,28,ar ARG,MF,Atlé Tucumán,Primera Division Argentina,24,1998,24.7,114,4.61,71,18,10,5,8,2,10,0.40,5,2,0,1,1,1,ar ARG,MF,Atlé Tucumán,Primera Division Argentina,24,1998,24.7,57,37,16,35,6,27,69,39.1,42,37,5,32,22,79,31,0,ar ARG,MF,Atlé Tucumán,Primera Division Argentina,24,1998,24.7,1662,49,235,1027,449,21,1662,125,68,54.4,42,33.6,987,6146,3229,80,61,7,39,39,1055,72,ar ARG,MF,Atlé Tucumán,Primera Division Argentina,24,1998,25,"2,224",89,91.5,24.7,25,89,19,0,0,0,1.36,24,24,0,0.00,+0.87,25.3,29.7,-4.4,-0.18,+0.52,ar ARG,MF,Atlé Tucumán,Primera Division Argentina,24,1998,24.7,7,1,1,34,59,1,117,22,37,0,0,1,226,17,31,35.4
Damián Pérez,ar ARG,DF,Independiente,Primera Division Argentina,34,1988,7,5,431,4.8,0,0,0,0,0,0,4,1,0.0,0.0,0.1,0.2,4,26,13,0.00,0.00,0.00,0.00,0.00,0.00,0.03,0.03,0.00,0.03,ar ARG,DF,Independiente,Primera Division Argentina,34,1988,4.8,0,1,1,100.0,0.21,0.21,0.00,0.00,29.2,0,0,0,0.0,0.0,0.02,0.0,0.0,ar ARG,DF,Independiente,Primera Division Argentina,34,1988,4.8,161,222,72.5,2814,1525,74,88,84.1,67,94,71.3,16,30,53.3,0,0.1,0.4,-0.1,4,23,6,5,26,ar ARG,DF,Independiente,Primera Division Argentina,34,1988,4.8,222,160,62,3,1,1,15,56,3,2,0,0,161,0,5,ar ARG,DF,Independiente,Primera Division Argentina,34,1988,4.8,12,2.51,8,4,0,0,0,0,0,0.00,0,0,0,0,0,0,ar ARG,DF,Independiente,Primera Division Argentina,34,1988,4.8,10,5,4,6,0,5,9,55.6,4,10,3,7,7,17,14,0,ar ARG,DF,Independiente,Primera Division Argentina,34,1988,4.8,280,17,72,130,81,0,280,3,2,66.7,1,33.3,113,486,298,4,5,0,6,5,116,13,ar ARG,DF,Independiente,Primera Division Argentina,34,1988,7,431,62,17.7,4.8,5,69,2,2,44,19,0.57,1,6,-5,-1.04,-0.86,2.9,9.2,-6.3,-1.31,-1.57,ar ARG,DF,Independiente,Primera Division Argentina,34,1988,4.8,4,1,1,9,4,0,15,7,5,0,0,0,27,6,9,40.0
Enzo Pérez,ar ARG,MF,River Plate,Primera Division Argentina,36,1986,20,19,"1,528",17.0,0,1,1,0,0,0,7,0,0.8,0.8,1.4,2.1,12,150,15,0.00,0.06,0.06,0.00,0.06,0.04,0.08,0.12,0.04,0.12,ar ARG,MF,River Plate,Primera Division Argentina,36,1986,17.0,0,8,2,25.0,0.47,0.12,0.00,0.00,18.4,0,0,0,0.8,0.8,0.09,-0.8,-0.8,ar ARG,MF,River Plate,Primera Division Argentina,36,1986,17.0,1147,1300,88.2,19181,7161,548,602,91.0,500,537,93.1,82,117,70.1,1,1.4,1.5,-0.4,16,129,13,0,150,ar ARG,MF,River Plate,Primera Division Argentina,36,1986,17.0,1300,1237,60,57,5,6,2,3,0,0,0,0,1147,3,10,ar ARG,MF,River Plate,Primera Division Argentina,36,1986,17.0,37,2.18,32,1,1,0,2,1,2,0.12,1,0,0,0,1,0,ar ARG,MF,River Plate,Primera Division Argentina,36,1986,17.0,37,26,19,17,1,18,37,48.6,19,23,4,19,28,65,19,0,ar ARG,MF,River Plate,Primera Division Argentina,36,1986,17.0,1447,36,298,998,159,17,1447,22,14,63.6,4,18.2,767,2878,1437,12,23,1,11,6,986,15,ar ARG,MF,River Plate,Primera Division Argentina,36,1986,20,"1,528",76,62.9,17.0,19,78,8,1,45,1,2.45,33,8,+25,+1.47,+0.97,31.8,10.5,+21.3,+1.25,+0.87,ar ARG,MF,River Plate,Primera Division Argentina,36,1986,17.0,7,0,0,21,19,1,2,28,26,1,0,0,125,28,26,51.9
Facundo Pérez,ar ARG,"MF,FW",Lanús,Primera Division Argentina,23,1999,13,2,247,2.7,0,0,0,0,0,0,1,0,0.1,0.1,0.0,0.2,4,13,4,0.00,0.00,0.00,0.00,0.00,0.05,0.02,0.07,0.05,0.07,ar ARG,"MF,FW",Lanús,Primera Division Argentina,23,1999,2.7,0,4,2,50.0,1.46,0.73,0.00,0.00,26.3,0,0,0,0.1,0.1,0.04,-0.1,-0.1,ar ARG,"MF,FW",Lanús,Primera Division Argentina,23,1999,2.7,83,106,78.3,1597,519,30,36,83.3,40,47,85.1,11,19,57.9,0,0.0,0.1,0.0,2,5,3,1,13,ar ARG,"MF,FW",Lanús,Primera Division Argentina,23,1999,2.7,106,103,3,2,0,3,3,0,1,0,1,0,83,0,1,ar ARG,"MF,FW",Lanús,Primera Division Argentina,23,1999,2.7,10,3.63,8,0,1,0,1,0,0,0.00,0,0,0,0,0,0,ar ARG,"MF,FW",Lanús,Primera Division Argentina,23,1999,2.7,7,3,6,0,1,1,4,25.0,3,3,0,3,5,12,4,1,ar ARG,"MF,FW",Lanús,Primera Division Argentina,23,1999,2.7,145,6,43,78,25,1,145,6,3,50.0,3,50.0,81,398,197,4,7,0,7,4,86,4,ar ARG,"MF,FW",Lanús,Primera Division Argentina,23,1999,13,247,19,10.2,2.7,2,79,1,11,8,12,1.69,3,6,-3,-1.09,-1.67,3.4,5.9,-2.5,-0.89,-1.36,ar ARG,"MF,FW",Lanús,Primera Division Argentina,23,1999,2.7,1,0,0,6,6,0,3,5,3,0,1,0,22,1,2,33.3
Mateo Pérez,ar ARG,DF,Banfield,Primera Division Argentina,22,2000,5,3,302,3.4,0,0,0,0,0,0,2,0,0.0,0.0,0.2,0.2,2,7,0,0.00,0.00,0.00,0.00,0.00,0.01,0.05,0.07,0.01,0.07,ar ARG,DF,Banfield,Primera Division Argentina,22,2000,3.4,0,1,0,0.0,0.30,0.00,0.00,0,12.4,0,0,0,0.0,0.0,0.04,0.0,0.0,ar ARG,DF,Banfield,Primera Division Argentina,22,2000,3.4,43,76,56.6,956,595,13,18,72.2,21,32,65.6,9,20,45.0,0,0.2,0.0,-0.2,2,6,1,0,7,ar ARG,DF,Banfield,Primera Division Argentina,22,2000,3.4,76,67,9,2,0,2,0,7,0,0,0,0,43,0,2,ar ARG,DF,Banfield,Primera Division Argentina,22,2000,3.4,2,0.60,1,0,0,1,0,0,0,0.00,0,0,0,0,0,0,ar ARG,DF,Banfield,Primera Division Argentina,22,2000,3.4,6,3,2,4,0,4,5,80.0,1,0,0,0,3,9,8,0,ar ARG,DF,Banfield,Primera Division Argentina,22,2000,3.4,104,5,55,45,5,2,104,0,0,0,0,0,43,168,79,2,1,0,2,0,39,0,ar ARG,DF,Banfield,Primera Division Argentina,22,2000,5,302,60,12.4,3.4,3,90,3,2,16,15,2.00,4,4,0,0.00,+0.47,6.6,3.6,+3.0,+0.89,+1.00,ar ARG,DF,Banfield,Primera Division Argentina,22,2000,3.4,2,0,0,3,0,1,0,3,3,0,0,0,14,4,5,44.4
Pablo Pérez,ar ARG,MF,Newell's OB,Primera Division Argentina,37,1985,15,2,383,4.3,0,0,0,0,0,0,3,0,0.0,0.0,0.2,0.2,5,37,15,0.00,0.00,0.00,0.00,0.00,0.01,0.04,0.05,0.01,0.05,ar ARG,MF,Newell's OB,Primera Division Argentina,37,1985,4.3,0,3,1,33.3,0.70,0.23,0.00,0.00,26.0,0,0,0,0.0,0.0,0.02,0.0,0.0,ar ARG,MF,Newell's OB,Primera Division Argentina,37,1985,4.3,174,229,76.0,3125,1188,77,92,83.7,66,81,81.5,26,39,66.7,0,0.2,0.2,-0.2,7,26,3,0,37,ar ARG,MF,Newell's OB,Primera Division Argentina,37,1985,4.3,229,225,3,3,1,4,1,0,0,0,0,0,174,1,5,ar ARG,MF,Newell's OB,Primera Division Argentina,37,1985,4.3,18,4.21,14,0,1,1,2,0,3,0.70,1,0,0,0,2,0,ar ARG,MF,Newell's OB,Primera Division Argentina,37,1985,4.3,7,4,1,4,2,4,15,26.7,11,5,1,4,2,9,4,0,ar ARG,MF,Newell's OB,Primera Division Argentina,37,1985,4.3,272,7,47,169,64,6,272,11,6,54.5,5,45.5,160,728,340,5,4,1,9,8,197,15,ar ARG,MF,Newell's OB,Primera Division Argentina,37,1985,15,383,26,15.8,4.3,2,63,0,13,20,1,1.40,6,3,+3,+0.70,+0.84,3.6,4.3,-0.7,-0.16,-0.13,ar ARG,MF,Newell's OB,Primera Division Argentina,37,1985,4.3,3,0,0,18,12,0,1,2,4,0,1,0,43,2,7,22.2
Rafa Pérez,co COL,DF,San Lorenzo,Primera Division Argentina,33,1990,24,24,"2,125",23.6,1,0,1,1,0,0,6,1,0.8,0.8,0.0,0.8,11,36,3,0.04,0.00,0.04,0.04,0.04,0.03,0.00,0.03,0.03,0.03,co COL,DF,San Lorenzo,Primera Division Argentina,33,1990,23.6,1,11,2,18.2,0.47,0.08,0.09,0.50,18.8,0,0,0,0.8,0.8,0.07,+0.2,+0.2,co COL,DF,San Lorenzo,Primera Division Argentina,33,1990,23.6,650,810,80.2,12424,4247,216,252,85.7,367,411,89.3,61,127,48.0,0,0.0,0.1,0.0,1,32,4,0,36,co COL,DF,San Lorenzo,Primera Division Argentina,33,1990,23.6,810,798,10,9,0,3,1,1,0,0,0,0,650,2,8,co COL,DF,San Lorenzo,Primera Division Argentina,33,1990,23.6,6,0.25,3,0,0,2,1,0,0,0.00,0,0,0,0,0,0,co COL,DF,San Lorenzo,Primera Division Argentina,33,1990,23.6,32,22,20,12,0,14,37,37.8,23,16,7,9,25,57,62,0,co COL,DF,San Lorenzo,Primera Division Argentina,33,1990,23.6,995,71,464,498,37,14,995,13,6,46.2,6,46.2,540,2280,1222,11,10,0,7,7,592,3,co COL,DF,San Lorenzo,Primera Division Argentina,33,1990,24,"2,125",89,87.4,23.6,24,89,21,0,0,1,1.75,20,11,+9,+0.38,+0.09,25.0,16.9,+8.1,+0.34,+0.76,co COL,DF,San Lorenzo,Primera Division Argentina,33,1990,23.6,6,1,1,25,15,0,1,25,22,0,2,0,103,34,22,60.7
Jeremías Pérez Tica,ar ARG,FW,Newell's OB,Primera Division Argentina,19,2003,16,7,728,8.1,0,2,2,0,0,0,1,0,1.7,1.7,1.4,3.1,22,16,75,0.00,0.25,0.25,0.00,0.25,0.21,0.17,0.38,0.21,0.38,ar ARG,FW,Newell's OB,Primera Division Argentina,19,2003,8.1,0,11,4,36.4,1.36,0.49,0.00,0.00,14.5,0,0,0,1.7,1.7,0.15,-1.7,-1.7,ar ARG,FW,Newell's OB,Primera Division Argentina,19,2003,8.1,164,218,75.2,2748,432,83,97,85.6,67,79,84.8,11,24,45.8,2,1.4,1.1,+0.6,11,8,10,4,16,ar ARG,FW,Newell's OB,Primera Division Argentina,19,2003,8.1,218,213,4,0,1,2,11,2,0,0,0,0,164,1,10,ar ARG,FW,Newell's OB,Primera Division Argentina,19,2003,8.1,23,2.85,17,0,1,3,1,1,4,0.50,3,0,0,1,0,0,ar ARG,FW,Newell's OB,Primera Division Argentina,19,2003,8.1,10,9,5,3,2,8,16,50.0,8,7,0,7,3,13,4,0,ar ARG,FW,Newell's OB,Primera Division Argentina,19,2003,8.1,294,3,33,129,135,23,294,24,15,62.5,9,37.5,190,1190,453,22,11,4,18,8,218,75,ar ARG,FW,Newell's OB,Primera Division Argentina,19,2003,16,728,46,30.0,8.1,7,76,3,9,22,8,1.25,8,4,+4,+0.49,+0.71,7.9,6.7,+1.2,+0.15,+0.27,ar ARG,FW,Newell's OB,Primera Division Argentina,19,2003,8.1,1,0,0,6,3,3,11,3,9,0,0,0,27,3,9,25.0
Tomás Pérez,ar ARG,FW,Racing Club,Primera Division Argentina,16,2006,5,0,53,0.6,0,0,0,0,0,0,0,0,0.6,0.6,0.0,0.6,0,0,3,0.00,0.00,0.00,0.00,0.00,1.07,0.00,1.07,1.07,1.07,ar ARG,FW,Racing Club,Primera Division Argentina,16,2006,0.6,0,2,0,0.0,3.40,0.00,0.00,0,9.7,0,0,0,0.6,0.6,0.32,-0.6,-0.6,ar ARG,FW,Racing Club,Primera Division Argentina,16,2006,0.6,7,15,46.7,102,0,4,6,66.7,3,8,37.5,0,0,0,0,0.0,0.0,0.0,0,0,0,0,0,ar ARG,FW,Racing Club,Primera Division Argentina,16,2006,0.6,15,15,0,0,0,0,0,0,0,0,0,0,7,0,0,ar ARG,FW,Racing Club,Primera Division Argentina,16,2006,0.6,0,0.00,0,0,0,0,0,0,0,0.00,0,0,0,0,0,0,ar ARG,FW,Racing Club,Primera Division Argentina,16,2006,0.6,0,0,0,0,0,0,1,0.0,1,0,0,0,0,0,4,0,ar ARG,FW,Racing Club,Primera Division Argentina,16,2006,0.6,26,5,5,9,12,3,26,0,0,0,0,0,8,20,2,0,0,0,2,1,15,3,ar ARG,FW,Racing Club,Primera Division Argentina,16,2006,5,53,11,2.2,0.6,0,0,0,5,11,5,1.80,0,1,-1,-1.70,-1.77,0.7,2.1,-1.3,-2.28,-2.16,ar ARG,FW,Racing Club,Primera Division Argentina,16,2006,0.6,0,0,0,2,0,0,0,0,0,0,0,0,3,2,4,33.3
Baldomero Perlaza,co COL,MF,Colón,Primera Division Argentina,30,1992,22,21,"1,895",21.1,1,2,3,1,0,0,5,0,1.8,1.8,1.9,3.6,14,67,41,0.05,0.09,0.14,0.05,0.14,0.08,0.09,0.17,0.08,0.17,co COL,MF,Colón,Primera Division Argentina,30,1992,21.1,1,14,4,28.6,0.66,0.19,0.07,0.25,15.6,0,0,0,1.8,1.8,0.13,-0.8,-0.8,co COL,MF,Colón,Primera Division Argentina,30,1992,21.1,486,658,73.9,8095,2739,240,297,80.8,193,262,73.7,40,62,64.5,2,1.9,2.0,+0.1,18,49,10,0,67,co COL,MF,Colón,Primera Division Argentina,30,1992,21.1,658,651,5,5,2,6,2,0,0,0,0,0,486,2,11,co COL,MF,Colón,Primera Division Argentina,30,1992,21.1,36,1.71,30,0,2,0,2,2,4,0.19,4,0,0,0,0,0,co COL,MF,Colón,Primera Division Argentina,30,1992,21.1,47,28,14,30,3,21,50,42.0,29,24,9,15,22,69,30,0,co COL,MF,Colón,Primera Division Argentina,30,1992,21.1,864,50,187,540,152,36,864,35,20,57.1,11,31.4,460,1872,873,14,12,4,23,22,499,41,co COL,MF,Colón,Primera Division Argentina,30,1992,22,"1,895",86,78.0,21.1,21,88,19,1,45,2,1.00,17,22,-5,-0.24,+1.11,17.7,26.6,-8.9,-0.42,-0.01,co COL,MF,Colón,Primera Division Argentina,30,1992,21.1,5,0,0,27,20,1,2,22,28,0,0,0,147,51,34,60.0
Patricio Pernicone,ar ARG,DF,Vélez Sarsfield,Primera Division Argentina,21,2001,2,1,101,1.1,0,0,0,0,0,0,0,0,0.0,0.0,0.0,0.0,0,1,0,0.00,0.00,0.00,0.00,0.00,0.00,0.00,0.00,0.00,0.00,ar ARG,DF,Vélez Sarsfield,Primera Division Argentina,21,2001,1.1,0,0,0,0,0.00,0.00,0,0,0,0,0,0,0.0,0.0,0,0.0,0.0,ar ARG,DF,Vélez Sarsfield,Primera Division Argentina,21,2001,1.1,59,74,79.7,1241,316,14,19,73.7,32,36,88.9,12,16,75.0,0,0.0,0.0,0.0,0,3,0,0,1,ar ARG,DF,Vélez Sarsfield,Primera Division Argentina,21,2001,1.1,74,67,5,2,0,0,0,3,0,0,0,0,59,2,0,ar ARG,DF,Vélez Sarsfield,Primera Division Argentina,21,2001,1.1,0,0.00,0,0,0,0,0,0,0,0.00,0,0,0,0,0,0,ar ARG,DF,Vélez Sarsfield,Primera Division Argentina,21,2001,1.1,1,1,1,0,0,0,1,0.0,1,2,0,2,0,1,2,0,ar ARG,DF,Vélez Sarsfield,Primera Division Argentina,21,2001,1.1,80,4,34,44,3,0,80,0,0,0,0,0,53,155,71,0,1,0,0,0,58,0,ar ARG,DF,Vélez Sarsfield,Primera Division Argentina,21,2001,2,101,51,4.2,1.1,1,90,1,1,11,12,2.00,1,0,+1,+0.89,+1.05,0.6,1.6,-1.0,-0.90,-0.90,ar ARG,DF,Vélez Sarsfield,Primera Division Argentina,21,2001,1.1,0,0,0,0,0,0,0,0,1,0,0,0,6,1,3,25.0
Francisco Perruzzi,ar ARG,MF,San Lorenzo,Primera Division Argentina,21,2001,10,3,445,4.9,0,0,0,0,0,0,2,0,0.0,0.0,0.0,0.0,2,17,1,0.00,0.00,0.00,0.00,0.00,0.00,0.00,0.00,0.00,0.00,ar ARG,MF,San Lorenzo,Primera Division Argentina,21,2001,4.9,0,0,0,0,0.00,0.00,0,0,0,0,0,0,0.0,0.0,0,0.0,0.0,ar ARG,MF,San Lorenzo,Primera Division Argentina,21,2001,4.9,123,156,78.8,2129,746,43,47,91.5,71,77,92.2,5,14,35.7,0,0.0,0.0,0.0,0,14,0,0,17,ar ARG,MF,San Lorenzo,Primera Division Argentina,21,2001,4.9,156,151,4,3,0,0,0,1,0,0,0,0,123,1,10,ar ARG,MF,San Lorenzo,Primera Division Argentina,21,2001,4.9,2,0.40,2,0,0,0,0,0,0,0.00,0,0,0,0,0,0,ar ARG,MF,San Lorenzo,Primera Division Argentina,21,2001,4.9,10,7,3,7,0,4,12,33.3,8,5,2,3,4,14,9,0,ar ARG,MF,San Lorenzo,Primera Division Argentina,21,2001,4.9,199,12,54,128,20,0,199,8,6,75.0,2,25.0,107,466,187,2,2,0,3,2,110,1,ar ARG,MF,San Lorenzo,Primera Division Argentina,21,2001,10,445,45,18.3,4.9,3,71,0,7,33,14,2.10,3,1,+2,+0.40,+0.04,4.1,5.5,-1.4,-0.29,-0.66,ar ARG,MF,San Lorenzo,Primera Division Argentina,21,2001,4.9,2,0,0,10,4,0,0,4,7,0,0,0,33,0,3,0.0
Pablo Piatti,ar ARG,"MF,FW",Estudiantes–LP,Primera Division Argentina,33,1989,8,4,368,4.1,0,2,2,0,0,0,0,0,0.5,0.5,1.3,1.7,7,12,39,0.00,0.49,0.49,0.00,0.49,0.12,0.31,0.43,0.12,0.43,ar ARG,"MF,FW",Estudiantes–LP,Primera Division Argentina,33,1989,4.1,0,9,1,11.1,2.20,0.24,0.00,0.00,22.2,0,0,0,0.5,0.5,0.05,-0.5,-0.5,ar ARG,"MF,FW",Estudiantes–LP,Primera Division Argentina,33,1989,4.1,104,151,68.9,1594,529,61,76,80.3,29,41,70.7,10,20,50.0,2,1.3,0.7,+0.7,7,7,7,4,12,ar ARG,"MF,FW",Estudiantes–LP,Primera Division Argentina,33,1989,4.1,151,145,6,1,1,0,18,0,5,3,2,0,104,0,8,ar ARG,"MF,FW",Estudiantes–LP,Primera Division Argentina,33,1989,4.1,13,3.18,9,2,0,2,0,0,2,0.49,1,1,0,0,0,0,ar ARG,"MF,FW",Estudiantes–LP,Primera Division Argentina,33,1989,4.1,8,6,3,5,0,3,13,23.1,10,9,1,8,0,8,1,0,ar ARG,"MF,FW",Estudiantes–LP,Primera Division Argentina,33,1989,4.1,213,2,27,87,103,8,213,14,4,28.6,9,64.3,133,642,235,7,8,3,19,11,148,39,ar ARG,"MF,FW",Estudiantes–LP,Primera Division Argentina,33,1989,8,368,46,15.1,4.1,4,70,0,4,22,2,1.38,4,5,-1,-0.24,-0.77,5.0,3.8,+1.3,+0.31,-0.06,ar ARG,"MF,FW",Estudiantes–LP,Primera Division Argentina,33,1989,4.1,0,0,0,5,10,0,18,0,6,0,0,0,34,1,9,10.0
Leonel Picco,ar ARG,MF,Colón,Primera Division Argentina,23,1999,11,6,560,6.2,0,0,0,0,0,0,5,0,0.3,0.3,0.3,0.6,6,32,5,0.00,0.00,0.00,0.00,0.00,0.04,0.05,0.09,0.04,0.09,ar ARG,MF,Colón,Primera Division Argentina,23,1999,6.2,0,4,0,0.0,0.64,0.00,0.00,0,12.7,0,0,0,0.3,0.3,0.07,-0.3,-0.3,ar ARG,MF,Colón,Primera Division Argentina,23,1999,6.2,229,282,81.2,3513,1220,121,139,87.1,84,97,86.6,16,24,66.7,0,0.3,0.1,-0.3,6,23,2,0,32,ar ARG,MF,Colón,Primera Division Argentina,23,1999,6.2,282,279,2,1,0,1,1,1,0,0,0,0,229,1,7,ar ARG,MF,Colón,Primera Division Argentina,23,1999,6.2,12,1.93,8,0,0,2,1,1,0,0.00,0,0,0,0,0,0,ar ARG,MF,Colón,Primera Division Argentina,23,1999,6.2,33,20,13,13,7,18,32,56.3,14,20,3,17,12,45,12,0,ar ARG,MF,Colón,Primera Division Argentina,23,1999,6.2,384,15,118,220,51,7,384,8,4,50.0,4,50.0,175,684,372,6,5,0,8,6,182,5,ar ARG,MF,Colón,Primera Division Argentina,23,1999,11,560,51,23.0,6.2,6,68,1,5,30,16,0.73,3,11,-8,-1.29,-1.05,6.3,11.4,-5.1,-0.83,-0.53,ar ARG,MF,Colón,Primera Division Argentina,23,1999,6.2,5,0,0,13,6,0,1,12,20,0,1,0,56,12,8,60.0
Alejandro Piedrahita,co COL,"MF,FW",Banfield,Primera Division Argentina,20,2002,5,1,163,1.8,0,0,0,0,0,0,0,0,0.1,0.1,0.4,0.5,7,5,15,0.00,0.00,0.00,0.00,0.00,0.07,0.23,0.30,0.07,0.30,co COL,"MF,FW",Banfield,Primera Division Argentina,20,2002,1.8,0,1,0,0.0,0.55,0.00,0.00,0,7.4,0,0,0,0.1,0.1,0.12,-0.1,-0.1,co COL,"MF,FW",Banfield,Primera Division Argentina,20,2002,1.8,48,64,75.0,804,203,22,23,95.7,22,28,78.6,4,12,33.3,0,0.4,0.2,-0.4,2,4,2,1,5,co COL,"MF,FW",Banfield,Primera Division Argentina,20,2002,1.8,64,63,1,0,0,0,9,1,0,0,0,0,48,0,1,co COL,"MF,FW",Banfield,Primera Division Argentina,20,2002,1.8,5,2.78,4,0,0,1,0,0,0,0.00,0,0,0,0,0,0,co COL,"MF,FW",Banfield,Primera Division Argentina,20,2002,1.8,2,0,0,1,1,1,2,50.0,1,3,1,2,1,3,2,0,co COL,"MF,FW",Banfield,Primera Division Argentina,20,2002,1.8,94,2,13,41,41,4,94,8,4,50.0,4,50.0,54,386,139,7,3,0,12,2,57,15,co COL,"MF,FW",Banfield,Primera Division Argentina,20,2002,5,163,33,6.7,1.8,1,56,0,4,27,16,0.40,2,3,-1,-0.55,-0.16,1.8,3.5,-1.7,-0.93,-1.01,co COL,"MF,FW",Banfield,Primera Division Argentina,20,2002,1.8,0,0,0,1,0,0,9,1,0,0,0,0,16,1,2,33.3
Santiago Pierotti,ar ARG,"FW,MF",Colón,Primera Division Argentina,21,2001,26,24,"2,115",23.5,2,0,2,2,0,0,6,0,3.8,3.8,1.3,5.1,72,45,154,0.09,0.00,0.09,0.09,0.09,0.16,0.05,0.22,0.16,0.22,ar ARG,"FW,MF",Colón,Primera Division Argentina,21,2001,23.5,2,35,14,40.0,1.49,0.60,0.06,0.14,16.6,0,0,0,3.8,3.8,0.11,-1.8,-1.8,ar ARG,"FW,MF",Colón,Primera Division Argentina,21,2001,23.5,338,527,64.1,4644,1194,207,277,74.7,95,137,69.3,19,34,55.9,0,1.3,1.4,-1.3,22,28,18,6,45,ar ARG,"FW,MF",Colón,Primera Division Argentina,21,2001,23.5,527,504,16,2,1,1,39,11,0,0,0,0,338,7,27,ar ARG,"FW,MF",Colón,Primera Division Argentina,21,2001,23.5,60,2.55,37,2,11,4,4,2,4,0.17,2,0,0,0,2,0,ar ARG,"FW,MF",Colón,Primera Division Argentina,21,2001,23.5,58,32,12,28,18,21,57,36.8,36,39,2,37,8,66,15,0,ar ARG,"FW,MF",Colón,Primera Division Argentina,21,2001,23.5,924,20,67,428,463,86,924,133,60,45.1,61,45.9,555,3595,1623,72,47,28,105,43,587,154,ar ARG,"FW,MF",Colón,Primera Division Argentina,21,2001,26,"2,115",81,87.0,23.5,24,85,15,2,40,0,0.89,19,26,-7,-0.30,+1.42,21.9,31.3,-9.3,-0.40,+0.18,ar ARG,"FW,MF",Colón,Primera Division Argentina,21,2001,23.5,6,0,0,63,27,5,39,8,32,0,0,0,101,57,50,53.3
Jean Pierre Rosso,uy URU,"DF,MF",Sarmiento,Primera Division Argentina,25,1997,16,12,"1,009",11.2,0,1,1,0,0,0,1,0,0.2,0.2,0.7,0.9,7,45,32,0.00,0.09,0.09,0.00,0.09,0.02,0.07,0.08,0.02,0.08,uy URU,"DF,MF",Sarmiento,Primera Division Argentina,25,1997,11.2,0,5,1,20.0,0.45,0.09,0.00,0.00,17.5,0,0,0,0.2,0.2,0.04,-0.2,-0.2,uy URU,"DF,MF",Sarmiento,Primera Division Argentina,25,1997,11.2,261,439,59.5,4585,2483,118,147,80.3,100,164,61.0,31,82,37.8,1,0.7,0.7,+0.3,9,37,9,3,45,uy URU,"DF,MF",Sarmiento,Primera Division Argentina,25,1997,11.2,439,326,107,5,1,1,33,96,6,0,6,0,261,6,17,uy URU,"DF,MF",Sarmiento,Primera Division Argentina,25,1997,11.2,25,2.23,13,7,0,2,1,2,4,0.36,2,1,0,0,0,1,uy URU,"DF,MF",Sarmiento,Primera Division Argentina,25,1997,11.2,27,21,18,7,2,13,28,46.4,15,16,2,14,18,45,31,0,uy URU,"DF,MF",Sarmiento,Primera Division Argentina,25,1997,11.2,579,37,169,261,154,9,579,23,13,56.5,10,43.5,201,988,493,7,8,0,16,9,214,32,uy URU,"DF,MF",Sarmiento,Primera Division Argentina,25,1997,16,"1,009",63,41.5,11.2,12,79,6,4,14,10,1.00,9,12,-3,-0.27,-0.27,9.0,14.4,-5.3,-0.47,-0.32,uy URU,"DF,MF",Sarmiento,Primera Division Argentina,25,1997,11.2,1,0,0,14,3,2,33,18,21,0,0,0,65,27,30,47.4
Juan Pignani,ar ARG,"DF,FW",Platense,Primera Division Argentina,21,2001,5,2,220,2.4,0,0,0,0,0,0,0,0,0.0,0.0,0.0,0.0,1,8,0,0.00,0.00,0.00,0.00,0.00,0.00,0.00,0.00,0.00,0.00,ar ARG,"DF,FW",Platense,Primera Division Argentina,21,2001,2.4,0,0,0,0,0.00,0.00,0,0,0,0,0,0,0.0,0.0,0,0.0,0.0,ar ARG,"DF,FW",Platense,Primera Division Argentina,21,2001,2.4,70,92,76.1,1563,687,12,18,66.7,44,48,91.7,14,25,56.0,0,0.0,0.0,0.0,0,9,0,0,8,ar ARG,"DF,FW",Platense,Primera Division Argentina,21,2001,2.4,92,90,2,2,0,1,0,0,0,0,0,0,70,0,0,ar ARG,"DF,FW",Platense,Primera Division Argentina,21,2001,2.4,3,1.23,3,0,0,0,0,0,0,0.00,0,0,0,0,0,0,ar ARG,"DF,FW",Platense,Primera Division Argentina,21,2001,2.4,8,6,6,2,0,6,7,85.7,1,1,1,0,0,8,9,0,ar ARG,"DF,FW",Platense,Primera Division Argentina,21,2001,2.4,112,11,55,57,1,1,112,0,0,0,0,0,66,460,244,1,0,0,1,0,68,0,ar ARG,"DF,FW",Platense,Primera Division Argentina,21,2001,5,220,44,9.1,2.4,2,90,2,3,13,10,1.20,3,7,-4,-1.64,-1.68,3.3,4.8,-1.6,-0.65,-0.29,ar ARG,"DF,FW",Platense,Primera Division Argentina,21,2001,2.4,0,0,0,4,1,0,0,0,6,0,2,0,12,6,3,66.7
Iván Pillud,ar ARG,"DF,MF",Racing Club,Primera Division Argentina,36,1986,9,2,401,4.5,1,1,2,1,0,0,1,0,0.0,0.0,0.1,0.2,5,17,25,0.22,0.22,0.45,0.22,0.45,0.01,0.03,0.04,0.01,0.04,ar ARG,"DF,MF",Racing Club,Primera Division Argentina,36,1986,4.5,1,1,1,100.0,0.22,0.22,1.00,1.00,27.6,0,0,0,0.0,0.0,0.04,+1.0,+1.0,ar ARG,"DF,MF",Racing Club,Primera Division Argentina,36,1986,4.5,196,241,81.3,3123,924,100,110,90.9,78,98,79.6,16,29,55.2,1,0.1,0.2,+0.9,3,17,3,3,17,ar ARG,"DF,MF",Racing Club,Primera Division Argentina,36,1986,4.5,241,204,37,4,0,0,15,33,0,0,0,0,196,0,1,ar ARG,"DF,MF",Racing Club,Primera Division Argentina,36,1986,4.5,7,1.57,4,0,0,0,3,0,1,0.22,1,0,0,0,0,0,ar ARG,"DF,MF",Racing Club,Primera Division Argentina,36,1986,4.5,9,6,6,3,0,5,8,62.5,3,7,1,6,4,13,8,0,ar ARG,"DF,MF",Racing Club,Primera Division Argentina,36,1986,4.5,285,14,69,158,62,0,285,7,4,57.1,1,14.3,156,754,372,5,9,0,4,2,164,25,ar ARG,"DF,MF",Racing Club,Primera Division Argentina,36,1986,9,401,45,16.5,4.5,2,82,0,7,34,12,0.56,5,8,-3,-0.67,-0.85,3.1,9.2,-6.0,-1.35,-1.41,ar ARG,"DF,MF",Racing Club,Primera Division Argentina,36,1986,4.5,1,0,0,2,9,0,15,4,6,0,0,0,36,2,6,25.0
Gonzalo Piñeiro,ar ARG,MF,Estudiantes–LP,Primera Division Argentina,22,2000,1,0,9,0.1,0,0,0,0,0,0,0,0,0.0,0.0,0.0,0.0,0,1,0,0.00,0.00,0.00,0.00,0.00,0.00,0.00,0.00,0.00,0.00,ar ARG,MF,Estudiantes–LP,Primera Division Argentina,22,2000,0.1,0,0,0,0,0.00,0.00,0,0,0,0,0,0,0.0,0.0,0,0.0,0.0,ar ARG,MF,Estudiantes–LP,Primera Division Argentina,22,2000,0.1,2,4,50.0,33,11,0,0,0,2,2,100.0,0,0,0,0,0.0,0.0,0.0,0,1,0,0,1,ar ARG,MF,Estudiantes–LP,Primera Division Argentina,22,2000,0.1,4,4,0,0,0,0,0,0,0,0,0,0,2,0,0,ar ARG,MF,Estudiantes–LP,Primera Division Argentina,22,2000,0.1,0,0.00,0,0,0,0,0,0,0,0.00,0,0,0,0,0,0,ar ARG,MF,Estudiantes–LP,Primera Division Argentina,22,2000,0.1,1,1,1,0,0,1,1,100.0,0,1,0,1,0,1,0,0,ar ARG,MF,Estudiantes–LP,Primera Division Argentina,22,2000,0.1,8,0,5,3,0,0,8,0,0,0,0,0,1,14,0,0,0,0,0,1,1,0,ar ARG,MF,Estudiantes–LP,Primera Division Argentina,22,2000,1,9,9,0.4,0.1,0,0,0,1,9,7,3.00,0,0,0,0.00,-0.41,0.0,0.0,0.0,-0.42,-0.78,ar ARG,MF,Estudiantes–LP,Primera Division Argentina,22,2000,0.1,0,0,0,1,0,0,0,0,1,0,0,0,3,0,1,0.0
Gonzalo Piovi,ar ARG,"DF,MF",Racing Club,Primera Division Argentina,28,1994,19,19,"1,597",17.7,4,1,5,2,2,2,4,1,2.7,1.2,1.3,2.4,20,113,22,0.23,0.06,0.28,0.11,0.17,0.15,0.07,0.23,0.07,0.14,ar ARG,"DF,MF",Racing Club,Primera Division Argentina,28,1994,17.7,4,27,7,25.9,1.52,0.39,0.07,0.29,27.5,13,2,2,2.7,1.2,0.04,+1.3,+0.8,ar ARG,"DF,MF",Racing Club,Primera Division Argentina,28,1994,17.7,938,1176,79.8,19845,8218,323,363,89.0,425,499,85.2,179,276,64.9,1,1.3,1.2,-0.3,11,114,13,3,113,ar ARG,"DF,MF",Racing Club,Primera Division Argentina,28,1994,17.7,1176,1056,116,50,1,24,21,65,1,0,0,0,938,4,10,ar ARG,"DF,MF",Racing Club,Primera Division Argentina,28,1994,17.7,35,1.97,25,4,0,5,0,1,4,0.23,3,1,0,0,0,0,ar ARG,"DF,MF",Racing Club,Primera Division Argentina,28,1994,17.7,44,29,24,18,2,23,52,44.2,29,17,4,13,29,73,89,0,ar ARG,"DF,MF",Racing Club,Primera Division Argentina,28,1994,17.7,1431,125,558,750,136,20,1429,16,8,50.0,7,43.8,785,3712,2473,20,15,1,26,5,850,22,ar ARG,"DF,MF",Racing Club,Primera Division Argentina,28,1994,19,"1,597",84,65.7,17.7,19,84,15,0,0,0,1.53,25,16,+9,+0.51,+1.37,21.3,21.4,-0.1,0.00,+0.49,ar ARG,"DF,MF",Racing Club,Primera Division Argentina,28,1994,17.7,4,1,0,32,12,0,21,29,29,0,0,0,135,27,34,44.3
Oscar Piris,ar ARG,DF,Unión,Primera Division Argentina,33,1989,13,12,"1,079",12.0,1,0,1,1,0,0,2,0,1.2,1.2,0.4,1.6,4,32,3,0.08,0.00,0.08,0.08,0.08,0.10,0.03,0.14,0.10,0.14,ar ARG,DF,Unión,Primera Division Argentina,33,1989,12.0,1,8,1,12.5,0.67,0.08,0.13,1.00,12.4,0,0,0,1.2,1.2,0.15,-0.2,-0.2,ar ARG,DF,Unión,Primera Division Argentina,33,1989,12.0,358,487,73.5,7103,3481,125,139,89.9,188,228,82.5,41,98,41.8,0,0.4,0.4,-0.4,8,33,3,0,32,ar ARG,DF,Unión,Primera Division Argentina,33,1989,12.0,487,461,26,18,1,4,2,8,0,0,0,0,358,0,6,ar ARG,DF,Unión,Primera Division Argentina,33,1989,12.0,15,1.25,11,0,0,2,0,2,1,0.08,1,0,0,0,0,0,ar ARG,DF,Unión,Primera Division Argentina,33,1989,12.0,24,15,10,13,1,15,24,62.5,9,15,7,8,18,42,50,0,ar ARG,DF,Unión,Primera Division Argentina,33,1989,12.0,625,72,356,250,29,17,625,5,2,40.0,3,60.0,265,1480,991,4,4,0,11,2,303,3,ar ARG,DF,Unión,Primera Division Argentina,33,1989,13,"1,079",83,44.4,12.0,12,88,11,1,25,12,0.92,9,12,-3,-0.25,-0.05,12.0,11.0,+1.0,+0.09,+0.59,ar ARG,DF,Unión,Primera Division Argentina,33,1989,12.0,2,0,0,14,7,1,2,18,15,0,0,0,82,48,24,66.7
Bruno Pittón,ar ARG,DF,Newell's OB,Primera Division Argentina,29,1993,20,15,"1,386",15.4,1,2,3,1,0,0,2,0,0.4,0.4,0.9,1.3,29,89,42,0.06,0.13,0.19,0.06,0.19,0.03,0.06,0.08,0.03,0.08,ar ARG,DF,Newell's OB,Primera Division Argentina,29,1993,15.4,1,8,4,50.0,0.52,0.26,0.13,0.25,16.2,0,0,0,0.4,0.4,0.05,+0.6,+0.6,ar ARG,DF,Newell's OB,Primera Division Argentina,29,1993,15.4,643,831,77.4,10356,4240,324,362,89.5,268,345,77.7,40,82,48.8,2,0.9,0.7,+1.1,11,61,5,4,89,ar ARG,DF,Newell's OB,Primera Division Argentina,29,1993,15.4,831,655,175,16,1,2,27,157,2,1,1,0,643,1,24,ar ARG,DF,Newell's OB,Primera Division Argentina,29,1993,15.4,21,1.37,16,3,0,1,0,1,2,0.13,1,1,0,0,0,0,ar ARG,DF,Newell's OB,Primera Division Argentina,29,1993,15.4,38,27,23,12,3,19,36,52.8,17,16,3,13,14,52,27,0,ar ARG,DF,Newell's OB,Primera Division Argentina,29,1993,15.4,967,34,285,521,171,20,967,13,7,53.8,6,46.2,464,2340,1262,29,11,5,13,6,536,42,ar ARG,DF,Newell's OB,Primera Division Argentina,29,1993,20,"1,386",69,57.0,15.4,15,83,8,5,29,5,1.35,13,16,-3,-0.19,-0.45,13.5,17.2,-3.7,-0.24,-0.45,ar ARG,DF,Newell's OB,Primera Division Argentina,29,1993,15.4,2,0,0,10,5,3,27,14,27,0,0,0,80,20,19,51.3
Mauro Pittón,ar ARG,MF,Cen. Córdoba–SdE,Primera Division Argentina,28,1994,26,23,"2,098",23.3,0,0,0,0,0,0,4,0,0.8,0.8,1.4,2.2,15,105,27,0.00,0.00,0.00,0.00,0.00,0.04,0.06,0.09,0.04,0.09,ar ARG,MF,Cen. Córdoba–SdE,Primera Division Argentina,28,1994,23.3,0,18,6,33.3,0.77,0.26,0.00,0.00,24.6,1,0,0,0.8,0.8,0.05,-0.8,-0.8,ar ARG,MF,Cen. Córdoba–SdE,Primera Division Argentina,28,1994,23.3,729,958,76.1,12633,3878,326,395,82.5,284,347,81.8,82,137,59.9,0,1.4,0.7,-1.4,24,86,4,0,105,ar ARG,MF,Cen. Córdoba–SdE,Primera Division Argentina,28,1994,23.3,958,917,34,19,2,2,23,1,13,1,11,0,729,7,18,ar ARG,MF,Cen. Córdoba–SdE,Primera Division Argentina,28,1994,23.3,53,2.27,29,16,3,1,3,1,1,0.04,0,0,0,1,0,0,ar ARG,MF,Cen. Córdoba–SdE,Primera Division Argentina,28,1994,23.3,78,46,29,41,8,43,105,41.0,62,36,17,19,45,123,45,0,ar ARG,MF,Cen. Córdoba–SdE,Primera Division Argentina,28,1994,23.3,1246,71,288,772,206,7,1246,38,26,68.4,8,21.1,515,2375,1122,15,23,2,26,13,599,27,ar ARG,MF,Cen. Córdoba–SdE,Primera Division Argentina,28,1994,26,"2,098",81,86.3,23.3,23,88,21,3,23,0,1.08,16,26,-10,-0.43,-0.43,21.2,32.5,-11.3,-0.48,-0.64,ar ARG,MF,Cen. Córdoba–SdE,Primera Division Argentina,28,1994,23.3,4,0,0,19,23,1,23,45,46,0,0,0,180,43,29,59.7
Patricio Pizarro,ar ARG,DF,Huracán,Primera Division Argentina,22,2000,13,6,573,6.4,0,0,0,0,0,0,6,2,0.1,0.1,0.3,0.4,2,14,17,0.00,0.00,0.00,0.00,0.00,0.02,0.05,0.07,0.02,0.07,ar ARG,DF,Huracán,Primera Division Argentina,22,2000,6.4,0,4,0,0.0,0.63,0.00,0.00,0,22.4,0,0,0,0.1,0.1,0.03,-0.1,-0.1,ar ARG,DF,Huracán,Primera Division Argentina,22,2000,6.4,237,319,74.3,4499,1857,97,115,84.3,111,142,78.2,26,55,47.3,0,0.3,0.2,-0.3,5,11,3,2,14,ar ARG,DF,Huracán,Primera Division Argentina,22,2000,6.4,319,281,37,15,0,4,9,22,0,0,0,0,237,1,2,ar ARG,DF,Huracán,Primera Division Argentina,22,2000,6.4,8,1.26,4,2,1,1,0,0,0,0.00,0,0,0,0,0,0,ar ARG,DF,Huracán,Primera Division Argentina,22,2000,6.4,9,6,6,3,0,6,14,42.9,8,3,2,1,9,18,32,0,ar ARG,DF,Huracán,Primera Division Argentina,22,2000,6.4,393,29,170,180,43,9,393,10,6,60.0,4,40.0,195,897,440,2,3,0,7,2,213,17,ar ARG,DF,Huracán,Primera Division Argentina,22,2000,13,573,44,23.6,6.4,6,74,3,7,18,7,1.36,5,7,-2,-0.31,+0.12,7.2,6.7,+0.4,+0.07,+0.06,ar ARG,DF,Huracán,Primera Division Argentina,22,2000,6.4,6,2,1,13,5,0,9,9,6,0,2,0,34,24,12,66.7
Francisco Pizzini,ar ARG,FW,Talleres,Primera Division Argentina,29,1993,22,12,"1,162",12.9,3,3,6,3,0,0,2,0,2.6,2.6,3.4,6.0,47,44,67,0.23,0.23,0.46,0.23,0.46,0.20,0.26,0.46,0.20,0.46,ar ARG,FW,Talleres,Primera Division Argentina,29,1993,12.9,3,21,9,42.9,1.63,0.70,0.14,0.33,15.1,0,0,0,2.6,2.6,0.13,+0.4,+0.4,ar ARG,FW,Talleres,Primera Division Argentina,29,1993,12.9,318,430,74.0,5048,1330,169,206,82.0,116,147,78.9,22,37,59.5,3,3.4,2.2,-0.4,16,23,13,0,44,ar ARG,FW,Talleres,Primera Division Argentina,29,1993,12.9,430,415,14,2,3,7,11,12,0,0,0,0,318,1,17,ar ARG,FW,Talleres,Primera Division Argentina,29,1993,12.9,38,2.94,27,0,2,3,2,4,4,0.31,2,0,0,2,0,0,ar ARG,FW,Talleres,Primera Division Argentina,29,1993,12.9,30,21,11,14,5,16,41,39.0,25,22,4,18,12,42,17,0,ar ARG,FW,Talleres,Primera Division Argentina,29,1993,12.9,626,22,91,339,210,33,626,54,29,53.7,23,42.6,348,2240,1242,47,29,13,34,21,413,67,ar ARG,FW,Talleres,Primera Division Argentina,29,1993,22,"1,162",53,47.8,12.9,12,72,3,10,29,4,1.77,16,10,+6,+0.46,-0.46,17.5,13.9,+3.6,+0.28,-0.58,ar ARG,FW,Talleres,Primera Division Argentina,29,1993,12.9,2,0,0,14,22,2,11,12,21,0,0,1,75,11,24,31.4
Joaquín Pombo,ar ARG,DF,Arsenal,Primera Division Argentina,21,2001,20,20,"1,705",18.9,1,0,1,1,0,0,7,1,0.9,0.9,0.2,1.1,6,26,4,0.05,0.00,0.05,0.05,0.05,0.05,0.01,0.06,0.05,0.06,ar ARG,DF,Arsenal,Primera Division Argentina,21,2001,18.9,1,5,2,40.0,0.26,0.11,0.20,0.50,9.6,0,0,0,0.9,0.9,0.18,+0.1,+0.1,ar ARG,DF,Arsenal,Primera Division Argentina,21,2001,18.9,446,618,72.2,8547,3241,149,186,80.1,256,311,82.3,35,101,34.7,0,0.2,0.5,-0.2,3,24,0,0,26,ar ARG,DF,Arsenal,Primera Division Argentina,21,2001,18.9,618,599,16,15,0,2,0,1,0,0,0,0,446,3,2,ar ARG,DF,Arsenal,Primera Division Argentina,21,2001,18.9,8,0.42,7,0,1,0,0,0,1,0.05,1,0,0,0,0,0,ar ARG,DF,Arsenal,Primera Division Argentina,21,2001,18.9,44,28,36,8,0,22,44,50.0,22,23,9,14,41,85,85,0,ar ARG,DF,Arsenal,Primera Division Argentina,21,2001,18.9,827,117,515,297,24,15,827,2,1,50.0,1,50.0,355,2205,1414,6,2,0,7,0,371,4,ar ARG,DF,Arsenal,Primera Division Argentina,21,2001,20,"1,705",85,70.2,18.9,20,85,18,0,0,3,1.05,15,18,-3,-0.16,+1.46,17.8,22.9,-5.1,-0.27,+0.54,ar ARG,DF,Arsenal,Primera Division Argentina,21,2001,18.9,7,1,0,31,4,0,0,41,28,0,0,0,106,41,26,61.2
Facundo Pons,ar ARG,FW,Arsenal,Primera Division Argentina,27,1995,16,10,912,10.1,2,1,3,1,1,1,7,0,2.8,2.0,0.6,2.6,6,13,48,0.20,0.10,0.30,0.10,0.20,0.27,0.06,0.33,0.20,0.26,ar ARG,FW,Arsenal,Primera Division Argentina,27,1995,10.1,2,24,7,29.2,2.37,0.69,0.04,0.14,14.7,0,1,1,2.8,2.0,0.08,-0.8,-1.0,ar ARG,FW,Arsenal,Primera Division Argentina,27,1995,10.1,161,243,66.3,2338,413,91,122,74.6,47,69,68.1,13,18,72.2,1,0.6,0.3,+0.4,8,13,2,1,13,ar ARG,FW,Arsenal,Primera Division Argentina,27,1995,10.1,243,231,11,0,1,1,10,1,0,0,0,0,161,1,11,ar ARG,FW,Arsenal,Primera Division Argentina,27,1995,10.1,21,2.07,15,0,1,4,0,1,1,0.10,1,0,0,0,0,0,ar ARG,FW,Arsenal,Primera Division Argentina,27,1995,10.1,7,5,3,2,2,0,8,0.0,8,10,1,9,1,8,12,0,ar ARG,FW,Arsenal,Primera Division Argentina,27,1995,10.1,389,12,31,181,185,40,388,24,11,45.8,11,45.8,201,906,269,6,8,1,45,18,275,48,ar ARG,FW,Arsenal,Primera Division Argentina,27,1995,16,912,57,37.5,10.1,10,74,2,6,29,5,0.88,7,11,-4,-0.39,+0.32,8.4,11.4,-3.0,-0.30,+0.21,ar ARG,FW,Arsenal,Primera Division Argentina,27,1995,10.1,7,0,0,35,11,4,10,1,5,0,1,0,39,36,48,42.9
Juan Portillo,ar ARG,DF,Talleres,Primera Division Argentina,22,2000,19,17,"1,424",15.8,1,0,1,1,0,0,5,1,1.2,1.2,0.5,1.7,27,68,19,0.06,0.00,0.06,0.06,0.06,0.08,0.03,0.11,0.08,0.11,ar ARG,DF,Talleres,Primera Division Argentina,22,2000,15.8,1,11,1,9.1,0.70,0.06,0.09,1.00,20.3,0,0,0,1.2,1.2,0.11,-0.2,-0.2,ar ARG,DF,Talleres,Primera Division Argentina,22,2000,15.8,599,786,76.2,9254,4589,337,384,87.8,209,276,75.7,41,92,44.6,0,0.5,0.5,-0.5,2,57,3,0,68,ar ARG,DF,Talleres,Primera Division Argentina,22,2000,15.8,786,633,151,12,1,3,9,139,0,0,0,0,599,2,16,ar ARG,DF,Talleres,Primera Division Argentina,22,2000,15.8,16,1.01,7,2,3,1,1,2,0,0.00,0,0,0,0,0,0,ar ARG,DF,Talleres,Primera Division Argentina,22,2000,15.8,40,25,21,19,0,24,36,66.7,12,24,4,20,16,56,47,0,ar ARG,DF,Talleres,Primera Division Argentina,22,2000,15.8,964,47,317,532,125,15,964,18,14,77.8,4,22.2,423,2275,1340,27,21,5,17,6,467,19,ar ARG,DF,Talleres,Primera Division Argentina,22,2000,19,"1,424",75,58.6,15.8,17,81,12,2,23,0,1.95,23,12,+11,+0.70,-0.02,27.4,15.2,+12.1,+0.77,+0.44,ar ARG,DF,Talleres,Primera Division Argentina,22,2000,15.8,5,1,0,23,10,0,9,16,25,0,0,0,93,25,22,53.2
Marcos Portillo,ar ARG,"MF,FW",Newell's OB,Primera Division Argentina,23,2000,17,11,932,10.4,0,1,1,0,0,0,3,0,1.1,1.1,1.2,2.2,17,54,57,0.00,0.10,0.10,0.00,0.10,0.10,0.11,0.22,0.10,0.22,ar ARG,"MF,FW",Newell's OB,Primera Division Argentina,23,2000,10.4,0,21,6,28.6,2.03,0.58,0.00,0.00,25.3,1,0,0,1.1,1.1,0.05,-1.1,-1.1,ar ARG,"MF,FW",Newell's OB,Primera Division Argentina,23,2000,10.4,421,598,70.4,8094,2272,183,223,82.1,158,216,73.1,74,128,57.8,1,1.2,0.9,-0.2,15,52,8,5,54,ar ARG,"MF,FW",Newell's OB,Primera Division Argentina,23,2000,10.4,598,562,35,13,5,10,36,2,17,4,8,0,421,1,14,ar ARG,"MF,FW",Newell's OB,Primera Division Argentina,23,2000,10.4,31,3.00,21,7,1,1,1,0,1,0.10,1,0,0,0,0,0,ar ARG,"MF,FW",Newell's OB,Primera Division Argentina,23,2000,10.4,26,17,10,14,2,12,32,37.5,20,14,1,13,12,38,15,1,ar ARG,"MF,FW",Newell's OB,Primera Division Argentina,23,2000,10.4,730,18,114,452,174,17,730,42,26,61.9,14,33.3,398,2053,921,17,20,2,21,9,490,57,ar ARG,"MF,FW",Newell's OB,Primera Division Argentina,23,2000,17,932,55,38.4,10.4,11,71,3,6,25,5,1.12,7,10,-3,-0.29,-0.47,8.8,8.7,0.0,0.00,+0.08,ar ARG,"MF,FW",Newell's OB,Primera Division Argentina,23,2000,10.4,3,0,0,21,13,1,36,12,17,0,0,0,76,14,6,70.0
Tomás Pozzo,ar ARG,"FW,MF",Independiente,Primera Division Argentina,22,2000,5,2,195,2.2,0,0,0,0,0,0,1,0,0.1,0.1,0.1,0.2,6,13,9,0.00,0.00,0.00,0.00,0.00,0.04,0.04,0.08,0.04,0.08,ar ARG,"FW,MF",Independiente,Primera Division Argentina,22,2000,2.2,0,2,0,0.0,0.92,0.00,0.00,0,22.9,0,0,0,0.1,0.1,0.05,-0.1,-0.1,ar ARG,"FW,MF",Independiente,Primera Division Argentina,22,2000,2.2,65,85,76.5,1002,271,31,41,75.6,24,25,96.0,5,8,62.5,0,0.1,0.2,-0.1,3,7,4,1,13,ar ARG,"FW,MF",Independiente,Primera Division Argentina,22,2000,2.2,85,79,5,1,0,0,7,2,2,2,0,0,65,1,3,ar ARG,"FW,MF",Independiente,Primera Division Argentina,22,2000,2.2,7,3.25,4,2,0,0,1,0,0,0.00,0,0,0,0,0,0,ar ARG,"FW,MF",Independiente,Primera Division Argentina,22,2000,2.2,10,5,5,3,2,6,10,60.0,4,3,1,2,0,10,1,0,ar ARG,"FW,MF",Independiente,Primera Division Argentina,22,2000,2.2,121,2,16,56,49,2,121,9,4,44.4,5,55.6,66,443,224,6,9,0,8,4,80,9,ar ARG,"FW,MF",Independiente,Primera Division Argentina,22,2000,5,195,39,8.0,2.2,2,71,0,3,18,2,1.00,1,1,0,0.00,+0.36,2.5,1.3,+1.2,+0.55,+0.63,ar ARG,"FW,MF",Independiente,Primera Division Argentina,22,2000,2.2,1,0,0,6,4,0,7,0,5,0,0,0,13,1,4,20.0
Fernando Prado,uy URU,DF,Barracas Central,Primera Division Argentina,21,2001,7,6,417,4.6,0,0,0,0,0,0,0,0,0.0,0.0,0.0,0.0,8,11,3,0.00,0.00,0.00,0.00,0.00,0.00,0.00,0.00,0.00,0.00,uy URU,DF,Barracas Central,Primera Division Argentina,21,2001,4.6,0,0,0,0,0.00,0.00,0,0,0,0,0,0,0.0,0.0,0,0.0,0.0,uy URU,DF,Barracas Central,Primera Division Argentina,21,2001,4.6,124,176,70.5,2592,1069,43,48,89.6,56,73,76.7,23,49,46.9,0,0.0,0.1,0.0,0,12,2,1,11,uy URU,DF,Barracas Central,Primera Division Argentina,21,2001,4.6,176,161,15,4,0,6,2,11,0,0,0,0,124,0,4,uy URU,DF,Barracas Central,Primera Division Argentina,21,2001,4.6,3,0.65,3,0,0,0,0,0,1,0.22,1,0,0,0,0,0,uy URU,DF,Barracas Central,Primera Division Argentina,21,2001,4.6,7,4,6,1,0,6,12,50.0,6,6,1,5,8,15,20,1,uy URU,DF,Barracas Central,Primera Division Argentina,21,2001,4.6,223,24,110,105,10,0,223,1,1,100.0,0,0.0,97,822,625,8,1,0,4,0,115,3,uy URU,DF,Barracas Central,Primera Division Argentina,21,2001,7,417,60,17.2,4.6,6,67,1,1,16,6,1.43,5,7,-2,-0.43,-0.30,4.4,5.4,-1.0,-0.21,+0.01,uy URU,DF,Barracas Central,Primera Division Argentina,21,2001,4.6,0,0,0,3,1,0,2,8,4,0,1,0,32,1,15,6.3
Lucas Pratto,ar ARG,"MF,FW",Vélez Sarsfield,Primera Division Argentina,34,1988,20,15,"1,257",14.0,3,1,4,2,1,1,3,0,2.2,1.4,0.9,2.3,25,48,81,0.21,0.07,0.29,0.14,0.21,0.16,0.06,0.22,0.10,0.17,ar ARG,"MF,FW",Vélez Sarsfield,Primera Division Argentina,34,1988,14.0,3,15,8,53.3,1.07,0.57,0.13,0.25,17.1,0,1,1,2.2,1.4,0.10,+0.8,+0.6,ar ARG,"MF,FW",Vélez Sarsfield,Primera Division Argentina,34,1988,14.0,247,409,60.4,3585,1187,146,199,73.4,67,121,55.4,22,44,50.0,1,0.9,1.0,+0.1,9,31,9,2,48,ar ARG,"MF,FW",Vélez Sarsfield,Primera Division Argentina,34,1988,14.0,409,393,12,0,1,1,25,5,0,0,0,0,247,4,15,ar ARG,"MF,FW",Vélez Sarsfield,Primera Division Argentina,34,1988,14.0,22,1.58,19,0,2,0,1,0,4,0.29,2,0,1,0,1,0,ar ARG,"MF,FW",Vélez Sarsfield,Primera Division Argentina,34,1988,14.0,18,11,5,8,5,5,16,31.3,11,18,2,16,2,20,30,1,ar ARG,"MF,FW",Vélez Sarsfield,Primera Division Argentina,34,1988,14.0,582,30,70,273,241,42,581,31,16,51.6,15,48.4,321,1571,585,25,21,9,45,18,420,81,ar ARG,"MF,FW",Vélez Sarsfield,Primera Division Argentina,34,1988,20,"1,257",63,51.7,14.0,15,78,3,5,18,1,0.90,13,16,-3,-0.21,-0.21,11.7,11.9,-0.1,-0.01,+0.05,ar ARG,"MF,FW",Vélez Sarsfield,Primera Division Argentina,34,1988,14.0,3,0,0,13,13,3,25,2,11,1,0,0,34,56,54,50.9
Sebastián Prediger,ar ARG,MF,Tigre,Primera Division Argentina,36,1986,18,14,"1,114",12.4,0,0,0,0,0,0,0,0,0.2,0.2,0.1,0.4,19,52,3,0.00,0.00,0.00,0.00,0.00,0.02,0.01,0.03,0.02,0.03,ar ARG,MF,Tigre,Primera Division Argentina,36,1986,12.4,0,4,2,50.0,0.32,0.16,0.00,0.00,20.0,0,0,0,0.2,0.2,0.06,-0.2,-0.2,ar ARG,MF,Tigre,Primera Division Argentina,36,1986,12.4,536,623,86.0,9753,3106,240,265,90.6,226,253,89.3,63,75,84.0,0,0.1,0.5,-0.1,4,45,3,1,52,ar ARG,MF,Tigre,Primera Division Argentina,36,1986,12.4,623,592,30,29,1,5,3,1,0,0,0,0,536,1,15,ar ARG,MF,Tigre,Primera Division Argentina,36,1986,12.4,19,1.54,15,0,0,0,1,3,0,0.00,0,0,0,0,0,0,ar ARG,MF,Tigre,Primera Division Argentina,36,1986,12.4,48,36,20,27,1,16,41,39.0,25,16,3,13,21,69,18,0,ar ARG,MF,Tigre,Primera Division Argentina,36,1986,12.4,765,34,171,540,71,3,765,20,10,50.0,8,40.0,397,2149,992,19,15,0,13,9,413,3,ar ARG,MF,Tigre,Primera Division Argentina,36,1986,18,"1,114",62,45.8,12.4,14,74,1,4,19,6,1.39,13,16,-3,-0.24,-0.31,14.2,15.0,-0.7,-0.06,-0.40,ar ARG,MF,Tigre,Primera Division Argentina,36,1986,12.4,0,0,0,11,12,0,3,21,36,0,0,0,120,25,14,64.1
Gianluca Prestianni,ar ARG,"FW,MF",Vélez Sarsfield,Primera Division Argentina,17,2006,23,13,"1,310",14.6,2,0,2,2,0,0,4,0,2.0,2.0,1.9,4.0,60,56,98,0.14,0.00,0.14,0.14,0.14,0.14,0.13,0.27,0.14,0.27,ar ARG,"FW,MF",Vélez Sarsfield,Primera Division Argentina,17,2006,14.6,2,28,12,42.9,1.92,0.82,0.07,0.17,22.0,1,0,0,2.0,2.0,0.07,0.0,0.0,ar ARG,"FW,MF",Vélez Sarsfield,Primera Division Argentina,17,2006,14.6,293,455,64.4,4846,1590,150,202,74.3,100,138,72.5,31,67,46.3,0,1.9,1.9,-1.9,26,31,27,5,56,ar ARG,"FW,MF",Vélez Sarsfield,Primera Division Argentina,17,2006,14.6,455,412,40,13,3,2,46,16,9,2,7,0,293,3,17,ar ARG,"FW,MF",Vélez Sarsfield,Primera Division Argentina,17,2006,14.6,65,4.46,32,6,16,4,7,0,4,0.27,1,0,3,0,0,0,ar ARG,"FW,MF",Vélez Sarsfield,Primera Division Argentina,17,2006,14.6,13,10,3,9,1,7,25,28.0,18,20,2,18,13,26,3,0,ar ARG,"FW,MF",Vélez Sarsfield,Primera Division Argentina,17,2006,14.6,675,3,62,318,324,37,675,126,68,54.0,47,37.3,462,3629,1861,60,50,14,52,25,448,98,ar ARG,"FW,MF",Vélez Sarsfield,Primera Division Argentina,17,2006,23,"1,310",57,53.9,14.6,13,80,3,10,27,4,0.83,9,9,0,0.00,+0.24,11.3,10.4,+0.9,+0.06,+0.21,ar ARG,"FW,MF",Vélez Sarsfield,Primera Division Argentina,17,2006,14.6,4,0,0,15,29,1,46,13,10,0,0,0,90,17,13,56.7
Sebastián Prieto,ar ARG,DF,Tigre,Primera Division Argentina,29,1993,18,16,"1,459",16.2,0,0,0,0,0,0,1,0,0.5,0.5,1.6,2.0,30,80,78,0.00,0.00,0.00,0.00,0.00,0.03,0.10,0.13,0.03,0.13,ar ARG,DF,Tigre,Primera Division Argentina,29,1993,16.2,0,12,2,16.7,0.74,0.12,0.00,0.00,23.2,0,0,0,0.5,0.5,0.04,-0.5,-0.5,ar ARG,DF,Tigre,Primera Division Argentina,29,1993,16.2,672,922,72.9,12358,5452,304,349,87.1,274,355,77.2,87,176,49.4,0,1.6,1.5,-1.6,16,65,20,12,80,ar ARG,DF,Tigre,Primera Division Argentina,29,1993,16.2,922,716,202,12,1,10,53,184,6,0,5,0,672,4,22,ar ARG,DF,Tigre,Primera Division Argentina,29,1993,16.2,41,2.53,32,5,2,2,0,0,2,0.12,2,0,0,0,0,0,ar ARG,DF,Tigre,Primera Division Argentina,29,1993,16.2,46,26,19,21,6,29,48,60.4,19,19,3,16,12,58,42,0,ar ARG,DF,Tigre,Primera Division Argentina,29,1993,16.2,1097,47,293,562,253,16,1097,36,19,52.8,16,44.4,518,2390,1449,30,23,5,25,8,597,78,ar ARG,DF,Tigre,Primera Division Argentina,29,1993,18,"1,459",81,60.0,16.2,16,88,14,2,24,1,1.33,20,18,+2,+0.12,+0.49,19.8,17.3,+2.4,+0.15,-0.01,ar ARG,DF,Tigre,Primera Division Argentina,29,1993,16.2,1,0,0,12,10,0,53,12,26,0,0,0,103,11,14,44.0
Ijiel Protti,ar ARG,MF,Tigre,Primera Division Argentina,28,1995,1,0,4,0.0,0,0,0,0,0,0,1,0,0.0,0.0,0.0,0.0,0,0,1,0.00,0.00,0.00,0.00,0.00,0.00,0.35,0.35,0.00,0.35,ar ARG,MF,Tigre,Primera Division Argentina,28,1995,0.0,0,0,0,0,0.00,0.00,0,0,0,0,0,0,0.0,0.0,0,0.0,0.0,ar ARG,MF,Tigre,Primera Division Argentina,28,1995,0.0,3,4,75.0,24,0,3,3,100.0,0,0,0,0,0,0,0,0.0,0.0,0.0,1,0,0,0,0,ar ARG,MF,Tigre,Primera Division Argentina,28,1995,0.0,4,4,0,0,0,0,0,0,0,0,0,0,3,0,1,ar ARG,MF,Tigre,Primera Division Argentina,28,1995,0.0,2,45.00,1,0,0,0,0,1,0,0.00,0,0,0,0,0,0,ar ARG,MF,Tigre,Primera Division Argentina,28,1995,0.0,0,0,0,0,0,0,0,0,0,2,0,2,1,1,0,0,ar ARG,MF,Tigre,Primera Division Argentina,28,1995,0.0,10,0,0,8,2,0,10,1,0,0.0,0,0.0,5,14,0,0,0,0,1,1,5,1,ar ARG,MF,Tigre,Primera Division Argentina,28,1995,1,4,4,0.2,0.0,0,0,0,1,4,1,3.00,0,0,0,0.00,+0.07,0.1,0.0,+0.1,+2.28,+2.13,ar ARG,MF,Tigre,Primera Division Argentina,28,1995,0.0,1,0,0,1,1,0,0,1,0,0,0,0,1,0,0,0
Damián Puebla,ar ARG,FW,Instituto,Primera Division Argentina,20,2002,1,0,5,0.1,0,0,0,0,0,0,0,0,0.0,0.0,0.0,0.0,1,1,0,0.00,0.00,0.00,0.00,0.00,0.00,0.00,0.00,0.00,0.00,ar ARG,FW,Instituto,Primera Division Argentina,20,2002,0.1,0,0,0,0,0.00,0.00,0,0,0,0,0,0,0.0,0.0,0,0.0,0.0,ar ARG,FW,Instituto,Primera Division Argentina,20,2002,0.1,3,4,75.0,47,16,1,1,100.0,2,2,100.0,0,0,0,0,0.0,0.0,0.0,0,0,1,0,1,ar ARG,FW,Instituto,Primera Division Argentina,20,2002,0.1,4,4,0,0,0,0,0,0,0,0,0,0,3,0,1,ar ARG,FW,Instituto,Primera Division Argentina,20,2002,0.1,1,18.00,1,0,0,0,0,0,0,0.00,0,0,0,0,0,0,ar ARG,FW,Instituto,Primera Division Argentina,20,2002,0.1,0,0,0,0,0,0,0,0,0,0,0,0,0,0,0,0,ar ARG,FW,Instituto,Primera Division Argentina,20,2002,0.1,5,0,1,3,1,0,5,0,0,0,0,0,4,30,23,1,1,0,1,0,5,0,ar ARG,FW,Instituto,Primera Division Argentina,20,2002,1,5,5,0.2,0.1,0,0,0,1,5,8,0.00,0,0,0,0.00,+0.41,0.3,0.0,+0.3,+5.79,+5.66,ar ARG,FW,Instituto,Primera Division Argentina,20,2002,0.1,0,0,0,0,0,0,0,0,0,0,0,0,0,0,0,0
Maximiliano Puig,ar ARG,MF,Barracas Central,Primera Division Argentina,22,2000,11,3,311,3.5,0,0,0,0,0,0,1,0,0.9,0.9,0.2,1.1,4,12,17,0.00,0.00,0.00,0.00,0.00,0.27,0.05,0.32,0.27,0.32,ar ARG,MF,Barracas Central,Primera Division Argentina,22,2000,3.5,0,5,3,60.0,1.45,0.87,0.00,0.00,22.5,0,0,0,0.9,0.9,0.18,-0.9,-0.9,ar ARG,MF,Barracas Central,Primera Division Argentina,22,2000,3.5,91,123,74.0,1191,308,56,67,83.6,26,34,76.5,4,7,57.1,0,0.2,0.1,-0.2,4,5,2,0,12,ar ARG,MF,Barracas Central,Primera Division Argentina,22,2000,3.5,123,121,1,1,1,0,5,0,0,0,0,0,91,1,7,ar ARG,MF,Barracas Central,Primera Division Argentina,22,2000,3.5,6,1.74,4,0,0,1,1,0,0,0.00,0,0,0,0,0,0,ar ARG,MF,Barracas Central,Primera Division Argentina,22,2000,3.5,8,6,3,4,1,2,10,20.0,8,4,0,4,1,9,1,0,ar ARG,MF,Barracas Central,Primera Division Argentina,22,2000,3.5,179,4,28,93,62,9,179,13,5,38.5,5,38.5,110,444,176,4,6,1,17,7,121,17,ar ARG,MF,Barracas Central,Primera Division Argentina,22,2000,11,311,28,12.8,3.5,3,69,0,8,13,13,1.64,2,3,-1,-0.29,-0.12,3.9,3.3,+0.6,+0.18,+0.46,ar ARG,MF,Barracas Central,Primera Division Argentina,22,2000,3.5,1,0,0,8,10,0,5,1,6,0,0,0,27,8,9,47.1
Kevin Quejada,co COL,"MF,DF",Barracas Central,Primera Division Argentina,20,2002,3,0,39,0.4,0,0,0,0,0,0,0,0,0.0,0.0,0.0,0.0,1,2,6,0.00,0.00,0.00,0.00,0.00,0.00,0.00,0.00,0.00,0.00,co COL,"MF,DF",Barracas Central,Primera Division Argentina,20,2002,0.4,0,0,0,0,0.00,0.00,0,0,0,0,0,0,0.0,0.0,0,0.0,0.0,co COL,"MF,DF",Barracas Central,Primera Division Argentina,20,2002,0.4,10,18,55.6,150,11,6,7,85.7,3,7,42.9,1,2,50.0,0,0.0,0.0,0.0,0,1,0,0,2,co COL,"MF,DF",Barracas Central,Primera Division Argentina,20,2002,0.4,18,18,0,0,0,0,1,0,0,0,0,0,10,0,0,co COL,"MF,DF",Barracas Central,Primera Division Argentina,20,2002,0.4,0,0.00,0,0,0,0,0,0,0,0.00,0,0,0,0,0,0,co COL,"MF,DF",Barracas Central,Primera Division Argentina,20,2002,0.4,0,0,0,0,0,0,0,0,0,2,1,1,0,0,1,0,co COL,"MF,DF",Barracas Central,Primera Division Argentina,20,2002,0.4,23,3,4,8,12,0,23,3,2,66.7,1,33.3,8,45,13,1,1,0,0,0,11,6,co COL,"MF,DF",Barracas Central,Primera Division Argentina,20,2002,3,39,13,1.6,0.4,0,0,0,3,13,4,1.67,1,0,+1,+2.31,+2.53,0.1,0.5,-0.4,-0.97,-0.76,co COL,"MF,DF",Barracas Central,Primera Division Argentina,20,2002,0.4,0,0,0,0,0,0,1,0,0,0,0,0,5,3,1,75.0
Carlos Quintana,ar ARG,DF,Rosario Central,Primera Division Argentina,34,1988,24,24,"2,004",22.3,2,0,2,1,1,1,5,0,1.5,0.7,0.5,1.2,4,48,4,0.09,0.00,0.09,0.04,0.04,0.07,0.02,0.09,0.03,0.06,ar ARG,DF,Rosario Central,Primera Division Argentina,34,1988,22.3,2,14,4,28.6,0.63,0.18,0.07,0.25,13.9,0,1,1,1.5,0.7,0.05,+0.5,+0.3,ar ARG,DF,Rosario Central,Primera Division Argentina,34,1988,22.3,562,742,75.7,11432,5455,165,198,83.3,305,359,85.0,86,161,53.4,0,0.5,0.5,-0.5,3,32,0,0,48,ar ARG,DF,Rosario Central,Primera Division Argentina,34,1988,22.3,742,709,33,33,0,5,0,0,0,0,0,0,562,0,7,ar ARG,DF,Rosario Central,Primera Division Argentina,34,1988,22.3,13,0.58,11,0,0,1,0,1,1,0.04,1,0,0,0,0,0,ar ARG,DF,Rosario Central,Primera Division Argentina,34,1988,22.3,65,41,45,19,1,33,49,67.3,16,30,18,12,44,109,132,1,ar ARG,DF,Rosario Central,Primera Division Argentina,34,1988,22.3,1065,178,616,423,35,27,1064,10,5,50.0,5,50.0,419,1716,972,4,3,1,10,2,465,4,ar ARG,DF,Rosario Central,Primera Division Argentina,34,1988,24,"2,004",84,82.5,22.3,24,84,18,0,0,0,1.71,30,22,+8,+0.36,+0.57,27.5,26.4,+1.1,+0.05,+0.43,ar ARG,DF,Rosario Central,Primera Division Argentina,34,1988,22.3,5,0,0,31,7,1,0,44,41,0,1,0,95,105,33,76.1
Franco Quinteros,ar ARG,"DF,MF",Sarmiento,Primera Division Argentina,24,1998,10,7,554,6.2,0,0,0,0,0,0,3,0,0.1,0.1,0.3,0.4,3,11,11,0.00,0.00,0.00,0.00,0.00,0.02,0.06,0.07,0.02,0.07,ar ARG,"DF,MF",Sarmiento,Primera Division Argentina,24,1998,6.2,0,4,0,0.0,0.65,0.00,0.00,0,24.7,0,0,0,0.1,0.1,0.02,-0.1,-0.1,ar ARG,"DF,MF",Sarmiento,Primera Division Argentina,24,1998,6.2,124,235,52.8,2617,1620,37,50,74.0,59,104,56.7,24,66,36.4,0,0.3,0.4,-0.3,5,8,5,5,11,ar ARG,"DF,MF",Sarmiento,Primera Division Argentina,24,1998,6.2,235,146,88,6,0,1,30,75,7,2,5,0,124,1,8,ar ARG,"DF,MF",Sarmiento,Primera Division Argentina,24,1998,6.2,11,1.79,3,6,0,2,0,0,0,0.00,0,0,0,0,0,0,ar ARG,"DF,MF",Sarmiento,Primera Division Argentina,24,1998,6.2,25,16,17,5,3,14,27,51.9,13,16,7,9,8,33,24,0,ar ARG,"DF,MF",Sarmiento,Primera Division Argentina,24,1998,6.2,335,35,129,117,94,2,335,14,5,35.7,7,50.0,95,474,238,3,9,0,8,2,97,11,ar ARG,"DF,MF",Sarmiento,Primera Division Argentina,24,1998,10,554,55,22.8,6.2,7,73,5,3,14,6,1.10,1,4,-3,-0.49,-0.49,3.4,7.7,-4.3,-0.70,-0.54,ar ARG,"DF,MF",Sarmiento,Primera Division Argentina,24,1998,6.2,3,0,0,11,5,0,30,8,16,0,1,0,39,10,9,52.6
Agustin Quiroga,ar ARG,DF,Independiente,Primera Division Argentina,20,2002,1,0,16,0.2,0,0,0,0,0,0,0,0,0.0,0.0,0.0,0.0,0,0,0,0.00,0.00,0.00,0.00,0.00,0.00,0.00,0.00,0.00,0.00,ar ARG,DF,Independiente,Primera Division Argentina,20,2002,0.2,0,0,0,0,0.00,0.00,0,0,0,0,0,0,0.0,0.0,0,0.0,0.0,ar ARG,DF,Independiente,Primera Division Argentina,20,2002,0.2,0,0,0,0,0,0,0,0,0,0,0,0,0,0,0,0.0,0.0,0.0,0,0,0,0,0,ar ARG,DF,Independiente,Primera Division Argentina,20,2002,0.2,0,0,0,0,0,0,0,0,0,0,0,0,0,0,0,ar ARG,DF,Independiente,Primera Division Argentina,20,2002,0.2,0,0.00,0,0,0,0,0,0,0,0.00,0,0,0,0,0,0,ar ARG,DF,Independiente,Primera Division Argentina,20,2002,0.2,0,0,0,0,0,0,0,0,0,1,0,1,0,0,1,0,ar ARG,DF,Independiente,Primera Division Argentina,20,2002,0.2,3,1,2,0,1,0,3,0,0,0,0,0,1,10,0,0,0,0,1,0,1,0,ar ARG,DF,Independiente,Primera Division Argentina,20,2002,1,16,16,0.7,0.2,0,0,0,1,16,2,1.00,0,0,0,0.00,+0.34,0.0,0.1,-0.1,-0.64,-0.62,ar ARG,DF,Independiente,Primera Division Argentina,20,2002,0.2,0,0,0,0,0,0,0,0,0,0,0,0,0,0,0,0
Mauro Quiroga,ar ARG,FW,Platense,Primera Division Argentina,33,1989,19,10,838,9.3,1,3,4,0,1,1,0,0,1.6,0.9,1.1,2.0,2,18,38,0.11,0.32,0.43,0.00,0.32,0.18,0.12,0.29,0.09,0.21,ar ARG,FW,Platense,Primera Division Argentina,33,1989,9.3,1,10,4,40.0,1.07,0.43,0.00,0.00,12.9,0,1,1,1.6,0.9,0.09,-0.6,-0.9,ar ARG,FW,Platense,Primera Division Argentina,33,1989,9.3,135,214,63.1,1560,381,82,122,67.2,32,55,58.2,2,5,40.0,3,1.1,0.9,+1.9,16,9,8,0,18,ar ARG,FW,Platense,Primera Division Argentina,33,1989,9.3,214,205,9,0,0,0,2,0,0,0,0,0,135,0,3,ar ARG,FW,Platense,Primera Division Argentina,33,1989,9.3,20,2.15,19,0,1,0,0,0,3,0.32,3,0,0,0,0,0,ar ARG,FW,Platense,Primera Division Argentina,33,1989,9.3,0,0,0,0,0,0,4,0.0,4,4,0,4,0,0,12,0,ar ARG,FW,Platense,Primera Division Argentina,33,1989,9.3,289,12,21,124,144,44,288,2,1,50.0,1,50.0,115,256,77,2,1,0,24,3,215,38,ar ARG,FW,Platense,Primera Division Argentina,33,1989,19,838,44,34.5,9.3,10,68,1,9,17,3,1.26,12,10,+2,+0.21,+0.50,7.1,9.9,-2.8,-0.30,+0.13,ar ARG,FW,Platense,Primera Division Argentina,33,1989,9.3,0,0,0,7,6,6,2,0,0,0,0,0,20,73,70,51.0
Sergio Quiroga,ar ARG,MF,Sarmiento,Primera Division Argentina,28,1994,21,11,"1,138",12.6,2,1,3,2,0,0,2,0,1.1,1.1,1.8,2.9,15,46,40,0.16,0.08,0.24,0.16,0.24,0.09,0.14,0.23,0.09,0.23,ar ARG,MF,Sarmiento,Primera Division Argentina,28,1994,12.6,2,24,7,29.2,1.90,0.55,0.08,0.29,25.5,6,0,0,1.1,1.1,0.05,+0.9,+0.9,ar ARG,MF,Sarmiento,Primera Division Argentina,28,1994,12.6,204,378,54.0,4669,2278,64,98,65.3,78,130,60.0,56,118,47.5,1,1.8,1.9,-0.8,25,31,14,4,46,ar ARG,MF,Sarmiento,Primera Division Argentina,28,1994,12.6,378,300,71,22,1,5,72,4,45,15,28,1,204,7,12,ar ARG,MF,Sarmiento,Primera Division Argentina,28,1994,12.6,51,4.03,19,18,3,1,8,2,5,0.40,3,1,1,0,0,0,ar ARG,MF,Sarmiento,Primera Division Argentina,28,1994,12.6,32,20,9,16,7,7,29,24.1,22,9,0,9,5,37,20,0,ar ARG,MF,Sarmiento,Primera Division Argentina,28,1994,12.6,541,22,103,242,198,12,541,18,8,44.4,10,55.6,221,1079,511,15,15,3,29,18,237,40,ar ARG,MF,Sarmiento,Primera Division Argentina,28,1994,21,"1,138",54,46.8,12.6,11,77,2,10,29,5,0.76,11,15,-4,-0.32,-0.39,12.0,14.1,-2.1,-0.17,+0.22,ar ARG,MF,Sarmiento,Primera Division Argentina,28,1994,12.6,2,0,0,12,26,1,72,5,20,0,0,0,72,7,18,28.0
Aaron Quirós,ar ARG,DF,Banfield,Primera Division Argentina,21,2001,18,15,"1,358",15.1,1,1,2,1,0,0,3,0,0.7,0.7,0.4,1.1,4,20,0,0.07,0.07,0.13,0.07,0.13,0.05,0.03,0.07,0.05,0.07,ar ARG,DF,Banfield,Primera Division Argentina,21,2001,15.1,1,5,2,40.0,0.33,0.13,0.20,0.50,8.6,0,0,0,0.7,0.7,0.14,+0.3,+0.3,ar ARG,DF,Banfield,Primera Division Argentina,21,2001,15.1,376,576,65.3,8135,4193,108,131,82.4,202,263,76.8,62,162,38.3,1,0.4,0.3,+0.6,4,22,0,0,20,ar ARG,DF,Banfield,Primera Division Argentina,21,2001,15.1,576,490,84,27,0,9,2,53,0,0,0,0,376,2,7,ar ARG,DF,Banfield,Primera Division Argentina,21,2001,15.1,8,0.53,4,4,0,0,0,0,1,0.07,1,0,0,0,0,0,ar ARG,DF,Banfield,Primera Division Argentina,21,2001,15.1,20,11,14,5,1,10,18,55.6,8,20,8,12,15,35,56,1,ar ARG,DF,Banfield,Primera Division Argentina,21,2001,15.1,708,96,426,239,46,12,708,5,3,60.0,0,0.0,291,1323,685,4,2,0,7,3,313,0,ar ARG,DF,Banfield,Primera Division Argentina,21,2001,18,"1,358",75,55.9,15.1,15,88,14,3,12,8,1.44,15,18,-3,-0.20,+0.47,17.8,16.6,+1.2,+0.08,+0.13,ar ARG,DF,Banfield,Primera Division Argentina,21,2001,15.1,3,0,0,21,8,1,2,15,11,0,0,0,87,34,24,58.6
Santiago Quiros,ar ARG,DF,Racing Club,Primera Division Argentina,19,2003,10,8,661,7.3,0,0,0,0,0,0,1,0,0.0,0.0,0.1,0.1,11,37,3,0.00,0.00,0.00,0.00,0.00,0.00,0.01,0.01,0.00,0.01,ar ARG,DF,Racing Club,Primera Division Argentina,19,2003,7.3,0,2,0,0.0,0.27,0.00,0.00,0,39.7,0,0,0,0.0,0.0,0.01,0.0,0.0,ar ARG,DF,Racing Club,Primera Division Argentina,19,2003,7.3,274,364,75.3,5069,2028,117,129,90.7,120,145,82.8,32,68,47.1,0,0.1,0.1,-0.1,2,29,1,0,37,ar ARG,DF,Racing Club,Primera Division Argentina,19,2003,7.3,364,340,23,14,0,5,0,9,0,0,0,0,274,1,9,ar ARG,DF,Racing Club,Primera Division Argentina,19,2003,7.3,5,0.68,4,1,0,0,0,0,1,0.14,1,0,0,0,0,0,ar ARG,DF,Racing Club,Primera Division Argentina,19,2003,7.3,6,3,5,1,0,3,13,23.1,10,9,5,4,5,11,24,1,ar ARG,DF,Racing Club,Primera Division Argentina,19,2003,7.3,427,26,184,231,17,2,427,5,4,80.0,1,20.0,247,1496,1090,11,6,0,6,3,254,3,ar ARG,DF,Racing Club,Primera Division Argentina,19,2003,10,661,66,27.2,7.3,8,80,5,2,12,9,1.70,11,6,+5,+0.68,+0.88,7.2,10.1,-2.9,-0.40,-0.31,ar ARG,DF,Racing Club,Primera Division Argentina,19,2003,7.3,1,0,0,9,2,0,0,5,3,0,0,0,55,6,4,60.0
Tomás Rambert,ar ARG,"MF,DF",Independiente,Primera Division Argentina,19,2004,2,1,85,0.9,0,0,0,0,0,0,1,0,0.0,0.0,0.0,0.0,0,1,1,0.00,0.00,0.00,0.00,0.00,0.00,0.00,0.00,0.00,0.00,ar ARG,"MF,DF",Independiente,Primera Division Argentina,19,2004,0.9,0,0,0,0,0.00,0.00,0,0,0,0,0,0,0.0,0.0,0,0.0,0.0,ar ARG,"MF,DF",Independiente,Primera Division Argentina,19,2004,0.9,1,4,25.0,37,8,0,1,0.0,0,2,0.0,1,1,100.0,0,0.0,0.0,0.0,0,1,0,0,1,ar ARG,"MF,DF",Independiente,Primera Division Argentina,19,2004,0.9,4,4,0,0,0,0,0,0,0,0,0,0,1,0,0,ar ARG,"MF,DF",Independiente,Primera Division Argentina,19,2004,0.9,0,0.00,0,0,0,0,0,0,0,0.00,0,0,0,0,0,0,ar ARG,"MF,DF",Independiente,Primera Division Argentina,19,2004,0.9,2,1,0,1,1,1,2,50.0,1,0,0,0,0,2,1,0,ar ARG,"MF,DF",Independiente,Primera Division Argentina,19,2004,0.9,15,1,1,6,8,0,15,5,2,40.0,2,40.0,10,85,26,0,1,0,4,0,10,1,ar ARG,"MF,DF",Independiente,Primera Division Argentina,19,2004,2,85,43,3.5,0.9,1,75,0,1,10,6,0.00,0,1,-1,-1.06,-0.75,0.3,0.8,-0.5,-0.53,-0.53,ar ARG,"MF,DF",Independiente,Primera Division Argentina,19,2004,0.9,1,0,0,4,3,1,0,0,1,0,0,0,1,0,3,0.0
Agustín Ramírez,ar ARG,"FW,DF",Gimnasia–LP,Primera Division Argentina,22,2000,3,0,49,0.5,0,0,0,0,0,0,1,0,0.1,0.1,0.1,0.2,2,2,7,0.00,0.00,0.00,0.00,0.00,0.09,0.19,0.28,0.09,0.28,ar ARG,"FW,DF",Gimnasia–LP,Primera Division Argentina,22,2000,0.5,0,1,0,0.0,1.84,0.00,0.00,0,15.4,0,0,0,0.1,0.1,0.05,-0.1,-0.1,ar ARG,"FW,DF",Gimnasia–LP,Primera Division Argentina,22,2000,0.5,10,17,58.8,136,59,7,8,87.5,2,4,50.0,0,1,0.0,0,0.1,0.0,-0.1,1,1,0,0,2,ar ARG,"FW,DF",Gimnasia–LP,Primera Division Argentina,22,2000,0.5,17,16,1,0,0,0,1,1,0,0,0,0,10,0,2,ar ARG,"FW,DF",Gimnasia–LP,Primera Division Argentina,22,2000,0.5,1,1.80,1,0,0,0,0,0,0,0.00,0,0,0,0,0,0,ar ARG,"FW,DF",Gimnasia–LP,Primera Division Argentina,22,2000,0.5,2,1,0,1,1,1,2,50.0,1,0,0,0,1,3,0,0,ar ARG,"FW,DF",Gimnasia–LP,Primera Division Argentina,22,2000,0.5,34,1,6,12,17,2,34,7,0,0.0,6,85.7,20,186,44,2,4,0,1,3,18,7,ar ARG,"FW,DF",Gimnasia–LP,Primera Division Argentina,22,2000,3,49,16,2.0,0.5,0,0,0,3,16,7,1.33,1,0,+1,+1.84,+2.40,1.2,1.1,+0.1,+0.14,+0.30,ar ARG,"FW,DF",Gimnasia–LP,Primera Division Argentina,22,2000,0.5,1,0,0,2,4,0,1,1,1,0,0,0,8,1,0,100.0
Eric Ramírez,ar ARG,"MF,FW",Gimnasia–LP,Primera Division Argentina,26,1996,21,10,"1,001",11.1,4,1,5,4,0,0,4,0,4.9,4.9,1.1,6.1,17,36,75,0.36,0.09,0.45,0.36,0.45,0.44,0.10,0.54,0.44,0.54,ar ARG,"MF,FW",Gimnasia–LP,Primera Division Argentina,26,1996,11.1,4,43,11,25.6,3.87,0.99,0.09,0.36,17.0,4,0,0,4.9,4.9,0.12,-0.9,-0.9,ar ARG,"MF,FW",Gimnasia–LP,Primera Division Argentina,26,1996,11.1,161,264,61.0,2820,1062,78,103,75.7,53,76,69.7,24,60,40.0,1,1.1,1.3,-0.1,14,25,10,5,36,ar ARG,"MF,FW",Gimnasia–LP,Primera Division Argentina,26,1996,11.1,264,214,46,6,2,0,52,5,28,15,11,0,161,4,10,ar ARG,"MF,FW",Gimnasia–LP,Primera Division Argentina,26,1996,11.1,44,3.94,25,8,2,5,2,2,5,0.45,2,0,1,1,1,0,ar ARG,"MF,FW",Gimnasia–LP,Primera Division Argentina,26,1996,11.1,24,14,6,13,5,8,21,38.1,13,8,0,8,4,28,9,0,ar ARG,"MF,FW",Gimnasia–LP,Primera Division Argentina,26,1996,11.1,440,8,38,147,260,52,440,44,21,47.7,21,47.7,227,1279,383,17,9,6,48,10,262,75,ar ARG,"MF,FW",Gimnasia–LP,Primera Division Argentina,26,1996,21,"1,001",48,41.2,11.1,10,73,0,11,25,0,1.10,10,16,-6,-0.54,-0.04,14.3,13.3,+1.0,+0.09,+0.43,ar ARG,"MF,FW",Gimnasia–LP,Primera Division Argentina,26,1996,11.1,4,0,0,15,16,6,52,4,14,1,0,0,47,16,38,29.6
Iván Ramírez,ar ARG,MF,Belgrano,Primera Division Argentina,32,1990,7,0,140,1.6,0,0,0,0,0,0,1,0,0.0,0.0,0.0,0.1,0,4,0,0.00,0.00,0.00,0.00,0.00,0.02,0.02,0.04,0.02,0.04,ar ARG,MF,Belgrano,Primera Division Argentina,32,1990,1.6,0,1,0,0.0,0.64,0.00,0.00,0,28.0,0,0,0,0.0,0.0,0.03,0.0,0.0,ar ARG,MF,Belgrano,Primera Division Argentina,32,1990,1.6,30,43,69.8,496,161,11,16,68.8,12,19,63.2,5,5,100.0,0,0.0,0.1,0.0,1,3,0,0,4,ar ARG,MF,Belgrano,Primera Division Argentina,32,1990,1.6,43,41,2,1,0,0,1,0,0,0,0,0,30,0,1,ar ARG,MF,Belgrano,Primera Division Argentina,32,1990,1.6,3,1.94,2,1,0,0,0,0,0,0.00,0,0,0,0,0,0,ar ARG,MF,Belgrano,Primera Division Argentina,32,1990,1.6,4,4,3,1,0,3,8,37.5,5,5,0,5,2,6,4,0,ar ARG,MF,Belgrano,Primera Division Argentina,32,1990,1.6,65,5,23,33,9,0,65,0,0,0,0,0,24,91,6,0,1,0,6,2,25,0,ar ARG,MF,Belgrano,Primera Division Argentina,32,1990,7,140,20,5.8,1.6,0,0,0,7,20,9,2.00,0,2,-2,-1.29,-1.13,0.6,2.1,-1.5,-0.99,-0.77,ar ARG,MF,Belgrano,Primera Division Argentina,32,1990,1.6,1,0,0,4,0,0,1,2,4,0,0,0,11,2,2,50.0
Juan Ramírez,ar ARG,"MF,FW",Boca Juniors,Primera Division Argentina,29,1993,15,8,559,6.2,0,0,0,0,0,0,1,0,0.2,0.2,0.4,0.6,18,26,34,0.00,0.00,0.00,0.00,0.00,0.03,0.06,0.09,0.03,0.09,ar ARG,"MF,FW",Boca Juniors,Primera Division Argentina,29,1993,6.2,0,4,0,0.0,0.64,0.00,0.00,0,22.5,0,0,0,0.2,0.2,0.04,-0.2,-0.2,ar ARG,"MF,FW",Boca Juniors,Primera Division Argentina,29,1993,6.2,244,289,84.4,3353,732,149,169,88.2,71,82,86.6,11,18,61.1,0,0.4,0.3,-0.4,6,24,5,2,26,ar ARG,"MF,FW",Boca Juniors,Primera Division Argentina,29,1993,6.2,289,274,15,8,0,0,10,6,1,0,1,0,244,0,5,ar ARG,"MF,FW",Boca Juniors,Primera Division Argentina,29,1993,6.2,17,2.74,13,0,0,0,4,0,1,0.16,1,0,0,0,0,0,ar ARG,"MF,FW",Boca Juniors,Primera Division Argentina,29,1993,6.2,16,9,5,7,4,5,11,45.5,6,10,0,10,4,20,1,0,ar ARG,"MF,FW",Boca Juniors,Primera Division Argentina,29,1993,6.2,363,1,39,230,101,10,363,19,5,26.3,12,63.2,229,1257,663,18,18,2,15,11,277,34,ar ARG,"MF,FW",Boca Juniors,Primera Division Argentina,29,1993,15,559,37,23.0,6.2,8,57,0,7,14,9,1.47,8,3,+5,+0.81,+0.61,7.4,7.1,+0.3,+0.05,-0.01,ar ARG,"MF,FW",Boca Juniors,Primera Division Argentina,29,1993,6.2,1,0,0,7,26,0,10,4,9,0,0,0,44,6,5,54.5
Matías Ramírez,ar ARG,"MF,FW",Godoy Cruz,Primera Division Argentina,23,1999,16,3,514,5.7,0,1,1,0,0,0,1,0,0.8,0.8,0.8,1.6,23,27,50,0.00,0.18,0.18,0.00,0.18,0.14,0.13,0.27,0.14,0.27,ar ARG,"MF,FW",Godoy Cruz,Primera Division Argentina,23,1999,5.7,0,18,6,33.3,3.15,1.05,0.00,0.00,26.0,1,0,0,0.8,0.8,0.04,-0.8,-0.8,ar ARG,"MF,FW",Godoy Cruz,Primera Division Argentina,23,1999,5.7,111,191,58.1,2058,842,49,75,65.3,36,55,65.5,20,40,50.0,1,0.8,1.1,+0.2,14,18,7,3,27,ar ARG,"MF,FW",Godoy Cruz,Primera Division Argentina,23,1999,5.7,191,158,32,12,0,2,43,4,16,5,8,1,111,1,14,ar ARG,"MF,FW",Godoy Cruz,Primera Division Argentina,23,1999,5.7,31,5.42,17,9,2,2,1,0,3,0.52,3,0,0,0,0,0,ar ARG,"MF,FW",Godoy Cruz,Primera Division Argentina,23,1999,5.7,3,2,0,2,1,0,8,0.0,8,6,1,5,6,9,5,0,ar ARG,"MF,FW",Godoy Cruz,Primera Division Argentina,23,1999,5.7,310,5,29,125,161,19,310,53,19,35.8,31,58.5,188,1470,550,23,17,7,28,11,197,50,ar ARG,"MF,FW",Godoy Cruz,Primera Division Argentina,23,1999,16,514,32,21.2,5.7,3,66,0,13,24,6,1.50,8,4,+4,+0.70,+0.65,8.0,6.0,+2.0,+0.34,+0.61,ar ARG,"MF,FW",Godoy Cruz,Primera Division Argentina,23,1999,5.7,1,0,0,11,9,0,43,6,2,0,0,0,32,5,4,55.6
Santi Ramos Mingo,ar ARG,DF,Defensa y Just,Primera Division Argentina,21,2001,12,4,476,5.3,0,0,0,0,0,0,1,1,0.1,0.1,0.0,0.1,3,15,0,0.00,0.00,0.00,0.00,0.00,0.02,0.00,0.02,0.02,0.02,ar ARG,DF,Defensa y Just,Primera Division Argentina,21,2001,5.3,0,1,0,0.0,0.19,0.00,0.00,0,11.3,0,0,0,0.1,0.1,0.10,-0.1,-0.1,ar ARG,DF,Defensa y Just,Primera Division Argentina,21,2001,5.3,203,241,84.2,4003,1179,60,64,93.8,119,130,91.5,23,40,57.5,0,0.0,0.1,0.0,0,9,1,0,15,ar ARG,DF,Defensa y Just,Primera Division Argentina,21,2001,5.3,241,235,6,6,0,3,2,0,0,0,0,0,203,0,2,ar ARG,DF,Defensa y Just,Primera Division Argentina,21,2001,5.3,2,0.38,2,0,0,0,0,0,0,0.00,0,0,0,0,0,0,ar ARG,DF,Defensa y Just,Primera Division Argentina,21,2001,5.3,3,1,1,2,0,0,0,0,0,7,3,4,7,10,37,0,ar ARG,DF,Defensa y Just,Primera Division Argentina,21,2001,5.3,303,43,203,97,3,2,303,1,0,0.0,1,100.0,174,994,685,3,1,0,2,0,180,0,ar ARG,DF,Defensa y Just,Primera Division Argentina,21,2001,12,476,40,19.6,5.3,4,90,4,8,15,14,1.50,4,9,-5,-0.95,-1.77,5.6,8.3,-2.6,-0.50,-0.79,ar ARG,DF,Defensa y Just,Primera Division Argentina,21,2001,5.3,1,1,0,5,8,1,2,7,1,0,0,0,24,17,6,73.9
Federico Rasmussen,ar ARG,DF,Godoy Cruz,Primera Division Argentina,30,1992,26,26,"2,340",26.0,0,1,1,0,0,0,4,0,0.5,0.5,0.2,0.8,10,45,2,0.00,0.04,0.04,0.00,0.04,0.02,0.01,0.03,0.02,0.03,ar ARG,DF,Godoy Cruz,Primera Division Argentina,30,1992,26.0,0,8,0,0.0,0.31,0.00,0.00,0,10.3,0,0,0,0.5,0.5,0.07,-0.5,-0.5,ar ARG,DF,Godoy Cruz,Primera Division Argentina,30,1992,26.0,760,950,80.0,16050,5896,211,248,85.1,404,463,87.3,135,199,67.8,1,0.2,0.5,+0.8,5,23,0,0,45,ar ARG,DF,Godoy Cruz,Primera Division Argentina,30,1992,26.0,950,922,25,21,0,11,0,4,0,0,0,0,760,3,14,ar ARG,DF,Godoy Cruz,Primera Division Argentina,30,1992,26.0,13,0.50,12,0,0,1,0,0,1,0.04,1,0,0,0,0,0,ar ARG,DF,Godoy Cruz,Primera Division Argentina,30,1992,26.0,64,36,41,22,1,35,55,63.6,20,34,17,17,51,115,135,1,ar ARG,DF,Godoy Cruz,Primera Division Argentina,30,1992,26.0,1308,185,804,478,32,17,1308,15,10,66.7,5,33.3,547,2606,1492,10,4,1,17,8,605,2,ar ARG,DF,Godoy Cruz,Primera Division Argentina,30,1992,26,"2,340",90,96.3,26.0,26,90,26,0,0,1,1.46,35,32,+3,+0.12,-1.88,30.6,34.0,-3.4,-0.13,+0.08,ar ARG,DF,Godoy Cruz,Primera Division Argentina,30,1992,26.0,4,0,0,28,22,0,0,51,36,0,1,0,186,69,42,62.2
Djorkaeff Reasco,ec ECU,"FW,MF",Newell's OB,Primera Division Argentina,24,1999,18,7,664,7.4,1,0,1,0,1,1,1,0,2.4,1.6,0.3,1.9,7,3,36,0.14,0.00,0.14,0.00,0.00,0.33,0.04,0.37,0.22,0.26,ec ECU,"FW,MF",Newell's OB,Primera Division Argentina,24,1999,7.4,1,15,4,26.7,2.03,0.54,0.00,0.00,14.5,0,1,1,2.4,1.6,0.11,-1.4,-1.6,ec ECU,"FW,MF",Newell's OB,Primera Division Argentina,24,1999,7.4,71,124,57.3,864,128,46,61,75.4,16,30,53.3,3,8,37.5,0,0.3,0.2,-0.3,6,3,1,0,3,ec ECU,"FW,MF",Newell's OB,Primera Division Argentina,24,1999,7.4,124,120,1,0,0,0,2,0,0,0,0,0,71,3,10,ec ECU,"FW,MF",Newell's OB,Primera Division Argentina,24,1999,7.4,13,1.75,8,0,1,4,0,0,1,0.13,0,0,0,1,0,0,ec ECU,"FW,MF",Newell's OB,Primera Division Argentina,24,1999,7.4,2,2,0,2,0,1,8,12.5,7,7,0,7,1,3,3,0,ec ECU,"FW,MF",Newell's OB,Primera Division Argentina,24,1999,7.4,197,4,23,101,77,27,196,14,5,35.7,7,50.0,110,470,144,7,3,4,16,14,138,36,ec ECU,"FW,MF",Newell's OB,Primera Division Argentina,24,1999,18,664,37,27.3,7.4,7,70,2,11,16,8,1.39,5,4,+1,+0.14,+0.19,8.6,6.9,+1.7,+0.23,+0.38,ec ECU,"FW,MF",Newell's OB,Primera Division Argentina,24,1999,7.4,1,0,0,11,7,5,2,1,2,0,0,0,24,16,29,35.6
Alejandro Rébola,ar ARG,DF,Belgrano,Primera Division Argentina,34,1988,24,24,"2,071",23.0,0,0,0,0,0,0,5,3,0.7,0.7,0.2,0.8,4,65,2,0.00,0.00,0.00,0.00,0.00,0.03,0.01,0.04,0.03,0.04,ar ARG,DF,Belgrano,Primera Division Argentina,34,1988,23.0,0,9,2,22.2,0.39,0.09,0.00,0.00,11.8,0,0,0,0.7,0.7,0.07,-0.7,-0.7,ar ARG,DF,Belgrano,Primera Division Argentina,34,1988,23.0,765,972,78.7,17764,8094,178,209,85.2,419,461,90.9,163,275,59.3,0,0.2,0.4,-0.2,4,51,4,0,65,ar ARG,DF,Belgrano,Primera Division Argentina,34,1988,23.0,972,909,61,54,2,13,0,6,0,0,0,0,765,2,13,ar ARG,DF,Belgrano,Primera Division Argentina,34,1988,23.0,11,0.48,9,0,1,1,0,0,0,0.00,0,0,0,0,0,0,ar ARG,DF,Belgrano,Primera Division Argentina,34,1988,23.0,18,9,14,4,0,9,19,47.4,10,12,7,5,41,59,97,0,ar ARG,DF,Belgrano,Primera Division Argentina,34,1988,23.0,1180,127,671,496,22,17,1180,7,5,71.4,1,14.3,572,2784,1621,4,4,0,7,1,653,2,ar ARG,DF,Belgrano,Primera Division Argentina,34,1988,24,"2,071",86,85.2,23.0,24,86,21,0,0,0,1.50,20,20,0,0.00,+1.50,22.6,23.1,-0.5,-0.02,+1.63,ar ARG,DF,Belgrano,Primera Division Argentina,34,1988,23.0,5,3,1,21,11,0,0,41,9,0,0,1,117,61,56,52.1
Federico Redondo,ar ARG,MF,Arg Juniors,Primera Division Argentina,20,2003,21,13,"1,282",14.2,1,1,2,1,0,0,3,1,0.7,0.7,1.2,1.8,24,106,32,0.07,0.07,0.14,0.07,0.14,0.05,0.08,0.13,0.05,0.13,ar ARG,MF,Arg Juniors,Primera Division Argentina,20,2003,14.2,1,9,2,22.2,0.63,0.14,0.11,0.50,18.2,1,0,0,0.7,0.7,0.07,+0.3,+0.3,ar ARG,MF,Arg Juniors,Primera Division Argentina,20,2003,14.2,768,881,87.2,13651,3720,341,387,88.1,338,379,89.2,77,91,84.6,1,1.2,1.1,-0.2,14,81,12,1,106,ar ARG,MF,Arg Juniors,Primera Division Argentina,20,2003,14.2,881,866,15,11,2,4,4,3,1,0,1,0,768,0,7,ar ARG,MF,Arg Juniors,Primera Division Argentina,20,2003,14.2,22,1.54,19,1,0,1,1,0,1,0.07,1,0,0,0,0,0,ar ARG,MF,Arg Juniors,Primera Division Argentina,20,2003,14.2,32,19,16,12,4,11,28,39.3,17,20,5,15,11,43,16,1,ar ARG,MF,Arg Juniors,Primera Division Argentina,20,2003,14.2,1033,23,217,666,167,13,1033,30,19,63.3,10,33.3,576,2686,1338,24,20,1,24,18,716,32,ar ARG,MF,Arg Juniors,Primera Division Argentina,20,2003,21,"1,282",61,52.8,14.2,13,79,8,8,31,1,1.62,16,12,+4,+0.28,-0.11,18.2,13.0,+5.3,+0.37,-0.27,ar ARG,MF,Arg Juniors,Primera Division Argentina,20,2003,14.2,3,1,0,17,17,1,4,11,19,0,0,0,125,25,16,61.0
Eric Remedi,ar ARG,MF,Banfield,Primera Division Argentina,27,1995,24,21,"1,756",19.5,0,0,0,0,0,0,7,0,0.7,0.7,0.4,1.1,24,84,11,0.00,0.00,0.00,0.00,0.00,0.03,0.02,0.06,0.03,0.06,ar ARG,MF,Banfield,Primera Division Argentina,27,1995,19.5,0,9,1,11.1,0.46,0.05,0.00,0.00,22.4,0,0,0,0.7,0.7,0.08,-0.7,-0.7,ar ARG,MF,Banfield,Primera Division Argentina,27,1995,19.5,535,689,77.6,9939,3110,216,250,86.4,245,297,82.5,62,99,62.6,0,0.4,0.4,-0.4,8,62,3,1,84,ar ARG,MF,Banfield,Primera Division Argentina,27,1995,19.5,689,643,41,36,0,6,9,4,1,1,0,0,535,5,21,ar ARG,MF,Banfield,Primera Division Argentina,27,1995,19.5,30,1.54,18,2,0,3,6,1,0,0.00,0,0,0,0,0,0,ar ARG,MF,Banfield,Primera Division Argentina,27,1995,19.5,40,26,15,24,1,17,58,29.3,41,38,3,35,24,64,26,0,ar ARG,MF,Banfield,Primera Division Argentina,27,1995,19.5,908,24,204,601,122,5,908,34,14,41.2,8,23.5,487,2819,1246,24,13,2,18,27,463,11,ar ARG,MF,Banfield,Primera Division Argentina,27,1995,24,"1,756",73,72.3,19.5,21,81,11,3,17,2,1.08,17,25,-8,-0.41,-0.01,21.5,21.6,-0.1,0.00,-0.09,ar ARG,MF,Banfield,Primera Division Argentina,27,1995,19.5,7,0,0,34,83,0,9,24,26,0,0,0,176,16,22,42.1
Nicolás Reniero,ar ARG,"FW,MF",Racing Club,Primera Division Argentina,27,1995,11,3,451,5.0,1,1,2,1,0,0,2,0,0.8,0.8,0.7,1.4,7,11,32,0.20,0.20,0.40,0.20,0.40,0.15,0.13,0.29,0.15,0.29,ar ARG,"FW,MF",Racing Club,Primera Division Argentina,27,1995,5.0,1,14,4,28.6,2.79,0.80,0.07,0.25,17.4,0,0,0,0.8,0.8,0.06,+0.2,+0.2,ar ARG,"FW,MF",Racing Club,Primera Division Argentina,27,1995,5.0,100,149,67.1,1498,322,62,77,80.5,26,43,60.5,8,13,61.5,1,0.7,0.8,+0.3,6,9,5,2,11,ar ARG,"FW,MF",Racing Club,Primera Division Argentina,27,1995,5.0,149,137,11,0,0,0,7,0,0,0,0,0,100,1,4,ar ARG,"FW,MF",Racing Club,Primera Division Argentina,27,1995,5.0,17,3.39,12,0,0,3,2,0,2,0.40,2,0,0,0,0,0,ar ARG,"FW,MF",Racing Club,Primera Division Argentina,27,1995,5.0,8,6,1,5,2,1,6,16.7,5,6,0,6,1,9,5,0,ar ARG,"FW,MF",Racing Club,Primera Division Argentina,27,1995,5.0,217,7,13,97,108,29,217,7,4,57.1,3,42.9,110,486,180,7,4,3,15,4,154,32,ar ARG,"FW,MF",Racing Club,Primera Division Argentina,27,1995,11,451,41,18.6,5.0,3,90,3,8,23,5,0.73,4,12,-8,-1.60,-2.01,4.8,10.2,-5.3,-1.06,-1.09,ar ARG,"FW,MF",Racing Club,Primera Division Argentina,27,1995,5.0,2,0,0,9,15,2,7,1,6,0,0,0,9,16,26,38.1
Mateo Retegui,it ITA,FW,Tigre,Primera Division Argentina,23,1999,21,20,"1,790",19.9,11,1,12,9,2,2,5,0,9.0,7.6,2.6,10.3,24,21,125,0.55,0.05,0.60,0.45,0.50,0.45,0.13,0.59,0.38,0.52,it ITA,FW,Tigre,Primera Division Argentina,23,1999,19.9,11,79,23,29.1,3.97,1.16,0.11,0.39,17.8,2,2,2,9.0,7.6,0.10,+2.0,+1.4,it ITA,FW,Tigre,Primera Division Argentina,23,1999,19.9,224,342,65.5,3248,539,138,183,75.4,56,90,62.2,18,25,72.0,1,2.6,1.1,-1.6,20,10,11,6,21,it ITA,FW,Tigre,Primera Division Argentina,23,1999,19.9,342,303,38,0,1,2,21,5,0,0,0,0,224,1,12,it ITA,FW,Tigre,Primera Division Argentina,23,1999,19.9,50,2.51,25,0,6,10,8,1,5,0.25,1,0,1,2,1,0,it ITA,FW,Tigre,Primera Division Argentina,23,1999,19.9,15,13,3,9,3,2,15,13.3,13,12,2,10,2,17,17,0,it ITA,FW,Tigre,Primera Division Argentina,23,1999,19.9,602,19,44,249,318,96,600,40,18,45.0,17,42.5,310,1633,568,24,18,7,60,28,423,125,it ITA,FW,Tigre,Primera Division Argentina,23,1999,21,"1,790",85,73.7,19.9,20,88,18,1,31,0,1.10,19,24,-5,-0.25,-0.67,26.1,23.9,+2.2,+0.11,-0.18,it ITA,FW,Tigre,Primera Division Argentina,23,1999,19.9,5,0,0,33,23,5,21,2,13,0,0,0,49,54,73,42.5
Rodrigo Rey,ar ARG,GK,Independiente,Primera Division Argentina,31,1991,27,27,"2,430",27.0,0,0,0,0,0,0,0,0,0.0,0.0,0.2,0.2,0,0,0,0.00,0.00,0.00,0.00,0.00,0.00,0.01,0.01,0.00,0.01,ar ARG,GK,Independiente,Primera Division Argentina,31,1991,27.0,0,0,0,0,0.00,0.00,0,0,0,0,0,0,0.0,0.0,0,0.0,0.0,ar ARG,GK,Independiente,Primera Division Argentina,31,1991,27.0,376,678,55.5,11536,9067,69,69,100.0,171,173,98.8,135,435,31.0,0,0.2,0.0,-0.2,1,18,0,0,0,ar ARG,GK,Independiente,Primera Division Argentina,31,1991,27.0,678,376,302,85,0,0,0,0,0,0,0,0,376,0,0,ar ARG,GK,Independiente,Primera Division Argentina,31,1991,27.0,5,0.19,3,2,0,0,0,0,0,0.00,0,0,0,0,0,0,ar ARG,GK,Independiente,Primera Division Argentina,31,1991,27.0,1,1,1,0,0,1,1,100.0,0,0,0,0,1,2,8,0,ar ARG,GK,Independiente,Primera Division Argentina,31,1991,27.0,738,610,734,5,0,0,738,0,0,0,0,0,320,2130,1500,0,0,0,1,0,173,0,ar ARG,GK,Independiente,Primera Division Argentina,31,1991,27,"2,430",90,100.0,27.0,27,90,27,0,0,0,1.04,23,32,-9,-0.33,0,29.8,30.5,-0.6,-0.02,0,ar ARG,GK,Independiente,Primera Division Argentina,31,1991,27.0,0,0,0,0,7,0,0,1,1,0,0,0,19,8,0,100.0
Andrés Ríos,ar ARG,"FW,MF",Defensa y Just,Primera Division Argentina,33,1989,6,1,120,1.3,0,0,0,0,0,0,0,0,0.1,0.1,0.0,0.1,0,2,8,0.00,0.00,0.00,0.00,0.00,0.11,0.00,0.11,0.11,0.11,ar ARG,"FW,MF",Defensa y Just,Primera Division Argentina,33,1989,1.3,0,3,1,33.3,2.25,0.75,0.00,0.00,24.0,0,0,0,0.1,0.1,0.05,-0.1,-0.1,ar ARG,"FW,MF",Defensa y Just,Primera Division Argentina,33,1989,1.3,16,29,55.2,220,33,11,17,64.7,4,7,57.1,1,2,50.0,0,0.0,0.0,0.0,0,1,0,0,2,ar ARG,"FW,MF",Defensa y Just,Primera Division Argentina,33,1989,1.3,29,27,1,0,1,0,0,0,0,0,0,0,16,1,0,ar ARG,"FW,MF",Defensa y Just,Primera Division Argentina,33,1989,1.3,2,1.49,1,0,0,1,0,0,0,0.00,0,0,0,0,0,0,ar ARG,"FW,MF",Defensa y Just,Primera Division Argentina,33,1989,1.3,0,0,0,0,0,0,2,0.0,2,2,0,2,0,0,0,0,ar ARG,"FW,MF",Defensa y Just,Primera Division Argentina,33,1989,1.3,43,0,4,26,14,1,43,3,1,33.3,1,33.3,24,53,16,0,1,0,3,2,28,8,ar ARG,"FW,MF",Defensa y Just,Primera Division Argentina,33,1989,6,120,20,4.9,1.3,1,54,0,5,13,15,0.83,0,0,0,0.00,-0.51,1.2,1.6,-0.4,-0.33,-0.49,ar ARG,"FW,MF",Defensa y Just,Primera Division Argentina,33,1989,1.3,0,0,0,4,2,0,0,0,0,0,0,0,4,3,6,33.3
Lautaro Ríos,ar ARG,"MF,FW",Banfield,Primera Division Argentina,22,2000,8,0,152,1.7,0,0,0,0,0,0,1,0,0.4,0.4,0.1,0.5,0,12,4,0.00,0.00,0.00,0.00,0.00,0.23,0.06,0.29,0.23,0.29,ar ARG,"MF,FW",Banfield,Primera Division Argentina,22,2000,1.7,0,4,1,25.0,2.37,0.59,0.00,0.00,19.1,0,0,0,0.4,0.4,0.10,-0.4,-0.4,ar ARG,"MF,FW",Banfield,Primera Division Argentina,22,2000,1.7,51,80,63.8,835,354,26,33,78.8,21,28,75.0,4,16,25.0,0,0.1,0.1,-0.1,3,7,2,0,12,ar ARG,"MF,FW",Banfield,Primera Division Argentina,22,2000,1.7,80,75,5,2,0,1,7,0,3,1,2,0,51,0,2,ar ARG,"MF,FW",Banfield,Primera Division Argentina,22,2000,1.7,7,4.12,3,1,0,2,0,1,0,0.00,0,0,0,0,0,0,ar ARG,"MF,FW",Banfield,Primera Division Argentina,22,2000,1.7,10,4,3,5,2,3,7,42.9,4,2,1,1,4,14,0,0,ar ARG,"MF,FW",Banfield,Primera Division Argentina,22,2000,1.7,108,2,19,63,30,3,108,2,1,50.0,1,50.0,41,190,96,0,5,0,4,0,48,4,ar ARG,"MF,FW",Banfield,Primera Division Argentina,22,2000,8,152,19,6.3,1.7,0,0,0,8,19,17,1.25,1,4,-3,-1.78,-1.46,2.5,2.9,-0.4,-0.26,-0.30,ar ARG,"MF,FW",Banfield,Primera Division Argentina,22,2000,1.7,1,0,0,5,2,0,7,4,4,0,0,0,16,2,4,33.3
Román Riquelme,ar ARG,DF,Arg Juniors,Primera Division Argentina,20,2002,1,0,45,0.5,0,0,0,0,0,0,1,0,0.0,0.0,0.0,0.0,0,2,0,0.00,0.00,0.00,0.00,0.00,0.00,0.00,0.00,0.00,0.00,ar ARG,DF,Arg Juniors,Primera Division Argentina,20,2002,0.5,0,0,0,0,0.00,0.00,0,0,0,0,0,0,0.0,0.0,0,0.0,0.0,ar ARG,DF,Arg Juniors,Primera Division Argentina,20,2002,0.5,31,34,91.2,667,226,8,8,100.0,18,18,100.0,5,7,71.4,0,0.0,0.0,0.0,0,2,0,0,2,ar ARG,DF,Arg Juniors,Primera Division Argentina,20,2002,0.5,34,33,1,1,0,0,0,0,0,0,0,0,31,0,0,ar ARG,DF,Arg Juniors,Primera Division Argentina,20,2002,0.5,0,0.00,0,0,0,0,0,0,0,0.00,0,0,0,0,0,0,ar ARG,DF,Arg Juniors,Primera Division Argentina,20,2002,0.5,2,2,2,0,0,1,1,100.0,0,0,0,0,0,2,2,0,ar ARG,DF,Arg Juniors,Primera Division Argentina,20,2002,0.5,39,4,20,19,0,0,39,0,0,0,0,0,14,91,45,0,0,0,0,0,23,0,ar ARG,DF,Arg Juniors,Primera Division Argentina,20,2002,1,45,45,1.9,0.5,0,0,0,1,45,2,0.00,2,2,0,0.00,-0.34,2.5,1.1,+1.3,+2.64,+2.19,ar ARG,DF,Arg Juniors,Primera Division Argentina,20,2002,0.5,1,0,0,1,0,0,0,0,2,0,0,0,5,2,4,33.3
Ciro Rius,ar ARG,"MF,FW",Cen. Córdoba–SdE,Primera Division Argentina,34,1988,24,21,"1,707",19.0,1,2,3,1,0,0,5,1,1.2,1.2,1.0,2.1,23,38,71,0.05,0.11,0.16,0.05,0.16,0.06,0.05,0.11,0.06,0.11,ar ARG,"MF,FW",Cen. Córdoba–SdE,Primera Division Argentina,34,1988,19.0,1,17,5,29.4,0.90,0.26,0.06,0.20,20.4,0,0,0,1.2,1.2,0.07,-0.2,-0.2,ar ARG,"MF,FW",Cen. Córdoba–SdE,Primera Division Argentina,34,1988,19.0,368,535,68.8,5693,1930,191,215,88.8,127,191,66.5,29,72,40.3,2,1.0,0.8,+1.0,12,27,10,7,38,ar ARG,"MF,FW",Cen. Córdoba–SdE,Primera Division Argentina,34,1988,19.0,535,479,55,0,0,0,56,54,1,0,1,0,368,1,27,ar ARG,"MF,FW",Cen. Córdoba–SdE,Primera Division Argentina,34,1988,19.0,26,1.37,20,2,1,2,1,0,3,0.16,2,0,0,1,0,0,ar ARG,"MF,FW",Cen. Córdoba–SdE,Primera Division Argentina,34,1988,19.0,38,30,24,11,3,21,50,42.0,29,20,2,18,19,57,38,0,ar ARG,"MF,FW",Cen. Córdoba–SdE,Primera Division Argentina,34,1988,19.0,728,34,189,299,246,22,728,30,14,46.7,11,36.7,339,1680,717,23,18,0,26,27,388,71,ar ARG,"MF,FW",Cen. Córdoba–SdE,Primera Division Argentina,34,1988,24,"1,707",71,70.2,19.0,21,79,9,3,19,2,1.17,17,20,-3,-0.16,+0.71,16.6,22.2,-5.6,-0.29,+0.34,ar ARG,"MF,FW",Cen. Córdoba–SdE,Primera Division Argentina,34,1988,19.0,5,1,1,12,9,6,56,19,30,0,0,0,100,7,17,29.2
Enzo Rivamar,ar ARG,MF,Godoy Cruz,Primera Division Argentina,20,2003,1,0,19,0.2,0,0,0,0,0,0,0,0,0.0,0.0,0.0,0.0,0,1,1,0.00,0.00,0.00,0.00,0.00,0.00,0.18,0.18,0.00,0.18,ar ARG,MF,Godoy Cruz,Primera Division Argentina,20,2003,0.2,0,0,0,0,0.00,0.00,0,0,0,0,0,0,0.0,0.0,0,0.0,0.0,ar ARG,MF,Godoy Cruz,Primera Division Argentina,20,2003,0.2,6,7,85.7,54,16,5,6,83.3,0,0,0,0,0,0,0,0.0,0.0,0.0,1,1,0,0,1,ar ARG,MF,Godoy Cruz,Primera Division Argentina,20,2003,0.2,7,7,0,0,0,0,0,0,0,0,0,0,6,0,0,ar ARG,MF,Godoy Cruz,Primera Division Argentina,20,2003,0.2,1,4.74,1,0,0,0,0,0,0,0.00,0,0,0,0,0,0,ar ARG,MF,Godoy Cruz,Primera Division Argentina,20,2003,0.2,0,0,0,0,0,0,0,0,0,0,0,0,0,0,0,0,ar ARG,MF,Godoy Cruz,Primera Division Argentina,20,2003,0.2,8,1,1,3,4,1,8,1,0,0.0,1,100.0,5,24,3,0,1,0,0,0,6,1,ar ARG,MF,Godoy Cruz,Primera Division Argentina,20,2003,1,19,19,0.8,0.2,0,0,0,1,19,2,0.00,0,1,-1,-4.74,-4.96,0.1,0.9,-0.9,-4.05,-3.95,ar ARG,MF,Godoy Cruz,Primera Division Argentina,20,2003,0.2,0,0,0,0,0,0,0,0,0,0,0,0,1,0,4,0.0
Geronimo Rivera,ar ARG,"MF,FW",Banfield,Primera Division Argentina,19,2003,7,0,137,1.5,0,1,1,0,0,0,3,0,0.2,0.2,1.0,1.2,4,2,14,0.00,0.66,0.66,0.00,0.66,0.14,0.65,0.79,0.14,0.79,ar ARG,"MF,FW",Banfield,Primera Division Argentina,19,2003,1.5,0,2,0,0.0,1.31,0.00,0.00,0,12.2,0,0,0,0.2,0.2,0.11,-0.2,-0.2,ar ARG,"MF,FW",Banfield,Primera Division Argentina,19,2003,1.5,10,27,37.0,208,63,6,12,50.0,1,9,11.1,3,5,60.0,1,1.0,0.8,0.0,2,0,1,0,2,ar ARG,"MF,FW",Banfield,Primera Division Argentina,19,2003,1.5,27,24,3,1,0,1,3,2,0,0,0,0,10,0,0,ar ARG,"MF,FW",Banfield,Primera Division Argentina,19,2003,1.5,9,5.87,3,0,4,0,2,0,2,1.30,1,0,1,0,0,0,ar ARG,"MF,FW",Banfield,Primera Division Argentina,19,2003,1.5,2,1,0,1,1,0,2,0.0,2,6,0,6,0,2,1,0,ar ARG,"MF,FW",Banfield,Primera Division Argentina,19,2003,1.5,66,1,13,23,32,7,66,18,10,55.6,6,33.3,41,354,207,4,6,2,8,2,39,14,ar ARG,"MF,FW",Banfield,Primera Division Argentina,19,2003,7,137,20,5.6,1.5,0,0,0,7,20,2,1.14,2,2,0,0.00,+0.43,2.1,2.1,0.0,+0.01,-0.01,ar ARG,"MF,FW",Banfield,Primera Division Argentina,19,2003,1.5,3,0,0,7,10,1,3,0,1,0,0,0,7,5,4,55.6
Braian Rivero,ar ARG,MF,Arsenal,Primera Division Argentina,26,1996,16,10,861,9.6,0,0,0,0,0,0,0,0,1.0,1.0,0.3,1.3,5,49,35,0.00,0.00,0.00,0.00,0.00,0.11,0.03,0.14,0.11,0.14,ar ARG,MF,Arsenal,Primera Division Argentina,26,1996,9.6,0,10,3,30.0,1.05,0.31,0.00,0.00,20.9,0,0,0,1.0,1.0,0.10,-1.0,-1.0,ar ARG,MF,Arsenal,Primera Division Argentina,26,1996,9.6,322,457,70.5,5643,1743,149,183,81.4,129,172,75.0,34,69,49.3,0,0.3,0.3,-0.3,7,42,5,1,49,ar ARG,MF,Arsenal,Primera Division Argentina,26,1996,9.6,457,437,17,12,4,10,7,1,0,0,0,0,322,3,11,ar ARG,MF,Arsenal,Primera Division Argentina,26,1996,9.6,15,1.57,12,2,0,1,0,0,0,0.00,0,0,0,0,0,0,ar ARG,MF,Arsenal,Primera Division Argentina,26,1996,9.6,25,10,9,14,2,13,35,37.1,22,10,4,6,13,38,3,0,ar ARG,MF,Arsenal,Primera Division Argentina,26,1996,9.6,561,10,119,341,112,9,561,15,9,60.0,5,33.3,273,1236,537,5,11,0,24,9,346,35,ar ARG,MF,Arsenal,Primera Division Argentina,26,1996,16,861,54,35.4,9.6,10,75,4,6,18,7,1.13,4,9,-5,-0.52,+0.11,8.2,12.7,-4.5,-0.47,-0.06,ar ARG,MF,Arsenal,Primera Division Argentina,26,1996,9.6,0,0,0,8,8,0,7,13,10,0,0,0,90,6,11,35.3
Alan Rodríguez,py PAR,DF,Rosario Central,Primera Division Argentina,22,2000,26,26,"2,246",25.0,1,5,6,1,0,0,1,1,0.6,0.6,3.0,3.6,47,85,121,0.04,0.20,0.24,0.04,0.24,0.02,0.12,0.14,0.02,0.14,py PAR,DF,Rosario Central,Primera Division Argentina,22,2000,25.0,1,21,3,14.3,0.84,0.12,0.05,0.33,29.9,7,0,0,0.6,0.6,0.03,+0.4,+0.4,py PAR,DF,Rosario Central,Primera Division Argentina,22,2000,25.0,821,1192,68.9,14381,6984,366,440,83.2,367,507,72.4,71,176,40.3,5,3.0,2.6,+2.0,27,84,29,23,85,py PAR,DF,Rosario Central,Primera Division Argentina,22,2000,25.0,1192,949,240,16,0,4,94,224,0,0,0,0,821,3,35,py PAR,DF,Rosario Central,Primera Division Argentina,22,2000,25.0,66,2.64,53,5,1,3,0,4,9,0.36,5,2,0,1,0,1,py PAR,DF,Rosario Central,Primera Division Argentina,22,2000,25.0,47,31,27,18,2,32,63,50.8,31,26,6,20,29,76,68,0,py PAR,DF,Rosario Central,Primera Division Argentina,22,2000,25.0,1462,77,434,658,380,6,1462,32,7,21.9,24,75.0,622,2990,1741,47,33,2,16,11,728,121,py PAR,DF,Rosario Central,Primera Division Argentina,22,2000,26,"2,246",86,92.4,25.0,26,86,21,0,0,0,1.62,35,25,+10,+0.40,+1.87,31.8,30.2,+1.6,+0.06,+1.19,py PAR,DF,Rosario Central,Primera Division Argentina,22,2000,25.0,1,1,0,13,10,0,94,29,31,0,1,0,144,18,15,54.5
Alan Rodríguez,uy URU,MF,Arg Juniors,Primera Division Argentina,23,2000,19,12,"1,164",12.9,1,0,1,1,0,0,1,0,2.7,2.7,0.8,3.5,19,44,53,0.08,0.00,0.08,0.08,0.08,0.21,0.06,0.27,0.21,0.27,py PAR,DF,Rosario Central,Primera Division Argentina,22,2000,25.0,1,21,3,14.3,0.84,0.12,0.05,0.33,29.9,7,0,0,0.6,0.6,0.03,+0.4,+0.4,py PAR,DF,Rosario Central,Primera Division Argentina,22,2000,25.0,821,1192,68.9,14381,6984,366,440,83.2,367,507,72.4,71,176,40.3,5,3.0,2.6,+2.0,27,84,29,23,85,py PAR,DF,Rosario Central,Primera Division Argentina,22,2000,25.0,1192,949,240,16,0,4,94,224,0,0,0,0,821,3,35,py PAR,DF,Rosario Central,Primera Division Argentina,22,2000,25.0,66,2.64,53,5,1,3,0,4,9,0.36,5,2,0,1,0,1,py PAR,DF,Rosario Central,Primera Division Argentina,22,2000,25.0,47,31,27,18,2,32,63,50.8,31,26,6,20,29,76,68,0,py PAR,DF,Rosario Central,Primera Division Argentina,22,2000,25.0,1462,77,434,658,380,6,1462,32,7,21.9,24,75.0,622,2990,1741,47,33,2,16,11,728,121,py PAR,DF,Rosario Central,Primera Division Argentina,22,2000,26,"2,246",86,92.4,25.0,26,86,21,0,0,0,1.62,35,25,+10,+0.40,+1.87,31.8,30.2,+1.6,+0.06,+1.19,py PAR,DF,Rosario Central,Primera Division Argentina,22,2000,25.0,1,1,0,13,10,0,94,29,31,0,1,0,144,18,15,54.5
Axel Rodríguez,ar ARG,FW,Instituto,Primera Division Argentina,25,1997,16,4,450,5.0,1,0,1,1,0,0,4,0,2.4,2.4,0.0,2.4,7,4,42,0.20,0.00,0.20,0.20,0.20,0.48,0.00,0.48,0.48,0.48,ar ARG,FW,Instituto,Primera Division Argentina,25,1997,5.0,1,16,3,18.8,3.20,0.60,0.06,0.33,20.4,0,0,0,2.4,2.4,0.15,-1.4,-1.4,ar ARG,FW,Instituto,Primera Division Argentina,25,1997,5.0,56,100,56.0,697,77,34,52,65.4,18,25,72.0,0,2,0.0,0,0.0,0.1,0.0,1,2,1,0,4,ar ARG,FW,Instituto,Primera Division Argentina,25,1997,5.0,100,92,8,1,0,0,8,1,0,0,0,0,56,0,10,ar ARG,FW,Instituto,Primera Division Argentina,25,1997,5.0,7,1.39,2,0,1,2,2,0,1,0.20,0,0,1,0,0,0,ar ARG,FW,Instituto,Primera Division Argentina,25,1997,5.0,3,1,1,2,0,2,4,50.0,2,3,1,2,0,3,6,0,ar ARG,FW,Instituto,Primera Division Argentina,25,1997,5.0,173,8,14,58,102,20,173,10,3,30.0,5,50.0,99,444,183,7,6,2,24,12,139,42,ar ARG,FW,Instituto,Primera Division Argentina,25,1997,16,450,28,18.5,5.0,4,70,1,12,14,5,1.13,5,9,-4,-0.80,-0.48,6.8,7.5,-0.7,-0.14,-0.35,ar ARG,FW,Instituto,Primera Division Argentina,25,1997,5.0,4,0,0,9,10,0,8,0,1,0,0,0,10,16,23,41.0
Gregorio Rodríguez,ar ARG,"FW,MF",Instituto,Primera Division Argentina,23,2000,9,0,99,1.1,0,0,0,0,0,0,1,0,0.4,0.4,0.1,0.4,5,5,15,0.00,0.00,0.00,0.00,0.00,0.32,0.07,0.39,0.32,0.39,ar ARG,"FW,MF",Instituto,Primera Division Argentina,23,2000,1.1,0,2,0,0.0,1.82,0.00,0.00,0,19.3,0,0,0,0.4,0.4,0.18,-0.4,-0.4,ar ARG,"FW,MF",Instituto,Primera Division Argentina,23,2000,1.1,28,45,62.2,397,107,16,19,84.2,6,13,46.2,3,6,50.0,0,0.1,0.1,-0.1,2,4,2,2,5,ar ARG,"FW,MF",Instituto,Primera Division Argentina,23,2000,1.1,45,45,0,0,0,0,11,0,0,0,0,0,28,0,3,ar ARG,"FW,MF",Instituto,Primera Division Argentina,23,2000,1.1,3,2.70,2,0,0,1,0,0,0,0.00,0,0,0,0,0,0,ar ARG,"FW,MF",Instituto,Primera Division Argentina,23,2000,1.1,4,4,1,3,0,3,5,60.0,2,4,1,3,0,4,3,0,ar ARG,"FW,MF",Instituto,Primera Division Argentina,23,2000,1.1,78,1,13,31,39,4,78,5,3,60.0,1,20.0,45,428,142,5,5,0,8,4,44,15,ar ARG,"FW,MF",Instituto,Primera Division Argentina,23,2000,9,99,11,4.1,1.1,0,0,0,9,11,16,1.33,1,0,+1,+0.91,+1.37,1.5,1.5,0.0,+0.01,-0.14,ar ARG,"FW,MF",Instituto,Primera Division Argentina,23,2000,1.1,1,0,0,1,4,0,11,0,4,0,0,0,18,2,6,25.0
Ignacio Rodríguez,ar ARG,MF,Banfield,Primera Division Argentina,20,2002,18,8,721,8.0,0,0,0,0,0,0,0,0,0.5,0.5,0.5,1.0,17,14,49,0.00,0.00,0.00,0.00,0.00,0.07,0.06,0.13,0.07,0.13,ar ARG,MF,Banfield,Primera Division Argentina,20,2002,8.0,0,8,1,12.5,1.00,0.12,0.00,0.00,23.7,0,0,0,0.5,0.5,0.07,-0.5,-0.5,ar ARG,MF,Banfield,Primera Division Argentina,20,2002,8.0,167,270,61.9,2334,575,109,138,79.0,44,79,55.7,8,29,27.6,0,0.5,0.3,-0.5,6,7,4,2,14,ar ARG,MF,Banfield,Primera Division Argentina,20,2002,8.0,270,243,24,6,3,0,41,10,8,2,5,0,167,3,12,ar ARG,MF,Banfield,Primera Division Argentina,20,2002,8.0,18,2.25,10,3,4,0,1,0,2,0.25,1,0,0,0,1,0,ar ARG,MF,Banfield,Primera Division Argentina,20,2002,8.0,10,4,4,1,5,5,11,45.5,6,7,1,6,5,15,5,0,ar ARG,MF,Banfield,Primera Division Argentina,20,2002,8.0,369,6,61,158,155,13,369,33,13,39.4,18,54.5,194,1075,496,17,15,3,22,11,207,49,ar ARG,MF,Banfield,Primera Division Argentina,20,2002,18,721,40,29.7,8.0,8,71,1,10,15,9,1.17,5,6,-1,-0.12,+0.40,8.5,7.3,+1.2,+0.14,+0.17,ar ARG,MF,Banfield,Primera Division Argentina,20,2002,8.0,0,0,0,7,11,2,41,5,4,1,0,0,49,18,25,41.9
Juan Rodríguez,ar ARG,DF,Talleres,Primera Division Argentina,28,1994,16,16,"1,407",15.6,0,0,0,0,0,0,6,0,0.3,0.3,0.2,0.5,6,43,3,0.00,0.00,0.00,0.00,0.00,0.02,0.01,0.03,0.02,0.03,ar ARG,DF,Talleres,Primera Division Argentina,28,1994,15.6,0,5,2,40.0,0.32,0.13,0.00,0.00,13.1,0,0,0,0.3,0.3,0.07,-0.3,-0.3,ar ARG,DF,Talleres,Primera Division Argentina,28,1994,15.6,587,714,82.2,12310,4760,151,177,85.3,343,384,89.3,89,135,65.9,0,0.2,0.2,-0.2,4,25,1,0,43,ar ARG,DF,Talleres,Primera Division Argentina,28,1994,15.6,714,688,24,20,0,0,0,4,0,0,0,0,587,2,8,ar ARG,DF,Talleres,Primera Division Argentina,28,1994,15.6,6,0.38,5,0,0,1,0,0,0,0.00,0,0,0,0,0,0,ar ARG,DF,Talleres,Primera Division Argentina,28,1994,15.6,31,21,19,10,2,14,27,51.9,13,28,17,11,21,52,86,0,ar ARG,DF,Talleres,Primera Division Argentina,28,1994,15.6,910,119,513,376,25,10,910,7,5,71.4,2,28.6,409,1982,1061,6,3,0,7,4,458,3,ar ARG,DF,Talleres,Primera Division Argentina,28,1994,16,"1,407",88,57.9,15.6,16,88,15,0,0,4,1.75,22,14,+8,+0.51,-0.46,22.7,15.3,+7.5,+0.48,-0.25,ar ARG,DF,Talleres,Primera Division Argentina,28,1994,15.6,6,0,0,11,7,2,0,21,21,0,1,0,121,38,27,58.5
Lucas Rodríguez,ar ARG,DF,Rosario Central,Primera Division Argentina,29,1993,7,1,206,2.3,0,0,0,0,0,0,0,0,0.0,0.0,0.0,0.0,1,3,9,0.00,0.00,0.00,0.00,0.00,0.00,0.00,0.00,0.00,0.00,ar ARG,DF,Rosario Central,Primera Division Argentina,29,1993,2.3,0,0,0,0,0.00,0.00,0,0,0,0,0,0,0.0,0.0,0,0.0,0.0,ar ARG,DF,Rosario Central,Primera Division Argentina,29,1993,2.3,75,119,63.0,1134,438,48,56,85.7,23,39,59.0,4,19,21.1,0,0.0,0.0,0.0,0,9,0,0,3,ar ARG,DF,Rosario Central,Primera Division Argentina,29,1993,2.3,119,95,24,2,0,0,7,22,0,0,0,0,75,0,5,ar ARG,DF,Rosario Central,Primera Division Argentina,29,1993,2.3,0,0.00,0,0,0,0,0,0,0,0.00,0,0,0,0,0,0,ar ARG,DF,Rosario Central,Primera Division Argentina,29,1993,2.3,6,2,4,2,0,4,8,50.0,4,2,2,0,2,8,5,0,ar ARG,DF,Rosario Central,Primera Division Argentina,29,1993,2.3,138,8,45,69,25,0,138,1,1,100.0,0,0.0,50,216,100,1,2,0,3,1,62,9,ar ARG,DF,Rosario Central,Primera Division Argentina,29,1993,7,206,29,8.5,2.3,1,90,1,6,19,18,1.57,1,6,-5,-2.18,-2.67,1.1,4.0,-2.9,-1.25,-1.34,ar ARG,DF,Rosario Central,Primera Division Argentina,29,1993,2.3,0,0,0,4,4,0,7,2,2,0,0,0,19,2,2,50.0
Maximiliano Rodríguez,ar ARG,"DF,MF",Barracas Central,Primera Division Argentina,34,1988,15,3,490,5.4,0,0,0,0,0,0,0,0,0.2,0.2,0.3,0.5,7,24,17,0.00,0.00,0.00,0.00,0.00,0.04,0.05,0.09,0.04,0.09,ar ARG,"DF,MF",Barracas Central,Primera Division Argentina,34,1988,5.4,0,3,2,66.7,0.55,0.37,0.00,0.00,12.0,0,0,0,0.2,0.2,0.08,-0.2,-0.2,ar ARG,"DF,MF",Barracas Central,Primera Division Argentina,34,1988,5.4,169,236,71.6,2715,1361,91,105,86.7,59,81,72.8,14,27,51.9,0,0.3,0.9,-0.3,3,13,2,1,24,ar ARG,"DF,MF",Barracas Central,Primera Division Argentina,34,1988,5.4,236,186,50,2,1,1,5,48,0,0,0,0,169,0,12,ar ARG,"DF,MF",Barracas Central,Primera Division Argentina,34,1988,5.4,11,2.02,8,0,0,1,2,0,1,0.18,0,0,0,0,1,0,ar ARG,"DF,MF",Barracas Central,Primera Division Argentina,34,1988,5.4,11,7,6,5,0,7,14,50.0,7,5,3,2,8,19,16,0,ar ARG,"DF,MF",Barracas Central,Primera Division Argentina,34,1988,5.4,298,22,91,141,70,11,298,12,5,41.7,7,58.3,135,586,344,7,9,3,4,2,136,17,ar ARG,"DF,MF",Barracas Central,Primera Division Argentina,34,1988,15,490,33,20.2,5.4,3,87,2,12,19,12,1.13,3,6,-3,-0.55,-0.46,4.1,5.3,-1.2,-0.23,-0.01,ar ARG,"DF,MF",Barracas Central,Primera Division Argentina,34,1988,5.4,0,0,0,5,6,3,5,8,7,0,0,0,24,10,11,47.6
Salomón Rodríguez,uy URU,FW,Godoy Cruz,Primera Division Argentina,22,2000,26,21,"1,774",19.7,5,5,10,5,0,0,5,0,5.8,5.8,2.2,8.0,19,34,99,0.25,0.25,0.51,0.25,0.51,0.29,0.11,0.41,0.29,0.41,uy URU,FW,Godoy Cruz,Primera Division Argentina,22,2000,19.7,5,53,20,37.7,2.69,1.01,0.09,0.25,19.8,7,0,0,5.8,5.8,0.11,-0.8,-0.8,uy URU,FW,Godoy Cruz,Primera Division Argentina,22,2000,19.7,207,335,61.8,3091,755,114,178,64.0,72,108,66.7,8,17,47.1,5,2.2,1.4,+2.8,23,25,9,1,34,uy URU,FW,Godoy Cruz,Primera Division Argentina,22,2000,19.7,335,290,45,1,1,2,10,4,0,0,0,0,207,0,16,uy URU,FW,Godoy Cruz,Primera Division Argentina,22,2000,19.7,49,2.49,31,0,5,6,6,1,7,0.36,3,0,0,3,1,0,uy URU,FW,Godoy Cruz,Primera Division Argentina,22,2000,19.7,11,7,1,8,2,1,13,7.7,12,16,3,13,3,14,11,0,uy URU,FW,Godoy Cruz,Primera Division Argentina,22,2000,19.7,540,13,25,242,283,76,540,53,18,34.0,34,64.2,268,1449,467,19,15,6,46,17,335,99,uy URU,FW,Godoy Cruz,Primera Division Argentina,22,2000,26,"1,774",68,73.0,19.7,21,77,5,5,29,0,1.58,25,25,0,0.00,-0.69,19.6,27.1,-7.5,-0.38,-0.92,uy URU,FW,Godoy Cruz,Primera Division Argentina,22,2000,19.7,5,0,0,30,19,14,10,3,7,0,0,0,47,42,63,40.0
Santiago Rodriguez,ar ARG,"FW,MF",Instituto,Primera Division Argentina,25,1997,27,21,"1,724",19.2,3,4,7,3,0,0,1,0,3.3,3.3,3.5,6.8,40,62,146,0.16,0.21,0.37,0.16,0.37,0.17,0.18,0.35,0.17,0.35,ar ARG,"FW,MF",Instituto,Primera Division Argentina,25,1997,19.2,3,45,24,53.3,2.35,1.25,0.07,0.13,23.8,6,0,0,3.3,3.3,0.08,-0.3,-0.3,ar ARG,"FW,MF",Instituto,Primera Division Argentina,25,1997,19.2,422,649,65.0,6756,1956,241,302,79.8,126,183,68.9,38,102,37.3,4,3.5,2.7,+0.5,30,46,20,4,62,ar ARG,"FW,MF",Instituto,Primera Division Argentina,25,1997,19.2,649,548,100,20,4,3,102,5,55,26,17,0,422,1,36,ar ARG,"FW,MF",Instituto,Primera Division Argentina,25,1997,19.2,79,4.13,44,15,4,9,7,0,6,0.31,2,2,1,0,1,0,ar ARG,"FW,MF",Instituto,Primera Division Argentina,25,1997,19.2,18,10,1,11,6,6,19,31.6,13,20,0,20,3,21,2,0,ar ARG,"FW,MF",Instituto,Primera Division Argentina,25,1997,19.2,897,2,46,364,505,46,897,81,35,43.2,38,46.9,545,3346,1311,40,38,9,54,39,636,146,ar ARG,"FW,MF",Instituto,Primera Division Argentina,25,1997,27,"1,724",64,70.9,19.2,21,73,2,6,31,0,1.19,23,27,-4,-0.21,+0.68,24.6,20.5,+4.1,+0.21,+0.24,ar ARG,"FW,MF",Instituto,Primera Division Argentina,25,1997,19.2,1,0,0,10,27,7,102,3,10,1,0,0,76,4,36,10.0
Manuel Roffo,ar ARG,GK,Instituto,Primera Division Argentina,22,2000,11,10,905,10.1,0,0,0,0,0,0,1,0,0.0,0.0,0.1,0.1,0,1,0,0.00,0.00,0.00,0.00,0.00,0.00,0.01,0.01,0.00,0.01,ar ARG,GK,Instituto,Primera Division Argentina,22,2000,10.1,0,0,0,0,0.00,0.00,0,0,0,0,0,0,0.0,0.0,0,0.0,0.0,ar ARG,GK,Instituto,Primera Division Argentina,22,2000,10.1,186,324,57.4,6758,5539,24,24,100.0,70,73,95.9,90,221,40.7,0,0.1,0.1,-0.1,1,14,2,0,1,ar ARG,GK,Instituto,Primera Division Argentina,22,2000,10.1,324,208,112,27,0,2,0,0,0,0,0,0,186,4,0,ar ARG,GK,Instituto,Primera Division Argentina,22,2000,10.1,1,0.10,1,0,0,0,0,0,0,0.00,0,0,0,0,0,0,ar ARG,GK,Instituto,Primera Division Argentina,22,2000,10.1,0,0,0,0,0,0,1,0.0,1,0,0,0,0,0,3,0,ar ARG,GK,Instituto,Primera Division Argentina,22,2000,10.1,348,266,345,4,0,0,348,0,0,0,0,0,198,1244,859,0,0,0,0,0,96,0,ar ARG,GK,Instituto,Primera Division Argentina,22,2000,11,905,82,37.2,10.1,10,90,10,1,5,16,1.09,10,15,-5,-0.50,-0.14,11.4,11.1,+0.3,+0.03,-0.18,ar ARG,GK,Instituto,Primera Division Argentina,22,2000,10.1,1,0,0,0,1,0,0,0,0,0,0,0,12,4,0,100.0
Ariel Rojas,ar ARG,MF,Belgrano,Primera Division Argentina,37,1986,19,12,"1,050",11.7,0,3,3,0,0,0,3,0,0.1,0.1,1.3,1.3,9,69,25,0.00,0.26,0.26,0.00,0.26,0.01,0.11,0.11,0.01,0.11,ar ARG,MF,Belgrano,Primera Division Argentina,37,1986,11.7,0,3,1,33.3,0.26,0.09,0.00,0.00,29.7,0,0,0,0.1,0.1,0.03,-0.1,-0.1,ar ARG,MF,Belgrano,Primera Division Argentina,37,1986,11.7,357,492,72.6,6672,2382,152,186,81.7,149,191,78.0,49,88,55.7,3,1.3,1.3,+1.7,12,59,8,4,69,ar ARG,MF,Belgrano,Primera Division Argentina,37,1986,11.7,492,453,36,21,2,8,28,0,14,1,9,0,357,3,12,ar ARG,MF,Belgrano,Primera Division Argentina,37,1986,11.7,31,2.65,24,7,0,0,0,0,5,0.43,4,1,0,0,0,0,ar ARG,MF,Belgrano,Primera Division Argentina,37,1986,11.7,32,21,8,23,1,14,35,40.0,21,15,8,7,19,51,12,0,ar ARG,MF,Belgrano,Primera Division Argentina,37,1986,11.7,606,18,108,404,103,3,606,10,5,50.0,5,50.0,284,1203,534,9,7,0,12,6,329,25,ar ARG,MF,Belgrano,Primera Division Argentina,37,1986,19,"1,050",55,43.2,11.7,12,73,1,7,24,8,1.47,6,12,-6,-0.51,-0.51,11.1,13.4,-2.3,-0.19,+0.12,ar ARG,MF,Belgrano,Primera Division Argentina,37,1986,11.7,3,0,0,7,12,0,28,19,21,0,0,0,89,7,15,31.8
Gabriel Rojas,ar ARG,"DF,MF",Racing Club,Primera Division Argentina,25,1997,16,16,"1,337",14.9,1,1,2,1,0,0,3,1,0.7,0.7,1.1,1.9,29,62,101,0.07,0.07,0.13,0.07,0.13,0.05,0.08,0.12,0.05,0.12,ar ARG,"DF,MF",Racing Club,Primera Division Argentina,25,1997,14.9,1,16,4,25.0,1.08,0.27,0.06,0.25,25.0,1,0,0,0.7,0.7,0.05,+0.3,+0.3,ar ARG,"DF,MF",Racing Club,Primera Division Argentina,25,1997,14.9,612,772,79.3,9459,3381,348,370,94.1,209,261,80.1,39,88,44.3,1,1.1,0.9,-0.1,12,47,18,13,62,ar ARG,"DF,MF",Racing Club,Primera Division Argentina,25,1997,14.9,772,621,149,7,1,6,56,142,0,0,0,0,612,2,24,ar ARG,"DF,MF",Racing Club,Primera Division Argentina,25,1997,14.9,18,1.21,16,0,0,0,2,0,3,0.20,2,0,0,0,1,0,ar ARG,"DF,MF",Racing Club,Primera Division Argentina,25,1997,14.9,22,16,13,5,4,15,34,44.1,19,11,3,8,10,32,36,0,ar ARG,"DF,MF",Racing Club,Primera Division Argentina,25,1997,14.9,930,34,256,379,303,15,930,33,21,63.6,12,36.4,467,2133,1228,29,24,3,20,12,533,101,ar ARG,"DF,MF",Racing Club,Primera Division Argentina,25,1997,16,"1,337",84,55.0,14.9,16,84,13,0,0,2,1.63,21,16,+5,+0.34,+0.67,18.8,17.4,+1.4,+0.10,+0.59,ar ARG,"DF,MF",Racing Club,Primera Division Argentina,25,1997,14.9,3,1,1,18,23,1,56,10,16,0,0,0,78,15,22,40.5
Matías Rojas,py PAR,FW,Racing Club,Primera Division Argentina,27,1995,14,13,"1,015",11.3,6,1,7,4,2,3,3,0,4.0,1.7,1.4,3.1,33,53,111,0.53,0.09,0.62,0.35,0.44,0.36,0.13,0.49,0.15,0.28,py PAR,FW,Racing Club,Primera Division Argentina,27,1995,11.3,6,39,22,56.4,3.46,1.95,0.10,0.18,29.7,17,2,3,4.0,1.7,0.04,+2.0,+2.3,py PAR,FW,Racing Club,Primera Division Argentina,27,1995,11.3,356,528,67.4,6942,1874,165,203,81.3,119,159,74.8,61,125,48.8,1,1.4,2.4,-0.4,22,44,23,4,53,py PAR,FW,Racing Club,Primera Division Argentina,27,1995,11.3,528,458,65,23,7,23,67,4,38,23,7,3,356,5,15,py PAR,FW,Racing Club,Primera Division Argentina,27,1995,11.3,53,4.70,26,10,7,4,5,1,6,0.53,2,1,1,0,2,0,py PAR,FW,Racing Club,Primera Division Argentina,27,1995,11.3,21,13,10,8,3,12,23,52.2,11,8,1,7,2,23,0,0,py PAR,FW,Racing Club,Primera Division Argentina,27,1995,11.3,679,3,58,327,306,18,676,62,26,41.9,31,50.0,443,2423,1188,33,25,6,31,9,486,111,py PAR,FW,Racing Club,Primera Division Argentina,27,1995,14,"1,015",73,41.8,11.3,13,74,5,1,56,0,1.57,17,12,+5,+0.44,+0.70,13.0,10.3,+2.7,+0.24,+0.70,py PAR,FW,Racing Club,Primera Division Argentina,27,1995,11.3,3,0,0,15,22,3,67,2,13,1,0,0,52,2,2,50.0
Robert Rojas,py PAR,DF,River Plate,Primera Division Argentina,26,1996,14,10,871,9.7,1,0,1,1,0,0,1,0,0.2,0.2,0.3,0.5,16,40,28,0.10,0.00,0.10,0.10,0.10,0.03,0.03,0.06,0.03,0.06,py PAR,DF,River Plate,Primera Division Argentina,26,1996,9.7,1,5,3,60.0,0.52,0.31,0.20,0.33,16.2,0,0,0,0.2,0.2,0.05,+0.8,+0.8,py PAR,DF,River Plate,Primera Division Argentina,26,1996,9.7,387,516,75.0,7220,2986,150,182,82.4,179,219,81.7,49,81,60.5,0,0.3,0.3,-0.3,3,19,5,3,40,py PAR,DF,River Plate,Primera Division Argentina,26,1996,9.7,516,444,72,11,0,2,15,61,0,0,0,0,387,0,16,py PAR,DF,River Plate,Primera Division Argentina,26,1996,9.7,10,1.12,6,3,0,1,0,0,2,0.22,2,0,0,0,0,0,py PAR,DF,River Plate,Primera Division Argentina,26,1996,9.7,13,8,7,5,1,8,13,61.5,5,10,5,5,4,17,41,0,py PAR,DF,River Plate,Primera Division Argentina,26,1996,9.7,615,47,250,276,92,11,615,7,4,57.1,3,42.9,297,1510,905,16,8,2,8,2,359,28,py PAR,DF,River Plate,Primera Division Argentina,26,1996,14,871,62,35.8,9.7,10,80,7,4,17,10,2.14,18,11,+7,+0.72,-0.60,15.1,10.5,+4.5,+0.50,-0.64,py PAR,DF,River Plate,Primera Division Argentina,26,1996,9.7,1,0,0,4,5,0,15,4,8,0,1,0,41,28,16,63.6
Santiago Rojas,py PAR,GK,Tigre,Primera Division Argentina,26,1996,2,2,180,2.0,0,0,0,0,0,0,0,0,0.0,0.0,0.0,0.0,0,0,0,0.00,0.00,0.00,0.00,0.00,0.00,0.00,0.00,0.00,0.00,py PAR,GK,Tigre,Primera Division Argentina,26,1996,2.0,0,0,0,0,0.00,0.00,0,0,0,0,0,0,0.0,0.0,0,0.0,0.0,py PAR,GK,Tigre,Primera Division Argentina,26,1996,2.0,24,44,54.5,1048,941,0,0,0,6,6,100.0,18,38,47.4,0,0.0,0.0,0.0,0,2,0,0,0,py PAR,GK,Tigre,Primera Division Argentina,26,1996,2.0,44,23,21,5,0,0,0,0,0,0,0,0,24,0,0,py PAR,GK,Tigre,Primera Division Argentina,26,1996,2.0,0,0.00,0,0,0,0,0,0,0,0.00,0,0,0,0,0,0,py PAR,GK,Tigre,Primera Division Argentina,26,1996,2.0,0,0,0,0,0,0,0,0,0,0,0,0,0,0,1,0,py PAR,GK,Tigre,Primera Division Argentina,26,1996,2.0,48,46,48,0,0,0,48,0,0,0,0,0,21,142,84,0,0,0,0,0,12,0,py PAR,GK,Tigre,Primera Division Argentina,26,1996,2,180,90,7.4,2.0,2,90,2,0,0,25,3.00,5,1,+4,+2.00,+2.24,2.7,1.2,+1.6,+0.79,+0.69,py PAR,GK,Tigre,Primera Division Argentina,26,1996,2.0,0,0,0,0,1,0,0,0,0,0,0,0,1,0,0,0
Benjamín Rollheiser,ar ARG,"MF,FW",Estudiantes–LP,Primera Division Argentina,22,2000,27,26,"2,021",22.5,6,3,9,6,0,1,2,0,5.5,4.7,3.1,7.8,86,151,159,0.27,0.13,0.40,0.27,0.40,0.25,0.14,0.38,0.21,0.35,ar ARG,"MF,FW",Estudiantes–LP,Primera Division Argentina,22,2000,22.5,6,73,26,35.6,3.25,1.16,0.08,0.23,22.8,4,0,1,5.5,4.7,0.06,+0.5,+1.3,ar ARG,"MF,FW",Estudiantes–LP,Primera Division Argentina,22,2000,22.5,829,1119,74.1,14356,3518,429,509,84.3,282,373,75.6,98,182,53.8,3,3.1,3.2,-0.1,38,99,38,5,151,ar ARG,"MF,FW",Estudiantes–LP,Primera Division Argentina,22,2000,22.5,1119,1042,74,28,9,27,78,15,30,14,14,0,829,3,14,ar ARG,"MF,FW",Estudiantes–LP,Primera Division Argentina,22,2000,22.5,106,4.72,68,13,5,14,5,1,6,0.27,5,0,0,1,0,0,ar ARG,"MF,FW",Estudiantes–LP,Primera Division Argentina,22,2000,22.5,28,16,11,11,6,13,36,36.1,23,18,1,17,7,35,7,1,ar ARG,"MF,FW",Estudiantes–LP,Primera Division Argentina,22,2000,22.5,1399,6,91,754,591,52,1397,99,65,65.7,32,32.3,892,5745,2614,86,84,8,65,40,1003,159,ar ARG,"MF,FW",Estudiantes–LP,Primera Division Argentina,22,2000,27,"2,021",75,83.2,22.5,26,77,7,1,32,0,1.67,27,19,+8,+0.36,-0.30,25.4,19.0,+6.4,+0.28,-0.44,ar ARG,"MF,FW",Estudiantes–LP,Primera Division Argentina,22,2000,22.5,2,0,0,29,20,2,78,7,16,0,0,0,143,12,25,32.4
Esteban Rolón,ar ARG,MF,Boca Juniors,Primera Division Argentina,27,1995,7,1,144,1.6,0,0,0,0,0,0,0,1,0.0,0.0,0.1,0.1,1,8,1,0.00,0.00,0.00,0.00,0.00,0.02,0.05,0.07,0.02,0.07,ar ARG,MF,Boca Juniors,Primera Division Argentina,27,1995,1.6,0,1,0,0.0,0.62,0.00,0.00,0,31.6,0,0,0,0.0,0.0,0.03,0.0,0.0,ar ARG,MF,Boca Juniors,Primera Division Argentina,27,1995,1.6,99,112,88.4,1410,364,57,62,91.9,33,37,89.2,4,5,80.0,0,0.1,0.1,-0.1,2,9,1,0,8,ar ARG,MF,Boca Juniors,Primera Division Argentina,27,1995,1.6,112,108,4,4,0,0,0,0,0,0,0,0,99,0,1,ar ARG,MF,Boca Juniors,Primera Division Argentina,27,1995,1.6,4,2.48,4,0,0,0,0,0,0,0.00,0,0,0,0,0,0,ar ARG,MF,Boca Juniors,Primera Division Argentina,27,1995,1.6,11,3,5,5,1,8,10,80.0,2,4,0,4,0,11,2,0,ar ARG,MF,Boca Juniors,Primera Division Argentina,27,1995,1.6,143,2,31,87,26,2,143,5,2,40.0,2,40.0,74,248,121,1,1,1,5,6,93,1,ar ARG,MF,Boca Juniors,Primera Division Argentina,27,1995,7,144,21,5.9,1.6,1,45,0,6,17,8,2.29,2,2,0,0.00,-0.35,1.8,2.2,-0.4,-0.23,-0.30,ar ARG,MF,Boca Juniors,Primera Division Argentina,27,1995,1.6,0,1,0,6,1,0,0,0,3,0,0,0,15,5,2,71.4
José Romero,ar ARG,"FW,MF",Talleres,Primera Division Argentina,19,2003,9,0,169,1.9,2,1,3,2,0,0,0,0,2.5,2.5,0.8,3.3,3,6,17,1.07,0.53,1.60,1.07,1.60,1.31,0.41,1.72,1.31,1.72,ar ARG,"FW,MF",Talleres,Primera Division Argentina,19,2003,1.9,2,12,5,41.7,6.39,2.66,0.17,0.40,12.4,0,0,0,2.5,2.5,0.21,-0.5,-0.5,ar ARG,"FW,MF",Talleres,Primera Division Argentina,19,2003,1.9,18,32,56.3,265,127,10,17,58.8,7,9,77.8,1,4,25.0,1,0.8,0.4,+0.2,5,3,3,0,6,ar ARG,"FW,MF",Talleres,Primera Division Argentina,19,2003,1.9,32,31,1,0,1,0,2,1,0,0,0,0,18,0,1,ar ARG,"FW,MF",Talleres,Primera Division Argentina,19,2003,1.9,9,4.74,6,1,1,0,1,0,1,0.53,1,0,0,0,0,0,ar ARG,"FW,MF",Talleres,Primera Division Argentina,19,2003,1.9,1,0,0,0,1,1,2,50.0,1,2,0,2,0,1,2,0,ar ARG,"FW,MF",Talleres,Primera Division Argentina,19,2003,1.9,75,1,5,27,45,20,75,10,4,40.0,5,50.0,44,238,90,3,2,1,11,6,59,17,ar ARG,"FW,MF",Talleres,Primera Division Argentina,19,2003,9,169,19,7.0,1.9,0,0,0,9,19,10,1.22,4,0,+4,+2.13,+1.53,4.1,1.7,+2.4,+1.28,+0.74,ar ARG,"FW,MF",Talleres,Primera Division Argentina,19,2003,1.9,0,0,0,2,3,0,2,0,0,0,0,0,8,2,8,20.0
Matías Romero,ar ARG,"DF,MF",Banfield,Primera Division Argentina,26,1996,16,9,958,10.6,0,0,0,0,0,0,0,0,0.4,0.4,0.5,0.9,13,27,38,0.00,0.00,0.00,0.00,0.00,0.04,0.05,0.08,0.04,0.08,ar ARG,"DF,MF",Banfield,Primera Division Argentina,26,1996,10.6,0,4,0,0.0,0.38,0.00,0.00,0,17.6,0,0,0,0.4,0.4,0.09,-0.4,-0.4,ar ARG,"DF,MF",Banfield,Primera Division Argentina,26,1996,10.6,256,390,65.6,3970,2001,136,162,84.0,93,142,65.5,18,54,33.3,0,0.5,1.0,-0.5,7,15,8,6,27,ar ARG,"DF,MF",Banfield,Primera Division Argentina,26,1996,10.6,390,303,84,7,0,2,27,74,3,2,1,0,256,3,13,ar ARG,"DF,MF",Banfield,Primera Division Argentina,26,1996,10.6,16,1.51,11,2,1,1,0,1,0,0.00,0,0,0,0,0,0,ar ARG,"DF,MF",Banfield,Primera Division Argentina,26,1996,10.6,23,11,14,7,2,19,38,50.0,19,4,1,3,13,36,26,0,ar ARG,"DF,MF",Banfield,Primera Division Argentina,26,1996,10.6,491,25,135,228,136,11,491,16,8,50.0,7,43.8,190,903,400,13,6,1,13,11,201,38,ar ARG,"DF,MF",Banfield,Primera Division Argentina,26,1996,16,958,60,39.4,10.6,9,82,5,7,31,10,1.13,7,14,-7,-0.66,-0.41,11.9,11.1,+0.8,+0.08,+0.09,ar ARG,"DF,MF",Banfield,Primera Division Argentina,26,1996,10.6,0,0,0,6,10,2,27,13,11,0,0,0,74,15,15,50.0
Maximiliano Romero,ar ARG,FW,Racing Club,Primera Division Argentina,24,1999,20,17,"1,452",16.1,4,2,6,4,0,0,0,0,4.6,4.6,0.6,5.2,10,12,66,0.25,0.12,0.37,0.25,0.37,0.29,0.04,0.32,0.29,0.32,ar ARG,FW,Racing Club,Primera Division Argentina,24,1999,16.1,4,29,14,48.3,1.80,0.87,0.14,0.29,13.5,0,0,0,4.6,4.6,0.16,-0.6,-0.6,ar ARG,FW,Racing Club,Primera Division Argentina,24,1999,16.1,181,243,74.5,2400,370,111,138,80.4,45,54,83.3,10,12,83.3,2,0.6,0.5,+1.4,13,9,2,0,12,ar ARG,FW,Racing Club,Primera Division Argentina,24,1999,16.1,243,206,32,0,0,1,4,1,0,0,0,0,181,5,9,ar ARG,FW,Racing Club,Primera Division Argentina,24,1999,16.1,28,1.74,20,0,0,2,5,1,1,0.06,0,0,0,1,0,0,ar ARG,FW,Racing Club,Primera Division Argentina,24,1999,16.1,6,5,1,4,1,2,4,50.0,2,1,1,0,3,9,16,0,ar ARG,FW,Racing Club,Primera Division Argentina,24,1999,16.1,374,17,32,146,197,64,374,13,2,15.4,8,61.5,218,825,245,10,4,4,39,15,284,66,ar ARG,FW,Racing Club,Primera Division Argentina,24,1999,20,"1,452",73,59.8,16.1,17,80,6,3,31,0,1.35,24,22,+2,+0.12,+0.22,17.4,16.3,+1.1,+0.07,+0.59,ar ARG,FW,Racing Club,Primera Division Argentina,24,1999,16.1,0,0,0,18,18,8,4,3,5,0,0,0,24,24,38,38.7
Nicolás Romero,ar ARG,DF,Atlé Tucumán,Primera Division Argentina,19,2003,22,22,"1,903",21.1,1,0,1,1,0,0,8,0,0.6,0.6,0.1,0.6,4,27,2,0.05,0.00,0.05,0.05,0.05,0.03,0.00,0.03,0.03,0.03,ar ARG,DF,Atlé Tucumán,Primera Division Argentina,19,2003,21.1,1,6,1,16.7,0.28,0.05,0.17,1.00,15.1,0,0,0,0.6,0.6,0.09,+0.4,+0.4,ar ARG,DF,Atlé Tucumán,Primera Division Argentina,19,2003,21.1,525,721,72.8,11264,4915,152,175,86.9,287,340,84.4,80,179,44.7,0,0.1,0.1,-0.1,2,24,1,0,27,ar ARG,DF,Atlé Tucumán,Primera Division Argentina,19,2003,21.1,721,664,55,25,0,7,0,30,0,0,0,0,525,2,12,ar ARG,DF,Atlé Tucumán,Primera Division Argentina,19,2003,21.1,6,0.28,5,1,0,0,0,0,0,0.00,0,0,0,0,0,0,ar ARG,DF,Atlé Tucumán,Primera Division Argentina,19,2003,21.1,28,16,24,4,0,15,31,48.4,16,25,12,13,26,54,97,0,ar ARG,DF,Atlé Tucumán,Primera Division Argentina,19,2003,21.1,931,146,551,369,17,9,931,9,6,66.7,3,33.3,446,1796,840,4,3,3,6,7,445,2,ar ARG,DF,Atlé Tucumán,Primera Division Argentina,19,2003,22,"1,903",87,78.3,21.1,22,87,19,0,0,4,1.59,22,20,+2,+0.09,+0.78,21.0,23.3,-2.4,-0.11,+0.49,ar ARG,DF,Atlé Tucumán,Primera Division Argentina,19,2003,21.1,8,0,0,15,7,2,0,26,16,0,0,0,118,46,39,54.1
Óscar Romero,py PAR,"MF,FW",Boca Juniors,Primera Division Argentina,30,1992,16,13,"1,068",11.9,2,3,5,2,0,0,2,0,1.8,1.8,2.1,3.9,26,110,73,0.17,0.25,0.42,0.17,0.42,0.15,0.18,0.33,0.15,0.33,py PAR,"MF,FW",Boca Juniors,Primera Division Argentina,30,1992,11.9,2,39,12,30.8,3.29,1.01,0.05,0.17,27.1,12,0,0,1.8,1.8,0.05,+0.2,+0.2,py PAR,"MF,FW",Boca Juniors,Primera Division Argentina,30,1992,11.9,636,816,77.9,11715,3139,300,344,87.2,227,265,85.7,94,159,59.1,3,2.1,2.6,+0.9,26,97,22,2,110,py PAR,"MF,FW",Boca Juniors,Primera Division Argentina,30,1992,11.9,816,735,78,33,4,16,68,8,36,15,17,0,636,3,27,py PAR,"MF,FW",Boca Juniors,Primera Division Argentina,30,1992,11.9,63,5.31,40,14,3,3,3,0,5,0.42,4,1,0,0,0,0,py PAR,"MF,FW",Boca Juniors,Primera Division Argentina,30,1992,11.9,18,13,3,12,3,10,28,35.7,18,9,0,9,7,25,4,0,py PAR,"MF,FW",Boca Juniors,Primera Division Argentina,30,1992,11.9,963,4,47,620,307,13,963,56,32,57.1,16,28.6,627,2861,1166,26,27,0,27,20,736,73,py PAR,"MF,FW",Boca Juniors,Primera Division Argentina,30,1992,16,"1,068",67,44.0,11.9,13,75,3,3,29,7,1.38,11,13,-2,-0.17,-0.90,13.4,16.0,-2.6,-0.22,-0.48,py PAR,"MF,FW",Boca Juniors,Primera Division Argentina,30,1992,11.9,2,0,0,10,44,0,68,7,13,0,0,0,77,7,13,35.0
Sergio Romero,ar ARG,GK,Boca Juniors,Primera Division Argentina,35,1987,23,23,"2,070",23.0,0,0,0,0,0,0,1,0,0.0,0.0,0.0,0.0,0,0,0,0.00,0.00,0.00,0.00,0.00,0.00,0.00,0.00,0.00,0.00,ar ARG,GK,Boca Juniors,Primera Division Argentina,35,1987,23.0,0,0,0,0,0.00,0.00,0,0,0,0,0,0,0.0,0.0,0,0.0,0.0,ar ARG,GK,Boca Juniors,Primera Division Argentina,35,1987,23.0,465,622,74.8,12771,9701,73,73,100.0,228,234,97.4,150,299,50.2,0,0.0,0.0,0.0,0,12,0,0,0,ar ARG,GK,Boca Juniors,Primera Division Argentina,35,1987,23.0,622,393,229,66,0,0,0,0,0,0,0,0,465,0,1,ar ARG,GK,Boca Juniors,Primera Division Argentina,35,1987,23.0,1,0.04,1,0,0,0,0,0,0,0.00,0,0,0,0,0,0,ar ARG,GK,Boca Juniors,Primera Division Argentina,35,1987,23.0,1,1,1,0,0,1,2,50.0,1,0,0,0,2,3,6,0,ar ARG,GK,Boca Juniors,Primera Division Argentina,35,1987,23.0,675,570,669,6,0,0,675,0,0,0,0,0,304,1553,1072,0,0,0,0,0,236,0,ar ARG,GK,Boca Juniors,Primera Division Argentina,35,1987,23,"2,070",90,85.2,23.0,23,90,23,0,0,4,1.61,28,20,+8,+0.35,+0.10,24.7,27.9,-3.2,-0.14,-1.27,ar ARG,GK,Boca Juniors,Primera Division Argentina,35,1987,23.0,1,0,0,1,2,0,0,2,1,0,1,0,18,4,1,80.0
Zaid Romero,ar ARG,DF,Estudiantes–LP,Primera Division Argentina,23,1999,22,22,"1,905",21.2,1,1,2,1,0,0,2,0,0.6,0.6,0.5,1.1,26,79,3,0.05,0.05,0.09,0.05,0.09,0.03,0.02,0.05,0.03,0.05,ar ARG,DF,Estudiantes–LP,Primera Division Argentina,23,1999,21.2,1,10,5,50.0,0.47,0.24,0.10,0.20,19.1,0,0,0,0.6,0.6,0.06,+0.4,+0.4,ar ARG,DF,Estudiantes–LP,Primera Division Argentina,23,1999,21.2,837,1052,79.6,15693,6589,320,350,91.4,410,460,89.1,98,203,48.3,1,0.5,0.3,+0.5,6,75,7,3,79,ar ARG,DF,Estudiantes–LP,Primera Division Argentina,23,1999,21.2,1052,995,55,44,0,11,7,11,0,0,0,0,837,2,20,ar ARG,DF,Estudiantes–LP,Primera Division Argentina,23,1999,21.2,16,0.76,13,0,1,2,0,0,2,0.09,1,0,0,1,0,0,ar ARG,DF,Estudiantes–LP,Primera Division Argentina,23,1999,21.2,28,20,16,10,2,18,24,75.0,6,23,14,9,31,59,72,1,ar ARG,DF,Estudiantes–LP,Primera Division Argentina,23,1999,21.2,1286,114,585,670,47,12,1286,31,23,74.2,6,19.4,717,3928,2508,26,12,1,19,19,727,3,ar ARG,DF,Estudiantes–LP,Primera Division Argentina,23,1999,22,"1,905",87,78.4,21.2,22,87,21,0,0,2,1.64,26,17,+9,+0.43,+0.08,26.9,16.5,+10.4,+0.49,+0.61,ar ARG,DF,Estudiantes–LP,Primera Division Argentina,23,1999,21.2,2,0,0,15,13,0,7,31,20,0,0,1,187,37,34,52.1
Facundo Roncaglia,ar ARG,DF,Boca Juniors,Primera Division Argentina,35,1987,15,9,971,10.8,0,0,0,0,0,0,3,0,0.2,0.2,0.1,0.3,3,35,8,0.00,0.00,0.00,0.00,0.00,0.02,0.01,0.03,0.02,0.03,ar ARG,DF,Boca Juniors,Primera Division Argentina,35,1987,10.8,0,3,1,33.3,0.28,0.09,0.00,0.00,11.0,0,0,0,0.2,0.2,0.07,-0.2,-0.2,ar ARG,DF,Boca Juniors,Primera Division Argentina,35,1987,10.8,455,560,81.3,8587,3284,158,180,87.8,245,275,89.1,45,81,55.6,0,0.1,0.1,-0.1,2,24,1,0,35,ar ARG,DF,Boca Juniors,Primera Division Argentina,35,1987,10.8,560,528,30,13,0,5,4,17,0,0,0,0,455,2,4,ar ARG,DF,Boca Juniors,Primera Division Argentina,35,1987,10.8,12,1.11,10,0,2,0,0,0,0,0.00,0,0,0,0,0,0,ar ARG,DF,Boca Juniors,Primera Division Argentina,35,1987,10.8,23,14,15,8,0,14,20,70.0,6,15,9,6,17,40,36,1,ar ARG,DF,Boca Juniors,Primera Division Argentina,35,1987,10.8,670,73,350,295,29,5,670,7,7,100.0,0,0.0,375,1772,886,3,1,1,4,4,371,8,ar ARG,DF,Boca Juniors,Primera Division Argentina,35,1987,15,971,65,40.0,10.8,9,90,9,6,27,11,1.80,14,11,+3,+0.28,-0.09,11.4,10.5,+0.9,+0.08,+0.05,ar ARG,DF,Boca Juniors,Primera Division Argentina,35,1987,10.8,3,0,0,14,4,0,4,17,14,0,0,0,77,29,13,69.0
Salomón Rondón,ve VEN,FW,River Plate,Primera Division Argentina,33,1989,17,8,787,8.7,4,0,4,3,1,1,1,0,4.1,3.3,0.6,4.0,7,13,61,0.46,0.00,0.46,0.34,0.34,0.47,0.07,0.54,0.38,0.45,ve VEN,FW,River Plate,Primera Division Argentina,33,1989,8.7,4,26,10,38.5,2.97,1.14,0.12,0.30,13.6,1,1,1,4.1,3.3,0.13,-0.1,-0.3,ve VEN,FW,River Plate,Primera Division Argentina,33,1989,8.7,140,208,67.3,1877,276,93,125,74.4,34,52,65.4,7,8,87.5,0,0.6,0.4,-0.6,9,8,7,1,13,ve VEN,FW,River Plate,Primera Division Argentina,33,1989,8.7,208,193,12,0,0,0,7,0,0,0,0,0,140,3,11,ve VEN,FW,River Plate,Primera Division Argentina,33,1989,8.7,20,2.28,14,0,1,0,4,1,4,0.46,1,0,1,0,2,0,ve VEN,FW,River Plate,Primera Division Argentina,33,1989,8.7,6,4,2,2,2,2,5,40.0,3,11,0,11,0,6,11,0,ve VEN,FW,River Plate,Primera Division Argentina,33,1989,8.7,322,14,25,146,152,49,321,16,5,31.3,9,56.3,164,527,179,7,2,3,22,14,231,61,ve VEN,FW,River Plate,Primera Division Argentina,33,1989,17,787,46,32.4,8.7,8,74,1,9,22,9,2.06,17,10,+7,+0.80,-0.46,14.4,10.2,+4.2,+0.48,-0.67,ve VEN,FW,River Plate,Primera Division Argentina,33,1989,8.7,1,0,0,15,10,7,7,0,4,2,0,0,22,30,25,54.5
Siro Rosane,ar ARG,MF,San Lorenzo,Primera Division Argentina,22,2000,1,1,50,0.6,0,0,0,0,0,0,0,1,0.0,0.0,0.0,0.0,0,1,0,0.00,0.00,0.00,0.00,0.00,0.00,0.00,0.00,0.00,0.00,ar ARG,MF,San Lorenzo,Primera Division Argentina,22,2000,0.6,0,0,0,0,0.00,0.00,0,0,0,0,0,0,0.0,0.0,0,0.0,0.0,ar ARG,MF,San Lorenzo,Primera Division Argentina,22,2000,0.6,14,18,77.8,217,80,8,9,88.9,6,7,85.7,0,2,0.0,0,0.0,0.0,0.0,0,0,0,0,1,ar ARG,MF,San Lorenzo,Primera Division Argentina,22,2000,0.6,18,18,0,0,0,0,0,0,0,0,0,0,14,0,0,ar ARG,MF,San Lorenzo,Primera Division Argentina,22,2000,0.6,0,0.00,0,0,0,0,0,0,0,0.00,0,0,0,0,0,0,ar ARG,MF,San Lorenzo,Primera Division Argentina,22,2000,0.6,1,1,1,0,0,0,0,0,0,0,0,0,0,1,2,0,ar ARG,MF,San Lorenzo,Primera Division Argentina,22,2000,0.6,25,1,9,17,0,0,25,5,5,100.0,0,0.0,9,38,29,0,0,0,1,1,13,0,ar ARG,MF,San Lorenzo,Primera Division Argentina,22,2000,1,50,50,2.1,0.6,1,50,0,0,0,7,3.00,1,0,+1,+1.80,+1.46,0.1,0.6,-0.5,-0.92,-1.19,ar ARG,MF,San Lorenzo,Primera Division Argentina,22,2000,0.6,0,1,0,3,0,0,0,0,1,0,0,0,4,0,0,0
Genaro Rossi,ar ARG,FW,Newell's OB,Primera Division Argentina,20,2002,1,1,57,0.6,0,0,0,0,0,0,0,0,0.0,0.0,0.0,0.0,1,0,2,0.00,0.00,0.00,0.00,0.00,0.00,0.00,0.00,0.00,0.00,ar ARG,FW,Newell's OB,Primera Division Argentina,20,2002,0.6,0,0,0,0,0.00,0.00,0,0,0,0,0,0,0.0,0.0,0,0.0,0.0,ar ARG,FW,Newell's OB,Primera Division Argentina,20,2002,0.6,1,4,25.0,16,0,0,1,0.0,1,1,100.0,0,0,0,0,0.0,0.0,0.0,0,0,0,0,0,ar ARG,FW,Newell's OB,Primera Division Argentina,20,2002,0.6,4,3,1,0,0,0,0,0,0,0,0,0,1,0,1,ar ARG,FW,Newell's OB,Primera Division Argentina,20,2002,0.6,1,1.58,0,0,0,0,1,0,0,0.00,0,0,0,0,0,0,ar ARG,FW,Newell's OB,Primera Division Argentina,20,2002,0.6,0,0,0,0,0,0,0,0,0,0,0,0,0,0,0,0,ar ARG,FW,Newell's OB,Primera Division Argentina,20,2002,0.6,10,0,3,5,2,0,10,0,0,0,0,0,7,30,20,1,0,0,4,3,6,2,ar ARG,FW,Newell's OB,Primera Division Argentina,20,2002,1,57,57,2.3,0.6,1,57,0,0,0,7,1.00,1,1,0,0.00,0.00,0.9,0.4,+0.5,+0.74,+0.80,ar ARG,FW,Newell's OB,Primera Division Argentina,20,2002,0.6,0,0,0,1,2,0,0,0,0,0,0,0,2,0,4,0.0
Iván Rossi,ar ARG,MF,Platense,Primera Division Argentina,29,1993,17,15,"1,314",14.6,0,0,0,0,0,0,2,0,0.2,0.2,0.1,0.3,3,58,2,0.00,0.00,0.00,0.00,0.00,0.01,0.01,0.02,0.01,0.02,ar ARG,MF,Platense,Primera Division Argentina,29,1993,14.6,0,9,1,11.1,0.62,0.07,0.00,0.00,29.5,0,0,0,0.2,0.2,0.02,-0.2,-0.2,ar ARG,MF,Platense,Primera Division Argentina,29,1993,14.6,447,570,78.4,8360,2986,180,222,81.1,205,250,82.0,56,74,75.7,0,0.1,0.2,-0.1,7,43,3,0,58,ar ARG,MF,Platense,Primera Division Argentina,29,1993,14.6,570,541,28,23,0,3,2,4,0,0,0,0,447,1,7,ar ARG,MF,Platense,Primera Division Argentina,29,1993,14.6,14,0.96,8,1,0,2,2,1,1,0.07,0,0,0,1,0,0,ar ARG,MF,Platense,Primera Division Argentina,29,1993,14.6,49,37,19,28,2,23,52,44.2,29,24,4,20,32,81,23,0,ar ARG,MF,Platense,Primera Division Argentina,29,1993,14.6,739,27,182,521,48,0,739,8,6,75.0,1,12.5,287,1132,481,3,4,0,16,7,318,2,ar ARG,MF,Platense,Primera Division Argentina,29,1993,17,"1,314",77,54.1,14.6,15,84,9,2,29,1,1.12,15,19,-4,-0.27,-0.35,12.5,17.8,-5.3,-0.36,+0.06,ar ARG,MF,Platense,Primera Division Argentina,29,1993,14.6,2,0,0,24,18,0,2,32,37,0,0,0,137,32,19,62.7
Tobías Rubio,ar ARG,"MF,DF",Racing Club,Primera Division Argentina,18,2004,3,3,270,3.0,0,0,0,0,0,0,0,0,0.1,0.1,0.0,0.1,2,17,12,0.00,0.00,0.00,0.00,0.00,0.03,0.00,0.03,0.03,0.03,ar ARG,"MF,DF",Racing Club,Primera Division Argentina,18,2004,3.0,0,3,0,0.0,1.00,0.00,0.00,0,21.8,0,0,0,0.1,0.1,0.04,-0.1,-0.1,ar ARG,"MF,DF",Racing Club,Primera Division Argentina,18,2004,3.0,116,157,73.9,1939,689,57,68,83.8,49,57,86.0,9,21,42.9,0,0.0,0.1,0.0,0,12,1,0,17,ar ARG,"MF,DF",Racing Club,Primera Division Argentina,18,2004,3.0,157,136,21,2,0,0,7,19,0,0,0,0,116,0,6,ar ARG,"MF,DF",Racing Club,Primera Division Argentina,18,2004,3.0,8,2.67,6,0,0,2,0,0,0,0.00,0,0,0,0,0,0,ar ARG,"MF,DF",Racing Club,Primera Division Argentina,18,2004,3.0,7,2,4,3,0,3,10,30.0,7,1,0,1,2,9,4,0,ar ARG,"MF,DF",Racing Club,Primera Division Argentina,18,2004,3.0,186,1,50,94,44,5,186,6,3,50.0,3,50.0,89,422,170,2,2,1,3,1,118,12,ar ARG,"MF,DF",Racing Club,Primera Division Argentina,18,2004,3,270,90,11.1,3.0,3,90,3,0,0,1,1.33,5,4,+1,+0.33,+0.33,3.4,6.3,-2.8,-0.94,-0.86,ar ARG,"MF,DF",Racing Club,Primera Division Argentina,18,2004,3.0,0,0,0,5,2,0,7,2,2,0,0,0,20,5,3,62.5
Ramiro Ruiz,ar ARG,"FW,MF",Atlé Tucumán,Primera Division Argentina,22,2000,23,9,"1,033",11.5,1,2,3,1,0,0,3,0,2.1,2.1,1.6,3.6,24,31,105,0.09,0.17,0.26,0.09,0.26,0.18,0.14,0.32,0.18,0.32,ar ARG,"FW,MF",Atlé Tucumán,Primera Division Argentina,22,2000,11.5,1,22,8,36.4,1.92,0.70,0.05,0.13,18.4,1,0,0,2.1,2.1,0.09,-1.1,-1.1,ar ARG,"FW,MF",Atlé Tucumán,Primera Division Argentina,22,2000,11.5,187,284,65.8,2726,929,113,139,81.3,56,89,62.9,12,26,46.2,2,1.6,1.7,+0.4,15,23,13,4,31,ar ARG,"FW,MF",Atlé Tucumán,Primera Division Argentina,22,2000,11.5,284,277,6,1,1,4,21,3,0,0,0,0,187,1,14,ar ARG,"FW,MF",Atlé Tucumán,Primera Division Argentina,22,2000,11.5,31,2.70,24,0,1,5,1,0,4,0.35,2,0,0,2,0,0,ar ARG,"FW,MF",Atlé Tucumán,Primera Division Argentina,22,2000,11.5,11,9,4,6,1,5,15,33.3,10,6,2,4,4,15,9,0,ar ARG,"FW,MF",Atlé Tucumán,Primera Division Argentina,22,2000,11.5,442,10,45,188,215,51,442,48,22,45.8,21,43.8,249,1401,667,24,14,12,55,12,314,105,ar ARG,"FW,MF",Atlé Tucumán,Primera Division Argentina,22,2000,23,"1,033",45,42.5,11.5,9,78,0,14,24,3,1.39,9,14,-5,-0.44,-0.63,12.4,16.2,-3.9,-0.34,-0.21,ar ARG,"FW,MF",Atlé Tucumán,Primera Division Argentina,22,2000,11.5,3,0,0,11,7,6,21,4,9,0,1,0,37,23,32,41.8
Alexis Sabella,ar ARG,MF,Platense,Primera Division Argentina,21,2001,7,1,169,1.9,0,0,0,0,0,0,2,0,0.2,0.2,0.0,0.2,3,10,3,0.00,0.00,0.00,0.00,0.00,0.12,0.01,0.12,0.12,0.12,ar ARG,MF,Platense,Primera Division Argentina,21,2001,1.9,0,8,3,37.5,4.26,1.60,0.00,0.00,29.8,1,0,0,0.2,0.2,0.03,-0.2,-0.2,ar ARG,MF,Platense,Primera Division Argentina,21,2001,1.9,42,79,53.2,719,251,19,31,61.3,19,29,65.5,3,14,21.4,0,0.0,0.0,0.0,1,9,2,0,10,ar ARG,MF,Platense,Primera Division Argentina,21,2001,1.9,79,68,10,2,0,0,8,3,5,1,3,0,42,1,4,ar ARG,MF,Platense,Primera Division Argentina,21,2001,1.9,7,3.71,3,2,1,0,1,0,0,0.00,0,0,0,0,0,0,ar ARG,MF,Platense,Primera Division Argentina,21,2001,1.9,1,1,0,0,1,1,9,11.1,8,2,0,2,0,1,3,0,ar ARG,MF,Platense,Primera Division Argentina,21,2001,1.9,103,2,18,52,37,1,103,13,8,61.5,4,30.8,59,325,175,3,3,0,4,2,58,3,ar ARG,MF,Platense,Primera Division Argentina,21,2001,7,169,24,7.0,1.9,1,63,0,6,18,8,0.86,1,4,-3,-1.60,-1.60,0.9,4.2,-3.3,-1.76,-1.47,ar ARG,MF,Platense,Primera Division Argentina,21,2001,1.9,2,0,0,4,5,0,8,0,1,0,0,0,16,1,4,20.0
Emiliano Saliadarre,ar ARG,"FW,MF",Racing Club,Primera Division Argentina,20,2002,7,4,342,3.8,0,0,0,0,0,0,0,0,0.2,0.2,0.2,0.4,8,4,46,0.00,0.00,0.00,0.00,0.00,0.06,0.04,0.10,0.06,0.10,ar ARG,"FW,MF",Racing Club,Primera Division Argentina,20,2002,3.8,0,3,1,33.3,0.79,0.26,0.00,0.00,13.2,0,0,0,0.2,0.2,0.07,-0.2,-0.2,ar ARG,"FW,MF",Racing Club,Primera Division Argentina,20,2002,3.8,63,94,67.0,1021,132,36,45,80.0,19,25,76.0,6,13,46.2,0,0.2,0.2,-0.2,2,2,4,2,4,ar ARG,"FW,MF",Racing Club,Primera Division Argentina,20,2002,3.8,94,93,1,0,0,0,16,0,0,0,0,0,63,0,5,ar ARG,"FW,MF",Racing Club,Primera Division Argentina,20,2002,3.8,6,1.58,5,0,1,0,0,0,0,0.00,0,0,0,0,0,0,ar ARG,"FW,MF",Racing Club,Primera Division Argentina,20,2002,3.8,4,3,1,3,0,0,2,0.0,2,1,0,1,1,5,7,0,ar ARG,"FW,MF",Racing Club,Primera Division Argentina,20,2002,3.8,142,8,16,50,76,9,142,24,11,45.8,12,50.0,100,520,184,8,3,1,13,7,104,46,ar ARG,"FW,MF",Racing Club,Primera Division Argentina,20,2002,7,342,49,14.1,3.8,4,73,0,3,17,5,0.71,3,9,-6,-1.58,-1.88,2.4,5.3,-2.9,-0.76,-0.69,ar ARG,"FW,MF",Racing Club,Primera Division Argentina,20,2002,3.8,0,0,0,4,0,3,16,1,3,0,0,0,15,2,9,18.2
Santiago Salle,ar ARG,"DF,MF",Independiente,Primera Division Argentina,18,2004,10,2,248,2.8,0,0,0,0,0,0,0,0,0.0,0.0,0.0,0.1,10,4,9,0.00,0.00,0.00,0.00,0.00,0.01,0.01,0.02,0.01,0.02,ar ARG,"DF,MF",Independiente,Primera Division Argentina,18,2004,2.8,0,1,0,0.0,0.36,0.00,0.00,0,24.2,0,0,0,0.0,0.0,0.02,0.0,0.0,ar ARG,"DF,MF",Independiente,Primera Division Argentina,18,2004,2.8,60,90,66.7,730,308,42,47,89.4,13,26,50.0,1,4,25.0,0,0.0,0.1,0.0,1,3,1,0,4,ar ARG,"DF,MF",Independiente,Primera Division Argentina,18,2004,2.8,90,69,21,0,0,0,6,21,0,0,0,0,60,0,3,ar ARG,"DF,MF",Independiente,Primera Division Argentina,18,2004,2.8,7,2.54,4,1,0,0,2,0,0,0.00,0,0,0,0,0,0,ar ARG,"DF,MF",Independiente,Primera Division Argentina,18,2004,2.8,8,5,1,4,3,5,8,62.5,3,4,0,4,2,10,3,1,ar ARG,"DF,MF",Independiente,Primera Division Argentina,18,2004,2.8,132,2,20,62,51,5,132,15,4,26.7,7,46.7,61,513,245,10,11,0,11,4,58,9,ar ARG,"DF,MF",Independiente,Primera Division Argentina,18,2004,10,248,25,10.2,2.8,2,76,0,8,12,4,1.10,1,4,-3,-1.09,-0.84,3.8,3.9,0.0,-0.01,+0.02,ar ARG,"DF,MF",Independiente,Primera Division Argentina,18,2004,2.8,0,0,0,5,5,0,6,2,5,0,0,0,10,6,7,46.2
Brian Salvareschi,ar ARG,DF,Godoy Cruz,Primera Division Argentina,23,1999,10,4,478,5.3,1,0,1,1,0,0,4,1,0.6,0.6,0.1,0.7,1,9,1,0.19,0.00,0.19,0.19,0.19,0.11,0.02,0.13,0.11,0.13,ar ARG,DF,Godoy Cruz,Primera Division Argentina,23,1999,5.3,1,7,4,57.1,1.32,0.75,0.14,0.25,9.7,0,0,0,0.6,0.6,0.08,+0.4,+0.4,ar ARG,DF,Godoy Cruz,Primera Division Argentina,23,1999,5.3,106,162,65.4,2336,964,27,33,81.8,55,69,79.7,22,52,42.3,0,0.1,0.1,-0.1,3,7,1,0,9,ar ARG,DF,Godoy Cruz,Primera Division Argentina,23,1999,5.3,162,159,3,3,0,1,0,0,0,0,0,0,106,0,5,ar ARG,DF,Godoy Cruz,Primera Division Argentina,23,1999,5.3,4,0.75,3,0,0,0,0,1,0,0.00,0,0,0,0,0,0,ar ARG,DF,Godoy Cruz,Primera Division Argentina,23,1999,5.3,9,7,5,4,0,2,2,100.0,0,6,3,3,13,22,30,0,ar ARG,DF,Godoy Cruz,Primera Division Argentina,23,1999,5.3,237,39,148,81,9,8,237,1,1,100.0,0,0.0,87,389,151,1,1,0,3,1,87,1,ar ARG,DF,Godoy Cruz,Primera Division Argentina,23,1999,10,478,48,19.7,5.3,4,82,3,6,25,10,1.91,9,9,0,0.00,-0.23,6.5,7.2,-0.7,-0.13,0.00,ar ARG,DF,Godoy Cruz,Primera Division Argentina,23,1999,5.3,4,1,0,6,3,0,0,13,7,0,0,1,38,24,11,68.6
Mateo Sanabria,ar ARG,FW,Lanús,Primera Division Argentina,18,2004,2,0,18,0.2,0,0,0,0,0,0,0,0,0.0,0.0,0.0,0.0,1,0,3,0.00,0.00,0.00,0.00,0.00,0.19,0.00,0.19,0.19,0.19,ar ARG,FW,Lanús,Primera Division Argentina,18,2004,0.2,0,1,0,0.0,5.00,0.00,0.00,0,19.5,0,0,0,0.0,0.0,0.04,0.0,0.0,ar ARG,FW,Lanús,Primera Division Argentina,18,2004,0.2,2,4,50.0,15,0,1,1,100.0,0,1,0.0,0,1,0.0,0,0.0,0.0,0.0,0,0,0,0,0,ar ARG,FW,Lanús,Primera Division Argentina,18,2004,0.2,4,4,0,0,0,1,1,0,0,0,0,0,2,0,0,ar ARG,FW,Lanús,Primera Division Argentina,18,2004,0.2,1,4.74,0,0,1,0,0,0,0,0.00,0,0,0,0,0,0,ar ARG,FW,Lanús,Primera Division Argentina,18,2004,0.2,1,1,0,1,0,1,1,100.0,0,0,0,0,0,1,0,0,ar ARG,FW,Lanús,Primera Division Argentina,18,2004,0.2,9,0,0,6,3,1,9,1,1,100.0,0,0.0,9,43,27,1,0,1,1,1,8,3,ar ARG,FW,Lanús,Primera Division Argentina,18,2004,2,18,9,0.7,0.2,0,0,0,2,9,18,1.00,0,1,-1,-5.00,-5.45,0.4,0.9,-0.5,-2.19,-2.54,ar ARG,FW,Lanús,Primera Division Argentina,18,2004,0.2,0,0,0,0,0,0,1,0,1,0,0,0,0,0,0,0
Carlos Sánchez,co COL,"MF,DF",San Lorenzo,Primera Division Argentina,36,1986,23,19,"1,491",16.6,0,0,0,0,0,0,2,0,0.3,0.3,0.3,0.6,2,47,7,0.00,0.00,0.00,0.00,0.00,0.02,0.02,0.04,0.02,0.04,co COL,"MF,DF",San Lorenzo,Primera Division Argentina,36,1986,16.6,0,11,1,9.1,0.66,0.06,0.00,0.00,28.9,0,0,0,0.3,0.3,0.03,-0.3,-0.3,co COL,"MF,DF",San Lorenzo,Primera Division Argentina,36,1986,16.6,514,621,82.8,9174,2472,219,250,87.6,232,270,85.9,53,75,70.7,0,0.3,0.6,-0.3,4,36,0,0,47,co COL,"MF,DF",San Lorenzo,Primera Division Argentina,36,1986,16.6,621,606,10,10,0,5,6,0,0,0,0,0,514,5,4,co COL,"MF,DF",San Lorenzo,Primera Division Argentina,36,1986,16.6,8,0.48,6,2,0,0,0,0,0,0.00,0,0,0,0,0,0,co COL,"MF,DF",San Lorenzo,Primera Division Argentina,36,1986,16.6,21,13,7,13,1,10,27,37.0,17,16,4,12,15,36,40,1,co COL,"MF,DF",San Lorenzo,Primera Division Argentina,36,1986,16.6,754,54,211,481,67,3,754,9,4,44.4,4,44.4,378,1352,412,2,6,0,9,5,448,7,co COL,"MF,DF",San Lorenzo,Primera Division Argentina,36,1986,23,"1,491",65,61.4,16.6,19,73,9,4,27,0,1.74,15,6,+9,+0.54,+0.45,17.1,11.8,+5.3,+0.32,+0.19,co COL,"MF,DF",San Lorenzo,Primera Division Argentina,36,1986,16.6,2,0,0,18,6,0,6,15,13,0,0,0,105,28,30,48.3
Felipe Sánchez,ar ARG,DF,Gimnasia–LP,Primera Division Argentina,18,2004,26,26,"2,323",25.8,0,0,0,0,0,0,7,0,0.5,0.5,0.2,0.7,3,62,4,0.00,0.00,0.00,0.00,0.00,0.02,0.01,0.03,0.02,0.03,ar ARG,DF,Gimnasia–LP,Primera Division Argentina,18,2004,25.8,0,10,1,10.0,0.39,0.04,0.00,0.00,17.2,0,0,0,0.5,0.5,0.05,-0.5,-0.5,ar ARG,DF,Gimnasia–LP,Primera Division Argentina,18,2004,25.8,654,917,71.3,14814,7222,200,243,82.3,298,373,79.9,146,270,54.1,0,0.2,0.7,-0.2,4,45,2,0,62,ar ARG,DF,Gimnasia–LP,Primera Division Argentina,18,2004,25.8,917,834,80,77,0,23,1,3,0,0,0,0,654,3,7,ar ARG,DF,Gimnasia–LP,Primera Division Argentina,18,2004,25.8,15,0.58,11,2,0,1,0,1,1,0.04,0,1,0,0,0,0,ar ARG,DF,Gimnasia–LP,Primera Division Argentina,18,2004,25.8,28,18,22,6,0,18,34,52.9,16,22,16,6,30,58,129,1,ar ARG,DF,Gimnasia–LP,Primera Division Argentina,18,2004,25.8,1168,175,657,484,33,21,1168,4,3,75.0,1,25.0,470,2432,1372,3,1,0,9,1,486,4,ar ARG,DF,Gimnasia–LP,Primera Division Argentina,18,2004,26,"2,323",89,95.6,25.8,26,89,25,0,0,0,1.15,24,35,-11,-0.43,+2.10,27.3,30.3,-3.0,-0.12,+1.03,ar ARG,DF,Gimnasia–LP,Primera Division Argentina,18,2004,25.8,7,0,0,25,9,1,1,30,18,0,0,0,167,83,61,57.6
Luciano Sánchez,ar ARG,"DF,FW",Arg Juniors,Primera Division Argentina,29,1994,16,9,853,9.5,0,0,0,0,0,0,2,0,0.2,0.2,1.0,1.2,7,50,36,0.00,0.00,0.00,0.00,0.00,0.02,0.11,0.13,0.02,0.13,ar ARG,"DF,FW",Arg Juniors,Primera Division Argentina,29,1994,9.5,0,3,0,0.0,0.32,0.00,0.00,0,20.5,0,0,0,0.2,0.2,0.06,-0.2,-0.2,ar ARG,"DF,FW",Arg Juniors,Primera Division Argentina,29,1994,9.5,399,513,77.8,7367,3479,161,180,89.4,186,225,82.7,43,77,55.8,0,1.0,0.7,-1.0,6,45,12,4,50,ar ARG,"DF,FW",Arg Juniors,Primera Division Argentina,29,1994,9.5,513,414,97,12,0,5,15,84,1,1,0,0,399,2,15,ar ARG,"DF,FW",Arg Juniors,Primera Division Argentina,29,1994,9.5,13,1.37,10,3,0,0,0,0,1,0.11,0,1,0,0,0,0,ar ARG,"DF,FW",Arg Juniors,Primera Division Argentina,29,1994,9.5,26,18,19,6,1,17,33,51.5,16,15,3,12,11,37,19,1,ar ARG,"DF,FW",Arg Juniors,Primera Division Argentina,29,1994,9.5,611,22,208,292,115,7,611,9,6,66.7,3,33.3,278,1132,550,7,12,4,7,9,329,36,ar ARG,"DF,FW",Arg Juniors,Primera Division Argentina,29,1994,16,853,53,35.1,9.5,9,80,6,7,19,11,1.69,10,11,-1,-0.11,-0.68,12.0,10.6,+1.4,+0.15,-0.53,ar ARG,"DF,FW",Arg Juniors,Primera Division Argentina,29,1994,9.5,2,0,0,14,7,0,15,11,18,0,0,0,54,13,16,44.8
Juan Sánchez Miño,ar ARG,DF,Lanús,Primera Division Argentina,33,1990,16,14,"1,168",13.0,0,1,1,0,0,0,5,0,0.0,0.0,1.3,1.3,19,63,42,0.00,0.08,0.08,0.00,0.08,0.00,0.10,0.10,0.00,0.10,ar ARG,DF,Lanús,Primera Division Argentina,33,1990,13.0,0,1,0,0.0,0.08,0.00,0.00,0,35.3,0,0,0,0.0,0.0,0.02,0.0,0.0,ar ARG,DF,Lanús,Primera Division Argentina,33,1990,13.0,484,656,73.8,8764,4374,218,252,86.5,205,271,75.6,53,100,53.0,1,1.3,1.0,-0.3,14,38,13,7,63,ar ARG,DF,Lanús,Primera Division Argentina,33,1990,13.0,656,499,155,10,0,4,33,143,2,0,2,0,484,2,17,ar ARG,DF,Lanús,Primera Division Argentina,33,1990,13.0,28,2.16,21,6,1,0,0,0,1,0.08,1,0,0,0,0,0,ar ARG,DF,Lanús,Primera Division Argentina,33,1990,13.0,33,17,24,7,2,20,38,52.6,18,25,4,21,8,41,25,0,ar ARG,DF,Lanús,Primera Division Argentina,33,1990,13.0,796,23,295,358,155,2,796,25,18,72.0,7,28.0,359,1837,1036,19,14,1,16,10,386,42,ar ARG,DF,Lanús,Primera Division Argentina,33,1990,16,"1,168",73,48.1,13.0,14,81,10,2,16,1,1.81,14,9,+5,+0.39,-0.04,13.7,11.7,+2.0,+0.15,-0.34,ar ARG,DF,Lanús,Primera Division Argentina,33,1990,13.0,5,0,0,15,5,1,33,8,17,0,0,0,97,12,23,34.3
Nicolás Sánchez,ar ARG,MF,Gimnasia–LP,Primera Division Argentina,18,2004,9,8,580,6.4,0,0,0,0,0,0,1,0,0.1,0.1,0.1,0.2,1,25,3,0.00,0.00,0.00,0.00,0.00,0.01,0.01,0.03,0.01,0.03,ar ARG,MF,Gimnasia–LP,Primera Division Argentina,18,2004,6.4,0,5,1,20.0,0.78,0.16,0.00,0.00,35.2,0,0,0,0.1,0.1,0.02,-0.1,-0.1,ar ARG,MF,Gimnasia–LP,Primera Division Argentina,18,2004,6.4,121,169,71.6,2460,852,49,62,79.0,50,62,80.6,21,39,53.8,0,0.1,0.1,-0.1,2,15,2,0,25,ar ARG,MF,Gimnasia–LP,Primera Division Argentina,18,2004,6.4,169,168,1,1,0,2,1,0,0,0,0,0,121,0,4,ar ARG,MF,Gimnasia–LP,Primera Division Argentina,18,2004,6.4,8,1.25,7,0,0,0,1,0,1,0.16,0,0,0,0,1,0,ar ARG,MF,Gimnasia–LP,Primera Division Argentina,18,2004,6.4,11,7,7,4,0,9,21,42.9,12,9,2,7,13,24,16,0,ar ARG,MF,Gimnasia–LP,Primera Division Argentina,18,2004,6.4,257,19,92,141,29,1,257,9,4,44.4,4,44.4,119,518,231,1,4,0,10,4,115,3,ar ARG,MF,Gimnasia–LP,Primera Division Argentina,18,2004,9,580,64,23.9,6.4,8,70,0,1,18,7,1.44,8,9,-1,-0.16,+0.48,5.3,8.9,-3.7,-0.57,-0.54,ar ARG,MF,Gimnasia–LP,Primera Division Argentina,18,2004,6.4,1,0,0,7,11,0,1,13,7,0,0,0,50,4,9,30.8
Ulises Sánchez,ar ARG,MF,Belgrano,Primera Division Argentina,24,1998,26,25,"2,141",23.8,2,4,6,2,0,0,5,0,2.8,2.8,2.9,5.7,44,97,122,0.08,0.17,0.25,0.08,0.25,0.12,0.12,0.24,0.12,0.24,ar ARG,MF,Belgrano,Primera Division Argentina,24,1998,23.8,2,39,10,25.6,1.64,0.42,0.05,0.20,23.2,3,0,0,2.8,2.8,0.07,-0.8,-0.8,ar ARG,MF,Belgrano,Primera Division Argentina,24,1998,23.8,518,798,64.9,11225,3860,170,220,77.3,206,291,70.8,125,226,55.3,4,2.9,3.1,+1.1,43,87,23,11,97,ar ARG,MF,Belgrano,Primera Division Argentina,24,1998,23.8,798,679,113,45,3,16,106,32,36,13,11,4,518,6,25,ar ARG,MF,Belgrano,Primera Division Argentina,24,1998,23.8,74,3.11,43,16,8,3,3,1,7,0.29,4,2,1,0,0,0,ar ARG,MF,Belgrano,Primera Division Argentina,24,1998,23.8,35,19,18,15,2,17,51,33.3,34,29,5,24,13,48,18,0,ar ARG,MF,Belgrano,Primera Division Argentina,24,1998,23.8,1086,27,189,526,388,39,1086,114,58,50.9,46,40.4,623,4084,1961,44,29,7,49,57,661,122,ar ARG,MF,Belgrano,Primera Division Argentina,24,1998,26,"2,141",82,88.1,23.8,25,85,11,1,10,0,1.35,18,24,-6,-0.25,-0.25,20.0,27.8,-7.8,-0.33,-0.54,ar ARG,MF,Belgrano,Primera Division Argentina,24,1998,23.8,5,0,0,16,39,1,106,13,19,0,0,0,156,9,20,31.0
Valentin Sanchez,ar ARG,MF,Huracán,Primera Division Argentina,20,2002,4,0,56,0.6,0,0,0,0,0,0,0,0,0.0,0.0,0.1,0.1,3,1,3,0.00,0.00,0.00,0.00,0.00,0.00,0.09,0.09,0.00,0.09,ar ARG,MF,Huracán,Primera Division Argentina,20,2002,0.6,0,0,0,0,0.00,0.00,0,0,0,0,0,0,0.0,0.0,0,0.0,0.0,ar ARG,MF,Huracán,Primera Division Argentina,20,2002,0.6,17,25,68.0,241,49,9,12,75.0,6,8,75.0,1,1,100.0,0,0.1,0.4,-0.1,2,1,0,0,1,ar ARG,MF,Huracán,Primera Division Argentina,20,2002,0.6,25,25,0,0,0,0,0,0,0,0,0,0,17,0,2,ar ARG,MF,Huracán,Primera Division Argentina,20,2002,0.6,2,3.21,0,0,0,0,0,2,0,0.00,0,0,0,0,0,0,ar ARG,MF,Huracán,Primera Division Argentina,20,2002,0.6,3,2,0,2,1,0,0,0,0,1,0,1,2,5,0,0,ar ARG,MF,Huracán,Primera Division Argentina,20,2002,0.6,33,0,4,13,18,3,33,1,0,0.0,1,100.0,17,88,50,3,3,1,1,2,20,3,ar ARG,MF,Huracán,Primera Division Argentina,20,2002,4,56,14,2.3,0.6,0,0,0,4,14,1,0.25,0,0,0,0.00,+0.42,1.7,0.1,+1.6,+2.53,+2.57,ar ARG,MF,Huracán,Primera Division Argentina,20,2002,0.6,0,0,0,0,1,0,0,2,2,0,0,0,4,0,1,0.0
José Sand,ar ARG,"FW,MF",Lanús,Primera Division Argentina,42,1980,11,1,242,2.7,2,0,2,0,2,2,0,0,2.3,0.8,0.1,0.9,4,14,23,0.74,0.00,0.74,0.00,0.00,0.87,0.05,0.92,0.28,0.34,ar ARG,"FW,MF",Lanús,Primera Division Argentina,42,1980,2.7,2,4,0,0.0,1.49,0.00,0.00,0,13.6,0,2,2,2.3,0.8,0.19,-0.3,-0.8,ar ARG,"FW,MF",Lanús,Primera Division Argentina,42,1980,2.7,65,90,72.2,897,214,40,48,83.3,16,24,66.7,5,6,83.3,0,0.1,0.4,-0.1,1,6,1,0,14,ar ARG,"FW,MF",Lanús,Primera Division Argentina,42,1980,2.7,90,87,3,0,0,1,1,1,0,0,0,0,65,0,7,ar ARG,"FW,MF",Lanús,Primera Division Argentina,42,1980,2.7,6,2.23,4,0,1,0,1,0,1,0.37,0,0,0,0,1,0,ar ARG,"FW,MF",Lanús,Primera Division Argentina,42,1980,2.7,1,1,0,0,1,0,1,0.0,1,0,0,0,0,1,3,0,ar ARG,"FW,MF",Lanús,Primera Division Argentina,42,1980,2.7,125,3,10,56,59,20,123,6,1,16.7,3,50.0,78,387,129,4,0,2,13,8,103,23,ar ARG,"FW,MF",Lanús,Primera Division Argentina,42,1980,11,242,22,10.0,2.7,1,80,0,10,16,8,1.82,7,1,+6,+2.23,+2.03,4.4,3.5,+0.9,+0.35,+0.02,ar ARG,"FW,MF",Lanús,Primera Division Argentina,42,1980,2.7,0,0,0,1,3,2,1,0,1,0,0,0,6,3,7,30.0
Agustín Sández,py PAR,DF,Boca Juniors,Primera Division Argentina,22,2001,10,5,463,5.1,0,0,0,0,0,0,2,0,0.1,0.1,0.2,0.3,13,24,29,0.00,0.00,0.00,0.00,0.00,0.02,0.04,0.06,0.02,0.06,py PAR,DF,Boca Juniors,Primera Division Argentina,22,2001,5.1,0,3,1,33.3,0.58,0.19,0.00,0.00,20.4,0,0,0,0.1,0.1,0.04,-0.1,-0.1,py PAR,DF,Boca Juniors,Primera Division Argentina,22,2001,5.1,234,301,77.7,3611,1379,135,148,91.2,84,105,80.0,10,28,35.7,0,0.2,0.2,-0.2,1,14,2,2,24,py PAR,DF,Boca Juniors,Primera Division Argentina,22,2001,5.1,301,237,64,1,1,0,23,63,0,0,0,0,234,0,12,py PAR,DF,Boca Juniors,Primera Division Argentina,22,2001,5.1,3,0.58,2,0,0,0,1,0,0,0.00,0,0,0,0,0,0,py PAR,DF,Boca Juniors,Primera Division Argentina,22,2001,5.1,8,8,5,3,0,5,10,50.0,5,5,0,5,4,12,11,2,py PAR,DF,Boca Juniors,Primera Division Argentina,22,2001,5.1,352,10,91,165,99,6,352,14,7,50.0,6,42.9,160,907,429,13,11,2,5,10,207,29,py PAR,DF,Boca Juniors,Primera Division Argentina,22,2001,10,463,46,19.1,5.1,5,67,2,5,26,13,1.70,8,6,+2,+0.39,+0.07,5.7,5.7,-0.1,-0.01,-0.08,py PAR,DF,Boca Juniors,Primera Division Argentina,22,2001,5.1,2,0,0,11,4,0,23,4,8,0,1,0,27,4,6,40.0
Agustín Sant'Anna,uy URU,DF,Defensa y Just,Primera Division Argentina,25,1997,23,21,"1,864",20.7,0,2,2,0,0,0,7,0,0.8,0.8,3.3,4.1,48,69,98,0.00,0.10,0.10,0.00,0.10,0.04,0.16,0.20,0.04,0.20,uy URU,DF,Defensa y Just,Primera Division Argentina,25,1997,20.7,0,22,3,13.6,1.06,0.14,0.00,0.00,25.0,2,0,0,0.8,0.8,0.04,-0.8,-0.8,uy URU,DF,Defensa y Just,Primera Division Argentina,25,1997,20.7,574,885,64.9,10159,5199,249,306,81.4,256,370,69.2,54,135,40.0,2,3.3,3.1,-1.3,20,40,24,13,69,uy URU,DF,Defensa y Just,Primera Division Argentina,25,1997,20.7,885,683,200,10,3,9,70,188,2,0,1,0,574,2,33,uy URU,DF,Defensa y Just,Primera Division Argentina,25,1997,20.7,47,2.27,38,5,2,1,0,1,7,0.34,4,0,2,1,0,0,uy URU,DF,Defensa y Just,Primera Division Argentina,25,1997,20.7,60,36,37,14,9,36,64,56.3,28,23,9,14,33,93,65,1,uy URU,DF,Defensa y Just,Primera Division Argentina,25,1997,20.7,1158,93,411,440,322,30,1158,38,17,44.7,18,47.4,439,2546,1470,48,26,6,26,8,479,98,uy URU,DF,Defensa y Just,Primera Division Argentina,25,1997,23,"1,864",81,76.7,20.7,21,86,17,2,26,1,1.74,26,14,+12,+0.58,+0.42,29.2,24.2,+4.9,+0.24,+0.44,uy URU,DF,Defensa y Just,Primera Division Argentina,25,1997,20.7,7,0,0,28,2,1,70,33,36,0,0,0,139,45,32,58.4
Michael Santos,uy URU,FW,Talleres,Primera Division Argentina,29,1993,24,24,"1,832",20.4,13,5,18,13,0,2,3,0,15.1,13.5,4.1,17.7,19,19,119,0.64,0.25,0.88,0.64,0.88,0.74,0.20,0.95,0.67,0.87,uy URU,FW,Talleres,Primera Division Argentina,29,1993,20.4,13,68,29,42.6,3.34,1.42,0.19,0.45,15.8,0,0,2,15.1,13.5,0.20,-2.1,-0.5,uy URU,FW,Talleres,Primera Division Argentina,29,1993,20.4,140,244,57.4,1894,409,87,132,65.9,36,63,57.1,7,16,43.8,5,4.1,1.8,+0.9,13,7,10,1,19,uy URU,FW,Talleres,Primera Division Argentina,29,1993,20.4,244,212,31,0,1,1,12,1,0,0,0,0,140,1,7,uy URU,FW,Talleres,Primera Division Argentina,29,1993,20.4,37,1.82,16,0,8,6,7,0,8,0.39,5,0,2,1,0,0,uy URU,FW,Talleres,Primera Division Argentina,29,1993,20.4,7,2,0,4,3,1,12,8.3,11,12,0,12,3,10,5,0,uy URU,FW,Talleres,Primera Division Argentina,29,1993,20.4,431,4,18,164,251,108,429,29,15,51.7,12,41.4,238,1028,476,19,17,16,45,18,305,119,uy URU,FW,Talleres,Primera Division Argentina,29,1993,24,"1,832",76,75.4,20.4,24,76,7,0,0,0,1.88,30,15,+15,+0.74,+0.13,33.4,20.3,+13.1,+0.64,+0.24,uy URU,FW,Talleres,Primera Division Argentina,29,1993,20.4,3,0,0,23,18,27,12,3,2,0,0,0,30,21,48,30.4
Daniel Sappa,ar ARG,GK,Estudiantes–LP,Primera Division Argentina,27,1995,2,2,180,2.0,0,0,0,0,0,0,0,0,0.0,0.0,0.0,0.0,0,0,0,0.00,0.00,0.00,0.00,0.00,0.00,0.00,0.00,0.00,0.00,ar ARG,GK,Estudiantes–LP,Primera Division Argentina,27,1995,2.0,0,0,0,0,0.00,0.00,0,0,0,0,0,0,0.0,0.0,0,0.0,0.0,ar ARG,GK,Estudiantes–LP,Primera Division Argentina,27,1995,2.0,30,48,62.5,800,554,4,4,100.0,16,16,100.0,9,26,34.6,0,0.0,0.0,0.0,0,0,0,0,0,ar ARG,GK,Estudiantes–LP,Primera Division Argentina,27,1995,2.0,48,32,16,7,0,1,0,0,0,0,0,0,30,0,1,ar ARG,GK,Estudiantes–LP,Primera Division Argentina,27,1995,2.0,0,0.00,0,0,0,0,0,0,0,0.00,0,0,0,0,0,0,ar ARG,GK,Estudiantes–LP,Primera Division Argentina,27,1995,2.0,0,0,0,0,0,0,0,0,0,0,0,0,0,0,0,0,ar ARG,GK,Estudiantes–LP,Primera Division Argentina,27,1995,2.0,50,40,50,0,0,0,50,1,1,100.0,0,0.0,29,184,152,0,0,0,0,0,14,0,ar ARG,GK,Estudiantes–LP,Primera Division Argentina,27,1995,2,180,90,7.4,2.0,2,90,2,0,0,24,0.00,1,5,-4,-2.00,-2.60,2.1,3.4,-1.3,-0.64,-1.07,ar ARG,GK,Estudiantes–LP,Primera Division Argentina,27,1995,2.0,0,0,0,1,0,0,0,0,0,0,1,0,0,0,0,0
Rodrigo Saracho,ar ARG,GK,Godoy Cruz,Primera Division Argentina,29,1994,1,1,90,1.0,0,0,0,0,0,0,0,0,0.0,0.0,0.0,0.0,0,0,0,0.00,0.00,0.00,0.00,0.00,0.00,0.00,0.00,0.00,0.00,ar ARG,GK,Godoy Cruz,Primera Division Argentina,29,1994,1.0,0,0,0,0,0.00,0.00,0,0,0,0,0,0,0.0,0.0,0,0.0,0.0,ar ARG,GK,Godoy Cruz,Primera Division Argentina,29,1994,1.0,18,27,66.7,753,662,1,1,100.0,4,4,100.0,13,22,59.1,0,0.0,0.0,0.0,0,2,0,0,0,ar ARG,GK,Godoy Cruz,Primera Division Argentina,29,1994,1.0,27,14,13,6,0,0,0,0,0,0,0,0,18,0,0,ar ARG,GK,Godoy Cruz,Primera Division Argentina,29,1994,1.0,0,0.00,0,0,0,0,0,0,0,0.00,0,0,0,0,0,0,ar ARG,GK,Godoy Cruz,Primera Division Argentina,29,1994,1.0,1,0,1,0,0,1,1,100.0,0,0,0,0,0,1,3,1,ar ARG,GK,Godoy Cruz,Primera Division Argentina,29,1994,1.0,32,27,32,0,0,0,32,0,0,0,0,0,14,119,73,0,0,0,0,0,6,0,ar ARG,GK,Godoy Cruz,Primera Division Argentina,29,1994,1,90,90,3.7,1.0,1,90,1,0,0,26,3.00,4,2,+2,+2.00,+1.88,1.5,1.2,+0.3,+0.31,+0.46,ar ARG,GK,Godoy Cruz,Primera Division Argentina,29,1994,1.0,0,0,0,0,1,0,0,0,0,0,0,0,0,0,1,0.0
Martín Sarrafiore,ar ARG,MF,Independiente,Primera Division Argentina,25,1997,16,9,714,7.9,0,2,2,0,0,0,5,0,0.7,0.7,0.9,1.7,11,27,26,0.00,0.25,0.25,0.00,0.25,0.09,0.12,0.21,0.09,0.21,ar ARG,MF,Independiente,Primera Division Argentina,25,1997,7.9,0,13,3,23.1,1.64,0.38,0.00,0.00,24.0,0,0,0,0.7,0.7,0.05,-0.7,-0.7,ar ARG,MF,Independiente,Primera Division Argentina,25,1997,7.9,224,324,69.1,3551,962,111,132,84.1,85,125,68.0,17,33,51.5,2,0.9,0.8,+1.1,12,24,5,1,27,ar ARG,MF,Independiente,Primera Division Argentina,25,1997,7.9,324,296,25,8,0,1,27,2,15,4,4,0,224,3,12,ar ARG,MF,Independiente,Primera Division Argentina,25,1997,7.9,19,2.39,15,2,0,1,1,0,2,0.25,1,1,0,0,0,0,ar ARG,MF,Independiente,Primera Division Argentina,25,1997,7.9,19,14,6,12,1,12,24,50.0,12,12,2,10,6,25,3,0,ar ARG,MF,Independiente,Primera Division Argentina,25,1997,7.9,437,6,50,254,140,9,437,18,8,44.4,10,55.6,231,1447,693,11,14,1,18,9,256,26,ar ARG,MF,Independiente,Primera Division Argentina,25,1997,16,714,45,29.4,7.9,9,70,1,7,12,8,1.00,8,10,-2,-0.25,+0.12,7.8,9.3,-1.5,-0.19,-0.24,ar ARG,MF,Independiente,Primera Division Argentina,25,1997,7.9,5,0,0,8,9,0,27,6,14,0,0,0,48,12,16,42.9
Fabrizio Sartori,ar ARG,FW,Newell's OB,Primera Division Argentina,20,2002,1,0,10,0.1,0,0,0,0,0,0,0,0,0.0,0.0,0.0,0.0,0,1,2,0.00,0.00,0.00,0.00,0.00,0.00,0.00,0.00,0.00,0.00,ar ARG,FW,Newell's OB,Primera Division Argentina,20,2002,0.1,0,0,0,0,0.00,0.00,0,0,0,0,0,0,0.0,0.0,0,0.0,0.0,ar ARG,FW,Newell's OB,Primera Division Argentina,20,2002,0.1,1,2,50.0,28,11,0,0,0,1,2,50.0,0,0,0,0,0.0,0.0,0.0,0,1,0,0,1,ar ARG,FW,Newell's OB,Primera Division Argentina,20,2002,0.1,2,2,0,0,0,0,1,0,0,0,0,0,1,0,0,ar ARG,FW,Newell's OB,Primera Division Argentina,20,2002,0.1,0,0.00,0,0,0,0,0,0,0,0.00,0,0,0,0,0,0,ar ARG,FW,Newell's OB,Primera Division Argentina,20,2002,0.1,1,1,1,0,0,0,0,0,0,0,0,0,0,1,0,0,ar ARG,FW,Newell's OB,Primera Division Argentina,20,2002,0.1,5,0,1,2,2,0,5,1,0,0.0,1,100.0,2,3,0,0,0,0,1,1,4,2,ar ARG,FW,Newell's OB,Primera Division Argentina,20,2002,1,10,10,0.4,0.1,0,0,0,1,10,2,3.00,0,0,0,0.00,0.00,0.0,0.0,0.0,-0.19,-0.14,ar ARG,FW,Newell's OB,Primera Division Argentina,20,2002,0.1,0,0,0,0,0,0,1,0,1,0,0,0,0,1,2,33.3
Gastón Sauro,ar ARG,DF,Huracán,Primera Division Argentina,32,1990,11,8,762,8.5,0,0,0,0,0,0,5,1,0.3,0.3,0.0,0.3,11,14,0,0.00,0.00,0.00,0.00,0.00,0.03,0.00,0.04,0.03,0.04,ar ARG,DF,Huracán,Primera Division Argentina,32,1990,8.5,0,6,2,33.3,0.71,0.24,0.00,0.00,11.5,0,0,0,0.3,0.3,0.05,-0.3,-0.3,ar ARG,DF,Huracán,Primera Division Argentina,32,1990,8.5,230,287,80.1,4301,1538,88,99,88.9,116,135,85.9,26,51,51.0,0,0.0,0.0,0.0,1,11,0,0,14,ar ARG,DF,Huracán,Primera Division Argentina,32,1990,8.5,287,275,12,4,2,1,0,2,0,0,0,0,230,0,1,ar ARG,DF,Huracán,Primera Division Argentina,32,1990,8.5,4,0.47,1,1,0,2,0,0,0,0.00,0,0,0,0,0,0,ar ARG,DF,Huracán,Primera Division Argentina,32,1990,8.5,8,6,4,4,0,5,9,55.6,4,8,5,3,15,23,32,0,ar ARG,DF,Huracán,Primera Division Argentina,32,1990,8.5,372,54,214,146,13,9,372,0,0,0,0,0,172,877,566,11,3,0,1,0,197,0,ar ARG,DF,Huracán,Primera Division Argentina,32,1990,11,762,69,31.4,8.5,8,83,6,3,32,6,0.82,5,11,-6,-0.71,-0.44,6.4,9.2,-2.9,-0.34,-0.52,ar ARG,DF,Huracán,Primera Division Argentina,32,1990,8.5,5,1,1,10,2,0,0,15,6,0,0,0,39,25,13,65.8
Franco Sbuttoni,ar ARG,DF,Sarmiento,Primera Division Argentina,33,1989,16,15,"1,238",13.8,0,0,0,0,0,0,1,0,0.2,0.2,0.2,0.4,1,27,2,0.00,0.00,0.00,0.00,0.00,0.02,0.01,0.03,0.02,0.03,ar ARG,DF,Sarmiento,Primera Division Argentina,33,1989,13.8,0,3,1,33.3,0.22,0.07,0.00,0.00,11.1,0,0,0,0.2,0.2,0.07,-0.2,-0.2,ar ARG,DF,Sarmiento,Primera Division Argentina,33,1989,13.8,223,352,63.4,4557,2483,75,96,78.1,99,151,65.6,44,84,52.4,0,0.2,0.3,-0.2,3,20,1,0,27,ar ARG,DF,Sarmiento,Primera Division Argentina,33,1989,13.8,352,319,26,22,0,1,0,4,0,0,0,0,223,7,6,ar ARG,DF,Sarmiento,Primera Division Argentina,33,1989,13.8,7,0.51,5,2,0,0,0,0,0,0.00,0,0,0,0,0,0,ar ARG,DF,Sarmiento,Primera Division Argentina,33,1989,13.8,14,9,9,5,0,9,14,64.3,5,17,12,5,17,31,75,0,ar ARG,DF,Sarmiento,Primera Division Argentina,33,1989,13.8,494,92,264,208,25,16,494,3,3,100.0,0,0.0,154,597,308,1,1,0,5,1,162,2,ar ARG,DF,Sarmiento,Primera Division Argentina,33,1989,16,"1,238",77,50.9,13.8,15,82,10,1,9,11,0.94,14,15,-1,-0.07,+0.08,14.0,17.5,-3.5,-0.26,+0.06,ar ARG,DF,Sarmiento,Primera Division Argentina,33,1989,13.8,1,0,0,14,5,0,0,17,9,0,1,0,68,45,25,64.3
Benjamín Schamine,ar ARG,"MF,FW",Defensa y Just,Primera Division Argentina,19,2003,3,2,146,1.6,0,1,1,0,0,0,1,0,0.1,0.1,0.6,0.6,1,0,3,0.00,0.62,0.62,0.00,0.62,0.04,0.35,0.39,0.04,0.39,ar ARG,"MF,FW",Defensa y Just,Primera Division Argentina,19,2003,1.6,0,1,1,100.0,0.62,0.62,0.00,0.00,14.8,0,0,0,0.1,0.1,0.07,-0.1,-0.1,ar ARG,"MF,FW",Defensa y Just,Primera Division Argentina,19,2003,1.6,22,36,61.1,365,96,9,14,64.3,7,11,63.6,4,5,80.0,1,0.6,0.1,+0.4,2,1,0,0,0,ar ARG,"MF,FW",Defensa y Just,Primera Division Argentina,19,2003,1.6,36,32,3,0,0,0,1,3,0,0,0,0,22,1,2,ar ARG,"MF,FW",Defensa y Just,Primera Division Argentina,19,2003,1.6,3,1.84,2,0,0,1,0,0,1,0.61,1,0,0,0,0,0,ar ARG,"MF,FW",Defensa y Just,Primera Division Argentina,19,2003,1.6,2,2,1,1,0,2,3,66.7,1,4,2,2,0,2,2,0,ar ARG,"MF,FW",Defensa y Just,Primera Division Argentina,19,2003,1.6,56,2,16,26,14,3,56,5,0,0.0,4,80.0,27,82,37,1,0,1,3,2,35,3,ar ARG,"MF,FW",Defensa y Just,Primera Division Argentina,19,2003,3,146,49,6.0,1.6,2,73,1,1,1,8,1.33,1,3,-2,-1.23,-1.82,1.5,2.2,-0.7,-0.45,-0.62,ar ARG,"MF,FW",Defensa y Just,Primera Division Argentina,19,2003,1.6,1,0,0,1,3,0,1,0,2,0,0,0,4,2,3,40.0
Thiago Schiavulli,ar ARG,DF,Defensa y Just,Primera Division Argentina,19,2003,1,1,90,1.0,0,0,0,0,0,0,0,0,0.0,0.0,0.0,0.0,0,1,1,0.00,0.00,0.00,0.00,0.00,0.00,0.00,0.00,0.00,0.00,ar ARG,DF,Defensa y Just,Primera Division Argentina,19,2003,1.0,0,0,0,0,0.00,0.00,0,0,0,0,0,0,0.0,0.0,0,0.0,0.0,ar ARG,DF,Defensa y Just,Primera Division Argentina,19,2003,1.0,37,48,77.1,645,205,16,18,88.9,19,24,79.2,2,4,50.0,0,0.0,0.0,0.0,0,2,0,0,1,ar ARG,DF,Defensa y Just,Primera Division Argentina,19,2003,1.0,48,44,4,0,0,0,0,4,0,0,0,0,37,0,2,ar ARG,DF,Defensa y Just,Primera Division Argentina,19,2003,1.0,0,0.00,0,0,0,0,0,0,0,0.00,0,0,0,0,0,0,ar ARG,DF,Defensa y Just,Primera Division Argentina,19,2003,1.0,2,2,2,0,0,1,1,100.0,0,1,0,1,1,3,4,0,ar ARG,DF,Defensa y Just,Primera Division Argentina,19,2003,1.0,59,8,24,34,1,0,59,1,0,0.0,1,100.0,33,93,30,0,0,0,1,1,32,1,ar ARG,DF,Defensa y Just,Primera Division Argentina,19,2003,1,90,90,3.7,1.0,1,90,1,0,0,9,0.00,0,2,-2,-2.00,-2.58,0.1,1.7,-1.6,-1.61,-1.82,ar ARG,DF,Defensa y Just,Primera Division Argentina,19,2003,1.0,0,0,0,4,1,0,0,1,2,0,0,0,9,2,3,40.0
Ignacio Schor,ar ARG,"MF,FW",Platense,Primera Division Argentina,22,2000,19,3,503,5.6,0,1,1,0,0,0,2,0,0.6,0.6,0.4,1.0,18,7,41,0.00,0.18,0.18,0.00,0.18,0.11,0.07,0.17,0.11,0.17,ar ARG,"MF,FW",Platense,Primera Division Argentina,22,2000,5.6,0,7,3,42.9,1.25,0.54,0.00,0.00,16.5,0,0,0,0.6,0.6,0.08,-0.6,-0.6,ar ARG,"MF,FW",Platense,Primera Division Argentina,22,2000,5.6,66,97,68.0,699,213,44,54,81.5,14,22,63.6,0,2,0.0,1,0.4,0.2,+0.6,4,3,4,0,7,ar ARG,"MF,FW",Platense,Primera Division Argentina,22,2000,5.6,97,96,1,0,0,0,7,1,0,0,0,0,66,0,4,ar ARG,"MF,FW",Platense,Primera Division Argentina,22,2000,5.6,8,1.43,3,0,2,1,2,0,2,0.36,0,0,0,1,1,0,ar ARG,"MF,FW",Platense,Primera Division Argentina,22,2000,5.6,10,6,5,5,0,3,15,20.0,12,9,1,8,2,12,4,0,ar ARG,"MF,FW",Platense,Primera Division Argentina,22,2000,5.6,186,3,23,62,106,20,186,27,11,40.7,14,51.9,128,951,452,18,8,5,19,19,131,41,ar ARG,"MF,FW",Platense,Primera Division Argentina,22,2000,19,503,26,20.7,5.6,3,65,0,16,19,1,1.16,6,4,+2,+0.36,+0.59,5.4,8.0,-2.6,-0.47,-0.10,ar ARG,"MF,FW",Platense,Primera Division Argentina,22,2000,5.6,2,0,0,23,9,3,7,2,6,1,0,0,21,8,19,29.6
Augusto Schott,ar ARG,DF,Colón,Primera Division Argentina,23,2000,8,4,344,3.8,0,0,0,0,0,0,1,0,0.3,0.3,0.3,0.6,14,5,12,0.00,0.00,0.00,0.00,0.00,0.07,0.07,0.15,0.07,0.15,ar ARG,DF,Colón,Primera Division Argentina,23,2000,3.8,0,4,1,25.0,1.05,0.26,0.00,0.00,20.1,0,0,0,0.3,0.3,0.07,-0.3,-0.3,ar ARG,DF,Colón,Primera Division Argentina,23,2000,3.8,85,136,62.5,1294,728,42,51,82.4,36,56,64.3,4,16,25.0,0,0.3,0.1,-0.3,3,4,0,0,5,ar ARG,DF,Colón,Primera Division Argentina,23,2000,3.8,136,101,35,2,0,1,12,33,0,0,0,0,85,0,6,ar ARG,DF,Colón,Primera Division Argentina,23,2000,3.8,11,2.86,8,1,0,1,1,0,0,0.00,0,0,0,0,0,0,ar ARG,DF,Colón,Primera Division Argentina,23,2000,3.8,3,2,2,1,0,1,6,16.7,5,4,0,4,7,10,13,0,ar ARG,DF,Colón,Primera Division Argentina,23,2000,3.8,184,9,54,76,55,8,184,5,3,60.0,2,40.0,75,481,287,14,8,2,7,3,75,12,ar ARG,DF,Colón,Primera Division Argentina,23,2000,8,344,43,14.2,3.8,4,69,1,4,17,12,1.38,1,2,-1,-0.26,+0.26,3.0,4.5,-1.5,-0.39,+0.03,ar ARG,DF,Colón,Primera Division Argentina,23,2000,3.8,1,0,0,5,1,0,12,7,2,0,0,0,18,4,5,44.4
Mateo Seoane,ar ARG,MF,Vélez Sarsfield,Primera Division Argentina,18,2004,14,2,415,4.6,0,0,0,0,0,0,0,0,0.1,0.1,0.0,0.1,2,24,3,0.00,0.00,0.00,0.00,0.00,0.01,0.00,0.01,0.01,0.01,ar ARG,MF,Vélez Sarsfield,Primera Division Argentina,18,2004,4.6,0,2,1,50.0,0.43,0.22,0.00,0.00,29.1,0,0,0,0.1,0.1,0.03,-0.1,-0.1,ar ARG,MF,Vélez Sarsfield,Primera Division Argentina,18,2004,4.6,206,251,82.1,3546,966,97,109,89.0,86,101,85.1,19,30,63.3,0,0.0,0.1,0.0,0,17,0,0,24,ar ARG,MF,Vélez Sarsfield,Primera Division Argentina,18,2004,4.6,251,245,6,4,0,2,1,2,0,0,0,0,206,0,3,ar ARG,MF,Vélez Sarsfield,Primera Division Argentina,18,2004,4.6,3,0.65,3,0,0,0,0,0,2,0.43,2,0,0,0,0,0,ar ARG,MF,Vélez Sarsfield,Primera Division Argentina,18,2004,4.6,10,6,1,8,1,6,12,50.0,6,11,1,10,8,18,8,0,ar ARG,MF,Vélez Sarsfield,Primera Division Argentina,18,2004,4.6,308,10,70,211,30,1,308,2,0,0.0,2,100.0,162,653,327,2,2,0,6,1,179,3,ar ARG,MF,Vélez Sarsfield,Primera Division Argentina,18,2004,14,415,30,17.1,4.6,2,90,2,12,20,13,1.07,6,11,-5,-1.08,-1.17,5.6,5.9,-0.3,-0.06,-0.02,ar ARG,MF,Vélez Sarsfield,Primera Division Argentina,18,2004,4.6,0,0,0,8,0,0,1,8,6,0,0,0,36,6,13,31.6
Bruno Sepúlveda,ar ARG,FW,Barracas Central,Primera Division Argentina,30,1992,24,24,"1,967",21.9,5,1,6,4,1,1,2,0,3.4,2.6,3.4,6.0,15,47,155,0.23,0.05,0.27,0.18,0.23,0.15,0.15,0.31,0.12,0.27,ar ARG,FW,Barracas Central,Primera Division Argentina,30,1992,21.9,5,28,10,35.7,1.28,0.46,0.14,0.40,17.3,0,1,1,3.4,2.6,0.09,+1.6,+1.4,ar ARG,FW,Barracas Central,Primera Division Argentina,30,1992,21.9,337,498,67.7,5028,853,159,228,69.7,126,164,76.8,22,26,84.6,1,3.4,2.3,-2.4,21,21,17,2,47,ar ARG,FW,Barracas Central,Primera Division Argentina,30,1992,21.9,498,449,47,2,4,1,12,3,0,0,0,0,337,2,25,ar ARG,FW,Barracas Central,Primera Division Argentina,30,1992,21.9,46,2.11,29,0,3,5,9,0,4,0.18,1,0,1,0,2,0,ar ARG,FW,Barracas Central,Primera Division Argentina,30,1992,21.9,13,7,1,5,7,5,23,21.7,18,20,8,12,1,14,31,0,ar ARG,FW,Barracas Central,Primera Division Argentina,30,1992,21.9,768,37,59,313,402,73,767,45,15,33.3,27,60.0,437,1846,588,15,12,8,88,42,569,155,ar ARG,FW,Barracas Central,Primera Division Argentina,30,1992,24,"1,967",82,80.9,21.9,24,82,12,0,0,1,1.17,21,28,-7,-0.32,-0.71,19.2,24.7,-5.4,-0.25,-0.14,ar ARG,FW,Barracas Central,Primera Division Argentina,30,1992,21.9,2,0,0,26,27,8,12,1,7,2,0,0,51,57,68,45.6
Luis Sequeira,ar ARG,"MF,DF",Talleres,Primera Division Argentina,20,2003,6,0,110,1.2,0,0,0,0,0,0,0,0,0.0,0.0,0.0,0.0,5,11,9,0.00,0.00,0.00,0.00,0.00,0.00,0.00,0.00,0.00,0.00,ar ARG,"MF,DF",Talleres,Primera Division Argentina,20,2003,1.2,0,0,0,0,0.00,0.00,0,0,0,0,0,0,0.0,0.0,0,0.0,0.0,ar ARG,"MF,DF",Talleres,Primera Division Argentina,20,2003,1.2,50,68,73.5,838,299,23,27,85.2,20,28,71.4,4,9,44.4,0,0.0,0.2,0.0,0,6,1,0,11,ar ARG,"MF,DF",Talleres,Primera Division Argentina,20,2003,1.2,68,57,11,5,0,0,11,1,5,2,3,0,50,0,0,ar ARG,"MF,DF",Talleres,Primera Division Argentina,20,2003,1.2,3,2.45,2,0,1,0,0,0,1,0.82,1,0,0,0,0,0,ar ARG,"MF,DF",Talleres,Primera Division Argentina,20,2003,1.2,4,3,2,2,0,1,2,50.0,1,1,0,1,2,6,1,0,ar ARG,"MF,DF",Talleres,Primera Division Argentina,20,2003,1.2,85,2,14,43,28,2,85,4,3,75.0,1,25.0,49,253,119,5,0,1,5,1,53,9,ar ARG,"MF,DF",Talleres,Primera Division Argentina,20,2003,6,110,18,4.5,1.2,0,0,0,6,18,8,0.67,1,1,0,0.00,-0.74,1.1,0.9,+0.2,+0.14,-0.46,ar ARG,"MF,DF",Talleres,Primera Division Argentina,20,2003,1.2,0,0,0,4,0,0,11,2,3,0,0,0,6,2,3,40.0
Nicolás Servetto,ar ARG,FW,Platense,Primera Division Argentina,26,1996,27,19,"1,628",18.1,6,1,7,5,1,1,2,0,6.7,5.9,0.9,6.9,9,23,91,0.33,0.06,0.39,0.28,0.33,0.37,0.05,0.42,0.33,0.38,ar ARG,FW,Platense,Primera Division Argentina,26,1996,18.1,6,43,14,32.6,2.38,0.77,0.12,0.36,13.4,0,1,1,6.7,5.9,0.14,-0.7,-0.9,ar ARG,FW,Platense,Primera Division Argentina,26,1996,18.1,219,328,66.8,2756,527,146,190,76.8,52,85,61.2,4,12,33.3,1,0.9,0.7,+0.1,13,19,4,0,23,ar ARG,FW,Platense,Primera Division Argentina,26,1996,18.1,328,311,17,0,1,3,4,1,0,0,0,0,219,0,13,ar ARG,FW,Platense,Primera Division Argentina,26,1996,18.1,32,1.77,23,0,2,4,3,0,2,0.11,2,0,0,0,0,0,ar ARG,FW,Platense,Primera Division Argentina,26,1996,18.1,10,6,2,6,2,2,9,22.2,7,8,2,6,1,11,17,0,ar ARG,FW,Platense,Primera Division Argentina,26,1996,18.1,524,22,34,247,249,59,523,21,8,38.1,12,57.1,273,967,279,9,11,4,48,36,384,91,ar ARG,FW,Platense,Primera Division Argentina,26,1996,27,"1,628",60,67.0,18.1,19,76,3,8,22,0,1.26,16,20,-4,-0.22,-0.33,14.7,22.1,-7.3,-0.40,-0.04,ar ARG,FW,Platense,Primera Division Argentina,26,1996,18.1,2,0,0,19,23,14,4,1,6,0,0,0,42,37,109,25.3
Gaspar Servio,ar ARG,GK,Rosario Central,Primera Division Argentina,30,1992,4,4,360,4.0,0,0,0,0,0,0,0,0,0.0,0.0,0.0,0.0,0,0,0,0.00,0.00,0.00,0.00,0.00,0.00,0.00,0.00,0.00,0.00,ar ARG,GK,Rosario Central,Primera Division Argentina,30,1992,4.0,0,0,0,0,0.00,0.00,0,0,0,0,0,0,0.0,0.0,0,0.0,0.0,ar ARG,GK,Rosario Central,Primera Division Argentina,30,1992,4.0,54,101,53.5,1932,1488,3,3,100.0,26,26,100.0,25,71,35.2,0,0.0,0.0,0.0,0,1,0,0,0,ar ARG,GK,Rosario Central,Primera Division Argentina,30,1992,4.0,101,53,47,15,0,0,0,0,0,0,0,0,54,1,0,ar ARG,GK,Rosario Central,Primera Division Argentina,30,1992,4.0,1,0.25,0,1,0,0,0,0,0,0.00,0,0,0,0,0,0,ar ARG,GK,Rosario Central,Primera Division Argentina,30,1992,4.0,0,0,0,0,0,0,0,0,0,0,0,0,0,0,3,3,ar ARG,GK,Rosario Central,Primera Division Argentina,30,1992,4.0,117,102,117,0,0,0,117,0,0,0,0,0,44,277,173,0,0,0,0,0,26,0,ar ARG,GK,Rosario Central,Primera Division Argentina,30,1992,4,360,90,14.8,4.0,4,90,4,0,0,7,1.75,5,6,-1,-0.25,-0.60,3.4,5.3,-1.9,-0.47,-0.52,ar ARG,GK,Rosario Central,Primera Division Argentina,30,1992,4.0,0,0,0,0,1,0,0,0,0,0,0,0,0,1,0,100.0
Juan Sforza,ar ARG,MF,Newell's OB,Primera Division Argentina,20,2002,22,21,"1,881",20.9,1,1,2,1,0,0,7,1,0.7,0.7,0.4,1.1,9,131,9,0.05,0.05,0.10,0.05,0.10,0.03,0.02,0.05,0.03,0.05,ar ARG,MF,Newell's OB,Primera Division Argentina,20,2002,20.9,1,7,1,14.3,0.33,0.05,0.14,1.00,23.1,1,0,0,0.7,0.7,0.10,+0.3,+0.3,ar ARG,MF,Newell's OB,Primera Division Argentina,20,2002,20.9,1046,1231,85.0,19733,5914,403,450,89.6,522,579,90.2,109,161,67.7,1,0.4,0.7,+0.6,11,98,4,0,131,ar ARG,MF,Newell's OB,Primera Division Argentina,20,2002,20.9,1231,1177,50,42,3,10,0,2,0,0,0,0,1046,4,14,ar ARG,MF,Newell's OB,Primera Division Argentina,20,2002,20.9,25,1.20,23,1,1,0,0,0,2,0.10,2,0,0,0,0,0,ar ARG,MF,Newell's OB,Primera Division Argentina,20,2002,20.9,46,27,14,29,3,20,48,41.7,28,24,4,20,26,72,38,0,ar ARG,MF,Newell's OB,Primera Division Argentina,20,2002,20.9,1398,47,356,987,67,5,1398,15,7,46.7,7,46.7,779,3829,1799,9,6,0,12,11,894,9,ar ARG,MF,Newell's OB,Primera Division Argentina,20,2002,22,"1,881",86,77.4,20.9,21,88,17,1,32,1,1.50,20,15,+5,+0.24,+1.06,19.9,20.2,-0.2,-0.01,+0.16,ar ARG,MF,Newell's OB,Primera Division Argentina,20,2002,20.9,7,1,0,24,29,0,0,26,27,0,0,0,167,35,24,59.3
Leonardo Sigali,ar ARG,DF,Racing Club,Primera Division Argentina,35,1987,19,19,"1,648",18.3,0,0,0,0,0,0,6,0,0.5,0.5,0.7,1.1,18,119,2,0.00,0.00,0.00,0.00,0.00,0.02,0.04,0.06,0.02,0.06,ar ARG,DF,Racing Club,Primera Division Argentina,35,1987,18.3,0,10,2,20.0,0.55,0.11,0.00,0.00,18.0,0,0,0,0.5,0.5,0.05,-0.5,-0.5,ar ARG,DF,Racing Club,Primera Division Argentina,35,1987,18.3,1004,1203,83.5,21669,9078,267,298,89.6,586,657,89.2,146,226,64.6,0,0.7,0.9,-0.7,4,123,6,0,119,ar ARG,DF,Racing Club,Primera Division Argentina,35,1987,18.3,1203,1144,53,51,2,15,9,2,0,0,0,0,1004,6,7,ar ARG,DF,Racing Club,Primera Division Argentina,35,1987,18.3,14,0.77,13,0,0,1,0,0,1,0.05,1,0,0,0,0,0,ar ARG,DF,Racing Club,Primera Division Argentina,35,1987,18.3,26,17,19,7,0,15,29,51.7,14,22,13,9,23,49,80,0,ar ARG,DF,Racing Club,Primera Division Argentina,35,1987,18.3,1385,133,552,787,52,12,1385,2,0,0.0,0,0.0,816,4362,2828,18,8,0,6,1,926,2,ar ARG,DF,Racing Club,Primera Division Argentina,35,1987,19,"1,648",87,67.8,18.3,19,87,18,0,0,2,1.11,22,26,-4,-0.22,-0.79,15.8,22.5,-6.7,-0.37,-0.61,ar ARG,DF,Racing Club,Primera Division Argentina,35,1987,18.3,6,0,0,8,22,3,9,23,17,0,1,0,117,41,44,48.2
Gonzalo Silva,ar ARG,"DF,MF",Colón,Primera Division Argentina,23,1999,2,0,57,0.6,0,0,0,0,0,0,0,0,0.0,0.0,0.0,0.1,0,4,2,0.00,0.00,0.00,0.00,0.00,0.07,0.01,0.08,0.07,0.08,ar ARG,"DF,MF",Colón,Primera Division Argentina,23,1999,0.6,0,1,0,0.0,1.58,0.00,0.00,0,24.7,1,0,0,0.0,0.0,0.04,0.0,0.0,ar ARG,"DF,MF",Colón,Primera Division Argentina,23,1999,0.6,23,40,57.5,412,135,12,15,80.0,6,8,75.0,4,16,25.0,0,0.0,0.0,0.0,1,2,1,0,4,ar ARG,"DF,MF",Colón,Primera Division Argentina,23,1999,0.6,40,29,11,3,0,0,11,1,7,0,7,0,23,0,0,ar ARG,"DF,MF",Colón,Primera Division Argentina,23,1999,0.6,3,4.74,0,2,0,0,1,0,0,0.00,0,0,0,0,0,0,ar ARG,"DF,MF",Colón,Primera Division Argentina,23,1999,0.6,1,1,1,0,0,0,1,0.0,1,0,0,0,0,1,1,0,ar ARG,"DF,MF",Colón,Primera Division Argentina,23,1999,0.6,44,1,5,23,16,0,44,0,0,0,0,0,11,64,17,0,0,0,1,0,22,2,ar ARG,"DF,MF",Colón,Primera Division Argentina,23,1999,2,57,29,2.3,0.6,0,0,0,2,29,13,0.00,0,2,-2,-3.16,-2.74,0.6,2.2,-1.6,-2.47,-2.10,ar ARG,"DF,MF",Colón,Primera Division Argentina,23,1999,0.6,0,0,0,2,3,0,11,0,1,0,0,0,6,0,0,0
Kevin Silva,ar ARG,DF,Rosario Central,Primera Division Argentina,19,2003,1,0,19,0.2,0,0,0,0,0,0,0,0,0.0,0.0,0.0,0.0,0,0,0,0.00,0.00,0.00,0.00,0.00,0.00,0.00,0.00,0.00,0.00,ar ARG,DF,Rosario Central,Primera Division Argentina,19,2003,0.2,0,0,0,0,0.00,0.00,0,0,0,0,0,0,0.0,0.0,0,0.0,0.0,ar ARG,DF,Rosario Central,Primera Division Argentina,19,2003,0.2,0,0,0,0,0,0,0,0,0,0,0,0,0,0,0,0.0,0.0,0.0,0,0,0,0,0,ar ARG,DF,Rosario Central,Primera Division Argentina,19,2003,0.2,0,0,0,0,0,0,0,0,0,0,0,0,0,0,0,ar ARG,DF,Rosario Central,Primera Division Argentina,19,2003,0.2,0,0.00,0,0,0,0,0,0,0,0.00,0,0,0,0,0,0,ar ARG,DF,Rosario Central,Primera Division Argentina,19,2003,0.2,0,0,0,0,0,0,1,0.0,1,1,1,0,0,0,2,1,ar ARG,DF,Rosario Central,Primera Division Argentina,19,2003,0.2,3,2,3,0,0,0,3,0,0,0,0,0,0,0,0,0,0,0,0,0,0,0,ar ARG,DF,Rosario Central,Primera Division Argentina,19,2003,1,19,19,0.8,0.2,0,0,0,1,19,12,3.00,0,0,0,0.00,-0.26,0.2,0.5,-0.2,-1.11,-1.09,ar ARG,DF,Rosario Central,Primera Division Argentina,19,2003,0.2,0,0,0,0,0,0,0,0,0,0,0,0,0,0,0,0
Tomás Silva,ar ARG,DF,San Lorenzo,Primera Division Argentina,19,2003,2,1,79,0.9,0,0,0,0,0,0,0,0,0.0,0.0,0.0,0.0,1,2,2,0.00,0.00,0.00,0.00,0.00,0.00,0.00,0.00,0.00,0.00,ar ARG,DF,San Lorenzo,Primera Division Argentina,19,2003,0.9,0,0,0,0,0.00,0.00,0,0,0,0,0,0,0.0,0.0,0,0.0,0.0,ar ARG,DF,San Lorenzo,Primera Division Argentina,19,2003,0.9,14,33,42.4,230,179,9,14,64.3,4,12,33.3,1,6,16.7,0,0.0,0.1,0.0,0,1,1,0,2,ar ARG,DF,San Lorenzo,Primera Division Argentina,19,2003,0.9,33,23,10,0,0,0,1,10,0,0,0,0,14,0,1,ar ARG,DF,San Lorenzo,Primera Division Argentina,19,2003,0.9,0,0.00,0,0,0,0,0,0,0,0.00,0,0,0,0,0,0,ar ARG,DF,San Lorenzo,Primera Division Argentina,19,2003,0.9,0,0,0,0,0,0,2,0.0,2,0,0,0,3,3,3,0,ar ARG,DF,San Lorenzo,Primera Division Argentina,19,2003,0.9,42,5,19,16,7,0,42,2,0,0.0,0,0.0,18,111,57,1,1,0,0,1,15,2,ar ARG,DF,San Lorenzo,Primera Division Argentina,19,2003,2,79,40,3.3,0.9,1,55,0,1,24,25,1.50,0,1,-1,-1.14,-1.56,0.1,1.3,-1.2,-1.41,-1.71,ar ARG,DF,San Lorenzo,Primera Division Argentina,19,2003,0.9,0,0,0,1,2,0,1,3,0,0,0,0,5,0,1,0.0
Santiago Simón,ar ARG,"MF,FW",River Plate,Primera Division Argentina,20,2002,10,2,276,3.1,0,0,0,0,0,0,1,0,0.1,0.1,0.5,0.6,11,22,18,0.00,0.00,0.00,0.00,0.00,0.03,0.17,0.20,0.03,0.20,ar ARG,"MF,FW",River Plate,Primera Division Argentina,20,2002,3.1,0,2,0,0.0,0.65,0.00,0.00,0,20.0,0,0,0,0.1,0.1,0.04,-0.1,-0.1,ar ARG,"MF,FW",River Plate,Primera Division Argentina,20,2002,3.1,145,196,74.0,2361,665,72,87,82.8,60,76,78.9,10,19,52.6,0,0.5,0.5,-0.5,1,9,6,1,22,ar ARG,"MF,FW",River Plate,Primera Division Argentina,20,2002,3.1,196,191,5,1,1,0,10,4,0,0,0,0,145,0,7,ar ARG,"MF,FW",River Plate,Primera Division Argentina,20,2002,3.1,9,2.92,7,0,1,0,1,0,0,0.00,0,0,0,0,0,0,ar ARG,"MF,FW",River Plate,Primera Division Argentina,20,2002,3.1,4,3,0,3,1,1,6,16.7,5,7,1,6,3,7,3,0,ar ARG,"MF,FW",River Plate,Primera Division Argentina,20,2002,3.1,235,0,28,131,78,10,235,9,5,55.6,2,22.2,143,837,416,11,13,2,5,5,171,18,ar ARG,"MF,FW",River Plate,Primera Division Argentina,20,2002,10,276,28,11.4,3.1,2,75,0,8,16,15,2.40,4,3,+1,+0.33,-0.89,4.0,3.4,+0.6,+0.21,-0.82,ar ARG,"MF,FW",River Plate,Primera Division Argentina,20,2002,3.1,1,0,0,8,3,0,10,3,3,0,0,0,23,5,3,62.5
Tomás Sives,ar ARG,"MF,FW",Arsenal,Primera Division Argentina,19,2003,7,1,108,1.2,0,0,0,0,0,0,1,0,0.1,0.1,0.0,0.1,2,12,6,0.00,0.00,0.00,0.00,0.00,0.07,0.00,0.07,0.07,0.07,ar ARG,"MF,FW",Arsenal,Primera Division Argentina,19,2003,1.2,0,2,1,50.0,1.67,0.83,0.00,0.00,22.1,0,0,0,0.1,0.1,0.04,-0.1,-0.1,ar ARG,"MF,FW",Arsenal,Primera Division Argentina,19,2003,1.2,33,49,67.3,714,230,10,18,55.6,10,12,83.3,10,13,76.9,0,0.0,0.0,0.0,0,8,1,0,12,ar ARG,"MF,FW",Arsenal,Primera Division Argentina,19,2003,1.2,49,44,5,2,0,0,2,2,1,0,1,0,33,0,1,ar ARG,"MF,FW",Arsenal,Primera Division Argentina,19,2003,1.2,1,0.84,1,0,0,0,0,0,0,0.00,0,0,0,0,0,0,ar ARG,"MF,FW",Arsenal,Primera Division Argentina,19,2003,1.2,6,4,2,4,0,4,6,66.7,2,1,0,1,1,7,0,0,ar ARG,"MF,FW",Arsenal,Primera Division Argentina,19,2003,1.2,64,0,7,38,20,1,64,5,2,40.0,3,60.0,34,189,71,2,2,0,3,2,42,6,ar ARG,"MF,FW",Arsenal,Primera Division Argentina,19,2003,7,108,15,4.4,1.2,1,34,0,6,12,9,0.57,1,4,-3,-2.50,-2.00,0.3,3.0,-2.6,-2.23,-1.88,ar ARG,"MF,FW",Arsenal,Primera Division Argentina,19,2003,1.2,1,0,0,1,0,0,2,1,4,0,0,0,8,0,0,0
Pablo Solari,ar ARG,"FW,MF",River Plate,Primera Division Argentina,21,2001,21,13,"1,228",13.6,5,7,12,5,0,0,5,0,4.7,4.7,3.3,8.0,47,39,181,0.37,0.51,0.88,0.37,0.88,0.34,0.24,0.59,0.34,0.59,ar ARG,"FW,MF",River Plate,Primera Division Argentina,21,2001,13.6,5,42,20,47.6,3.08,1.47,0.12,0.25,16.0,0,0,0,4.7,4.7,0.11,+0.3,+0.3,ar ARG,"FW,MF",River Plate,Primera Division Argentina,21,2001,13.6,297,461,64.4,3973,1212,192,258,74.4,70,103,68.0,17,32,53.1,7,3.3,3.0,+3.7,28,25,16,7,39,ar ARG,"FW,MF",River Plate,Primera Division Argentina,21,2001,13.6,461,448,12,0,1,2,48,11,1,0,1,0,297,1,30,ar ARG,"FW,MF",River Plate,Primera Division Argentina,21,2001,13.6,62,4.55,45,1,8,6,2,0,9,0.66,8,0,0,0,1,0,ar ARG,"FW,MF",River Plate,Primera Division Argentina,21,2001,13.6,18,14,5,7,6,2,22,9.1,20,24,2,22,7,25,5,0,ar ARG,"FW,MF",River Plate,Primera Division Argentina,21,2001,13.6,665,4,47,241,386,92,665,72,30,41.7,40,55.6,443,2414,1337,47,28,22,33,13,494,181,ar ARG,"FW,MF",River Plate,Primera Division Argentina,21,2001,21,"1,228",58,50.5,13.6,13,78,6,8,27,5,2.05,26,15,+11,+0.81,-0.62,22.9,14.1,+8.8,+0.65,-0.58,ar ARG,"FW,MF",River Plate,Primera Division Argentina,21,2001,13.6,5,0,0,16,10,12,48,7,14,1,0,0,62,9,17,34.6
Santiago Solari,ar ARG,"FW,MF",Defensa y Just,Primera Division Argentina,25,1998,26,16,"1,396",15.5,4,2,6,4,0,0,3,0,4.1,4.1,2.8,7.0,50,46,129,0.26,0.13,0.39,0.26,0.39,0.27,0.18,0.45,0.27,0.45,ar ARG,"FW,MF",Defensa y Just,Primera Division Argentina,25,1998,15.5,4,31,12,38.7,2.00,0.77,0.13,0.33,17.3,0,0,0,4.1,4.1,0.13,-0.1,-0.1,ar ARG,"FW,MF",Defensa y Just,Primera Division Argentina,25,1998,15.5,300,443,67.7,4204,1377,196,233,84.1,83,124,66.9,12,30,40.0,2,2.8,2.0,-0.8,23,24,18,4,46,ar ARG,"FW,MF",Defensa y Just,Primera Division Argentina,25,1998,15.5,443,429,12,1,2,2,32,7,4,0,0,0,300,2,29,ar ARG,"FW,MF",Defensa y Just,Primera Division Argentina,25,1998,15.5,53,3.41,38,4,5,1,3,2,5,0.32,3,0,1,0,1,0,ar ARG,"FW,MF",Defensa y Just,Primera Division Argentina,25,1998,15.5,38,27,19,16,3,17,31,54.8,14,16,1,15,12,50,6,0,ar ARG,"FW,MF",Defensa y Just,Primera Division Argentina,25,1998,15.5,649,14,100,246,322,63,649,75,31,41.3,38,50.7,403,3067,1534,50,29,14,37,20,418,129,ar ARG,"FW,MF",Defensa y Just,Primera Division Argentina,25,1998,26,"1,396",54,57.4,15.5,16,72,2,10,25,0,1.69,24,9,+15,+0.97,+1.14,24.0,16.1,+7.9,+0.51,+0.88,ar ARG,"FW,MF",Defensa y Just,Primera Division Argentina,25,1998,15.5,3,0,0,22,19,6,32,12,27,0,0,0,104,16,12,57.1
Ricardo Solbes,ar ARG,MF,Defensa y Just,Primera Division Argentina,16,2006,1,0,5,0.1,0,0,0,0,0,0,0,0,0.0,0.0,0.0,0.0,0,0,0,0.00,0.00,0.00,0.00,0.00,0.00,0.00,0.00,0.00,0.00,ar ARG,MF,Defensa y Just,Primera Division Argentina,16,2006,0.1,0,0,0,0,0.00,0.00,0,0,0,0,0,0,0.0,0.0,0,0.0,0.0,ar ARG,MF,Defensa y Just,Primera Division Argentina,16,2006,0.1,3,3,100.0,23,0,2,2,100.0,0,0,0,0,0,0,0,0.0,0.0,0.0,0,0,0,0,0,ar ARG,MF,Defensa y Just,Primera Division Argentina,16,2006,0.1,3,3,0,0,0,0,0,0,0,0,0,0,3,0,0,ar ARG,MF,Defensa y Just,Primera Division Argentina,16,2006,0.1,0,0.00,0,0,0,0,0,0,0,0.00,0,0,0,0,0,0,ar ARG,MF,Defensa y Just,Primera Division Argentina,16,2006,0.1,0,0,0,0,0,0,0,0,0,0,0,0,1,1,0,0,ar ARG,MF,Defensa y Just,Primera Division Argentina,16,2006,0.1,5,0,0,5,0,0,5,0,0,0,0,0,3,3,1,0,0,0,1,0,3,0,ar ARG,MF,Defensa y Just,Primera Division Argentina,16,2006,1,5,5,0.2,0.1,0,0,0,1,5,1,0.00,0,1,-1,-18.00,-18.52,0.0,0.4,-0.4,-7.16,-7.31,ar ARG,MF,Defensa y Just,Primera Division Argentina,16,2006,0.1,0,0,0,0,0,0,0,1,0,0,0,0,1,0,0,0
Franco Soldano,ar ARG,"FW,MF",Gimnasia–LP,Primera Division Argentina,28,1994,20,16,"1,346",15.0,1,2,3,1,0,0,1,0,0.7,0.7,1.5,2.3,9,26,69,0.07,0.13,0.20,0.07,0.20,0.05,0.10,0.15,0.05,0.15,ar ARG,"FW,MF",Gimnasia–LP,Primera Division Argentina,28,1994,15.0,1,16,4,25.0,1.07,0.27,0.06,0.25,15.3,0,0,0,0.7,0.7,0.05,+0.3,+0.3,ar ARG,"FW,MF",Gimnasia–LP,Primera Division Argentina,28,1994,15.0,164,360,45.6,2493,915,83,155,53.5,61,122,50.0,10,33,30.3,2,1.5,1.0,+0.5,23,16,10,5,26,ar ARG,"FW,MF",Gimnasia–LP,Primera Division Argentina,28,1994,15.0,360,347,11,0,0,2,24,8,0,0,0,0,164,2,19,ar ARG,"FW,MF",Gimnasia–LP,Primera Division Argentina,28,1994,15.0,34,2.28,30,1,2,0,1,0,2,0.13,2,0,0,0,0,0,ar ARG,"FW,MF",Gimnasia–LP,Primera Division Argentina,28,1994,15.0,24,15,7,14,3,12,21,57.1,9,34,8,26,9,33,27,0,ar ARG,"FW,MF",Gimnasia–LP,Primera Division Argentina,28,1994,15.0,551,32,74,223,255,58,551,17,7,41.2,10,58.8,188,911,295,9,6,4,28,11,316,69,ar ARG,"FW,MF",Gimnasia–LP,Primera Division Argentina,28,1994,20,"1,346",67,55.4,15.0,16,78,7,4,26,4,1.24,13,20,-7,-0.47,+0.11,12.7,18.6,-5.9,-0.40,-0.53,ar ARG,"FW,MF",Gimnasia–LP,Primera Division Argentina,28,1994,15.0,1,0,0,12,12,5,24,9,15,0,0,0,41,98,89,52.4
Julio Soler,ar ARG,DF,Lanús,Primera Division Argentina,17,2005,3,2,209,2.3,0,0,0,0,0,0,0,0,0.0,0.0,0.0,0.0,1,10,5,0.00,0.00,0.00,0.00,0.00,0.00,0.01,0.01,0.00,0.01,ar ARG,DF,Lanús,Primera Division Argentina,17,2005,2.3,0,0,0,0,0.00,0.00,0,0,0,0,0,0,0.0,0.0,0,0.0,0.0,ar ARG,DF,Lanús,Primera Division Argentina,17,2005,2.3,83,103,80.6,1338,570,47,50,94.0,32,39,82.1,4,12,33.3,0,0.0,0.1,0.0,1,7,1,0,10,ar ARG,DF,Lanús,Primera Division Argentina,17,2005,2.3,103,80,23,0,0,0,3,23,0,0,0,0,83,0,2,ar ARG,DF,Lanús,Primera Division Argentina,17,2005,2.3,6,2.58,5,0,0,0,1,0,0,0.00,0,0,0,0,0,0,ar ARG,DF,Lanús,Primera Division Argentina,17,2005,2.3,4,2,4,0,0,2,3,66.7,1,3,1,2,2,6,7,0,ar ARG,DF,Lanús,Primera Division Argentina,17,2005,2.3,126,8,50,59,17,1,126,4,1,25.0,3,75.0,53,321,206,1,2,1,2,0,55,5,ar ARG,DF,Lanús,Primera Division Argentina,17,2005,3,209,70,8.6,2.3,2,90,2,1,29,19,2.33,3,2,+1,+0.43,+0.03,4.5,2.2,+2.4,+1.02,+0.76,ar ARG,DF,Lanús,Primera Division Argentina,17,2005,2.3,0,0,0,0,3,0,3,2,2,0,0,0,18,2,2,50.0
Jesús Soraire,ar ARG,MF,Cen. Córdoba–SdE,Primera Division Argentina,34,1988,19,4,631,7.0,1,0,1,1,0,0,2,0,1.0,1.0,0.1,1.2,7,39,13,0.14,0.00,0.14,0.14,0.14,0.15,0.02,0.17,0.15,0.17,ar ARG,MF,Cen. Córdoba–SdE,Primera Division Argentina,34,1988,7.0,1,5,3,60.0,0.71,0.43,0.20,0.33,16.7,0,0,0,1.0,1.0,0.21,0.0,0.0,ar ARG,MF,Cen. Córdoba–SdE,Primera Division Argentina,34,1988,7.0,223,303,73.6,4075,1159,105,128,82.0,73,93,78.5,36,56,64.3,0,0.1,0.2,-0.1,4,36,3,0,39,ar ARG,MF,Cen. Córdoba–SdE,Primera Division Argentina,34,1988,7.0,303,299,3,0,0,7,7,1,2,0,0,0,223,1,13,ar ARG,MF,Cen. Córdoba–SdE,Primera Division Argentina,34,1988,7.0,12,1.71,11,0,0,1,0,0,3,0.43,2,0,0,1,0,0,ar ARG,MF,Cen. Córdoba–SdE,Primera Division Argentina,34,1988,7.0,18,11,7,10,1,9,25,36.0,16,9,1,8,5,23,9,0,ar ARG,MF,Cen. Córdoba–SdE,Primera Division Argentina,34,1988,7.0,378,16,74,229,84,3,378,9,6,66.7,2,22.2,192,828,390,7,10,0,10,8,230,13,ar ARG,MF,Cen. Córdoba–SdE,Primera Division Argentina,34,1988,19,631,33,26.0,7.0,4,67,1,15,24,2,1.42,7,7,0,0.00,+0.50,5.9,11.8,-6.0,-0.85,-0.62,ar ARG,MF,Cen. Córdoba–SdE,Primera Division Argentina,34,1988,7.0,2,0,0,13,7,2,7,5,11,0,0,0,50,16,9,64.0
Ramiro Sordo,ar ARG,"FW,MF",Newell's OB,Primera Division Argentina,22,2000,22,18,"1,475",16.4,3,2,5,3,0,1,2,0,3.6,2.8,1.3,4.1,51,37,172,0.18,0.12,0.31,0.18,0.31,0.22,0.08,0.30,0.17,0.25,ar ARG,"FW,MF",Newell's OB,Primera Division Argentina,22,2000,16.4,3,32,14,43.8,1.95,0.85,0.09,0.21,26.8,2,0,1,3.6,2.8,0.09,-0.6,+0.2,ar ARG,"FW,MF",Newell's OB,Primera Division Argentina,22,2000,16.4,304,505,60.2,5402,1358,164,199,82.4,96,146,65.8,41,99,41.4,2,1.3,2.0,+0.7,23,23,19,5,37,ar ARG,"FW,MF",Newell's OB,Primera Division Argentina,22,2000,16.4,505,446,56,16,1,11,86,8,32,9,18,0,304,3,33,ar ARG,"FW,MF",Newell's OB,Primera Division Argentina,22,2000,16.4,47,2.86,25,12,4,1,5,0,3,0.18,0,2,0,0,1,0,ar ARG,"FW,MF",Newell's OB,Primera Division Argentina,22,2000,16.4,28,17,13,11,4,14,28,50.0,14,19,1,18,6,34,5,0,ar ARG,"FW,MF",Newell's OB,Primera Division Argentina,22,2000,16.4,729,5,84,310,350,29,728,89,43,48.3,38,42.7,503,4211,1698,51,44,8,57,13,533,172,ar ARG,"FW,MF",Newell's OB,Primera Division Argentina,22,2000,22,"1,475",67,60.7,16.4,18,76,6,4,26,0,1.36,15,16,-1,-0.06,-0.16,15.5,15.7,-0.2,-0.01,+0.08,ar ARG,"FW,MF",Newell's OB,Primera Division Argentina,22,2000,16.4,2,0,0,18,39,4,86,6,17,0,0,0,77,3,11,21.4
Alan Sosa,ar ARG,"MF,FW",Gimnasia–LP,Primera Division Argentina,19,2003,12,5,498,5.5,0,0,0,0,0,0,0,0,0.5,0.5,0.8,1.3,15,17,21,0.00,0.00,0.00,0.00,0.00,0.09,0.15,0.24,0.09,0.24,ar ARG,"MF,FW",Gimnasia–LP,Primera Division Argentina,19,2003,5.5,0,9,1,11.1,1.63,0.18,0.00,0.00,21.5,0,0,0,0.5,0.5,0.06,-0.5,-0.5,ar ARG,"MF,FW",Gimnasia–LP,Primera Division Argentina,19,2003,5.5,115,195,59.0,2030,758,60,77,77.9,36,58,62.1,14,38,36.8,0,0.8,0.7,-0.8,4,20,2,1,17,ar ARG,"MF,FW",Gimnasia–LP,Primera Division Argentina,19,2003,5.5,195,168,27,11,1,1,32,3,13,9,2,0,115,0,10,ar ARG,"MF,FW",Gimnasia–LP,Primera Division Argentina,19,2003,5.5,16,2.88,9,3,3,1,0,0,3,0.54,1,1,0,1,0,0,ar ARG,"MF,FW",Gimnasia–LP,Primera Division Argentina,19,2003,5.5,7,5,2,3,2,4,9,44.4,5,12,0,12,5,12,2,0,ar ARG,"MF,FW",Gimnasia–LP,Primera Division Argentina,19,2003,5.5,283,5,45,129,118,8,283,29,14,48.3,13,44.8,150,991,519,15,13,3,14,5,138,21,ar ARG,"MF,FW",Gimnasia–LP,Primera Division Argentina,19,2003,12,498,42,20.5,5.5,5,72,1,7,20,3,1.00,6,9,-3,-0.54,-0.03,7.4,6.2,+1.2,+0.22,+0.48,ar ARG,"MF,FW",Gimnasia–LP,Primera Division Argentina,19,2003,5.5,0,0,0,5,5,1,32,5,5,0,0,0,57,3,7,30.0
José Sosa,ar ARG,"MF,FW",Estudiantes–LP,Primera Division Argentina,37,1985,17,7,802,8.9,2,3,5,2,0,0,1,0,1.0,1.0,2.7,3.6,20,76,48,0.22,0.34,0.56,0.22,0.56,0.11,0.30,0.40,0.11,0.40,ar ARG,"MF,FW",Estudiantes–LP,Primera Division Argentina,37,1985,8.9,2,13,7,53.8,1.46,0.79,0.15,0.29,22.2,4,0,0,1.0,1.0,0.07,+1.0,+1.0,ar ARG,"MF,FW",Estudiantes–LP,Primera Division Argentina,37,1985,8.9,438,564,77.7,7604,2473,217,247,87.9,149,185,80.5,57,96,59.4,3,2.7,2.0,+0.3,24,61,17,2,76,ar ARG,"MF,FW",Estudiantes–LP,Primera Division Argentina,37,1985,8.9,564,518,43,18,0,3,43,1,24,8,14,1,438,3,12,ar ARG,"MF,FW",Estudiantes–LP,Primera Division Argentina,37,1985,8.9,45,5.05,29,12,0,2,1,1,4,0.45,3,0,0,1,0,0,ar ARG,"MF,FW",Estudiantes–LP,Primera Division Argentina,37,1985,8.9,25,19,8,10,7,10,27,37.0,17,16,1,15,4,29,8,0,ar ARG,"MF,FW",Estudiantes–LP,Primera Division Argentina,37,1985,8.9,662,11,70,379,224,20,662,17,5,29.4,11,64.7,379,1950,1025,20,23,1,15,8,453,48,ar ARG,"MF,FW",Estudiantes–LP,Primera Division Argentina,37,1985,17,802,47,33.0,8.9,7,72,3,10,30,3,1.65,14,8,+6,+0.67,+0.40,15.1,6.5,+8.6,+0.96,+0.90,ar ARG,"MF,FW",Estudiantes–LP,Primera Division Argentina,37,1985,8.9,1,0,0,6,12,1,43,4,19,0,0,0,81,8,18,30.8
Nicolás Sosa,uy URU,"MF,FW",Banfield,Primera Division Argentina,26,1996,23,12,"1,067",11.9,1,1,2,1,0,0,2,0,1.4,1.4,1.0,2.5,15,15,48,0.08,0.08,0.17,0.08,0.17,0.12,0.09,0.21,0.12,0.21,uy URU,"MF,FW",Banfield,Primera Division Argentina,26,1996,11.9,1,20,3,15.0,1.69,0.25,0.05,0.33,15.5,0,0,0,1.4,1.4,0.07,-0.4,-0.4,uy URU,"MF,FW",Banfield,Primera Division Argentina,26,1996,11.9,140,244,57.4,1863,431,85,138,61.6,42,61,68.9,4,11,36.4,1,1.0,0.6,0.0,11,9,3,0,15,uy URU,"MF,FW",Banfield,Primera Division Argentina,26,1996,11.9,244,238,2,0,1,0,9,1,0,0,0,0,140,4,13,uy URU,"MF,FW",Banfield,Primera Division Argentina,26,1996,11.9,30,2.54,15,0,7,3,5,0,5,0.42,2,0,2,1,0,0,uy URU,"MF,FW",Banfield,Primera Division Argentina,26,1996,11.9,29,16,8,12,9,13,31,41.9,18,20,2,18,6,35,26,0,uy URU,"MF,FW",Banfield,Primera Division Argentina,26,1996,11.9,429,23,69,175,193,55,429,25,11,44.0,13,52.0,171,750,340,15,5,4,35,12,238,48,uy URU,"MF,FW",Banfield,Primera Division Argentina,26,1996,23,"1,067",46,43.9,11.9,12,70,1,11,20,2,1.26,11,11,0,0.00,+0.73,13.9,11.8,+2.2,+0.18,+0.29,uy URU,"MF,FW",Banfield,Primera Division Argentina,26,1996,11.9,2,0,0,13,17,3,9,6,16,0,0,0,54,51,61,45.5
Ramón Sosa,py PAR,FW,Talleres,Primera Division Argentina,23,1999,22,20,"1,500",16.7,4,4,8,4,0,0,2,0,5.6,5.6,3.4,8.9,62,49,135,0.24,0.24,0.48,0.24,0.48,0.33,0.20,0.53,0.33,0.53,py PAR,FW,Talleres,Primera Division Argentina,23,1999,16.7,4,24,9,37.5,1.44,0.54,0.17,0.44,18.4,1,0,0,5.6,5.6,0.23,-1.6,-1.6,py PAR,FW,Talleres,Primera Division Argentina,23,1999,16.7,337,491,68.6,5645,1298,172,219,78.5,111,153,72.5,39,73,53.4,4,3.4,2.7,+0.6,32,27,20,7,49,py PAR,FW,Talleres,Primera Division Argentina,23,1999,16.7,491,462,25,4,1,13,39,10,10,0,4,0,337,4,20,py PAR,FW,Talleres,Primera Division Argentina,23,1999,16.7,82,4.92,56,4,14,0,7,1,13,0.78,9,0,2,0,2,0,py PAR,FW,Talleres,Primera Division Argentina,23,1999,16.7,10,6,3,6,1,4,15,26.7,11,17,1,16,5,15,4,0,py PAR,FW,Talleres,Primera Division Argentina,23,1999,16.7,686,2,60,325,322,57,686,112,64,57.1,38,33.9,422,3353,1861,62,41,27,49,22,489,135,py PAR,FW,Talleres,Primera Division Argentina,23,1999,22,"1,500",68,61.7,16.7,20,72,4,2,34,0,2.14,33,12,+21,+1.26,+1.45,30.9,15.1,+15.7,+0.94,+0.94,py PAR,FW,Talleres,Primera Division Argentina,23,1999,16.7,2,0,0,20,25,3,39,5,6,2,0,0,92,27,32,45.8
Sebastián Sosa,uy URU,FW,Banfield,Primera Division Argentina,28,1994,23,10,881,9.8,1,0,1,1,0,0,1,1,1.9,1.9,1.9,3.8,4,21,44,0.10,0.00,0.10,0.10,0.10,0.20,0.19,0.39,0.20,0.39,uy URU,FW,Banfield,Primera Division Argentina,28,1994,9.8,1,18,7,38.9,1.84,0.72,0.06,0.14,16.2,0,0,0,1.9,1.9,0.11,-0.9,-0.9,uy URU,FW,Banfield,Primera Division Argentina,28,1994,9.8,136,208,65.4,1647,534,95,126,75.4,28,48,58.3,4,6,66.7,0,1.9,0.6,-1.9,13,15,3,0,21,uy URU,FW,Banfield,Primera Division Argentina,28,1994,9.8,208,197,9,0,0,0,2,0,0,0,0,0,136,2,7,uy URU,FW,Banfield,Primera Division Argentina,28,1994,9.8,19,1.94,17,0,1,1,0,0,0,0.00,0,0,0,0,0,0,uy URU,FW,Banfield,Primera Division Argentina,28,1994,9.8,7,5,0,4,3,2,16,12.5,14,13,3,10,6,13,10,0,uy URU,FW,Banfield,Primera Division Argentina,28,1994,9.8,315,8,24,161,130,41,315,8,6,75.0,2,25.0,130,513,135,4,3,4,22,15,214,44,uy URU,FW,Banfield,Primera Division Argentina,28,1994,23,881,38,36.3,9.8,10,65,1,13,18,3,1.09,7,12,-5,-0.51,-0.16,10.4,12.3,-1.9,-0.20,-0.35,uy URU,FW,Banfield,Primera Division Argentina,28,1994,9.8,1,1,0,8,6,2,2,6,5,0,0,0,35,55,53,50.9
David Sotelo,ar ARG,MF,Newell's OB,Primera Division Argentina,19,2003,4,1,102,1.1,0,0,0,0,0,0,0,0,0.1,0.1,0.0,0.1,1,11,1,0.00,0.00,0.00,0.00,0.00,0.04,0.00,0.04,0.04,0.04,ar ARG,MF,Newell's OB,Primera Division Argentina,19,2003,1.1,0,2,0,0.0,1.76,0.00,0.00,0,24.8,0,0,0,0.1,0.1,0.03,-0.1,-0.1,ar ARG,MF,Newell's OB,Primera Division Argentina,19,2003,1.1,58,63,92.1,1138,291,20,20,100.0,31,33,93.9,7,10,70.0,0,0.0,0.1,0.0,0,10,1,0,11,ar ARG,MF,Newell's OB,Primera Division Argentina,19,2003,1.1,63,56,7,3,0,1,3,0,2,1,0,1,58,0,0,ar ARG,MF,Newell's OB,Primera Division Argentina,19,2003,1.1,1,0.88,1,0,0,0,0,0,0,0.00,0,0,0,0,0,0,ar ARG,MF,Newell's OB,Primera Division Argentina,19,2003,1.1,1,1,0,1,0,0,0,0,0,0,0,0,1,2,2,0,ar ARG,MF,Newell's OB,Primera Division Argentina,19,2003,1.1,72,2,6,58,8,0,72,1,1,100.0,0,0.0,40,268,130,1,1,0,2,2,46,1,ar ARG,MF,Newell's OB,Primera Division Argentina,19,2003,4,102,26,4.2,1.1,1,67,0,3,12,9,1.75,1,1,0,0.00,0.00,1.9,0.4,+1.5,+1.29,+1.40,ar ARG,MF,Newell's OB,Primera Division Argentina,19,2003,1.1,0,0,0,1,1,0,3,1,1,0,0,0,8,1,1,50.0
Alexis Soto,ar ARG,DF,Defensa y Just,Primera Division Argentina,29,1993,24,24,"2,024",22.5,0,1,1,0,0,0,5,1,0.2,0.2,1.9,2.1,24,90,43,0.00,0.04,0.04,0.00,0.04,0.01,0.08,0.09,0.01,0.09,ar ARG,DF,Defensa y Just,Primera Division Argentina,29,1993,22.5,0,6,0,0.0,0.27,0.00,0.00,0,27.1,0,0,0,0.2,0.2,0.03,-0.2,-0.2,ar ARG,DF,Defensa y Just,Primera Division Argentina,29,1993,22.5,827,1124,73.6,15320,6206,347,397,87.4,369,475,77.7,98,184,53.3,1,1.9,1.5,-0.9,19,69,17,5,90,ar ARG,DF,Defensa y Just,Primera Division Argentina,29,1993,22.5,1124,892,227,25,3,16,38,199,3,0,2,0,827,5,38,ar ARG,DF,Defensa y Just,Primera Division Argentina,29,1993,22.5,33,1.47,24,6,2,0,1,0,2,0.09,1,1,0,0,0,0,ar ARG,DF,Defensa y Just,Primera Division Argentina,29,1993,22.5,50,31,27,21,2,25,58,43.1,33,29,7,22,35,85,67,1,ar ARG,DF,Defensa y Just,Primera Division Argentina,29,1993,22.5,1365,93,487,607,290,7,1365,43,23,53.5,18,41.9,619,3142,1677,24,26,1,21,9,688,43,ar ARG,DF,Defensa y Just,Primera Division Argentina,29,1993,24,"2,024",84,83.3,22.5,24,84,18,0,0,0,1.58,26,18,+8,+0.36,-0.75,30.5,28.0,+2.6,+0.12,-0.12,ar ARG,DF,Defensa y Just,Primera Division Argentina,29,1993,22.5,5,1,0,30,11,0,38,35,31,0,0,0,147,27,26,50.9
Guillermo Soto,cl CHI,DF,Huracán,Primera Division Argentina,29,1994,20,19,"1,659",18.4,0,0,0,0,0,0,2,0,0.3,0.3,1.1,1.4,47,57,79,0.00,0.00,0.00,0.00,0.00,0.01,0.06,0.08,0.01,0.08,cl CHI,DF,Huracán,Primera Division Argentina,29,1994,18.4,0,6,1,16.7,0.33,0.05,0.00,0.00,21.8,0,0,0,0.3,0.3,0.04,-0.3,-0.3,cl CHI,DF,Huracán,Primera Division Argentina,29,1994,18.4,581,850,68.4,9615,4435,286,328,87.2,246,353,69.7,38,112,33.9,0,1.1,1.5,-1.1,18,47,23,18,57,cl CHI,DF,Huracán,Primera Division Argentina,29,1994,18.4,850,613,236,6,0,3,75,230,0,0,0,0,581,1,31,cl CHI,DF,Huracán,Primera Division Argentina,29,1994,18.4,40,2.17,26,8,2,1,2,1,1,0.05,1,0,0,0,0,0,cl CHI,DF,Huracán,Primera Division Argentina,29,1994,18.4,52,38,27,19,6,28,46,60.9,18,21,5,16,24,76,41,0,cl CHI,DF,Huracán,Primera Division Argentina,29,1994,18.4,1048,47,260,468,338,11,1048,44,22,50.0,15,34.1,430,2990,1476,47,46,4,16,7,468,79,cl CHI,DF,Huracán,Primera Division Argentina,29,1994,20,"1,659",83,68.3,18.4,19,87,16,1,7,1,0.90,13,21,-8,-0.43,-0.08,16.5,16.3,+0.2,+0.01,-0.03,cl CHI,DF,Huracán,Primera Division Argentina,29,1994,18.4,2,0,0,22,16,1,75,24,38,0,0,1,92,33,22,60.0
Lucas Souto,ar ARG,DF,Arsenal,Primera Division Argentina,24,1998,22,21,"1,862",20.7,0,1,1,0,0,0,7,0,1.4,1.4,1.6,3.0,36,76,72,0.00,0.05,0.05,0.00,0.05,0.07,0.08,0.14,0.07,0.14,ar ARG,DF,Arsenal,Primera Division Argentina,24,1998,20.7,0,13,0,0.0,0.63,0.00,0.00,0,10.9,0,0,0,1.4,1.4,0.11,-1.4,-1.4,ar ARG,DF,Arsenal,Primera Division Argentina,24,1998,20.7,571,873,65.4,9193,4698,276,345,80.0,249,380,65.5,32,95,33.7,1,1.6,1.6,-0.6,14,54,10,6,76,ar ARG,DF,Arsenal,Primera Division Argentina,24,1998,20.7,873,619,251,12,1,2,33,239,0,0,0,0,571,3,26,ar ARG,DF,Arsenal,Primera Division Argentina,24,1998,20.7,36,1.74,25,5,1,2,2,1,1,0.05,1,0,0,0,0,0,ar ARG,DF,Arsenal,Primera Division Argentina,24,1998,20.7,53,38,29,17,7,29,39,74.4,10,18,4,14,19,72,64,0,ar ARG,DF,Arsenal,Primera Division Argentina,24,1998,20.7,1122,73,368,492,283,32,1122,71,35,49.3,32,45.1,419,3015,1508,36,24,4,29,18,461,72,ar ARG,DF,Arsenal,Primera Division Argentina,24,1998,22,"1,862",85,76.6,20.7,21,88,18,1,13,0,0.73,12,25,-13,-0.63,-0.15,16.0,24.5,-8.5,-0.41,+0.08,ar ARG,DF,Arsenal,Primera Division Argentina,24,1998,20.7,7,0,0,30,9,7,33,19,38,0,0,0,120,52,29,64.2
Pedro Souto,ar ARG,DF,Banfield,Primera Division Argentina,22,2000,8,7,604,6.7,0,0,0,0,0,0,1,0,0.0,0.0,0.0,0.0,5,19,10,0.00,0.00,0.00,0.00,0.00,0.00,0.00,0.00,0.00,0.00,ar ARG,DF,Banfield,Primera Division Argentina,22,2000,6.7,0,1,0,0.0,0.15,0.00,0.00,0,32.6,0,0,0,0.0,0.0,0.02,0.0,0.0,ar ARG,DF,Banfield,Primera Division Argentina,22,2000,6.7,183,282,64.9,2933,1833,102,115,88.7,57,87,65.5,18,54,33.3,0,0.0,0.2,0.0,1,22,2,0,19,ar ARG,DF,Banfield,Primera Division Argentina,22,2000,6.7,282,224,56,1,0,1,11,55,0,0,0,0,183,2,15,ar ARG,DF,Banfield,Primera Division Argentina,22,2000,6.7,4,0.60,4,0,0,0,0,0,0,0.00,0,0,0,0,0,0,ar ARG,DF,Banfield,Primera Division Argentina,22,2000,6.7,14,11,7,7,0,8,16,50.0,8,9,0,9,13,27,18,0,ar ARG,DF,Banfield,Primera Division Argentina,22,2000,6.7,369,15,132,177,63,6,369,9,4,44.4,5,55.6,149,604,311,5,6,2,8,2,156,10,ar ARG,DF,Banfield,Primera Division Argentina,22,2000,8,604,76,24.9,6.7,7,81,3,1,35,17,1.38,4,6,-2,-0.30,+0.15,8.6,6.8,+1.8,+0.27,+0.34,ar ARG,DF,Banfield,Primera Division Argentina,22,2000,6.7,1,0,0,5,3,0,11,13,11,0,0,0,50,10,3,76.9
Agostino Spina,ar ARG,MF,Huracán,Primera Division Argentina,21,2001,5,4,307,3.4,0,0,0,0,0,0,1,0,0.1,0.1,0.0,0.1,1,18,0,0.00,0.00,0.00,0.00,0.00,0.02,0.00,0.02,0.02,0.02,ar ARG,MF,Huracán,Primera Division Argentina,21,2001,3.4,0,3,1,33.3,0.88,0.29,0.00,0.00,26.1,0,0,0,0.1,0.1,0.03,-0.1,-0.1,ar ARG,MF,Huracán,Primera Division Argentina,21,2001,3.4,92,132,69.7,1701,374,34,45,75.6,49,63,77.8,8,18,44.4,0,0.0,0.0,0.0,0,10,1,0,18,ar ARG,MF,Huracán,Primera Division Argentina,21,2001,3.4,132,129,3,0,0,0,0,1,0,0,0,0,92,0,2,ar ARG,MF,Huracán,Primera Division Argentina,21,2001,3.4,2,0.59,0,0,0,2,0,0,0,0.00,0,0,0,0,0,0,ar ARG,MF,Huracán,Primera Division Argentina,21,2001,3.4,6,4,2,4,0,2,9,22.2,7,3,2,1,10,16,8,0,ar ARG,MF,Huracán,Primera Division Argentina,21,2001,3.4,165,7,43,105,20,1,165,5,3,60.0,1,20.0,61,290,106,1,1,0,1,1,71,0,ar ARG,MF,Huracán,Primera Division Argentina,21,2001,5,307,61,12.6,3.4,4,71,1,1,23,6,1.40,2,2,0,0.00,+0.47,3.1,2.4,+0.6,+0.18,+0.18,ar ARG,MF,Huracán,Primera Division Argentina,21,2001,3.4,1,0,0,7,3,0,0,10,4,0,0,0,31,2,4,33.3
Adrián Sporle,ar ARG,DF,Arsenal,Primera Division Argentina,27,1995,25,24,"2,056",22.8,1,0,1,1,0,0,4,1,0.7,0.7,0.8,1.5,55,95,80,0.04,0.00,0.04,0.04,0.04,0.03,0.04,0.07,0.03,0.07,ar ARG,DF,Arsenal,Primera Division Argentina,27,1995,22.8,1,15,3,20.0,0.66,0.13,0.07,0.33,19.9,0,0,0,0.7,0.7,0.05,+0.3,+0.3,ar ARG,DF,Arsenal,Primera Division Argentina,27,1995,22.8,738,1086,68.0,12721,6433,358,431,83.1,299,440,68.0,68,152,44.7,0,0.8,1.2,-0.8,15,57,10,4,95,ar ARG,DF,Arsenal,Primera Division Argentina,27,1995,22.8,1086,838,246,10,2,7,78,234,1,0,0,0,738,2,40,ar ARG,DF,Arsenal,Primera Division Argentina,27,1995,22.8,33,1.44,26,4,1,1,0,1,2,0.09,2,0,0,0,0,0,ar ARG,DF,Arsenal,Primera Division Argentina,27,1995,22.8,62,35,34,20,8,31,58,53.4,27,38,7,31,34,96,54,0,ar ARG,DF,Arsenal,Primera Division Argentina,27,1995,22.8,1386,79,450,583,372,26,1386,76,41,53.9,31,40.8,573,3781,2019,55,32,3,41,21,603,80,ar ARG,DF,Arsenal,Primera Division Argentina,27,1995,25,"2,056",82,84.6,22.8,24,84,19,1,33,0,0.88,17,26,-9,-0.39,+1.29,20.3,29.5,-9.2,-0.40,+0.18,ar ARG,DF,Arsenal,Primera Division Argentina,27,1995,22.8,4,1,0,28,4,0,78,34,35,0,0,0,170,30,28,51.7
Alexis Steimbach,ar ARG,FW,Gimnasia–LP,Primera Division Argentina,20,2002,12,5,487,5.4,0,0,0,0,0,0,2,0,1.0,1.0,0.4,1.4,7,17,25,0.00,0.00,0.00,0.00,0.00,0.18,0.08,0.26,0.18,0.26,ar ARG,FW,Gimnasia–LP,Primera Division Argentina,20,2002,5.4,0,10,4,40.0,1.85,0.74,0.00,0.00,17.9,0,0,0,1.0,1.0,0.10,-1.0,-1.0,ar ARG,FW,Gimnasia–LP,Primera Division Argentina,20,2002,5.4,75,152,49.3,1469,600,31,54,57.4,30,58,51.7,12,28,42.9,0,0.4,0.5,-0.4,7,10,4,3,17,ar ARG,FW,Gimnasia–LP,Primera Division Argentina,20,2002,5.4,152,148,1,0,2,3,18,1,0,0,0,0,75,3,4,ar ARG,FW,Gimnasia–LP,Primera Division Argentina,20,2002,5.4,11,2.03,6,1,1,2,1,0,0,0.00,0,0,0,0,0,0,ar ARG,FW,Gimnasia–LP,Primera Division Argentina,20,2002,5.4,20,9,10,8,2,10,23,43.5,13,11,3,8,3,23,13,0,ar ARG,FW,Gimnasia–LP,Primera Division Argentina,20,2002,5.4,240,13,47,106,94,13,240,23,10,43.5,11,47.8,130,544,247,7,9,1,14,6,129,25,ar ARG,FW,Gimnasia–LP,Primera Division Argentina,20,2002,12,487,41,20.0,5.4,5,72,1,7,18,14,1.42,6,9,-3,-0.55,-0.04,6.6,8.4,-1.8,-0.34,-0.22,ar ARG,FW,Gimnasia–LP,Primera Division Argentina,20,2002,5.4,2,0,0,6,6,1,18,3,9,0,0,0,43,17,16,51.5
Lucas Suárez,ar ARG,DF,Talleres,Primera Division Argentina,27,1995,13,10,994,11.0,0,0,0,0,0,0,3,1,0.2,0.2,0.0,0.2,9,35,6,0.00,0.00,0.00,0.00,0.00,0.02,0.00,0.02,0.02,0.02,ar ARG,DF,Talleres,Primera Division Argentina,27,1995,11.0,0,5,0,0.0,0.45,0.00,0.00,0,16.2,0,0,0,0.2,0.2,0.04,-0.2,-0.2,ar ARG,DF,Talleres,Primera Division Argentina,27,1995,11.0,399,518,77.0,8123,3281,127,158,80.4,200,235,85.1,65,109,59.6,0,0.0,0.1,0.0,1,22,1,0,35,ar ARG,DF,Talleres,Primera Division Argentina,27,1995,11.0,518,494,23,11,0,8,3,12,0,0,0,0,399,1,3,ar ARG,DF,Talleres,Primera Division Argentina,27,1995,11.0,5,0.45,3,1,0,1,0,0,1,0.09,0,1,0,0,0,0,ar ARG,DF,Talleres,Primera Division Argentina,27,1995,11.0,24,17,20,4,0,19,24,79.2,5,11,4,7,17,41,50,0,ar ARG,DF,Talleres,Primera Division Argentina,27,1995,11.0,658,57,352,280,28,14,658,10,4,40.0,5,50.0,319,1817,1071,9,1,2,6,2,363,6,ar ARG,DF,Talleres,Primera Division Argentina,27,1995,13,994,76,40.9,11.0,10,87,9,3,41,4,1.92,22,10,+12,+1.09,+0.65,20.9,12.3,+8.6,+0.78,+0.33,ar ARG,DF,Talleres,Primera Division Argentina,27,1995,11.0,3,1,1,14,11,0,3,17,17,0,0,0,64,40,29,58.0
Matías Suárez,ar ARG,"FW,MF",River Plate,Primera Division Argentina,34,1988,10,0,184,2.0,2,1,3,2,0,0,0,0,1.4,1.4,1.1,2.5,3,6,16,0.98,0.49,1.47,0.98,1.47,0.67,0.56,1.23,0.67,1.23,ar ARG,"FW,MF",River Plate,Primera Division Argentina,34,1988,2.0,2,8,4,50.0,3.91,1.96,0.25,0.50,13.6,0,0,0,1.4,1.4,0.17,+0.6,+0.6,ar ARG,"FW,MF",River Plate,Primera Division Argentina,34,1988,2.0,35,52,67.3,405,139,29,37,78.4,3,7,42.9,2,2,100.0,1,1.1,0.8,-0.1,4,3,2,0,6,ar ARG,"FW,MF",River Plate,Primera Division Argentina,34,1988,2.0,52,50,0,0,0,0,3,0,0,0,0,0,35,2,0,ar ARG,"FW,MF",River Plate,Primera Division Argentina,34,1988,2.0,6,2.95,5,0,1,0,0,0,2,0.98,2,0,0,0,0,0,ar ARG,"FW,MF",River Plate,Primera Division Argentina,34,1988,2.0,2,2,1,1,0,1,2,50.0,1,4,1,3,0,2,2,0,ar ARG,"FW,MF",River Plate,Primera Division Argentina,34,1988,2.0,86,2,8,29,51,17,86,5,1,20.0,4,80.0,50,156,79,3,2,2,12,0,60,16,ar ARG,"FW,MF",River Plate,Primera Division Argentina,34,1988,10,184,18,7.6,2.0,0,0,0,10,18,5,2.30,8,2,+6,+2.93,+1.97,7.7,1.4,+6.3,+3.10,+2.35,ar ARG,"FW,MF",River Plate,Primera Division Argentina,34,1988,2.0,0,0,0,1,2,4,3,0,2,0,0,0,6,1,4,20.0
Gastón Suso,ar ARG,DF,Platense,Primera Division Argentina,31,1991,13,11,"1,010",11.2,1,0,1,1,0,0,7,0,0.2,0.2,0.0,0.2,8,39,1,0.09,0.00,0.09,0.09,0.09,0.01,0.00,0.01,0.01,0.01,ar ARG,DF,Platense,Primera Division Argentina,31,1991,11.2,1,5,3,60.0,0.45,0.27,0.20,0.33,20.0,0,0,0,0.2,0.2,0.03,+0.8,+0.8,ar ARG,DF,Platense,Primera Division Argentina,31,1991,11.2,319,438,72.8,7107,3068,68,91,74.7,190,226,84.1,57,107,53.3,0,0.0,0.2,0.0,0,20,3,0,39,ar ARG,DF,Platense,Primera Division Argentina,31,1991,11.2,438,423,14,14,0,2,0,0,0,0,0,0,319,1,3,ar ARG,DF,Platense,Primera Division Argentina,31,1991,11.2,6,0.53,5,0,0,0,1,0,2,0.18,2,0,0,0,0,0,ar ARG,DF,Platense,Primera Division Argentina,31,1991,11.2,18,10,9,9,0,7,8,87.5,1,12,7,5,27,45,63,0,ar ARG,DF,Platense,Primera Division Argentina,31,1991,11.2,583,59,310,252,21,10,583,3,2,66.7,1,33.3,236,1390,714,8,3,0,3,2,262,1,ar ARG,DF,Platense,Primera Division Argentina,31,1991,13,"1,010",78,41.6,11.2,11,90,11,2,10,10,1.29,13,19,-6,-0.53,-0.72,9.0,15.2,-6.3,-0.56,-0.29,ar ARG,DF,Platense,Primera Division Argentina,31,1991,11.2,7,0,0,11,4,0,0,27,10,0,0,0,60,35,26,57.4
Joaquín Susvielles,ar ARG,"FW,DF",Belgrano,Primera Division Argentina,31,1991,11,0,178,2.0,0,0,0,0,0,0,0,0,0.1,0.1,0.1,0.2,3,4,18,0.00,0.00,0.00,0.00,0.00,0.05,0.03,0.08,0.05,0.08,ar ARG,"FW,DF",Belgrano,Primera Division Argentina,31,1991,2.0,0,2,2,100.0,1.01,1.01,0.00,0.00,14.0,0,0,0,0.1,0.1,0.05,-0.1,-0.1,ar ARG,"FW,DF",Belgrano,Primera Division Argentina,31,1991,2.0,42,70,60.0,649,76,26,38,68.4,12,19,63.2,3,5,60.0,0,0.1,0.3,-0.1,1,3,1,1,4,ar ARG,"FW,DF",Belgrano,Primera Division Argentina,31,1991,2.0,70,68,1,0,0,0,2,0,0,0,0,0,42,1,3,ar ARG,"FW,DF",Belgrano,Primera Division Argentina,31,1991,2.0,1,0.51,1,0,0,0,0,0,0,0.00,0,0,0,0,0,0,ar ARG,"FW,DF",Belgrano,Primera Division Argentina,31,1991,2.0,3,0,1,1,1,1,1,100.0,0,3,1,2,0,3,8,0,ar ARG,"FW,DF",Belgrano,Primera Division Argentina,31,1991,2.0,97,9,13,36,48,12,97,4,4,100.0,0,0.0,44,240,68,3,3,3,5,4,76,18,ar ARG,"FW,DF",Belgrano,Primera Division Argentina,31,1991,11,178,16,7.3,2.0,0,0,0,11,16,12,0.91,0,3,-3,-1.52,-1.40,1.4,4.9,-3.5,-1.76,-1.61,ar ARG,"FW,DF",Belgrano,Primera Division Argentina,31,1991,2.0,0,0,0,4,2,1,2,0,0,0,0,0,3,14,8,63.6
Facundo Taborda,ar ARG,"FW,MF",Colón,Primera Division Argentina,22,2001,2,0,14,0.2,0,0,0,0,0,0,0,0,0.0,0.0,0.0,0.0,1,0,1,0.00,0.00,0.00,0.00,0.00,0.00,0.00,0.00,0.00,0.00,ar ARG,"FW,MF",Colón,Primera Division Argentina,22,2001,0.2,0,0,0,0,0.00,0.00,0,0,0,0,0,0,0.0,0.0,0,0.0,0.0,ar ARG,"FW,MF",Colón,Primera Division Argentina,22,2001,0.2,4,6,66.7,73,31,1,1,100.0,3,3,100.0,0,2,0.0,0,0.0,0.0,0.0,0,0,0,0,0,ar ARG,"FW,MF",Colón,Primera Division Argentina,22,2001,0.2,6,4,2,0,0,0,1,2,0,0,0,0,4,0,0,ar ARG,"FW,MF",Colón,Primera Division Argentina,22,2001,0.2,1,6.43,0,0,1,0,0,0,0,0.00,0,0,0,0,0,0,ar ARG,"FW,MF",Colón,Primera Division Argentina,22,2001,0.2,1,1,0,1,0,0,1,0.0,1,2,0,2,0,1,0,0,ar ARG,"FW,MF",Colón,Primera Division Argentina,22,2001,0.2,11,0,1,8,2,0,11,2,1,50.0,1,50.0,5,53,21,1,0,0,1,0,5,1,ar ARG,"FW,MF",Colón,Primera Division Argentina,22,2001,2,14,7,0.6,0.2,0,0,0,2,7,2,1.00,0,0,0,0.00,+0.48,0.1,0.1,0.0,-0.20,+0.22,ar ARG,"FW,MF",Colón,Primera Division Argentina,22,2001,0.2,0,0,0,0,0,0,1,0,1,0,0,0,0,0,0,0
Vicente Taborda,ar ARG,"MF,FW",Platense,Primera Division Argentina,21,2001,25,20,"1,773",19.7,2,3,5,1,1,1,5,0,1.8,1.0,2.3,3.3,63,84,119,0.10,0.15,0.25,0.05,0.20,0.09,0.12,0.21,0.05,0.17,ar ARG,"MF,FW",Platense,Primera Division Argentina,21,2001,19.7,2,25,5,20.0,1.27,0.25,0.04,0.20,24.6,3,1,1,1.8,1.0,0.04,+0.2,0.0,ar ARG,"MF,FW",Platense,Primera Division Argentina,21,2001,19.7,497,774,64.2,8009,2933,276,353,78.2,136,196,69.4,61,142,43.0,3,2.3,2.2,+0.7,36,65,19,1,84,ar ARG,"MF,FW",Platense,Primera Division Argentina,21,2001,19.7,774,661,109,43,5,8,82,10,49,10,34,0,497,4,37,ar ARG,"MF,FW",Platense,Primera Division Argentina,21,2001,19.7,86,4.37,48,17,11,1,8,1,8,0.41,4,1,1,0,2,0,ar ARG,"MF,FW",Platense,Primera Division Argentina,21,2001,19.7,35,26,13,19,3,13,36,36.1,23,23,0,23,8,43,1,0,ar ARG,"MF,FW",Platense,Primera Division Argentina,21,2001,19.7,1091,3,111,564,444,28,1090,147,88,59.9,49,33.3,626,3955,1877,63,40,13,85,47,670,119,ar ARG,"MF,FW",Platense,Primera Division Argentina,21,2001,25,"1,773",71,73.0,19.7,20,82,5,5,28,0,1.28,18,22,-4,-0.20,-0.34,17.3,24.1,-6.8,-0.34,+0.17,ar ARG,"MF,FW",Platense,Primera Division Argentina,21,2001,19.7,5,0,0,22,48,1,82,8,26,1,0,0,155,10,20,33.3
Matías Tagliamonte,ar ARG,GK,Racing Club,Primera Division Argentina,24,1998,4,3,296,3.3,0,0,0,0,0,0,0,0,0.0,0.0,0.0,0.0,0,0,0,0.00,0.00,0.00,0.00,0.00,0.00,0.00,0.00,0.00,0.00,ar ARG,GK,Racing Club,Primera Division Argentina,24,1998,3.3,0,0,0,0,0.00,0.00,0,0,0,0,0,0,0.0,0.0,0,0.0,0.0,ar ARG,GK,Racing Club,Primera Division Argentina,24,1998,3.3,68,98,69.4,1784,1468,19,19,100.0,27,28,96.4,21,50,42.0,0,0.0,0.0,0.0,0,1,0,0,0,ar ARG,GK,Racing Club,Primera Division Argentina,24,1998,3.3,98,59,39,9,0,0,0,0,0,0,0,0,68,0,0,ar ARG,GK,Racing Club,Primera Division Argentina,24,1998,3.3,0,0.00,0,0,0,0,0,0,0,0.00,0,0,0,0,0,0,ar ARG,GK,Racing Club,Primera Division Argentina,24,1998,3.3,0,0,0,0,0,0,0,0,0,0,0,0,0,0,1,0,ar ARG,GK,Racing Club,Primera Division Argentina,24,1998,3.3,104,85,103,1,0,0,104,0,0,0,0,0,46,294,141,0,0,0,0,0,34,0,ar ARG,GK,Racing Club,Primera Division Argentina,24,1998,4,296,74,12.2,3.3,3,90,3,1,26,23,1.25,4,5,-1,-0.30,-0.39,4.0,6.0,-2.1,-0.64,-0.53,ar ARG,GK,Racing Club,Primera Division Argentina,24,1998,3.3,0,0,0,0,0,0,0,0,0,0,0,0,2,0,0,0
Iván Tapia,ar ARG,MF,Barracas Central,Primera Division Argentina,24,1998,27,27,"2,411",26.8,4,4,8,1,3,3,4,0,3.8,1.5,2.3,3.8,7,124,69,0.15,0.15,0.30,0.04,0.19,0.14,0.09,0.23,0.06,0.14,ar ARG,MF,Barracas Central,Primera Division Argentina,24,1998,26.8,4,39,13,33.3,1.46,0.49,0.03,0.08,30.2,17,3,3,3.8,1.5,0.04,+0.2,-0.5,ar ARG,MF,Barracas Central,Primera Division Argentina,24,1998,26.8,963,1346,71.5,16250,5966,475,550,86.4,339,438,77.4,106,250,42.4,4,2.3,3.4,+1.7,36,89,17,8,124,ar ARG,MF,Barracas Central,Primera Division Argentina,24,1998,26.8,1346,1106,236,122,3,16,159,21,93,39,36,0,963,4,34,ar ARG,MF,Barracas Central,Primera Division Argentina,24,1998,26.8,71,2.65,34,31,0,4,2,0,7,0.26,0,6,0,0,1,0,ar ARG,MF,Barracas Central,Primera Division Argentina,24,1998,26.8,38,22,10,21,7,21,59,35.6,38,20,1,19,12,50,15,0,ar ARG,MF,Barracas Central,Primera Division Argentina,24,1998,26.8,1540,19,236,862,459,22,1537,24,5,20.8,16,66.7,741,2411,1016,7,17,2,31,22,937,69,ar ARG,MF,Barracas Central,Primera Division Argentina,24,1998,27,"2,411",89,99.2,26.8,27,89,22,0,0,0,1.30,25,30,-5,-0.19,-0.19,22.1,28.5,-6.4,-0.24,-1.99,ar ARG,MF,Barracas Central,Primera Division Argentina,24,1998,26.8,4,0,0,24,29,3,159,12,22,0,0,0,159,12,28,30.0
Cristian Tarragona,ar ARG,FW,Gimnasia–LP,Primera Division Argentina,31,1991,19,15,"1,364",15.2,5,1,6,4,1,2,6,0,4.7,3.1,0.6,3.8,9,23,103,0.33,0.07,0.40,0.26,0.33,0.31,0.04,0.35,0.21,0.25,ar ARG,FW,Gimnasia–LP,Primera Division Argentina,31,1991,15.2,5,40,15,37.5,2.64,0.99,0.10,0.27,18.6,3,1,2,4.7,3.1,0.08,+0.3,+0.9,ar ARG,FW,Gimnasia–LP,Primera Division Argentina,31,1991,15.2,249,366,68.0,3616,467,152,203,74.9,72,101,71.3,15,23,65.2,1,0.6,0.7,+0.4,15,18,10,1,23,ar ARG,FW,Gimnasia–LP,Primera Division Argentina,31,1991,15.2,366,334,31,0,0,5,7,1,0,0,0,0,249,1,20,ar ARG,FW,Gimnasia–LP,Primera Division Argentina,31,1991,15.2,30,1.98,21,0,4,4,1,0,0,0.00,0,0,0,0,0,0,ar ARG,FW,Gimnasia–LP,Primera Division Argentina,31,1991,15.2,20,10,1,10,9,4,12,33.3,8,15,2,13,0,20,10,0,ar ARG,FW,Gimnasia–LP,Primera Division Argentina,31,1991,15.2,612,14,34,280,301,64,610,48,15,31.3,31,64.6,389,1627,342,9,14,5,82,48,486,103,ar ARG,FW,Gimnasia–LP,Primera Division Argentina,31,1991,19,"1,364",72,56.1,15.2,15,82,8,4,35,0,1.35,12,16,-4,-0.26,+0.58,14.4,15.9,-1.5,-0.10,+0.14,ar ARG,FW,Gimnasia–LP,Primera Division Argentina,31,1991,15.2,6,0,0,29,35,13,7,0,10,0,0,0,48,20,70,22.2
Renzo Tesuri,ar ARG,"DF,MF",Atlé Tucumán,Primera Division Argentina,26,1996,26,19,"1,763",19.6,0,0,0,0,0,0,4,0,0.9,0.9,0.5,1.5,21,68,73,0.00,0.00,0.00,0.00,0.00,0.05,0.03,0.08,0.05,0.08,ar ARG,"DF,MF",Atlé Tucumán,Primera Division Argentina,26,1996,19.6,0,16,4,25.0,0.82,0.20,0.00,0.00,20.2,0,0,0,0.9,0.9,0.06,-0.9,-0.9,ar ARG,"DF,MF",Atlé Tucumán,Primera Division Argentina,26,1996,19.6,534,780,68.5,8685,3632,291,338,86.1,180,241,74.7,48,129,37.2,0,0.5,1.1,-0.5,7,68,11,3,68,ar ARG,"DF,MF",Atlé Tucumán,Primera Division Argentina,26,1996,19.6,780,666,109,9,0,10,32,100,0,0,0,0,534,5,43,ar ARG,"DF,MF",Atlé Tucumán,Primera Division Argentina,26,1996,19.6,31,1.58,24,3,2,1,1,0,2,0.10,2,0,0,0,0,0,ar ARG,"DF,MF",Atlé Tucumán,Primera Division Argentina,26,1996,19.6,62,40,26,29,7,39,78,50.0,39,49,6,43,14,76,46,1,ar ARG,"DF,MF",Atlé Tucumán,Primera Division Argentina,26,1996,19.6,1044,50,295,509,253,23,1044,39,20,51.3,16,41.0,511,2394,1120,21,22,6,32,23,554,73,ar ARG,"DF,MF",Atlé Tucumán,Primera Division Argentina,26,1996,26,"1,763",68,72.6,19.6,19,82,7,7,29,1,1.38,20,16,+4,+0.20,+1.01,20.3,22.1,-1.8,-0.09,+0.46,ar ARG,"DF,MF",Atlé Tucumán,Primera Division Argentina,26,1996,19.6,4,0,0,12,33,0,32,14,40,0,0,0,140,10,24,29.4
Andrew Teuten,uy URU,"DF,MF",Colón,Primera Division Argentina,24,1998,13,5,508,5.6,1,1,2,1,0,0,3,0,0.1,0.1,0.4,0.5,6,16,35,0.18,0.18,0.35,0.18,0.35,0.02,0.07,0.10,0.02,0.10,uy URU,"DF,MF",Colón,Primera Division Argentina,24,1998,5.6,1,2,2,100.0,0.35,0.35,0.50,0.50,26.1,1,0,0,0.1,0.1,0.06,+0.9,+0.9,uy URU,"DF,MF",Colón,Primera Division Argentina,24,1998,5.6,194,267,72.7,2814,1266,120,134,89.6,52,74,70.3,13,35,37.1,1,0.4,0.5,+0.6,10,10,5,4,16,uy URU,"DF,MF",Colón,Primera Division Argentina,24,1998,5.6,267,210,56,8,1,0,32,39,9,4,5,0,194,1,9,uy URU,"DF,MF",Colón,Primera Division Argentina,24,1998,5.6,15,2.65,9,6,0,0,0,0,1,0.18,1,0,0,0,0,0,uy URU,"DF,MF",Colón,Primera Division Argentina,24,1998,5.6,10,9,8,2,0,7,13,53.8,6,3,0,3,7,17,11,0,uy URU,"DF,MF",Colón,Primera Division Argentina,24,1998,5.6,321,16,86,161,81,2,321,8,6,75.0,2,25.0,164,683,334,6,3,1,13,3,163,35,uy URU,"DF,MF",Colón,Primera Division Argentina,24,1998,13,508,39,20.9,5.6,5,69,2,8,21,14,1.00,5,10,-5,-0.89,-0.51,5.7,7.8,-2.1,-0.37,+0.06,uy URU,"DF,MF",Colón,Primera Division Argentina,24,1998,5.6,3,0,0,9,4,0,32,7,9,0,0,0,41,7,9,43.8
Horacio Tijanovich,ar ARG,MF,Banfield,Primera Division Argentina,26,1996,6,1,134,1.5,0,0,0,0,0,0,1,0,1.2,1.2,0.2,1.4,1,5,20,0.00,0.00,0.00,0.00,0.00,0.78,0.15,0.93,0.78,0.93,ar ARG,MF,Banfield,Primera Division Argentina,26,1996,1.5,0,5,2,40.0,3.36,1.34,0.00,0.00,15.0,0,0,0,1.2,1.2,0.23,-1.2,-1.2,ar ARG,MF,Banfield,Primera Division Argentina,26,1996,1.5,31,53,58.5,384,168,22,31,71.0,5,12,41.7,1,4,25.0,0,0.2,0.4,-0.2,4,5,2,1,5,ar ARG,MF,Banfield,Primera Division Argentina,26,1996,1.5,53,52,1,1,0,0,11,0,0,0,0,0,31,0,2,ar ARG,MF,Banfield,Primera Division Argentina,26,1996,1.5,7,4.67,6,0,0,1,0,0,0,0.00,0,0,0,0,0,0,ar ARG,MF,Banfield,Primera Division Argentina,26,1996,1.5,0,0,0,0,0,0,1,0.0,1,0,0,0,0,0,0,0,ar ARG,MF,Banfield,Primera Division Argentina,26,1996,1.5,65,0,3,24,39,5,65,3,3,100.0,0,0.0,39,200,113,1,1,0,3,2,48,20,ar ARG,MF,Banfield,Primera Division Argentina,26,1996,6,134,22,5.5,1.5,1,77,0,5,11,6,0.83,2,5,-3,-2.01,-1.70,2.9,1.6,+1.3,+0.90,+0.93,ar ARG,MF,Banfield,Primera Division Argentina,26,1996,1.5,1,0,0,2,5,1,11,0,0,0,0,0,8,2,8,20.0
Fernando Tobio,ar ARG,DF,Huracán,Primera Division Argentina,33,1989,20,19,"1,677",18.6,1,0,1,1,0,0,3,1,0.9,0.8,0.4,1.3,5,40,1,0.05,0.00,0.05,0.05,0.05,0.05,0.02,0.07,0.04,0.07,ar ARG,DF,Huracán,Primera Division Argentina,33,1989,18.6,1,9,3,33.3,0.48,0.16,0.11,0.33,7.5,0,0,0,0.9,0.8,0.09,+0.1,+0.2,ar ARG,DF,Huracán,Primera Division Argentina,33,1989,18.6,575,781,73.6,12440,4777,175,215,81.4,283,327,86.5,111,206,53.9,0,0.4,0.7,-0.4,5,47,1,0,40,ar ARG,DF,Huracán,Primera Division Argentina,33,1989,18.6,781,757,21,20,0,8,1,1,0,0,0,0,575,3,11,ar ARG,DF,Huracán,Primera Division Argentina,33,1989,18.6,8,0.43,7,0,0,1,0,0,0,0.00,0,0,0,0,0,0,ar ARG,DF,Huracán,Primera Division Argentina,33,1989,18.6,25,11,20,5,0,13,18,72.2,5,14,9,5,24,49,75,0,ar ARG,DF,Huracán,Primera Division Argentina,33,1989,18.6,947,80,515,398,38,26,947,5,5,100.0,0,0.0,432,2524,1450,5,1,0,8,0,480,1,ar ARG,DF,Huracán,Primera Division Argentina,33,1989,20,"1,677",84,69.0,18.6,19,86,17,1,45,1,1.15,15,19,-4,-0.21,+0.62,17.2,16.0,+1.2,+0.07,+0.15,ar ARG,DF,Huracán,Primera Division Argentina,33,1989,18.6,3,1,0,12,2,0,1,24,11,0,1,0,118,55,36,60.4
Gastón Togni,ar ARG,"FW,MF",Defensa y Just,Primera Division Argentina,25,1997,19,16,"1,318",14.6,4,5,9,4,0,0,0,0,2.4,2.4,3.8,6.3,40,33,206,0.27,0.34,0.61,0.27,0.61,0.16,0.25,0.41,0.16,0.41,ar ARG,"FW,MF",Defensa y Just,Primera Division Argentina,25,1997,14.6,4,37,16,43.2,2.53,1.09,0.11,0.25,21.1,5,0,0,2.4,2.4,0.06,+1.6,+1.6,ar ARG,"FW,MF",Defensa y Just,Primera Division Argentina,25,1997,14.6,278,461,60.3,4465,1317,159,212,75.0,68,119,57.1,34,77,44.2,5,3.8,3.6,+1.2,38,6,25,13,33,ar ARG,"FW,MF",Defensa y Just,Primera Division Argentina,25,1997,14.6,461,407,50,10,1,1,117,3,37,8,24,0,278,4,25,ar ARG,"FW,MF",Defensa y Just,Primera Division Argentina,25,1997,14.6,74,4.82,49,13,8,2,2,0,8,0.52,7,0,1,0,0,0,ar ARG,"FW,MF",Defensa y Just,Primera Division Argentina,25,1997,14.6,5,2,1,4,0,3,16,18.8,13,20,2,18,3,8,12,0,ar ARG,"FW,MF",Defensa y Just,Primera Division Argentina,25,1997,14.6,634,17,65,140,441,63,634,70,32,45.7,34,48.6,379,2339,1041,40,27,12,30,22,453,206,ar ARG,"FW,MF",Defensa y Just,Primera Division Argentina,25,1997,19,"1,318",69,54.2,14.6,16,79,6,3,17,1,1.58,23,16,+7,+0.48,-0.01,20.5,17.6,+2.9,+0.19,+0.12,ar ARG,"FW,MF",Defensa y Just,Primera Division Argentina,25,1997,14.6,0,0,0,8,15,13,117,3,2,0,0,0,50,12,15,44.4
Agustín Toledo,ar ARG,MF,Rosario Central,Primera Division Argentina,22,2000,11,4,484,5.4,0,0,0,0,0,0,1,0,0.1,0.1,0.1,0.2,2,22,0,0.00,0.00,0.00,0.00,0.00,0.03,0.01,0.04,0.03,0.04,ar ARG,MF,Rosario Central,Primera Division Argentina,22,2000,5.4,0,6,0,0.0,1.12,0.00,0.00,0,28.0,0,0,0,0.1,0.1,0.02,-0.1,-0.1,ar ARG,MF,Rosario Central,Primera Division Argentina,22,2000,5.4,181,250,72.4,3385,1306,75,91,82.4,76,100,76.0,28,40,70.0,0,0.1,0.1,-0.1,2,17,1,1,22,ar ARG,MF,Rosario Central,Primera Division Argentina,22,2000,5.4,250,245,5,5,0,1,2,0,0,0,0,0,181,0,7,ar ARG,MF,Rosario Central,Primera Division Argentina,22,2000,5.4,6,1.12,6,0,0,0,0,0,0,0.00,0,0,0,0,0,0,ar ARG,MF,Rosario Central,Primera Division Argentina,22,2000,5.4,15,11,5,10,0,11,24,45.8,13,9,0,9,12,27,10,0,ar ARG,MF,Rosario Central,Primera Division Argentina,22,2000,5.4,310,15,71,219,25,2,310,2,1,50.0,1,50.0,148,640,328,2,1,0,4,2,166,0,ar ARG,MF,Rosario Central,Primera Division Argentina,22,2000,11,484,44,19.9,5.4,4,89,3,7,18,16,1.00,5,9,-4,-0.74,-1.25,5.6,8.8,-3.2,-0.59,-0.70,ar ARG,MF,Rosario Central,Primera Division Argentina,22,2000,5.4,1,0,0,10,6,0,2,12,11,0,0,0,41,12,7,63.2
Javier Toledo,ar ARG,FW,Sarmiento,Primera Division Argentina,36,1986,26,17,"1,591",17.7,4,2,6,3,1,2,7,0,6.0,4.5,2.2,6.6,8,31,96,0.23,0.11,0.34,0.17,0.28,0.34,0.12,0.46,0.25,0.37,ar ARG,FW,Sarmiento,Primera Division Argentina,36,1986,17.7,4,48,12,25.0,2.72,0.68,0.06,0.25,15.8,0,1,2,6.0,4.5,0.09,-2.0,-1.5,ar ARG,FW,Sarmiento,Primera Division Argentina,36,1986,17.7,163,385,42.3,2152,525,100,203,49.3,47,115,40.9,4,17,23.5,2,2.2,1.8,-0.2,22,22,6,0,31,ar ARG,FW,Sarmiento,Primera Division Argentina,36,1986,17.7,385,369,12,0,0,0,9,3,0,0,0,0,163,4,10,ar ARG,FW,Sarmiento,Primera Division Argentina,36,1986,17.7,40,2.26,28,0,2,2,7,1,5,0.28,3,0,0,1,1,0,ar ARG,FW,Sarmiento,Primera Division Argentina,36,1986,17.7,10,6,0,9,1,1,13,7.7,12,8,2,6,1,11,12,0,ar ARG,FW,Sarmiento,Primera Division Argentina,36,1986,17.7,580,14,19,249,317,102,578,19,12,63.2,7,36.8,263,937,318,8,11,1,52,26,445,96,ar ARG,FW,Sarmiento,Primera Division Argentina,36,1986,26,"1,591",61,65.5,17.7,17,81,8,9,23,0,1.04,13,17,-4,-0.23,-0.33,17.9,19.8,-1.9,-0.10,+0.52,ar ARG,FW,Sarmiento,Primera Division Argentina,36,1986,17.7,7,0,0,36,32,20,9,1,6,1,0,0,29,130,128,50.4
Nicolás Tolosa,ar ARG,"MF,DF",Barracas Central,Primera Division Argentina,21,2001,7,1,163,1.8,0,0,0,0,0,0,0,0,0.0,0.0,0.1,0.1,1,2,12,0.00,0.00,0.00,0.00,0.00,0.02,0.04,0.06,0.02,0.06,ar ARG,"MF,DF",Barracas Central,Primera Division Argentina,21,2001,1.8,0,1,0,0.0,0.55,0.00,0.00,0,29.9,0,0,0,0.0,0.0,0.03,0.0,0.0,ar ARG,"MF,DF",Barracas Central,Primera Division Argentina,21,2001,1.8,57,80,71.3,900,346,31,40,77.5,21,27,77.8,4,4,100.0,0,0.1,0.2,-0.1,2,2,1,1,2,ar ARG,"MF,DF",Barracas Central,Primera Division Argentina,21,2001,1.8,80,69,11,0,0,0,7,11,0,0,0,0,57,0,7,ar ARG,"MF,DF",Barracas Central,Primera Division Argentina,21,2001,1.8,3,1.65,3,0,0,0,0,0,0,0.00,0,0,0,0,0,0,ar ARG,"MF,DF",Barracas Central,Primera Division Argentina,21,2001,1.8,2,2,1,1,0,1,5,20.0,4,0,0,0,6,8,5,0,ar ARG,"MF,DF",Barracas Central,Primera Division Argentina,21,2001,1.8,101,7,26,41,35,3,101,0,0,0,0,0,45,223,113,1,4,0,3,1,57,12,ar ARG,"MF,DF",Barracas Central,Primera Division Argentina,21,2001,7,163,23,6.7,1.8,1,73,0,6,15,7,1.57,1,3,-2,-1.10,-0.99,1.1,2.7,-1.6,-0.87,-0.69,ar ARG,"MF,DF",Barracas Central,Primera Division Argentina,21,2001,1.8,0,0,0,0,0,0,7,6,2,0,0,0,8,1,1,50.0
Santiago Toloza,ar ARG,"MF,FW",Arsenal,Primera Division Argentina,20,2002,23,18,"1,649",18.3,4,1,5,4,0,0,7,0,1.9,1.9,2.2,4.0,49,69,104,0.22,0.05,0.27,0.22,0.27,0.10,0.12,0.22,0.10,0.22,ar ARG,"MF,FW",Arsenal,Primera Division Argentina,20,2002,18.3,4,28,15,53.6,1.53,0.82,0.14,0.27,22.4,1,0,0,1.9,1.9,0.07,+2.1,+2.1,ar ARG,"MF,FW",Arsenal,Primera Division Argentina,20,2002,18.3,501,661,75.8,7761,2120,290,339,85.5,129,163,79.1,55,103,53.4,1,2.2,2.3,-1.2,28,53,18,7,69,ar ARG,"MF,FW",Arsenal,Primera Division Argentina,20,2002,18.3,661,604,53,14,2,6,61,5,33,11,17,0,501,4,10,ar ARG,"MF,FW",Arsenal,Primera Division Argentina,20,2002,18.3,67,3.66,46,12,5,0,4,0,2,0.11,2,0,0,0,0,0,ar ARG,"MF,FW",Arsenal,Primera Division Argentina,20,2002,18.3,15,9,3,10,2,2,20,10.0,18,12,1,11,6,21,5,0,ar ARG,"MF,FW",Arsenal,Primera Division Argentina,20,2002,18.3,890,9,79,454,376,31,890,87,45,51.7,34,39.1,551,3730,1729,49,48,8,56,34,628,104,ar ARG,"MF,FW",Arsenal,Primera Division Argentina,20,2002,23,"1,649",72,67.9,18.3,18,82,6,5,34,0,0.83,11,19,-8,-0.44,+0.49,15.0,19.7,-4.7,-0.26,+0.54,ar ARG,"MF,FW",Arsenal,Primera Division Argentina,20,2002,18.3,7,0,0,17,44,1,61,6,9,0,0,0,125,1,8,11.1
Gerónimo Tomasetti,ar ARG,MF,Belgrano,Primera Division Argentina,22,2000,5,0,54,0.6,0,0,0,0,0,0,0,0,0.0,0.0,0.0,0.0,0,3,0,0.00,0.00,0.00,0.00,0.00,0.03,0.00,0.03,0.03,0.03,ar ARG,MF,Belgrano,Primera Division Argentina,22,2000,0.6,0,1,0,0.0,1.67,0.00,0.00,0,34.2,0,0,0,0.0,0.0,0.02,0.0,0.0,ar ARG,MF,Belgrano,Primera Division Argentina,22,2000,0.6,20,26,76.9,281,88,12,13,92.3,8,9,88.9,0,2,0.0,0,0.0,0.0,0.0,0,2,0,0,3,ar ARG,MF,Belgrano,Primera Division Argentina,22,2000,0.6,26,26,0,0,0,0,0,0,0,0,0,0,20,0,2,ar ARG,MF,Belgrano,Primera Division Argentina,22,2000,0.6,1,1.70,1,0,0,0,0,0,0,0.00,0,0,0,0,0,0,ar ARG,MF,Belgrano,Primera Division Argentina,22,2000,0.6,2,1,0,2,0,1,3,33.3,2,1,0,1,0,2,2,0,ar ARG,MF,Belgrano,Primera Division Argentina,22,2000,0.6,40,4,13,18,9,0,40,1,1,100.0,0,0.0,19,74,37,0,1,0,5,2,26,0,ar ARG,MF,Belgrano,Primera Division Argentina,22,2000,5,54,11,2.2,0.6,0,0,0,5,11,4,2.00,1,0,+1,+1.67,+1.93,0.9,1.5,-0.5,-0.90,-0.65,ar ARG,MF,Belgrano,Primera Division Argentina,22,2000,0.6,0,0,0,2,1,0,0,0,1,0,0,0,5,1,1,50.0
Fernando Torrent,ar ARG,DF,Huracán,Primera Division Argentina,31,1991,9,8,677,7.5,0,1,1,0,0,0,2,0,0.3,0.3,0.2,0.6,18,32,42,0.00,0.13,0.13,0.00,0.13,0.04,0.03,0.08,0.04,0.08,ar ARG,DF,Huracán,Primera Division Argentina,31,1991,7.5,0,5,1,20.0,0.66,0.13,0.00,0.00,20.4,0,0,0,0.3,0.3,0.07,-0.3,-0.3,ar ARG,DF,Huracán,Primera Division Argentina,31,1991,7.5,218,323,67.5,4007,1504,89,109,81.7,99,145,68.3,27,53,50.9,1,0.2,0.3,+0.8,6,27,9,5,32,ar ARG,DF,Huracán,Primera Division Argentina,31,1991,7.5,323,261,62,4,0,2,38,58,0,0,0,0,218,0,9,ar ARG,DF,Huracán,Primera Division Argentina,31,1991,7.5,11,1.46,7,1,2,0,1,0,2,0.27,0,1,0,0,1,0,ar ARG,DF,Huracán,Primera Division Argentina,31,1991,7.5,7,6,4,3,0,6,15,40.0,9,8,2,6,3,10,20,0,ar ARG,DF,Huracán,Primera Division Argentina,31,1991,7.5,392,16,113,175,110,9,392,22,17,77.3,5,22.7,208,1118,705,18,10,0,13,6,209,42,ar ARG,DF,Huracán,Primera Division Argentina,31,1991,9,677,75,27.9,7.5,8,83,3,1,12,12,0.89,6,8,-2,-0.27,+0.20,8.8,8.4,+0.4,+0.06,+0.05,ar ARG,DF,Huracán,Primera Division Argentina,31,1991,7.5,2,0,0,8,4,0,38,3,6,0,0,0,34,6,9,40.0
Cristian Torres,ar ARG,"FW,MF",Cen. Córdoba–SdE,Primera Division Argentina,23,1999,20,7,733,8.1,1,0,1,1,0,0,1,0,1.4,1.4,0.3,1.7,9,17,41,0.12,0.00,0.12,0.12,0.12,0.17,0.03,0.20,0.17,0.20,ar ARG,"FW,MF",Cen. Córdoba–SdE,Primera Division Argentina,23,1999,8.1,1,6,3,50.0,0.74,0.37,0.17,0.33,11.0,0,0,0,1.4,1.4,0.23,-0.4,-0.4,ar ARG,"FW,MF",Cen. Córdoba–SdE,Primera Division Argentina,23,1999,8.1,117,175,66.9,1643,485,68,87,78.2,27,43,62.8,7,18,38.9,0,0.3,0.3,-0.3,7,12,7,1,17,ar ARG,"FW,MF",Cen. Córdoba–SdE,Primera Division Argentina,23,1999,8.1,175,168,6,0,0,3,12,1,1,0,1,0,117,1,6,ar ARG,"FW,MF",Cen. Córdoba–SdE,Primera Division Argentina,23,1999,8.1,21,2.58,14,0,3,1,3,0,0,0.00,0,0,0,0,0,0,ar ARG,"FW,MF",Cen. Córdoba–SdE,Primera Division Argentina,23,1999,8.1,14,9,6,7,1,7,21,33.3,14,8,0,8,1,15,7,0,ar ARG,"FW,MF",Cen. Córdoba–SdE,Primera Division Argentina,23,1999,8.1,275,10,36,122,121,20,275,15,5,33.3,9,60.0,141,735,289,9,8,3,41,18,183,41,ar ARG,"FW,MF",Cen. Córdoba–SdE,Primera Division Argentina,23,1999,20,733,37,30.2,8.1,7,69,1,13,19,7,1.20,5,12,-7,-0.86,-0.70,7.5,14.1,-6.6,-0.81,-0.59,ar ARG,"FW,MF",Cen. Córdoba–SdE,Primera Division Argentina,23,1999,8.1,1,0,0,9,4,4,12,1,9,0,0,0,33,20,37,35.1
Franco Torres,ar ARG,"FW,MF",Gimnasia–LP,Primera Division Argentina,23,1999,14,4,530,5.9,1,1,2,1,0,0,1,1,0.7,0.7,0.4,1.0,12,8,52,0.17,0.17,0.34,0.17,0.34,0.11,0.06,0.18,0.11,0.18,ar ARG,"FW,MF",Gimnasia–LP,Primera Division Argentina,23,1999,5.9,1,9,3,33.3,1.53,0.51,0.11,0.33,21.9,0,0,0,0.7,0.7,0.07,+0.3,+0.3,ar ARG,"FW,MF",Gimnasia–LP,Primera Division Argentina,23,1999,5.9,72,137,52.6,1078,433,39,57,68.4,24,48,50.0,6,20,30.0,1,0.4,0.6,+0.6,6,5,5,2,8,ar ARG,"FW,MF",Gimnasia–LP,Primera Division Argentina,23,1999,5.9,137,125,12,3,0,1,29,3,5,1,3,0,72,0,7,ar ARG,"FW,MF",Gimnasia–LP,Primera Division Argentina,23,1999,5.9,17,2.89,7,2,3,3,2,0,3,0.51,1,0,2,0,0,0,ar ARG,"FW,MF",Gimnasia–LP,Primera Division Argentina,23,1999,5.9,10,5,3,5,2,5,13,38.5,8,3,0,3,0,10,3,0,ar ARG,"FW,MF",Gimnasia–LP,Primera Division Argentina,23,1999,5.9,209,2,22,71,120,18,209,22,10,45.5,9,40.9,124,699,355,12,10,1,21,11,144,52,ar ARG,"FW,MF",Gimnasia–LP,Primera Division Argentina,23,1999,14,530,38,21.8,5.9,4,80,2,10,21,2,1.14,8,10,-2,-0.34,+0.23,7.4,6.8,+0.5,+0.09,+0.32,ar ARG,"FW,MF",Gimnasia–LP,Primera Division Argentina,23,1999,5.9,1,1,0,10,11,1,29,0,5,0,0,0,29,0,7,0.0
Nicolás Tripichio,ar ARG,"MF,DF",Defensa y Just,Primera Division Argentina,27,1996,14,7,819,9.1,1,0,1,1,0,0,0,0,0.3,0.3,1.2,1.5,20,41,38,0.11,0.00,0.11,0.11,0.11,0.03,0.15,0.18,0.03,0.18,ar ARG,"MF,DF",Defensa y Just,Primera Division Argentina,27,1996,9.1,1,7,2,28.6,0.77,0.22,0.14,0.50,18.4,0,0,0,0.3,0.3,0.04,+0.7,+0.7,ar ARG,"MF,DF",Defensa y Just,Primera Division Argentina,27,1996,9.1,318,386,82.4,4843,1457,188,207,90.8,100,117,85.5,22,40,55.0,0,1.2,0.9,-1.2,10,28,13,3,41,ar ARG,"MF,DF",Defensa y Just,Primera Division Argentina,27,1996,9.1,386,348,38,1,0,2,15,37,0,0,0,0,318,0,10,ar ARG,"MF,DF",Defensa y Just,Primera Division Argentina,27,1996,9.1,25,2.99,19,1,2,1,2,0,2,0.24,1,1,0,0,0,0,ar ARG,"MF,DF",Defensa y Just,Primera Division Argentina,27,1996,9.1,20,11,7,8,5,9,16,56.3,7,13,2,11,10,30,13,0,ar ARG,"MF,DF",Defensa y Just,Primera Division Argentina,27,1996,9.1,493,17,117,237,145,16,493,26,13,50.0,13,50.0,264,1470,697,20,21,2,16,13,297,38,ar ARG,"MF,DF",Defensa y Just,Primera Division Argentina,27,1996,14,819,59,33.7,9.1,7,89,6,7,28,4,1.71,17,8,+9,+0.99,+0.77,12.8,9.5,+3.3,+0.39,+0.37,ar ARG,"MF,DF",Defensa y Just,Primera Division Argentina,27,1996,9.1,0,0,0,10,12,2,15,10,11,0,0,0,53,11,14,44.0
Natanael Troncoso,ar ARG,"MF,FW",Colón,Primera Division Argentina,21,2001,10,1,290,3.2,1,1,2,1,0,0,1,0,0.8,0.8,0.2,1.0,4,15,19,0.31,0.31,0.62,0.31,0.62,0.23,0.07,0.30,0.23,0.30,ar ARG,"MF,FW",Colón,Primera Division Argentina,21,2001,3.2,1,12,5,41.7,3.72,1.55,0.08,0.20,20.2,0,0,0,0.8,0.8,0.06,+0.2,+0.2,ar ARG,"MF,FW",Colón,Primera Division Argentina,21,2001,3.2,75,109,68.8,1202,282,38,47,80.9,31,37,83.8,5,15,33.3,1,0.2,0.1,+0.8,4,5,2,0,15,ar ARG,"MF,FW",Colón,Primera Division Argentina,21,2001,3.2,109,108,1,0,0,1,5,0,1,0,1,0,75,0,10,ar ARG,"MF,FW",Colón,Primera Division Argentina,21,2001,3.2,10,3.12,8,0,1,1,0,0,1,0.31,1,0,0,0,0,0,ar ARG,"MF,FW",Colón,Primera Division Argentina,21,2001,3.2,11,8,1,9,1,6,14,42.9,8,5,1,4,1,12,3,0,ar ARG,"MF,FW",Colón,Primera Division Argentina,21,2001,3.2,165,4,19,92,56,8,165,14,5,35.7,9,64.3,93,436,190,4,2,1,9,5,113,19,ar ARG,"MF,FW",Colón,Primera Division Argentina,21,2001,10,290,29,11.9,3.2,1,80,0,9,23,7,0.70,3,5,-2,-0.62,-0.16,4.2,4.2,0.0,+0.01,+0.49,ar ARG,"MF,FW",Colón,Primera Division Argentina,21,2001,3.2,1,0,0,4,5,2,5,1,8,0,0,0,18,4,2,66.7
Franco Troyansky,ar ARG,FW,Lanús,Primera Division Argentina,25,1997,24,13,"1,018",11.3,5,1,6,5,0,1,1,0,3.8,3.0,1.6,4.6,18,24,86,0.44,0.09,0.53,0.44,0.53,0.33,0.14,0.47,0.26,0.40,ar ARG,FW,Lanús,Primera Division Argentina,25,1997,11.3,5,27,14,51.9,2.39,1.24,0.19,0.36,17.6,0,0,1,3.8,3.0,0.11,+1.2,+2.0,ar ARG,FW,Lanús,Primera Division Argentina,25,1997,11.3,172,263,65.4,2794,660,98,121,81.0,48,77,62.3,20,35,57.1,1,1.6,1.0,-0.6,10,17,5,2,24,ar ARG,FW,Lanús,Primera Division Argentina,25,1997,11.3,263,260,3,0,2,4,15,3,0,0,0,0,172,0,17,ar ARG,FW,Lanús,Primera Division Argentina,25,1997,11.3,30,2.65,21,0,4,1,3,1,3,0.27,1,0,1,0,1,0,ar ARG,FW,Lanús,Primera Division Argentina,25,1997,11.3,15,9,5,8,2,5,15,33.3,10,10,0,10,8,23,8,0,ar ARG,FW,Lanús,Primera Division Argentina,25,1997,11.3,428,6,58,175,200,43,427,47,18,38.3,28,59.6,235,1182,457,18,13,6,41,20,291,86,ar ARG,FW,Lanús,Primera Division Argentina,25,1997,24,"1,018",42,41.9,11.3,13,66,1,11,15,3,1.67,19,12,+7,+0.62,+0.36,16.8,12.4,+4.3,+0.38,+0.10,ar ARG,FW,Lanús,Primera Division Argentina,25,1997,11.3,1,0,0,17,12,10,15,8,9,1,0,0,60,18,21,46.2
Silvio Ulariaga,ar ARG,"MF,FW",Godoy Cruz,Primera Division Argentina,20,2002,5,1,93,1.0,1,0,1,1,0,0,0,0,0.1,0.1,0.1,0.2,0,0,5,0.97,0.00,0.97,0.97,0.97,0.11,0.09,0.20,0.11,0.20,ar ARG,"MF,FW",Godoy Cruz,Primera Division Argentina,20,2002,1.0,1,2,2,100.0,1.94,1.94,0.50,0.50,20.1,0,0,0,0.1,0.1,0.06,+0.9,+0.9,ar ARG,"MF,FW",Godoy Cruz,Primera Division Argentina,20,2002,1.0,14,19,73.7,193,37,8,12,66.7,3,3,100.0,1,1,100.0,0,0.1,0.0,-0.1,1,1,0,0,0,ar ARG,"MF,FW",Godoy Cruz,Primera Division Argentina,20,2002,1.0,19,19,0,0,0,0,1,0,0,0,0,0,14,0,2,ar ARG,"MF,FW",Godoy Cruz,Primera Division Argentina,20,2002,1.0,2,1.91,1,0,1,0,0,0,0,0.00,0,0,0,0,0,0,ar ARG,"MF,FW",Godoy Cruz,Primera Division Argentina,20,2002,1.0,0,0,0,0,0,0,1,0.0,1,2,0,2,0,0,0,0,ar ARG,"MF,FW",Godoy Cruz,Primera Division Argentina,20,2002,1.0,29,1,1,19,9,2,29,2,1,50.0,0,0.0,15,69,19,0,0,0,4,4,20,5,ar ARG,"MF,FW",Godoy Cruz,Primera Division Argentina,20,2002,5,93,19,3.8,1.0,1,33,0,4,15,6,1.20,1,1,0,0.00,-0.19,0.6,0.9,-0.3,-0.24,-0.11,ar ARG,"MF,FW",Godoy Cruz,Primera Division Argentina,20,2002,1.0,0,0,0,0,0,0,1,0,0,0,0,0,4,2,3,40.0
Ezequiel Unsain,ar ARG,GK,Defensa y Just,Primera Division Argentina,27,1995,21,21,"1,890",21.0,0,0,0,0,0,0,0,0,0.0,0.0,0.2,0.2,0,0,0,0.00,0.00,0.00,0.00,0.00,0.00,0.01,0.01,0.00,0.01,ar ARG,GK,Defensa y Just,Primera Division Argentina,27,1995,21.0,0,0,0,0,0.00,0.00,0,0,0,0,0,0,0.0,0.0,0,0.0,0.0,ar ARG,GK,Defensa y Just,Primera Division Argentina,27,1995,21.0,649,810,80.1,18058,10834,71,71,100.0,378,379,99.7,196,352,55.7,0,0.2,0.0,-0.2,2,17,1,0,0,ar ARG,GK,Defensa y Just,Primera Division Argentina,27,1995,21.0,810,544,262,49,0,5,0,0,0,0,0,0,649,4,0,ar ARG,GK,Defensa y Just,Primera Division Argentina,27,1995,21.0,5,0.24,4,1,0,0,0,0,0,0.00,0,0,0,0,0,0,ar ARG,GK,Defensa y Just,Primera Division Argentina,27,1995,21.0,0,0,0,0,0,0,0,0,0,1,0,1,1,1,7,0,ar ARG,GK,Defensa y Just,Primera Division Argentina,27,1995,21.0,852,656,841,10,1,1,852,0,0,0,0,0,477,2921,1893,0,0,0,1,0,362,0,ar ARG,GK,Defensa y Just,Primera Division Argentina,27,1995,21,"1,890",90,77.8,21.0,21,90,21,0,0,0,1.57,26,16,+10,+0.48,-0.02,28.9,24.3,+4.6,+0.22,+0.37,ar ARG,GK,Defensa y Just,Primera Division Argentina,27,1995,21.0,0,0,0,0,2,0,0,1,0,0,0,0,28,9,0,100.0
Agustín Urzi,ar ARG,MF,Banfield,Primera Division Argentina,22,2000,1,1,67,0.7,0,0,0,0,0,0,0,0,0.0,0.0,0.1,0.1,3,0,6,0.00,0.00,0.00,0.00,0.00,0.04,0.11,0.16,0.04,0.16,ar ARG,MF,Banfield,Primera Division Argentina,22,2000,0.7,0,1,0,0.0,1.34,0.00,0.00,0,13.6,0,0,0,0.0,0.0,0.03,0.0,0.0,ar ARG,MF,Banfield,Primera Division Argentina,22,2000,0.7,8,13,61.5,131,76,4,5,80.0,3,6,50.0,1,2,50.0,0,0.1,0.1,-0.1,3,1,2,2,0,ar ARG,MF,Banfield,Primera Division Argentina,22,2000,0.7,13,13,0,0,0,0,2,0,0,0,0,0,8,0,0,ar ARG,MF,Banfield,Primera Division Argentina,22,2000,0.7,7,9.40,4,0,1,1,0,1,0,0.00,0,0,0,0,0,0,ar ARG,MF,Banfield,Primera Division Argentina,22,2000,0.7,3,1,1,0,2,1,2,50.0,1,0,0,0,2,5,0,0,ar ARG,MF,Banfield,Primera Division Argentina,22,2000,0.7,26,0,3,9,15,1,26,4,2,50.0,1,25.0,23,189,57,3,3,0,6,3,18,6,ar ARG,MF,Banfield,Primera Division Argentina,22,2000,1,67,67,2.8,0.7,1,67,0,0,0,0,1.00,0,0,0,0.00,+0.42,0.5,0.9,-0.4,-0.59,-0.63,ar ARG,MF,Banfield,Primera Division Argentina,22,2000,0.7,0,0,0,0,3,0,2,2,1,0,0,0,6,0,1,0.0
Bruno Valdez,py PAR,DF,Boca Juniors,Primera Division Argentina,30,1992,18,16,"1,332",14.8,0,0,0,0,0,0,5,0,1.1,1.1,0.2,1.3,6,46,2,0.00,0.00,0.00,0.00,0.00,0.07,0.01,0.09,0.07,0.09,py PAR,DF,Boca Juniors,Primera Division Argentina,30,1992,14.8,0,9,2,22.2,0.61,0.14,0.00,0.00,8.8,0,0,0,1.1,1.1,0.12,-1.1,-1.1,py PAR,DF,Boca Juniors,Primera Division Argentina,30,1992,14.8,797,924,86.3,14649,5169,297,322,92.2,429,470,91.3,64,106,60.4,0,0.2,0.1,-0.2,2,23,0,0,46,py PAR,DF,Boca Juniors,Primera Division Argentina,30,1992,14.8,924,867,56,43,0,5,1,7,0,0,0,0,797,1,7,py PAR,DF,Boca Juniors,Primera Division Argentina,30,1992,14.8,5,0.34,5,0,0,0,0,0,0,0.00,0,0,0,0,0,0,py PAR,DF,Boca Juniors,Primera Division Argentina,30,1992,14.8,22,14,11,10,1,12,17,70.6,5,21,11,10,24,46,52,0,py PAR,DF,Boca Juniors,Primera Division Argentina,30,1992,14.8,1076,104,503,549,29,20,1076,8,5,62.5,3,37.5,611,2884,1777,6,3,1,11,1,675,2,py PAR,DF,Boca Juniors,Primera Division Argentina,30,1992,18,"1,332",74,54.8,14.8,16,82,13,2,13,2,1.56,17,14,+3,+0.20,-0.29,20.1,16.4,+3.7,+0.25,+0.44,py PAR,DF,Boca Juniors,Primera Division Argentina,30,1992,14.8,5,0,0,19,7,0,1,24,14,0,1,0,79,49,23,68.1
Sebastián Valdez,ar ARG,DF,Cen. Córdoba–SdE,Primera Division Argentina,27,1995,2,1,66,0.7,0,0,0,0,0,0,0,0,0.0,0.0,0.0,0.0,0,3,0,0.00,0.00,0.00,0.00,0.00,0.00,0.00,0.00,0.00,0.00,ar ARG,DF,Cen. Córdoba–SdE,Primera Division Argentina,27,1995,0.7,0,0,0,0,0.00,0.00,0,0,0,0,0,0,0.0,0.0,0,0.0,0.0,ar ARG,DF,Cen. Córdoba–SdE,Primera Division Argentina,27,1995,0.7,37,43,86.0,700,193,11,13,84.6,23,24,95.8,3,6,50.0,0,0.0,0.0,0.0,0,3,0,0,3,ar ARG,DF,Cen. Córdoba–SdE,Primera Division Argentina,27,1995,0.7,43,41,2,2,0,0,0,0,0,0,0,0,37,0,0,ar ARG,DF,Cen. Córdoba–SdE,Primera Division Argentina,27,1995,0.7,1,1.36,1,0,0,0,0,0,0,0.00,0,0,0,0,0,0,ar ARG,DF,Cen. Córdoba–SdE,Primera Division Argentina,27,1995,0.7,2,1,1,1,0,1,1,100.0,0,0,0,0,0,2,2,0,ar ARG,DF,Cen. Córdoba–SdE,Primera Division Argentina,27,1995,0.7,49,1,17,31,1,0,49,1,0,0.0,1,100.0,33,184,104,0,0,0,0,1,31,0,ar ARG,DF,Cen. Córdoba–SdE,Primera Division Argentina,27,1995,2,66,33,2.7,0.7,1,45,0,1,21,16,0.00,0,1,-1,-1.36,-1.02,0.3,1.1,-0.8,-1.08,-0.70,ar ARG,DF,Cen. Córdoba–SdE,Primera Division Argentina,27,1995,0.7,0,0,0,1,1,0,0,0,1,0,0,0,6,0,0,0
Gonzalo Valdivia,ar ARG,"MF,DF",Platense,Primera Division Argentina,21,2001,7,2,229,2.5,1,0,1,1,0,0,1,0,0.3,0.3,0.0,0.3,5,2,11,0.39,0.00,0.39,0.39,0.39,0.13,0.00,0.13,0.13,0.13,ar ARG,"MF,DF",Platense,Primera Division Argentina,21,2001,2.5,1,1,1,100.0,0.39,0.39,1.00,1.00,5.8,0,0,0,0.3,0.3,0.33,+0.7,+0.7,ar ARG,"MF,DF",Platense,Primera Division Argentina,21,2001,2.5,33,51,64.7,562,267,22,25,88.0,7,15,46.7,3,8,37.5,0,0.0,0.0,0.0,0,3,0,0,2,ar ARG,"MF,DF",Platense,Primera Division Argentina,21,2001,2.5,51,41,10,0,0,0,6,10,0,0,0,0,33,0,2,ar ARG,"MF,DF",Platense,Primera Division Argentina,21,2001,2.5,1,0.39,1,0,0,0,0,0,1,0.39,1,0,0,0,0,0,ar ARG,"MF,DF",Platense,Primera Division Argentina,21,2001,2.5,2,2,1,1,0,1,7,14.3,6,1,0,1,3,5,10,0,ar ARG,"MF,DF",Platense,Primera Division Argentina,21,2001,2.5,82,6,17,27,39,7,82,5,2,40.0,2,40.0,40,215,79,5,1,3,8,5,39,11,ar ARG,"MF,DF",Platense,Primera Division Argentina,21,2001,7,229,33,9.4,2.5,2,67,0,5,19,4,1.43,3,4,-1,-0.39,-0.31,1.6,4.2,-2.6,-1.04,-0.71,ar ARG,"MF,DF",Platense,Primera Division Argentina,21,2001,2.5,1,0,0,2,2,0,6,3,2,0,0,0,11,4,5,44.4
Nicolás Valentini,ar ARG,DF,Boca Juniors,Primera Division Argentina,21,2001,15,11,"1,005",11.2,1,0,1,1,0,0,4,1,0.4,0.4,0.0,0.4,6,61,2,0.09,0.00,0.09,0.09,0.09,0.04,0.00,0.04,0.04,0.04,ar ARG,DF,Boca Juniors,Primera Division Argentina,21,2001,11.2,1,7,4,57.1,0.63,0.36,0.14,0.25,13.4,0,0,0,0.4,0.4,0.06,+0.6,+0.6,ar ARG,DF,Boca Juniors,Primera Division Argentina,21,2001,11.2,557,689,80.8,10594,4519,195,216,90.3,307,346,88.7,49,107,45.8,0,0.0,0.1,0.0,0,29,0,0,61,ar ARG,DF,Boca Juniors,Primera Division Argentina,21,2001,11.2,689,649,38,28,0,10,4,10,0,0,0,0,557,2,11,ar ARG,DF,Boca Juniors,Primera Division Argentina,21,2001,11.2,0,0.00,0,0,0,0,0,0,0,0.00,0,0,0,0,0,0,ar ARG,DF,Boca Juniors,Primera Division Argentina,21,2001,11.2,16,11,8,8,0,12,16,75.0,4,8,5,3,9,25,53,0,ar ARG,DF,Boca Juniors,Primera Division Argentina,21,2001,11.2,796,70,368,408,23,8,796,7,3,42.9,3,42.9,462,2462,1763,6,5,0,3,1,528,2,ar ARG,DF,Boca Juniors,Primera Division Argentina,21,2001,15,"1,005",67,41.4,11.2,11,84,7,4,19,9,1.60,11,8,+3,+0.27,-0.11,10.2,8.7,+1.5,+0.13,+0.14,ar ARG,DF,Boca Juniors,Primera Division Argentina,21,2001,11.2,4,1,0,13,8,0,4,9,11,0,0,0,55,39,23,62.9
Nicolás Vallejo,ar ARG,"MF,FW",Independiente,Primera Division Argentina,19,2004,20,13,"1,145",12.7,1,0,1,1,0,0,4,1,2.1,2.1,0.7,2.8,31,19,97,0.08,0.00,0.08,0.08,0.08,0.17,0.05,0.22,0.17,0.22,ar ARG,"MF,FW",Independiente,Primera Division Argentina,19,2004,12.7,1,29,9,31.0,2.28,0.71,0.03,0.11,19.4,2,0,0,2.1,2.1,0.07,-1.1,-1.1,ar ARG,"MF,FW",Independiente,Primera Division Argentina,19,2004,12.7,177,291,60.8,2828,726,96,122,78.7,58,92,63.0,15,50,30.0,0,0.7,0.5,-0.7,10,11,1,1,19,ar ARG,"MF,FW",Independiente,Primera Division Argentina,19,2004,12.7,291,257,33,11,0,2,63,0,22,9,8,0,177,1,13,ar ARG,"MF,FW",Independiente,Primera Division Argentina,19,2004,12.7,28,2.20,13,7,3,1,4,0,1,0.08,1,0,0,0,0,0,ar ARG,"MF,FW",Independiente,Primera Division Argentina,19,2004,12.7,16,8,5,8,3,10,21,47.6,11,16,1,15,4,20,10,0,ar ARG,"MF,FW",Independiente,Primera Division Argentina,19,2004,12.7,458,10,49,173,250,52,458,59,23,39.0,27,45.8,279,1844,721,31,23,14,31,21,282,97,ar ARG,"MF,FW",Independiente,Primera Division Argentina,19,2004,20,"1,145",57,47.1,12.7,13,74,2,7,27,5,1.05,10,15,-5,-0.39,-0.11,14.1,15.9,-1.8,-0.14,-0.22,ar ARG,"MF,FW",Independiente,Primera Division Argentina,19,2004,12.7,4,1,1,24,35,3,63,4,8,0,1,0,72,12,24,33.3
Diego Valoyes,co COL,FW,Talleres,Primera Division Argentina,26,1996,23,16,"1,608",17.9,4,6,10,3,1,1,3,0,4.5,3.7,6.8,10.5,55,68,177,0.22,0.34,0.56,0.17,0.50,0.25,0.38,0.63,0.21,0.59,co COL,FW,Talleres,Primera Division Argentina,26,1996,17.9,4,47,13,27.7,2.63,0.73,0.06,0.23,17.6,0,1,1,4.5,3.7,0.08,-0.5,-0.7,co COL,FW,Talleres,Primera Division Argentina,26,1996,17.9,342,507,67.5,5105,1573,211,269,78.4,114,158,72.2,13,36,36.1,6,6.8,5.0,-0.8,28,27,22,0,68,co COL,FW,Talleres,Primera Division Argentina,26,1996,17.9,507,492,12,0,5,4,31,11,1,0,1,0,342,3,27,co COL,FW,Talleres,Primera Division Argentina,26,1996,17.9,59,3.30,40,0,14,2,3,0,12,0.67,9,0,2,0,1,0,co COL,FW,Talleres,Primera Division Argentina,26,1996,17.9,33,24,13,18,2,10,28,35.7,18,29,5,24,10,43,23,0,co COL,FW,Talleres,Primera Division Argentina,26,1996,17.9,822,29,105,340,399,96,821,118,55,46.6,55,46.6,512,3523,1755,55,37,21,67,25,571,177,co COL,FW,Talleres,Primera Division Argentina,26,1996,23,"1,608",70,66.2,17.9,16,86,12,7,34,2,2.00,30,16,+14,+0.78,+0.24,31.0,18.7,+12.3,+0.69,+0.32,co COL,FW,Talleres,Primera Division Argentina,26,1996,17.9,3,0,0,32,27,2,31,10,24,0,0,0,91,36,26,58.1
Claudio Valverde,ar ARG,MF,Godoy Cruz,Primera Division Argentina,20,2002,3,1,92,1.0,0,0,0,0,0,0,1,0,0.0,0.0,0.0,0.0,2,4,6,0.00,0.00,0.00,0.00,0.00,0.00,0.03,0.03,0.00,0.03,ar ARG,MF,Godoy Cruz,Primera Division Argentina,20,2002,1.0,0,0,0,0,0.00,0.00,0,0,0,0,0,0,0.0,0.0,0,0.0,0.0,ar ARG,MF,Godoy Cruz,Primera Division Argentina,20,2002,1.0,32,40,80.0,431,113,16,17,94.1,11,13,84.6,1,5,20.0,0,0.0,0.0,0.0,2,3,0,0,4,ar ARG,MF,Godoy Cruz,Primera Division Argentina,20,2002,1.0,40,40,0,0,0,0,3,0,0,0,0,0,32,0,1,ar ARG,MF,Godoy Cruz,Primera Division Argentina,20,2002,1.0,3,2.93,2,0,0,0,0,1,0,0.00,0,0,0,0,0,0,ar ARG,MF,Godoy Cruz,Primera Division Argentina,20,2002,1.0,3,1,1,1,1,3,6,50.0,3,4,0,4,1,4,3,0,ar ARG,MF,Godoy Cruz,Primera Division Argentina,20,2002,1.0,53,2,11,24,18,4,53,1,0,0.0,1,100.0,25,98,30,2,2,1,3,1,31,6,ar ARG,MF,Godoy Cruz,Primera Division Argentina,20,2002,3,92,31,3.8,1.0,1,71,0,2,11,10,1.33,0,2,-2,-1.96,-2.23,0.4,1.5,-1.1,-1.03,-0.94,ar ARG,MF,Godoy Cruz,Primera Division Argentina,20,2002,1.0,1,0,0,3,0,0,3,1,1,0,0,0,11,1,1,50.0
Leonel Vangioni,ar ARG,DF,Newell's OB,Primera Division Argentina,35,1987,1,1,89,1.0,0,0,0,0,0,0,0,1,0.0,0.0,0.2,0.3,3,11,6,0.00,0.00,0.00,0.00,0.00,0.05,0.22,0.27,0.05,0.27,ar ARG,DF,Newell's OB,Primera Division Argentina,35,1987,1.0,0,2,0,0.0,2.02,0.00,0.00,0,16.2,0,0,0,0.0,0.0,0.02,0.0,0.0,ar ARG,DF,Newell's OB,Primera Division Argentina,35,1987,1.0,39,54,72.2,689,355,18,25,72.0,17,21,81.0,4,6,66.7,0,0.2,0.2,-0.2,2,8,3,3,11,ar ARG,DF,Newell's OB,Primera Division Argentina,35,1987,1.0,54,47,7,1,0,0,7,6,0,0,0,0,39,0,1,ar ARG,DF,Newell's OB,Primera Division Argentina,35,1987,1.0,6,6.07,5,1,0,0,0,0,1,1.01,0,1,0,0,0,0,ar ARG,DF,Newell's OB,Primera Division Argentina,35,1987,1.0,0,0,0,0,0,0,1,0.0,1,1,0,1,2,2,0,0,ar ARG,DF,Newell's OB,Primera Division Argentina,35,1987,1.0,64,0,6,27,32,2,64,3,2,66.7,1,33.3,38,192,106,3,3,0,4,1,44,6,ar ARG,DF,Newell's OB,Primera Division Argentina,35,1987,1,89,89,3.7,1.0,1,89,0,0,0,14,1.00,1,1,0,0.00,0.00,2.1,0.4,+1.7,+1.75,+1.87,ar ARG,DF,Newell's OB,Primera Division Argentina,35,1987,1.0,0,1,0,3,2,0,7,2,0,0,0,0,7,1,1,50.0
Alan Varela,ar ARG,MF,Boca Juniors,Primera Division Argentina,21,2001,24,20,"1,708",19.0,0,1,1,0,0,0,10,0,0.3,0.3,0.6,0.9,9,68,9,0.00,0.05,0.05,0.00,0.05,0.01,0.03,0.05,0.01,0.05,ar ARG,MF,Boca Juniors,Primera Division Argentina,21,2001,19.0,0,12,1,8.3,0.63,0.05,0.00,0.00,28.3,0,0,0,0.3,0.3,0.02,-0.3,-0.3,ar ARG,MF,Boca Juniors,Primera Division Argentina,21,2001,19.0,1022,1155,88.5,17769,4990,440,481,91.5,482,515,93.6,79,113,69.9,1,0.6,0.8,+0.4,13,68,6,1,68,ar ARG,MF,Boca Juniors,Primera Division Argentina,21,2001,19.0,1155,1110,43,42,1,8,4,1,0,0,0,0,1022,2,18,ar ARG,MF,Boca Juniors,Primera Division Argentina,21,2001,19.0,34,1.79,26,2,2,3,0,1,2,0.11,2,0,0,0,0,0,ar ARG,MF,Boca Juniors,Primera Division Argentina,21,2001,19.0,47,21,19,28,0,23,48,47.9,25,34,13,21,28,75,21,0,ar ARG,MF,Boca Juniors,Primera Division Argentina,21,2001,19.0,1343,56,356,900,98,1,1343,22,16,72.7,5,22.7,719,3215,1523,9,9,0,18,16,895,9,ar ARG,MF,Boca Juniors,Primera Division Argentina,21,2001,24,"1,708",71,70.3,19.0,20,81,10,4,24,1,1.58,21,14,+7,+0.37,+0.12,21.2,22.5,-1.3,-0.07,-0.40,ar ARG,MF,Boca Juniors,Primera Division Argentina,21,2001,19.0,10,0,0,26,14,0,4,28,21,0,0,0,136,11,15,42.3
Joaquín Varela,uy URU,DF,Instituto,Primera Division Argentina,24,1998,6,2,237,2.6,2,0,2,2,0,0,0,0,1.6,1.6,0.0,1.6,0,5,0,0.76,0.00,0.76,0.76,0.76,0.62,0.00,0.62,0.62,0.62,uy URU,DF,Instituto,Primera Division Argentina,24,1998,2.6,2,4,3,75.0,1.52,1.14,0.50,0.67,5.5,0,0,0,1.6,1.6,0.41,+0.4,+0.4,uy URU,DF,Instituto,Primera Division Argentina,24,1998,2.6,35,66,53.0,819,515,11,16,68.8,15,24,62.5,9,25,36.0,0,0.0,0.0,0.0,0,6,0,0,5,uy URU,DF,Instituto,Primera Division Argentina,24,1998,2.6,66,61,5,2,0,1,0,3,0,0,0,0,35,0,0,uy URU,DF,Instituto,Primera Division Argentina,24,1998,2.6,2,0.76,1,0,0,1,0,0,0,0.00,0,0,0,0,0,0,uy URU,DF,Instituto,Primera Division Argentina,24,1998,2.6,3,2,3,0,0,2,5,40.0,3,3,1,2,5,8,16,0,uy URU,DF,Instituto,Primera Division Argentina,24,1998,2.6,101,23,63,33,6,4,101,1,1,100.0,0,0.0,30,140,65,0,0,0,1,0,32,0,uy URU,DF,Instituto,Primera Division Argentina,24,1998,6,237,40,9.8,2.6,2,90,2,4,14,19,1.33,4,7,-3,-1.14,-0.81,4.5,4.4,+0.1,+0.05,-0.10,uy URU,DF,Instituto,Primera Division Argentina,24,1998,2.6,0,0,0,4,3,0,0,5,2,0,1,0,13,12,8,60.0
Lautaro Vargas,ar ARG,DF,Defensa y Just,Primera Division Argentina,17,2005,1,0,12,0.1,0,0,0,0,0,0,1,0,0.0,0.0,0.0,0.0,1,2,0,0.00,0.00,0.00,0.00,0.00,0.00,0.00,0.00,0.00,0.00,ar ARG,DF,Defensa y Just,Primera Division Argentina,17,2005,0.1,0,0,0,0,0.00,0.00,0,0,0,0,0,0,0.0,0.0,0,0.0,0.0,ar ARG,DF,Defensa y Just,Primera Division Argentina,17,2005,0.1,12,16,75.0,180,95,9,11,81.8,2,4,50.0,1,1,100.0,0,0.0,0.0,0.0,0,0,0,0,2,ar ARG,DF,Defensa y Just,Primera Division Argentina,17,2005,0.1,16,9,7,0,0,0,0,7,0,0,0,0,12,0,1,ar ARG,DF,Defensa y Just,Primera Division Argentina,17,2005,0.1,0,0.00,0,0,0,0,0,0,0,0.00,0,0,0,0,0,0,ar ARG,DF,Defensa y Just,Primera Division Argentina,17,2005,0.1,1,1,1,0,0,0,0,0,0,0,0,0,0,1,1,0,ar ARG,DF,Defensa y Just,Primera Division Argentina,17,2005,0.1,19,0,7,6,6,0,19,0,0,0,0,0,10,51,30,1,1,0,1,0,9,0,ar ARG,DF,Defensa y Just,Primera Division Argentina,17,2005,1,12,12,0.5,0.1,0,0,0,1,12,0,0.00,0,1,-1,-7.50,-8.02,0.0,0.6,-0.6,-4.68,-4.83,ar ARG,DF,Defensa y Just,Primera Division Argentina,17,2005,0.1,1,0,0,1,0,0,0,0,1,0,0,0,1,0,0,0
Diego Vásquez,ar ARG,"MF,FW",Cen. Córdoba–SdE,Primera Division Argentina,22,2000,8,0,112,1.2,0,0,0,0,0,0,0,0,0.2,0.2,0.2,0.4,2,7,14,0.00,0.00,0.00,0.00,0.00,0.17,0.13,0.30,0.17,0.30,ar ARG,"MF,FW",Cen. Córdoba–SdE,Primera Division Argentina,22,2000,1.2,0,6,0,0.0,4.82,0.00,0.00,0,22.2,0,0,0,0.2,0.2,0.04,-0.2,-0.2,ar ARG,"MF,FW",Cen. Córdoba–SdE,Primera Division Argentina,22,2000,1.2,57,73,78.1,871,227,33,36,91.7,18,23,78.3,5,11,45.5,0,0.2,0.1,-0.2,2,5,1,0,7,ar ARG,"MF,FW",Cen. Córdoba–SdE,Primera Division Argentina,22,2000,1.2,73,72,1,1,0,0,4,0,0,0,0,0,57,0,1,ar ARG,"MF,FW",Cen. Córdoba–SdE,Primera Division Argentina,22,2000,1.2,6,4.74,4,0,1,1,0,0,0,0.00,0,0,0,0,0,0,ar ARG,"MF,FW",Cen. Córdoba–SdE,Primera Division Argentina,22,2000,1.2,6,5,6,0,0,1,3,33.3,2,1,0,1,1,7,2,0,ar ARG,"MF,FW",Cen. Córdoba–SdE,Primera Division Argentina,22,2000,1.2,102,2,18,46,38,4,102,8,4,50.0,2,25.0,60,459,149,2,1,1,4,3,66,14,ar ARG,"MF,FW",Cen. Córdoba–SdE,Primera Division Argentina,22,2000,8,112,14,4.6,1.2,0,0,0,8,14,6,1.00,1,1,0,0.00,+0.39,2.7,1.4,+1.3,+1.05,+1.52,ar ARG,"MF,FW",Cen. Córdoba–SdE,Primera Division Argentina,22,2000,1.2,0,0,0,2,2,0,4,1,5,0,0,0,7,3,3,50.0
Ignacio Vázquez,ar ARG,DF,Platense,Primera Division Argentina,25,1997,22,17,"1,608",17.9,0,1,1,0,0,0,3,0,0.2,0.2,0.1,0.3,11,54,6,0.00,0.06,0.06,0.00,0.06,0.01,0.01,0.02,0.01,0.02,ar ARG,DF,Platense,Primera Division Argentina,25,1997,17.9,0,8,2,25.0,0.45,0.11,0.00,0.00,13.9,0,0,0,0.2,0.2,0.03,-0.2,-0.2,ar ARG,DF,Platense,Primera Division Argentina,25,1997,17.9,505,739,68.3,10947,4661,135,175,77.1,264,336,78.6,98,201,48.8,1,0.1,0.5,+0.9,4,26,3,0,54,ar ARG,DF,Platense,Primera Division Argentina,25,1997,17.9,739,697,41,34,1,6,4,7,0,0,0,0,505,1,7,ar ARG,DF,Platense,Primera Division Argentina,25,1997,17.9,13,0.73,12,0,0,0,0,1,1,0.06,1,0,0,0,0,0,ar ARG,DF,Platense,Primera Division Argentina,25,1997,17.9,40,26,17,23,0,29,43,67.4,14,20,9,11,37,77,73,0,ar ARG,DF,Platense,Primera Division Argentina,25,1997,17.9,942,105,455,456,42,20,942,8,5,62.5,2,25.0,371,1972,1369,11,4,0,12,5,383,6,ar ARG,DF,Platense,Primera Division Argentina,25,1997,22,"1,608",73,66.2,17.9,17,89,16,5,19,5,1.23,13,15,-2,-0.11,0.00,12.7,17.0,-4.3,-0.24,+0.43,ar ARG,DF,Platense,Primera Division Argentina,25,1997,17.9,3,0,0,14,17,0,4,37,26,0,1,0,139,70,33,68.0
Luis Vázquez,ar ARG,FW,Boca Juniors,Primera Division Argentina,22,2001,13,4,435,4.8,1,2,3,1,0,0,0,0,1.3,1.3,1.3,2.6,7,3,23,0.21,0.41,0.62,0.21,0.62,0.27,0.28,0.54,0.27,0.54,ar ARG,FW,Boca Juniors,Primera Division Argentina,22,2001,4.8,1,9,5,55.6,1.86,1.03,0.11,0.20,13.4,0,0,0,1.3,1.3,0.14,-0.3,-0.3,ar ARG,FW,Boca Juniors,Primera Division Argentina,22,2001,4.8,71,108,65.7,833,120,47,59,79.7,18,28,64.3,0,0,0,2,1.3,0.3,+0.7,3,1,2,1,3,ar ARG,FW,Boca Juniors,Primera Division Argentina,22,2001,4.8,108,97,10,0,0,0,4,1,0,0,0,0,71,1,8,ar ARG,FW,Boca Juniors,Primera Division Argentina,22,2001,4.8,7,1.44,5,0,0,1,1,0,2,0.41,1,0,0,1,0,0,ar ARG,FW,Boca Juniors,Primera Division Argentina,22,2001,4.8,5,4,1,4,0,1,6,16.7,5,2,1,1,0,5,3,0,ar ARG,FW,Boca Juniors,Primera Division Argentina,22,2001,4.8,168,4,9,85,75,19,168,14,6,42.9,7,50.0,92,437,216,7,9,4,20,10,115,23,ar ARG,FW,Boca Juniors,Primera Division Argentina,22,2001,13,435,33,17.9,4.8,4,71,0,9,17,7,1.69,8,4,+4,+0.83,+0.60,5.8,4.3,+1.5,+0.30,+0.31,ar ARG,FW,Boca Juniors,Primera Division Argentina,22,2001,4.8,0,0,0,7,4,2,4,0,4,0,0,0,14,14,8,63.6
Thiago Vecino,uy URU,FW,Unión,Primera Division Argentina,23,1999,11,5,441,4.9,0,1,1,0,0,0,1,0,1.0,1.0,0.3,1.3,1,4,24,0.00,0.20,0.20,0.00,0.20,0.20,0.07,0.26,0.20,0.26,uy URU,FW,Unión,Primera Division Argentina,23,1999,4.9,0,14,2,14.3,2.86,0.41,0.00,0.00,19.0,0,0,0,1.0,1.0,0.07,-1.0,-1.0,uy URU,FW,Unión,Primera Division Argentina,23,1999,4.9,54,93,58.1,910,125,29,49,59.2,16,28,57.1,6,7,85.7,1,0.3,0.0,+0.7,2,3,1,0,4,uy URU,FW,Unión,Primera Division Argentina,23,1999,4.9,93,82,10,0,1,2,3,2,0,0,0,0,54,1,5,uy URU,FW,Unión,Primera Division Argentina,23,1999,4.9,3,0.61,2,0,0,1,0,0,1,0.20,0,0,0,1,0,0,uy URU,FW,Unión,Primera Division Argentina,23,1999,4.9,4,3,0,4,0,0,2,0.0,2,4,3,1,2,6,5,0,uy URU,FW,Unión,Primera Division Argentina,23,1999,4.9,157,8,15,75,67,17,157,4,0,0.0,4,100.0,85,267,48,1,3,1,20,7,111,24,uy URU,FW,Unión,Primera Division Argentina,23,1999,11,441,40,18.1,4.9,5,63,0,6,21,3,0.82,3,4,-1,-0.20,+0.02,4.2,5.4,-1.2,-0.24,0.00,uy URU,FW,Unión,Primera Division Argentina,23,1999,4.9,1,0,0,12,3,4,3,2,3,0,0,0,12,16,32,33.3
Cristian Vega,ar ARG,MF,Colón,Primera Division Argentina,29,1993,16,10,901,10.0,1,0,1,1,0,0,4,0,0.2,0.2,0.1,0.3,6,52,12,0.10,0.00,0.10,0.10,0.10,0.02,0.01,0.03,0.02,0.03,ar ARG,MF,Colón,Primera Division Argentina,29,1993,10.0,1,9,2,22.2,0.90,0.20,0.11,0.50,29.7,0,0,0,0.2,0.2,0.03,+0.8,+0.8,ar ARG,MF,Colón,Primera Division Argentina,29,1993,10.0,393,502,78.3,7106,2621,168,195,86.2,172,205,83.9,48,72,66.7,0,0.1,0.4,-0.1,2,41,1,0,52,ar ARG,MF,Colón,Primera Division Argentina,29,1993,10.0,502,479,20,14,1,6,3,6,0,0,0,0,393,3,14,ar ARG,MF,Colón,Primera Division Argentina,29,1993,10.0,9,0.90,6,2,0,0,1,0,0,0.00,0,0,0,0,0,0,ar ARG,MF,Colón,Primera Division Argentina,29,1993,10.0,38,24,21,16,1,19,34,55.9,15,21,3,18,15,53,12,1,ar ARG,MF,Colón,Primera Division Argentina,29,1993,10.0,640,27,174,416,59,2,640,12,2,16.7,5,41.7,324,1533,739,6,5,0,19,6,334,12,ar ARG,MF,Colón,Primera Division Argentina,29,1993,16,901,56,37.1,10.0,10,73,4,6,29,7,0.94,6,11,-5,-0.50,-0.03,7.0,13.3,-6.3,-0.63,-0.33,ar ARG,MF,Colón,Primera Division Argentina,29,1993,10.0,4,0,0,28,20,0,3,15,24,0,2,0,114,15,12,55.6
Franco Vega,ar ARG,"MF,FW",Arsenal,Primera Division Argentina,21,2001,11,3,375,4.2,0,0,0,0,0,0,0,0,0.2,0.2,0.8,1.0,11,36,14,0.00,0.00,0.00,0.00,0.00,0.06,0.19,0.25,0.06,0.25,ar ARG,"MF,FW",Arsenal,Primera Division Argentina,21,2001,4.2,0,5,1,20.0,1.20,0.24,0.00,0.00,24.1,2,0,0,0.2,0.2,0.05,-0.2,-0.2,ar ARG,"MF,FW",Arsenal,Primera Division Argentina,21,2001,4.2,165,209,78.9,3199,1044,57,67,85.1,77,88,87.5,25,40,62.5,0,0.8,0.2,-0.8,2,34,3,1,36,ar ARG,"MF,FW",Arsenal,Primera Division Argentina,21,2001,4.2,209,204,4,3,1,2,4,1,0,0,0,0,165,1,5,ar ARG,"MF,FW",Arsenal,Primera Division Argentina,21,2001,4.2,11,2.64,8,0,1,1,1,0,2,0.48,2,0,0,0,0,0,ar ARG,"MF,FW",Arsenal,Primera Division Argentina,21,2001,4.2,9,4,3,4,2,7,13,53.8,6,6,1,5,1,10,0,0,ar ARG,"MF,FW",Arsenal,Primera Division Argentina,21,2001,4.2,255,2,34,162,64,2,255,17,11,64.7,3,17.6,157,1059,549,11,5,0,10,5,188,14,ar ARG,"MF,FW",Arsenal,Primera Division Argentina,21,2001,11,375,34,15.4,4.2,3,57,0,8,26,10,0.73,4,4,0,0.00,+0.70,4.4,5.7,-1.3,-0.32,+0.13,ar ARG,"MF,FW",Arsenal,Primera Division Argentina,21,2001,4.2,0,0,0,8,15,0,4,1,4,0,0,0,36,2,3,40.0
Pablo Vegetti,ar ARG,FW,Belgrano,Primera Division Argentina,34,1988,27,27,"2,381",26.5,13,1,14,11,2,2,4,0,12.1,10.6,2.1,12.7,19,32,151,0.49,0.04,0.53,0.42,0.45,0.46,0.08,0.54,0.40,0.48,ar ARG,FW,Belgrano,Primera Division Argentina,34,1988,26.5,13,87,29,33.3,3.29,1.10,0.13,0.38,14.6,1,2,2,12.1,10.6,0.12,+0.9,+0.4,ar ARG,FW,Belgrano,Primera Division Argentina,34,1988,26.5,296,503,58.8,4417,679,172,255,67.5,87,146,59.6,22,39,56.4,1,2.1,1.3,-1.1,16,27,8,3,32,ar ARG,FW,Belgrano,Primera Division Argentina,34,1988,26.5,503,467,36,0,1,6,29,1,0,0,0,0,296,0,31,ar ARG,FW,Belgrano,Primera Division Argentina,34,1988,26.5,43,1.63,25,0,2,7,8,1,5,0.19,3,0,0,0,2,0,ar ARG,FW,Belgrano,Primera Division Argentina,34,1988,26.5,8,5,2,5,1,4,22,18.2,18,15,3,12,1,9,30,0,ar ARG,FW,Belgrano,Primera Division Argentina,34,1988,26.5,791,33,57,332,409,117,789,27,9,33.3,15,55.6,393,1806,496,19,19,8,67,26,621,151,ar ARG,FW,Belgrano,Primera Division Argentina,34,1988,27,"2,381",88,98.0,26.5,27,88,21,0,0,0,1.33,20,26,-6,-0.23,-0.23,24.1,31.1,-7.0,-0.27,-0.09,ar ARG,FW,Belgrano,Primera Division Argentina,34,1988,26.5,4,0,0,35,53,19,29,1,5,1,0,0,46,112,115,49.3
Gustavo Velásquez,py PAR,DF,Newell's OB,Primera Division Argentina,31,1991,20,18,"1,586",17.6,3,0,3,3,0,0,1,0,1.2,1.2,0.5,1.7,28,79,0,0.17,0.00,0.17,0.17,0.17,0.07,0.03,0.10,0.07,0.10,py PAR,DF,Newell's OB,Primera Division Argentina,31,1991,17.6,3,15,9,60.0,0.85,0.51,0.20,0.33,10.7,0,0,0,1.2,1.2,0.08,+1.8,+1.8,py PAR,DF,Newell's OB,Primera Division Argentina,31,1991,17.6,883,1061,83.2,16511,5475,307,346,88.7,495,556,89.0,70,125,56.0,0,0.5,0.4,-0.5,3,57,0,0,79,py PAR,DF,Newell's OB,Primera Division Argentina,31,1991,17.6,1061,1018,41,33,1,9,0,5,0,0,0,0,883,2,13,py PAR,DF,Newell's OB,Primera Division Argentina,31,1991,17.6,13,0.74,12,0,0,1,0,0,0,0.00,0,0,0,0,0,0,py PAR,DF,Newell's OB,Primera Division Argentina,31,1991,17.6,27,19,21,6,0,17,27,63.0,10,10,6,4,33,60,81,0,py PAR,DF,Newell's OB,Primera Division Argentina,31,1991,17.6,1269,88,606,629,44,23,1269,14,7,50.0,4,28.6,788,4656,2967,28,5,0,18,7,805,0,py PAR,DF,Newell's OB,Primera Division Argentina,31,1991,20,"1,586",79,65.3,17.6,18,86,14,2,20,5,1.30,17,16,+1,+0.06,+0.16,15.9,16.9,-1.0,-0.06,-0.04,py PAR,DF,Newell's OB,Primera Division Argentina,31,1991,17.6,1,0,0,10,26,0,0,33,19,0,0,0,137,74,27,73.3
Alejo Véliz,ar ARG,FW,Rosario Central,Primera Division Argentina,19,2003,23,22,"1,781",19.8,11,0,11,10,1,1,1,0,9.1,8.3,0.6,8.8,8,21,85,0.56,0.00,0.56,0.51,0.51,0.46,0.03,0.49,0.42,0.45,ar ARG,FW,Rosario Central,Primera Division Argentina,19,2003,19.8,11,60,27,45.0,3.03,1.36,0.17,0.37,13.5,0,1,1,9.1,8.3,0.14,+1.9,+1.7,ar ARG,FW,Rosario Central,Primera Division Argentina,19,2003,19.8,203,315,64.4,2370,401,142,195,72.8,39,68,57.4,6,10,60.0,0,0.6,0.4,-0.6,12,13,2,0,21,ar ARG,FW,Rosario Central,Primera Division Argentina,19,2003,19.8,315,275,39,0,1,0,3,1,0,0,0,0,203,1,9,ar ARG,FW,Rosario Central,Primera Division Argentina,19,2003,19.8,40,2.02,20,1,0,4,14,1,1,0.05,0,0,0,0,1,0,ar ARG,FW,Rosario Central,Primera Division Argentina,19,2003,19.8,5,3,1,2,2,2,6,33.3,4,12,3,9,2,7,36,0,ar ARG,FW,Rosario Central,Primera Division Argentina,19,2003,19.8,566,37,52,256,262,80,565,20,4,20.0,12,60.0,270,928,284,8,15,3,68,21,414,85,ar ARG,FW,Rosario Central,Primera Division Argentina,19,2003,23,"1,781",77,73.3,19.8,22,80,7,1,29,0,1.52,26,17,+9,+0.45,+0.73,24.1,20.8,+3.4,+0.17,+0.74,ar ARG,FW,Rosario Central,Primera Division Argentina,19,2003,19.8,1,0,0,24,56,9,3,2,3,1,0,0,40,98,71,58.0
Valentino Venetucci,ar ARG,MF,Unión,Primera Division Argentina,19,2003,1,0,3,0.0,0,0,0,0,0,0,0,0,0.0,0.0,0.0,0.0,0,0,0,0.00,0.00,0.00,0.00,0.00,0.00,0.00,0.00,0.00,0.00,ar ARG,MF,Unión,Primera Division Argentina,19,2003,0.0,0,0,0,0,0.00,0.00,0,0,0,0,0,0,0.0,0.0,0,0.0,0.0,ar ARG,MF,Unión,Primera Division Argentina,19,2003,0.0,0,1,0.0,0,0,0,1,0.0,0,0,0,0,0,0,0,0.0,0.0,0.0,0,0,0,0,0,ar ARG,MF,Unión,Primera Division Argentina,19,2003,0.0,1,1,0,0,0,0,0,0,0,0,0,0,0,0,0,ar ARG,MF,Unión,Primera Division Argentina,19,2003,0.0,0,0.00,0,0,0,0,0,0,0,0.00,0,0,0,0,0,0,ar ARG,MF,Unión,Primera Division Argentina,19,2003,0.0,0,0,0,0,0,0,0,0,0,0,0,0,1,1,1,0,ar ARG,MF,Unión,Primera Division Argentina,19,2003,0.0,4,1,1,2,1,1,4,1,0,0.0,1,100.0,3,30,0,0,0,1,1,1,2,0,ar ARG,MF,Unión,Primera Division Argentina,19,2003,1,3,3,0.1,0.0,0,0,0,1,3,5,3.00,0,0,0,0.00,+0.22,0.0,0.0,0.0,-1.05,-0.81,ar ARG,MF,Unión,Primera Division Argentina,19,2003,0.0,0,0,0,0,0,0,0,1,0,0,0,0,1,0,0,0
Federico Vera,ar ARG,DF,Unión,Primera Division Argentina,24,1998,24,24,"1,887",21.0,0,2,2,0,0,0,8,0,0.6,0.6,1.0,1.6,51,53,91,0.00,0.10,0.10,0.00,0.10,0.03,0.05,0.08,0.03,0.08,ar ARG,DF,Unión,Primera Division Argentina,24,1998,21.0,0,13,2,15.4,0.62,0.10,0.00,0.00,19.2,0,0,0,0.6,0.6,0.05,-0.6,-0.6,ar ARG,DF,Unión,Primera Division Argentina,24,1998,21.0,508,822,61.8,8562,3938,257,318,80.8,201,301,66.8,45,134,33.6,2,1.0,1.0,+1.0,9,41,12,6,53,ar ARG,DF,Unión,Primera Division Argentina,24,1998,21.0,822,627,192,5,1,4,64,186,1,0,1,0,508,3,55,ar ARG,DF,Unión,Primera Division Argentina,24,1998,21.0,37,1.77,19,7,4,1,5,1,3,0.14,2,0,1,0,0,0,ar ARG,DF,Unión,Primera Division Argentina,24,1998,21.0,50,36,26,18,6,32,52,61.5,20,31,10,21,23,73,41,0,ar ARG,DF,Unión,Primera Division Argentina,24,1998,21.0,1082,52,336,472,289,26,1082,70,33,47.1,28,40.0,488,3216,1697,51,32,7,35,20,505,91,ar ARG,DF,Unión,Primera Division Argentina,24,1998,24,"1,887",79,77.7,21.0,24,79,9,0,0,2,1.13,12,16,-4,-0.19,+0.14,15.1,19.0,-3.9,-0.19,+0.24,ar ARG,DF,Unión,Primera Division Argentina,24,1998,21.0,8,0,0,46,37,1,64,23,36,0,1,0,142,21,16,56.8
Matías Vera,ar ARG,MF,Arg Juniors,Primera Division Argentina,27,1995,9,7,519,5.8,0,0,0,0,0,0,2,0,0.0,0.0,0.0,0.0,3,36,2,0.00,0.00,0.00,0.00,0.00,0.01,0.00,0.01,0.01,0.01,ar ARG,MF,Arg Juniors,Primera Division Argentina,27,1995,5.8,0,1,0,0.0,0.17,0.00,0.00,0,26.8,0,0,0,0.0,0.0,0.03,0.0,0.0,ar ARG,MF,Arg Juniors,Primera Division Argentina,27,1995,5.8,292,333,87.7,5205,1446,141,153,92.2,113,126,89.7,33,41,80.5,0,0.0,0.2,0.0,0,23,4,0,36,ar ARG,MF,Arg Juniors,Primera Division Argentina,27,1995,5.8,333,324,8,6,0,2,1,1,1,0,0,0,292,1,4,ar ARG,MF,Arg Juniors,Primera Division Argentina,27,1995,5.8,7,1.22,7,0,0,0,0,0,0,0.00,0,0,0,0,0,0,ar ARG,MF,Arg Juniors,Primera Division Argentina,27,1995,5.8,13,12,3,9,1,7,13,53.8,6,10,2,8,4,17,9,1,ar ARG,MF,Arg Juniors,Primera Division Argentina,27,1995,5.8,392,16,95,251,46,0,392,5,2,40.0,2,40.0,225,783,344,3,1,0,9,4,250,2,ar ARG,MF,Arg Juniors,Primera Division Argentina,27,1995,9,519,58,21.4,5.8,7,68,1,2,21,11,1.22,6,9,-3,-0.52,-1.09,9.4,6.4,+3.0,+0.52,+0.03,ar ARG,MF,Arg Juniors,Primera Division Argentina,27,1995,5.8,2,0,0,10,6,0,1,4,12,0,0,0,37,8,10,44.4
Santino Vera,ar ARG,"MF,FW",Racing Club,Primera Division Argentina,16,2006,3,0,47,0.5,0,0,0,0,0,0,0,0,0.0,0.0,0.0,0.0,0,2,0,0.00,0.00,0.00,0.00,0.00,0.00,0.00,0.00,0.00,0.00,ar ARG,"MF,FW",Racing Club,Primera Division Argentina,16,2006,0.5,0,0,0,0,0.00,0.00,0,0,0,0,0,0,0.0,0.0,0,0.0,0.0,ar ARG,"MF,FW",Racing Club,Primera Division Argentina,16,2006,0.5,35,43,81.4,595,159,18,21,85.7,15,17,88.2,2,4,50.0,0,0.0,0.0,0.0,0,2,0,0,2,ar ARG,"MF,FW",Racing Club,Primera Division Argentina,16,2006,0.5,43,42,1,1,0,1,0,0,0,0,0,0,35,0,1,ar ARG,"MF,FW",Racing Club,Primera Division Argentina,16,2006,0.5,0,0.00,0,0,0,0,0,0,0,0.00,0,0,0,0,0,0,ar ARG,"MF,FW",Racing Club,Primera Division Argentina,16,2006,0.5,3,3,1,1,1,2,3,66.7,1,1,0,1,0,3,0,0,ar ARG,"MF,FW",Racing Club,Primera Division Argentina,16,2006,0.5,47,0,11,34,3,0,47,0,0,0,0,0,25,120,39,0,0,0,0,1,36,0,ar ARG,"MF,FW",Racing Club,Primera Division Argentina,16,2006,3,47,16,1.9,0.5,0,0,0,3,16,8,2.00,2,0,+2,+3.83,+3.87,1.3,0.0,+1.3,+2.43,+2.65,ar ARG,"MF,FW",Racing Club,Primera Division Argentina,16,2006,0.5,0,0,0,1,0,0,0,0,3,0,0,0,4,0,0,0
Deian Verón,ar ARG,MF,Estudiantes–LP,Primera Division Argentina,22,2000,2,0,38,0.4,0,0,0,0,0,0,0,0,0.0,0.0,0.0,0.0,0,4,3,0.00,0.00,0.00,0.00,0.00,0.00,0.00,0.00,0.00,0.00,ar ARG,MF,Estudiantes–LP,Primera Division Argentina,22,2000,0.4,0,0,0,0,0.00,0.00,0,0,0,0,0,0,0.0,0.0,0,0.0,0.0,ar ARG,MF,Estudiantes–LP,Primera Division Argentina,22,2000,0.4,16,25,64.0,265,159,9,10,90.0,5,10,50.0,2,4,50.0,0,0.0,0.0,0.0,0,4,0,0,4,ar ARG,MF,Estudiantes–LP,Primera Division Argentina,22,2000,0.4,25,24,1,0,0,0,0,1,0,0,0,0,16,0,0,ar ARG,MF,Estudiantes–LP,Primera Division Argentina,22,2000,0.4,0,0.00,0,0,0,0,0,0,0,0.00,0,0,0,0,0,0,ar ARG,MF,Estudiantes–LP,Primera Division Argentina,22,2000,0.4,1,1,1,0,0,1,3,33.3,2,0,0,0,0,1,1,0,ar ARG,MF,Estudiantes–LP,Primera Division Argentina,22,2000,0.4,29,0,8,16,5,1,29,0,0,0,0,0,16,62,6,0,0,0,2,0,18,3,ar ARG,MF,Estudiantes–LP,Primera Division Argentina,22,2000,2,38,19,1.6,0.4,0,0,0,2,19,25,0.50,0,2,-2,-4.74,-5.23,0.3,1.1,-0.7,-1.73,-2.12,ar ARG,MF,Estudiantes–LP,Primera Division Argentina,22,2000,0.4,0,0,0,3,1,0,0,0,1,0,0,0,4,3,0,100.0
Gastón Verón,ar ARG,"FW,MF",Arg Juniors,Primera Division Argentina,21,2001,24,14,"1,308",14.5,0,0,0,0,0,0,7,1,2.2,2.2,2.1,4.3,16,74,101,0.00,0.00,0.00,0.00,0.00,0.15,0.15,0.30,0.15,0.30,ar ARG,"FW,MF",Arg Juniors,Primera Division Argentina,21,2001,14.5,0,31,9,29.0,2.13,0.62,0.00,0.00,14.6,0,0,0,2.2,2.2,0.07,-2.2,-2.2,ar ARG,"FW,MF",Arg Juniors,Primera Division Argentina,21,2001,14.5,385,514,74.9,5762,1438,212,267,79.4,122,151,80.8,27,38,71.1,0,2.1,1.9,-2.1,16,38,17,1,74,ar ARG,"FW,MF",Arg Juniors,Primera Division Argentina,21,2001,14.5,514,505,3,0,2,2,7,1,0,0,0,0,385,6,17,ar ARG,"FW,MF",Arg Juniors,Primera Division Argentina,21,2001,14.5,48,3.30,33,0,4,6,4,1,3,0.21,1,0,0,0,2,0,ar ARG,"FW,MF",Arg Juniors,Primera Division Argentina,21,2001,14.5,17,9,1,8,8,8,15,53.3,7,13,4,9,3,20,10,0,ar ARG,"FW,MF",Arg Juniors,Primera Division Argentina,21,2001,14.5,694,13,45,381,272,56,694,39,19,48.7,14,35.9,447,1752,662,16,18,4,42,38,573,101,ar ARG,"FW,MF",Arg Juniors,Primera Division Argentina,21,2001,24,"1,308",55,53.8,14.5,14,70,2,10,32,1,1.50,18,9,+9,+0.62,+0.62,23.9,13.3,+10.7,+0.73,+0.51,ar ARG,"FW,MF",Arg Juniors,Primera Division Argentina,21,2001,14.5,7,1,1,28,29,4,7,3,9,2,1,0,46,61,42,59.2
Federico Versaci,ar ARG,"FW,MF",Defensa y Just,Primera Division Argentina,20,2002,2,2,138,1.5,0,0,0,0,0,0,0,0,0.0,0.0,0.0,0.0,2,2,5,0.00,0.00,0.00,0.00,0.00,0.00,0.03,0.03,0.00,0.03,ar ARG,"FW,MF",Defensa y Just,Primera Division Argentina,20,2002,1.5,0,0,0,0,0.00,0.00,0,0,0,0,0,0,0.0,0.0,0,0.0,0.0,ar ARG,"FW,MF",Defensa y Just,Primera Division Argentina,20,2002,1.5,18,34,52.9,275,57,8,13,61.5,8,11,72.7,1,8,12.5,0,0.0,0.2,0.0,1,1,2,1,2,ar ARG,"FW,MF",Defensa y Just,Primera Division Argentina,20,2002,1.5,34,32,2,2,0,0,4,0,0,0,0,0,18,0,1,ar ARG,"FW,MF",Defensa y Just,Primera Division Argentina,20,2002,1.5,1,0.65,1,0,0,0,0,0,0,0.00,0,0,0,0,0,0,ar ARG,"FW,MF",Defensa y Just,Primera Division Argentina,20,2002,1.5,4,2,2,0,2,1,1,100.0,0,0,0,0,0,4,1,0,ar ARG,"FW,MF",Defensa y Just,Primera Division Argentina,20,2002,1.5,56,2,10,21,26,0,56,5,1,20.0,3,60.0,35,138,66,2,3,0,6,2,33,5,ar ARG,"FW,MF",Defensa y Just,Primera Division Argentina,20,2002,2,138,69,5.7,1.5,2,69,0,0,0,16,1.50,0,1,-1,-0.65,-1.20,0.2,1.8,-1.6,-1.05,-1.26,ar ARG,"FW,MF",Defensa y Just,Primera Division Argentina,20,2002,1.5,0,0,0,1,4,1,4,0,2,0,0,0,10,0,1,0.0
Manuel Vicentini,ar ARG,GK,Belgrano,Primera Division Argentina,32,1990,2,1,136,1.5,0,0,0,0,0,0,0,0,0.0,0.0,0.0,0.0,0,0,0,0.00,0.00,0.00,0.00,0.00,0.00,0.00,0.00,0.00,0.00,ar ARG,GK,Belgrano,Primera Division Argentina,32,1990,1.5,0,0,0,0,0.00,0.00,0,0,0,0,0,0,0.0,0.0,0,0.0,0.0,ar ARG,GK,Belgrano,Primera Division Argentina,32,1990,1.5,36,50,72.0,1453,1248,0,0,0,10,10,100.0,25,39,64.1,0,0.0,0.0,0.0,0,3,0,0,0,ar ARG,GK,Belgrano,Primera Division Argentina,32,1990,1.5,50,34,16,5,0,0,0,0,0,0,0,0,36,0,0,ar ARG,GK,Belgrano,Primera Division Argentina,32,1990,1.5,0,0.00,0,0,0,0,0,0,0,0.00,0,0,0,0,0,0,ar ARG,GK,Belgrano,Primera Division Argentina,32,1990,1.5,0,0,0,0,0,0,0,0,0,0,0,0,1,1,0,0,ar ARG,GK,Belgrano,Primera Division Argentina,32,1990,1.5,53,46,53,0,0,0,53,0,0,0,0,0,32,248,169,0,0,0,0,0,15,0,ar ARG,GK,Belgrano,Primera Division Argentina,32,1990,2,136,68,5.6,1.5,1,90,1,1,46,25,1.50,1,2,-1,-0.66,-0.47,1.9,2.3,-0.4,-0.26,0.00,ar ARG,GK,Belgrano,Primera Division Argentina,32,1990,1.5,0,0,0,0,0,0,0,1,0,0,0,0,2,0,0,0
Sebastián Villa,co COL,"FW,MF",Boca Juniors,Primera Division Argentina,26,1996,18,15,"1,341",14.9,0,2,2,0,0,0,1,1,2.3,2.3,3.8,6.0,92,61,170,0.00,0.13,0.13,0.00,0.13,0.15,0.25,0.41,0.15,0.41,co COL,"FW,MF",Boca Juniors,Primera Division Argentina,26,1996,14.9,0,37,11,29.7,2.48,0.74,0.00,0.00,23.8,8,0,0,2.3,2.3,0.06,-2.3,-2.3,co COL,"FW,MF",Boca Juniors,Primera Division Argentina,26,1996,14.9,418,620,67.4,7682,1910,204,250,81.6,153,205,74.6,54,119,45.4,2,3.8,3.1,-1.8,30,37,27,8,61,co COL,"FW,MF",Boca Juniors,Primera Division Argentina,26,1996,14.9,620,544,75,26,4,11,113,7,42,16,19,0,418,1,32,co COL,"FW,MF",Boca Juniors,Primera Division Argentina,26,1996,14.9,64,4.30,35,16,4,1,7,1,8,0.54,5,2,1,0,0,0,co COL,"FW,MF",Boca Juniors,Primera Division Argentina,26,1996,14.9,15,11,4,9,2,7,16,43.8,9,11,0,11,8,23,3,0,co COL,"FW,MF",Boca Juniors,Primera Division Argentina,26,1996,14.9,843,0,57,361,452,54,843,108,50,46.3,44,40.7,598,4815,2358,92,60,28,45,18,614,170,co COL,"FW,MF",Boca Juniors,Primera Division Argentina,26,1996,18,"1,341",75,55.2,14.9,15,83,7,3,34,0,1.33,15,15,0,0.00,-0.74,17.0,16.8,+0.2,+0.01,-0.08,co COL,"FW,MF",Boca Juniors,Primera Division Argentina,26,1996,14.9,1,1,0,9,41,7,113,8,11,0,0,0,74,6,16,27.3
Rodrigo Villagra,ar ARG,MF,Talleres,Primera Division Argentina,21,2001,26,26,"2,234",24.8,0,1,1,0,0,0,5,0,1.0,1.0,1.4,2.4,26,112,14,0.00,0.04,0.04,0.00,0.04,0.04,0.06,0.10,0.04,0.10,ar ARG,MF,Talleres,Primera Division Argentina,21,2001,24.8,0,16,3,18.8,0.64,0.12,0.00,0.00,24.3,0,0,0,1.0,1.0,0.06,-1.0,-1.0,ar ARG,MF,Talleres,Primera Division Argentina,21,2001,24.8,1025,1224,83.7,20056,6034,418,460,90.9,432,487,88.7,150,219,68.5,1,1.4,1.8,-0.4,19,103,15,0,112,ar ARG,MF,Talleres,Primera Division Argentina,21,2001,24.8,1224,1174,43,41,7,35,3,1,1,0,1,0,1025,7,17,ar ARG,MF,Talleres,Primera Division Argentina,21,2001,24.8,46,1.85,38,1,2,3,0,2,4,0.16,3,1,0,0,0,0,ar ARG,MF,Talleres,Primera Division Argentina,21,2001,24.8,51,32,19,31,1,19,49,38.8,30,22,4,18,26,77,20,0,ar ARG,MF,Talleres,Primera Division Argentina,21,2001,24.8,1413,30,321,1030,85,8,1413,39,27,69.2,10,25.6,789,3716,1640,26,14,2,20,21,910,14,ar ARG,MF,Talleres,Primera Division Argentina,21,2001,26,"2,234",86,91.9,24.8,26,86,20,0,0,0,1.88,41,21,+20,+0.81,+1.26,41.0,23.5,+17.5,+0.70,+1.49,ar ARG,MF,Talleres,Primera Division Argentina,21,2001,24.8,5,0,0,35,23,0,3,26,32,0,0,0,208,21,26,44.7
Lucas Villalba,ar ARG,DF,Arg Juniors,Primera Division Argentina,28,1994,24,24,"2,146",23.8,0,1,1,0,0,0,2,0,0.9,0.9,1.2,2.1,49,219,20,0.00,0.04,0.04,0.00,0.04,0.04,0.05,0.09,0.04,0.09,ar ARG,DF,Arg Juniors,Primera Division Argentina,28,1994,23.8,0,20,0,0.0,0.84,0.00,0.00,0,22.2,1,0,0,0.9,0.9,0.05,-0.9,-0.9,ar ARG,DF,Arg Juniors,Primera Division Argentina,28,1994,23.8,1379,1807,76.3,30048,13479,417,476,87.6,674,792,85.1,277,479,57.8,1,1.2,1.9,-0.2,10,179,27,10,219,ar ARG,DF,Arg Juniors,Primera Division Argentina,28,1994,23.8,1807,1691,109,65,2,29,45,41,3,0,3,0,1379,7,25,ar ARG,DF,Arg Juniors,Primera Division Argentina,28,1994,23.8,33,1.38,22,2,4,3,1,1,3,0.13,2,0,0,0,0,1,ar ARG,DF,Arg Juniors,Primera Division Argentina,28,1994,23.8,47,26,23,20,4,24,40,60.0,16,16,11,5,49,96,78,1,ar ARG,DF,Arg Juniors,Primera Division Argentina,28,1994,23.8,2063,137,811,1083,187,20,2063,29,22,75.9,5,17.2,1210,6649,4511,49,34,3,19,9,1347,20,ar ARG,DF,Arg Juniors,Primera Division Argentina,28,1994,24,"2,146",89,88.3,23.8,24,89,23,0,0,3,1.63,29,16,+13,+0.55,+1.81,34.8,21.1,+13.7,+0.58,+0.68,ar ARG,DF,Arg Juniors,Primera Division Argentina,28,1994,23.8,2,0,0,24,22,1,45,49,26,0,1,0,175,64,49,56.6
Guido Villar,ar ARG,GK,Barracas Central,Primera Division Argentina,24,1998,3,3,270,3.0,0,0,0,0,0,0,0,0,0.0,0.0,0.0,0.0,0,0,0,0.00,0.00,0.00,0.00,0.00,0.00,0.00,0.00,0.00,0.00,ar ARG,GK,Barracas Central,Primera Division Argentina,24,1998,3.0,0,0,0,0,0.00,0.00,0,0,0,0,0,0,0.0,0.0,0,0.0,0.0,ar ARG,GK,Barracas Central,Primera Division Argentina,24,1998,3.0,38,76,50.0,1230,1052,8,8,100.0,9,10,90.0,20,56,35.7,0,0.0,0.0,0.0,0,1,0,0,0,ar ARG,GK,Barracas Central,Primera Division Argentina,24,1998,3.0,76,47,29,8,0,0,0,0,0,0,0,0,38,0,1,ar ARG,GK,Barracas Central,Primera Division Argentina,24,1998,3.0,0,0.00,0,0,0,0,0,0,0,0.00,0,0,0,0,0,0,ar ARG,GK,Barracas Central,Primera Division Argentina,24,1998,3.0,2,1,2,0,0,2,2,100.0,0,0,0,0,0,2,2,0,ar ARG,GK,Barracas Central,Primera Division Argentina,24,1998,3.0,83,71,83,0,0,0,83,0,0,0,0,0,38,310,222,0,1,1,0,0,24,0,ar ARG,GK,Barracas Central,Primera Division Argentina,24,1998,3,270,90,11.1,3.0,3,90,3,0,0,11,1.33,4,6,-2,-0.67,-0.54,2.1,2.2,0.0,-0.01,+0.24,ar ARG,GK,Barracas Central,Primera Division Argentina,24,1998,3.0,0,0,0,0,1,0,0,0,1,0,0,0,1,0,0,0
Julián Viollaz,ar ARG,"FW,MF",Barracas Central,Primera Division Argentina,20,2002,3,0,44,0.5,0,0,0,0,0,0,0,0,0.0,0.0,0.0,0.0,0,0,4,0.00,0.00,0.00,0.00,0.00,0.00,0.00,0.00,0.00,0.00,ar ARG,"FW,MF",Barracas Central,Primera Division Argentina,20,2002,0.5,0,0,0,0,0.00,0.00,0,0,0,0,0,0,0.0,0.0,0,0.0,0.0,ar ARG,"FW,MF",Barracas Central,Primera Division Argentina,20,2002,0.5,5,12,41.7,55,10,3,6,50.0,1,2,50.0,0,0,0,0,0.0,0.0,0.0,0,1,0,0,0,ar ARG,"FW,MF",Barracas Central,Primera Division Argentina,20,2002,0.5,12,12,0,0,0,0,2,0,0,0,0,0,5,0,2,ar ARG,"FW,MF",Barracas Central,Primera Division Argentina,20,2002,0.5,1,2.05,0,0,0,0,1,0,0,0.00,0,0,0,0,0,0,ar ARG,"FW,MF",Barracas Central,Primera Division Argentina,20,2002,0.5,0,0,0,0,0,0,0,0,0,1,0,1,0,0,0,0,ar ARG,"FW,MF",Barracas Central,Primera Division Argentina,20,2002,0.5,16,0,1,4,11,1,16,3,1,33.3,2,66.7,10,47,16,0,0,0,1,2,13,4,ar ARG,"FW,MF",Barracas Central,Primera Division Argentina,20,2002,3,44,15,1.8,0.5,0,0,0,3,15,10,1.33,0,0,0,0.00,+0.19,0.2,0.5,-0.3,-0.71,-0.50,ar ARG,"FW,MF",Barracas Central,Primera Division Argentina,20,2002,0.5,0,0,0,2,1,0,2,0,0,0,0,0,1,1,1,50.0
Emiliano Viveros,ar ARG,MF,Arsenal,Primera Division Argentina,20,2002,1,0,15,0.2,0,0,0,0,0,0,0,0,0.0,0.0,0.0,0.0,0,1,0,0.00,0.00,0.00,0.00,0.00,0.00,0.00,0.00,0.00,0.00,ar ARG,MF,Arsenal,Primera Division Argentina,20,2002,0.2,0,0,0,0,0.00,0.00,0,0,0,0,0,0,0.0,0.0,0,0.0,0.0,ar ARG,MF,Arsenal,Primera Division Argentina,20,2002,0.2,4,5,80.0,88,35,2,3,66.7,1,1,100.0,1,1,100.0,0,0.0,0.0,0.0,0,1,0,0,1,ar ARG,MF,Arsenal,Primera Division Argentina,20,2002,0.2,5,4,1,1,0,0,0,0,0,0,0,0,4,0,0,ar ARG,MF,Arsenal,Primera Division Argentina,20,2002,0.2,0,0.00,0,0,0,0,0,0,0,0.00,0,0,0,0,0,0,ar ARG,MF,Arsenal,Primera Division Argentina,20,2002,0.2,0,0,0,0,0,0,0,0,0,0,0,0,0,0,0,0,ar ARG,MF,Arsenal,Primera Division Argentina,20,2002,0.2,6,0,0,3,3,1,6,0,0,0,0,0,2,13,6,0,0,0,1,0,3,0,ar ARG,MF,Arsenal,Primera Division Argentina,20,2002,1,15,15,0.6,0.2,0,0,0,1,15,2,0.00,0,1,-1,-6.00,-5.44,0.0,1.0,-1.0,-5.80,-5.40,ar ARG,MF,Arsenal,Primera Division Argentina,20,2002,0.2,0,0,0,0,1,0,0,0,0,0,0,0,0,1,0,100.0
Andrés Vombergar,si SVN,"FW,MF",San Lorenzo,Primera Division Argentina,28,1994,19,16,"1,366",15.2,5,2,7,3,2,2,5,0,5.6,4.5,1.1,5.6,13,27,82,0.33,0.13,0.46,0.20,0.33,0.37,0.07,0.44,0.30,0.37,si SVN,"FW,MF",San Lorenzo,Primera Division Argentina,28,1994,15.2,5,33,14,42.4,2.17,0.92,0.09,0.21,11.2,0,2,2,5.6,4.5,0.14,-0.6,-1.5,si SVN,"FW,MF",San Lorenzo,Primera Division Argentina,28,1994,15.2,254,365,69.6,3466,646,157,217,72.4,75,97,77.3,11,13,84.6,2,1.1,0.9,+0.9,11,19,4,0,27,si SVN,"FW,MF",San Lorenzo,Primera Division Argentina,28,1994,15.2,365,358,6,0,1,0,14,3,0,0,0,0,254,1,13,si SVN,"FW,MF",San Lorenzo,Primera Division Argentina,28,1994,15.2,25,1.64,16,0,1,2,6,0,3,0.20,1,0,0,0,2,0,si SVN,"FW,MF",San Lorenzo,Primera Division Argentina,28,1994,15.2,29,19,10,14,5,10,28,35.7,18,23,3,20,3,32,15,0,si SVN,"FW,MF",San Lorenzo,Primera Division Argentina,28,1994,15.2,570,16,63,263,248,81,568,23,6,26.1,13,56.5,264,1085,342,13,8,4,47,20,381,82,si SVN,"FW,MF",San Lorenzo,Primera Division Argentina,28,1994,19,"1,366",72,56.2,15.2,16,78,7,3,41,0,1.95,16,5,+11,+0.72,+0.81,16.0,10.9,+5.1,+0.34,+0.21,si SVN,"FW,MF",San Lorenzo,Primera Division Argentina,28,1994,15.2,5,0,0,27,26,7,14,3,19,2,0,0,55,74,81,47.7
Franco Watson,ar ARG,MF,Instituto,Primera Division Argentina,23,2000,21,16,"1,209",13.4,0,2,2,0,0,0,1,0,1.8,1.8,2.4,4.2,34,58,51,0.00,0.15,0.15,0.00,0.15,0.14,0.18,0.31,0.14,0.31,ar ARG,MF,Instituto,Primera Division Argentina,23,2000,13.4,0,28,6,21.4,2.08,0.45,0.00,0.00,21.5,0,0,0,1.8,1.8,0.07,-1.8,-1.8,ar ARG,MF,Instituto,Primera Division Argentina,23,2000,13.4,349,490,71.2,5808,1558,193,233,82.8,106,148,71.6,37,67,55.2,2,2.4,2.6,-0.4,20,37,13,4,58,ar ARG,MF,Instituto,Primera Division Argentina,23,2000,13.4,490,449,39,9,2,5,47,0,16,6,8,0,349,2,18,ar ARG,MF,Instituto,Primera Division Argentina,23,2000,13.4,45,3.35,31,4,3,5,2,0,4,0.30,3,0,0,1,0,0,ar ARG,MF,Instituto,Primera Division Argentina,23,2000,13.4,20,13,7,10,3,11,30,36.7,19,16,0,16,4,24,5,0,ar ARG,MF,Instituto,Primera Division Argentina,23,2000,13.4,652,5,64,337,262,30,652,46,29,63.0,14,30.4,391,2422,1076,34,23,5,41,19,441,51,ar ARG,MF,Instituto,Primera Division Argentina,23,2000,21,"1,209",58,49.8,13.4,16,71,1,5,16,6,1.29,10,14,-4,-0.30,+0.22,13.3,14.5,-1.3,-0.09,-0.47,ar ARG,MF,Instituto,Primera Division Argentina,23,2000,13.4,1,0,0,12,11,1,47,4,13,0,0,0,77,10,23,30.3
Nicólas Watson,ar ARG,MF,Instituto,Primera Division Argentina,24,1998,7,1,113,1.3,0,0,0,0,0,0,2,0,0.2,0.2,0.0,0.2,2,8,1,0.00,0.00,0.00,0.00,0.00,0.16,0.00,0.16,0.16,0.16,ar ARG,MF,Instituto,Primera Division Argentina,24,1998,1.3,0,3,0,0.0,2.39,0.00,0.00,0,19.1,0,0,0,0.2,0.2,0.07,-0.2,-0.2,ar ARG,MF,Instituto,Primera Division Argentina,24,1998,1.3,46,61,75.4,619,221,29,33,87.9,13,18,72.2,2,4,50.0,0,0.0,0.0,0.0,0,6,1,0,8,ar ARG,MF,Instituto,Primera Division Argentina,24,1998,1.3,61,56,3,2,1,0,2,0,1,1,0,0,46,2,1,ar ARG,MF,Instituto,Primera Division Argentina,24,1998,1.3,2,1.59,2,0,0,0,0,0,0,0.00,0,0,0,0,0,0,ar ARG,MF,Instituto,Primera Division Argentina,24,1998,1.3,5,4,2,3,0,1,7,14.3,6,2,0,2,2,7,5,0,ar ARG,MF,Instituto,Primera Division Argentina,24,1998,1.3,88,5,17,48,23,3,88,3,1,33.3,2,66.7,33,178,56,2,1,0,2,0,42,1,ar ARG,MF,Instituto,Primera Division Argentina,24,1998,7,113,16,4.7,1.3,1,60,0,6,9,18,1.57,1,2,-1,-0.80,-0.41,1.8,1.9,-0.1,-0.10,-0.26,ar ARG,MF,Instituto,Primera Division Argentina,24,1998,1.3,2,0,0,7,4,0,2,2,4,0,0,0,9,2,3,40.0
Marcelo Weigandt,ar ARG,DF,Boca Juniors,Primera Division Argentina,23,2000,15,14,"1,212",13.5,0,3,3,0,0,0,2,1,0.5,0.5,1.0,1.5,25,51,74,0.00,0.22,0.22,0.00,0.22,0.04,0.07,0.11,0.04,0.11,ar ARG,DF,Boca Juniors,Primera Division Argentina,23,2000,13.5,0,9,3,33.3,0.67,0.22,0.00,0.00,17.0,0,0,0,0.5,0.5,0.06,-0.5,-0.5,ar ARG,DF,Boca Juniors,Primera Division Argentina,23,2000,13.5,579,757,76.5,8873,3061,342,384,89.1,194,259,74.9,35,63,55.6,3,1.0,1.0,+2.0,9,38,11,5,51,ar ARG,DF,Boca Juniors,Primera Division Argentina,23,2000,13.5,757,648,105,2,1,3,32,103,0,0,0,0,579,4,20,ar ARG,DF,Boca Juniors,Primera Division Argentina,23,2000,13.5,16,1.19,15,0,0,1,0,0,5,0.37,5,0,0,0,0,0,ar ARG,DF,Boca Juniors,Primera Division Argentina,23,2000,13.5,24,17,15,7,2,16,28,57.1,12,21,3,18,11,35,35,1,ar ARG,DF,Boca Juniors,Primera Division Argentina,23,2000,13.5,911,41,261,438,217,31,911,32,11,34.4,16,50.0,498,2296,1025,25,18,4,26,11,562,74,ar ARG,DF,Boca Juniors,Primera Division Argentina,23,2000,15,"1,212",81,49.9,13.5,14,86,11,1,9,8,2.07,19,11,+8,+0.59,+0.52,15.4,13.8,+1.7,+0.12,+0.15,ar ARG,DF,Boca Juniors,Primera Division Argentina,23,2000,13.5,2,1,0,23,11,1,32,11,17,0,1,0,74,26,16,61.9
Thiago Yossen,ar ARG,DF,Colón,Primera Division Argentina,18,2004,1,1,36,0.4,0,0,0,0,0,0,0,0,0.0,0.0,0.0,0.0,0,0,1,0.00,0.00,0.00,0.00,0.00,0.00,0.00,0.00,0.00,0.00,ar ARG,DF,Colón,Primera Division Argentina,18,2004,0.4,0,0,0,0,0.00,0.00,0,0,0,0,0,0,0.0,0.0,0,0.0,0.0,ar ARG,DF,Colón,Primera Division Argentina,18,2004,0.4,5,5,100.0,90,60,3,3,100.0,0,0,0,1,1,100.0,0,0.0,0.0,0.0,0,1,0,0,0,ar ARG,DF,Colón,Primera Division Argentina,18,2004,0.4,5,5,0,0,0,0,0,0,0,0,0,0,5,0,0,ar ARG,DF,Colón,Primera Division Argentina,18,2004,0.4,0,0.00,0,0,0,0,0,0,0,0.00,0,0,0,0,0,0,ar ARG,DF,Colón,Primera Division Argentina,18,2004,0.4,1,1,1,0,0,0,0,0,0,0,0,0,2,3,2,0,ar ARG,DF,Colón,Primera Division Argentina,18,2004,0.4,10,3,6,4,0,0,10,0,0,0,0,0,6,34,3,0,0,0,0,0,3,1,ar ARG,DF,Colón,Primera Division Argentina,18,2004,1,36,36,1.5,0.4,1,36,0,0,0,4,0.00,0,0,0,0.00,+0.49,0.1,0.8,-0.7,-1.75,-1.35,ar ARG,DF,Colón,Primera Division Argentina,18,2004,0.4,0,0,0,1,0,0,0,2,1,0,0,0,1,0,0,0
Cristian Zabala,ar ARG,MF,Tigre,Primera Division Argentina,24,1998,25,10,"1,053",11.7,0,1,1,0,0,0,3,0,0.3,0.3,0.4,0.7,31,92,27,0.00,0.09,0.09,0.00,0.09,0.02,0.04,0.06,0.02,0.06,ar ARG,MF,Tigre,Primera Division Argentina,24,1998,11.7,0,11,0,0.0,0.94,0.00,0.00,0,27.4,1,0,0,0.3,0.3,0.03,-0.3,-0.3,ar ARG,MF,Tigre,Primera Division Argentina,24,1998,11.7,546,674,81.0,9549,3253,258,299,86.3,227,258,88.0,53,91,58.2,1,0.4,0.6,+0.6,9,81,5,1,92,ar ARG,MF,Tigre,Primera Division Argentina,24,1998,11.7,674,646,26,20,2,8,19,1,5,0,3,0,546,2,5,ar ARG,MF,Tigre,Primera Division Argentina,24,1998,11.7,31,2.64,24,2,0,3,2,0,1,0.09,0,1,0,0,0,0,ar ARG,MF,Tigre,Primera Division Argentina,24,1998,11.7,27,14,12,13,2,11,31,35.5,20,22,0,22,16,43,26,2,ar ARG,MF,Tigre,Primera Division Argentina,24,1998,11.7,804,30,154,523,139,10,804,26,17,65.4,7,26.9,463,2583,1341,31,28,2,13,12,529,27,ar ARG,MF,Tigre,Primera Division Argentina,24,1998,25,"1,053",42,43.3,11.7,10,71,0,15,23,2,1.24,11,13,-2,-0.17,-0.17,13.9,12.4,+1.5,+0.13,-0.04,ar ARG,MF,Tigre,Primera Division Argentina,24,1998,11.7,3,0,0,16,18,1,19,16,14,0,0,0,84,23,19,54.8
David Zalazar,ar ARG,MF,Talleres,Primera Division Argentina,20,2002,1,0,16,0.2,0,0,0,0,0,0,0,0,0.0,0.0,0.2,0.2,0,0,7,0.00,0.00,0.00,0.00,0.00,0.00,1.24,1.24,0.00,1.24,ar ARG,MF,Talleres,Primera Division Argentina,20,2002,0.2,0,0,0,0,0.00,0.00,0,0,0,0,0,0,0.0,0.0,0,0.0,0.0,ar ARG,MF,Talleres,Primera Division Argentina,20,2002,0.2,3,8,37.5,81,29,0,0,0,0,0,0,2,5,40.0,0,0.2,0.3,-0.2,1,1,1,1,0,ar ARG,MF,Talleres,Primera Division Argentina,20,2002,0.2,8,7,1,0,0,0,5,0,1,1,0,0,3,0,2,ar ARG,MF,Talleres,Primera Division Argentina,20,2002,0.2,1,5.63,1,0,0,0,0,0,0,0.00,0,0,0,0,0,0,ar ARG,MF,Talleres,Primera Division Argentina,20,2002,0.2,1,0,0,1,0,0,0,0,0,1,0,1,0,1,0,0,ar ARG,MF,Talleres,Primera Division Argentina,20,2002,0.2,14,0,1,5,8,0,14,1,0,0.0,1,100.0,8,64,3,0,0,0,2,0,10,7,ar ARG,MF,Talleres,Primera Division Argentina,20,2002,1,16,16,0.7,0.2,0,0,0,1,16,1,0.00,0,0,0,0.00,-0.71,0.3,0.0,+0.3,+1.88,+1.30,ar ARG,MF,Talleres,Primera Division Argentina,20,2002,0.2,0,0,0,0,0,0,5,0,0,0,0,0,1,0,0,0
Maximiliano Zalazar,ar ARG,"MF,FW",Platense,Primera Division Argentina,21,2001,15,4,416,4.6,1,0,1,1,0,0,1,0,0.7,0.7,0.2,0.9,13,9,34,0.22,0.00,0.22,0.22,0.22,0.16,0.05,0.20,0.16,0.20,ar ARG,"MF,FW",Platense,Primera Division Argentina,21,2001,4.6,1,14,2,14.3,3.03,0.43,0.07,0.50,25.4,0,0,0,0.7,0.7,0.05,+0.3,+0.3,ar ARG,"MF,FW",Platense,Primera Division Argentina,21,2001,4.6,56,96,58.3,955,297,29,38,76.3,20,35,57.1,7,18,38.9,0,0.2,0.2,-0.2,5,4,3,2,9,ar ARG,"MF,FW",Platense,Primera Division Argentina,21,2001,4.6,96,94,2,1,0,2,19,0,1,0,1,0,56,0,3,ar ARG,"MF,FW",Platense,Primera Division Argentina,21,2001,4.6,10,2.16,6,0,3,1,0,0,1,0.22,0,0,0,1,0,0,ar ARG,"MF,FW",Platense,Primera Division Argentina,21,2001,4.6,10,4,2,6,2,9,15,60.0,6,7,0,7,4,14,0,0,ar ARG,"MF,FW",Platense,Primera Division Argentina,21,2001,4.6,169,0,18,84,70,10,169,26,13,50.0,13,50.0,95,717,359,13,7,1,21,4,108,34,ar ARG,"MF,FW",Platense,Primera Division Argentina,21,2001,15,416,28,17.1,4.6,4,60,0,11,16,11,0.93,7,5,+2,+0.43,+0.66,3.8,7.1,-3.3,-0.71,-0.38,ar ARG,"MF,FW",Platense,Primera Division Argentina,21,2001,4.6,1,0,0,6,2,2,19,4,4,0,0,0,17,2,3,40.0
Bruno Zapelli,ar ARG,"MF,FW",Belgrano,Primera Division Argentina,20,2002,24,22,"1,820",20.2,1,3,4,1,0,0,1,0,2.2,2.2,2.1,4.3,53,140,96,0.05,0.15,0.20,0.05,0.20,0.11,0.10,0.21,0.11,0.21,ar ARG,"MF,FW",Belgrano,Primera Division Argentina,20,2002,20.2,1,25,11,44.0,1.24,0.54,0.04,0.09,22.2,2,0,0,2.2,2.2,0.09,-1.2,-1.2,ar ARG,"MF,FW",Belgrano,Primera Division Argentina,20,2002,20.2,638,860,74.2,11536,3662,305,372,82.0,235,304,77.3,81,131,61.8,3,2.1,1.7,+0.9,18,104,23,4,140,ar ARG,"MF,FW",Belgrano,Primera Division Argentina,20,2002,20.2,860,836,23,4,7,13,36,7,11,3,7,0,638,1,24,ar ARG,"MF,FW",Belgrano,Primera Division Argentina,20,2002,20.2,62,3.07,48,1,6,3,4,0,6,0.30,5,0,0,1,0,0,ar ARG,"MF,FW",Belgrano,Primera Division Argentina,20,2002,20.2,37,26,8,26,3,19,53,35.8,34,22,2,20,11,48,10,1,ar ARG,"MF,FW",Belgrano,Primera Division Argentina,20,2002,20.2,1108,18,129,661,348,32,1108,106,62,58.5,41,38.7,706,4250,1947,53,43,7,58,44,813,96,ar ARG,"MF,FW",Belgrano,Primera Division Argentina,20,2002,24,"1,820",76,74.9,20.2,22,79,4,2,41,1,1.33,17,15,+2,+0.10,+1.28,17.9,21.7,-3.8,-0.19,+0.30,ar ARG,"MF,FW",Belgrano,Primera Division Argentina,20,2002,20.2,1,0,0,18,28,0,36,11,26,0,0,0,141,16,19,45.7
Franco Zapiola,ar ARG,"MF,FW",Estudiantes–LP,Primera Division Argentina,21,2001,9,3,335,3.7,0,1,1,0,0,0,1,0,0.1,0.1,1.3,1.4,13,24,34,0.00,0.27,0.27,0.00,0.27,0.04,0.35,0.39,0.04,0.39,ar ARG,"MF,FW",Estudiantes–LP,Primera Division Argentina,21,2001,3.7,0,6,2,33.3,1.61,0.54,0.00,0.00,26.0,0,0,0,0.1,0.1,0.02,-0.1,-0.1,ar ARG,"MF,FW",Estudiantes–LP,Primera Division Argentina,21,2001,3.7,125,196,63.8,2102,793,64,85,75.3,47,68,69.1,12,32,37.5,1,1.3,0.7,-0.3,4,16,9,2,24,ar ARG,"MF,FW",Estudiantes–LP,Primera Division Argentina,21,2001,3.7,196,180,15,3,0,1,32,3,9,0,7,0,125,1,6,ar ARG,"MF,FW",Estudiantes–LP,Primera Division Argentina,21,2001,3.7,17,4.59,12,2,1,2,0,0,2,0.54,1,0,0,1,0,0,ar ARG,"MF,FW",Estudiantes–LP,Primera Division Argentina,21,2001,3.7,9,5,3,5,1,4,12,33.3,8,2,0,2,1,10,0,0,ar ARG,"MF,FW",Estudiantes–LP,Primera Division Argentina,21,2001,3.7,244,0,22,109,115,2,244,12,5,41.7,6,50.0,136,658,393,13,12,0,15,4,182,34,ar ARG,"MF,FW",Estudiantes–LP,Primera Division Argentina,21,2001,9,335,37,13.8,3.7,3,65,0,6,23,11,1.56,8,4,+4,+1.07,+0.77,4.7,3.8,+0.9,+0.23,-0.14,ar ARG,"MF,FW",Estudiantes–LP,Primera Division Argentina,21,2001,3.7,1,0,0,3,6,2,32,1,5,0,0,0,33,2,3,40.0
Tobías Zarate,ar ARG,"MF,FW",Arsenal,Primera Division Argentina,22,2000,6,0,54,0.6,0,0,0,0,0,0,0,0,0.0,0.0,0.0,0.0,0,1,4,0.00,0.00,0.00,0.00,0.00,0.00,0.00,0.00,0.00,0.00,ar ARG,"MF,FW",Arsenal,Primera Division Argentina,22,2000,0.6,0,0,0,0,0.00,0.00,0,0,0,0,0,0,0.0,0.0,0,0.0,0.0,ar ARG,"MF,FW",Arsenal,Primera Division Argentina,22,2000,0.6,19,21,90.5,257,30,12,13,92.3,6,6,100.0,0,0,0,0,0.0,0.0,0.0,0,1,0,0,1,ar ARG,"MF,FW",Arsenal,Primera Division Argentina,22,2000,0.6,21,20,1,0,0,0,1,0,0,0,0,0,19,0,1,ar ARG,"MF,FW",Arsenal,Primera Division Argentina,22,2000,0.6,0,0.00,0,0,0,0,0,0,0,0.00,0,0,0,0,0,0,ar ARG,"MF,FW",Arsenal,Primera Division Argentina,22,2000,0.6,0,0,0,0,0,0,0,0,0,1,0,1,0,0,0,0,ar ARG,"MF,FW",Arsenal,Primera Division Argentina,22,2000,0.6,30,0,4,17,10,2,30,3,2,66.7,1,33.3,17,161,27,0,0,0,4,3,21,4,ar ARG,"MF,FW",Arsenal,Primera Division Argentina,22,2000,6,54,9,2.2,0.6,0,0,0,6,9,7,0.33,0,1,-1,-1.67,-1.10,0.5,1.8,-1.4,-2.27,-1.88,ar ARG,"MF,FW",Arsenal,Primera Division Argentina,22,2000,0.6,0,0,0,1,1,0,1,0,0,0,0,0,5,1,1,50.0
Exequiel Zeballos,ar ARG,"MF,FW",Boca Juniors,Primera Division Argentina,20,2002,6,0,106,1.2,1,1,2,1,0,0,0,0,0.9,0.9,0.2,1.1,6,2,13,0.85,0.85,1.70,0.85,1.70,0.72,0.17,0.89,0.72,0.89,ar ARG,"MF,FW",Boca Juniors,Primera Division Argentina,20,2002,1.2,1,6,2,33.3,5.09,1.70,0.17,0.50,20.4,1,0,0,0.9,0.9,0.14,+0.1,+0.1,ar ARG,"MF,FW",Boca Juniors,Primera Division Argentina,20,2002,1.2,20,29,69.0,362,137,10,10,100.0,5,7,71.4,4,9,44.4,1,0.2,0.3,+0.8,3,2,1,1,2,ar ARG,"MF,FW",Boca Juniors,Primera Division Argentina,20,2002,1.2,29,23,6,2,0,1,10,0,4,1,2,0,20,0,1,ar ARG,"MF,FW",Boca Juniors,Primera Division Argentina,20,2002,1.2,6,5.05,2,2,2,0,0,0,1,0.84,0,1,0,0,0,0,ar ARG,"MF,FW",Boca Juniors,Primera Division Argentina,20,2002,1.2,3,1,0,2,1,0,0,0,0,4,0,4,0,3,0,0,ar ARG,"MF,FW",Boca Juniors,Primera Division Argentina,20,2002,1.2,63,0,2,28,33,5,63,17,7,41.2,7,41.2,42,308,158,6,5,2,5,4,42,13,ar ARG,"MF,FW",Boca Juniors,Primera Division Argentina,20,2002,6,106,18,4.4,1.2,0,0,0,6,18,1,1.67,3,2,+1,+0.85,+0.54,1.5,1.6,-0.1,-0.08,-0.14,ar ARG,"MF,FW",Boca Juniors,Primera Division Argentina,20,2002,1.2,0,0,0,1,5,0,10,0,1,0,0,0,5,0,2,0.0
Nadir Zeineddin,ar ARG,FW,Platense,Primera Division Argentina,22,2000,9,0,137,1.5,0,0,0,0,0,0,2,0,0.4,0.4,0.1,0.4,1,0,10,0.00,0.00,0.00,0.00,0.00,0.24,0.04,0.28,0.24,0.28,ar ARG,FW,Platense,Primera Division Argentina,22,2000,1.5,0,3,0,0.0,1.97,0.00,0.00,0,15.0,0,0,0,0.4,0.4,0.12,-0.4,-0.4,ar ARG,FW,Platense,Primera Division Argentina,22,2000,1.5,15,31,48.4,158,11,9,20,45.0,4,5,80.0,0,2,0.0,0,0.1,0.0,-0.1,1,1,0,0,0,ar ARG,FW,Platense,Primera Division Argentina,22,2000,1.5,31,29,2,0,0,0,0,1,0,0,0,0,15,0,2,ar ARG,FW,Platense,Primera Division Argentina,22,2000,1.5,6,3.91,2,0,1,1,2,0,0,0.00,0,0,0,0,0,0,ar ARG,FW,Platense,Primera Division Argentina,22,2000,1.5,2,2,0,2,0,1,6,16.7,5,1,0,1,0,2,3,0,ar ARG,FW,Platense,Primera Division Argentina,22,2000,1.5,55,3,5,18,32,11,55,6,1,16.7,4,66.7,25,124,45,1,2,1,5,3,38,10,ar ARG,FW,Platense,Primera Division Argentina,22,2000,9,137,15,5.6,1.5,0,0,0,9,15,10,1.22,1,2,-1,-0.66,-0.58,1.8,2.4,-0.7,-0.43,-0.05,ar ARG,FW,Platense,Primera Division Argentina,22,2000,1.5,2,0,0,6,4,0,0,0,2,0,0,0,3,7,9,43.8
Kevin Zenon,ar ARG,"DF,MF",Unión,Primera Division Argentina,21,2001,21,17,"1,503",16.7,2,0,2,2,0,0,1,0,1.2,1.2,1.0,2.2,41,88,94,0.12,0.00,0.12,0.12,0.12,0.07,0.06,0.13,0.07,0.13,ar ARG,"DF,MF",Unión,Primera Division Argentina,21,2001,16.7,2,21,6,28.6,1.26,0.36,0.10,0.33,23.8,4,0,0,1.2,1.2,0.06,+0.8,+0.8,ar ARG,"DF,MF",Unión,Primera Division Argentina,21,2001,16.7,471,747,63.1,8284,4034,220,260,84.6,175,265,66.0,62,151,41.1,0,1.0,1.8,-1.0,24,54,21,9,88,ar ARG,"DF,MF",Unión,Primera Division Argentina,21,2001,16.7,747,550,192,31,4,4,123,112,49,12,26,0,471,5,36,ar ARG,"DF,MF",Unión,Primera Division Argentina,21,2001,16.7,50,3.00,30,14,2,1,2,1,1,0.06,0,0,0,0,1,0,ar ARG,"DF,MF",Unión,Primera Division Argentina,21,2001,16.7,28,18,16,10,2,17,28,60.7,11,22,0,22,15,43,19,0,ar ARG,"DF,MF",Unión,Primera Division Argentina,21,2001,16.7,946,20,195,379,391,23,946,50,23,46.0,23,46.0,461,2949,1466,41,25,6,46,16,500,94,ar ARG,"DF,MF",Unión,Primera Division Argentina,21,2001,21,"1,503",72,61.9,16.7,17,80,11,4,35,4,1.14,13,17,-4,-0.24,-0.05,12.7,17.7,-5.1,-0.30,-0.16,ar ARG,"DF,MF",Unión,Primera Division Argentina,21,2001,16.7,1,0,0,14,18,1,123,15,18,0,0,0,117,11,20,35.5
Bruno Zuculini,ar ARG,MF,River Plate,Primera Division Argentina,29,1993,1,0,15,0.2,0,0,0,0,0,0,0,0,0.0,0.0,0.0,0.0,1,3,0,0.00,0.00,0.00,0.00,0.00,0.00,0.00,0.00,0.00,0.00,ar ARG,MF,River Plate,Primera Division Argentina,29,1993,0.2,0,0,0,0,0.00,0.00,0,0,0,0,0,0,0.0,0.0,0,0.0,0.0,ar ARG,MF,River Plate,Primera Division Argentina,29,1993,0.2,9,9,100.0,162,42,4,4,100.0,3,3,100.0,2,2,100.0,0,0.0,0.0,0.0,0,3,0,0,3,ar ARG,MF,River Plate,Primera Division Argentina,29,1993,0.2,9,9,0,0,0,0,0,0,0,0,0,0,9,0,0,ar ARG,MF,River Plate,Primera Division Argentina,29,1993,0.2,1,6.00,1,0,0,0,0,0,0,0.00,0,0,0,0,0,0,ar ARG,MF,River Plate,Primera Division Argentina,29,1993,0.2,0,0,0,0,0,0,1,0.0,1,0,0,0,0,0,0,0,ar ARG,MF,River Plate,Primera Division Argentina,29,1993,0.2,9,0,0,8,1,0,9,0,0,0,0,0,8,41,23,1,0,0,0,0,9,0,ar ARG,MF,River Plate,Primera Division Argentina,29,1993,1,15,15,0.6,0.2,0,0,0,1,15,1,3.00,0,0,0,0.00,-1.12,0.8,0.1,+0.7,+4.36,+3.45,ar ARG,MF,River Plate,Primera Division Argentina,29,1993,0.2,0,0,0,0,0,0,0,0,0,0,0,0,0,0,0,0
Fernando Zuqui,ar ARG,MF,Estudiantes–LP,Primera Division Argentina,31,1991,24,16,"1,446",16.1,0,4,4,0,0,0,7,0,1.7,1.7,2.6,4.3,23,98,48,0.00,0.25,0.25,0.00,0.25,0.10,0.16,0.27,0.10,0.27,ar ARG,MF,Estudiantes–LP,Primera Division Argentina,31,1991,16.1,0,18,3,16.7,1.12,0.19,0.00,0.00,25.3,2,0,0,1.7,1.7,0.09,-1.7,-1.7,ar ARG,MF,Estudiantes–LP,Primera Division Argentina,31,1991,16.1,597,813,73.4,10856,3938,265,305,86.9,228,288,79.2,84,166,50.6,4,2.6,3.6,+1.4,46,76,19,7,98,ar ARG,MF,Estudiantes–LP,Primera Division Argentina,31,1991,16.1,813,699,108,52,2,4,96,3,53,20,29,0,597,6,20,ar ARG,MF,Estudiantes–LP,Primera Division Argentina,31,1991,16.1,81,5.04,43,30,1,0,6,1,6,0.37,2,4,0,0,0,0,ar ARG,MF,Estudiantes–LP,Primera Division Argentina,31,1991,16.1,33,23,9,19,5,13,41,31.7,28,27,7,20,12,45,14,1,ar ARG,MF,Estudiantes–LP,Primera Division Argentina,31,1991,16.1,987,20,124,582,295,8,987,35,21,60.0,11,31.4,554,2521,1109,23,27,0,41,27,625,48,ar ARG,MF,Estudiantes–LP,Primera Division Argentina,31,1991,24,"1,446",60,59.5,16.1,16,76,6,8,29,1,1.71,22,17,+5,+0.31,-0.24,18.1,17.3,+0.8,+0.05,-0.76,ar ARG,MF,Estudiantes–LP,Primera Division Argentina,31,1991,16.1,7,0,0,19,54,1,96,12,23,0,0,0,136,11,15,42.3
