Player,stats_Nation,stats_Pos,stats_Squad,stats_Comp,stats_Age,stats_Born,stats_MP,stats_Starts,stats_Min,stats_90s,stats_Gls,stats_Ast,stats_G+A,stats_G-PK,stats_PK,stats_PKatt,stats_CrdY,stats_CrdR,stats_xG,stats_npxG,stats_xAG,stats_npxG+xAG,stats_PrgC,stats_PrgP,stats_PrgR,stats_Gls,stats_Ast,stats_G+A,stats_G-PK,stats_G+A-PK,stats_xG,stats_xAG,stats_xG+xAG,stats_npxG,stats_npxG+xAG,shooting_Nation,shooting_Pos,shooting_Squad,shooting_Comp,shooting_Age,shooting_Born,shooting_90s,shooting_Gls,shooting_Sh,shooting_SoT,shooting_SoT%,shooting_Sh/90,shooting_SoT/90,shooting_G/Sh,shooting_G/SoT,shooting_Dist,shooting_FK,shooting_PK,shooting_PKatt,shooting_xG,shooting_npxG,shooting_npxG/Sh,shooting_G-xG,shooting_np:G-xG,passing_Nation,passing_Pos,passing_Squad,passing_Comp,passing_Age,passing_Born,passing_90s,passing_Cmp,passing_Att,passing_Cmp%,passing_TotDist,passing_PrgDist,passing_Cmp,passing_Att,passing_Cmp%,passing_Cmp,passing_Att,passing_Cmp%,passing_Cmp,passing_Att,passing_Cmp%,passing_Ast,passing_xAG,passing_xA,passing_A-xAG,passing_KP,passing_1/3,passing_PPA,passing_CrsPA,passing_PrgP,passing_types_Nation,passing_types_Pos,passing_types_Squad,passing_types_Comp,passing_types_Age,passing_types_Born,passing_types_90s,passing_types_Att,passing_types_Live,passing_types_Dead,passing_types_FK,passing_types_TB,passing_types_Sw,passing_types_Crs,passing_types_TI,passing_types_CK,passing_types_In,passing_types_Out,passing_types_Str,passing_types_Cmp,passing_types_Off,passing_types_Blocks,gca_Nation,gca_Pos,gca_Squad,gca_Comp,gca_Age,gca_Born,gca_90s,gca_SCA,gca_SCA90,gca_PassLive,gca_PassDead,gca_TO,gca_Sh,gca_Fld,gca_Def,gca_GCA,gca_GCA90,gca_PassLive,gca_PassDead,gca_TO,gca_Sh,gca_Fld,gca_Def,defense_Nation,defense_Pos,defense_Squad,defense_Comp,defense_Age,defense_Born,defense_90s,defense_Tkl,defense_TklW,defense_Def 3rd,defense_Mid 3rd,defense_Att 3rd,defense_Tkl,defense_Att,defense_Tkl%,defense_Lost,defense_Blocks,defense_Sh,defense_Pass,defense_Int,defense_Tkl+Int,defense_Clr,defense_Err,possession_Nation,possession_Pos,possession_Squad,possession_Comp,possession_Age,possession_Born,possession_90s,possession_Touches,possession_Def Pen,possession_Def 3rd,possession_Mid 3rd,possession_Att 3rd,possession_Att Pen,possession_Live,possession_Att,possession_Succ,possession_Succ%,possession_Tkld,possession_Tkld%,possession_Carries,possession_TotDist,possession_PrgDist,possession_PrgC,possession_1/3,possession_CPA,possession_Mis,possession_Dis,possession_Rec,possession_PrgR,playingtime_Nation,playingtime_Pos,playingtime_Squad,playingtime_Comp,playingtime_Age,playingtime_Born,playingtime_MP,playingtime_Min,playingtime_Mn/MP,playingtime_Min%,playingtime_90s,playingtime_Starts,playingtime_Mn/Start,playingtime_Compl,playingtime_Subs,playingtime_Mn/Sub,playingtime_unSub,playingtime_PPM,playingtime_onG,playingtime_onGA,playingtime_+/-,playingtime_+/-90,playingtime_On-Off,playingtime_onxG,playingtime_onxGA,playingtime_xG+/-,playingtime_xG+/-90,playingtime_On-Off,misc_Nation,misc_Pos,misc_Squad,misc_Comp,misc_Age,misc_Born,misc_90s,misc_CrdY,misc_CrdR,misc_2CrdY,misc_Fls,misc_Fld,misc_Off,misc_Crs,misc_Int,misc_TklW,misc_PKwon,misc_PKcon,misc_OG,misc_Recov,misc_Won,misc_Lost,misc_Won%
Matías Abaldo,uy URU,"MF,FW",Gimnasia–LP,Copa de la Liga,19,2004,7,5,427,4.7,0,1,1,0,0,0,0,1,0.5,0.5,0.7,1.2,16,14,38,0.00,0.21,0.21,0.00,0.21,0.10,0.15,0.25,0.10,0.25,uy URU,"MF,FW",Gimnasia–LP,Copa de la Liga,19,2004,4.7,0,7,2,28.6,1.48,0.42,0.00,0.00,19.2,0,0,0,0.5,0.5,0.07,-0.5,-0.5,uy URU,"MF,FW",Gimnasia–LP,Copa de la Liga,19,2004,4.7,75,119,63.0,1093,363,43,58,74.1,20,31,64.5,7,16,43.8,1,0.7,0.4,+0.3,5,12,4,2,14,uy URU,"MF,FW",Gimnasia–LP,Copa de la Liga,19,2004,4.7,119,114,4,1,1,1,13,1,1,0,0,0,75,1,4,uy URU,"MF,FW",Gimnasia–LP,Copa de la Liga,19,2004,4.7,16,3.37,12,2,1,1,0,0,3,0.63,2,1,0,0,0,0,uy URU,"MF,FW",Gimnasia–LP,Copa de la Liga,19,2004,4.7,4,2,3,0,1,1,4,25.0,3,4,0,4,2,6,2,0,uy URU,"MF,FW",Gimnasia–LP,Copa de la Liga,19,2004,4.7,189,0,17,66,108,13,189,26,5,19.2,19,73.1,121,832,397,16,6,6,19,8,135,38,uy URU,"MF,FW",Gimnasia–LP,Copa de la Liga,19,2004,7,427,61,33.9,4.7,5,71,2,2,36,0,0.57,7,8,-1,-0.21,+0.22,5.0,8.2,-3.1,-0.66,-0.31,uy URU,"MF,FW",Gimnasia–LP,Copa de la Liga,19,2004,4.7,0,1,0,0,7,0,13,2,2,0,0,0,23,2,7,22.2
Luciano Abecasis,ar ARG,"MF,DF",Ind. Rivadavia,Copa de la Liga,33,1990,12,10,860,9.6,1,1,2,1,0,0,4,0,0.1,0.1,1.3,1.4,12,43,29,0.10,0.10,0.21,0.10,0.21,0.01,0.14,0.14,0.01,0.14,ar ARG,"MF,DF",Ind. Rivadavia,Copa de la Liga,33,1990,9.6,1,4,2,50.0,0.42,0.21,0.25,0.50,30.1,0,0,0,0.1,0.1,0.02,+0.9,+0.9,ar ARG,"MF,DF",Ind. Rivadavia,Copa de la Liga,33,1990,9.6,289,396,73.0,5191,1675,139,162,85.8,107,134,79.9,38,79,48.1,1,1.3,1.6,-0.3,16,42,13,8,43,ar ARG,"MF,DF",Ind. Rivadavia,Copa de la Liga,33,1990,9.6,396,359,36,2,0,6,29,34,0,0,0,0,289,1,12,ar ARG,"MF,DF",Ind. Rivadavia,Copa de la Liga,33,1990,9.6,23,2.41,20,1,1,0,1,0,2,0.21,1,0,1,0,0,0,ar ARG,"MF,DF",Ind. Rivadavia,Copa de la Liga,33,1990,9.6,19,11,4,15,0,12,24,50.0,12,11,1,10,2,21,10,1,ar ARG,"MF,DF",Ind. Rivadavia,Copa de la Liga,33,1990,9.6,492,17,84,269,147,7,492,31,21,67.7,10,32.3,262,1364,637,12,11,0,28,9,290,29,ar ARG,"MF,DF",Ind. Rivadavia,Copa de la Liga,33,1990,12,860,72,68.3,9.6,10,80,7,2,29,2,0.67,10,19,-9,-0.94,-0.27,7.0,15.2,-8.2,-0.86,-0.66,ar ARG,"MF,DF",Ind. Rivadavia,Copa de la Liga,33,1990,9.6,4,0,0,21,9,0,29,2,11,0,0,0,49,5,5,50.0
Ramón Ábila,ar ARG,FW,Barracas Central,Copa de la Liga,34,1989,9,0,184,2.0,0,0,0,0,0,0,0,0,0.8,0.8,0.2,1.0,7,2,18,0.00,0.00,0.00,0.00,0.00,0.39,0.08,0.47,0.39,0.47,ar ARG,FW,Barracas Central,Copa de la Liga,34,1989,2.0,0,5,2,40.0,2.45,0.98,0.00,0.00,14.1,0,0,0,0.8,0.8,0.16,-0.8,-0.8,ar ARG,FW,Barracas Central,Copa de la Liga,34,1989,2.0,26,43,60.5,375,62,13,15,86.7,8,14,57.1,3,3,100.0,0,0.2,0.1,-0.2,4,0,1,0,2,ar ARG,FW,Barracas Central,Copa de la Liga,34,1989,2.0,43,39,4,0,0,0,1,0,0,0,0,0,26,0,3,ar ARG,FW,Barracas Central,Copa de la Liga,34,1989,2.0,8,3.91,6,0,2,0,0,0,0,0.00,0,0,0,0,0,0,ar ARG,FW,Barracas Central,Copa de la Liga,34,1989,2.0,0,0,0,0,0,0,1,0.0,1,0,0,0,0,0,2,0,ar ARG,FW,Barracas Central,Copa de la Liga,34,1989,2.0,73,3,5,25,46,15,73,11,6,54.5,5,45.5,47,220,131,7,4,2,6,4,57,18,ar ARG,FW,Barracas Central,Copa de la Liga,34,1989,9,184,20,14.6,2.0,0,0,0,9,20,3,1.60,1,4,-3,-1.47,-2.14,1.9,3.5,-1.5,-0.76,-0.66,ar ARG,FW,Barracas Central,Copa de la Liga,34,1989,2.0,0,0,0,2,2,7,1,0,0,0,0,0,5,2,6,25.0
Jonás Acevedo,ar ARG,"MF,FW",Instituto,Copa de la Liga,26,1997,9,6,555,6.2,0,2,2,0,0,0,1,1,0.9,0.9,2.0,2.9,17,27,29,0.00,0.32,0.32,0.00,0.32,0.15,0.32,0.47,0.15,0.47,ar ARG,"MF,FW",Instituto,Copa de la Liga,26,1997,6.2,0,12,4,33.3,1.95,0.65,0.00,0.00,19.1,3,0,0,0.9,0.9,0.08,-0.9,-0.9,ar ARG,"MF,FW",Instituto,Copa de la Liga,26,1997,6.2,163,234,69.7,2756,891,86,97,88.7,59,85,69.4,16,35,45.7,2,2.0,2.1,0.0,14,18,6,2,27,ar ARG,"MF,FW",Instituto,Copa de la Liga,26,1997,6.2,234,205,28,6,1,3,33,2,19,7,11,0,163,1,9,ar ARG,"MF,FW",Instituto,Copa de la Liga,26,1997,6.2,36,5.85,26,5,1,2,0,2,4,0.65,3,1,0,0,0,0,ar ARG,"MF,FW",Instituto,Copa de la Liga,26,1997,6.2,13,7,5,4,4,7,15,46.7,8,7,1,6,3,16,1,0,ar ARG,"MF,FW",Instituto,Copa de la Liga,26,1997,6.2,318,3,29,140,155,20,318,18,4,22.2,12,66.7,164,990,523,17,10,6,17,11,189,29,ar ARG,"MF,FW",Instituto,Copa de la Liga,26,1997,9,555,62,44.0,6.2,6,75,0,3,36,3,1.44,9,9,0,0.00,-0.13,12.3,5.6,+6.7,+1.09,+0.97,ar ARG,"MF,FW",Instituto,Copa de la Liga,26,1997,6.2,1,1,0,6,10,2,33,3,7,0,0,0,41,5,9,35.7
Guillermo Acosta,ar ARG,MF,Atlé Tucumán,Copa de la Liga,35,1988,10,10,782,8.7,1,0,1,1,0,0,2,0,0.4,0.4,0.6,1.0,12,55,12,0.12,0.00,0.12,0.12,0.12,0.05,0.07,0.12,0.05,0.12,ar ARG,MF,Atlé Tucumán,Copa de la Liga,35,1988,8.7,1,11,3,27.3,1.27,0.35,0.09,0.33,26.3,0,0,0,0.4,0.4,0.04,+0.6,+0.6,ar ARG,MF,Atlé Tucumán,Copa de la Liga,35,1988,8.7,281,368,76.4,5588,2066,108,134,80.6,126,159,79.2,42,57,73.7,0,0.6,0.6,-0.6,9,35,9,1,55,ar ARG,MF,Atlé Tucumán,Copa de la Liga,35,1988,8.7,368,350,16,11,1,8,7,4,1,0,1,0,281,2,7,ar ARG,MF,Atlé Tucumán,Copa de la Liga,35,1988,8.7,21,2.42,17,1,0,1,2,0,0,0.00,0,0,0,0,0,0,ar ARG,MF,Atlé Tucumán,Copa de la Liga,35,1988,8.7,17,9,5,12,0,11,17,64.7,6,4,1,3,12,29,15,1,ar ARG,MF,Atlé Tucumán,Copa de la Liga,35,1988,8.7,457,20,102,303,59,4,457,6,4,66.7,2,33.3,218,1185,639,12,6,1,11,7,222,12,ar ARG,MF,Atlé Tucumán,Copa de la Liga,35,1988,10,782,78,62.1,8.7,10,78,6,0,0,1,0.80,7,13,-6,-0.69,+1.00,11.4,8.5,+2.9,+0.34,+1.25,ar ARG,MF,Atlé Tucumán,Copa de la Liga,35,1988,8.7,2,0,0,9,16,1,7,12,9,0,0,0,65,11,16,40.7
Lucas Acosta,ar ARG,GK,Lanús,Copa de la Liga,28,1995,14,14,"1,260",14.0,0,1,1,0,0,0,1,0,0.0,0.0,0.0,0.0,0,0,0,0.00,0.07,0.07,0.00,0.07,0.00,0.00,0.00,0.00,0.00,ar ARG,GK,Lanús,Copa de la Liga,28,1995,14.0,0,0,0,0,0.00,0.00,0,0,0,0,0,0,0.0,0.0,0,0.0,0.0,ar ARG,GK,Lanús,Copa de la Liga,28,1995,14.0,224,435,51.5,8005,6450,32,32,100.0,78,80,97.5,113,319,35.4,1,0.0,0.1,+1.0,1,14,3,0,0,ar ARG,GK,Lanús,Copa de la Liga,28,1995,14.0,435,250,182,62,0,0,0,1,0,0,0,0,224,3,0,ar ARG,GK,Lanús,Copa de la Liga,28,1995,14.0,4,0.29,2,2,0,0,0,0,1,0.07,1,0,0,0,0,0,ar ARG,GK,Lanús,Copa de la Liga,28,1995,14.0,0,0,0,0,0,0,0,0,0,0,0,0,0,0,4,1,ar ARG,GK,Lanús,Copa de la Liga,28,1995,14.0,454,319,438,16,0,0,454,1,1,100.0,0,0.0,214,1349,917,0,0,0,0,0,147,0,ar ARG,GK,Lanús,Copa de la Liga,28,1995,14,"1,260",90,100.0,14.0,14,90,14,0,0,0,1.64,20,14,+6,+0.43,0,18.1,12.2,+6.0,+0.43,0,ar ARG,GK,Lanús,Copa de la Liga,28,1995,14.0,1,0,0,0,1,0,0,0,0,0,0,0,7,2,0,100.0
Walter Acuña,ar ARG,"MF,FW",Deportivo Riestra,Copa de la Liga,31,1992,6,5,353,3.9,0,0,0,0,0,0,0,0,0.4,0.4,0.4,0.8,11,19,23,0.00,0.00,0.00,0.00,0.00,0.10,0.11,0.20,0.10,0.20,ar ARG,"MF,FW",Deportivo Riestra,Copa de la Liga,31,1992,3.9,0,7,1,14.3,1.78,0.25,0.00,0.00,20.3,0,0,0,0.4,0.4,0.06,-0.4,-0.4,ar ARG,"MF,FW",Deportivo Riestra,Copa de la Liga,31,1992,3.9,79,120,65.8,1288,492,43,58,74.1,23,32,71.9,10,17,58.8,0,0.4,0.5,-0.4,4,7,5,1,19,ar ARG,"MF,FW",Deportivo Riestra,Copa de la Liga,31,1992,3.9,120,110,10,2,0,0,6,1,2,0,1,0,79,0,7,ar ARG,"MF,FW",Deportivo Riestra,Copa de la Liga,31,1992,3.9,10,2.55,4,1,1,0,4,0,0,0.00,0,0,0,0,0,0,ar ARG,"MF,FW",Deportivo Riestra,Copa de la Liga,31,1992,3.9,5,2,3,1,1,2,6,33.3,4,3,0,3,2,7,5,0,ar ARG,"MF,FW",Deportivo Riestra,Copa de la Liga,31,1992,3.9,177,1,17,67,95,14,177,28,15,53.6,11,39.3,101,682,320,11,11,5,15,9,116,23,ar ARG,"MF,FW",Deportivo Riestra,Copa de la Liga,31,1992,6,353,59,28.0,3.9,5,69,2,1,10,3,0.17,0,8,-8,-2.04,-2.04,1.6,6.1,-4.5,-1.14,-0.50,ar ARG,"MF,FW",Deportivo Riestra,Copa de la Liga,31,1992,3.9,0,0,0,4,7,1,6,2,2,0,0,0,19,3,4,42.9
Pablo Adorno,py PAR,DF,Tigre,Copa de la Liga,27,1996,4,4,330,3.7,0,0,0,0,0,0,1,0,0.2,0.2,0.0,0.2,0,7,0,0.00,0.00,0.00,0.00,0.00,0.07,0.00,0.07,0.07,0.07,py PAR,DF,Tigre,Copa de la Liga,27,1996,3.7,0,1,0,0.0,0.27,0.00,0.00,0,9.1,0,0,0,0.2,0.2,0.24,-0.2,-0.2,py PAR,DF,Tigre,Copa de la Liga,27,1996,3.7,97,121,80.2,1846,848,36,38,94.7,50,56,89.3,11,24,45.8,0,0.0,0.0,0.0,0,6,1,0,7,py PAR,DF,Tigre,Copa de la Liga,27,1996,3.7,121,110,9,5,0,2,0,4,0,0,0,0,97,2,1,py PAR,DF,Tigre,Copa de la Liga,27,1996,3.7,1,0.27,1,0,0,0,0,0,0,0.00,0,0,0,0,0,0,py PAR,DF,Tigre,Copa de la Liga,27,1996,3.7,5,2,2,3,0,1,6,16.7,5,7,3,4,3,8,23,1,py PAR,DF,Tigre,Copa de la Liga,27,1996,3.7,175,31,86,86,3,2,175,5,1,20.0,4,80.0,75,349,207,0,0,0,3,1,89,0,py PAR,DF,Tigre,Copa de la Liga,27,1996,4,330,83,26.2,3.7,4,83,3,0,0,5,0.50,2,6,-4,-1.09,+0.26,3.4,5.5,-2.1,-0.58,+0.21,py PAR,DF,Tigre,Copa de la Liga,27,1996,3.7,1,0,0,3,3,0,0,3,2,0,0,0,11,3,3,50.0
Luis Advíncula,pe PER,"DF,MF",Boca Juniors,Copa de la Liga,33,1990,14,12,"1,088",12.1,0,2,2,0,0,0,0,0,0.6,0.6,1.5,2.1,34,50,71,0.00,0.17,0.17,0.00,0.17,0.05,0.12,0.18,0.05,0.18,pe PER,"DF,MF",Boca Juniors,Copa de la Liga,33,1990,12.1,0,11,3,27.3,0.91,0.25,0.00,0.00,28.7,0,0,0,0.6,0.6,0.06,-0.6,-0.6,pe PER,"DF,MF",Boca Juniors,Copa de la Liga,33,1990,12.1,459,586,78.3,7540,2470,248,282,87.9,160,199,80.4,41,72,56.9,2,1.5,1.4,+0.5,14,33,17,9,50,pe PER,"DF,MF",Boca Juniors,Copa de la Liga,33,1990,12.1,586,484,101,6,1,4,44,95,0,0,0,0,459,1,14,pe PER,"DF,MF",Boca Juniors,Copa de la Liga,33,1990,12.1,28,2.32,22,1,3,1,1,0,3,0.25,2,0,1,0,0,0,pe PER,"DF,MF",Boca Juniors,Copa de la Liga,33,1990,12.1,26,18,12,12,2,14,20,70.0,6,10,3,7,13,39,14,0,pe PER,"DF,MF",Boca Juniors,Copa de la Liga,33,1990,12.1,716,27,165,355,203,16,716,26,12,46.2,14,53.8,379,1881,1054,34,21,3,13,10,438,71,pe PER,"DF,MF",Boca Juniors,Copa de la Liga,33,1990,14,"1,088",78,86.3,12.1,12,85,9,2,32,0,1.81,15,10,+5,+0.41,-1.16,17.3,9.5,+7.8,+0.64,+0.11,pe PER,"DF,MF",Boca Juniors,Copa de la Liga,33,1990,12.1,0,0,0,10,25,0,44,13,18,0,0,0,59,9,13,40.9
Felipe Aguilar,co COL,DF,Independiente,Copa de la Liga,31,1993,8,7,647,7.2,0,0,0,0,0,0,3,0,0.1,0.1,0.0,0.1,0,17,1,0.00,0.00,0.00,0.00,0.00,0.02,0.00,0.02,0.02,0.02,co COL,DF,Independiente,Copa de la Liga,31,1993,7.2,0,5,0,0.0,0.70,0.00,0.00,0,15.3,0,0,0,0.1,0.1,0.02,-0.1,-0.1,co COL,DF,Independiente,Copa de la Liga,31,1993,7.2,243,285,85.3,4703,2188,81,91,89.0,140,155,90.3,18,33,54.5,0,0.0,0.1,0.0,0,15,1,0,17,co COL,DF,Independiente,Copa de la Liga,31,1993,7.2,285,276,9,8,0,3,0,1,0,0,0,0,243,0,1,co COL,DF,Independiente,Copa de la Liga,31,1993,7.2,1,0.14,1,0,0,0,0,0,0,0.00,0,0,0,0,0,0,co COL,DF,Independiente,Copa de la Liga,31,1993,7.2,12,7,7,5,0,3,6,50.0,3,5,3,2,8,20,39,1,co COL,DF,Independiente,Copa de la Liga,31,1993,7.2,370,51,215,143,13,6,370,1,0,0.0,1,100.0,186,1014,604,0,2,0,8,1,205,1,co COL,DF,Independiente,Copa de la Liga,31,1993,8,647,81,51.3,7.2,7,90,7,1,17,3,1.38,7,6,+1,+0.14,-0.30,8.5,5.3,+3.2,+0.45,-0.03,co COL,DF,Independiente,Copa de la Liga,31,1993,7.2,3,0,0,11,7,0,0,8,7,0,0,0,19,25,14,64.1
Emanuel Aguilera,ar ARG,DF,Defensa y Just,Copa de la Liga,34,1989,10,10,900,10.0,0,0,0,0,0,0,3,0,0.1,0.1,0.0,0.1,9,22,1,0.00,0.00,0.00,0.00,0.00,0.01,0.00,0.01,0.01,0.01,ar ARG,DF,Defensa y Just,Copa de la Liga,34,1989,10.0,0,2,0,0.0,0.20,0.00,0.00,0,18.9,1,0,0,0.1,0.1,0.06,-0.1,-0.1,ar ARG,DF,Defensa y Just,Copa de la Liga,34,1989,10.0,333,414,80.4,7081,2336,99,108,91.7,182,211,86.3,47,83,56.6,0,0.0,0.1,0.0,0,30,1,0,22,ar ARG,DF,Defensa y Just,Copa de la Liga,34,1989,10.0,414,393,19,17,0,14,0,2,0,0,0,0,333,2,2,ar ARG,DF,Defensa y Just,Copa de la Liga,34,1989,10.0,1,0.10,1,0,0,0,0,0,0,0.00,0,0,0,0,0,0,ar ARG,DF,Defensa y Just,Copa de la Liga,34,1989,10.0,6,6,6,0,0,5,10,50.0,5,12,4,8,16,22,43,0,ar ARG,DF,Defensa y Just,Copa de la Liga,34,1989,10.0,512,67,280,231,5,2,512,0,0,0,0,0,256,1348,834,9,0,0,8,2,270,1,ar ARG,DF,Defensa y Just,Copa de la Liga,34,1989,10,900,90,71.4,10.0,10,90,10,0,0,1,1.64,13,9,+4,+0.40,+0.40,11.6,12.8,-1.3,-0.13,-0.31,ar ARG,DF,Defensa y Just,Copa de la Liga,34,1989,10.0,3,0,0,9,2,0,0,16,6,0,0,0,36,30,8,78.9
Augusto Aguirre,ar ARG,DF,Tigre,Copa de la Liga,24,1999,7,6,472,5.2,0,0,0,0,0,0,2,0,0.1,0.1,0.0,0.1,3,17,2,0.00,0.00,0.00,0.00,0.00,0.02,0.00,0.02,0.02,0.02,ar ARG,DF,Tigre,Copa de la Liga,24,1999,5.2,0,2,1,50.0,0.38,0.19,0.00,0.00,20.6,0,0,0,0.1,0.1,0.04,-0.1,-0.1,ar ARG,DF,Tigre,Copa de la Liga,24,1999,5.2,197,256,77.0,3719,1556,79,89,88.8,92,109,84.4,24,44,54.5,0,0.0,0.1,0.0,0,17,0,0,17,ar ARG,DF,Tigre,Copa de la Liga,24,1999,5.2,256,243,11,6,0,1,1,5,0,0,0,0,197,2,3,ar ARG,DF,Tigre,Copa de la Liga,24,1999,5.2,1,0.19,1,0,0,0,0,0,0,0.00,0,0,0,0,0,0,ar ARG,DF,Tigre,Copa de la Liga,24,1999,5.2,9,9,5,3,1,5,8,62.5,3,6,2,4,13,22,18,1,ar ARG,DF,Tigre,Copa de la Liga,24,1999,5.2,316,27,142,156,19,4,316,1,0,0.0,1,100.0,149,675,442,3,2,0,8,4,192,2,ar ARG,DF,Tigre,Copa de la Liga,24,1999,7,472,67,37.5,5.2,6,75,4,1,22,2,0.14,1,11,-10,-1.91,-0.99,3.8,8.0,-4.2,-0.80,-0.11,ar ARG,DF,Tigre,Copa de la Liga,24,1999,5.2,2,0,0,5,5,1,1,13,9,0,1,0,18,15,9,62.5
Braian Aguirre,ar ARG,"DF,FW",Lanús,Copa de la Liga,23,2000,13,12,"1,040",11.6,1,1,2,1,0,0,6,0,1.4,1.4,1.6,3.0,21,49,56,0.09,0.09,0.17,0.09,0.17,0.12,0.14,0.26,0.12,0.26,ar ARG,"DF,FW",Lanús,Copa de la Liga,23,2000,11.6,1,12,3,25.0,1.04,0.26,0.08,0.33,24.2,0,0,0,1.4,1.4,0.11,-0.4,-0.4,ar ARG,"DF,FW",Lanús,Copa de la Liga,23,2000,11.6,315,444,70.9,5671,2640,131,160,81.9,129,169,76.3,42,75,56.0,1,1.6,1.2,-0.6,9,27,8,4,49,ar ARG,"DF,FW",Lanús,Copa de la Liga,23,2000,11.6,444,339,101,9,1,6,27,92,0,0,0,0,315,4,15,ar ARG,"DF,FW",Lanús,Copa de la Liga,23,2000,11.6,25,2.16,15,6,3,1,0,0,2,0.17,2,0,0,0,0,0,ar ARG,"DF,FW",Lanús,Copa de la Liga,23,2000,11.6,34,18,15,13,6,23,38,60.5,15,12,1,11,7,41,18,0,ar ARG,"DF,FW",Lanús,Copa de la Liga,23,2000,11.6,586,20,125,292,173,20,586,32,16,50.0,14,43.8,243,1326,802,21,14,4,29,7,278,56,ar ARG,"DF,FW",Lanús,Copa de la Liga,23,2000,13,"1,040",80,82.5,11.6,12,83,7,1,45,0,1.54,17,12,+5,+0.43,+0.02,15.7,9.4,+6.3,+0.55,+0.69,ar ARG,"DF,FW",Lanús,Copa de la Liga,23,2000,11.6,6,0,0,18,5,1,27,7,18,0,0,0,40,4,17,19.0
Brian Aguirre,ar ARG,FW,Newell's OB,Copa de la Liga,20,2003,13,9,824,9.2,1,1,2,1,0,0,2,0,1.0,1.0,0.3,1.3,41,22,89,0.11,0.11,0.22,0.11,0.22,0.11,0.04,0.15,0.11,0.15,ar ARG,FW,Newell's OB,Copa de la Liga,20,2003,9.2,1,24,10,41.7,2.62,1.09,0.04,0.10,23.6,2,0,0,1.0,1.0,0.04,0.0,0.0,ar ARG,FW,Newell's OB,Copa de la Liga,20,2003,9.2,163,266,61.3,2499,769,102,126,81.0,36,70,51.4,18,45,40.0,1,0.3,0.6,+0.7,7,18,10,4,22,ar ARG,FW,Newell's OB,Copa de la Liga,20,2003,9.2,266,249,16,6,1,3,43,2,8,4,3,0,163,1,9,ar ARG,FW,Newell's OB,Copa de la Liga,20,2003,9.2,22,2.40,11,0,6,3,2,0,1,0.11,0,0,0,0,1,0,ar ARG,FW,Newell's OB,Copa de la Liga,20,2003,9.2,12,8,2,5,5,4,8,50.0,4,8,1,7,3,15,0,0,ar ARG,FW,Newell's OB,Copa de la Liga,20,2003,9.2,381,2,34,131,233,28,381,65,40,61.5,21,32.3,255,2187,1133,41,26,12,26,17,269,89,ar ARG,FW,Newell's OB,Copa de la Liga,20,2003,13,824,63,65.4,9.2,9,75,2,4,38,1,1.38,12,10,+2,+0.22,+1.04,9.7,9.3,+0.4,+0.05,+0.19,ar ARG,FW,Newell's OB,Copa de la Liga,20,2003,9.2,2,0,0,13,12,3,43,3,8,0,0,0,40,7,16,30.4
Manuel Agustín Duarte,ar ARG,"FW,MF",Barracas Central,Copa de la Liga,22,2001,8,1,255,2.8,0,0,0,0,0,0,0,0,0.1,0.1,0.1,0.2,4,9,12,0.00,0.00,0.00,0.00,0.00,0.05,0.02,0.07,0.05,0.07,ar ARG,"FW,MF",Barracas Central,Copa de la Liga,22,2001,2.8,0,4,2,50.0,1.41,0.71,0.00,0.00,24.4,0,0,0,0.1,0.1,0.04,-0.1,-0.1,ar ARG,"FW,MF",Barracas Central,Copa de la Liga,22,2001,2.8,56,77,72.7,783,237,38,40,95.0,17,22,77.3,1,6,16.7,0,0.1,0.1,-0.1,3,5,3,0,9,ar ARG,"FW,MF",Barracas Central,Copa de la Liga,22,2001,2.8,77,72,3,0,0,1,2,1,2,0,1,0,56,2,4,ar ARG,"FW,MF",Barracas Central,Copa de la Liga,22,2001,2.8,9,3.18,4,1,1,2,1,0,0,0.00,0,0,0,0,0,0,ar ARG,"FW,MF",Barracas Central,Copa de la Liga,22,2001,2.8,10,7,5,5,0,6,12,50.0,6,8,0,8,2,12,5,0,ar ARG,"FW,MF",Barracas Central,Copa de la Liga,22,2001,2.8,131,1,29,57,47,7,131,16,4,25.0,11,68.8,78,406,157,4,2,1,8,10,91,12,ar ARG,"FW,MF",Barracas Central,Copa de la Liga,22,2001,8,255,32,20.2,2.8,1,62,0,7,28,0,1.67,2,6,-4,-1.41,-2.22,1.9,2.8,-0.9,-0.32,-0.16,ar ARG,"FW,MF",Barracas Central,Copa de la Liga,22,2001,2.8,0,0,0,1,6,0,2,2,7,0,0,0,10,0,3,0.0
Gabriel Alanís,ar ARG,"MF,FW",Defensa y Just,Copa de la Liga,29,1994,11,6,546,6.1,1,1,2,1,0,0,2,0,1.2,1.2,0.2,1.4,17,10,40,0.16,0.16,0.33,0.16,0.33,0.20,0.03,0.23,0.20,0.23,ar ARG,"MF,FW",Defensa y Just,Copa de la Liga,29,1994,6.1,1,10,2,20.0,1.65,0.33,0.10,0.50,18.6,0,0,0,1.2,1.2,0.12,-0.2,-0.2,ar ARG,"MF,FW",Defensa y Just,Copa de la Liga,29,1994,6.1,93,126,73.8,1486,285,54,62,87.1,24,32,75.0,11,20,55.0,1,0.2,0.1,+0.8,4,3,3,1,10,ar ARG,"MF,FW",Defensa y Just,Copa de la Liga,29,1994,6.1,126,116,9,3,1,4,5,3,0,0,0,0,93,1,4,ar ARG,"MF,FW",Defensa y Just,Copa de la Liga,29,1994,6.1,13,2.15,8,0,2,2,1,0,2,0.33,1,0,0,1,0,0,ar ARG,"MF,FW",Defensa y Just,Copa de la Liga,29,1994,6.1,14,7,2,8,4,4,9,44.4,5,5,1,4,1,15,5,0,ar ARG,"MF,FW",Defensa y Just,Copa de la Liga,29,1994,6.1,202,5,22,83,99,16,202,19,8,42.1,10,52.6,120,864,388,17,13,2,19,6,133,40,ar ARG,"MF,FW",Defensa y Just,Copa de la Liga,29,1994,11,546,50,43.3,6.1,6,71,1,5,25,0,1.67,8,8,0,0.00,-0.50,5.9,7.6,-1.7,-0.28,-0.42,ar ARG,"MF,FW",Defensa y Just,Copa de la Liga,29,1994,6.1,2,0,0,8,7,2,5,1,7,0,0,0,21,2,13,13.3
Fernando Alarcón,ar ARG,DF,Instituto,Copa de la Liga,29,1994,14,14,"1,260",14.0,0,0,0,0,0,0,2,0,0.2,0.2,0.1,0.2,7,31,5,0.00,0.00,0.00,0.00,0.00,0.01,0.01,0.02,0.01,0.02,ar ARG,DF,Instituto,Copa de la Liga,29,1994,14.0,0,7,0,0.0,0.50,0.00,0.00,0,12.1,0,0,0,0.2,0.2,0.02,-0.2,-0.2,ar ARG,DF,Instituto,Copa de la Liga,29,1994,14.0,311,460,67.6,6517,2903,98,127,77.2,155,188,82.4,52,122,42.6,0,0.1,0.1,-0.1,3,32,1,0,31,ar ARG,DF,Instituto,Copa de la Liga,29,1994,14.0,460,418,42,41,0,4,0,1,0,0,0,0,311,0,8,ar ARG,DF,Instituto,Copa de la Liga,29,1994,14.0,7,0.50,6,0,0,0,0,1,1,0.07,1,0,0,0,0,0,ar ARG,DF,Instituto,Copa de la Liga,29,1994,14.0,31,21,17,11,3,19,25,76.0,6,16,10,6,12,43,73,0,ar ARG,DF,Instituto,Copa de la Liga,29,1994,14.0,616,84,320,267,35,19,616,2,2,100.0,0,0.0,225,1184,739,7,1,1,6,2,255,5,ar ARG,DF,Instituto,Copa de la Liga,29,1994,14,"1,260",90,100.0,14.0,14,90,14,0,0,0,1.21,18,17,+1,+0.07,0,20.3,12.6,+7.6,+0.55,0,ar ARG,DF,Instituto,Copa de la Liga,29,1994,14.0,2,0,0,6,11,2,0,12,21,0,0,0,43,44,25,63.8
William Alarcón,cl CHI,MF,Huracán,Copa de la Liga,23,2000,13,13,"1,101",12.2,2,3,5,2,0,0,1,0,0.5,0.5,1.8,2.3,17,100,23,0.16,0.25,0.41,0.16,0.41,0.04,0.15,0.19,0.04,0.19,cl CHI,MF,Huracán,Copa de la Liga,23,2000,12.2,2,17,5,29.4,1.39,0.41,0.12,0.40,27.3,3,0,0,0.5,0.5,0.03,+1.5,+1.5,cl CHI,MF,Huracán,Copa de la Liga,23,2000,12.2,476,547,87.0,8477,3124,218,241,90.5,201,221,91.0,51,66,77.3,3,1.8,1.7,+1.2,11,73,11,2,100,cl CHI,MF,Huracán,Copa de la Liga,23,2000,12.2,547,526,19,16,4,6,5,2,0,0,0,0,476,2,6,cl CHI,MF,Huracán,Copa de la Liga,23,2000,12.2,33,2.70,29,1,1,0,2,0,4,0.33,4,0,0,0,0,0,cl CHI,MF,Huracán,Copa de la Liga,23,2000,12.2,15,5,5,7,3,10,19,52.6,9,3,0,3,9,24,14,0,cl CHI,MF,Huracán,Copa de la Liga,23,2000,12.2,636,20,99,416,132,5,636,24,13,54.2,10,41.7,368,1881,989,17,9,0,10,10,447,23,cl CHI,MF,Huracán,Copa de la Liga,23,2000,13,"1,101",85,87.4,12.2,13,85,9,0,0,0,1.23,12,10,+2,+0.16,+1.30,11.4,13.8,-2.4,-0.19,+0.58,cl CHI,MF,Huracán,Copa de la Liga,23,2000,12.2,1,0,0,6,11,0,5,9,5,0,0,0,61,14,9,60.9
Brahian Alemán,uy URU,MF,Tigre,Copa de la Liga,34,1989,11,9,706,7.8,0,0,0,0,0,0,2,1,1.0,1.0,0.8,1.9,11,48,30,0.00,0.00,0.00,0.00,0.00,0.13,0.11,0.24,0.13,0.24,uy URU,MF,Tigre,Copa de la Liga,34,1989,7.8,0,20,7,35.0,2.55,0.89,0.00,0.00,26.5,5,0,0,1.0,1.0,0.05,-1.0,-1.0,uy URU,MF,Tigre,Copa de la Liga,34,1989,7.8,243,372,65.3,4330,1648,121,148,81.8,80,114,70.2,33,88,37.5,0,0.8,1.2,-0.8,12,41,7,2,48,uy URU,MF,Tigre,Copa de la Liga,34,1989,7.8,372,319,52,25,3,8,49,3,23,13,10,0,243,1,5,uy URU,MF,Tigre,Copa de la Liga,34,1989,7.8,26,3.31,12,7,3,1,3,0,0,0.00,0,0,0,0,0,0,uy URU,MF,Tigre,Copa de la Liga,34,1989,7.8,16,11,6,9,1,7,19,36.8,12,8,1,7,4,20,11,1,uy URU,MF,Tigre,Copa de la Liga,34,1989,7.8,482,17,56,291,140,7,482,30,11,36.7,14,46.7,291,1530,723,11,11,0,23,5,323,30,uy URU,MF,Tigre,Copa de la Liga,34,1989,11,706,64,56.0,7.8,9,75,4,2,18,1,0.36,1,12,-11,-1.40,-0.27,4.9,11.9,-7.0,-0.90,-0.38,uy URU,MF,Tigre,Copa de la Liga,34,1989,7.8,2,1,0,3,25,0,49,4,11,0,0,0,41,5,7,41.7
Brian Alexis Leizza,ar ARG,DF,Cen. Córdoba–SdE,Copa de la Liga,23,2000,6,3,334,3.7,0,0,0,0,0,0,0,0,0.1,0.1,0.0,0.1,6,9,3,0.00,0.00,0.00,0.00,0.00,0.03,0.00,0.03,0.03,0.03,ar ARG,DF,Cen. Córdoba–SdE,Copa de la Liga,23,2000,3.7,0,3,0,0.0,0.81,0.00,0.00,0,19.0,0,0,0,0.1,0.1,0.04,-0.1,-0.1,ar ARG,DF,Cen. Córdoba–SdE,Copa de la Liga,23,2000,3.7,115,154,74.7,2231,1106,42,46,91.3,57,68,83.8,13,29,44.8,0,0.0,0.0,0.0,0,8,0,0,9,ar ARG,DF,Cen. Córdoba–SdE,Copa de la Liga,23,2000,3.7,154,135,18,9,0,2,1,8,0,0,0,0,115,1,5,ar ARG,DF,Cen. Córdoba–SdE,Copa de la Liga,23,2000,3.7,0,0.00,0,0,0,0,0,0,0,0.00,0,0,0,0,0,0,ar ARG,DF,Cen. Córdoba–SdE,Copa de la Liga,23,2000,3.7,6,3,5,1,0,3,5,60.0,2,6,2,4,8,14,9,0,ar ARG,DF,Cen. Córdoba–SdE,Copa de la Liga,23,2000,3.7,192,19,91,91,10,5,192,1,1,100.0,0,0.0,95,603,447,6,2,0,7,0,104,3,ar ARG,DF,Cen. Córdoba–SdE,Copa de la Liga,23,2000,6,334,56,26.5,3.7,3,90,3,3,21,7,1.00,5,8,-3,-0.81,-0.13,2.6,8.4,-5.7,-1.54,-1.06,ar ARG,DF,Cen. Córdoba–SdE,Copa de la Liga,23,2000,3.7,0,0,0,1,3,0,1,8,3,0,0,0,14,6,2,75.0
Franco Alfonso,ar ARG,"MF,FW",Huracán,Copa de la Liga,21,2002,13,3,431,4.8,0,1,1,0,0,0,3,0,0.3,0.3,1.0,1.2,15,16,34,0.00,0.21,0.21,0.00,0.21,0.06,0.20,0.26,0.06,0.26,ar ARG,"MF,FW",Huracán,Copa de la Liga,21,2002,4.8,0,12,0,0.0,2.51,0.00,0.00,0,24.6,0,0,0,0.3,0.3,0.02,-0.3,-0.3,ar ARG,"MF,FW",Huracán,Copa de la Liga,21,2002,4.8,167,224,74.6,2531,761,106,124,85.5,44,62,71.0,14,25,56.0,1,1.0,1.1,0.0,12,12,8,3,16,ar ARG,"MF,FW",Huracán,Copa de la Liga,21,2002,4.8,224,214,9,2,1,3,16,2,5,1,4,0,167,1,7,ar ARG,"MF,FW",Huracán,Copa de la Liga,21,2002,4.8,29,6.04,22,3,4,0,0,0,2,0.42,2,0,0,0,0,0,ar ARG,"MF,FW",Huracán,Copa de la Liga,21,2002,4.8,6,3,2,4,0,3,10,30.0,7,4,0,4,1,7,5,0,ar ARG,"MF,FW",Huracán,Copa de la Liga,21,2002,4.8,290,4,45,128,120,15,290,25,17,68.0,8,32.0,178,1097,555,15,14,5,15,7,196,34,ar ARG,"MF,FW",Huracán,Copa de la Liga,21,2002,13,431,33,34.2,4.8,3,64,0,10,24,1,1.00,2,4,-2,-0.42,-0.63,5.4,5.3,+0.1,+0.03,+0.45,ar ARG,"MF,FW",Huracán,Copa de la Liga,21,2002,4.8,3,0,0,10,11,0,16,1,3,0,0,0,34,3,7,30.0
Rodrigo Aliendro,ar ARG,MF,River Plate,Copa de la Liga,32,1991,13,12,848,9.4,0,2,2,0,0,0,3,0,1.0,1.0,0.8,1.7,8,57,36,0.00,0.21,0.21,0.00,0.21,0.10,0.08,0.18,0.10,0.18,ar ARG,MF,River Plate,Copa de la Liga,32,1991,9.4,0,14,3,21.4,1.49,0.32,0.00,0.00,19.6,0,0,0,1.0,1.0,0.07,-1.0,-1.0,ar ARG,MF,River Plate,Copa de la Liga,32,1991,9.4,395,509,77.6,6524,2150,181,221,81.9,183,217,84.3,22,38,57.9,2,0.8,1.0,+1.2,17,51,6,0,57,ar ARG,MF,River Plate,Copa de la Liga,32,1991,9.4,509,491,15,9,3,1,8,6,0,0,0,0,395,3,9,ar ARG,MF,River Plate,Copa de la Liga,32,1991,9.4,28,2.98,24,0,1,2,0,1,4,0.43,4,0,0,0,0,0,ar ARG,MF,River Plate,Copa de la Liga,32,1991,9.4,23,15,6,13,4,14,24,58.3,10,23,4,19,9,32,6,0,ar ARG,MF,River Plate,Copa de la Liga,32,1991,9.4,633,7,110,378,149,21,633,15,11,73.3,4,26.7,355,1241,598,8,3,0,24,17,436,36,ar ARG,MF,River Plate,Copa de la Liga,32,1991,13,848,65,67.3,9.4,12,68,2,1,32,1,1.71,18,6,+12,+1.27,+0.40,15.5,10.5,+5.0,+0.53,-1.35,ar ARG,MF,River Plate,Copa de la Liga,32,1991,9.4,3,0,0,16,15,0,8,9,15,0,0,0,55,11,7,61.1
Agustín Almendra,ar ARG,MF,Racing Club,Copa de la Liga,23,2000,11,10,698,7.8,1,1,2,1,0,0,2,0,0.7,0.7,1.1,1.8,5,35,14,0.13,0.13,0.26,0.13,0.26,0.09,0.15,0.24,0.09,0.24,ar ARG,MF,Racing Club,Copa de la Liga,23,2000,7.8,1,21,7,33.3,2.71,0.90,0.05,0.14,29.5,1,0,0,0.7,0.7,0.03,+0.3,+0.3,ar ARG,MF,Racing Club,Copa de la Liga,23,2000,7.8,268,345,77.7,4731,1298,132,155,85.2,96,114,84.2,33,63,52.4,1,1.1,0.5,-0.1,7,27,4,0,35,ar ARG,MF,Racing Club,Copa de la Liga,23,2000,7.8,345,318,27,10,2,4,11,8,9,7,0,0,268,0,4,ar ARG,MF,Racing Club,Copa de la Liga,23,2000,7.8,22,2.84,15,2,1,1,1,2,4,0.52,3,0,0,1,0,0,ar ARG,MF,Racing Club,Copa de la Liga,23,2000,7.8,29,17,13,15,1,12,23,52.2,11,17,2,15,11,40,12,0,ar ARG,MF,Racing Club,Copa de la Liga,23,2000,7.8,465,12,82,288,105,5,465,14,6,42.9,8,57.1,241,921,425,5,12,0,14,5,263,14,ar ARG,MF,Racing Club,Copa de la Liga,23,2000,11,698,63,55.4,7.8,10,67,2,1,32,1,2.09,11,2,+9,+1.16,+0.52,10.2,5.5,+4.7,+0.61,+0.38,ar ARG,MF,Racing Club,Copa de la Liga,23,2000,7.8,2,0,0,12,12,0,11,11,17,0,0,0,52,3,1,75.0
Facundo Altamira,0,"FW,MF",Godoy Cruz,Copa de la Liga,0,0,8,6,492,5.5,2,0,2,2,0,0,0,0,1.1,1.1,0.6,1.7,19,4,47,0.37,0.00,0.37,0.37,0.37,0.20,0.11,0.31,0.20,0.31,0,"FW,MF",Godoy Cruz,Copa de la Liga,0,0,5.5,2,9,4,44.4,1.65,0.73,0.22,0.50,15.6,0,0,0,1.1,1.1,0.14,+0.9,+0.9,0,"FW,MF",Godoy Cruz,Copa de la Liga,0,0,5.5,87,141,61.7,1321,254,55,68,80.9,19,39,48.7,8,15,53.3,0,0.6,0.8,-0.6,7,2,6,6,4,0,"FW,MF",Godoy Cruz,Copa de la Liga,0,0,5.5,141,139,2,0,0,0,33,1,0,0,0,0,87,0,8,0,"FW,MF",Godoy Cruz,Copa de la Liga,0,0,5.5,15,2.74,11,0,2,2,0,0,1,0.18,1,0,0,0,0,0,0,"FW,MF",Godoy Cruz,Copa de la Liga,0,0,5.5,10,5,2,7,1,5,5,100.0,0,3,0,3,3,13,7,0,0,"FW,MF",Godoy Cruz,Copa de la Liga,0,0,5.5,222,5,34,71,123,16,222,36,16,44.4,16,44.4,137,945,402,19,11,4,10,9,156,47,0,"FW,MF",Godoy Cruz,Copa de la Liga,0,0,8,492,62,39.0,5.5,6,75,0,2,21,4,1.44,6,4,+2,+0.37,-0.57,5.0,5.1,-0.1,-0.02,-0.55,0,"FW,MF",Godoy Cruz,Copa de la Liga,0,0,5.5,0,0,0,9,9,1,33,3,5,0,0,0,24,3,8,27.3
Facundo Altamirano,ar ARG,GK,San Lorenzo,Copa de la Liga,27,1996,12,12,"1,073",11.9,0,0,0,0,0,0,0,0,0.0,0.0,0.5,0.5,0,0,0,0.00,0.00,0.00,0.00,0.00,0.00,0.04,0.04,0.00,0.04,ar ARG,GK,San Lorenzo,Copa de la Liga,27,1996,11.9,0,0,0,0,0.00,0.00,0,0,0,0,0,0,0.0,0.0,0,0.0,0.0,ar ARG,GK,San Lorenzo,Copa de la Liga,27,1996,11.9,181,316,57.3,7732,6998,12,12,100.0,52,52,100.0,117,250,46.8,0,0.5,0.1,-0.5,3,19,0,0,0,ar ARG,GK,San Lorenzo,Copa de la Liga,27,1996,11.9,316,192,122,31,0,1,0,0,0,0,0,0,181,2,0,ar ARG,GK,San Lorenzo,Copa de la Liga,27,1996,11.9,7,0.59,5,2,0,0,0,0,0,0.00,0,0,0,0,0,0,ar ARG,GK,San Lorenzo,Copa de la Liga,27,1996,11.9,0,0,0,0,0,0,1,0.0,1,0,0,0,0,0,4,1,ar ARG,GK,San Lorenzo,Copa de la Liga,27,1996,11.9,336,282,333,3,0,0,336,0,0,0,0,0,163,1051,739,0,0,0,1,0,88,0,ar ARG,GK,San Lorenzo,Copa de la Liga,27,1996,12,"1,073",89,85.2,11.9,12,89,11,0,0,0,1.25,9,10,-1,-0.08,+1.36,10.5,9.4,+1.1,+0.09,+0.36,ar ARG,GK,San Lorenzo,Copa de la Liga,27,1996,11.9,0,0,0,0,1,0,0,0,0,0,0,0,6,6,1,85.7
Fabio Álvarez,ar ARG,MF,Lanús,Copa de la Liga,31,1993,8,0,151,1.7,1,0,1,1,0,0,1,0,0.2,0.2,0.6,0.8,2,14,5,0.60,0.00,0.60,0.60,0.60,0.11,0.35,0.46,0.11,0.46,ar ARG,MF,Lanús,Copa de la Liga,31,1993,1.7,1,4,1,25.0,2.38,0.60,0.25,1.00,20.2,0,0,0,0.2,0.2,0.05,+0.8,+0.8,ar ARG,MF,Lanús,Copa de la Liga,31,1993,1.7,86,104,82.7,1490,410,37,44,84.1,35,39,89.7,11,16,68.8,0,0.6,0.5,-0.6,6,9,3,1,14,ar ARG,MF,Lanús,Copa de la Liga,31,1993,1.7,104,100,3,2,1,1,3,0,1,0,1,0,86,1,0,ar ARG,MF,Lanús,Copa de la Liga,31,1993,1.7,11,6.51,10,0,0,1,0,0,0,0.00,0,0,0,0,0,0,ar ARG,MF,Lanús,Copa de la Liga,31,1993,1.7,1,0,0,1,0,1,8,12.5,7,1,0,1,1,2,1,0,ar ARG,MF,Lanús,Copa de la Liga,31,1993,1.7,125,3,10,91,25,4,125,2,1,50.0,1,50.0,67,393,159,2,4,0,3,1,82,5,ar ARG,MF,Lanús,Copa de la Liga,31,1993,8,151,19,12.0,1.7,0,0,0,8,19,5,1.25,3,1,+2,+1.19,+0.87,2.8,2.0,+0.8,+0.46,+0.04,ar ARG,MF,Lanús,Copa de la Liga,31,1993,1.7,1,0,0,4,2,0,3,1,0,0,0,0,12,2,4,33.3
Francisco Álvarez,ar ARG,DF,Arg Juniors,Copa de la Liga,23,2000,10,6,633,7.0,0,0,0,0,0,0,2,1,0.2,0.2,0.1,0.2,4,19,1,0.00,0.00,0.00,0.00,0.00,0.02,0.01,0.03,0.02,0.03,ar ARG,DF,Arg Juniors,Copa de la Liga,23,2000,7.0,0,2,0,0.0,0.28,0.00,0.00,0,10.9,0,0,0,0.2,0.2,0.08,-0.2,-0.2,ar ARG,DF,Arg Juniors,Copa de la Liga,23,2000,7.0,265,315,84.1,5185,1588,86,97,88.7,141,151,93.4,35,57,61.4,0,0.1,0.0,-0.1,1,12,0,0,19,ar ARG,DF,Arg Juniors,Copa de la Liga,23,2000,7.0,315,291,23,13,2,3,0,1,0,0,0,0,265,1,2,ar ARG,DF,Arg Juniors,Copa de la Liga,23,2000,7.0,5,0.71,5,0,0,0,0,0,1,0.14,1,0,0,0,0,0,ar ARG,DF,Arg Juniors,Copa de la Liga,23,2000,7.0,12,5,5,7,0,7,10,70.0,3,8,8,0,10,22,40,1,ar ARG,DF,Arg Juniors,Copa de la Liga,23,2000,7.0,405,63,236,165,5,4,405,2,1,50.0,1,50.0,194,1102,681,4,1,0,6,2,212,1,ar ARG,DF,Arg Juniors,Copa de la Liga,23,2000,10,633,63,50.2,7.0,6,90,4,4,24,3,1.80,10,10,0,0.00,-1.58,6.7,9.6,-2.9,-0.41,-1.11,ar ARG,DF,Arg Juniors,Copa de la Liga,23,2000,7.0,2,1,1,9,2,0,0,10,5,0,0,0,23,22,25,46.8
Juan Álvarez,ar ARG,MF,Banfield,Copa de la Liga,27,1996,7,7,547,6.1,0,0,0,0,0,0,1,0,0.2,0.2,2.0,2.1,20,17,58,0.00,0.00,0.00,0.00,0.00,0.03,0.32,0.35,0.03,0.35,ar ARG,MF,Banfield,Copa de la Liga,27,1996,6.1,0,6,0,0.0,0.99,0.00,0.00,0,17.7,0,0,0,0.2,0.2,0.03,-0.2,-0.2,ar ARG,MF,Banfield,Copa de la Liga,27,1996,6.1,112,187,59.9,2159,944,51,68,75.0,39,64,60.9,21,42,50.0,0,2.0,0.8,-2.0,16,9,12,8,17,ar ARG,MF,Banfield,Copa de la Liga,27,1996,6.1,187,156,31,9,0,0,49,5,17,0,13,0,112,0,9,ar ARG,MF,Banfield,Copa de la Liga,27,1996,6.1,28,4.62,14,9,1,1,2,1,1,0.16,0,0,0,0,1,0,ar ARG,MF,Banfield,Copa de la Liga,27,1996,6.1,9,5,1,7,1,5,12,41.7,7,9,0,9,2,11,2,0,ar ARG,MF,Banfield,Copa de la Liga,27,1996,6.1,259,3,28,105,133,16,259,34,11,32.4,19,55.9,135,1056,511,20,11,6,13,5,154,58,ar ARG,MF,Banfield,Copa de la Liga,27,1996,7,547,78,43.4,6.1,7,78,2,0,0,0,1.14,2,7,-5,-0.82,-1.33,4.8,5.2,-0.4,-0.06,+0.16,ar ARG,MF,Banfield,Copa de la Liga,27,1996,6.1,1,0,0,8,7,2,49,2,5,0,0,0,29,2,11,15.4
Gonzalo Álvez,ar ARG,FW,Cen. Córdoba–SdE,Copa de la Liga,20,2003,2,0,28,0.3,0,0,0,0,0,0,0,0,0.0,0.0,0.0,0.0,0,3,3,0.00,0.00,0.00,0.00,0.00,0.00,0.00,0.00,0.00,0.00,ar ARG,FW,Cen. Córdoba–SdE,Copa de la Liga,20,2003,0.3,0,0,0,0,0.00,0.00,0,0,0,0,0,0,0.0,0.0,0,0.0,0.0,ar ARG,FW,Cen. Córdoba–SdE,Copa de la Liga,20,2003,0.3,10,16,62.5,179,72,5,6,83.3,3,4,75.0,2,4,50.0,0,0.0,0.0,0.0,0,2,0,0,3,ar ARG,FW,Cen. Córdoba–SdE,Copa de la Liga,20,2003,0.3,16,15,1,0,0,0,3,0,1,1,0,0,10,0,1,ar ARG,FW,Cen. Córdoba–SdE,Copa de la Liga,20,2003,0.3,0,0.00,0,0,0,0,0,0,0,0.00,0,0,0,0,0,0,ar ARG,FW,Cen. Córdoba–SdE,Copa de la Liga,20,2003,0.3,0,0,0,0,0,0,2,0.0,2,0,0,0,0,0,1,0,ar ARG,FW,Cen. Córdoba–SdE,Copa de la Liga,20,2003,0.3,20,2,5,7,8,0,20,1,0,0.0,1,100.0,15,68,5,0,0,0,0,1,12,3,ar ARG,FW,Cen. Córdoba–SdE,Copa de la Liga,20,2003,2,28,14,2.2,0.3,0,0,0,2,14,4,0.00,0,0,0,0.00,+0.73,0.0,0.9,-0.9,-2.97,-2.25,ar ARG,FW,Cen. Córdoba–SdE,Copa de la Liga,20,2003,0.3,0,0,0,0,0,0,3,0,0,0,0,0,4,0,0,0
Alfredo Amarilla,py PAR,MF,Sarmiento,Copa de la Liga,22,2001,7,1,211,2.3,0,0,0,0,0,0,2,0,0.0,0.0,0.2,0.2,3,16,6,0.00,0.00,0.00,0.00,0.00,0.01,0.07,0.07,0.01,0.07,py PAR,MF,Sarmiento,Copa de la Liga,22,2001,2.3,0,1,0,0.0,0.43,0.00,0.00,0,35.4,0,0,0,0.0,0.0,0.02,0.0,0.0,py PAR,MF,Sarmiento,Copa de la Liga,22,2001,2.3,58,92,63.0,1003,452,20,31,64.5,37,42,88.1,0,7,0.0,0,0.2,0.2,-0.2,1,8,2,0,16,py PAR,MF,Sarmiento,Copa de la Liga,22,2001,2.3,92,87,3,2,0,0,3,1,0,0,0,0,58,2,7,py PAR,MF,Sarmiento,Copa de la Liga,22,2001,2.3,1,0.43,1,0,0,0,0,0,0,0.00,0,0,0,0,0,0,py PAR,MF,Sarmiento,Copa de la Liga,22,2001,2.3,8,7,4,3,1,4,12,33.3,8,5,3,2,2,10,1,0,py PAR,MF,Sarmiento,Copa de la Liga,22,2001,2.3,125,3,20,69,39,1,125,12,5,41.7,7,58.3,67,344,162,3,4,1,6,7,66,6,py PAR,MF,Sarmiento,Copa de la Liga,22,2001,7,211,30,16.7,2.3,1,45,0,6,28,5,0.29,0,4,-4,-1.71,-1.19,0.6,1.7,-1.1,-0.49,0.00,py PAR,MF,Sarmiento,Copa de la Liga,22,2001,2.3,2,0,0,11,3,1,3,2,7,0,0,0,20,3,2,60.0
Lucas Ambrogio,ar ARG,"MF,FW",Atlé Tucumán,Copa de la Liga,24,1999,2,0,18,0.2,0,0,0,0,0,0,0,0,0.0,0.0,0.0,0.0,0,1,0,0.00,0.00,0.00,0.00,0.00,0.06,0.00,0.06,0.06,0.06,ar ARG,"MF,FW",Atlé Tucumán,Copa de la Liga,24,1999,0.2,0,1,0,0.0,5.00,0.00,0.00,0,30.2,0,0,0,0.0,0.0,0.01,0.0,0.0,ar ARG,"MF,FW",Atlé Tucumán,Copa de la Liga,24,1999,0.2,1,2,50.0,36,22,0,0,0,0,0,0,1,1,100.0,0,0.0,0.0,0.0,0,1,0,0,1,ar ARG,"MF,FW",Atlé Tucumán,Copa de la Liga,24,1999,0.2,2,2,0,0,0,0,0,0,0,0,0,0,1,0,0,ar ARG,"MF,FW",Atlé Tucumán,Copa de la Liga,24,1999,0.2,0,0.00,0,0,0,0,0,0,0,0.00,0,0,0,0,0,0,ar ARG,"MF,FW",Atlé Tucumán,Copa de la Liga,24,1999,0.2,2,2,1,1,0,2,3,66.7,1,0,0,0,0,2,0,0,ar ARG,"MF,FW",Atlé Tucumán,Copa de la Liga,24,1999,0.2,5,0,2,2,1,0,5,0,0,0,0,0,2,11,5,0,0,0,0,0,2,0,ar ARG,"MF,FW",Atlé Tucumán,Copa de la Liga,24,1999,2,18,9,1.4,0.2,0,0,0,2,9,0,0.50,0,1,-1,-5.00,-3.99,0.1,0.8,-0.7,-3.35,-3.26,ar ARG,"MF,FW",Atlé Tucumán,Copa de la Liga,24,1999,0.2,0,0,0,0,0,0,0,0,2,0,0,0,0,0,0,0
Juan Andrada,ar ARG,MF,Godoy Cruz,Copa de la Liga,29,1995,7,6,388,4.3,0,0,0,0,0,0,1,0,0.0,0.0,0.2,0.2,5,19,1,0.00,0.00,0.00,0.00,0.00,0.01,0.04,0.05,0.01,0.05,ar ARG,MF,Godoy Cruz,Copa de la Liga,29,1995,4.3,0,1,0,0.0,0.23,0.00,0.00,0,26.7,0,0,0,0.0,0.0,0.03,0.0,0.0,ar ARG,MF,Godoy Cruz,Copa de la Liga,29,1995,4.3,158,180,87.8,3370,1176,52,57,91.2,72,77,93.5,32,38,84.2,0,0.2,0.3,-0.2,5,13,2,0,19,ar ARG,MF,Godoy Cruz,Copa de la Liga,29,1995,4.3,180,175,5,5,1,3,0,0,0,0,0,0,158,0,3,ar ARG,MF,Godoy Cruz,Copa de la Liga,29,1995,4.3,11,2.54,11,0,0,0,0,0,0,0.00,0,0,0,0,0,0,ar ARG,MF,Godoy Cruz,Copa de la Liga,29,1995,4.3,14,9,3,10,1,4,9,44.4,5,7,1,6,5,19,4,0,ar ARG,MF,Godoy Cruz,Copa de la Liga,29,1995,4.3,226,3,43,168,17,0,226,3,2,66.7,0,0.0,111,478,285,5,1,0,6,3,134,1,ar ARG,MF,Godoy Cruz,Copa de la Liga,29,1995,7,388,55,30.8,4.3,6,64,0,1,3,1,2.00,3,2,+1,+0.23,-0.70,4.9,2.5,+2.4,+0.55,+0.34,ar ARG,MF,Godoy Cruz,Copa de la Liga,29,1995,4.3,1,0,0,8,9,0,0,5,9,0,0,0,29,1,2,33.3
Federico Andueza,uy URU,DF,Cen. Córdoba–SdE,Copa de la Liga,26,1997,3,3,203,2.3,0,0,0,0,0,0,0,0,0.0,0.0,0.0,0.0,0,4,1,0.00,0.00,0.00,0.00,0.00,0.00,0.00,0.00,0.00,0.00,uy URU,DF,Cen. Córdoba–SdE,Copa de la Liga,26,1997,2.3,0,0,0,0,0.00,0.00,0,0,0,0,0,0,0.0,0.0,0,0.0,0.0,uy URU,DF,Cen. Córdoba–SdE,Copa de la Liga,26,1997,2.3,49,68,72.1,1104,649,15,16,93.8,22,27,81.5,11,21,52.4,0,0.0,0.0,0.0,0,4,0,0,4,uy URU,DF,Cen. Córdoba–SdE,Copa de la Liga,26,1997,2.3,68,56,12,7,0,0,1,3,0,0,0,0,49,0,1,uy URU,DF,Cen. Córdoba–SdE,Copa de la Liga,26,1997,2.3,0,0.00,0,0,0,0,0,0,0,0.00,0,0,0,0,0,0,uy URU,DF,Cen. Córdoba–SdE,Copa de la Liga,26,1997,2.3,1,1,0,1,0,1,2,50.0,1,1,1,0,2,3,6,0,uy URU,DF,Cen. Córdoba–SdE,Copa de la Liga,26,1997,2.3,78,8,43,33,2,0,78,0,0,0,0,0,33,99,43,0,1,0,0,0,36,1,uy URU,DF,Cen. Córdoba–SdE,Copa de la Liga,26,1997,3,203,68,16.1,2.3,3,68,1,0,0,11,0.33,0,1,-1,-0.44,+0.32,1.2,2.3,-1.1,-0.48,+0.34,uy URU,DF,Cen. Córdoba–SdE,Copa de la Liga,26,1997,2.3,0,0,0,4,1,0,1,2,1,0,0,0,7,3,5,37.5
Miguel Ángel Torrén,ar ARG,DF,Unión,Copa de la Liga,35,1988,11,9,780,8.7,0,0,0,0,0,0,2,0,0.3,0.3,0.1,0.3,2,15,0,0.00,0.00,0.00,0.00,0.00,0.03,0.01,0.04,0.03,0.04,ar ARG,DF,Unión,Copa de la Liga,35,1988,8.7,0,2,0,0.0,0.23,0.00,0.00,0,10.8,0,0,0,0.3,0.3,0.13,-0.3,-0.3,ar ARG,DF,Unión,Copa de la Liga,35,1988,8.7,271,334,81.1,6499,2481,64,75,85.3,128,148,86.5,78,109,71.6,0,0.1,0.0,-0.1,2,10,1,0,15,ar ARG,DF,Unión,Copa de la Liga,35,1988,8.7,334,299,35,22,0,3,0,3,0,0,0,0,271,0,0,ar ARG,DF,Unión,Copa de la Liga,35,1988,8.7,3,0.35,3,0,0,0,0,0,0,0.00,0,0,0,0,0,0,ar ARG,DF,Unión,Copa de la Liga,35,1988,8.7,11,9,7,3,1,6,9,66.7,3,10,6,4,9,20,46,0,ar ARG,DF,Unión,Copa de la Liga,35,1988,8.7,423,78,255,163,7,4,423,1,0,0.0,1,100.0,183,964,562,2,1,0,3,1,204,0,ar ARG,DF,Unión,Copa de la Liga,35,1988,11,780,71,61.9,8.7,9,86,7,2,2,1,1.27,7,9,-2,-0.23,-0.98,8.0,11.1,-3.2,-0.36,-0.82,ar ARG,DF,Unión,Copa de la Liga,35,1988,8.7,2,0,0,6,3,0,0,9,9,0,0,0,24,13,12,52.0
Luis Angulo,co COL,"FW,MF",Platense,Copa de la Liga,19,2004,2,0,66,0.7,0,0,0,0,0,0,0,0,0.3,0.3,0.2,0.5,4,2,7,0.00,0.00,0.00,0.00,0.00,0.38,0.29,0.67,0.38,0.67,co COL,"FW,MF",Platense,Copa de la Liga,19,2004,0.7,0,2,1,50.0,2.73,1.36,0.00,0.00,13.0,0,0,0,0.3,0.3,0.14,-0.3,-0.3,co COL,"FW,MF",Platense,Copa de la Liga,19,2004,0.7,9,13,69.2,107,25,8,11,72.7,1,2,50.0,0,0,0,0,0.2,0.0,-0.2,2,1,1,0,2,co COL,"FW,MF",Platense,Copa de la Liga,19,2004,0.7,13,13,0,0,0,0,0,0,0,0,0,0,9,0,0,co COL,"FW,MF",Platense,Copa de la Liga,19,2004,0.7,6,8.18,2,0,3,1,0,0,0,0.00,0,0,0,0,0,0,co COL,"FW,MF",Platense,Copa de la Liga,19,2004,0.7,5,3,2,2,1,2,3,66.7,1,1,0,1,0,5,0,0,co COL,"FW,MF",Platense,Copa de la Liga,19,2004,0.7,28,0,6,11,14,5,28,9,7,77.8,2,22.2,20,268,157,4,4,3,6,3,18,7,co COL,"FW,MF",Platense,Copa de la Liga,19,2004,2,66,33,5.2,0.7,0,0,0,2,33,1,3.00,2,0,+2,+2.73,+3.18,2.7,0.3,+2.3,+3.17,+3.37,co COL,"FW,MF",Platense,Copa de la Liga,19,2004,0.7,0,0,0,1,1,2,0,0,3,0,0,0,9,0,1,0.0
Luis Angulo,co COL,FW,Talleres,Copa de la Liga,19,2004,1,0,34,0.4,0,0,0,0,0,0,0,0,0.0,0.0,0.0,0.0,1,0,9,0.00,0.00,0.00,0.00,0.00,0.00,0.00,0.00,0.00,0.00,co COL,"FW,MF",Platense,Copa de la Liga,19,2004,0.7,0,2,1,50.0,2.73,1.36,0.00,0.00,13.0,0,0,0,0.3,0.3,0.14,-0.3,-0.3,co COL,"FW,MF",Platense,Copa de la Liga,19,2004,0.7,9,13,69.2,107,25,8,11,72.7,1,2,50.0,0,0,0,0,0.2,0.0,-0.2,2,1,1,0,2,co COL,"FW,MF",Platense,Copa de la Liga,19,2004,0.7,13,13,0,0,0,0,0,0,0,0,0,0,9,0,0,co COL,"FW,MF",Platense,Copa de la Liga,19,2004,0.7,6,8.18,2,0,3,1,0,0,0,0.00,0,0,0,0,0,0,co COL,"FW,MF",Platense,Copa de la Liga,19,2004,0.7,5,3,2,2,1,2,3,66.7,1,1,0,1,0,5,0,0,co COL,"FW,MF",Platense,Copa de la Liga,19,2004,0.7,28,0,6,11,14,5,28,9,7,77.8,2,22.2,20,268,157,4,4,3,6,3,18,7,co COL,"FW,MF",Platense,Copa de la Liga,19,2004,2,66,33,5.2,0.7,0,0,0,2,33,1,3.00,2,0,+2,+2.73,+3.18,2.7,0.3,+2.3,+3.17,+3.37,co COL,"FW,MF",Platense,Copa de la Liga,19,2004,0.7,0,0,0,1,1,2,0,0,3,0,0,0,9,0,1,0.0
Aaron Anselmino,ar ARG,"MF,DF",Boca Juniors,Copa de la Liga,18,2005,1,0,29,0.3,0,0,0,0,0,0,0,0,0.0,0.0,0.0,0.0,0,1,0,0.00,0.00,0.00,0.00,0.00,0.00,0.00,0.00,0.00,0.00,ar ARG,"MF,DF",Boca Juniors,Copa de la Liga,18,2005,0.3,0,0,0,0,0.00,0.00,0,0,0,0,0,0,0.0,0.0,0,0.0,0.0,ar ARG,"MF,DF",Boca Juniors,Copa de la Liga,18,2005,0.3,6,7,85.7,147,130,2,2,100.0,2,2,100.0,2,3,66.7,0,0.0,0.0,0.0,0,0,0,0,1,ar ARG,"MF,DF",Boca Juniors,Copa de la Liga,18,2005,0.3,7,7,0,0,0,0,0,0,0,0,0,0,6,0,0,ar ARG,"MF,DF",Boca Juniors,Copa de la Liga,18,2005,0.3,0,0.00,0,0,0,0,0,0,0,0.00,0,0,0,0,0,0,ar ARG,"MF,DF",Boca Juniors,Copa de la Liga,18,2005,0.3,0,0,0,0,0,0,0,0,0,1,1,0,1,1,3,0,ar ARG,"MF,DF",Boca Juniors,Copa de la Liga,18,2005,0.3,12,5,9,2,1,1,12,0,0,0,0,0,3,2,0,0,0,0,1,0,5,0,ar ARG,"MF,DF",Boca Juniors,Copa de la Liga,18,2005,1,29,29,2.3,0.3,0,0,0,1,29,10,3.00,1,0,+1,+3.10,+2.59,1.0,0.4,+0.6,+1.87,+1.27,ar ARG,"MF,DF",Boca Juniors,Copa de la Liga,18,2005,0.3,0,0,0,1,0,0,0,1,0,0,0,0,1,0,0,0
Claudio Aquino,ar ARG,MF,Vélez Sarsfield,Copa de la Liga,32,1991,14,14,"1,129",12.5,1,4,5,0,1,1,3,0,2.2,1.4,4.0,5.4,55,121,87,0.08,0.32,0.40,0.00,0.32,0.18,0.32,0.50,0.11,0.43,ar ARG,MF,Vélez Sarsfield,Copa de la Liga,32,1991,12.5,1,26,6,23.1,2.07,0.48,0.00,0.00,24.5,8,1,1,2.2,1.4,0.05,-1.2,-1.4,ar ARG,MF,Vélez Sarsfield,Copa de la Liga,32,1991,12.5,558,825,67.6,10377,4371,252,311,81.0,210,282,74.5,86,172,50.0,4,4.0,4.3,0.0,48,78,29,6,121,ar ARG,MF,Vélez Sarsfield,Copa de la Liga,32,1991,12.5,825,615,202,54,5,7,102,77,59,29,16,0,558,8,18,ar ARG,MF,Vélez Sarsfield,Copa de la Liga,32,1991,12.5,96,7.67,53,31,3,5,4,0,7,0.56,2,4,0,1,0,0,ar ARG,MF,Vélez Sarsfield,Copa de la Liga,32,1991,12.5,16,6,6,8,2,7,23,30.4,16,11,0,11,1,17,5,0,ar ARG,MF,Vélez Sarsfield,Copa de la Liga,32,1991,12.5,938,4,65,487,406,29,937,62,35,56.5,24,38.7,543,3313,1923,55,49,5,21,25,617,87,ar ARG,MF,Vélez Sarsfield,Copa de la Liga,32,1991,14,"1,129",81,89.6,12.5,14,81,5,0,0,0,1.76,12,13,-1,-0.08,-1.45,14.8,10.1,+4.7,+0.37,+0.24,ar ARG,MF,Vélez Sarsfield,Copa de la Liga,32,1991,12.5,3,0,0,5,26,1,102,1,6,0,0,0,64,9,3,75.0
Gabriel Aranda,ar ARG,FW,Banfield,Copa de la Liga,22,2001,1,0,1,0.0,0,0,0,0,0,0,0,0,0.0,0.0,0.0,0.0,0,0,0,0.00,0.00,0.00,0.00,0.00,0.00,0.00,0.00,0.00,0.00,ar ARG,FW,Banfield,Copa de la Liga,22,2001,0.0,0,0,0,0,0.00,0.00,0,0,0,0,0,0,0.0,0.0,0,0.0,0.0,ar ARG,FW,Banfield,Copa de la Liga,22,2001,0.0,0,0,0,0,0,0,0,0,0,0,0,0,0,0,0,0.0,0.0,0.0,0,0,0,0,0,ar ARG,FW,Banfield,Copa de la Liga,22,2001,0.0,0,0,0,0,0,0,0,0,0,0,0,0,0,0,0,ar ARG,FW,Banfield,Copa de la Liga,22,2001,0.0,0,0.00,0,0,0,0,0,0,0,0.00,0,0,0,0,0,0,ar ARG,FW,Banfield,Copa de la Liga,22,2001,0.0,0,0,0,0,0,0,0,0,0,0,0,0,0,0,0,0,ar ARG,FW,Banfield,Copa de la Liga,22,2001,0.0,0,0,0,0,0,0,0,0,0,0,0,0,0,0,0,0,0,0,0,0,0,0,ar ARG,FW,Banfield,Copa de la Liga,22,2001,1,1,1,0.1,0.0,0,0,0,1,1,1,3.00,0,0,0,0.00,+0.07,0.0,0.2,-0.2,-17.37,-17.23,ar ARG,FW,Banfield,Copa de la Liga,22,2001,0.0,0,0,0,0,0,0,0,0,0,0,0,0,0,0,0,0
Alex Arce,py PAR,FW,Ind. Rivadavia,Copa de la Liga,28,1995,5,5,353,3.9,2,0,2,2,0,0,1,0,0.4,0.4,0.2,0.6,4,7,9,0.51,0.00,0.51,0.51,0.51,0.10,0.04,0.14,0.10,0.14,py PAR,FW,Ind. Rivadavia,Copa de la Liga,28,1995,3.9,2,4,3,75.0,1.02,0.76,0.50,0.67,13.5,0,0,0,0.4,0.4,0.10,+1.6,+1.6,py PAR,FW,Ind. Rivadavia,Copa de la Liga,28,1995,3.9,42,72,58.3,595,102,22,38,57.9,16,21,76.2,2,3,66.7,0,0.2,0.1,-0.2,3,8,3,1,7,py PAR,FW,Ind. Rivadavia,Copa de la Liga,28,1995,3.9,72,64,8,0,0,1,3,0,0,0,0,0,42,0,4,py PAR,FW,Ind. Rivadavia,Copa de la Liga,28,1995,3.9,4,1.02,3,0,0,0,1,0,0,0.00,0,0,0,0,0,0,py PAR,FW,Ind. Rivadavia,Copa de la Liga,28,1995,3.9,4,0,0,3,1,1,1,100.0,0,2,0,2,0,4,5,0,py PAR,FW,Ind. Rivadavia,Copa de la Liga,28,1995,3.9,114,5,5,65,45,11,114,1,0,0.0,1,100.0,49,258,79,4,4,0,12,13,83,9,py PAR,FW,Ind. Rivadavia,Copa de la Liga,28,1995,5,353,71,28.0,3.9,5,71,1,0,0,0,1.20,3,3,0,0.00,+1.19,2.0,5.3,-3.3,-0.85,-0.27,py PAR,FW,Ind. Rivadavia,Copa de la Liga,28,1995,3.9,1,0,0,6,3,2,3,0,0,0,0,0,7,21,29,42.0
Carlos Arce,ar ARG,MF,Barracas Central,Copa de la Liga,33,1990,8,0,155,1.7,0,0,0,0,0,0,0,0,0.0,0.0,0.4,0.4,0,7,0,0.00,0.00,0.00,0.00,0.00,0.01,0.23,0.25,0.01,0.25,ar ARG,MF,Barracas Central,Copa de la Liga,33,1990,1.7,0,1,0,0.0,0.58,0.00,0.00,0,29.2,0,0,0,0.0,0.0,0.02,0.0,0.0,ar ARG,MF,Barracas Central,Copa de la Liga,33,1990,1.7,48,64,75.0,939,390,24,27,88.9,15,21,71.4,8,13,61.5,0,0.4,0.0,-0.4,2,9,2,0,7,ar ARG,MF,Barracas Central,Copa de la Liga,33,1990,1.7,64,61,3,3,0,0,0,0,0,0,0,0,48,0,1,ar ARG,MF,Barracas Central,Copa de la Liga,33,1990,1.7,5,2.90,4,0,1,0,0,0,0,0.00,0,0,0,0,0,0,ar ARG,MF,Barracas Central,Copa de la Liga,33,1990,1.7,6,3,2,3,1,4,7,57.1,3,6,2,4,2,8,11,0,ar ARG,MF,Barracas Central,Copa de la Liga,33,1990,1.7,94,10,29,55,11,0,94,2,1,50.0,1,50.0,27,77,28,0,0,0,1,3,36,0,ar ARG,MF,Barracas Central,Copa de la Liga,33,1990,8,155,19,12.3,1.7,0,0,0,8,19,6,2.50,1,2,-1,-0.58,-1.07,1.7,1.5,+0.2,+0.12,+0.35,ar ARG,MF,Barracas Central,Copa de la Liga,33,1990,1.7,0,0,0,4,4,0,0,2,3,0,0,0,6,4,3,57.1
Ignacio Arce,ar ARG,GK,Deportivo Riestra,Copa de la Liga,31,1992,14,14,"1,260",14.0,0,0,0,0,0,0,1,0,0.1,0.1,0.1,0.2,0,0,0,0.00,0.00,0.00,0.00,0.00,0.01,0.01,0.01,0.01,0.01,ar ARG,GK,Deportivo Riestra,Copa de la Liga,31,1992,14.0,0,2,1,50.0,0.14,0.07,0.00,0.00,11.2,0,0,0,0.1,0.1,0.04,-0.1,-0.1,ar ARG,GK,Deportivo Riestra,Copa de la Liga,31,1992,14.0,233,510,45.7,11377,10276,12,12,100.0,52,53,98.1,169,443,38.1,0,0.1,0.3,-0.1,2,43,3,0,0,ar ARG,GK,Deportivo Riestra,Copa de la Liga,31,1992,14.0,510,281,227,73,0,0,0,0,0,0,0,0,233,2,0,ar ARG,GK,Deportivo Riestra,Copa de la Liga,31,1992,14.0,8,0.57,6,2,0,0,0,0,0,0.00,0,0,0,0,0,0,ar ARG,GK,Deportivo Riestra,Copa de la Liga,31,1992,14.0,2,0,2,0,0,2,2,100.0,0,0,0,0,0,2,5,1,ar ARG,GK,Deportivo Riestra,Copa de la Liga,31,1992,14.0,541,416,521,18,2,2,541,2,2,100.0,0,0.0,265,1943,1400,0,0,0,0,0,120,0,ar ARG,GK,Deportivo Riestra,Copa de la Liga,31,1992,14,"1,260",90,100.0,14.0,14,90,14,0,0,0,0.93,8,16,-8,-0.57,0,8.9,19.9,-10.9,-0.78,0,ar ARG,GK,Deportivo Riestra,Copa de la Liga,31,1992,14.0,1,0,0,0,5,0,0,0,0,0,0,0,4,5,1,83.3
Lucas Arce,ar ARG,DF,Godoy Cruz,Copa de la Liga,26,1997,13,10,952,10.6,0,1,1,0,0,0,4,0,0.6,0.6,0.6,1.3,22,63,50,0.00,0.09,0.09,0.00,0.09,0.06,0.06,0.12,0.06,0.12,ar ARG,DF,Godoy Cruz,Copa de la Liga,26,1997,10.6,0,4,1,25.0,0.38,0.09,0.00,0.00,17.5,0,0,0,0.6,0.6,0.16,-0.6,-0.6,ar ARG,DF,Godoy Cruz,Copa de la Liga,26,1997,10.6,475,653,72.7,7829,3962,242,272,89.0,190,253,75.1,32,91,35.2,1,0.6,0.6,+0.4,10,54,9,4,63,ar ARG,DF,Godoy Cruz,Copa de la Liga,26,1997,10.6,653,516,137,2,0,2,31,134,1,0,0,0,475,0,18,ar ARG,DF,Godoy Cruz,Copa de la Liga,26,1997,10.6,27,2.55,21,4,0,1,1,0,3,0.28,3,0,0,0,0,0,ar ARG,DF,Godoy Cruz,Copa de la Liga,26,1997,10.6,30,21,13,16,1,18,30,60.0,12,15,1,14,14,44,30,0,ar ARG,DF,Godoy Cruz,Copa de la Liga,26,1997,10.6,768,32,205,387,183,8,768,12,5,41.7,7,58.3,320,1585,929,22,21,1,11,3,386,50,ar ARG,DF,Godoy Cruz,Copa de la Liga,26,1997,13,952,73,75.6,10.6,10,84,8,3,36,1,1.86,12,4,+8,+0.76,+0.17,12.8,7.6,+5.1,+0.49,+0.68,ar ARG,DF,Godoy Cruz,Copa de la Liga,26,1997,10.6,4,0,0,13,3,0,31,14,21,0,0,0,60,5,6,45.5
Gabriel Arias,cl CHI,GK,Racing Club,Copa de la Liga,36,1987,14,14,"1,215",13.5,0,0,0,0,0,0,1,0,0.0,0.0,0.0,0.0,0,0,0,0.00,0.00,0.00,0.00,0.00,0.00,0.00,0.00,0.00,0.00,cl CHI,GK,Racing Club,Copa de la Liga,36,1987,13.5,0,0,0,0,0.00,0.00,0,0,0,0,0,0,0.0,0.0,0,0.0,0.0,cl CHI,GK,Racing Club,Copa de la Liga,36,1987,13.5,294,393,74.8,8325,6209,72,72,100.0,128,129,99.2,90,187,48.1,0,0.0,0.2,0.0,1,17,3,0,0,cl CHI,GK,Racing Club,Copa de la Liga,36,1987,13.5,393,248,144,28,0,1,0,0,0,0,0,0,294,1,0,cl CHI,GK,Racing Club,Copa de la Liga,36,1987,13.5,4,0.30,3,1,0,0,0,0,1,0.07,0,1,0,0,0,0,cl CHI,GK,Racing Club,Copa de la Liga,36,1987,13.5,1,1,1,0,0,1,2,50.0,1,0,0,0,0,1,1,0,cl CHI,GK,Racing Club,Copa de la Liga,36,1987,13.5,409,352,408,1,0,0,409,0,0,0,0,0,207,1139,802,0,0,0,0,0,149,0,cl CHI,GK,Racing Club,Copa de la Liga,36,1987,14,"1,215",87,96.4,13.5,14,87,13,0,0,0,1.71,23,11,+12,+0.89,-1.11,18.6,12.5,+6.1,+0.45,+0.43,cl CHI,GK,Racing Club,Copa de la Liga,36,1987,13.5,1,0,0,0,0,0,0,0,1,0,0,0,12,3,0,100.0
Oscar Arias,ar ARG,DF,San Lorenzo,Copa de la Liga,19,2005,3,0,14,0.2,0,0,0,0,0,0,0,0,0.0,0.0,0.0,0.0,0,4,0,0.00,0.00,0.00,0.00,0.00,0.00,0.22,0.22,0.00,0.22,ar ARG,DF,San Lorenzo,Copa de la Liga,19,2005,0.2,0,0,0,0,0.00,0.00,0,0,0,0,0,0,0.0,0.0,0,0.0,0.0,ar ARG,DF,San Lorenzo,Copa de la Liga,19,2005,0.2,19,25,76.0,388,259,6,8,75.0,6,8,75.0,6,7,85.7,0,0.0,0.0,0.0,1,4,0,0,4,ar ARG,DF,San Lorenzo,Copa de la Liga,19,2005,0.2,25,18,7,0,0,0,0,7,0,0,0,0,19,0,0,ar ARG,DF,San Lorenzo,Copa de la Liga,19,2005,0.2,0,0.00,0,0,0,0,0,0,0,0.00,0,0,0,0,0,0,ar ARG,DF,San Lorenzo,Copa de la Liga,19,2005,0.2,2,2,1,1,0,1,1,100.0,0,2,0,2,0,2,1,0,ar ARG,DF,San Lorenzo,Copa de la Liga,19,2005,0.2,30,1,11,17,2,1,30,0,0,0,0,0,11,35,25,0,0,0,1,0,14,0,ar ARG,DF,San Lorenzo,Copa de la Liga,19,2005,3,14,5,1.1,0.2,0,0,0,3,5,5,0.67,0,0,0,0.00,+0.29,0.1,0.0,+0.1,+0.67,+0.64,ar ARG,DF,San Lorenzo,Copa de la Liga,19,2005,0.2,0,0,0,0,0,0,0,0,2,0,0,0,3,0,0,0
Franco Armani,ar ARG,GK,River Plate,Copa de la Liga,37,1986,14,14,"1,260",14.0,0,0,0,0,0,0,0,0,0.0,0.0,0.0,0.0,0,0,0,0.00,0.00,0.00,0.00,0.00,0.00,0.00,0.00,0.00,0.00,ar ARG,GK,River Plate,Copa de la Liga,37,1986,14.0,0,0,0,0,0.00,0.00,0,0,0,0,0,0,0.0,0.0,0,0.0,0.0,ar ARG,GK,River Plate,Copa de la Liga,37,1986,14.0,345,396,87.1,8003,5574,76,77,98.7,190,190,100.0,75,125,60.0,0,0.0,0.0,0.0,1,2,0,0,0,ar ARG,GK,River Plate,Copa de la Liga,37,1986,14.0,396,267,129,28,0,2,0,0,0,0,0,0,345,0,0,ar ARG,GK,River Plate,Copa de la Liga,37,1986,14.0,2,0.14,2,0,0,0,0,0,0,0.00,0,0,0,0,0,0,ar ARG,GK,River Plate,Copa de la Liga,37,1986,14.0,0,0,0,0,0,0,1,0.0,1,0,0,0,0,0,3,0,ar ARG,GK,River Plate,Copa de la Liga,37,1986,14.0,416,370,410,6,0,0,416,0,0,0,0,0,211,821,485,0,0,0,0,0,144,0,ar ARG,GK,River Plate,Copa de la Liga,37,1986,14,"1,260",90,100.0,14.0,14,90,14,0,0,0,1.80,26,10,+16,+1.14,0,26.3,12.7,+13.6,+0.97,0,ar ARG,GK,River Plate,Copa de la Liga,37,1986,14.0,0,0,0,0,0,0,0,0,0,0,0,0,19,2,0,100.0
Blas Armoa,py PAR,"FW,MF",Tigre,Copa de la Liga,23,2000,12,9,659,7.3,0,0,0,0,0,0,0,0,1.2,1.2,0.4,1.6,16,5,61,0.00,0.00,0.00,0.00,0.00,0.16,0.06,0.22,0.16,0.22,py PAR,"FW,MF",Tigre,Copa de la Liga,23,2000,7.3,0,21,4,19.0,2.87,0.55,0.00,0.00,20.0,0,0,0,1.2,1.2,0.06,-1.2,-1.2,py PAR,"FW,MF",Tigre,Copa de la Liga,23,2000,7.3,88,117,75.2,990,176,64,73,87.7,16,25,64.0,2,5,40.0,0,0.4,0.3,-0.4,7,3,5,2,5,py PAR,"FW,MF",Tigre,Copa de la Liga,23,2000,7.3,117,114,3,0,0,0,9,0,0,0,0,0,88,0,3,py PAR,"FW,MF",Tigre,Copa de la Liga,23,2000,7.3,12,1.64,8,0,3,0,1,0,1,0.14,0,0,0,0,1,0,py PAR,"FW,MF",Tigre,Copa de la Liga,23,2000,7.3,8,5,1,5,2,1,4,25.0,3,4,1,3,5,13,2,0,py PAR,"FW,MF",Tigre,Copa de la Liga,23,2000,7.3,212,1,15,71,130,31,212,15,7,46.7,6,40.0,144,990,433,16,12,7,32,10,168,61,py PAR,"FW,MF",Tigre,Copa de la Liga,23,2000,12,659,55,52.3,7.3,9,65,0,3,25,2,0.42,5,14,-9,-1.23,+0.12,4.9,10.3,-5.3,-0.73,0.00,py PAR,"FW,MF",Tigre,Copa de la Liga,23,2000,7.3,0,0,0,6,16,6,9,5,5,1,0,0,18,9,16,36.0
Joaquín Arzura,ar ARG,MF,Ind. Rivadavia,Copa de la Liga,30,1993,1,0,28,0.3,0,0,0,0,0,0,0,0,0.1,0.1,0.0,0.1,0,2,1,0.00,0.00,0.00,0.00,0.00,0.28,0.00,0.28,0.28,0.28,ar ARG,MF,Ind. Rivadavia,Copa de la Liga,30,1993,0.3,0,1,0,0.0,3.21,0.00,0.00,0,10.7,0,0,0,0.1,0.1,0.09,-0.1,-0.1,ar ARG,MF,Ind. Rivadavia,Copa de la Liga,30,1993,0.3,13,16,81.3,267,63,7,9,77.8,3,3,100.0,3,3,100.0,0,0.0,0.0,0.0,0,2,1,0,2,ar ARG,MF,Ind. Rivadavia,Copa de la Liga,30,1993,0.3,16,15,1,1,0,1,0,0,0,0,0,0,13,0,1,ar ARG,MF,Ind. Rivadavia,Copa de la Liga,30,1993,0.3,2,6.43,2,0,0,0,0,0,0,0.00,0,0,0,0,0,0,ar ARG,MF,Ind. Rivadavia,Copa de la Liga,30,1993,0.3,3,2,2,1,0,1,1,100.0,0,0,0,0,0,3,1,0,ar ARG,MF,Ind. Rivadavia,Copa de la Liga,30,1993,0.3,26,1,6,15,5,1,26,1,0,0.0,1,100.0,9,39,16,0,0,0,2,0,16,1,ar ARG,MF,Ind. Rivadavia,Copa de la Liga,30,1993,1,28,28,2.2,0.3,0,0,0,1,28,2,0.00,1,0,+1,+3.21,+4.16,0.8,0.4,+0.4,+1.22,+1.92,ar ARG,MF,Ind. Rivadavia,Copa de la Liga,30,1993,0.3,0,0,0,1,0,0,0,0,2,0,0,0,0,0,0,0
Julián Ascacibar,ar ARG,MF,Ind. Rivadavia,Copa de la Liga,22,2001,3,0,85,0.9,0,0,0,0,0,0,1,0,0.1,0.1,0.0,0.1,0,3,0,0.00,0.00,0.00,0.00,0.00,0.07,0.00,0.07,0.07,0.07,ar ARG,MF,Ind. Rivadavia,Copa de la Liga,22,2001,0.9,0,4,2,50.0,4.24,2.12,0.00,0.00,27.7,0,0,0,0.1,0.1,0.02,-0.1,-0.1,ar ARG,MF,Ind. Rivadavia,Copa de la Liga,22,2001,0.9,27,33,81.8,461,171,12,13,92.3,12,13,92.3,2,3,66.7,0,0.0,0.0,0.0,0,3,0,0,3,ar ARG,MF,Ind. Rivadavia,Copa de la Liga,22,2001,0.9,33,31,0,0,0,0,0,0,0,0,0,0,27,2,1,ar ARG,MF,Ind. Rivadavia,Copa de la Liga,22,2001,0.9,2,2.12,2,0,0,0,0,0,0,0.00,0,0,0,0,0,0,ar ARG,MF,Ind. Rivadavia,Copa de la Liga,22,2001,0.9,3,1,2,1,0,2,4,50.0,2,1,0,1,3,6,2,0,ar ARG,MF,Ind. Rivadavia,Copa de la Liga,22,2001,0.9,48,4,9,31,8,1,48,0,0,0,0,0,19,69,17,0,1,0,2,1,22,0,ar ARG,MF,Ind. Rivadavia,Copa de la Liga,22,2001,3,85,28,6.7,0.9,0,0,0,3,28,0,0.33,0,1,-1,-1.06,-0.22,0.8,1.6,-0.8,-0.81,-0.17,ar ARG,MF,Ind. Rivadavia,Copa de la Liga,22,2001,0.9,1,0,0,2,0,0,0,3,1,0,0,0,5,0,1,0.0
Santiago Ascacíbar,ar ARG,MF,Estudiantes–LP,Copa de la Liga,26,1997,13,13,"1,102",12.2,1,0,1,1,0,0,3,0,1.5,1.5,0.8,2.3,9,78,21,0.08,0.00,0.08,0.08,0.08,0.13,0.06,0.19,0.13,0.19,ar ARG,MF,Estudiantes–LP,Copa de la Liga,26,1997,12.2,1,17,4,23.5,1.39,0.33,0.06,0.25,18.9,0,0,0,1.5,1.5,0.10,-0.5,-0.5,ar ARG,MF,Estudiantes–LP,Copa de la Liga,26,1997,12.2,568,662,85.8,9349,2936,274,298,91.9,231,261,88.5,43,57,75.4,0,0.8,1.1,-0.8,8,72,4,1,78,ar ARG,MF,Estudiantes–LP,Copa de la Liga,26,1997,12.2,662,639,23,11,2,5,11,12,0,0,0,0,568,0,11,ar ARG,MF,Estudiantes–LP,Copa de la Liga,26,1997,12.2,36,2.94,29,1,1,2,1,2,1,0.08,1,0,0,0,0,0,ar ARG,MF,Estudiantes–LP,Copa de la Liga,26,1997,12.2,43,24,19,18,6,24,41,58.5,17,15,3,12,18,61,12,0,ar ARG,MF,Estudiantes–LP,Copa de la Liga,26,1997,12.2,810,14,134,529,150,12,810,7,3,42.9,3,42.9,380,1635,878,9,10,0,21,8,519,21,ar ARG,MF,Estudiantes–LP,Copa de la Liga,26,1997,13,"1,102",85,87.5,12.2,13,85,10,0,0,1,2.00,15,6,+9,+0.74,+0.17,15.0,7.8,+7.2,+0.58,-0.07,ar ARG,MF,Estudiantes–LP,Copa de la Liga,26,1997,12.2,3,0,0,19,21,1,11,18,24,0,0,0,78,14,15,48.3
Mauricio Asenjo,ar ARG,"FW,MF",Ind. Rivadavia,Copa de la Liga,29,1994,7,1,199,2.2,1,0,1,1,0,0,0,0,1.1,1.1,0.0,1.1,5,3,10,0.45,0.00,0.45,0.45,0.45,0.51,0.01,0.52,0.51,0.52,ar ARG,"FW,MF",Ind. Rivadavia,Copa de la Liga,29,1994,2.2,1,6,2,33.3,2.71,0.90,0.17,0.50,16.3,0,0,0,1.1,1.1,0.19,-0.1,-0.1,ar ARG,"FW,MF",Ind. Rivadavia,Copa de la Liga,29,1994,2.2,39,57,68.4,503,129,23,30,76.7,13,16,81.3,1,4,25.0,0,0.0,0.3,0.0,1,2,2,1,3,ar ARG,"FW,MF",Ind. Rivadavia,Copa de la Liga,29,1994,2.2,57,51,5,0,1,0,3,1,0,0,0,0,39,1,1,ar ARG,"FW,MF",Ind. Rivadavia,Copa de la Liga,29,1994,2.2,4,1.82,4,0,0,0,0,0,1,0.45,1,0,0,0,0,0,ar ARG,"FW,MF",Ind. Rivadavia,Copa de la Liga,29,1994,2.2,2,1,0,2,0,0,1,0.0,1,5,0,5,1,3,4,0,ar ARG,"FW,MF",Ind. Rivadavia,Copa de la Liga,29,1994,2.2,98,5,8,49,42,9,98,3,2,66.7,0,0.0,46,234,81,5,3,0,14,2,65,10,ar ARG,"FW,MF",Ind. Rivadavia,Copa de la Liga,29,1994,7,199,28,15.8,2.2,1,57,0,6,24,0,0.86,2,5,-3,-1.36,-0.59,2.1,4.1,-2.0,-0.91,-0.31,ar ARG,"FW,MF",Ind. Rivadavia,Copa de la Liga,29,1994,2.2,0,0,0,3,4,0,3,1,1,0,0,0,12,10,21,32.3
Rodrigo Atencio,ar ARG,MF,Cen. Córdoba–SdE,Copa de la Liga,21,2002,14,12,862,9.6,0,2,2,0,0,0,2,0,1.2,1.2,0.6,1.9,12,36,22,0.00,0.21,0.21,0.00,0.21,0.13,0.06,0.20,0.13,0.20,ar ARG,MF,Cen. Córdoba–SdE,Copa de la Liga,21,2002,9.6,0,18,1,5.6,1.88,0.10,0.00,0.00,23.8,4,0,0,1.2,1.2,0.07,-1.2,-1.2,ar ARG,MF,Cen. Córdoba–SdE,Copa de la Liga,21,2002,9.6,273,359,76.0,4985,1492,123,135,91.1,93,113,82.3,43,83,51.8,2,0.6,1.1,+1.4,9,23,6,0,36,ar ARG,MF,Cen. Córdoba–SdE,Copa de la Liga,21,2002,9.6,359,307,51,27,1,6,36,4,19,3,13,0,273,1,8,ar ARG,MF,Cen. Córdoba–SdE,Copa de la Liga,21,2002,9.6,30,3.14,14,8,3,3,2,0,3,0.31,1,2,0,0,0,0,ar ARG,MF,Cen. Córdoba–SdE,Copa de la Liga,21,2002,9.6,20,13,10,9,1,6,23,26.1,17,10,1,9,4,24,4,1,ar ARG,MF,Cen. Córdoba–SdE,Copa de la Liga,21,2002,9.6,478,7,75,260,152,7,478,33,18,54.5,14,42.4,269,1364,609,12,13,3,27,15,291,22,ar ARG,MF,Cen. Córdoba–SdE,Copa de la Liga,21,2002,14,862,62,68.4,9.6,12,67,1,2,29,0,0.79,8,15,-7,-0.73,-0.05,8.2,13.3,-5.2,-0.54,+0.71,ar ARG,MF,Cen. Córdoba–SdE,Copa de la Liga,21,2002,9.6,2,0,0,14,8,0,36,4,13,0,0,0,46,3,10,23.1
Axel Atum,ar ARG,"FW,MF",Estudiantes–LP,Copa de la Liga,18,2006,2,1,67,0.7,0,0,0,0,0,0,0,0,0.0,0.0,0.0,0.0,2,1,4,0.00,0.00,0.00,0.00,0.00,0.00,0.00,0.00,0.00,0.00,ar ARG,"FW,MF",Estudiantes–LP,Copa de la Liga,18,2006,0.7,0,0,0,0,0.00,0.00,0,0,0,0,0,0,0.0,0.0,0,0.0,0.0,ar ARG,"FW,MF",Estudiantes–LP,Copa de la Liga,18,2006,0.7,21,28,75.0,294,81,11,14,78.6,8,9,88.9,1,1,100.0,0,0.0,0.0,0.0,0,2,0,0,1,ar ARG,"FW,MF",Estudiantes–LP,Copa de la Liga,18,2006,0.7,28,27,1,1,0,0,0,0,0,0,0,0,21,0,1,ar ARG,"FW,MF",Estudiantes–LP,Copa de la Liga,18,2006,0.7,1,1.34,1,0,0,0,0,0,0,0.00,0,0,0,0,0,0,ar ARG,"FW,MF",Estudiantes–LP,Copa de la Liga,18,2006,0.7,0,0,0,0,0,0,0,0,0,0,0,0,0,0,0,0,ar ARG,"FW,MF",Estudiantes–LP,Copa de la Liga,18,2006,0.7,32,1,4,19,9,0,32,3,2,66.7,1,33.3,16,108,45,2,1,0,1,2,24,4,ar ARG,"FW,MF",Estudiantes–LP,Copa de la Liga,18,2006,2,67,34,5.3,0.7,1,58,0,1,9,3,0.50,0,1,-1,-1.34,-2.17,0.5,0.6,-0.2,-0.24,-0.88,ar ARG,"FW,MF",Estudiantes–LP,Copa de la Liga,18,2006,0.7,0,0,0,0,1,1,0,0,0,0,0,0,2,1,2,33.3
Gabriel Ávalos,py PAR,FW,Independiente,Copa de la Liga,33,1990,14,13,"1,133",12.6,1,1,2,1,0,1,1,0,4.1,3.3,2.5,5.8,16,19,81,0.08,0.08,0.16,0.08,0.16,0.33,0.20,0.52,0.27,0.46,py PAR,FW,Independiente,Copa de la Liga,33,1990,12.6,1,34,8,23.5,2.70,0.64,0.03,0.13,16.3,0,0,1,4.1,3.3,0.11,-3.1,-2.3,py PAR,FW,Independiente,Copa de la Liga,33,1990,12.6,160,273,58.6,2005,419,106,157,67.5,38,66,57.6,6,13,46.2,1,2.5,1.4,-1.5,17,11,6,0,19,py PAR,FW,Independiente,Copa de la Liga,33,1990,12.6,273,262,10,0,4,1,4,0,0,0,0,0,160,1,14,py PAR,FW,Independiente,Copa de la Liga,33,1990,12.6,31,2.46,21,0,1,6,3,0,1,0.08,1,0,0,0,0,0,py PAR,FW,Independiente,Copa de la Liga,33,1990,12.6,5,2,0,1,4,3,10,30.0,7,6,0,6,4,9,12,0,py PAR,FW,Independiente,Copa de la Liga,33,1990,12.6,419,11,21,179,222,77,418,17,8,47.1,8,47.1,242,1047,439,16,12,8,53,26,329,81,py PAR,FW,Independiente,Copa de la Liga,33,1990,14,"1,133",81,89.9,12.6,13,85,9,1,32,0,1.64,12,8,+4,+0.32,+0.32,16.1,9.4,+6.7,+0.53,+0.75,py PAR,FW,Independiente,Copa de la Liga,33,1990,12.6,1,0,0,17,13,4,4,4,2,1,0,0,37,55,32,63.2
Enzo Avaro,ar ARG,DF,Deportivo Riestra,Copa de la Liga,24,1999,1,0,8,0.1,0,0,0,0,0,0,0,0,0.0,0.0,0.0,0.0,0,1,0,0.00,0.00,0.00,0.00,0.00,0.00,0.31,0.31,0.00,0.31,ar ARG,DF,Deportivo Riestra,Copa de la Liga,24,1999,0.1,0,0,0,0,0.00,0.00,0,0,0,0,0,0,0.0,0.0,0,0.0,0.0,ar ARG,DF,Deportivo Riestra,Copa de la Liga,24,1999,0.1,4,6,66.7,97,61,1,1,100.0,2,3,66.7,1,1,100.0,0,0.0,0.0,0.0,1,2,1,0,1,ar ARG,DF,Deportivo Riestra,Copa de la Liga,24,1999,0.1,6,6,0,0,0,0,0,0,0,0,0,0,4,0,1,ar ARG,DF,Deportivo Riestra,Copa de la Liga,24,1999,0.1,1,11.25,1,0,0,0,0,0,0,0.00,0,0,0,0,0,0,ar ARG,DF,Deportivo Riestra,Copa de la Liga,24,1999,0.1,1,1,0,1,0,0,1,0.0,1,0,0,0,0,1,0,0,ar ARG,DF,Deportivo Riestra,Copa de la Liga,24,1999,0.1,8,0,3,4,2,0,8,0,0,0,0,0,5,17,6,0,0,0,1,0,5,0,ar ARG,DF,Deportivo Riestra,Copa de la Liga,24,1999,1,8,8,0.6,0.1,0,0,0,1,8,4,0.00,0,0,0,0.00,+0.58,0.1,0.0,+0.1,+0.86,+1.65,ar ARG,DF,Deportivo Riestra,Copa de la Liga,24,1999,0.1,0,0,0,0,1,0,0,0,1,0,0,0,2,0,3,0.0
Diego Azcurra,ar ARG,"MF,FW",Sarmiento,Copa de la Liga,25,1998,2,0,40,0.4,0,0,0,0,0,0,0,0,0.3,0.3,0.0,0.3,1,2,6,0.00,0.00,0.00,0.00,0.00,0.78,0.00,0.78,0.78,0.78,ar ARG,"MF,FW",Sarmiento,Copa de la Liga,25,1998,0.4,0,3,2,66.7,6.75,4.50,0.00,0.00,15.7,0,0,0,0.3,0.3,0.12,-0.3,-0.3,ar ARG,"MF,FW",Sarmiento,Copa de la Liga,25,1998,0.4,4,8,50.0,64,52,2,4,50.0,2,2,100.0,0,0,0,0,0.0,0.0,0.0,0,2,0,0,2,ar ARG,"MF,FW",Sarmiento,Copa de la Liga,25,1998,0.4,8,8,0,0,0,0,1,0,0,0,0,0,4,0,1,ar ARG,"MF,FW",Sarmiento,Copa de la Liga,25,1998,0.4,0,0.00,0,0,0,0,0,0,0,0.00,0,0,0,0,0,0,ar ARG,"MF,FW",Sarmiento,Copa de la Liga,25,1998,0.4,1,0,1,0,0,1,2,50.0,1,0,0,0,0,1,0,0,ar ARG,"MF,FW",Sarmiento,Copa de la Liga,25,1998,0.4,16,0,1,9,6,4,16,2,0,0.0,2,100.0,11,44,18,1,1,0,1,1,15,6,ar ARG,"MF,FW",Sarmiento,Copa de la Liga,25,1998,2,40,20,3.2,0.4,0,0,0,2,20,3,0.00,0,0,0,0.00,+0.74,0.4,0.5,-0.2,-0.34,+0.15,ar ARG,"MF,FW",Sarmiento,Copa de la Liga,25,1998,0.4,0,0,0,1,0,1,1,0,0,0,0,0,2,0,0,0
Tomás Badaloni,ar ARG,FW,Godoy Cruz,Copa de la Liga,23,2000,12,8,684,7.6,4,1,5,4,0,0,1,0,1.9,1.9,0.4,2.3,3,7,33,0.53,0.13,0.66,0.53,0.66,0.25,0.06,0.30,0.25,0.30,ar ARG,FW,Godoy Cruz,Copa de la Liga,23,2000,7.6,4,21,11,52.4,2.76,1.45,0.19,0.36,14.6,0,0,0,1.9,1.9,0.09,+2.1,+2.1,ar ARG,FW,Godoy Cruz,Copa de la Liga,23,2000,7.6,84,122,68.9,1084,212,52,67,77.6,18,26,69.2,5,6,83.3,1,0.4,0.1,+0.6,7,8,0,0,7,ar ARG,FW,Godoy Cruz,Copa de la Liga,23,2000,7.6,122,111,11,0,0,0,2,1,0,0,0,0,84,0,9,ar ARG,FW,Godoy Cruz,Copa de la Liga,23,2000,7.6,11,1.45,8,0,0,3,0,0,1,0.13,1,0,0,0,0,0,ar ARG,FW,Godoy Cruz,Copa de la Liga,23,2000,7.6,0,0,0,0,0,0,3,0.0,3,7,0,7,1,1,5,0,ar ARG,FW,Godoy Cruz,Copa de la Liga,23,2000,7.6,185,6,14,85,87,28,185,4,2,50.0,2,50.0,84,353,103,3,5,2,13,15,124,33,ar ARG,FW,Godoy Cruz,Copa de la Liga,23,2000,12,684,57,54.3,7.6,8,70,1,4,31,0,2.00,10,4,+6,+0.79,+0.16,7.8,6.1,+1.6,+0.21,-0.23,ar ARG,FW,Godoy Cruz,Copa de la Liga,23,2000,7.6,1,0,0,8,4,5,2,1,0,0,0,0,17,25,31,44.6
Elías Báez,ar ARG,DF,San Lorenzo,Copa de la Liga,19,2004,1,0,12,0.1,0,0,0,0,0,0,0,0,0.0,0.0,0.0,0.0,0,1,1,0.00,0.00,0.00,0.00,0.00,0.00,0.00,0.00,0.00,0.00,ar ARG,DF,San Lorenzo,Copa de la Liga,19,2004,0.1,0,0,0,0,0.00,0.00,0,0,0,0,0,0,0.0,0.0,0,0.0,0.0,ar ARG,DF,San Lorenzo,Copa de la Liga,19,2004,0.1,11,11,100.0,124,24,9,9,100.0,2,2,100.0,0,0,0,0,0.0,0.0,0.0,0,1,0,0,1,ar ARG,DF,San Lorenzo,Copa de la Liga,19,2004,0.1,11,10,1,0,0,0,0,1,0,0,0,0,11,0,0,ar ARG,DF,San Lorenzo,Copa de la Liga,19,2004,0.1,0,0.00,0,0,0,0,0,0,0,0.00,0,0,0,0,0,0,ar ARG,DF,San Lorenzo,Copa de la Liga,19,2004,0.1,0,0,0,0,0,0,0,0,0,1,0,1,0,0,1,0,ar ARG,DF,San Lorenzo,Copa de la Liga,19,2004,0.1,15,1,2,11,2,0,15,1,0,0.0,1,100.0,7,27,0,0,0,0,0,0,9,1,ar ARG,DF,San Lorenzo,Copa de la Liga,19,2004,1,12,12,1.0,0.1,0,0,0,1,12,3,0.00,0,0,0,0.00,+0.29,0.1,0.0,+0.1,+0.56,+0.52,ar ARG,DF,San Lorenzo,Copa de la Liga,19,2004,0.1,0,0,0,0,0,0,0,0,0,0,0,0,0,1,0,100.0
Mateo Bajamich,ar ARG,"FW,MF",Atlé Tucumán,Copa de la Liga,24,1999,13,5,541,6.0,3,0,3,3,0,0,1,0,2.3,2.3,0.4,2.7,12,22,40,0.50,0.00,0.50,0.50,0.50,0.38,0.07,0.45,0.38,0.45,ar ARG,"FW,MF",Atlé Tucumán,Copa de la Liga,24,1999,6.0,3,15,7,46.7,2.50,1.16,0.20,0.43,16.2,0,0,0,2.3,2.3,0.15,+0.7,+0.7,ar ARG,"FW,MF",Atlé Tucumán,Copa de la Liga,24,1999,6.0,101,150,67.3,1497,549,56,72,77.8,31,44,70.5,8,15,53.3,0,0.4,0.5,-0.4,6,19,10,2,22,ar ARG,"FW,MF",Atlé Tucumán,Copa de la Liga,24,1999,6.0,150,144,5,0,0,1,13,4,0,0,0,0,101,1,7,ar ARG,"FW,MF",Atlé Tucumán,Copa de la Liga,24,1999,6.0,15,2.49,11,1,0,1,2,0,2,0.33,2,0,0,0,0,0,ar ARG,"FW,MF",Atlé Tucumán,Copa de la Liga,24,1999,6.0,5,3,1,4,0,0,6,0.0,6,1,0,1,2,7,0,0,ar ARG,"FW,MF",Atlé Tucumán,Copa de la Liga,24,1999,6.0,228,2,9,98,127,23,228,31,11,35.5,16,51.6,147,711,378,12,9,2,13,11,166,40,ar ARG,"FW,MF",Atlé Tucumán,Copa de la Liga,24,1999,13,541,42,42.9,6.0,5,65,0,8,27,1,0.69,7,10,-3,-0.50,+1.00,7.2,7.0,+0.2,+0.03,+0.29,ar ARG,"FW,MF",Atlé Tucumán,Copa de la Liga,24,1999,6.0,1,0,0,8,9,1,13,2,3,0,0,0,25,13,20,39.4
Adrián Balboa,uy URU,FW,Unión,Copa de la Liga,30,1994,13,9,878,9.8,3,1,4,3,0,0,1,0,2.0,2.0,1.2,3.1,11,14,63,0.31,0.10,0.41,0.31,0.41,0.20,0.12,0.32,0.20,0.32,uy URU,FW,Unión,Copa de la Liga,30,1994,9.8,3,27,12,44.4,2.77,1.23,0.11,0.25,16.1,0,0,0,2.0,2.0,0.07,+1.0,+1.0,uy URU,FW,Unión,Copa de la Liga,30,1994,9.8,117,196,59.7,1656,347,73,103,70.9,36,58,62.1,4,8,50.0,1,1.2,0.3,-0.2,8,14,2,1,14,uy URU,FW,Unión,Copa de la Liga,30,1994,9.8,196,183,12,1,0,1,8,5,0,0,0,0,117,1,11,uy URU,FW,Unión,Copa de la Liga,30,1994,9.8,16,1.64,9,0,3,0,4,0,2,0.21,0,0,0,0,2,0,uy URU,FW,Unión,Copa de la Liga,30,1994,9.8,17,7,0,13,4,4,8,50.0,4,15,2,13,5,22,10,0,uy URU,FW,Unión,Copa de la Liga,30,1994,9.8,348,12,30,146,176,41,348,22,6,27.3,12,54.5,180,938,300,11,10,5,30,21,234,63,uy URU,FW,Unión,Copa de la Liga,30,1994,13,878,68,69.7,9.8,9,83,4,4,33,0,1.31,11,8,+3,+0.31,+0.54,9.1,10.8,-1.7,-0.17,-0.39,uy URU,FW,Unión,Copa de la Liga,30,1994,9.8,1,0,0,14,14,7,8,5,7,1,0,0,35,39,48,44.8
Agustín Baldi,ar ARG,DF,Belgrano,Copa de la Liga,21,2002,1,1,90,1.0,0,0,0,0,0,0,0,0,0.0,0.0,0.0,0.0,4,6,2,0.00,0.00,0.00,0.00,0.00,0.00,0.00,0.00,0.00,0.00,ar ARG,DF,Belgrano,Copa de la Liga,21,2002,1.0,0,0,0,0,0.00,0.00,0,0,0,0,0,0,0.0,0.0,0,0.0,0.0,ar ARG,DF,Belgrano,Copa de la Liga,21,2002,1.0,56,63,88.9,855,272,31,34,91.2,22,23,95.7,2,3,66.7,0,0.0,0.0,0.0,0,6,0,0,6,ar ARG,DF,Belgrano,Copa de la Liga,21,2002,1.0,63,53,10,0,0,0,1,10,0,0,0,0,56,0,1,ar ARG,DF,Belgrano,Copa de la Liga,21,2002,1.0,1,1.00,1,0,0,0,0,0,0,0.00,0,0,0,0,0,0,ar ARG,DF,Belgrano,Copa de la Liga,21,2002,1.0,3,3,2,1,0,2,3,66.7,1,0,0,0,0,3,3,0,ar ARG,DF,Belgrano,Copa de la Liga,21,2002,1.0,72,3,18,45,9,0,72,1,1,100.0,0,0.0,46,294,124,4,1,0,1,0,42,2,ar ARG,DF,Belgrano,Copa de la Liga,21,2002,1,90,90,7.1,1.0,1,90,1,0,0,0,0.00,0,4,-4,-4.00,-4.15,0.7,1.6,-0.9,-0.92,-0.91,ar ARG,DF,Belgrano,Copa de la Liga,21,2002,1.0,0,0,0,1,0,0,1,0,3,0,0,0,4,2,2,50.0
Guillermo Balzi,ar ARG,"MF,FW",Newell's OB,Copa de la Liga,22,2001,4,1,134,1.5,0,0,0,0,0,0,0,0,0.2,0.2,0.2,0.5,6,8,7,0.00,0.00,0.00,0.00,0.00,0.16,0.16,0.31,0.16,0.31,ar ARG,"MF,FW",Newell's OB,Copa de la Liga,22,2001,1.5,0,5,2,40.0,3.36,1.34,0.00,0.00,21.0,0,0,0,0.2,0.2,0.05,-0.2,-0.2,ar ARG,"MF,FW",Newell's OB,Copa de la Liga,22,2001,1.5,43,57,75.4,830,247,21,24,87.5,15,18,83.3,7,14,50.0,0,0.2,0.6,-0.2,4,1,1,0,8,ar ARG,"MF,FW",Newell's OB,Copa de la Liga,22,2001,1.5,57,46,11,5,0,0,9,1,5,4,1,0,43,0,1,ar ARG,"MF,FW",Newell's OB,Copa de la Liga,22,2001,1.5,7,4.70,4,2,0,0,1,0,0,0.00,0,0,0,0,0,0,ar ARG,"MF,FW",Newell's OB,Copa de la Liga,22,2001,1.5,5,3,2,1,2,2,3,66.7,1,2,0,2,1,6,2,0,ar ARG,"MF,FW",Newell's OB,Copa de la Liga,22,2001,1.5,81,4,10,29,43,5,81,3,1,33.3,1,33.3,46,303,117,6,4,1,4,0,49,7,ar ARG,"MF,FW",Newell's OB,Copa de la Liga,22,2001,4,134,34,10.6,1.5,1,26,0,3,36,2,0.50,0,4,-4,-2.69,-2.85,1.4,1.5,-0.1,-0.05,-0.03,ar ARG,"MF,FW",Newell's OB,Copa de la Liga,22,2001,1.5,0,0,0,1,5,0,9,1,3,0,0,0,8,0,2,0.0
Éver Banega,ar ARG,MF,Newell's OB,Copa de la Liga,35,1988,11,11,755,8.4,0,2,2,0,0,0,1,2,0.9,0.9,1.8,2.7,23,103,34,0.00,0.24,0.24,0.00,0.24,0.11,0.21,0.33,0.11,0.33,ar ARG,MF,Newell's OB,Copa de la Liga,35,1988,8.4,0,7,1,14.3,0.83,0.12,0.00,0.00,18.6,1,0,0,0.9,0.9,0.13,-0.9,-0.9,ar ARG,MF,Newell's OB,Copa de la Liga,35,1988,8.4,439,573,76.6,9453,3134,159,187,85.0,174,209,83.3,98,148,66.2,2,1.8,2.0,+0.2,24,72,18,3,103,ar ARG,MF,Newell's OB,Copa de la Liga,35,1988,8.4,573,493,78,48,6,24,52,7,23,11,10,0,439,2,10,ar ARG,MF,Newell's OB,Copa de la Liga,35,1988,8.4,44,5.25,33,9,0,1,1,0,4,0.48,4,0,0,0,0,0,ar ARG,MF,Newell's OB,Copa de la Liga,35,1988,8.4,16,14,6,10,0,6,24,25.0,18,6,1,5,3,19,1,0,ar ARG,MF,Newell's OB,Copa de la Liga,35,1988,8.4,646,3,64,381,218,11,646,38,23,60.5,12,31.6,421,2276,1264,23,21,2,22,17,471,34,ar ARG,MF,Newell's OB,Copa de la Liga,35,1988,11,755,69,59.9,8.4,11,69,1,0,0,0,1.55,9,10,-1,-0.12,+0.06,7.7,8.6,-0.9,-0.11,-0.21,ar ARG,MF,Newell's OB,Copa de la Liga,35,1988,8.4,1,2,0,8,17,1,52,3,14,0,0,0,62,5,7,41.7
Tiago Banega,ar ARG,MF,Unión,Copa de la Liga,24,1999,3,1,69,0.8,0,0,0,0,0,0,0,0,0.0,0.0,0.0,0.0,1,2,5,0.00,0.00,0.00,0.00,0.00,0.00,0.00,0.00,0.00,0.00,ar ARG,MF,Unión,Copa de la Liga,24,1999,0.8,0,0,0,0,0.00,0.00,0,0,0,0,0,0,0.0,0.0,0,0.0,0.0,ar ARG,MF,Unión,Copa de la Liga,24,1999,0.8,21,36,58.3,424,185,6,11,54.5,12,16,75.0,3,7,42.9,0,0.0,0.0,0.0,0,3,1,0,2,ar ARG,MF,Unión,Copa de la Liga,24,1999,0.8,36,26,9,1,0,0,3,8,0,0,0,0,21,1,2,ar ARG,MF,Unión,Copa de la Liga,24,1999,0.8,1,1.30,1,0,0,0,0,0,0,0.00,0,0,0,0,0,0,ar ARG,MF,Unión,Copa de la Liga,24,1999,0.8,1,0,0,1,0,1,2,50.0,1,3,0,3,1,2,1,0,ar ARG,MF,Unión,Copa de la Liga,24,1999,0.8,49,1,13,19,17,0,49,4,1,25.0,3,75.0,17,67,29,1,1,0,1,0,23,5,ar ARG,MF,Unión,Copa de la Liga,24,1999,3,69,23,5.5,0.8,1,54,0,2,8,10,2.33,0,2,-2,-2.61,-2.91,0.5,0.6,-0.1,-0.12,-0.07,ar ARG,MF,Unión,Copa de la Liga,24,1999,0.8,0,0,0,3,0,0,3,1,0,0,0,0,2,2,2,50.0
Ezequiel Barco,ar ARG,"MF,FW",River Plate,Copa de la Liga,24,1999,14,10,963,10.7,0,6,6,0,0,1,0,0,1.9,1.1,3.0,4.1,62,91,64,0.00,0.56,0.56,0.00,0.56,0.18,0.28,0.46,0.10,0.38,ar ARG,"MF,FW",River Plate,Copa de la Liga,24,1999,10.7,0,20,6,30.0,1.87,0.56,0.00,0.00,23.4,4,0,1,1.9,1.1,0.05,-1.9,-1.1,ar ARG,"MF,FW",River Plate,Copa de la Liga,24,1999,10.7,501,587,85.3,8000,2394,276,311,88.7,165,186,88.7,46,61,75.4,6,3.0,2.5,+3.0,32,66,25,4,91,ar ARG,"MF,FW",River Plate,Copa de la Liga,24,1999,10.7,587,539,46,18,0,2,25,12,15,7,3,0,501,2,7,ar ARG,"MF,FW",River Plate,Copa de la Liga,24,1999,10.7,57,5.33,43,7,3,2,2,0,10,0.94,8,2,0,0,0,0,ar ARG,"MF,FW",River Plate,Copa de la Liga,24,1999,10.7,8,3,2,6,0,3,21,14.3,18,7,0,7,5,13,0,0,ar ARG,"MF,FW",River Plate,Copa de la Liga,24,1999,10.7,672,1,43,360,282,28,671,29,19,65.5,7,24.1,449,3150,1947,62,50,12,22,9,530,64,ar ARG,"MF,FW",River Plate,Copa de la Liga,24,1999,14,963,69,76.4,10.7,10,85,8,4,29,0,1.80,21,7,+14,+1.31,+0.70,18.8,9.3,+9.5,+0.89,-0.35,ar ARG,"MF,FW",River Plate,Copa de la Liga,24,1999,10.7,0,0,0,4,28,0,25,5,3,0,0,0,59,0,1,0.0
Adam Bareiro,py PAR,FW,San Lorenzo,Copa de la Liga,27,1996,12,12,"1,035",11.5,6,1,7,5,1,1,5,0,4.9,4.1,1.0,5.2,13,24,58,0.52,0.09,0.61,0.43,0.52,0.43,0.09,0.52,0.36,0.45,py PAR,FW,San Lorenzo,Copa de la Liga,27,1996,11.5,6,24,12,50.0,2.09,1.04,0.21,0.42,13.0,0,1,1,4.9,4.1,0.17,+1.1,+0.9,py PAR,FW,San Lorenzo,Copa de la Liga,27,1996,11.5,193,286,67.5,3075,624,106,149,71.1,60,81,74.1,18,21,85.7,1,1.0,0.4,0.0,15,23,5,0,24,py PAR,FW,San Lorenzo,Copa de la Liga,27,1996,11.5,286,263,23,2,1,4,4,4,0,0,0,0,193,0,11,py PAR,FW,San Lorenzo,Copa de la Liga,27,1996,11.5,28,2.43,22,0,1,2,3,0,3,0.26,2,0,0,0,1,0,py PAR,FW,San Lorenzo,Copa de la Liga,27,1996,11.5,11,6,1,6,4,6,12,50.0,6,2,1,1,2,13,9,0,py PAR,FW,San Lorenzo,Copa de la Liga,27,1996,11.5,401,12,20,203,180,45,400,16,4,25.0,9,56.3,174,740,293,13,4,11,29,20,307,58,py PAR,FW,San Lorenzo,Copa de la Liga,27,1996,12,"1,035",86,82.1,11.5,12,86,9,0,0,0,1.08,9,9,0,0.00,+1.60,10.6,8.5,+2.1,+0.18,+0.79,py PAR,FW,San Lorenzo,Copa de la Liga,27,1996,11.5,5,0,0,25,21,5,4,2,6,1,0,0,15,58,48,54.7
Juan Barinaga,ar ARG,DF,Belgrano,Copa de la Liga,23,2000,13,12,986,11.0,1,2,3,1,0,0,2,0,0.7,0.7,1.5,2.2,30,25,54,0.09,0.18,0.27,0.09,0.27,0.06,0.14,0.20,0.06,0.20,ar ARG,DF,Belgrano,Copa de la Liga,23,2000,11.0,1,11,5,45.5,1.00,0.46,0.09,0.20,21.3,0,0,0,0.7,0.7,0.06,+0.3,+0.3,ar ARG,DF,Belgrano,Copa de la Liga,23,2000,11.0,285,430,66.3,4941,1951,140,163,85.9,117,153,76.5,25,71,35.2,2,1.5,1.2,+0.5,9,19,9,6,25,ar ARG,DF,Belgrano,Copa de la Liga,23,2000,11.0,430,306,122,3,0,5,44,119,0,0,0,0,285,2,24,ar ARG,DF,Belgrano,Copa de la Liga,23,2000,11.0,22,2.01,12,3,3,2,1,1,2,0.18,2,0,0,0,0,0,ar ARG,DF,Belgrano,Copa de la Liga,23,2000,11.0,27,14,13,11,3,14,25,56.0,11,21,6,15,13,40,33,1,ar ARG,DF,Belgrano,Copa de la Liga,23,2000,11.0,606,41,164,252,199,19,606,47,22,46.8,22,46.8,236,1767,949,30,25,4,15,8,268,54,ar ARG,DF,Belgrano,Copa de la Liga,23,2000,13,986,76,78.3,11.0,12,81,6,1,12,0,1.08,16,16,0,0.00,+0.66,14.2,12.9,+1.4,+0.13,+0.93,ar ARG,DF,Belgrano,Copa de la Liga,23,2000,11.0,2,0,0,11,11,0,44,13,14,0,0,0,49,11,20,35.5
Marcelo Barovero,ar ARG,GK,Banfield,Copa de la Liga,39,1984,14,14,"1,260",14.0,0,0,0,0,0,0,0,0,0.0,0.0,0.0,0.0,0,0,0,0.00,0.00,0.00,0.00,0.00,0.00,0.00,0.00,0.00,0.00,ar ARG,GK,Banfield,Copa de la Liga,39,1984,14.0,0,0,0,0,0.00,0.00,0,0,0,0,0,0,0.0,0.0,0,0.0,0.0,ar ARG,GK,Banfield,Copa de la Liga,39,1984,14.0,275,371,74.1,7059,5103,59,59,100.0,132,135,97.8,81,172,47.1,0,0.0,0.0,0.0,0,4,0,0,0,ar ARG,GK,Banfield,Copa de la Liga,39,1984,14.0,371,240,129,28,0,1,0,1,0,0,0,0,275,2,0,ar ARG,GK,Banfield,Copa de la Liga,39,1984,14.0,5,0.36,5,0,0,0,0,0,0,0.00,0,0,0,0,0,0,ar ARG,GK,Banfield,Copa de la Liga,39,1984,14.0,0,0,0,0,0,0,0,0,0,0,0,0,0,0,4,0,ar ARG,GK,Banfield,Copa de la Liga,39,1984,14.0,394,360,394,0,0,0,394,0,0,0,0,0,231,1342,938,0,0,0,0,0,141,0,ar ARG,GK,Banfield,Copa de la Liga,39,1984,14,"1,260",90,100.0,14.0,14,90,14,0,0,0,1.21,14,15,-1,-0.07,0,13.8,15.9,-2.1,-0.15,0,ar ARG,GK,Banfield,Copa de la Liga,39,1984,14.0,0,0,0,0,2,0,0,0,0,0,0,0,9,1,0,100.0
Daniel Barrea,ar ARG,"FW,MF",Godoy Cruz,Copa de la Liga,22,2001,5,0,138,1.5,0,0,0,0,0,0,1,0,0.6,0.6,0.3,0.9,8,1,11,0.00,0.00,0.00,0.00,0.00,0.42,0.17,0.59,0.42,0.59,ar ARG,"FW,MF",Godoy Cruz,Copa de la Liga,22,2001,1.5,0,8,3,37.5,5.22,1.96,0.00,0.00,18.4,0,0,0,0.6,0.6,0.08,-0.6,-0.6,ar ARG,"FW,MF",Godoy Cruz,Copa de la Liga,22,2001,1.5,17,31,54.8,220,41,9,13,69.2,6,11,54.5,0,2,0.0,0,0.3,0.1,-0.3,2,1,0,0,1,ar ARG,"FW,MF",Godoy Cruz,Copa de la Liga,22,2001,1.5,31,31,0,0,0,0,4,0,0,0,0,0,17,0,2,ar ARG,"FW,MF",Godoy Cruz,Copa de la Liga,22,2001,1.5,9,5.87,6,0,3,0,0,0,0,0.00,0,0,0,0,0,0,ar ARG,"FW,MF",Godoy Cruz,Copa de la Liga,22,2001,1.5,1,0,0,1,0,0,2,0.0,2,2,0,2,0,1,1,0,ar ARG,"FW,MF",Godoy Cruz,Copa de la Liga,22,2001,1.5,61,0,4,23,35,9,61,5,3,60.0,2,40.0,33,278,157,8,4,3,7,3,41,11,ar ARG,"FW,MF",Godoy Cruz,Copa de la Liga,22,2001,5,138,28,11.0,1.5,0,0,0,5,28,3,1.80,1,0,+1,+0.65,-0.07,2.7,2.0,+0.7,+0.47,+0.17,ar ARG,"FW,MF",Godoy Cruz,Copa de la Liga,22,2001,1.5,1,0,0,2,0,0,4,0,0,0,0,0,7,3,3,50.0
Nicolás Barrientos,ar ARG,"MF,FW",Instituto,Copa de la Liga,28,1995,6,1,147,1.6,1,0,1,1,0,0,0,0,0.5,0.5,0.2,0.7,2,9,10,0.61,0.00,0.61,0.61,0.61,0.28,0.13,0.41,0.28,0.41,ar ARG,"MF,FW",Instituto,Copa de la Liga,28,1995,1.6,1,4,2,50.0,2.45,1.22,0.25,0.50,22.6,0,0,0,0.5,0.5,0.12,+0.5,+0.5,ar ARG,"MF,FW",Instituto,Copa de la Liga,28,1995,1.6,46,66,69.7,986,281,19,25,76.0,16,23,69.6,11,17,64.7,0,0.2,0.5,-0.2,4,8,1,0,9,ar ARG,"MF,FW",Instituto,Copa de la Liga,28,1995,1.6,66,57,9,5,0,0,9,2,2,1,1,0,46,0,0,ar ARG,"MF,FW",Instituto,Copa de la Liga,28,1995,1.6,8,4.90,7,1,0,0,0,0,0,0.00,0,0,0,0,0,0,ar ARG,"MF,FW",Instituto,Copa de la Liga,28,1995,1.6,5,2,2,1,2,2,5,40.0,3,2,0,2,0,5,0,0,ar ARG,"MF,FW",Instituto,Copa de la Liga,28,1995,1.6,95,0,6,41,49,4,95,4,2,50.0,2,50.0,56,307,103,2,1,1,10,1,56,10,ar ARG,"MF,FW",Instituto,Copa de la Liga,28,1995,6,147,25,11.7,1.6,1,61,0,5,17,8,1.17,2,3,-1,-0.61,-0.77,1.3,1.5,-0.2,-0.11,-0.75,ar ARG,"MF,FW",Instituto,Copa de la Liga,28,1995,1.6,0,0,0,2,1,0,9,0,2,0,0,0,9,0,2,0.0
Alan Barrionuevo,ar ARG,DF,Deportivo Riestra,Copa de la Liga,27,1997,13,11,"1,023",11.4,1,1,2,1,0,0,0,0,0.7,0.7,0.3,1.0,4,36,1,0.09,0.09,0.18,0.09,0.18,0.06,0.02,0.09,0.06,0.09,ar ARG,DF,Deportivo Riestra,Copa de la Liga,27,1997,11.4,1,7,1,14.3,0.62,0.09,0.14,1.00,9.4,0,0,0,0.7,0.7,0.10,+0.3,+0.3,ar ARG,DF,Deportivo Riestra,Copa de la Liga,27,1997,11.4,165,268,61.6,3254,2008,61,78,78.2,82,112,73.2,21,68,30.9,1,0.3,0.4,+0.7,3,25,3,1,36,ar ARG,DF,Deportivo Riestra,Copa de la Liga,27,1997,11.4,268,242,25,14,2,2,3,6,0,0,0,0,165,1,2,ar ARG,DF,Deportivo Riestra,Copa de la Liga,27,1997,11.4,10,0.88,8,0,1,0,1,0,1,0.09,1,0,0,0,0,0,ar ARG,DF,Deportivo Riestra,Copa de la Liga,27,1997,11.4,18,7,14,4,0,7,11,63.6,4,15,7,8,9,27,92,0,ar ARG,DF,Deportivo Riestra,Copa de la Liga,27,1997,11.4,434,112,251,159,27,15,434,8,6,75.0,2,25.0,121,809,571,4,2,0,3,3,112,1,ar ARG,DF,Deportivo Riestra,Copa de la Liga,27,1997,13,"1,023",79,81.2,11.4,11,90,11,2,17,1,1.00,8,12,-4,-0.35,+1.17,7.8,16.0,-8.2,-0.72,+0.30,ar ARG,DF,Deportivo Riestra,Copa de la Liga,27,1997,11.4,0,0,0,8,3,0,3,9,7,0,1,0,38,38,19,66.7
Nahuel Barrios,ar ARG,"MF,FW",San Lorenzo,Copa de la Liga,25,1998,13,10,868,9.6,0,1,1,0,0,0,1,0,0.3,0.3,0.8,1.1,42,54,53,0.00,0.10,0.10,0.00,0.10,0.03,0.09,0.12,0.03,0.12,ar ARG,"MF,FW",San Lorenzo,Copa de la Liga,25,1998,9.6,0,8,1,12.5,0.83,0.10,0.00,0.00,24.3,2,0,0,0.3,0.3,0.03,-0.3,-0.3,ar ARG,"MF,FW",San Lorenzo,Copa de la Liga,25,1998,9.6,342,451,75.8,5386,1684,172,199,86.4,128,154,83.1,25,46,54.3,1,0.8,1.1,+0.2,14,34,11,1,54,ar ARG,"MF,FW",San Lorenzo,Copa de la Liga,25,1998,9.6,451,419,31,16,2,5,26,8,6,2,2,0,342,1,24,ar ARG,"MF,FW",San Lorenzo,Copa de la Liga,25,1998,9.6,36,3.73,22,2,10,0,2,0,2,0.21,2,0,0,0,0,0,ar ARG,"MF,FW",San Lorenzo,Copa de la Liga,25,1998,9.6,13,10,5,3,5,6,16,37.5,10,7,0,7,5,18,1,0,ar ARG,"MF,FW",San Lorenzo,Copa de la Liga,25,1998,9.6,560,2,50,306,216,10,560,68,37,54.4,25,36.8,341,2489,1295,42,39,5,24,33,416,53,ar ARG,"MF,FW",San Lorenzo,Copa de la Liga,25,1998,13,868,67,68.9,9.6,10,78,2,3,30,0,1.23,7,4,+3,+0.31,+1.92,9.0,6.2,+2.8,+0.29,+0.81,ar ARG,"MF,FW",San Lorenzo,Copa de la Liga,25,1998,9.6,1,0,0,9,17,4,26,5,10,0,0,0,62,0,8,0.0
Pier Barrios,ar ARG,DF,Godoy Cruz,Copa de la Liga,33,1990,11,11,978,10.9,0,0,0,0,0,0,3,0,0.1,0.1,0.0,0.2,8,48,5,0.00,0.00,0.00,0.00,0.00,0.01,0.00,0.01,0.01,0.01,ar ARG,DF,Godoy Cruz,Copa de la Liga,33,1990,10.9,0,6,0,0.0,0.55,0.00,0.00,0,14.6,0,0,0,0.1,0.1,0.02,-0.1,-0.1,ar ARG,DF,Godoy Cruz,Copa de la Liga,33,1990,10.9,413,497,83.1,8509,3391,123,138,89.1,242,262,92.4,48,83,57.8,0,0.0,0.2,0.0,2,26,4,3,48,ar ARG,DF,Godoy Cruz,Copa de la Liga,33,1990,10.9,497,459,37,36,0,5,9,0,0,0,0,0,413,1,8,ar ARG,DF,Godoy Cruz,Copa de la Liga,33,1990,10.9,9,0.83,8,1,0,0,0,0,0,0.00,0,0,0,0,0,0,ar ARG,DF,Godoy Cruz,Copa de la Liga,33,1990,10.9,17,9,10,7,0,11,15,73.3,4,10,6,4,18,35,47,0,ar ARG,DF,Godoy Cruz,Copa de la Liga,33,1990,10.9,610,50,280,312,26,8,610,2,1,50.0,1,50.0,304,1500,979,8,9,0,5,5,343,5,ar ARG,DF,Godoy Cruz,Copa de la Liga,33,1990,11,978,89,77.6,10.9,11,89,10,0,0,3,2.08,13,4,+9,+0.83,+0.51,12.5,8.2,+4.3,+0.39,+0.34,ar ARG,DF,Godoy Cruz,Copa de la Liga,33,1990,10.9,3,0,0,10,8,0,9,18,9,0,0,0,38,27,13,67.5
Bautista Barros Schelotto,ar ARG,DF,Platense,Copa de la Liga,24,2000,3,0,7,0.1,0,0,0,0,0,0,0,0,0.0,0.0,0.0,0.0,0,0,0,0.00,0.00,0.00,0.00,0.00,0.00,0.00,0.00,0.00,0.00,ar ARG,DF,Platense,Copa de la Liga,24,2000,0.1,0,0,0,0,0.00,0.00,0,0,0,0,0,0,0.0,0.0,0,0.0,0.0,ar ARG,DF,Platense,Copa de la Liga,24,2000,0.1,2,6,33.3,59,57,1,1,100.0,0,1,0.0,1,2,50.0,0,0.0,0.0,0.0,0,0,0,0,0,ar ARG,DF,Platense,Copa de la Liga,24,2000,0.1,6,4,2,0,0,0,0,2,0,0,0,0,2,0,1,ar ARG,DF,Platense,Copa de la Liga,24,2000,0.1,0,0.00,0,0,0,0,0,0,0,0.00,0,0,0,0,0,0,ar ARG,DF,Platense,Copa de la Liga,24,2000,0.1,1,0,1,0,0,1,1,100.0,0,0,0,0,0,1,1,0,ar ARG,DF,Platense,Copa de la Liga,24,2000,0.1,8,0,4,3,1,0,8,0,0,0,0,0,2,4,3,0,0,0,0,0,1,0,ar ARG,DF,Platense,Copa de la Liga,24,2000,3,7,2,0.6,0.1,0,0,0,3,2,3,1.67,0,0,0,0.00,+0.29,0.0,0.1,-0.1,-0.87,-0.85,ar ARG,DF,Platense,Copa de la Liga,24,2000,0.1,0,0,0,0,0,0,0,0,0,0,0,0,1,0,0,0
Bruno Barticciotto,cl CHI,MF,Talleres,Copa de la Liga,22,2001,2,0,27,0.3,0,0,0,0,0,0,0,0,0.1,0.1,0.1,0.2,0,0,0,0.00,0.00,0.00,0.00,0.00,0.37,0.27,0.64,0.37,0.64,cl CHI,MF,Talleres,Copa de la Liga,22,2001,0.3,0,3,0,0.0,10.00,0.00,0.00,0,15.1,0,0,0,0.1,0.1,0.04,-0.1,-0.1,cl CHI,MF,Talleres,Copa de la Liga,22,2001,0.3,2,4,50.0,22,0,2,2,100.0,0,1,0.0,0,0,0,0,0.1,0.0,-0.1,1,0,0,0,0,cl CHI,MF,Talleres,Copa de la Liga,22,2001,0.3,4,4,0,0,0,0,0,0,0,0,0,0,2,0,0,cl CHI,MF,Talleres,Copa de la Liga,22,2001,0.3,1,3.10,0,0,0,1,0,0,0,0.00,0,0,0,0,0,0,cl CHI,MF,Talleres,Copa de la Liga,22,2001,0.3,2,0,0,1,1,0,0,0,0,1,0,1,0,2,0,0,cl CHI,MF,Talleres,Copa de la Liga,22,2001,0.3,13,0,1,3,9,7,13,0,0,0,0,0,4,14,2,0,0,0,2,2,6,0,cl CHI,MF,Talleres,Copa de la Liga,22,2001,2,27,14,2.1,0.3,0,0,0,2,14,2,1.50,0,1,-1,-3.33,-3.99,0.4,0.2,+0.2,+0.47,+0.01,cl CHI,MF,Talleres,Copa de la Liga,22,2001,0.3,0,0,0,0,0,0,0,0,0,0,0,0,2,1,2,33.3
Damián Batallini,ar ARG,FW,Arg Juniors,Copa de la Liga,27,1996,8,2,247,2.7,0,1,1,0,0,0,0,0,0.2,0.2,0.2,0.4,7,5,14,0.00,0.36,0.36,0.00,0.36,0.07,0.07,0.14,0.07,0.14,ar ARG,FW,Arg Juniors,Copa de la Liga,27,1996,2.7,0,4,1,25.0,1.46,0.36,0.00,0.00,17.6,0,0,0,0.2,0.2,0.05,-0.2,-0.2,ar ARG,FW,Arg Juniors,Copa de la Liga,27,1996,2.7,50,64,78.1,721,166,31,36,86.1,14,17,82.4,2,4,50.0,1,0.2,0.4,+0.8,2,2,2,2,5,ar ARG,FW,Arg Juniors,Copa de la Liga,27,1996,2.7,64,61,3,1,0,0,5,0,1,0,0,0,50,0,3,ar ARG,FW,Arg Juniors,Copa de la Liga,27,1996,2.7,3,1.09,2,0,1,0,0,0,1,0.36,1,0,0,0,0,0,ar ARG,FW,Arg Juniors,Copa de la Liga,27,1996,2.7,7,7,1,5,1,1,3,33.3,2,3,0,3,2,9,1,0,ar ARG,FW,Arg Juniors,Copa de la Liga,27,1996,2.7,103,0,11,47,48,5,103,9,5,55.6,4,44.4,64,445,180,7,6,1,6,7,67,14,ar ARG,FW,Arg Juniors,Copa de la Liga,27,1996,8,247,31,19.6,2.7,2,67,0,6,19,2,1.56,2,3,-1,-0.36,-1.43,2.4,3.2,-0.8,-0.28,-0.53,ar ARG,FW,Arg Juniors,Copa de la Liga,27,1996,2.7,0,0,0,4,8,1,5,2,7,0,0,0,17,3,7,30.0
Juan Bautista Cejas,ar ARG,"FW,MF",Godoy Cruz,Copa de la Liga,25,1998,11,7,592,6.6,0,2,2,0,0,0,1,0,1.2,1.2,1.3,2.4,16,17,39,0.00,0.30,0.30,0.00,0.30,0.18,0.19,0.37,0.18,0.37,ar ARG,"FW,MF",Godoy Cruz,Copa de la Liga,25,1998,6.6,0,23,6,26.1,3.50,0.91,0.00,0.00,23.3,1,0,0,1.2,1.2,0.05,-1.2,-1.2,ar ARG,"FW,MF",Godoy Cruz,Copa de la Liga,25,1998,6.6,136,202,67.3,2275,670,65,78,83.3,40,59,67.8,18,42,42.9,2,1.3,0.8,+0.7,14,14,4,1,17,ar ARG,"FW,MF",Godoy Cruz,Copa de la Liga,25,1998,6.6,202,174,28,3,0,0,43,5,19,11,7,0,136,0,6,ar ARG,"FW,MF",Godoy Cruz,Copa de la Liga,25,1998,6.6,27,4.10,11,9,2,3,2,0,2,0.30,0,2,0,0,0,0,ar ARG,"FW,MF",Godoy Cruz,Copa de la Liga,25,1998,6.6,3,2,2,0,1,3,11,27.3,8,9,1,8,0,3,1,0,ar ARG,"FW,MF",Godoy Cruz,Copa de la Liga,25,1998,6.6,274,3,19,119,138,14,274,16,11,68.8,4,25.0,157,1112,593,16,12,3,14,7,190,39,ar ARG,"FW,MF",Godoy Cruz,Copa de la Liga,25,1998,11,592,54,47.0,6.6,7,71,0,4,24,1,2.17,8,1,+7,+1.06,+0.66,8.7,4.5,+4.1,+0.63,+0.59,ar ARG,"FW,MF",Godoy Cruz,Copa de la Liga,25,1998,6.6,1,0,0,6,8,1,43,0,2,0,0,0,24,6,6,50.0
Jonathan Bay,ar ARG,DF,Instituto,Copa de la Liga,30,1993,12,10,959,10.7,1,2,3,1,0,0,1,0,0.7,0.7,1.4,2.1,8,25,58,0.09,0.19,0.28,0.09,0.28,0.07,0.13,0.20,0.07,0.20,ar ARG,DF,Instituto,Copa de la Liga,30,1993,10.7,1,12,4,33.3,1.13,0.38,0.08,0.25,18.7,0,0,0,0.7,0.7,0.06,+0.3,+0.3,ar ARG,DF,Instituto,Copa de la Liga,30,1993,10.7,310,466,66.5,5719,2825,157,177,88.7,101,151,66.9,45,99,45.5,2,1.4,1.6,+0.6,13,23,11,8,25,ar ARG,DF,Instituto,Copa de la Liga,30,1993,10.7,466,360,101,5,0,2,51,91,5,1,4,0,310,5,19,ar ARG,DF,Instituto,Copa de la Liga,30,1993,10.7,28,2.63,16,9,0,3,0,0,4,0.38,2,1,0,1,0,0,ar ARG,DF,Instituto,Copa de la Liga,30,1993,10.7,28,22,14,14,0,18,30,60.0,12,12,4,8,16,44,24,0,ar ARG,DF,Instituto,Copa de la Liga,30,1993,10.7,601,31,208,223,179,12,601,18,9,50.0,8,44.4,229,899,420,8,11,2,20,6,256,58,ar ARG,DF,Instituto,Copa de la Liga,30,1993,12,959,80,76.1,10.7,10,89,9,2,36,2,1.08,16,15,+1,+0.09,+0.09,17.0,10.4,+6.6,+0.62,+0.32,ar ARG,DF,Instituto,Copa de la Liga,30,1993,10.7,1,0,0,10,6,0,51,16,22,0,0,0,58,10,11,47.6
Gastón Benavídez,ar ARG,DF,Talleres,Copa de la Liga,28,1995,14,12,"1,119",12.4,2,1,3,2,0,0,2,0,1.7,1.7,1.1,2.8,25,56,55,0.16,0.08,0.24,0.16,0.24,0.14,0.08,0.22,0.14,0.22,ar ARG,DF,Talleres,Copa de la Liga,28,1995,12.4,2,11,4,36.4,0.88,0.32,0.18,0.50,11.1,0,0,0,1.7,1.7,0.16,+0.3,+0.3,ar ARG,DF,Talleres,Copa de la Liga,28,1995,12.4,448,570,78.6,7759,3292,227,248,91.5,176,231,76.2,39,72,54.2,1,1.1,1.2,-0.1,15,29,8,5,56,ar ARG,DF,Talleres,Copa de la Liga,28,1995,12.4,570,432,138,13,0,5,17,125,0,0,0,0,448,0,11,ar ARG,DF,Talleres,Copa de la Liga,28,1995,12.4,37,2.98,24,5,2,2,3,1,5,0.40,1,1,1,1,1,0,ar ARG,DF,Talleres,Copa de la Liga,28,1995,12.4,30,21,12,14,4,13,25,52.0,12,15,4,11,12,42,19,0,ar ARG,DF,Talleres,Copa de la Liga,28,1995,12.4,689,28,166,345,188,19,689,16,7,43.8,8,50.0,299,1448,863,25,19,4,15,4,350,55,ar ARG,DF,Talleres,Copa de la Liga,28,1995,14,"1,119",80,88.8,12.4,12,90,10,2,22,0,1.71,23,14,+9,+0.72,+1.36,19.8,12.2,+7.6,+0.61,+1.38,ar ARG,DF,Talleres,Copa de la Liga,28,1995,12.4,2,0,0,10,20,0,17,12,21,1,0,0,51,7,10,41.2
Gastón Benedetti,ar ARG,DF,Estudiantes–LP,Copa de la Liga,22,2001,11,8,773,8.6,0,0,0,0,0,0,5,0,0.2,0.2,0.5,0.7,14,37,37,0.00,0.00,0.00,0.00,0.00,0.03,0.05,0.08,0.03,0.08,ar ARG,DF,Estudiantes–LP,Copa de la Liga,22,2001,8.6,0,4,2,50.0,0.47,0.23,0.00,0.00,17.5,0,0,0,0.2,0.2,0.06,-0.2,-0.2,ar ARG,DF,Estudiantes–LP,Copa de la Liga,22,2001,8.6,307,424,72.4,5807,2126,122,135,90.4,139,185,75.1,40,80,50.0,0,0.5,0.5,-0.5,7,30,6,5,37,ar ARG,DF,Estudiantes–LP,Copa de la Liga,22,2001,8.6,424,345,76,8,0,7,22,68,0,0,0,0,307,3,9,ar ARG,DF,Estudiantes–LP,Copa de la Liga,22,2001,8.6,14,1.63,14,0,0,0,0,0,1,0.12,1,0,0,0,0,0,ar ARG,DF,Estudiantes–LP,Copa de la Liga,22,2001,8.6,18,14,12,5,1,15,17,88.2,2,9,2,7,9,27,26,0,ar ARG,DF,Estudiantes–LP,Copa de la Liga,22,2001,8.6,519,21,164,233,130,7,519,19,8,42.1,9,47.4,266,1338,622,14,11,0,18,3,290,37,ar ARG,DF,Estudiantes–LP,Copa de la Liga,22,2001,11,773,70,61.3,8.6,8,78,3,3,50,0,2.07,10,4,+6,+0.70,-0.04,11.7,5.7,+6.0,+0.70,+0.28,ar ARG,DF,Estudiantes–LP,Copa de la Liga,22,2001,8.6,5,0,0,11,6,1,22,9,14,0,0,0,29,6,14,30.0
Nehuén Benedetti,ar ARG,MF,Estudiantes–LP,Copa de la Liga,18,2005,1,0,45,0.5,0,0,0,0,0,0,0,0,0.0,0.0,0.0,0.0,2,1,1,0.00,0.00,0.00,0.00,0.00,0.00,0.00,0.00,0.00,0.00,ar ARG,MF,Estudiantes–LP,Copa de la Liga,18,2005,0.5,0,0,0,0,0.00,0.00,0,0,0,0,0,0,0.0,0.0,0,0.0,0.0,ar ARG,MF,Estudiantes–LP,Copa de la Liga,18,2005,0.5,16,28,57.1,201,26,14,16,87.5,1,3,33.3,1,5,20.0,0,0.0,0.0,0.0,0,1,0,0,1,ar ARG,MF,Estudiantes–LP,Copa de la Liga,18,2005,0.5,28,26,2,0,0,0,1,2,0,0,0,0,16,0,3,ar ARG,MF,Estudiantes–LP,Copa de la Liga,18,2005,0.5,1,2.00,1,0,0,0,0,0,0,0.00,0,0,0,0,0,0,ar ARG,MF,Estudiantes–LP,Copa de la Liga,18,2005,0.5,0,0,0,0,0,0,0,0,0,1,1,0,0,0,2,0,ar ARG,MF,Estudiantes–LP,Copa de la Liga,18,2005,0.5,34,3,8,19,7,0,34,1,0,0.0,1,100.0,20,87,55,2,0,0,1,0,22,1,ar ARG,MF,Estudiantes–LP,Copa de la Liga,18,2005,1,45,45,3.6,0.5,0,0,0,1,45,2,0.00,0,2,-2,-4.00,-4.89,0.1,0.7,-0.6,-1.23,-1.89,ar ARG,MF,Estudiantes–LP,Copa de la Liga,18,2005,0.5,0,0,0,1,0,0,1,0,0,0,0,0,0,1,0,100.0
Darío Benedetto,ar ARG,FW,Boca Juniors,Copa de la Liga,33,1990,9,2,219,2.4,1,0,1,1,0,0,0,0,1.0,1.0,0.3,1.3,6,5,24,0.41,0.00,0.41,0.41,0.41,0.42,0.12,0.54,0.42,0.54,ar ARG,FW,Boca Juniors,Copa de la Liga,33,1990,2.4,1,7,2,28.6,2.88,0.82,0.14,0.50,13.6,0,0,0,1.0,1.0,0.15,0.0,0.0,ar ARG,FW,Boca Juniors,Copa de la Liga,33,1990,2.4,23,42,54.8,409,78,12,19,63.2,8,14,57.1,3,5,60.0,0,0.3,0.2,-0.3,2,3,1,0,5,ar ARG,FW,Boca Juniors,Copa de la Liga,33,1990,2.4,42,40,2,0,2,2,2,0,0,0,0,0,23,0,2,ar ARG,FW,Boca Juniors,Copa de la Liga,33,1990,2.4,4,1.64,2,0,2,0,0,0,0,0.00,0,0,0,0,0,0,ar ARG,FW,Boca Juniors,Copa de la Liga,33,1990,2.4,2,0,0,2,0,2,4,50.0,2,1,0,1,0,2,1,0,ar ARG,FW,Boca Juniors,Copa de la Liga,33,1990,2.4,72,1,1,27,44,18,72,4,3,75.0,0,0.0,44,264,86,6,1,4,14,2,56,24,ar ARG,FW,Boca Juniors,Copa de la Liga,33,1990,9,219,24,17.4,2.4,2,60,0,7,14,5,1.60,5,2,+3,+1.23,+0.80,5.9,0.7,+5.1,+2.09,+1.77,ar ARG,FW,Boca Juniors,Copa de la Liga,33,1990,2.4,0,0,0,5,4,3,2,0,0,0,0,0,5,1,6,14.3
Nicolás Benegas,ar ARG,FW,Deportivo Riestra,Copa de la Liga,27,1996,14,10,803,8.9,0,2,2,0,0,0,4,0,1.1,1.1,0.8,1.9,8,23,46,0.00,0.22,0.22,0.00,0.22,0.12,0.09,0.21,0.12,0.21,ar ARG,FW,Deportivo Riestra,Copa de la Liga,27,1996,8.9,0,16,2,12.5,1.79,0.22,0.00,0.00,15.6,0,0,0,1.1,1.1,0.07,-1.1,-1.1,ar ARG,FW,Deportivo Riestra,Copa de la Liga,27,1996,8.9,89,178,50.0,1417,446,44,76,57.9,31,61,50.8,8,16,50.0,2,0.8,0.3,+1.2,6,9,6,0,23,ar ARG,FW,Deportivo Riestra,Copa de la Liga,27,1996,8.9,178,167,9,0,0,1,11,1,0,0,0,0,89,2,10,ar ARG,FW,Deportivo Riestra,Copa de la Liga,27,1996,8.9,13,1.46,10,0,1,1,1,0,3,0.34,3,0,0,0,0,0,ar ARG,FW,Deportivo Riestra,Copa de la Liga,27,1996,8.9,7,4,1,3,3,2,6,33.3,4,11,2,9,2,9,7,0,ar ARG,FW,Deportivo Riestra,Copa de la Liga,27,1996,8.9,311,10,18,106,188,37,311,31,10,32.3,21,67.7,180,747,252,8,11,5,38,18,232,46,ar ARG,FW,Deportivo Riestra,Copa de la Liga,27,1996,14,803,57,63.7,8.9,10,62,1,4,45,0,0.93,7,8,-1,-0.11,+1.27,5.8,10.6,-4.9,-0.55,+0.65,ar ARG,FW,Deportivo Riestra,Copa de la Liga,27,1996,8.9,4,0,0,26,11,2,11,2,4,0,0,0,22,32,57,36.0
Guillermo Benítez,ar ARG,DF,Huracán,Copa de la Liga,30,1993,4,3,290,3.2,0,0,0,0,0,0,2,0,0.2,0.2,0.0,0.3,3,11,10,0.00,0.00,0.00,0.00,0.00,0.07,0.01,0.09,0.07,0.09,ar ARG,DF,Huracán,Copa de la Liga,30,1993,3.2,0,5,0,0.0,1.55,0.00,0.00,0,18.0,0,0,0,0.2,0.2,0.05,-0.2,-0.2,ar ARG,DF,Huracán,Copa de la Liga,30,1993,3.2,67,95,70.5,1099,471,32,36,88.9,30,39,76.9,4,15,26.7,0,0.0,0.5,0.0,1,6,2,1,11,ar ARG,DF,Huracán,Copa de la Liga,30,1993,3.2,95,70,25,0,0,0,14,21,4,0,3,0,67,0,4,ar ARG,DF,Huracán,Copa de la Liga,30,1993,3.2,6,1.86,3,1,1,1,0,0,0,0.00,0,0,0,0,0,0,ar ARG,DF,Huracán,Copa de la Liga,30,1993,3.2,7,3,6,1,0,5,10,50.0,5,8,4,4,1,8,12,0,ar ARG,DF,Huracán,Copa de la Liga,30,1993,3.2,129,18,43,51,37,6,129,3,3,100.0,0,0.0,41,211,107,3,1,1,1,2,42,10,ar ARG,DF,Huracán,Copa de la Liga,30,1993,4,290,73,23.0,3.2,3,90,3,1,20,10,1.00,2,5,-3,-0.93,-1.21,3.2,5.7,-2.5,-0.78,-0.67,ar ARG,DF,Huracán,Copa de la Liga,30,1993,3.2,2,0,0,8,2,0,14,1,3,0,0,0,10,3,5,37.5
Gustavo Benítez,ar ARG,FW,Deportivo Riestra,Copa de la Liga,37,1986,1,0,1,0.0,0,0,0,0,0,0,0,0,0.0,0.0,0.0,0.0,0,0,0,0.00,0.00,0.00,0.00,0.00,0.00,0.00,0.00,0.00,0.00,ar ARG,FW,Deportivo Riestra,Copa de la Liga,37,1986,0.0,0,0,0,0,0.00,0.00,0,0,0,0,0,0,0.0,0.0,0,0.0,0.0,ar ARG,FW,Deportivo Riestra,Copa de la Liga,37,1986,0.0,0,0,0,0,0,0,0,0,0,0,0,0,0,0,0,0.0,0.0,0.0,0,0,0,0,0,ar ARG,FW,Deportivo Riestra,Copa de la Liga,37,1986,0.0,0,0,0,0,0,0,0,0,0,0,0,0,0,0,0,ar ARG,FW,Deportivo Riestra,Copa de la Liga,37,1986,0.0,0,0.00,0,0,0,0,0,0,0,0.00,0,0,0,0,0,0,ar ARG,FW,Deportivo Riestra,Copa de la Liga,37,1986,0.0,0,0,0,0,0,0,0,0,0,0,0,0,0,0,0,0,ar ARG,FW,Deportivo Riestra,Copa de la Liga,37,1986,0.0,0,0,0,0,0,0,0,0,0,0,0,0,0,0,0,0,0,0,0,0,0,0,ar ARG,FW,Deportivo Riestra,Copa de la Liga,37,1986,1,1,1,0.1,0.0,0,0,0,1,1,9,1.00,0,0,0,0.00,+0.57,0.0,0.1,-0.1,-5.08,-4.30,ar ARG,FW,Deportivo Riestra,Copa de la Liga,37,1986,0.0,0,0,0,0,0,0,0,0,0,0,0,0,0,0,0,0
Mauricio Benítez,ar ARG,MF,Boca Juniors,Copa de la Liga,19,2004,5,3,251,2.8,0,0,0,0,0,0,0,0,0.1,0.1,0.0,0.1,2,18,4,0.00,0.00,0.00,0.00,0.00,0.03,0.00,0.03,0.03,0.03,ar ARG,MF,Boca Juniors,Copa de la Liga,19,2004,2.8,0,1,0,0.0,0.36,0.00,0.00,0,21.7,0,0,0,0.1,0.1,0.10,-0.1,-0.1,ar ARG,MF,Boca Juniors,Copa de la Liga,19,2004,2.8,124,157,79.0,2286,691,57,63,90.5,48,59,81.4,17,23,73.9,0,0.0,0.1,0.0,0,17,1,0,18,ar ARG,MF,Boca Juniors,Copa de la Liga,19,2004,2.8,157,157,0,0,0,3,0,0,0,0,0,0,124,0,1,ar ARG,MF,Boca Juniors,Copa de la Liga,19,2004,2.8,4,1.43,3,0,0,0,0,1,0,0.00,0,0,0,0,0,0,ar ARG,MF,Boca Juniors,Copa de la Liga,19,2004,2.8,8,5,4,2,2,5,7,71.4,2,4,0,4,7,15,6,0,ar ARG,MF,Boca Juniors,Copa de la Liga,19,2004,2.8,199,4,44,141,15,1,199,6,3,50.0,3,50.0,102,361,184,2,2,0,8,1,126,4,ar ARG,MF,Boca Juniors,Copa de la Liga,19,2004,5,251,50,19.9,2.8,3,67,0,2,25,7,2.20,5,3,+2,+0.72,+0.18,5.0,1.8,+3.2,+1.16,+0.66,ar ARG,MF,Boca Juniors,Copa de la Liga,19,2004,2.8,0,0,0,2,1,0,0,7,5,0,0,0,16,4,4,50.0
Bruno Bianchi,ar ARG,DF,Ind. Rivadavia,Copa de la Liga,34,1989,9,9,810,9.0,1,1,2,1,0,0,6,0,0.3,0.3,0.3,0.6,0,7,0,0.11,0.11,0.22,0.11,0.22,0.04,0.03,0.07,0.04,0.07,ar ARG,DF,Ind. Rivadavia,Copa de la Liga,34,1989,9.0,1,4,1,25.0,0.44,0.11,0.25,1.00,8.8,0,0,0,0.3,0.3,0.08,+0.7,+0.7,ar ARG,DF,Ind. Rivadavia,Copa de la Liga,34,1989,9.0,248,349,71.1,5344,2513,73,86,84.9,137,168,81.5,38,90,42.2,1,0.3,0.0,+0.7,1,16,0,0,7,ar ARG,DF,Ind. Rivadavia,Copa de la Liga,34,1989,9.0,349,334,15,12,0,1,0,1,0,0,0,0,248,0,2,ar ARG,DF,Ind. Rivadavia,Copa de la Liga,34,1989,9.0,8,0.89,6,0,0,1,0,1,1,0.11,0,0,0,1,0,0,ar ARG,DF,Ind. Rivadavia,Copa de la Liga,34,1989,9.0,18,13,14,4,0,10,15,66.7,5,17,10,7,14,32,51,1,ar ARG,DF,Ind. Rivadavia,Copa de la Liga,34,1989,9.0,467,73,281,177,9,5,467,1,1,100.0,0,0.0,210,952,416,0,1,0,3,2,232,0,ar ARG,DF,Ind. Rivadavia,Copa de la Liga,34,1989,9,810,90,64.3,9.0,9,90,9,0,0,2,0.67,9,17,-8,-0.89,-0.09,8.9,13.5,-4.6,-0.51,+0.39,ar ARG,DF,Ind. Rivadavia,Copa de la Liga,34,1989,9.0,6,0,0,9,11,1,0,14,13,0,0,0,25,25,8,75.8
Lautaro Blanco,ar ARG,DF,Boca Juniors,Copa de la Liga,24,1999,11,10,860,9.6,0,3,3,0,0,0,3,1,0.0,0.0,1.3,1.4,33,34,53,0.00,0.31,0.31,0.00,0.31,0.00,0.14,0.14,0.00,0.14,ar ARG,DF,Boca Juniors,Copa de la Liga,24,1999,9.6,0,1,0,0.0,0.10,0.00,0.00,0,23.9,0,0,0,0.0,0.0,0.02,0.0,0.0,ar ARG,DF,Boca Juniors,Copa de la Liga,24,1999,9.6,317,483,65.6,5296,2187,169,199,84.9,114,179,63.7,30,72,41.7,3,1.3,1.0,+1.7,8,22,10,8,34,ar ARG,DF,Boca Juniors,Copa de la Liga,24,1999,9.6,483,378,104,1,0,2,59,103,0,0,0,0,317,1,15,ar ARG,DF,Boca Juniors,Copa de la Liga,24,1999,9.6,21,2.20,12,6,2,0,1,0,4,0.42,3,0,1,0,0,0,ar ARG,DF,Boca Juniors,Copa de la Liga,24,1999,9.6,31,17,14,13,4,15,28,53.6,13,9,0,9,10,41,19,0,ar ARG,DF,Boca Juniors,Copa de la Liga,24,1999,9.6,589,15,167,260,165,5,589,22,12,54.5,8,36.4,287,1873,888,33,22,3,15,4,303,53,ar ARG,DF,Boca Juniors,Copa de la Liga,24,1999,11,860,78,68.3,9.6,10,85,6,1,6,0,1.85,17,8,+9,+0.94,+1.17,15.5,7.3,+8.2,+0.85,+0.71,ar ARG,DF,Boca Juniors,Copa de la Liga,24,1999,9.6,3,1,1,14,5,0,59,10,17,0,0,0,48,1,5,16.7
Nicolás Blandi,ar ARG,MF,Defensa y Just,Copa de la Liga,34,1990,2,0,3,0.0,0,0,0,0,0,0,0,0,0.0,0.0,0.0,0.0,0,0,1,0.00,0.00,0.00,0.00,0.00,0.00,0.00,0.00,0.00,0.00,ar ARG,MF,Defensa y Just,Copa de la Liga,34,1990,0.0,0,0,0,0,0.00,0.00,0,0,0,0,0,0,0.0,0.0,0,0.0,0.0,ar ARG,MF,Defensa y Just,Copa de la Liga,34,1990,0.0,2,5,40.0,25,0,0,2,0.0,1,2,50.0,0,0,0,0,0.0,0.0,0.0,0,0,0,0,0,ar ARG,MF,Defensa y Just,Copa de la Liga,34,1990,0.0,5,5,0,0,0,0,0,0,0,0,0,0,2,0,0,ar ARG,MF,Defensa y Just,Copa de la Liga,34,1990,0.0,0,0.00,0,0,0,0,0,0,0,0.00,0,0,0,0,0,0,ar ARG,MF,Defensa y Just,Copa de la Liga,34,1990,0.0,0,0,0,0,0,0,1,0.0,1,0,0,0,0,0,0,0,ar ARG,MF,Defensa y Just,Copa de la Liga,34,1990,0.0,7,0,1,2,4,2,7,1,0,0.0,1,100.0,4,11,0,0,0,1,0,0,6,1,ar ARG,MF,Defensa y Just,Copa de la Liga,34,1990,2,3,2,0.2,0.0,0,0,0,2,2,2,2.00,0,0,0,0.00,-0.29,0.0,0.0,0.0,-0.42,-0.39,ar ARG,MF,Defensa y Just,Copa de la Liga,34,1990,0.0,0,0,0,0,0,0,0,0,0,0,0,0,0,0,2,0.0
Pablo de Blasis,ar ARG,MF,Gimnasia–LP,Copa de la Liga,35,1988,14,14,"1,180",13.1,1,4,5,0,1,1,2,0,1.2,0.4,2.8,3.2,12,93,34,0.08,0.31,0.38,0.00,0.31,0.09,0.21,0.30,0.03,0.24,ar ARG,MF,Gimnasia–LP,Copa de la Liga,35,1988,13.1,1,13,2,15.4,0.99,0.15,0.00,0.00,20.7,3,1,1,1.2,0.4,0.03,-0.2,-0.4,ar ARG,MF,Gimnasia–LP,Copa de la Liga,35,1988,13.1,586,793,73.9,11524,3652,217,262,82.8,234,299,78.3,105,171,61.4,4,2.8,3.0,+1.2,40,85,20,7,93,ar ARG,MF,Gimnasia–LP,Copa de la Liga,35,1988,13.1,793,695,93,36,3,18,71,10,40,17,17,0,586,5,16,ar ARG,MF,Gimnasia–LP,Copa de la Liga,35,1988,13.1,55,4.19,40,13,0,0,1,1,7,0.53,3,3,0,0,1,0,ar ARG,MF,Gimnasia–LP,Copa de la Liga,35,1988,13.1,40,26,10,25,5,25,47,53.2,22,13,2,11,13,53,12,0,ar ARG,MF,Gimnasia–LP,Copa de la Liga,35,1988,13.1,928,16,131,570,238,13,927,13,5,38.5,6,46.2,421,1748,874,12,11,1,19,9,546,34,ar ARG,MF,Gimnasia–LP,Copa de la Liga,35,1988,14,"1,180",84,93.7,13.1,14,84,9,0,0,0,1.14,17,19,-2,-0.15,+3.22,13.2,18.1,-4.9,-0.37,+1.31,ar ARG,MF,Gimnasia–LP,Copa de la Liga,35,1988,13.1,2,0,0,12,13,1,71,13,26,1,0,0,98,15,16,48.4
Lucas Blondel,ch SUI,"DF,MF",Boca Juniors,Copa de la Liga,27,1996,9,6,423,4.7,2,0,2,2,0,0,0,0,1.1,1.1,0.1,1.2,8,17,21,0.43,0.00,0.43,0.43,0.43,0.23,0.03,0.26,0.23,0.26,ch SUI,"DF,MF",Boca Juniors,Copa de la Liga,27,1996,4.7,2,9,2,22.2,1.91,0.43,0.22,1.00,31.4,0,0,0,1.1,1.1,0.12,+0.9,+0.9,ch SUI,"DF,MF",Boca Juniors,Copa de la Liga,27,1996,4.7,144,219,65.8,2179,1002,87,113,77.0,42,63,66.7,9,24,37.5,0,0.1,0.3,-0.1,2,18,4,2,17,ch SUI,"DF,MF",Boca Juniors,Copa de la Liga,27,1996,4.7,219,188,31,2,1,4,15,29,0,0,0,0,144,0,7,ch SUI,"DF,MF",Boca Juniors,Copa de la Liga,27,1996,4.7,8,1.71,6,0,0,1,1,0,1,0.21,1,0,0,0,0,0,ch SUI,"DF,MF",Boca Juniors,Copa de la Liga,27,1996,4.7,14,10,7,6,1,9,16,56.3,7,10,2,8,5,19,14,1,ch SUI,"DF,MF",Boca Juniors,Copa de la Liga,27,1996,4.7,297,14,78,151,73,8,297,11,5,45.5,3,27.3,138,597,302,8,3,0,7,2,159,21,ch SUI,"DF,MF",Boca Juniors,Copa de la Liga,27,1996,9,423,47,33.6,4.7,6,59,1,3,22,3,1.56,11,4,+7,+1.49,+1.38,8.9,4.2,+4.7,+1.00,+0.56,ch SUI,"DF,MF",Boca Juniors,Copa de la Liga,27,1996,4.7,0,0,0,5,6,0,15,5,10,0,0,0,22,7,6,53.8
Roberto Bochi,ar ARG,MF,Instituto,Copa de la Liga,34,1989,14,13,"1,114",12.4,0,0,0,0,0,0,2,0,0.0,0.0,0.1,0.1,7,31,0,0.00,0.00,0.00,0.00,0.00,0.00,0.00,0.00,0.00,0.00,ar ARG,MF,Instituto,Copa de la Liga,34,1989,12.4,0,0,0,0,0.00,0.00,0,0,0,0,0,0,0.0,0.0,0,0.0,0.0,ar ARG,MF,Instituto,Copa de la Liga,34,1989,12.4,271,328,82.6,4682,1930,130,145,89.7,112,129,86.8,26,38,68.4,0,0.1,0.1,-0.1,3,28,0,0,31,ar ARG,MF,Instituto,Copa de la Liga,34,1989,12.4,328,320,7,6,0,3,0,0,0,0,0,0,271,1,3,ar ARG,MF,Instituto,Copa de la Liga,34,1989,12.4,6,0.48,3,0,2,0,0,1,0,0.00,0,0,0,0,0,0,ar ARG,MF,Instituto,Copa de la Liga,34,1989,12.4,42,24,16,21,5,15,39,38.5,24,15,6,9,19,61,27,0,ar ARG,MF,Instituto,Copa de la Liga,34,1989,12.4,457,38,154,282,26,0,457,4,3,75.0,0,0.0,168,784,413,7,4,0,11,4,179,0,ar ARG,MF,Instituto,Copa de la Liga,34,1989,14,"1,114",80,88.4,12.4,13,83,8,1,34,0,1.21,14,17,-3,-0.24,-2.71,17.7,12.3,+5.4,+0.43,-0.97,ar ARG,MF,Instituto,Copa de la Liga,34,1989,12.4,2,0,0,21,4,0,0,19,24,0,0,0,48,8,20,28.6
Rodrigo Bogarín,py PAR,"MF,FW",Defensa y Just,Copa de la Liga,26,1997,10,9,713,7.9,1,0,1,1,0,0,0,0,0.8,0.8,0.8,1.6,13,46,23,0.13,0.00,0.13,0.13,0.13,0.10,0.10,0.21,0.10,0.21,py PAR,"MF,FW",Defensa y Just,Copa de la Liga,26,1997,7.9,1,15,5,33.3,1.89,0.63,0.07,0.20,22.8,0,0,0,0.8,0.8,0.06,+0.2,+0.2,py PAR,"MF,FW",Defensa y Just,Copa de la Liga,26,1997,7.9,202,292,69.2,3537,1226,97,127,76.4,74,97,76.3,24,45,53.3,0,0.8,1.2,-0.8,14,29,7,2,46,py PAR,"MF,FW",Defensa y Just,Copa de la Liga,26,1997,7.9,292,262,24,9,1,1,23,2,13,8,3,2,202,6,8,py PAR,"MF,FW",Defensa y Just,Copa de la Liga,26,1997,7.9,28,3.53,24,2,1,1,0,0,3,0.38,2,0,0,1,0,0,py PAR,"MF,FW",Defensa y Just,Copa de la Liga,26,1997,7.9,7,5,1,5,1,2,6,33.3,4,18,3,15,6,13,4,0,py PAR,"MF,FW",Defensa y Just,Copa de la Liga,26,1997,7.9,378,5,43,206,140,16,378,17,9,52.9,8,47.1,178,1006,486,13,9,1,13,7,235,23,py PAR,"MF,FW",Defensa y Just,Copa de la Liga,26,1997,10,713,71,56.6,7.9,9,76,0,1,27,2,2.00,13,3,+10,+1.26,+2.25,11.0,8.4,+2.6,+0.33,+0.84,py PAR,"MF,FW",Defensa y Just,Copa de la Liga,26,1997,7.9,0,0,0,4,4,0,23,6,5,0,0,0,33,5,7,41.7
Luciano Boggio,it ITA,"MF,FW",Lanús,Copa de la Liga,24,1999,14,8,658,7.3,1,1,2,1,0,0,4,0,1.1,1.1,0.9,2.0,16,36,23,0.14,0.14,0.27,0.14,0.27,0.14,0.13,0.27,0.14,0.27,it ITA,"MF,FW",Lanús,Copa de la Liga,24,1999,7.3,1,10,4,40.0,1.37,0.55,0.10,0.25,20.8,1,0,0,1.1,1.1,0.11,-0.1,-0.1,it ITA,"MF,FW",Lanús,Copa de la Liga,24,1999,7.3,210,287,73.2,3566,1110,100,119,84.0,80,101,79.2,21,47,44.7,1,0.9,0.9,+0.1,15,30,4,0,36,it ITA,"MF,FW",Lanús,Copa de la Liga,24,1999,7.3,287,239,47,22,1,1,38,1,24,6,13,0,210,1,8,it ITA,"MF,FW",Lanús,Copa de la Liga,24,1999,7.3,29,3.97,15,11,1,1,1,0,1,0.14,0,1,0,0,0,0,it ITA,"MF,FW",Lanús,Copa de la Liga,24,1999,7.3,17,10,7,7,3,8,17,47.1,9,4,0,4,0,17,6,0,it ITA,"MF,FW",Lanús,Copa de la Liga,24,1999,7.3,361,4,35,208,125,8,361,21,11,52.4,6,28.6,180,1225,587,16,11,0,20,6,199,23,it ITA,"MF,FW",Lanús,Copa de la Liga,24,1999,14,658,47,52.2,7.3,8,65,1,6,23,0,1.64,8,4,+4,+0.55,+0.25,8.8,5.4,+3.4,+0.46,+0.08,it ITA,"MF,FW",Lanús,Copa de la Liga,24,1999,7.3,4,0,0,9,9,0,38,0,10,0,0,0,39,5,9,35.7
Agustín Bolívar,ar ARG,"MF,FW",Gimnasia–LP,Copa de la Liga,28,1996,2,0,35,0.4,0,0,0,0,0,0,0,0,0.0,0.0,0.0,0.0,0,3,0,0.00,0.00,0.00,0.00,0.00,0.04,0.00,0.04,0.04,0.04,ar ARG,"MF,FW",Gimnasia–LP,Copa de la Liga,28,1996,0.4,0,1,0,0.0,2.57,0.00,0.00,0,28.2,0,0,0,0.0,0.0,0.02,0.0,0.0,ar ARG,"MF,FW",Gimnasia–LP,Copa de la Liga,28,1996,0.4,21,33,63.6,458,229,4,5,80.0,12,17,70.6,4,8,50.0,0,0.0,0.0,0.0,0,2,0,0,3,ar ARG,"MF,FW",Gimnasia–LP,Copa de la Liga,28,1996,0.4,33,31,1,0,0,1,1,1,0,0,0,0,21,1,1,ar ARG,"MF,FW",Gimnasia–LP,Copa de la Liga,28,1996,0.4,1,2.57,1,0,0,0,0,0,0,0.00,0,0,0,0,0,0,ar ARG,"MF,FW",Gimnasia–LP,Copa de la Liga,28,1996,0.4,1,1,1,0,0,1,1,100.0,0,1,0,1,1,2,0,0,ar ARG,"MF,FW",Gimnasia–LP,Copa de la Liga,28,1996,0.4,38,2,12,21,5,0,38,0,0,0,0,0,14,60,22,0,1,0,0,0,20,0,ar ARG,"MF,FW",Gimnasia–LP,Copa de la Liga,28,1996,2,35,18,2.8,0.4,0,0,0,2,18,5,1.50,0,2,-2,-5.14,-4.92,0.3,0.7,-0.4,-1.03,-0.59,ar ARG,"MF,FW",Gimnasia–LP,Copa de la Liga,28,1996,0.4,0,0,0,0,0,0,1,1,1,0,0,0,3,0,2,0.0
Enrique Bologna,ar ARG,GK,Defensa y Just,Copa de la Liga,41,1982,1,1,90,1.0,0,0,0,0,0,0,0,0,0.0,0.0,0.0,0.0,0,0,0,0.00,0.00,0.00,0.00,0.00,0.00,0.00,0.00,0.00,0.00,ar ARG,GK,Defensa y Just,Copa de la Liga,41,1982,1.0,0,0,0,0,0.00,0.00,0,0,0,0,0,0,0.0,0.0,0,0.0,0.0,ar ARG,GK,Defensa y Just,Copa de la Liga,41,1982,1.0,40,51,78.4,996,758,8,8,100.0,21,21,100.0,11,22,50.0,0,0.0,0.0,0.0,0,0,0,0,0,ar ARG,GK,Defensa y Just,Copa de la Liga,41,1982,1.0,51,37,14,2,0,0,0,0,0,0,0,0,40,0,0,ar ARG,GK,Defensa y Just,Copa de la Liga,41,1982,1.0,0,0.00,0,0,0,0,0,0,0,0.00,0,0,0,0,0,0,ar ARG,GK,Defensa y Just,Copa de la Liga,41,1982,1.0,0,0,0,0,0,0,0,0,0,0,0,0,0,0,0,0,ar ARG,GK,Defensa y Just,Copa de la Liga,41,1982,1.0,52,45,52,0,0,0,52,0,0,0,0,0,33,166,133,0,0,0,0,0,28,0,ar ARG,GK,Defensa y Just,Copa de la Liga,41,1982,1,90,90,7.1,1.0,1,90,1,0,0,1,0.00,0,2,-2,-2.00,-2.46,0.1,1.5,-1.4,-1.37,-1.44,ar ARG,GK,Defensa y Just,Copa de la Liga,41,1982,1.0,0,0,0,0,0,0,0,0,0,0,0,0,2,0,0,0
Francisco Bonfiglio,es ESP,"FW,MF",Atlé Tucumán,Copa de la Liga,22,2002,5,0,81,0.9,0,0,0,0,0,0,0,0,0.4,0.4,0.0,0.4,0,0,4,0.00,0.00,0.00,0.00,0.00,0.40,0.00,0.40,0.40,0.40,es ESP,"FW,MF",Atlé Tucumán,Copa de la Liga,22,2002,0.9,0,4,3,75.0,4.44,3.33,0.00,0.00,14.2,0,0,0,0.4,0.4,0.09,-0.4,-0.4,es ESP,"FW,MF",Atlé Tucumán,Copa de la Liga,22,2002,0.9,8,13,61.5,92,2,5,8,62.5,2,4,50.0,0,0,0,0,0.0,0.0,0.0,0,0,0,0,0,es ESP,"FW,MF",Atlé Tucumán,Copa de la Liga,22,2002,0.9,13,13,0,0,0,0,0,0,0,0,0,0,8,0,0,es ESP,"FW,MF",Atlé Tucumán,Copa de la Liga,22,2002,0.9,2,2.20,1,0,0,1,0,0,0,0.00,0,0,0,0,0,0,es ESP,"FW,MF",Atlé Tucumán,Copa de la Liga,22,2002,0.9,0,0,0,0,0,0,0,0,0,1,1,0,0,0,0,0,es ESP,"FW,MF",Atlé Tucumán,Copa de la Liga,22,2002,0.9,23,1,2,6,15,10,23,2,1,50.0,1,50.0,15,45,7,0,0,0,1,1,18,4,es ESP,"FW,MF",Atlé Tucumán,Copa de la Liga,22,2002,5,81,16,6.4,0.9,0,0,0,5,16,7,0.80,0,2,-2,-2.22,-1.23,1.0,1.3,-0.3,-0.32,-0.19,es ESP,"FW,MF",Atlé Tucumán,Copa de la Liga,22,2002,0.9,0,0,0,0,1,0,0,0,0,0,0,0,2,0,2,0.0
Ezequiel Bonifacio,ar ARG,DF,Banfield,Copa de la Liga,29,1994,13,12,"1,085",12.1,0,1,1,0,0,0,2,0,0.1,0.1,0.6,0.7,32,69,27,0.00,0.08,0.08,0.00,0.08,0.00,0.05,0.05,0.00,0.05,ar ARG,DF,Banfield,Copa de la Liga,29,1994,12.1,0,2,0,0.0,0.17,0.00,0.00,0,24.2,0,0,0,0.1,0.1,0.03,-0.1,-0.1,ar ARG,DF,Banfield,Copa de la Liga,29,1994,12.1,402,559,71.9,7325,3341,175,202,86.6,169,239,70.7,49,95,51.6,1,0.6,1.1,+0.4,6,49,14,4,69,ar ARG,DF,Banfield,Copa de la Liga,29,1994,12.1,559,431,127,5,3,3,31,122,0,0,0,0,402,1,8,ar ARG,DF,Banfield,Copa de la Liga,29,1994,12.1,19,1.58,13,3,2,0,0,1,2,0.17,2,0,0,0,0,0,ar ARG,DF,Banfield,Copa de la Liga,29,1994,12.1,25,14,15,7,3,9,18,50.0,9,11,6,5,13,38,32,0,ar ARG,DF,Banfield,Copa de la Liga,29,1994,12.1,676,43,199,340,144,6,676,17,10,58.8,4,23.5,294,2001,1145,32,20,3,19,7,295,27,ar ARG,DF,Banfield,Copa de la Liga,29,1994,13,"1,085",83,86.1,12.1,12,90,12,1,5,1,1.31,14,13,+1,+0.08,+1.11,12.6,14.9,-2.3,-0.19,-0.26,ar ARG,DF,Banfield,Copa de la Liga,29,1994,12.1,2,0,0,10,9,0,31,13,14,0,0,0,67,7,13,35.0
Joaquín Borja,ar ARG,"MF,FW",Deportivo Riestra,Copa de la Liga,22,2002,3,1,105,1.2,0,0,0,0,0,0,0,0,0.0,0.0,0.0,0.0,0,0,1,0.00,0.00,0.00,0.00,0.00,0.00,0.00,0.00,0.00,0.00,ar ARG,"MF,FW",Deportivo Riestra,Copa de la Liga,22,2002,1.2,0,0,0,0,0.00,0.00,0,0,0,0,0,0,0.0,0.0,0,0.0,0.0,ar ARG,"MF,FW",Deportivo Riestra,Copa de la Liga,22,2002,1.2,8,16,50.0,107,12,6,8,75.0,2,5,40.0,0,3,0.0,0,0.0,0.0,0.0,0,1,0,0,0,ar ARG,"MF,FW",Deportivo Riestra,Copa de la Liga,22,2002,1.2,16,16,0,0,1,0,0,0,0,0,0,0,8,0,0,ar ARG,"MF,FW",Deportivo Riestra,Copa de la Liga,22,2002,1.2,0,0.00,0,0,0,0,0,0,0,0.00,0,0,0,0,0,0,ar ARG,"MF,FW",Deportivo Riestra,Copa de la Liga,22,2002,1.2,3,2,1,2,0,1,2,50.0,1,5,1,4,5,8,4,0,ar ARG,"MF,FW",Deportivo Riestra,Copa de la Liga,22,2002,1.2,35,2,16,17,2,0,35,0,0,0,0,0,8,32,18,0,0,0,2,0,5,1,ar ARG,"MF,FW",Deportivo Riestra,Copa de la Liga,22,2002,3,105,35,8.3,1.2,1,45,0,2,30,0,1.33,0,4,-4,-3.43,-3.12,0.4,1.9,-1.5,-1.32,-0.59,ar ARG,"MF,FW",Deportivo Riestra,Copa de la Liga,22,2002,1.2,0,0,0,1,1,0,0,5,2,0,0,0,6,0,1,0.0
Miguel Borja,co COL,FW,River Plate,Copa de la Liga,31,1993,12,11,887,9.9,12,0,12,12,0,0,1,0,6.6,6.6,0.7,7.3,9,16,54,1.22,0.00,1.22,1.22,1.22,0.67,0.07,0.74,0.67,0.74,co COL,FW,River Plate,Copa de la Liga,31,1993,9.9,12,37,18,48.6,3.75,1.83,0.32,0.67,12.5,0,0,0,6.6,6.6,0.18,+5.4,+5.4,co COL,FW,River Plate,Copa de la Liga,31,1993,9.9,102,153,66.7,1785,353,51,68,75.0,31,44,70.5,16,19,84.2,0,0.7,0.7,-0.7,10,5,5,3,16,co COL,FW,River Plate,Copa de la Liga,31,1993,9.9,153,147,6,0,1,1,5,0,0,0,0,0,102,0,9,co COL,FW,River Plate,Copa de la Liga,31,1993,9.9,21,2.13,16,0,1,3,0,1,0,0.00,0,0,0,0,0,0,co COL,FW,River Plate,Copa de la Liga,31,1993,9.9,8,5,0,4,4,5,9,55.6,4,9,2,7,1,9,3,0,co COL,FW,River Plate,Copa de la Liga,31,1993,9.9,256,4,9,101,149,59,256,10,5,50.0,4,40.0,142,550,208,9,8,5,25,12,180,54,co COL,FW,River Plate,Copa de la Liga,31,1993,12,887,74,70.4,9.9,11,78,4,1,25,0,1.77,20,7,+13,+1.32,+0.60,15.6,8.3,+7.3,+0.74,-0.79,co COL,FW,River Plate,Copa de la Liga,31,1993,9.9,1,0,0,12,4,9,5,1,5,0,0,0,17,13,10,56.5
Sebastián Boselli,uy URU,DF,River Plate,Copa de la Liga,20,2003,5,4,322,3.6,0,1,1,0,0,0,1,0,0.1,0.1,0.3,0.5,3,26,2,0.00,0.28,0.28,0.00,0.28,0.04,0.10,0.14,0.04,0.14,uy URU,DF,River Plate,Copa de la Liga,20,2003,3.6,0,1,0,0.0,0.28,0.00,0.00,0,10.6,0,0,0,0.1,0.1,0.15,-0.1,-0.1,uy URU,DF,River Plate,Copa de la Liga,20,2003,3.6,217,253,85.8,4091,1454,75,89,84.3,120,128,93.8,20,30,66.7,1,0.3,0.1,+0.7,2,24,1,1,26,uy URU,DF,River Plate,Copa de la Liga,20,2003,3.6,253,232,21,9,0,0,1,12,0,0,0,0,217,0,5,uy URU,DF,River Plate,Copa de la Liga,20,2003,3.6,2,0.56,1,1,0,0,0,0,1,0.28,1,0,0,0,0,0,uy URU,DF,River Plate,Copa de la Liga,20,2003,3.6,7,4,4,3,0,4,9,44.4,5,4,0,4,6,13,7,1,uy URU,DF,River Plate,Copa de la Liga,20,2003,3.6,281,11,104,161,18,3,281,3,1,33.3,2,66.7,162,721,388,3,1,0,2,2,183,2,uy URU,DF,River Plate,Copa de la Liga,20,2003,5,322,64,25.6,3.6,4,79,3,1,7,5,1.80,4,3,+1,+0.28,-1.16,5.7,3.6,+2.1,+0.59,-0.51,uy URU,DF,River Plate,Copa de la Liga,20,2003,3.6,1,0,0,4,1,0,1,6,4,0,0,0,20,11,8,57.9
Rubén Botta,ar ARG,"FW,MF",Talleres,Copa de la Liga,34,1990,13,12,946,10.5,2,3,5,2,0,0,1,0,1.4,1.4,1.9,3.3,35,60,89,0.19,0.29,0.48,0.19,0.48,0.13,0.18,0.32,0.13,0.32,ar ARG,"FW,MF",Talleres,Copa de la Liga,34,1990,10.5,2,22,9,40.9,2.09,0.86,0.09,0.22,22.5,6,0,0,1.4,1.4,0.06,+0.6,+0.6,ar ARG,"FW,MF",Talleres,Copa de la Liga,34,1990,10.5,279,387,72.1,5470,1669,109,130,83.8,117,148,79.1,47,78,60.3,3,1.9,1.7,+1.1,30,45,18,6,60,ar ARG,"FW,MF",Talleres,Copa de la Liga,34,1990,10.5,387,341,38,14,7,6,38,10,14,2,8,0,279,8,15,ar ARG,"FW,MF",Talleres,Copa de la Liga,34,1990,10.5,59,5.61,38,6,4,4,7,0,4,0.38,2,1,1,0,0,0,ar ARG,"FW,MF",Talleres,Copa de la Liga,34,1990,10.5,18,15,5,10,3,12,22,54.5,10,6,0,6,1,19,3,0,ar ARG,"FW,MF",Talleres,Copa de la Liga,34,1990,10.5,520,5,31,275,224,24,520,65,37,56.9,24,36.9,339,2280,1161,35,26,8,31,24,371,89,ar ARG,"FW,MF",Talleres,Copa de la Liga,34,1990,13,946,73,75.1,10.5,12,75,2,1,45,0,1.77,22,13,+9,+0.86,+1.14,16.0,10.8,+5.2,+0.49,+0.15,ar ARG,"FW,MF",Talleres,Copa de la Liga,34,1990,10.5,1,0,0,10,22,3,38,1,15,0,1,0,58,2,7,22.2
Gustavo Bou,ar ARG,"FW,MF",Talleres,Copa de la Liga,33,1990,7,2,221,2.5,1,0,1,1,0,0,1,0,0.4,0.4,0.1,0.5,3,3,13,0.41,0.00,0.41,0.41,0.41,0.16,0.04,0.20,0.16,0.20,ar ARG,"FW,MF",Talleres,Copa de la Liga,33,1990,2.5,1,6,3,50.0,2.44,1.22,0.17,0.33,20.9,0,0,0,0.4,0.4,0.06,+0.6,+0.6,ar ARG,"FW,MF",Talleres,Copa de la Liga,33,1990,2.5,32,52,61.5,530,135,21,30,70.0,7,12,58.3,3,6,50.0,0,0.1,0.2,-0.1,4,2,4,2,3,ar ARG,"FW,MF",Talleres,Copa de la Liga,33,1990,2.5,52,47,5,0,0,1,7,0,1,0,1,0,32,0,3,ar ARG,"FW,MF",Talleres,Copa de la Liga,33,1990,2.5,7,2.85,5,1,0,1,0,0,2,0.81,1,0,0,1,0,0,ar ARG,"FW,MF",Talleres,Copa de la Liga,33,1990,2.5,2,2,0,2,0,1,2,50.0,1,3,1,2,1,3,0,0,ar ARG,"FW,MF",Talleres,Copa de la Liga,33,1990,2.5,80,1,6,35,40,7,80,4,1,25.0,3,75.0,45,305,84,3,2,0,9,4,52,13,ar ARG,"FW,MF",Talleres,Copa de la Liga,33,1990,7,221,32,17.5,2.5,2,68,0,5,17,4,1.43,5,4,+1,+0.41,-0.20,2.2,3.0,-0.8,-0.33,-0.96,ar ARG,"FW,MF",Talleres,Copa de la Liga,33,1990,2.5,1,0,0,2,0,7,7,1,2,0,0,0,7,3,3,50.0
Walter Bou,ar ARG,"FW,MF",Lanús,Copa de la Liga,30,1993,14,13,"1,062",11.8,6,2,8,6,0,0,1,0,5.2,5.2,1.4,6.6,15,37,87,0.51,0.17,0.68,0.51,0.68,0.44,0.12,0.56,0.44,0.56,ar ARG,"FW,MF",Lanús,Copa de la Liga,30,1993,11.8,6,45,14,31.1,3.81,1.19,0.13,0.43,17.4,0,0,0,5.2,5.2,0.12,+0.8,+0.8,ar ARG,"FW,MF",Lanús,Copa de la Liga,30,1993,11.8,220,343,64.1,3058,925,133,176,75.6,62,94,66.0,12,25,48.0,2,1.4,1.1,+0.6,15,22,16,5,37,ar ARG,"FW,MF",Lanús,Copa de la Liga,30,1993,11.8,343,321,22,3,4,2,20,11,2,1,1,0,220,0,20,ar ARG,"FW,MF",Lanús,Copa de la Liga,30,1993,11.8,36,3.05,23,1,3,6,2,1,6,0.51,2,0,2,1,1,0,ar ARG,"FW,MF",Lanús,Copa de la Liga,30,1993,11.8,17,11,2,11,4,4,15,26.7,11,14,3,11,4,21,14,0,ar ARG,"FW,MF",Lanús,Copa de la Liga,30,1993,11.8,508,19,45,204,268,52,508,27,17,63.0,9,33.3,271,1161,445,15,12,7,31,16,339,87,ar ARG,"FW,MF",Lanús,Copa de la Liga,30,1993,14,"1,062",76,84.3,11.8,13,80,7,1,19,0,1.64,18,12,+6,+0.51,+0.51,15.5,9.7,+5.7,+0.49,+0.38,ar ARG,"FW,MF",Lanús,Copa de la Liga,30,1993,11.8,1,0,0,12,7,12,20,4,11,0,0,0,38,11,17,39.3
Agustín Bouzat,ar ARG,MF,Vélez Sarsfield,Copa de la Liga,29,1994,12,8,733,8.1,0,0,0,0,0,0,4,0,0.2,0.2,0.2,0.4,14,54,8,0.00,0.00,0.00,0.00,0.00,0.02,0.03,0.04,0.02,0.04,ar ARG,MF,Vélez Sarsfield,Copa de la Liga,29,1994,8.1,0,4,2,50.0,0.49,0.25,0.00,0.00,22.6,0,0,0,0.2,0.2,0.04,-0.2,-0.2,ar ARG,MF,Vélez Sarsfield,Copa de la Liga,29,1994,8.1,317,430,73.7,5023,1924,163,198,82.3,122,162,75.3,19,42,45.2,0,0.2,0.6,-0.2,5,40,5,3,54,ar ARG,MF,Vélez Sarsfield,Copa de la Liga,29,1994,8.1,430,416,12,5,0,5,12,6,1,0,1,0,317,2,8,ar ARG,MF,Vélez Sarsfield,Copa de la Liga,29,1994,8.1,15,1.84,11,1,2,0,1,0,1,0.12,1,0,0,0,0,0,ar ARG,MF,Vélez Sarsfield,Copa de la Liga,29,1994,8.1,23,11,11,10,2,8,23,34.8,15,15,2,13,10,33,14,0,ar ARG,MF,Vélez Sarsfield,Copa de la Liga,29,1994,8.1,543,20,122,340,85,7,543,23,10,43.5,12,52.2,281,1524,807,14,12,1,14,7,319,8,ar ARG,MF,Vélez Sarsfield,Copa de la Liga,29,1994,12,733,61,58.2,8.1,8,80,4,4,24,0,1.93,10,4,+6,+0.74,+1.59,10.5,6.2,+4.2,+0.52,+0.41,ar ARG,MF,Vélez Sarsfield,Copa de la Liga,29,1994,8.1,4,0,0,18,14,0,12,10,11,0,0,0,67,11,19,36.7
Malcom Braida,ar ARG,"DF,MF",San Lorenzo,Copa de la Liga,26,1997,13,13,"1,170",13.0,0,0,0,0,0,0,1,0,0.3,0.3,1.1,1.5,28,43,65,0.00,0.00,0.00,0.00,0.00,0.03,0.09,0.11,0.03,0.11,ar ARG,"DF,MF",San Lorenzo,Copa de la Liga,26,1997,13.0,0,12,3,25.0,0.92,0.23,0.00,0.00,23.2,0,0,0,0.3,0.3,0.03,-0.3,-0.3,ar ARG,"DF,MF",San Lorenzo,Copa de la Liga,26,1997,13.0,391,548,71.4,6187,2713,210,246,85.4,117,173,67.6,39,72,54.2,0,1.1,1.0,-1.1,17,25,15,8,43,ar ARG,"DF,MF",San Lorenzo,Copa de la Liga,26,1997,13.0,548,436,110,5,0,2,42,103,2,1,1,0,391,2,21,ar ARG,"DF,MF",San Lorenzo,Copa de la Liga,26,1997,13.0,32,2.46,17,3,3,1,5,3,2,0.15,1,0,0,0,0,1,ar ARG,"DF,MF",San Lorenzo,Copa de la Liga,26,1997,13.0,33,26,11,16,6,17,28,60.7,11,18,4,14,10,43,17,0,ar ARG,"DF,MF",San Lorenzo,Copa de la Liga,26,1997,13.0,725,24,158,322,259,26,725,52,18,34.6,26,50.0,335,1965,1036,28,29,4,29,14,377,65,ar ARG,"DF,MF",San Lorenzo,Copa de la Liga,26,1997,13,"1,170",90,92.9,13.0,13,90,13,0,0,0,1.23,10,12,-2,-0.15,+1.85,11.6,9.9,+1.7,+0.13,+1.26,ar ARG,"DF,MF",San Lorenzo,Copa de la Liga,26,1997,13.0,1,0,0,16,23,1,42,10,26,0,0,0,86,15,13,53.6
Agustin Bravo,ar ARG,DF,Rosario Central,Copa de la Liga,22,2001,2,1,60,0.7,0,0,0,0,0,0,0,0,0.0,0.0,0.0,0.0,0,3,0,0.00,0.00,0.00,0.00,0.00,0.00,0.00,0.00,0.00,0.00,ar ARG,DF,Rosario Central,Copa de la Liga,22,2001,0.7,0,0,0,0,0.00,0.00,0,0,0,0,0,0,0.0,0.0,0,0.0,0.0,ar ARG,DF,Rosario Central,Copa de la Liga,22,2001,0.7,14,17,82.4,298,198,9,9,100.0,1,1,100.0,4,6,66.7,0,0.0,0.0,0.0,0,3,0,0,3,ar ARG,DF,Rosario Central,Copa de la Liga,22,2001,0.7,17,17,0,0,0,1,0,0,0,0,0,0,14,0,1,ar ARG,DF,Rosario Central,Copa de la Liga,22,2001,0.7,1,1.48,1,0,0,0,0,0,1,1.48,1,0,0,0,0,0,ar ARG,DF,Rosario Central,Copa de la Liga,22,2001,0.7,2,2,2,0,0,2,3,66.7,1,3,0,3,1,3,8,0,ar ARG,DF,Rosario Central,Copa de la Liga,22,2001,0.7,31,10,18,13,0,0,31,0,0,0,0,0,13,111,88,0,0,0,0,0,15,0,ar ARG,DF,Rosario Central,Copa de la Liga,22,2001,2,60,30,4.8,0.7,1,54,0,1,6,5,0.50,1,0,+1,+1.50,+2.17,0.4,1.3,-0.9,-1.32,-0.83,ar ARG,DF,Rosario Central,Copa de la Liga,22,2001,0.7,0,0,0,0,0,0,0,1,2,0,0,0,2,0,0,0
Gonzalo Bravo,ar ARG,"MF,FW",Deportivo Riestra,Copa de la Liga,33,1990,6,1,153,1.7,0,0,0,0,0,0,1,0,0.1,0.1,0.1,0.2,3,3,10,0.00,0.00,0.00,0.00,0.00,0.05,0.05,0.10,0.05,0.10,ar ARG,"MF,FW",Deportivo Riestra,Copa de la Liga,33,1990,1.7,0,2,0,0.0,1.18,0.00,0.00,0,15.6,0,0,0,0.1,0.1,0.04,-0.1,-0.1,ar ARG,"MF,FW",Deportivo Riestra,Copa de la Liga,33,1990,1.7,22,38,57.9,349,135,11,18,61.1,9,12,75.0,2,3,66.7,0,0.1,0.1,-0.1,3,2,1,1,3,ar ARG,"MF,FW",Deportivo Riestra,Copa de la Liga,33,1990,1.7,38,35,3,0,0,0,4,1,2,1,1,0,22,0,4,ar ARG,"MF,FW",Deportivo Riestra,Copa de la Liga,33,1990,1.7,7,4.12,4,1,1,0,1,0,0,0.00,0,0,0,0,0,0,ar ARG,"MF,FW",Deportivo Riestra,Copa de la Liga,33,1990,1.7,2,1,0,0,2,1,3,33.3,2,0,0,0,0,2,0,0,ar ARG,"MF,FW",Deportivo Riestra,Copa de la Liga,33,1990,1.7,61,0,5,23,34,5,61,7,4,57.1,3,42.9,39,162,48,3,3,0,12,2,51,10,ar ARG,"MF,FW",Deportivo Riestra,Copa de la Liga,33,1990,6,153,26,12.1,1.7,1,56,0,5,19,1,0.33,0,0,0,0.00,+0.65,1.1,3.1,-1.9,-1.13,-0.39,ar ARG,"MF,FW",Deportivo Riestra,Copa de la Liga,33,1990,1.7,1,0,0,5,2,1,4,0,1,0,0,0,3,2,2,50.0
Néstor Breitenbruch,ar ARG,DF,Atlé Tucumán,Copa de la Liga,28,1995,6,5,432,4.8,0,0,0,0,0,0,1,0,0.3,0.3,0.1,0.3,5,18,10,0.00,0.00,0.00,0.00,0.00,0.05,0.01,0.07,0.05,0.07,ar ARG,DF,Atlé Tucumán,Copa de la Liga,28,1995,4.8,0,5,0,0.0,1.04,0.00,0.00,0,11.1,0,0,0,0.3,0.3,0.05,-0.3,-0.3,ar ARG,DF,Atlé Tucumán,Copa de la Liga,28,1995,4.8,145,215,67.4,3044,1538,50,65,76.9,73,95,76.8,21,46,45.7,0,0.1,0.2,-0.1,1,18,5,4,18,ar ARG,DF,Atlé Tucumán,Copa de la Liga,28,1995,4.8,215,168,47,2,0,5,17,45,0,0,0,0,145,0,4,ar ARG,DF,Atlé Tucumán,Copa de la Liga,28,1995,4.8,4,0.83,3,0,0,1,0,0,0,0.00,0,0,0,0,0,0,ar ARG,DF,Atlé Tucumán,Copa de la Liga,28,1995,4.8,12,3,8,4,0,5,9,55.6,4,7,0,7,6,18,12,0,ar ARG,DF,Atlé Tucumán,Copa de la Liga,28,1995,4.8,269,16,86,117,69,17,269,2,0,0.0,1,50.0,111,547,343,5,4,1,4,1,130,10,ar ARG,DF,Atlé Tucumán,Copa de la Liga,28,1995,6,432,72,34.3,4.8,5,84,4,1,10,2,0.67,0,3,-3,-0.62,+0.68,5.4,6.5,-1.0,-0.21,-0.12,ar ARG,DF,Atlé Tucumán,Copa de la Liga,28,1995,4.8,1,0,0,8,2,0,17,6,3,0,1,0,25,14,5,73.7
Leandro Brey,ar ARG,GK,Boca Juniors,Copa de la Liga,21,2002,4,3,223,2.5,0,0,0,0,0,0,1,0,0.0,0.0,0.0,0.0,0,0,3,0.00,0.00,0.00,0.00,0.00,0.00,0.00,0.00,0.00,0.00,ar ARG,GK,Boca Juniors,Copa de la Liga,21,2002,2.5,0,0,0,0,0.00,0.00,0,0,0,0,0,0,0.0,0.0,0,0.0,0.0,ar ARG,GK,Boca Juniors,Copa de la Liga,21,2002,2.5,45,65,69.2,972,452,13,13,100.0,22,23,95.7,8,27,29.6,0,0.0,0.2,0.0,0,0,0,0,0,ar ARG,GK,Boca Juniors,Copa de la Liga,21,2002,2.5,65,39,26,4,0,0,0,0,0,0,0,0,45,0,0,ar ARG,GK,Boca Juniors,Copa de la Liga,21,2002,2.5,0,0.00,0,0,0,0,0,0,0,0.00,0,0,0,0,0,0,ar ARG,GK,Boca Juniors,Copa de la Liga,21,2002,2.5,0,0,0,0,0,0,0,0,0,0,0,0,0,0,0,0,ar ARG,GK,Boca Juniors,Copa de la Liga,21,2002,2.5,68,53,57,0,11,9,68,0,0,0,0,0,32,201,140,0,1,0,0,0,20,3,ar ARG,GK,Boca Juniors,Copa de la Liga,21,2002,4,223,56,17.7,2.5,3,68,2,1,18,1,2.25,6,2,+4,+1.61,+1.27,4.9,1.9,+3.0,+1.20,+0.69,ar ARG,GK,Boca Juniors,Copa de la Liga,21,2002,2.5,1,0,0,0,0,0,0,0,0,0,0,0,2,3,0,100.0
Norberto Briasco,am ARM,"FW,MF",Boca Juniors,Copa de la Liga,27,1996,3,0,21,0.2,0,0,0,0,0,0,1,0,0.0,0.0,0.0,0.0,2,0,5,0.00,0.00,0.00,0.00,0.00,0.00,0.07,0.07,0.00,0.07,am ARM,"FW,MF",Boca Juniors,Copa de la Liga,27,1996,0.2,0,0,0,0,0.00,0.00,0,0,0,0,0,0,0.0,0.0,0,0.0,0.0,am ARM,"FW,MF",Boca Juniors,Copa de la Liga,27,1996,0.2,7,9,77.8,143,88,4,5,80.0,1,1,100.0,2,2,100.0,0,0.0,0.0,0.0,1,1,0,0,0,am ARM,"FW,MF",Boca Juniors,Copa de la Liga,27,1996,0.2,9,8,1,0,0,0,2,0,1,0,1,0,7,0,1,am ARM,"FW,MF",Boca Juniors,Copa de la Liga,27,1996,0.2,2,8.57,1,1,0,0,0,0,1,4.29,1,0,0,0,0,0,am ARM,"FW,MF",Boca Juniors,Copa de la Liga,27,1996,0.2,3,1,1,1,1,0,1,0.0,1,0,0,0,0,3,0,0,am ARM,"FW,MF",Boca Juniors,Copa de la Liga,27,1996,0.2,13,0,3,2,8,1,13,0,0,0,0,0,9,68,26,2,0,1,0,2,9,5,am ARM,"FW,MF",Boca Juniors,Copa de la Liga,27,1996,3,21,7,1.7,0.2,0,0,0,3,7,4,2.33,1,1,0,0.00,-0.58,0.5,0.3,+0.2,+0.82,+0.19,am ARM,"FW,MF",Boca Juniors,Copa de la Liga,27,1996,0.2,1,0,0,2,3,0,2,0,1,0,0,0,2,1,1,50.0
Miguel Brizuela,ar ARG,DF,Instituto,Copa de la Liga,27,1997,11,11,915,10.2,0,0,0,0,0,0,2,0,0.7,0.7,0.2,0.9,3,45,0,0.00,0.00,0.00,0.00,0.00,0.07,0.02,0.09,0.07,0.09,ar ARG,DF,Instituto,Copa de la Liga,27,1997,10.2,0,10,1,10.0,0.98,0.10,0.00,0.00,15.4,1,0,0,0.7,0.7,0.07,-0.7,-0.7,ar ARG,DF,Instituto,Copa de la Liga,27,1997,10.2,255,334,76.3,5423,2856,82,92,89.1,122,149,81.9,49,82,59.8,0,0.2,0.2,-0.2,2,47,1,0,45,ar ARG,DF,Instituto,Copa de la Liga,27,1997,10.2,334,303,26,23,0,2,0,0,0,0,0,0,255,5,2,ar ARG,DF,Instituto,Copa de la Liga,27,1997,10.2,6,0.59,4,0,0,2,0,0,0,0.00,0,0,0,0,0,0,ar ARG,DF,Instituto,Copa de la Liga,27,1997,10.2,13,9,8,5,0,8,16,50.0,8,8,2,6,8,21,39,1,ar ARG,DF,Instituto,Copa de la Liga,27,1997,10.2,432,50,192,224,18,11,432,0,0,0,0,0,183,967,624,3,1,0,3,2,197,0,ar ARG,DF,Instituto,Copa de la Liga,27,1997,11,915,83,72.6,10.2,11,83,9,0,0,0,1.00,11,13,-2,-0.20,-0.98,12.5,9.2,+3.3,+0.33,-0.79,ar ARG,DF,Instituto,Copa de la Liga,27,1997,10.2,2,0,0,9,2,0,0,8,9,0,0,1,37,30,29,50.8
Lucas Brochero,ar ARG,FW,Barracas Central,Copa de la Liga,25,1999,12,12,740,8.2,3,1,4,3,0,0,0,0,1.4,1.4,0.6,2.0,21,24,44,0.36,0.12,0.49,0.36,0.49,0.17,0.08,0.24,0.17,0.24,ar ARG,FW,Barracas Central,Copa de la Liga,25,1999,8.2,3,12,5,41.7,1.46,0.61,0.25,0.60,19.4,0,0,0,1.4,1.4,0.11,+1.6,+1.6,ar ARG,FW,Barracas Central,Copa de la Liga,25,1999,8.2,129,206,62.6,1911,713,66,88,75.0,39,58,67.2,9,26,34.6,1,0.6,0.6,+0.4,10,10,8,3,24,ar ARG,FW,Barracas Central,Copa de la Liga,25,1999,8.2,206,190,16,5,0,1,34,1,10,2,3,0,129,0,10,ar ARG,FW,Barracas Central,Copa de la Liga,25,1999,8.2,19,2.31,11,3,2,1,2,0,3,0.36,3,0,0,0,0,0,ar ARG,FW,Barracas Central,Copa de la Liga,25,1999,8.2,12,8,3,7,2,5,13,38.5,8,6,2,4,7,19,14,0,ar ARG,FW,Barracas Central,Copa de la Liga,25,1999,8.2,292,12,61,133,105,11,292,23,6,26.1,14,60.9,171,1046,557,21,16,1,12,10,175,44,ar ARG,FW,Barracas Central,Copa de la Liga,25,1999,12,740,62,58.7,8.2,12,62,0,0,0,0,1.69,15,7,+8,+0.97,+1.49,9.5,12.5,-3.0,-0.36,-0.42,ar ARG,FW,Barracas Central,Copa de la Liga,25,1999,8.2,0,0,0,8,13,1,34,7,8,0,0,0,39,4,10,28.6
Jorge Broun,ar ARG,GK,Rosario Central,Copa de la Liga,37,1986,13,13,"1,170",13.0,0,0,0,0,0,0,2,0,0.0,0.0,0.0,0.0,0,0,0,0.00,0.00,0.00,0.00,0.00,0.00,0.00,0.00,0.00,0.00,ar ARG,GK,Rosario Central,Copa de la Liga,37,1986,13.0,0,0,0,0,0.00,0.00,0,0,0,0,0,0,0.0,0.0,0,0.0,0.0,ar ARG,GK,Rosario Central,Copa de la Liga,37,1986,13.0,203,337,60.2,6580,5282,22,22,100.0,89,92,96.7,92,223,41.3,0,0.0,0.0,0.0,0,2,0,0,0,ar ARG,GK,Rosario Central,Copa de la Liga,37,1986,13.0,337,179,158,38,0,0,0,0,0,0,0,0,203,0,0,ar ARG,GK,Rosario Central,Copa de la Liga,37,1986,13.0,0,0.00,0,0,0,0,0,0,0,0.00,0,0,0,0,0,0,ar ARG,GK,Rosario Central,Copa de la Liga,37,1986,13.0,1,1,1,0,0,1,2,50.0,1,0,0,0,0,1,5,0,ar ARG,GK,Rosario Central,Copa de la Liga,37,1986,13.0,367,322,364,3,0,0,367,0,0,0,0,0,158,1035,716,0,0,0,0,0,88,0,ar ARG,GK,Rosario Central,Copa de la Liga,37,1986,13,"1,170",90,92.9,13.0,13,90,13,0,0,1,1.15,9,16,-7,-0.54,+0.46,10.9,16.1,-5.2,-0.40,+1.83,ar ARG,GK,Rosario Central,Copa de la Liga,37,1986,13.0,2,0,0,0,3,0,0,0,1,0,0,0,5,1,0,100.0
Julio Buffarini,ar ARG,DF,Independiente,Copa de la Liga,35,1988,1,1,67,0.7,0,0,0,0,0,0,0,0,0.0,0.0,0.0,0.0,0,2,2,0.00,0.00,0.00,0.00,0.00,0.01,0.00,0.01,0.01,0.01,ar ARG,DF,Independiente,Copa de la Liga,35,1988,0.7,0,1,0,0.0,1.34,0.00,0.00,0,35.4,0,0,0,0.0,0.0,0.01,0.0,0.0,ar ARG,DF,Independiente,Copa de la Liga,35,1988,0.7,20,29,69.0,264,114,11,11,100.0,7,15,46.7,0,0,0,0,0.0,0.0,0.0,0,0,1,0,2,ar ARG,DF,Independiente,Copa de la Liga,35,1988,0.7,29,25,4,0,0,0,1,4,0,0,0,0,20,0,0,ar ARG,DF,Independiente,Copa de la Liga,35,1988,0.7,0,0.00,0,0,0,0,0,0,0,0.00,0,0,0,0,0,0,ar ARG,DF,Independiente,Copa de la Liga,35,1988,0.7,5,3,1,4,0,3,4,75.0,1,1,0,1,2,7,0,0,ar ARG,DF,Independiente,Copa de la Liga,35,1988,0.7,39,1,15,16,8,1,39,1,1,100.0,0,0.0,20,70,34,0,1,0,1,0,20,2,ar ARG,DF,Independiente,Copa de la Liga,35,1988,1,67,67,5.3,0.7,1,67,0,0,0,9,1.00,2,2,0,0.00,-0.30,0.5,0.7,-0.2,-0.24,-0.74,ar ARG,DF,Independiente,Copa de la Liga,35,1988,0.7,0,0,0,0,0,0,1,2,3,0,0,0,3,0,0,0
Ezequiel Bullaude,ar ARG,"MF,FW",Boca Juniors,Copa de la Liga,23,2000,5,2,218,2.4,0,0,0,0,0,0,2,0,0.5,0.5,1.0,1.4,6,14,13,0.00,0.00,0.00,0.00,0.00,0.19,0.40,0.58,0.19,0.58,ar ARG,"MF,FW",Boca Juniors,Copa de la Liga,23,2000,2.4,0,2,2,100.0,0.83,0.83,0.00,0.00,8.9,0,0,0,0.5,0.5,0.23,-0.5,-0.5,ar ARG,"MF,FW",Boca Juniors,Copa de la Liga,23,2000,2.4,70,92,76.1,1049,246,38,42,90.5,28,34,82.4,1,6,16.7,0,1.0,0.2,-1.0,4,10,4,0,14,ar ARG,"MF,FW",Boca Juniors,Copa de la Liga,23,2000,2.4,92,91,1,0,0,0,2,1,0,0,0,0,70,0,4,ar ARG,"MF,FW",Boca Juniors,Copa de la Liga,23,2000,2.4,7,2.89,5,0,1,0,0,1,0,0.00,0,0,0,0,0,0,ar ARG,"MF,FW",Boca Juniors,Copa de la Liga,23,2000,2.4,4,3,0,3,1,2,3,66.7,1,4,0,4,1,5,1,0,ar ARG,"MF,FW",Boca Juniors,Copa de la Liga,23,2000,2.4,123,1,13,72,45,3,123,13,7,53.8,6,46.2,75,502,217,6,8,0,7,7,83,13,ar ARG,"MF,FW",Boca Juniors,Copa de la Liga,23,2000,5,218,44,17.3,2.4,2,67,0,3,28,6,1.60,2,1,+1,+0.41,-0.19,3.2,2.2,+1.0,+0.41,-0.26,ar ARG,"MF,FW",Boca Juniors,Copa de la Liga,23,2000,2.4,2,0,0,2,2,1,2,1,3,0,0,0,17,2,5,28.6
Guillermo Burdisso,ar ARG,DF,Huracán,Copa de la Liga,35,1988,1,0,85,0.9,0,0,0,0,0,0,0,0,0.0,0.0,0.0,0.0,0,0,0,0.00,0.00,0.00,0.00,0.00,0.00,0.00,0.00,0.00,0.00,ar ARG,DF,Huracán,Copa de la Liga,35,1988,0.9,0,0,0,0,0.00,0.00,0,0,0,0,0,0,0.0,0.0,0,0.0,0.0,ar ARG,DF,Huracán,Copa de la Liga,35,1988,0.9,32,43,74.4,536,303,19,21,90.5,10,13,76.9,3,8,37.5,0,0.0,0.0,0.0,0,3,0,0,0,ar ARG,DF,Huracán,Copa de la Liga,35,1988,0.9,43,39,4,2,0,0,0,1,0,0,0,0,32,0,1,ar ARG,DF,Huracán,Copa de la Liga,35,1988,0.9,0,0.00,0,0,0,0,0,0,0,0.00,0,0,0,0,0,0,ar ARG,DF,Huracán,Copa de la Liga,35,1988,0.9,1,1,1,0,0,0,1,0.0,1,1,1,0,4,5,9,0,ar ARG,DF,Huracán,Copa de la Liga,35,1988,0.9,57,13,37,20,0,0,57,0,0,0,0,0,20,68,24,0,0,0,0,1,22,0,ar ARG,DF,Huracán,Copa de la Liga,35,1988,1,85,85,6.7,0.9,0,0,0,1,85,13,0.00,1,3,-2,-2.12,-2.27,0.9,2.3,-1.4,-1.49,-1.31,ar ARG,DF,Huracán,Copa de la Liga,35,1988,0.9,0,0,0,1,2,0,0,4,1,0,0,0,4,4,4,50.0
Valentín Burgoa,ar ARG,"MF,FW",Godoy Cruz,Copa de la Liga,24,2000,6,3,195,2.2,0,0,0,0,0,0,2,0,0.1,0.1,0.1,0.1,4,5,17,0.00,0.00,0.00,0.00,0.00,0.03,0.03,0.07,0.03,0.07,ar ARG,"MF,FW",Godoy Cruz,Copa de la Liga,24,2000,2.2,0,3,1,33.3,1.38,0.46,0.00,0.00,20.1,0,0,0,0.1,0.1,0.03,-0.1,-0.1,ar ARG,"MF,FW",Godoy Cruz,Copa de la Liga,24,2000,2.2,40,59,67.8,718,224,22,25,88.0,12,16,75.0,5,14,35.7,0,0.1,0.1,-0.1,2,2,3,1,5,ar ARG,"MF,FW",Godoy Cruz,Copa de la Liga,24,2000,2.2,59,50,9,4,0,1,12,0,5,0,2,0,40,0,3,ar ARG,"MF,FW",Godoy Cruz,Copa de la Liga,24,2000,2.2,6,2.77,4,0,1,0,0,1,0,0.00,0,0,0,0,0,0,ar ARG,"MF,FW",Godoy Cruz,Copa de la Liga,24,2000,2.2,2,1,1,1,0,1,4,25.0,3,3,0,3,2,4,2,0,ar ARG,"MF,FW",Godoy Cruz,Copa de la Liga,24,2000,2.2,101,2,10,41,51,2,101,12,5,41.7,6,50.0,55,297,126,4,2,1,12,3,63,17,ar ARG,"MF,FW",Godoy Cruz,Copa de la Liga,24,2000,6,195,33,15.5,2.2,3,54,0,3,11,5,2.50,3,2,+1,+0.46,-0.30,2.4,2.1,+0.3,+0.16,-0.19,ar ARG,"MF,FW",Godoy Cruz,Copa de la Liga,24,2000,2.2,2,0,0,4,3,0,12,2,1,0,0,0,13,0,2,0.0
Esteban Burgos,ar ARG,DF,Defensa y Just,Copa de la Liga,32,1992,5,3,306,3.4,0,0,0,0,0,0,1,0,0.1,0.1,0.0,0.1,1,9,0,0.00,0.00,0.00,0.00,0.00,0.03,0.00,0.03,0.03,0.03,ar ARG,DF,Defensa y Just,Copa de la Liga,32,1992,3.4,0,3,0,0.0,0.88,0.00,0.00,0,18.1,0,0,0,0.1,0.1,0.03,-0.1,-0.1,ar ARG,DF,Defensa y Just,Copa de la Liga,32,1992,3.4,145,173,83.8,3567,1338,26,29,89.7,85,92,92.4,34,51,66.7,0,0.0,0.0,0.0,0,8,0,0,9,ar ARG,DF,Defensa y Just,Copa de la Liga,32,1992,3.4,173,163,10,10,0,6,0,0,0,0,0,0,145,0,0,ar ARG,DF,Defensa y Just,Copa de la Liga,32,1992,3.4,2,0.59,0,0,0,1,0,1,0,0.00,0,0,0,0,0,0,ar ARG,DF,Defensa y Just,Copa de la Liga,32,1992,3.4,1,1,1,0,0,1,2,50.0,1,4,4,0,4,5,23,0,ar ARG,DF,Defensa y Just,Copa de la Liga,32,1992,3.4,211,38,142,67,2,2,211,0,0,0,0,0,116,411,245,1,0,0,1,0,130,0,ar ARG,DF,Defensa y Just,Copa de la Liga,32,1992,5,306,61,24.3,3.4,3,90,3,2,18,4,2.33,4,1,+3,+0.88,+0.79,4.3,3.1,+1.2,+0.35,+0.51,ar ARG,DF,Defensa y Just,Copa de la Liga,32,1992,3.4,1,0,0,3,2,0,0,4,1,0,1,0,7,4,1,80.0
Nahuel Bustos,ar ARG,"FW,MF",Talleres,Copa de la Liga,25,1998,12,7,618,6.9,1,1,2,1,0,1,2,0,2.4,1.6,0.8,2.4,4,8,21,0.15,0.15,0.29,0.15,0.29,0.34,0.12,0.47,0.23,0.35,ar ARG,"FW,MF",Talleres,Copa de la Liga,25,1998,6.9,1,15,7,46.7,2.18,1.02,0.07,0.14,20.3,4,0,1,2.4,1.6,0.11,-1.4,-0.6,ar ARG,"FW,MF",Talleres,Copa de la Liga,25,1998,6.9,68,102,66.7,1116,251,31,39,79.5,21,30,70.0,7,16,43.8,1,0.8,0.7,+0.2,5,2,5,2,8,ar ARG,"FW,MF",Talleres,Copa de la Liga,25,1998,6.9,102,85,15,1,1,4,8,0,2,1,1,0,68,2,5,ar ARG,"FW,MF",Talleres,Copa de la Liga,25,1998,6.9,9,1.31,8,1,0,0,0,0,1,0.15,1,0,0,0,0,0,ar ARG,"FW,MF",Talleres,Copa de la Liga,25,1998,6.9,4,1,1,1,2,2,5,40.0,3,3,0,3,0,4,4,0,ar ARG,"FW,MF",Talleres,Copa de la Liga,25,1998,6.9,155,3,13,60,83,20,154,12,6,50.0,6,50.0,87,370,170,4,5,0,13,4,98,21,ar ARG,"FW,MF",Talleres,Copa de la Liga,25,1998,12,618,52,49.0,6.9,7,76,1,5,17,2,1.67,11,8,+3,+0.44,-0.26,8.4,8.0,+0.4,+0.06,-0.78,ar ARG,"FW,MF",Talleres,Copa de la Liga,25,1998,6.9,2,0,0,5,4,5,8,0,1,0,0,0,7,4,9,30.8
Facundo Butti,ar ARG,DF,Godoy Cruz,Copa de la Liga,23,2000,2,2,180,2.0,0,1,1,0,0,0,0,0,0.5,0.5,0.7,1.3,1,6,0,0.00,0.50,0.50,0.00,0.50,0.26,0.37,0.63,0.26,0.63,ar ARG,DF,Godoy Cruz,Copa de la Liga,23,2000,2.0,0,2,0,0.0,1.00,0.00,0.00,0,10.2,0,0,0,0.5,0.5,0.26,-0.5,-0.5,ar ARG,DF,Godoy Cruz,Copa de la Liga,23,2000,2.0,57,70,81.4,1401,498,13,15,86.7,27,33,81.8,17,21,81.0,1,0.7,0.0,+0.3,1,4,0,0,6,ar ARG,DF,Godoy Cruz,Copa de la Liga,23,2000,2.0,70,69,1,1,0,1,0,0,0,0,0,0,57,0,1,ar ARG,DF,Godoy Cruz,Copa de la Liga,23,2000,2.0,1,0.50,0,0,0,1,0,0,1,0.50,0,0,0,1,0,0,ar ARG,DF,Godoy Cruz,Copa de la Liga,23,2000,2.0,8,4,6,2,0,6,9,66.7,3,7,2,5,6,14,8,0,ar ARG,DF,Godoy Cruz,Copa de la Liga,23,2000,2.0,103,13,53,48,2,2,103,0,0,0,0,0,37,168,109,1,0,0,0,0,49,0,ar ARG,DF,Godoy Cruz,Copa de la Liga,23,2000,2,180,90,14.3,2.0,2,90,2,0,0,4,1.50,3,2,+1,+0.50,-0.25,2.1,2.7,-0.7,-0.33,-0.75,ar ARG,DF,Godoy Cruz,Copa de la Liga,23,2000,2.0,0,0,0,0,1,0,0,6,4,0,0,0,8,1,5,16.7
Alexander Byndgaard,ar ARG,"FW,MF",Banfield,Copa de la Liga,20,2003,2,0,15,0.2,0,0,0,0,0,0,0,0,0.0,0.0,0.0,0.0,2,0,4,0.00,0.00,0.00,0.00,0.00,0.00,0.09,0.09,0.00,0.09,ar ARG,"FW,MF",Banfield,Copa de la Liga,20,2003,0.2,0,0,0,0,0.00,0.00,0,0,0,0,0,0,0.0,0.0,0,0.0,0.0,ar ARG,"FW,MF",Banfield,Copa de la Liga,20,2003,0.2,7,10,70.0,88,30,6,6,100.0,1,2,50.0,0,2,0.0,0,0.0,0.1,0.0,1,0,1,1,0,ar ARG,"FW,MF",Banfield,Copa de la Liga,20,2003,0.2,10,8,2,0,0,0,4,0,2,1,1,0,7,0,0,ar ARG,"FW,MF",Banfield,Copa de la Liga,20,2003,0.2,2,12.00,1,0,1,0,0,0,0,0.00,0,0,0,0,0,0,ar ARG,"FW,MF",Banfield,Copa de la Liga,20,2003,0.2,0,0,0,0,0,0,0,0,0,1,0,1,0,0,0,0,ar ARG,"FW,MF",Banfield,Copa de la Liga,20,2003,0.2,15,0,3,1,11,1,15,4,2,50.0,2,50.0,8,64,35,2,1,0,0,0,7,4,ar ARG,"FW,MF",Banfield,Copa de la Liga,20,2003,2,15,8,1.2,0.2,0,0,0,2,8,1,0.50,0,0,0,0.00,+0.07,0.1,0.2,-0.1,-0.41,-0.26,ar ARG,"FW,MF",Banfield,Copa de la Liga,20,2003,0.2,0,0,0,0,0,0,4,0,0,0,0,0,1,1,0,100.0
Rodrigo Cabral,ar ARG,"FW,MF",Huracán,Copa de la Liga,23,2000,6,3,248,2.8,0,0,0,0,0,0,0,0,0.2,0.2,0.4,0.6,12,7,17,0.00,0.00,0.00,0.00,0.00,0.08,0.15,0.23,0.08,0.23,ar ARG,"FW,MF",Huracán,Copa de la Liga,23,2000,2.8,0,6,1,16.7,2.18,0.36,0.00,0.00,21.2,0,0,0,0.2,0.2,0.04,-0.2,-0.2,ar ARG,"FW,MF",Huracán,Copa de la Liga,23,2000,2.8,71,93,76.3,1313,333,39,43,90.7,18,22,81.8,11,22,50.0,0,0.4,0.4,-0.4,3,7,5,5,7,ar ARG,"FW,MF",Huracán,Copa de la Liga,23,2000,2.8,93,87,6,0,0,3,17,5,1,1,0,0,71,0,2,ar ARG,"FW,MF",Huracán,Copa de la Liga,23,2000,2.8,8,2.90,7,0,0,0,1,0,0,0.00,0,0,0,0,0,0,ar ARG,"FW,MF",Huracán,Copa de la Liga,23,2000,2.8,5,3,0,3,2,2,3,66.7,1,5,0,5,4,9,1,0,ar ARG,"FW,MF",Huracán,Copa de la Liga,23,2000,2.8,136,0,14,70,54,9,136,6,2,33.3,4,66.7,79,646,264,12,3,1,8,8,92,17,ar ARG,"FW,MF",Huracán,Copa de la Liga,23,2000,6,248,41,19.7,2.8,3,63,0,3,19,6,1.17,4,0,+4,+1.45,+1.81,3.0,2.9,+0.1,+0.04,+0.38,ar ARG,"FW,MF",Huracán,Copa de la Liga,23,2000,2.8,0,0,0,5,9,0,17,4,3,0,0,0,17,2,5,28.6
Yonathan Cabral,ar ARG,DF,Gimnasia–LP,Copa de la Liga,31,1992,10,8,704,7.8,1,0,1,1,0,0,2,1,0.1,0.1,0.0,0.1,3,21,0,0.13,0.00,0.13,0.13,0.13,0.02,0.00,0.02,0.02,0.02,ar ARG,DF,Gimnasia–LP,Copa de la Liga,31,1992,7.8,1,2,1,50.0,0.26,0.13,0.50,1.00,9.7,0,0,0,0.1,0.1,0.07,+0.9,+0.9,ar ARG,DF,Gimnasia–LP,Copa de la Liga,31,1992,7.8,155,223,69.5,3238,1471,51,67,76.1,67,87,77.0,32,58,55.2,0,0.0,0.0,0.0,0,10,0,0,21,ar ARG,DF,Gimnasia–LP,Copa de la Liga,31,1992,7.8,223,202,20,17,0,3,0,3,0,0,0,0,155,1,3,ar ARG,DF,Gimnasia–LP,Copa de la Liga,31,1992,7.8,3,0.38,3,0,0,0,0,0,0,0.00,0,0,0,0,0,0,ar ARG,DF,Gimnasia–LP,Copa de la Liga,31,1992,7.8,18,11,11,7,0,10,18,55.6,8,18,8,10,19,37,35,1,ar ARG,DF,Gimnasia–LP,Copa de la Liga,31,1992,7.8,315,42,179,133,6,3,315,2,2,100.0,0,0.0,91,504,299,3,2,0,2,0,95,0,ar ARG,DF,Gimnasia–LP,Copa de la Liga,31,1992,10,704,70,55.9,7.8,8,85,5,2,13,3,1.20,12,15,-3,-0.38,-0.06,9.6,12.3,-2.7,-0.34,+0.26,ar ARG,DF,Gimnasia–LP,Copa de la Liga,31,1992,7.8,2,1,0,5,2,0,0,19,11,0,0,0,35,27,18,60.0
Elías Cabrera,ar ARG,"MF,FW",Vélez Sarsfield,Copa de la Liga,20,2003,2,0,13,0.1,0,0,0,0,0,0,0,0,0.1,0.1,0.0,0.1,1,2,2,0.00,0.00,0.00,0.00,0.00,0.81,0.11,0.92,0.81,0.92,ar ARG,"MF,FW",Vélez Sarsfield,Copa de la Liga,20,2003,0.1,0,2,1,50.0,13.85,6.92,0.00,0.00,24.6,1,0,0,0.1,0.1,0.06,-0.1,-0.1,ar ARG,"MF,FW",Vélez Sarsfield,Copa de la Liga,20,2003,0.1,10,16,62.5,170,22,6,7,85.7,1,1,100.0,3,5,60.0,0,0.0,0.0,0.0,1,1,0,0,2,ar ARG,"MF,FW",Vélez Sarsfield,Copa de la Liga,20,2003,0.1,16,14,2,0,0,0,2,0,2,0,2,0,10,0,1,ar ARG,"MF,FW",Vélez Sarsfield,Copa de la Liga,20,2003,0.1,2,13.85,1,0,0,1,0,0,0,0.00,0,0,0,0,0,0,ar ARG,"MF,FW",Vélez Sarsfield,Copa de la Liga,20,2003,0.1,1,0,0,1,0,1,1,100.0,0,2,0,2,0,1,0,0,ar ARG,"MF,FW",Vélez Sarsfield,Copa de la Liga,20,2003,0.1,22,0,0,9,13,1,22,0,0,0,0,0,12,59,22,1,1,0,0,0,14,2,ar ARG,"MF,FW",Vélez Sarsfield,Copa de la Liga,20,2003,2,13,7,1.0,0.1,0,0,0,2,7,5,0.50,0,0,0,0.00,-0.07,0.3,0.0,+0.3,+1.80,+1.47,ar ARG,"MF,FW",Vélez Sarsfield,Copa de la Liga,20,2003,0.1,0,0,0,0,0,0,2,0,0,0,0,0,0,0,0,0
Víctor Cabrera,ar ARG,DF,Instituto,Copa de la Liga,30,1993,7,5,453,5.0,0,0,0,0,0,0,2,0,0.1,0.1,0.0,0.1,1,13,2,0.00,0.00,0.00,0.00,0.00,0.02,0.01,0.03,0.02,0.03,ar ARG,DF,Instituto,Copa de la Liga,30,1993,5.0,0,2,0,0.0,0.40,0.00,0.00,0,14.2,0,0,0,0.1,0.1,0.05,-0.1,-0.1,ar ARG,DF,Instituto,Copa de la Liga,30,1993,5.0,139,185,75.1,3060,1253,42,52,80.8,74,80,92.5,23,46,50.0,0,0.0,0.0,0.0,2,8,0,0,13,ar ARG,DF,Instituto,Copa de la Liga,30,1993,5.0,185,174,11,10,0,5,1,1,0,0,0,0,139,0,4,ar ARG,DF,Instituto,Copa de la Liga,30,1993,5.0,4,0.79,4,0,0,0,0,0,0,0.00,0,0,0,0,0,0,ar ARG,DF,Instituto,Copa de la Liga,30,1993,5.0,11,7,6,5,0,6,7,85.7,1,3,2,1,7,18,20,0,ar ARG,DF,Instituto,Copa de la Liga,30,1993,5.0,237,20,111,120,8,3,237,0,0,0,0,0,95,567,402,1,1,0,4,0,116,2,ar ARG,DF,Instituto,Copa de la Liga,30,1993,7,453,65,36.0,5.0,5,85,4,2,14,6,1.71,8,4,+4,+0.79,+1.13,8.5,3.9,+4.7,+0.93,+0.60,ar ARG,DF,Instituto,Copa de la Liga,30,1993,5.0,2,0,0,7,2,0,1,7,7,0,0,0,19,16,14,53.3
Jerónimo Cacciabue,ar ARG,MF,Newell's OB,Copa de la Liga,26,1998,8,0,187,2.1,0,0,0,0,0,0,0,0,0.1,0.1,0.0,0.1,1,6,1,0.00,0.00,0.00,0.00,0.00,0.03,0.00,0.03,0.03,0.03,ar ARG,MF,Newell's OB,Copa de la Liga,26,1998,2.1,0,3,0,0.0,1.44,0.00,0.00,0,26.1,0,0,0,0.1,0.1,0.02,-0.1,-0.1,ar ARG,MF,Newell's OB,Copa de la Liga,26,1998,2.1,62,83,74.7,1017,264,29,40,72.5,24,25,96.0,5,8,62.5,0,0.0,0.0,0.0,0,5,0,0,6,ar ARG,MF,Newell's OB,Copa de la Liga,26,1998,2.1,83,80,3,2,0,0,2,1,0,0,0,0,62,0,3,ar ARG,MF,Newell's OB,Copa de la Liga,26,1998,2.1,2,0.97,2,0,0,0,0,0,0,0.00,0,0,0,0,0,0,ar ARG,MF,Newell's OB,Copa de la Liga,26,1998,2.1,3,2,2,1,0,2,9,22.2,7,1,1,0,0,3,5,0,ar ARG,MF,Newell's OB,Copa de la Liga,26,1998,2.1,102,7,25,55,24,2,102,0,0,0,0,0,43,176,96,1,0,1,1,0,59,1,ar ARG,MF,Newell's OB,Copa de la Liga,26,1998,8,187,23,14.8,2.1,0,0,0,8,23,4,2.25,2,3,-1,-0.48,-0.40,1.7,2.7,-0.9,-0.44,-0.49,ar ARG,MF,Newell's OB,Copa de la Liga,26,1998,2.1,0,0,0,3,0,0,2,0,2,0,0,0,14,0,1,0.0
Darío Cáceres,py PAR,"DF,FW",Defensa y Just,Copa de la Liga,26,1998,10,3,338,3.8,0,0,0,0,0,0,1,0,0.0,0.0,0.0,0.1,10,12,19,0.00,0.00,0.00,0.00,0.00,0.01,0.00,0.02,0.01,0.02,py PAR,"DF,FW",Defensa y Just,Copa de la Liga,26,1998,3.8,0,1,0,0.0,0.27,0.00,0.00,0,19.0,0,0,0,0.0,0.0,0.05,0.0,0.0,py PAR,"DF,FW",Defensa y Just,Copa de la Liga,26,1998,3.8,119,164,72.6,1853,679,64,70,91.4,46,65,70.8,7,18,38.9,0,0.0,0.1,0.0,1,6,1,0,12,py PAR,"DF,FW",Defensa y Just,Copa de la Liga,26,1998,3.8,164,139,24,1,0,0,6,23,0,0,0,0,119,1,7,py PAR,"DF,FW",Defensa y Just,Copa de la Liga,26,1998,3.8,6,1.60,5,0,0,0,1,0,0,0.00,0,0,0,0,0,0,py PAR,"DF,FW",Defensa y Just,Copa de la Liga,26,1998,3.8,13,6,7,5,1,7,9,77.8,2,2,0,2,10,23,3,0,py PAR,"DF,FW",Defensa y Just,Copa de la Liga,26,1998,3.8,213,9,63,101,53,5,213,9,2,22.2,6,66.7,104,632,322,10,7,2,8,0,103,19,py PAR,"DF,FW",Defensa y Just,Copa de la Liga,26,1998,10,338,34,26.8,3.8,3,80,2,7,14,2,2.18,4,1,+3,+0.80,+0.70,4.6,3.3,+1.3,+0.35,+0.53,py PAR,"DF,FW",Defensa y Just,Copa de la Liga,26,1998,3.8,1,0,0,5,2,0,6,10,6,0,0,0,25,1,2,33.3
Juan Cáceres,py PAR,DF,Lanús,Copa de la Liga,23,2000,10,8,623,6.9,0,0,0,0,0,0,2,0,0.3,0.3,0.5,0.8,10,30,29,0.00,0.00,0.00,0.00,0.00,0.04,0.07,0.11,0.04,0.11,py PAR,DF,Lanús,Copa de la Liga,23,2000,6.9,0,9,0,0.0,1.30,0.00,0.00,0,17.1,0,0,0,0.3,0.3,0.03,-0.3,-0.3,py PAR,DF,Lanús,Copa de la Liga,23,2000,6.9,234,338,69.2,4202,2035,98,123,79.7,109,146,74.7,19,49,38.8,0,0.5,0.5,-0.5,6,22,5,2,30,py PAR,DF,Lanús,Copa de la Liga,23,2000,6.9,338,261,77,2,0,3,18,75,0,0,0,0,234,0,6,py PAR,DF,Lanús,Copa de la Liga,23,2000,6.9,19,2.74,12,1,1,4,1,0,0,0.00,0,0,0,0,0,0,py PAR,DF,Lanús,Copa de la Liga,23,2000,6.9,18,14,10,6,2,14,27,51.9,13,12,6,6,9,27,16,0,py PAR,DF,Lanús,Copa de la Liga,23,2000,6.9,425,15,123,196,110,10,425,22,9,40.9,10,45.5,157,797,378,10,6,1,4,2,196,29,py PAR,DF,Lanús,Copa de la Liga,23,2000,10,623,62,49.4,6.9,8,70,3,2,30,4,1.60,11,8,+3,+0.43,+0.01,9.4,5.8,+3.6,+0.52,+0.18,py PAR,DF,Lanús,Copa de la Liga,23,2000,6.9,2,0,0,11,7,0,18,9,14,0,0,0,41,15,8,65.2
Mateo Caceres,ar ARG,"FW,MF",Tigre,Copa de la Liga,21,2002,2,0,51,0.6,0,0,0,0,0,0,0,0,0.0,0.0,0.0,0.0,0,3,2,0.00,0.00,0.00,0.00,0.00,0.00,0.00,0.00,0.00,0.00,ar ARG,"FW,MF",Tigre,Copa de la Liga,21,2002,0.6,0,0,0,0,0.00,0.00,0,0,0,0,0,0,0.0,0.0,0,0.0,0.0,ar ARG,"FW,MF",Tigre,Copa de la Liga,21,2002,0.6,20,22,90.9,303,35,8,8,100.0,9,10,90.0,1,1,100.0,0,0.0,0.0,0.0,0,1,0,0,3,ar ARG,"FW,MF",Tigre,Copa de la Liga,21,2002,0.6,22,22,0,0,0,0,1,0,0,0,0,0,20,0,1,ar ARG,"FW,MF",Tigre,Copa de la Liga,21,2002,0.6,0,0.00,0,0,0,0,0,0,0,0.00,0,0,0,0,0,0,ar ARG,"FW,MF",Tigre,Copa de la Liga,21,2002,0.6,1,0,1,0,0,0,2,0.0,2,2,0,2,0,1,0,0,ar ARG,"FW,MF",Tigre,Copa de la Liga,21,2002,0.6,30,0,8,15,7,1,30,2,1,50.0,1,50.0,13,50,17,0,0,0,0,0,21,2,ar ARG,"FW,MF",Tigre,Copa de la Liga,21,2002,2,51,26,4.0,0.6,0,0,0,2,26,5,0.00,0,1,-1,-1.76,-0.50,0.1,0.4,-0.4,-0.67,+0.06,ar ARG,"FW,MF",Tigre,Copa de la Liga,21,2002,0.6,0,0,0,0,1,0,1,0,0,0,0,0,0,0,1,0.0
Diego Calcaterra,ar ARG,"DF,MF",Sarmiento,Copa de la Liga,22,2001,10,7,680,7.6,0,0,0,0,0,0,5,0,0.2,0.2,0.5,0.7,5,28,1,0.00,0.00,0.00,0.00,0.00,0.02,0.07,0.10,0.02,0.10,ar ARG,"DF,MF",Sarmiento,Copa de la Liga,22,2001,7.6,0,7,1,14.3,0.93,0.13,0.00,0.00,20.0,0,0,0,0.2,0.2,0.03,-0.2,-0.2,ar ARG,"DF,MF",Sarmiento,Copa de la Liga,22,2001,7.6,253,320,79.1,5296,2146,87,108,80.6,125,147,85.0,36,56,64.3,0,0.5,0.7,-0.5,7,24,2,0,28,ar ARG,"DF,MF",Sarmiento,Copa de la Liga,22,2001,7.6,320,309,10,10,1,7,3,0,0,0,0,0,253,1,3,ar ARG,"DF,MF",Sarmiento,Copa de la Liga,22,2001,7.6,12,1.59,11,0,0,0,1,0,1,0.13,1,0,0,0,0,0,ar ARG,"DF,MF",Sarmiento,Copa de la Liga,22,2001,7.6,18,9,17,1,0,11,22,50.0,11,7,4,3,9,27,21,1,ar ARG,"DF,MF",Sarmiento,Copa de la Liga,22,2001,7.6,392,37,171,194,28,16,392,1,0,0.0,1,100.0,167,732,393,5,2,0,6,3,209,1,ar ARG,"DF,MF",Sarmiento,Copa de la Liga,22,2001,10,680,68,54.0,7.6,7,83,4,3,34,3,0.80,6,9,-3,-0.40,+0.69,6.4,7.1,-0.7,-0.09,+0.86,ar ARG,"DF,MF",Sarmiento,Copa de la Liga,22,2001,7.6,5,0,0,9,3,2,3,9,9,0,0,0,39,24,11,68.6
Brian Calderara,ar ARG,DF,Newell's OB,Copa de la Liga,25,1998,5,2,225,2.5,0,0,0,0,0,0,1,0,0.0,0.0,0.1,0.1,5,15,5,0.00,0.00,0.00,0.00,0.00,0.00,0.03,0.03,0.00,0.03,ar ARG,DF,Newell's OB,Copa de la Liga,25,1998,2.5,0,0,0,0,0.00,0.00,0,0,0,0,0,0,0.0,0.0,0,0.0,0.0,ar ARG,DF,Newell's OB,Copa de la Liga,25,1998,2.5,66,105,62.9,1200,756,29,39,74.4,32,45,71.1,5,18,27.8,0,0.1,0.2,-0.1,1,4,1,0,15,ar ARG,DF,Newell's OB,Copa de la Liga,25,1998,2.5,105,80,25,1,0,0,10,24,0,0,0,0,66,0,2,ar ARG,DF,Newell's OB,Copa de la Liga,25,1998,2.5,3,1.20,3,0,0,0,0,0,0,0.00,0,0,0,0,0,0,ar ARG,DF,Newell's OB,Copa de la Liga,25,1998,2.5,8,6,7,1,0,6,11,54.5,5,3,1,2,3,11,4,0,ar ARG,DF,Newell's OB,Copa de la Liga,25,1998,2.5,136,6,51,57,29,2,136,3,0,0.0,1,33.3,59,339,210,5,1,0,5,0,62,5,ar ARG,DF,Newell's OB,Copa de la Liga,25,1998,5,225,45,17.9,2.5,2,90,2,3,15,6,1.00,2,3,-1,-0.40,-0.31,2.0,4.1,-2.1,-0.82,-0.98,ar ARG,DF,Newell's OB,Copa de la Liga,25,1998,2.5,1,0,0,2,7,1,10,3,6,0,0,0,14,0,2,0.0
Elías Calderón,ar ARG,"DF,MF",Defensa y Just,Copa de la Liga,22,2001,5,2,205,2.3,0,0,0,0,0,0,1,0,0.0,0.0,0.0,0.0,3,8,0,0.00,0.00,0.00,0.00,0.00,0.00,0.00,0.00,0.00,0.00,ar ARG,"DF,MF",Defensa y Just,Copa de la Liga,22,2001,2.3,0,0,0,0,0.00,0.00,0,0,0,0,0,0,0.0,0.0,0,0.0,0.0,ar ARG,"DF,MF",Defensa y Just,Copa de la Liga,22,2001,2.3,115,147,78.2,2263,837,32,37,86.5,70,80,87.5,12,25,48.0,0,0.0,0.0,0.0,0,5,0,0,8,ar ARG,"DF,MF",Defensa y Just,Copa de la Liga,22,2001,2.3,147,138,9,6,0,2,1,3,0,0,0,0,115,0,3,ar ARG,"DF,MF",Defensa y Just,Copa de la Liga,22,2001,2.3,2,0.87,2,0,0,0,0,0,0,0.00,0,0,0,0,0,0,ar ARG,"DF,MF",Defensa y Just,Copa de la Liga,22,2001,2.3,4,4,4,0,0,2,4,50.0,2,6,3,3,4,8,13,0,ar ARG,"DF,MF",Defensa y Just,Copa de la Liga,22,2001,2.3,173,17,112,59,3,0,173,2,0,0.0,2,100.0,89,506,305,3,1,0,0,0,98,0,ar ARG,"DF,MF",Defensa y Just,Copa de la Liga,22,2001,5,205,41,16.3,2.3,2,90,2,3,8,4,2.00,2,4,-2,-0.88,-1.39,2.7,2.7,0.0,+0.02,+0.07,ar ARG,"DF,MF",Defensa y Just,Copa de la Liga,22,2001,2.3,1,0,0,3,2,0,1,4,4,0,0,0,15,8,5,61.5
Yvo Calleros,uy URU,MF,Banfield,Copa de la Liga,25,1998,14,14,"1,175",13.1,0,1,1,0,0,0,2,0,0.4,0.4,0.6,1.0,1,30,0,0.00,0.08,0.08,0.00,0.08,0.03,0.05,0.08,0.03,0.08,uy URU,MF,Banfield,Copa de la Liga,25,1998,13.1,0,11,2,18.2,0.84,0.15,0.00,0.00,18.5,0,0,0,0.4,0.4,0.04,-0.4,-0.4,uy URU,MF,Banfield,Copa de la Liga,25,1998,13.1,306,418,73.2,5501,2020,122,157,77.7,142,183,77.6,32,59,54.2,1,0.6,0.3,+0.4,5,22,2,0,30,uy URU,MF,Banfield,Copa de la Liga,25,1998,13.1,418,395,21,21,0,3,1,0,0,0,0,0,306,2,2,uy URU,MF,Banfield,Copa de la Liga,25,1998,13.1,7,0.54,4,0,0,3,0,0,1,0.08,0,0,0,1,0,0,uy URU,MF,Banfield,Copa de la Liga,25,1998,13.1,44,30,17,25,2,23,45,51.1,22,13,4,9,23,67,36,0,uy URU,MF,Banfield,Copa de la Liga,25,1998,13.1,575,53,224,319,36,8,575,1,0,0.0,1,100.0,192,851,268,1,2,0,7,6,205,0,uy URU,MF,Banfield,Copa de la Liga,25,1998,14,"1,175",84,93.3,13.1,14,84,9,0,0,0,1.21,11,13,-2,-0.15,-1.21,12.1,14.4,-2.3,-0.18,-0.36,uy URU,MF,Banfield,Copa de la Liga,25,1998,13.1,2,0,0,18,10,0,1,23,30,0,1,0,55,41,28,59.4
Facundo Cambeses,ar ARG,GK,Racing Club,Copa de la Liga,26,1997,1,0,45,0.5,0,0,0,0,0,0,0,0,0.0,0.0,0.0,0.0,0,0,0,0.00,0.00,0.00,0.00,0.00,0.00,0.00,0.00,0.00,0.00,ar ARG,GK,Racing Club,Copa de la Liga,26,1997,0.5,0,0,0,0,0.00,0.00,0,0,0,0,0,0,0.0,0.0,0,0.0,0.0,ar ARG,GK,Racing Club,Copa de la Liga,26,1997,0.5,9,15,60.0,305,260,2,2,100.0,4,4,100.0,3,9,33.3,0,0.0,0.0,0.0,0,0,0,0,0,ar ARG,GK,Racing Club,Copa de la Liga,26,1997,0.5,15,9,6,1,0,0,0,0,0,0,0,0,9,0,0,ar ARG,GK,Racing Club,Copa de la Liga,26,1997,0.5,0,0.00,0,0,0,0,0,0,0,0.00,0,0,0,0,0,0,ar ARG,GK,Racing Club,Copa de la Liga,26,1997,0.5,0,0,0,0,0,0,0,0,0,0,0,0,0,0,0,0,ar ARG,GK,Racing Club,Copa de la Liga,26,1997,0.5,16,15,16,0,0,0,16,0,0,0,0,0,8,34,22,0,0,0,0,0,8,0,ar ARG,GK,Racing Club,Copa de la Liga,26,1997,1,45,45,3.6,0.5,0,0,0,1,45,13,3.00,1,0,+1,+2.00,+1.11,0.4,0.4,0.0,+0.02,-0.43,ar ARG,GK,Racing Club,Copa de la Liga,26,1997,0.5,0,0,0,0,0,0,0,0,0,0,0,0,0,0,0,0
Juan Camilo Portilla,co COL,MF,Talleres,Copa de la Liga,25,1998,13,13,"1,048",11.6,1,4,5,1,0,0,3,0,0.2,0.2,0.7,0.8,4,48,5,0.09,0.34,0.43,0.09,0.43,0.02,0.06,0.07,0.02,0.07,co COL,MF,Talleres,Copa de la Liga,25,1998,11.6,1,7,2,28.6,0.60,0.17,0.14,0.50,29.2,0,0,0,0.2,0.2,0.03,+0.8,+0.8,co COL,MF,Talleres,Copa de la Liga,25,1998,11.6,477,572,83.4,8341,2547,226,248,91.1,204,239,85.4,42,62,67.7,4,0.7,0.6,+3.3,8,35,2,1,48,co COL,MF,Talleres,Copa de la Liga,25,1998,11.6,572,565,5,2,1,11,4,2,1,0,1,0,477,2,6,co COL,MF,Talleres,Copa de la Liga,25,1998,11.6,19,1.63,15,0,0,1,0,3,3,0.26,3,0,0,0,0,0,co COL,MF,Talleres,Copa de la Liga,25,1998,11.6,26,16,10,14,2,10,16,62.5,6,15,3,12,21,47,20,0,co COL,MF,Talleres,Copa de la Liga,25,1998,11.6,701,30,174,482,49,2,701,16,11,68.8,5,31.3,376,1709,823,4,4,0,17,4,417,5,co COL,MF,Talleres,Copa de la Liga,25,1998,13,"1,048",81,83.2,11.6,13,81,6,0,0,1,1.77,19,15,+4,+0.34,-1.35,17.6,11.8,+5.8,+0.50,+0.26,co COL,MF,Talleres,Copa de la Liga,25,1998,11.6,3,0,0,15,9,0,4,21,16,0,0,0,94,9,20,31.0
Jaminton Campaz,co COL,"FW,MF",Rosario Central,Copa de la Liga,23,2000,13,8,783,8.7,1,1,2,1,0,0,3,0,0.9,0.9,1.2,2.0,27,35,98,0.11,0.11,0.23,0.11,0.23,0.10,0.14,0.24,0.10,0.24,co COL,"FW,MF",Rosario Central,Copa de la Liga,23,2000,8.7,1,20,7,35.0,2.30,0.80,0.05,0.14,21.1,0,0,0,0.9,0.9,0.04,+0.1,+0.1,co COL,"FW,MF",Rosario Central,Copa de la Liga,23,2000,8.7,250,360,69.4,3572,1037,154,179,86.0,69,108,63.9,14,39,35.9,1,1.2,0.9,-0.2,9,26,12,5,35,co COL,"FW,MF",Rosario Central,Copa de la Liga,23,2000,8.7,360,331,29,4,0,0,58,17,8,1,5,0,250,0,10,co COL,"FW,MF",Rosario Central,Copa de la Liga,23,2000,8.7,33,3.79,22,5,3,1,1,1,4,0.46,4,0,0,0,0,0,co COL,"FW,MF",Rosario Central,Copa de la Liga,23,2000,8.7,16,9,5,4,7,6,15,40.0,9,8,1,7,4,20,2,0,co COL,"FW,MF",Rosario Central,Copa de la Liga,23,2000,8.7,490,2,25,194,282,24,490,53,20,37.7,30,56.6,340,1984,948,27,32,4,26,17,368,98,co COL,"FW,MF",Rosario Central,Copa de la Liga,23,2000,13,783,60,62.1,8.7,8,80,3,5,28,0,1.08,5,13,-8,-0.92,-0.92,6.8,12.2,-5.4,-0.62,-0.24,co COL,"FW,MF",Rosario Central,Copa de la Liga,23,2000,8.7,3,0,0,18,17,6,58,4,9,0,0,0,40,5,6,45.5
Gastón Campi,ar ARG,DF,San Lorenzo,Copa de la Liga,32,1991,12,10,956,10.6,0,0,0,0,0,0,2,0,0.4,0.4,0.1,0.4,1,25,0,0.00,0.00,0.00,0.00,0.00,0.03,0.01,0.04,0.03,0.04,ar ARG,DF,San Lorenzo,Copa de la Liga,32,1991,10.6,0,6,1,16.7,0.56,0.09,0.00,0.00,10.4,0,0,0,0.4,0.4,0.06,-0.4,-0.4,ar ARG,DF,San Lorenzo,Copa de la Liga,32,1991,10.6,271,354,76.6,5674,2460,76,90,84.4,158,184,85.9,35,70,50.0,0,0.1,0.1,-0.1,1,15,1,0,25,ar ARG,DF,San Lorenzo,Copa de la Liga,32,1991,10.6,354,339,14,13,0,2,0,0,0,0,0,0,271,1,3,ar ARG,DF,San Lorenzo,Copa de la Liga,32,1991,10.6,5,0.47,4,0,0,1,0,0,0,0.00,0,0,0,0,0,0,ar ARG,DF,San Lorenzo,Copa de la Liga,32,1991,10.6,11,10,10,1,0,6,12,50.0,6,7,3,4,24,35,50,0,ar ARG,DF,San Lorenzo,Copa de la Liga,32,1991,10.6,459,60,250,200,13,10,459,0,0,0,0,0,187,1032,555,1,3,1,2,4,229,0,ar ARG,DF,San Lorenzo,Copa de la Liga,32,1991,12,956,80,75.9,10.6,10,87,9,2,45,1,1.08,7,10,-3,-0.28,+0.01,9.2,7.4,+1.8,+0.17,+0.55,ar ARG,DF,San Lorenzo,Copa de la Liga,32,1991,10.6,2,0,0,10,2,2,0,24,10,0,0,0,44,38,7,84.4
Dante Campisi,ar ARG,GK,Unión,Copa de la Liga,27,1996,11,11,990,11.0,0,0,0,0,0,0,2,0,0.0,0.0,0.0,0.0,0,0,0,0.00,0.00,0.00,0.00,0.00,0.00,0.00,0.00,0.00,0.00,ar ARG,GK,Unión,Copa de la Liga,27,1996,11.0,0,0,0,0,0.00,0.00,0,0,0,0,0,0,0.0,0.0,0,0.0,0.0,ar ARG,GK,Unión,Copa de la Liga,27,1996,11.0,192,270,71.1,4931,3452,48,48,100.0,81,81,100.0,59,135,43.7,0,0.0,0.0,0.0,0,2,0,0,0,ar ARG,GK,Unión,Copa de la Liga,27,1996,11.0,270,163,105,28,0,1,0,0,0,0,0,0,192,2,0,ar ARG,GK,Unión,Copa de la Liga,27,1996,11.0,0,0.00,0,0,0,0,0,0,0,0.00,0,0,0,0,0,0,ar ARG,GK,Unión,Copa de la Liga,27,1996,11.0,0,0,0,0,0,0,0,0,0,0,0,0,0,0,3,2,ar ARG,GK,Unión,Copa de la Liga,27,1996,11.0,288,251,286,2,0,0,288,0,0,0,0,0,126,756,364,0,0,0,0,0,91,0,ar ARG,GK,Unión,Copa de la Liga,27,1996,11,990,90,78.6,11.0,11,90,11,0,0,3,1.45,12,10,+2,+0.18,+0.18,11.7,9.9,+1.8,+0.16,+1.02,ar ARG,GK,Unión,Copa de la Liga,27,1996,11.0,2,0,0,1,0,0,0,0,0,0,1,0,11,2,0,100.0
Jorman Campuzano,co COL,MF,Boca Juniors,Copa de la Liga,27,1996,8,7,504,5.6,0,0,0,0,0,0,3,0,0.0,0.0,0.0,0.0,6,33,3,0.00,0.00,0.00,0.00,0.00,0.00,0.01,0.01,0.00,0.01,co COL,MF,Boca Juniors,Copa de la Liga,27,1996,5.6,0,0,0,0,0.00,0.00,0,0,0,0,0,0,0.0,0.0,0,0.0,0.0,co COL,MF,Boca Juniors,Copa de la Liga,27,1996,5.6,263,290,90.7,4742,1389,104,110,94.5,117,129,90.7,31,37,83.8,0,0.0,0.1,0.0,1,21,2,0,33,co COL,MF,Boca Juniors,Copa de la Liga,27,1996,5.6,290,279,11,8,0,4,0,3,0,0,0,0,263,0,1,co COL,MF,Boca Juniors,Copa de la Liga,27,1996,5.6,4,0.71,3,0,0,0,0,1,0,0.00,0,0,0,0,0,0,co COL,MF,Boca Juniors,Copa de la Liga,27,1996,5.6,19,10,7,11,1,9,13,69.2,4,9,1,8,8,27,8,0,co COL,MF,Boca Juniors,Copa de la Liga,27,1996,5.6,353,15,95,240,20,2,353,9,5,55.6,4,44.4,177,935,473,6,0,0,8,4,195,3,co COL,MF,Boca Juniors,Copa de la Liga,27,1996,8,504,63,40.0,5.6,7,71,3,1,9,5,1.50,6,4,+2,+0.36,-0.36,7.8,3.7,+4.1,+0.74,+0.18,co COL,MF,Boca Juniors,Copa de la Liga,27,1996,5.6,3,0,0,10,4,0,0,8,10,0,0,0,40,10,9,52.6
Jhonatan Candia,uy URU,"FW,MF",Barracas Central,Copa de la Liga,28,1995,8,1,183,2.0,0,0,0,0,0,0,0,1,0.2,0.2,0.4,0.6,3,12,12,0.00,0.00,0.00,0.00,0.00,0.11,0.19,0.30,0.11,0.30,uy URU,"FW,MF",Barracas Central,Copa de la Liga,28,1995,2.0,0,3,1,33.3,1.48,0.49,0.00,0.00,16.4,0,0,0,0.2,0.2,0.08,-0.2,-0.2,uy URU,"FW,MF",Barracas Central,Copa de la Liga,28,1995,2.0,56,76,73.7,800,229,34,38,89.5,13,20,65.0,5,6,83.3,0,0.4,0.3,-0.4,2,10,3,0,12,uy URU,"FW,MF",Barracas Central,Copa de la Liga,28,1995,2.0,76,73,2,0,2,1,0,1,0,0,0,0,56,1,3,uy URU,"FW,MF",Barracas Central,Copa de la Liga,28,1995,2.0,4,1.97,3,0,1,0,0,0,0,0.00,0,0,0,0,0,0,uy URU,"FW,MF",Barracas Central,Copa de la Liga,28,1995,2.0,2,0,0,0,2,0,1,0.0,1,0,0,0,0,2,3,0,uy URU,"FW,MF",Barracas Central,Copa de la Liga,28,1995,2.0,101,3,6,55,41,9,101,5,3,60.0,2,40.0,44,176,108,3,2,2,5,4,76,12,uy URU,"FW,MF",Barracas Central,Copa de la Liga,28,1995,8,183,23,14.5,2.0,1,58,0,7,18,4,1.56,0,1,-1,-0.49,-0.99,2.2,3.1,-0.9,-0.47,-0.32,uy URU,"FW,MF",Barracas Central,Copa de la Liga,28,1995,2.0,0,1,0,2,2,0,0,0,0,0,0,0,7,10,10,50.0
Alexis Canelo,ar ARG,"FW,MF",Independiente,Copa de la Liga,31,1992,9,5,542,6.0,1,0,1,0,1,1,2,0,1.8,1.0,0.3,1.3,10,15,49,0.17,0.00,0.17,0.00,0.00,0.30,0.05,0.34,0.17,0.21,ar ARG,"FW,MF",Independiente,Copa de la Liga,31,1992,6.0,1,10,1,10.0,1.66,0.17,0.00,0.00,19.3,0,1,1,1.8,1.0,0.10,-0.8,-1.0,ar ARG,"FW,MF",Independiente,Copa de la Liga,31,1992,6.0,129,181,71.3,1632,399,82,104,78.8,28,42,66.7,5,11,45.5,0,0.3,0.2,-0.3,4,9,2,1,15,ar ARG,"FW,MF",Independiente,Copa de la Liga,31,1992,6.0,181,176,4,0,0,0,11,3,0,0,0,0,129,1,5,ar ARG,"FW,MF",Independiente,Copa de la Liga,31,1992,6.0,14,2.32,11,0,0,0,3,0,1,0.17,1,0,0,0,0,0,ar ARG,"FW,MF",Independiente,Copa de la Liga,31,1992,6.0,9,6,1,4,4,4,10,40.0,6,5,1,4,1,10,6,0,ar ARG,"FW,MF",Independiente,Copa de la Liga,31,1992,6.0,242,6,22,106,116,23,241,8,3,37.5,5,62.5,141,643,251,10,7,1,15,10,170,49,ar ARG,"FW,MF",Independiente,Copa de la Liga,31,1992,9,542,60,43.0,6.0,5,76,2,4,41,2,1.67,5,3,+2,+0.33,+0.08,7.4,5.3,+2.1,+0.34,-0.20,ar ARG,"FW,MF",Independiente,Copa de la Liga,31,1992,6.0,2,0,0,8,11,5,11,1,6,0,0,0,20,8,6,57.1
Ezequiel Cañete,ar ARG,MF,Banfield,Copa de la Liga,24,1999,7,6,445,4.9,0,0,0,0,0,0,1,0,0.1,0.1,0.3,0.4,5,18,6,0.00,0.00,0.00,0.00,0.00,0.02,0.07,0.09,0.02,0.09,ar ARG,MF,Banfield,Copa de la Liga,24,1999,4.9,0,3,1,33.3,0.61,0.20,0.00,0.00,20.1,0,0,0,0.1,0.1,0.04,-0.1,-0.1,ar ARG,MF,Banfield,Copa de la Liga,24,1999,4.9,138,191,72.3,2560,873,66,81,81.5,47,63,74.6,20,35,57.1,0,0.3,0.4,-0.3,9,13,1,0,18,ar ARG,MF,Banfield,Copa de la Liga,24,1999,4.9,191,172,19,8,0,3,13,1,10,0,9,0,138,0,6,ar ARG,MF,Banfield,Copa de la Liga,24,1999,4.9,13,2.63,6,6,0,1,0,0,1,0.20,1,0,0,0,0,0,ar ARG,MF,Banfield,Copa de la Liga,24,1999,4.9,16,13,5,10,1,9,23,39.1,14,7,0,7,10,26,10,0,ar ARG,MF,Banfield,Copa de la Liga,24,1999,4.9,253,15,53,154,50,4,253,3,1,33.3,1,33.3,109,508,210,5,2,0,6,3,106,6,ar ARG,MF,Banfield,Copa de la Liga,24,1999,7,445,64,35.3,4.9,6,70,1,1,28,0,0.57,2,7,-5,-1.01,-1.45,3.7,5.4,-1.8,-0.35,-0.31,ar ARG,MF,Banfield,Copa de la Liga,24,1999,4.9,1,0,0,9,7,1,13,10,13,0,0,0,27,9,7,56.3
Gabriel Cañete,ar ARG,"DF,FW",Deportivo Riestra,Copa de la Liga,24,1999,2,0,8,0.1,0,0,0,0,0,0,0,0,0.0,0.0,0.0,0.0,0,0,0,0.00,0.00,0.00,0.00,0.00,0.00,0.00,0.00,0.00,0.00,ar ARG,"DF,FW",Deportivo Riestra,Copa de la Liga,24,1999,0.1,0,0,0,0,0.00,0.00,0,0,0,0,0,0,0.0,0.0,0,0.0,0.0,ar ARG,"DF,FW",Deportivo Riestra,Copa de la Liga,24,1999,0.1,0,1,0.0,0,0,0,0,0,0,0,0,0,1,0.0,0,0.0,0.0,0.0,0,0,0,0,0,ar ARG,"DF,FW",Deportivo Riestra,Copa de la Liga,24,1999,0.1,1,1,0,0,0,0,0,0,0,0,0,0,0,0,0,ar ARG,"DF,FW",Deportivo Riestra,Copa de la Liga,24,1999,0.1,0,0.00,0,0,0,0,0,0,0,0.00,0,0,0,0,0,0,ar ARG,"DF,FW",Deportivo Riestra,Copa de la Liga,24,1999,0.1,0,0,0,0,0,0,0,0,0,0,0,0,0,0,1,0,ar ARG,"DF,FW",Deportivo Riestra,Copa de la Liga,24,1999,0.1,3,2,3,0,0,0,3,0,0,0,0,0,0,0,0,0,0,0,0,0,1,0,ar ARG,"DF,FW",Deportivo Riestra,Copa de la Liga,24,1999,2,8,4,0.6,0.1,0,0,0,2,4,5,2.00,0,0,0,0.00,+0.58,0.0,0.3,-0.3,-3.00,-2.23,ar ARG,"DF,FW",Deportivo Riestra,Copa de la Liga,24,1999,0.1,0,0,0,0,0,0,0,0,0,0,0,0,1,1,0,100.0
Ezequiel Cannavo,ar ARG,DF,Defensa y Just,Copa de la Liga,21,2002,7,6,471,5.2,1,0,1,1,0,0,1,0,0.5,0.5,0.2,0.7,9,20,9,0.19,0.00,0.19,0.19,0.19,0.10,0.04,0.14,0.10,0.14,ar ARG,DF,Defensa y Just,Copa de la Liga,21,2002,5.2,1,3,1,33.3,0.57,0.19,0.33,1.00,10.4,0,0,0,0.5,0.5,0.17,+0.5,+0.5,ar ARG,DF,Defensa y Just,Copa de la Liga,21,2002,5.2,120,188,63.8,1901,1085,53,70,75.7,53,85,62.4,8,16,50.0,0,0.2,0.4,-0.2,3,7,5,1,20,ar ARG,DF,Defensa y Just,Copa de la Liga,21,2002,5.2,188,141,47,0,2,0,7,47,0,0,0,0,120,0,9,ar ARG,DF,Defensa y Just,Copa de la Liga,21,2002,5.2,10,1.91,8,1,1,0,0,0,0,0.00,0,0,0,0,0,0,ar ARG,DF,Defensa y Just,Copa de la Liga,21,2002,5.2,22,13,16,5,1,14,20,70.0,6,5,3,2,7,29,21,1,ar ARG,DF,Defensa y Just,Copa de la Liga,21,2002,5.2,269,14,97,113,60,9,269,14,8,57.1,5,35.7,87,591,387,9,6,1,12,3,100,9,ar ARG,DF,Defensa y Just,Copa de la Liga,21,2002,7,471,67,37.4,5.2,6,77,3,1,9,7,1.38,4,3,+1,+0.19,-0.15,5.4,6.4,-1.0,-0.19,-0.24,ar ARG,DF,Defensa y Just,Copa de la Liga,21,2002,5.2,1,0,0,5,3,1,7,7,13,0,0,0,18,10,9,52.6
Ramón Cansinos,ar ARG,FW,Cen. Córdoba–SdE,Copa de la Liga,21,2002,1,0,20,0.2,0,0,0,0,0,0,0,0,0.0,0.0,0.0,0.0,1,0,1,0.00,0.00,0.00,0.00,0.00,0.00,0.00,0.00,0.00,0.00,ar ARG,FW,Cen. Córdoba–SdE,Copa de la Liga,21,2002,0.2,0,0,0,0,0.00,0.00,0,0,0,0,0,0,0.0,0.0,0,0.0,0.0,ar ARG,FW,Cen. Córdoba–SdE,Copa de la Liga,21,2002,0.2,3,4,75.0,30,0,2,3,66.7,0,0,0,0,0,0,0,0.0,0.0,0.0,0,0,0,0,0,ar ARG,FW,Cen. Córdoba–SdE,Copa de la Liga,21,2002,0.2,4,3,1,0,0,0,0,0,0,0,0,0,3,0,0,ar ARG,FW,Cen. Córdoba–SdE,Copa de la Liga,21,2002,0.2,0,0.00,0,0,0,0,0,0,0,0.00,0,0,0,0,0,0,ar ARG,FW,Cen. Córdoba–SdE,Copa de la Liga,21,2002,0.2,1,1,0,0,1,1,2,50.0,1,1,0,1,0,1,0,0,ar ARG,FW,Cen. Córdoba–SdE,Copa de la Liga,21,2002,0.2,9,0,0,4,5,0,9,3,0,0.0,3,100.0,5,39,16,1,1,0,0,1,5,1,ar ARG,FW,Cen. Córdoba–SdE,Copa de la Liga,21,2002,1,20,20,1.6,0.2,0,0,0,1,20,2,0.00,0,1,-1,-4.50,-3.85,0.5,0.8,-0.4,-1.65,-0.90,ar ARG,FW,Cen. Córdoba–SdE,Copa de la Liga,21,2002,0.2,0,0,0,2,0,0,0,0,1,0,0,0,1,0,1,0.0
Alan Cantero,ar ARG,MF,Barracas Central,Copa de la Liga,25,1998,13,10,734,8.2,4,2,6,4,0,0,0,0,2.0,2.0,2.3,4.3,26,27,29,0.49,0.25,0.74,0.49,0.74,0.25,0.28,0.53,0.25,0.53,ar ARG,MF,Barracas Central,Copa de la Liga,25,1998,8.2,4,19,9,47.4,2.33,1.10,0.21,0.44,16.7,0,0,0,2.0,2.0,0.11,+2.0,+2.0,ar ARG,MF,Barracas Central,Copa de la Liga,25,1998,8.2,129,180,71.7,1792,515,75,95,78.9,42,56,75.0,4,11,36.4,2,2.3,1.3,-0.3,14,18,7,0,27,ar ARG,MF,Barracas Central,Copa de la Liga,25,1998,8.2,180,177,1,0,6,1,1,0,0,0,0,0,129,2,6,ar ARG,MF,Barracas Central,Copa de la Liga,25,1998,8.2,32,3.93,18,0,8,4,2,0,9,1.11,2,0,3,3,1,0,ar ARG,MF,Barracas Central,Copa de la Liga,25,1998,8.2,6,5,2,3,1,3,9,33.3,6,4,0,4,0,6,8,0,ar ARG,MF,Barracas Central,Copa de la Liga,25,1998,8.2,282,9,27,161,108,24,282,42,24,57.1,16,38.1,189,1264,731,26,16,5,27,12,213,29,ar ARG,MF,Barracas Central,Copa de la Liga,25,1998,13,734,56,58.3,8.2,10,67,0,3,23,1,1.79,16,9,+7,+0.86,+1.20,11.9,12.4,-0.5,-0.06,+0.30,ar ARG,MF,Barracas Central,Copa de la Liga,25,1998,8.2,0,0,0,8,19,0,1,0,5,0,0,0,28,5,10,33.3
Gustavo Canto,ar ARG,DF,Gimnasia–LP,Copa de la Liga,29,1994,6,6,490,5.4,0,0,0,0,0,0,2,2,0.0,0.0,0.0,0.0,4,16,6,0.00,0.00,0.00,0.00,0.00,0.00,0.01,0.01,0.00,0.01,ar ARG,DF,Gimnasia–LP,Copa de la Liga,29,1994,5.4,0,0,0,0,0.00,0.00,0,0,0,0,0,0,0.0,0.0,0,0.0,0.0,ar ARG,DF,Gimnasia–LP,Copa de la Liga,29,1994,5.4,138,211,65.4,2201,1278,66,79,83.5,53,86,61.6,11,25,44.0,0,0.0,0.1,0.0,1,9,2,1,16,ar ARG,DF,Gimnasia–LP,Copa de la Liga,29,1994,5.4,211,163,47,1,0,0,7,46,0,0,0,0,138,1,9,ar ARG,DF,Gimnasia–LP,Copa de la Liga,29,1994,5.4,1,0.18,0,1,0,0,0,0,0,0.00,0,0,0,0,0,0,ar ARG,DF,Gimnasia–LP,Copa de la Liga,29,1994,5.4,9,7,5,4,0,5,8,62.5,3,9,4,5,8,17,21,1,ar ARG,DF,Gimnasia–LP,Copa de la Liga,29,1994,5.4,268,24,101,122,46,2,268,3,3,100.0,0,0.0,93,467,242,4,4,0,4,2,102,6,ar ARG,DF,Gimnasia–LP,Copa de la Liga,29,1994,6,490,82,38.9,5.4,6,82,3,0,0,3,0.67,3,6,-3,-0.55,-0.32,2.6,7.7,-5.1,-0.93,-0.77,ar ARG,DF,Gimnasia–LP,Copa de la Liga,29,1994,5.4,2,2,1,9,3,0,7,8,7,0,1,0,12,13,8,61.9
Nicolás Capraro,ar ARG,DF,Barracas Central,Copa de la Liga,25,1998,14,14,"1,215",13.5,1,0,1,1,0,0,2,0,0.9,0.9,0.2,1.0,2,23,0,0.07,0.00,0.07,0.07,0.07,0.07,0.01,0.08,0.07,0.08,ar ARG,DF,Barracas Central,Copa de la Liga,25,1998,13.5,1,6,3,50.0,0.44,0.22,0.17,0.33,10.4,0,0,0,0.9,0.9,0.15,+0.1,+0.1,ar ARG,DF,Barracas Central,Copa de la Liga,25,1998,13.5,400,503,79.5,8215,3564,119,135,88.1,217,245,88.6,61,108,56.5,0,0.2,0.0,-0.2,2,9,0,0,23,ar ARG,DF,Barracas Central,Copa de la Liga,25,1998,13.5,503,473,30,29,0,1,0,1,0,0,0,0,400,0,8,ar ARG,DF,Barracas Central,Copa de la Liga,25,1998,13.5,6,0.44,5,0,0,1,0,0,0,0.00,0,0,0,0,0,0,ar ARG,DF,Barracas Central,Copa de la Liga,25,1998,13.5,20,13,16,4,0,10,18,55.6,8,16,9,7,17,37,66,0,ar ARG,DF,Barracas Central,Copa de la Liga,25,1998,13.5,659,102,439,212,11,9,659,3,2,66.7,1,33.3,335,1341,777,2,1,0,10,2,344,0,ar ARG,DF,Barracas Central,Copa de la Liga,25,1998,14,"1,215",87,96.4,13.5,14,87,13,0,0,0,1.73,20,13,+7,+0.52,+4.52,15.2,18.0,-2.8,-0.21,-0.48,ar ARG,DF,Barracas Central,Copa de la Liga,25,1998,13.5,2,0,0,9,7,0,0,17,13,0,0,0,57,35,21,62.5
Johan Carbonero,co COL,"FW,MF",Racing Club,Copa de la Liga,24,1999,6,1,180,2.0,0,0,0,0,0,0,1,0,0.2,0.2,0.5,0.8,8,8,30,0.00,0.00,0.00,0.00,0.00,0.11,0.27,0.38,0.11,0.38,co COL,"FW,MF",Racing Club,Copa de la Liga,24,1999,2.0,0,6,2,33.3,3.00,1.00,0.00,0.00,21.9,0,0,0,0.2,0.2,0.04,-0.2,-0.2,co COL,"FW,MF",Racing Club,Copa de la Liga,24,1999,2.0,47,65,72.3,725,186,24,31,77.4,19,25,76.0,1,1,100.0,0,0.5,0.7,-0.5,4,2,4,2,8,co COL,"FW,MF",Racing Club,Copa de la Liga,24,1999,2.0,65,55,8,2,0,0,6,1,5,0,0,0,47,2,1,co COL,"FW,MF",Racing Club,Copa de la Liga,24,1999,2.0,7,3.50,6,1,0,0,0,0,3,1.50,2,1,0,0,0,0,co COL,"FW,MF",Racing Club,Copa de la Liga,24,1999,2.0,3,1,3,0,0,1,1,100.0,0,2,0,2,1,4,0,0,co COL,"FW,MF",Racing Club,Copa de la Liga,24,1999,2.0,99,0,7,24,70,12,99,18,7,38.9,8,44.4,71,529,232,8,6,1,6,5,75,30,co COL,"FW,MF",Racing Club,Copa de la Liga,24,1999,6,180,30,14.3,2.0,1,84,0,5,19,1,0.83,3,3,0,0.00,-1.08,3.5,2.2,+1.3,+0.63,+0.23,co COL,"FW,MF",Racing Club,Copa de la Liga,24,1999,2.0,1,0,0,1,8,2,6,1,1,0,0,0,9,0,3,0.0
Agustín Cardozo,ar ARG,"MF,DF",Tigre,Copa de la Liga,26,1997,14,14,"1,248",13.9,1,0,1,1,0,0,3,0,0.3,0.3,0.2,0.5,16,64,8,0.07,0.00,0.07,0.07,0.07,0.02,0.01,0.04,0.02,0.04,ar ARG,"MF,DF",Tigre,Copa de la Liga,26,1997,13.9,1,8,1,12.5,0.58,0.07,0.13,1.00,26.0,0,0,0,0.3,0.3,0.04,+0.7,+0.7,ar ARG,"MF,DF",Tigre,Copa de la Liga,26,1997,13.9,690,757,91.1,12207,3964,298,321,92.8,295,318,92.8,76,87,87.4,0,0.2,0.2,-0.2,7,60,2,1,64,ar ARG,"MF,DF",Tigre,Copa de la Liga,26,1997,13.9,757,719,38,38,0,7,2,0,0,0,0,0,690,0,5,ar ARG,"MF,DF",Tigre,Copa de la Liga,26,1997,13.9,20,1.44,17,0,0,1,0,2,1,0.07,1,0,0,0,0,0,ar ARG,"MF,DF",Tigre,Copa de la Liga,26,1997,13.9,22,14,10,11,1,8,20,40.0,12,15,6,9,14,36,18,2,ar ARG,"MF,DF",Tigre,Copa de la Liga,26,1997,13.9,867,39,215,616,44,4,867,10,7,70.0,3,30.0,477,2480,1412,16,12,1,14,8,553,8,ar ARG,"MF,DF",Tigre,Copa de la Liga,26,1997,14,"1,248",89,99.0,13.9,14,89,13,0,0,0,0.36,7,24,-17,-1.23,+6.27,10.1,19.3,-9.2,-0.66,+7.24,ar ARG,"MF,DF",Tigre,Copa de la Liga,26,1997,13.9,3,0,0,13,13,0,2,14,14,0,0,0,93,27,14,65.9
Juan Cardozo,py PAR,MF,Arg Juniors,Copa de la Liga,19,2004,1,0,4,0.0,0,0,0,0,0,0,0,0,0.0,0.0,0.0,0.0,0,0,0,0.00,0.00,0.00,0.00,0.00,0.00,0.00,0.00,0.00,0.00,py PAR,MF,Arg Juniors,Copa de la Liga,19,2004,0.0,0,0,0,0,0.00,0.00,0,0,0,0,0,0,0.0,0.0,0,0.0,0.0,py PAR,MF,Arg Juniors,Copa de la Liga,19,2004,0.0,2,2,100.0,20,3,2,2,100.0,0,0,0,0,0,0,0,0.0,0.0,0.0,0,0,0,0,0,py PAR,MF,Arg Juniors,Copa de la Liga,19,2004,0.0,2,2,0,0,0,0,0,0,0,0,0,0,2,0,0,py PAR,MF,Arg Juniors,Copa de la Liga,19,2004,0.0,0,0.00,0,0,0,0,0,0,0,0.00,0,0,0,0,0,0,py PAR,MF,Arg Juniors,Copa de la Liga,19,2004,0.0,0,0,0,0,0,0,0,0,0,0,0,0,0,0,0,0,py PAR,MF,Arg Juniors,Copa de la Liga,19,2004,0.0,2,0,0,1,1,0,2,0,0,0,0,0,0,0,0,0,0,0,0,0,1,0,py PAR,MF,Arg Juniors,Copa de la Liga,19,2004,1,4,4,0.3,0.0,0,0,0,1,4,5,3.00,0,0,0,0.00,-0.79,0.0,0.0,0.0,0.00,-0.14,py PAR,MF,Arg Juniors,Copa de la Liga,19,2004,0.0,0,0,0,0,0,0,0,0,0,0,0,0,1,0,0,0
Thiago Cardozo,uy URU,GK,Unión,Copa de la Liga,27,1996,3,3,270,3.0,0,0,0,0,0,0,1,0,0.0,0.0,0.0,0.0,0,0,0,0.00,0.00,0.00,0.00,0.00,0.00,0.00,0.00,0.00,0.00,uy URU,GK,Unión,Copa de la Liga,27,1996,3.0,0,0,0,0,0.00,0.00,0,0,0,0,0,0,0.0,0.0,0,0.0,0.0,uy URU,GK,Unión,Copa de la Liga,27,1996,3.0,46,88,52.3,1879,1631,4,4,100.0,11,13,84.6,31,71,43.7,0,0.0,0.0,0.0,1,3,1,0,0,uy URU,GK,Unión,Copa de la Liga,27,1996,3.0,88,54,34,11,0,1,0,0,0,0,0,0,46,0,0,uy URU,GK,Unión,Copa de la Liga,27,1996,3.0,3,1.00,0,3,0,0,0,0,0,0.00,0,0,0,0,0,0,uy URU,GK,Unión,Copa de la Liga,27,1996,3.0,1,0,1,0,0,1,1,100.0,0,1,0,1,0,1,1,0,uy URU,GK,Unión,Copa de la Liga,27,1996,3.0,94,67,90,4,0,0,94,0,0,0,0,0,42,283,171,0,0,0,0,0,27,0,uy URU,GK,Unión,Copa de la Liga,27,1996,3,270,90,21.4,3.0,3,90,3,0,0,8,1.33,4,4,0,0.00,-0.18,2.3,4.8,-2.6,-0.86,-1.02,uy URU,GK,Unión,Copa de la Liga,27,1996,3.0,1,0,0,2,0,0,0,0,0,0,1,0,4,0,0,0
Nicolás Caro,ar ARG,DF,Deportivo Riestra,Copa de la Liga,28,1995,10,10,867,9.6,0,0,0,0,0,0,1,0,0.1,0.1,0.1,0.3,5,14,2,0.00,0.00,0.00,0.00,0.00,0.01,0.01,0.03,0.01,0.03,ar ARG,DF,Deportivo Riestra,Copa de la Liga,28,1995,9.6,0,3,1,33.3,0.31,0.10,0.00,0.00,13.3,0,0,0,0.1,0.1,0.05,-0.1,-0.1,ar ARG,DF,Deportivo Riestra,Copa de la Liga,28,1995,9.6,99,194,51.0,1993,1105,30,42,71.4,50,79,63.3,15,58,25.9,0,0.1,0.2,-0.1,1,11,1,0,14,ar ARG,DF,Deportivo Riestra,Copa de la Liga,28,1995,9.6,194,186,7,3,0,0,0,0,0,0,0,0,99,1,2,ar ARG,DF,Deportivo Riestra,Copa de la Liga,28,1995,9.6,4,0.42,4,0,0,0,0,0,0,0.00,0,0,0,0,0,0,ar ARG,DF,Deportivo Riestra,Copa de la Liga,28,1995,9.6,12,2,8,4,0,5,8,62.5,3,9,4,5,14,26,42,0,ar ARG,DF,Deportivo Riestra,Copa de la Liga,28,1995,9.6,288,61,159,115,16,13,288,3,3,100.0,0,0.0,88,457,328,5,0,0,2,2,94,2,ar ARG,DF,Deportivo Riestra,Copa de la Liga,28,1995,10,867,87,68.8,9.6,10,87,9,0,0,2,1.10,5,11,-6,-0.62,-0.16,6.4,13.5,-7.1,-0.74,+0.14,ar ARG,DF,Deportivo Riestra,Copa de la Liga,28,1995,9.6,1,0,0,11,5,0,0,14,2,0,0,0,32,22,22,50.0
Julian Carrasco,ar ARG,"MF,FW",Atlé Tucumán,Copa de la Liga,21,2002,5,0,74,0.8,0,0,0,0,0,0,0,0,0.3,0.3,0.1,0.4,1,3,10,0.00,0.00,0.00,0.00,0.00,0.31,0.16,0.46,0.31,0.46,ar ARG,"MF,FW",Atlé Tucumán,Copa de la Liga,21,2002,0.8,0,2,0,0.0,2.43,0.00,0.00,0,22.8,0,0,0,0.3,0.3,0.13,-0.3,-0.3,ar ARG,"MF,FW",Atlé Tucumán,Copa de la Liga,21,2002,0.8,34,46,73.9,500,121,23,26,88.5,10,15,66.7,1,3,33.3,0,0.1,0.1,-0.1,5,2,1,1,3,ar ARG,"MF,FW",Atlé Tucumán,Copa de la Liga,21,2002,0.8,46,45,1,0,0,1,5,0,1,1,0,0,34,0,1,ar ARG,"MF,FW",Atlé Tucumán,Copa de la Liga,21,2002,0.8,10,12.00,9,0,0,0,1,0,0,0.00,0,0,0,0,0,0,ar ARG,"MF,FW",Atlé Tucumán,Copa de la Liga,21,2002,0.8,0,0,0,0,0,0,2,0.0,2,0,0,0,2,2,0,0,ar ARG,"MF,FW",Atlé Tucumán,Copa de la Liga,21,2002,0.8,58,0,4,23,31,5,58,5,1,20.0,2,40.0,38,264,67,1,2,0,3,0,45,10,ar ARG,"MF,FW",Atlé Tucumán,Copa de la Liga,21,2002,5,74,15,5.9,0.8,0,0,0,5,15,8,0.60,0,0,0,0.00,+1.14,1.5,0.4,+1.1,+1.33,+1.55,ar ARG,"MF,FW",Atlé Tucumán,Copa de la Liga,21,2002,0.8,0,0,0,1,2,1,5,2,0,0,0,0,2,3,1,75.0
Ramiro Carrera,ar ARG,"MF,FW",Lanús,Copa de la Liga,30,1993,12,8,692,7.7,1,2,3,1,0,0,4,0,0.9,0.9,1.4,2.3,21,37,39,0.13,0.26,0.39,0.13,0.39,0.11,0.19,0.30,0.11,0.30,ar ARG,"MF,FW",Lanús,Copa de la Liga,30,1993,7.7,1,20,4,20.0,2.60,0.52,0.05,0.25,22.8,0,0,0,0.9,0.9,0.04,+0.1,+0.1,ar ARG,"MF,FW",Lanús,Copa de la Liga,30,1993,7.7,183,286,64.0,3055,1144,91,115,79.1,65,94,69.1,22,38,57.9,2,1.4,1.1,+0.6,10,30,7,2,37,ar ARG,"MF,FW",Lanús,Copa de la Liga,30,1993,7.7,286,270,12,5,1,2,18,5,2,0,2,0,183,4,13,ar ARG,"MF,FW",Lanús,Copa de la Liga,30,1993,7.7,28,3.64,20,1,2,3,2,0,3,0.39,2,0,0,1,0,0,ar ARG,"MF,FW",Lanús,Copa de la Liga,30,1993,7.7,19,9,8,6,5,8,15,53.3,7,8,1,7,4,23,8,0,ar ARG,"MF,FW",Lanús,Copa de la Liga,30,1993,7.7,392,9,59,193,147,15,392,34,20,58.8,11,32.4,211,1308,574,21,17,0,12,19,258,39,ar ARG,"MF,FW",Lanús,Copa de la Liga,30,1993,12,692,58,54.9,7.7,8,70,0,4,34,1,1.67,9,10,-1,-0.13,-1.24,10.3,5.6,+4.7,+0.62,+0.42,ar ARG,"MF,FW",Lanús,Copa de la Liga,30,1993,7.7,4,0,0,16,13,1,18,4,9,0,0,0,34,19,16,54.3
Guido Carrillo,ar ARG,FW,Estudiantes–LP,Copa de la Liga,32,1991,9,4,386,4.3,3,2,5,3,0,0,0,0,2.0,2.0,0.8,2.8,3,9,21,0.70,0.47,1.17,0.70,1.17,0.47,0.19,0.66,0.47,0.66,ar ARG,FW,Estudiantes–LP,Copa de la Liga,32,1991,4.3,3,11,5,45.5,2.56,1.17,0.27,0.60,13.3,0,0,0,2.0,2.0,0.18,+1.0,+1.0,ar ARG,FW,Estudiantes–LP,Copa de la Liga,32,1991,4.3,80,121,66.1,919,154,51,64,79.7,18,32,56.3,1,2,50.0,2,0.8,1.0,+1.2,9,4,4,0,9,ar ARG,FW,Estudiantes–LP,Copa de la Liga,32,1991,4.3,121,115,6,0,0,0,0,0,0,0,0,0,80,0,4,ar ARG,FW,Estudiantes–LP,Copa de la Liga,32,1991,4.3,12,2.80,11,0,1,0,0,0,3,0.70,3,0,0,0,0,0,ar ARG,FW,Estudiantes–LP,Copa de la Liga,32,1991,4.3,3,3,0,2,1,0,2,0.0,2,3,0,3,1,4,4,0,ar ARG,FW,Estudiantes–LP,Copa de la Liga,32,1991,4.3,165,4,8,78,79,21,165,7,4,57.1,3,42.9,75,238,63,3,1,2,11,3,127,21,ar ARG,FW,Estudiantes–LP,Copa de la Liga,32,1991,9,386,43,30.6,4.3,4,66,0,5,25,0,1.75,10,1,+9,+2.10,+2.00,6.7,3.6,+3.1,+0.73,+0.19,ar ARG,FW,Estudiantes–LP,Copa de la Liga,32,1991,4.3,0,0,0,3,5,0,0,1,3,0,0,0,5,26,14,65.0
Lucas Carrizo,ar ARG,DF,Huracán,Copa de la Liga,26,1997,12,12,"1,071",11.9,2,0,2,2,0,0,4,1,0.2,0.2,0.1,0.3,5,35,3,0.17,0.00,0.17,0.17,0.17,0.01,0.01,0.02,0.01,0.02,ar ARG,DF,Huracán,Copa de la Liga,26,1997,11.9,2,7,4,57.1,0.59,0.34,0.29,0.50,27.0,2,0,0,0.2,0.2,0.02,+1.8,+1.8,ar ARG,DF,Huracán,Copa de la Liga,26,1997,11.9,439,585,75.0,10106,4434,117,133,88.0,229,266,86.1,91,175,52.0,0,0.1,0.2,-0.1,6,36,2,0,35,ar ARG,DF,Huracán,Copa de la Liga,26,1997,11.9,585,524,60,46,0,18,7,3,2,0,0,1,439,1,6,ar ARG,DF,Huracán,Copa de la Liga,26,1997,11.9,12,1.01,5,3,0,2,2,0,1,0.08,0,0,0,1,0,0,ar ARG,DF,Huracán,Copa de la Liga,26,1997,11.9,22,8,17,4,1,13,24,54.2,11,15,9,6,21,43,49,0,ar ARG,DF,Huracán,Copa de la Liga,26,1997,11.9,722,94,389,307,30,4,722,5,3,60.0,1,20.0,332,1663,1112,5,3,0,12,5,372,3,ar ARG,DF,Huracán,Copa de la Liga,26,1997,12,"1,071",89,85.0,11.9,12,89,11,0,0,1,1.33,11,7,+4,+0.34,+2.24,10.8,13.0,-2.2,-0.18,+0.54,ar ARG,DF,Huracán,Copa de la Liga,26,1997,11.9,4,1,1,12,19,0,7,21,8,0,0,0,62,23,17,57.5
Milton Casco,ar ARG,DF,River Plate,Copa de la Liga,35,1988,2,2,180,2.0,0,0,0,0,0,0,2,0,0.0,0.0,0.1,0.1,7,17,19,0.00,0.00,0.00,0.00,0.00,0.00,0.03,0.03,0.00,0.03,ar ARG,DF,River Plate,Copa de la Liga,35,1988,2.0,0,0,0,0,0.00,0.00,0,0,0,0,0,0,0.0,0.0,0,0.0,0.0,ar ARG,DF,River Plate,Copa de la Liga,35,1988,2.0,155,175,88.6,2490,949,78,84,92.9,69,76,90.8,5,9,55.6,0,0.1,0.2,-0.1,2,20,2,1,17,ar ARG,DF,River Plate,Copa de la Liga,35,1988,2.0,175,156,19,2,0,0,8,17,0,0,0,0,155,0,1,ar ARG,DF,River Plate,Copa de la Liga,35,1988,2.0,6,3.00,6,0,0,0,0,0,0,0.00,0,0,0,0,0,0,ar ARG,DF,River Plate,Copa de la Liga,35,1988,2.0,2,0,1,1,0,0,3,0.0,3,0,0,0,1,3,0,0,ar ARG,DF,River Plate,Copa de la Liga,35,1988,2.0,181,1,25,112,45,3,181,2,0,0.0,2,100.0,97,461,239,7,5,1,1,1,145,19,ar ARG,DF,River Plate,Copa de la Liga,35,1988,2,180,90,14.3,2.0,2,90,2,0,0,8,3.00,4,1,+3,+1.50,+0.42,4.4,1.1,+3.3,+1.66,+0.81,ar ARG,DF,River Plate,Copa de la Liga,35,1988,2.0,2,0,0,2,1,1,8,1,0,0,0,0,10,1,0,100.0
Santiago Cáseres,ar ARG,MF,Vélez Sarsfield,Copa de la Liga,26,1997,7,4,378,4.2,0,0,0,0,0,0,0,0,0.2,0.2,0.0,0.3,2,24,2,0.00,0.00,0.00,0.00,0.00,0.06,0.00,0.06,0.06,0.06,ar ARG,MF,Vélez Sarsfield,Copa de la Liga,26,1997,4.2,0,3,1,33.3,0.71,0.24,0.00,0.00,9.5,0,0,0,0.2,0.2,0.08,-0.2,-0.2,ar ARG,MF,Vélez Sarsfield,Copa de la Liga,26,1997,4.2,213,243,87.7,4071,1158,82,98,83.7,98,104,94.2,30,35,85.7,0,0.0,0.1,0.0,1,18,1,0,24,ar ARG,MF,Vélez Sarsfield,Copa de la Liga,26,1997,4.2,243,219,24,23,0,4,2,0,1,0,0,0,213,0,3,ar ARG,MF,Vélez Sarsfield,Copa de la Liga,26,1997,4.2,6,1.43,5,1,0,0,0,0,1,0.24,0,1,0,0,0,0,ar ARG,MF,Vélez Sarsfield,Copa de la Liga,26,1997,4.2,12,7,3,6,3,7,9,77.8,2,4,0,4,5,17,7,0,ar ARG,MF,Vélez Sarsfield,Copa de la Liga,26,1997,4.2,276,10,61,194,24,3,276,3,2,66.7,1,33.3,143,690,291,2,0,0,2,2,158,2,ar ARG,MF,Vélez Sarsfield,Copa de la Liga,26,1997,7,378,54,30.0,4.2,4,82,1,3,17,2,1.80,4,8,-4,-0.95,-1.46,4.2,4.3,-0.1,-0.03,-0.54,ar ARG,MF,Vélez Sarsfield,Copa de la Liga,26,1997,4.2,0,0,0,4,6,0,2,5,7,0,0,0,30,8,6,57.1
Rodrigo Castillo,ar ARG,FW,Gimnasia–LP,Copa de la Liga,24,1999,4,1,150,1.7,0,0,0,0,0,0,0,0,0.8,0.8,0.1,0.8,2,6,17,0.00,0.00,0.00,0.00,0.00,0.45,0.05,0.50,0.45,0.50,ar ARG,FW,Gimnasia–LP,Copa de la Liga,24,1999,1.7,0,6,3,50.0,3.60,1.80,0.00,0.00,12.1,0,0,0,0.8,0.8,0.13,-0.8,-0.8,ar ARG,FW,Gimnasia–LP,Copa de la Liga,24,1999,1.7,45,59,76.3,676,121,24,33,72.7,14,16,87.5,4,6,66.7,0,0.1,0.1,-0.1,2,6,1,0,6,ar ARG,FW,Gimnasia–LP,Copa de la Liga,24,1999,1.7,59,55,4,0,0,0,2,1,0,0,0,0,45,0,0,ar ARG,FW,Gimnasia–LP,Copa de la Liga,24,1999,1.7,8,4.80,7,0,1,0,0,0,0,0.00,0,0,0,0,0,0,ar ARG,FW,Gimnasia–LP,Copa de la Liga,24,1999,1.7,3,2,0,2,1,0,2,0.0,2,1,0,1,0,3,1,0,ar ARG,FW,Gimnasia–LP,Copa de la Liga,24,1999,1.7,85,1,3,39,43,10,85,4,2,50.0,2,50.0,47,228,105,2,2,2,5,5,62,17,ar ARG,FW,Gimnasia–LP,Copa de la Liga,24,1999,4,150,38,11.9,1.7,1,90,1,3,20,7,0.75,3,3,0,0.00,+0.41,2.3,2.3,0.0,+0.02,+0.54,ar ARG,FW,Gimnasia–LP,Copa de la Liga,24,1999,1.7,0,0,0,2,1,0,2,0,2,0,0,0,10,9,14,39.1
Federico Castro,ar ARG,FW,Ind. Rivadavia,Copa de la Liga,31,1992,8,4,407,4.5,2,0,2,2,0,0,1,0,1.4,1.4,0.4,1.8,3,4,20,0.44,0.00,0.44,0.44,0.44,0.31,0.09,0.40,0.31,0.40,ar ARG,FW,Ind. Rivadavia,Copa de la Liga,31,1992,4.5,2,11,3,27.3,2.43,0.66,0.18,0.67,13.6,0,0,0,1.4,1.4,0.13,+0.6,+0.6,ar ARG,FW,Ind. Rivadavia,Copa de la Liga,31,1992,4.5,37,79,46.8,468,82,21,35,60.0,11,20,55.0,1,4,25.0,0,0.4,0.3,-0.4,3,1,0,0,4,ar ARG,FW,Ind. Rivadavia,Copa de la Liga,31,1992,4.5,79,75,4,0,1,0,3,0,0,0,0,0,37,0,5,ar ARG,FW,Ind. Rivadavia,Copa de la Liga,31,1992,4.5,6,1.33,4,0,0,0,2,0,1,0.22,0,0,0,0,1,0,ar ARG,FW,Ind. Rivadavia,Copa de la Liga,31,1992,4.5,1,0,0,0,1,0,2,0.0,2,3,0,3,0,1,3,0,ar ARG,FW,Ind. Rivadavia,Copa de la Liga,31,1992,4.5,124,3,7,44,74,18,124,9,2,22.2,6,66.7,73,217,78,3,6,0,6,5,92,20,ar ARG,FW,Ind. Rivadavia,Copa de la Liga,31,1992,8,407,51,32.3,4.5,4,86,2,4,16,5,0.25,5,7,-2,-0.44,+0.61,3.6,7.0,-3.4,-0.75,-0.15,ar ARG,FW,Ind. Rivadavia,Copa de la Liga,31,1992,4.5,1,0,0,8,6,1,3,0,0,0,0,0,9,11,14,44.0
Lucas Castro,ar ARG,"MF,FW",Gimnasia–LP,Copa de la Liga,34,1989,9,5,511,5.7,0,0,0,0,0,0,2,0,0.4,0.4,1.3,1.7,10,28,22,0.00,0.00,0.00,0.00,0.00,0.08,0.22,0.30,0.08,0.30,ar ARG,"MF,FW",Gimnasia–LP,Copa de la Liga,34,1989,5.7,0,8,2,25.0,1.41,0.35,0.00,0.00,18.1,0,0,0,0.4,0.4,0.05,-0.4,-0.4,ar ARG,"MF,FW",Gimnasia–LP,Copa de la Liga,34,1989,5.7,220,309,71.2,3432,1012,119,146,81.5,66,97,68.0,21,35,60.0,0,1.3,0.6,-1.3,10,23,6,3,28,ar ARG,"MF,FW",Gimnasia–LP,Copa de la Liga,34,1989,5.7,309,296,10,4,0,2,16,3,0,0,0,0,220,3,9,ar ARG,"MF,FW",Gimnasia–LP,Copa de la Liga,34,1989,5.7,18,3.17,16,0,0,1,1,0,1,0.18,0,0,0,0,1,0,ar ARG,"MF,FW",Gimnasia–LP,Copa de la Liga,34,1989,5.7,17,12,4,10,3,7,17,41.2,10,9,1,8,5,22,7,0,ar ARG,"MF,FW",Gimnasia–LP,Copa de la Liga,34,1989,5.7,391,8,49,217,128,10,391,17,5,29.4,11,64.7,230,1138,552,10,14,1,10,11,275,22,ar ARG,"MF,FW",Gimnasia–LP,Copa de la Liga,34,1989,9,511,57,40.6,5.7,5,73,1,4,36,0,1.33,9,6,+3,+0.53,+1.49,5.3,6.7,-1.4,-0.24,+0.37,ar ARG,"MF,FW",Gimnasia–LP,Copa de la Liga,34,1989,5.7,2,0,0,10,6,1,16,5,12,0,0,0,31,9,9,50.0
Nicolás Castro,ar ARG,MF,Atlé Tucumán,Copa de la Liga,33,1990,13,8,687,7.6,0,0,0,0,0,0,2,0,0.8,0.8,0.5,1.3,11,27,24,0.00,0.00,0.00,0.00,0.00,0.10,0.07,0.17,0.10,0.17,ar ARG,MF,Atlé Tucumán,Copa de la Liga,33,1990,7.6,0,16,2,12.5,2.10,0.26,0.00,0.00,22.8,1,0,0,0.8,0.8,0.05,-0.8,-0.8,ar ARG,MF,Atlé Tucumán,Copa de la Liga,33,1990,7.6,199,256,77.7,3419,1166,109,125,87.2,59,70,84.3,24,38,63.2,0,0.5,0.6,-0.5,12,19,9,7,27,ar ARG,MF,Atlé Tucumán,Copa de la Liga,33,1990,7.6,256,242,14,4,0,0,27,2,7,2,4,0,199,0,15,ar ARG,MF,Atlé Tucumán,Copa de la Liga,33,1990,7.6,24,3.14,17,3,1,1,1,1,0,0.00,0,0,0,0,0,0,ar ARG,MF,Atlé Tucumán,Copa de la Liga,33,1990,7.6,18,6,6,9,3,6,17,35.3,11,17,1,16,8,26,9,0,ar ARG,MF,Atlé Tucumán,Copa de la Liga,33,1990,7.6,345,12,43,181,124,12,345,8,5,62.5,3,37.5,158,778,392,11,6,2,13,2,188,24,ar ARG,MF,Atlé Tucumán,Copa de la Liga,33,1990,13,687,53,54.5,7.6,8,71,1,5,23,1,0.69,2,15,-13,-1.70,-1.39,8.5,11.7,-3.1,-0.41,-0.60,ar ARG,MF,Atlé Tucumán,Copa de la Liga,33,1990,7.6,2,0,0,12,4,0,27,8,6,0,0,0,37,3,5,37.5
Tomás Castro,ar ARG,MF,Atlé Tucumán,Copa de la Liga,22,2001,4,0,40,0.4,0,0,0,0,0,0,0,0,0.0,0.0,0.0,0.0,1,4,2,0.00,0.00,0.00,0.00,0.00,0.09,0.00,0.09,0.09,0.09,ar ARG,MF,Atlé Tucumán,Copa de la Liga,22,2001,0.4,0,1,0,0.0,2.25,0.00,0.00,0,23.1,0,0,0,0.0,0.0,0.04,0.0,0.0,ar ARG,MF,Atlé Tucumán,Copa de la Liga,22,2001,0.4,15,21,71.4,214,62,8,9,88.9,7,10,70.0,0,0,0,0,0.0,0.0,0.0,0,0,0,0,4,ar ARG,MF,Atlé Tucumán,Copa de la Liga,22,2001,0.4,21,20,1,0,0,0,2,1,0,0,0,0,15,0,1,ar ARG,MF,Atlé Tucumán,Copa de la Liga,22,2001,0.4,5,11.25,4,0,0,0,0,1,0,0.00,0,0,0,0,0,0,ar ARG,MF,Atlé Tucumán,Copa de la Liga,22,2001,0.4,0,0,0,0,0,0,1,0.0,1,0,0,0,1,1,2,0,ar ARG,MF,Atlé Tucumán,Copa de la Liga,22,2001,0.4,26,1,3,8,16,2,26,3,3,100.0,0,0.0,13,93,38,1,1,0,0,3,15,2,ar ARG,MF,Atlé Tucumán,Copa de la Liga,22,2001,4,40,10,3.2,0.4,0,0,0,4,10,10,1.25,0,2,-2,-4.50,-3.54,0.3,1.1,-0.9,-1.96,-1.88,ar ARG,MF,Atlé Tucumán,Copa de la Liga,22,2001,0.4,0,0,0,0,0,0,2,1,0,0,0,0,2,2,0,100.0
Matías Catalán,cl CHI,DF,Talleres,Copa de la Liga,31,1992,12,12,"1,080",12.0,1,0,1,1,0,0,2,0,0.4,0.4,0.1,0.5,10,63,3,0.08,0.00,0.08,0.08,0.08,0.04,0.01,0.04,0.04,0.04,cl CHI,DF,Talleres,Copa de la Liga,31,1992,12.0,1,4,2,50.0,0.33,0.17,0.25,0.50,16.2,0,0,0,0.4,0.4,0.11,+0.6,+0.6,cl CHI,DF,Talleres,Copa de la Liga,31,1992,12.0,443,569,77.9,10866,4699,99,117,84.6,228,264,86.4,115,176,65.3,0,0.1,0.2,-0.1,2,62,2,0,63,cl CHI,DF,Talleres,Copa de la Liga,31,1992,12.0,569,540,27,19,0,17,5,8,0,0,0,0,443,2,6,cl CHI,DF,Talleres,Copa de la Liga,31,1992,12.0,11,0.92,9,0,2,0,0,0,3,0.25,1,0,2,0,0,0,cl CHI,DF,Talleres,Copa de la Liga,31,1992,12.0,25,14,21,4,0,13,15,86.7,2,12,8,4,13,38,57,0,cl CHI,DF,Talleres,Copa de la Liga,31,1992,12.0,698,87,352,333,21,7,698,6,6,100.0,0,0.0,353,1768,1201,10,4,1,5,2,406,3,cl CHI,DF,Talleres,Copa de la Liga,31,1992,12,"1,080",90,85.7,12.0,12,90,12,0,0,2,1.67,21,14,+7,+0.58,+0.08,18.7,12.5,+6.2,+0.52,+0.45,cl CHI,DF,Talleres,Copa de la Liga,31,1992,12.0,2,0,0,10,3,1,5,13,14,0,1,1,53,30,26,53.6
Juan Cavallaro,ar ARG,"FW,MF",Ind. Rivadavia,Copa de la Liga,29,1994,7,2,346,3.8,1,1,2,1,0,0,0,0,1.5,1.5,0.2,1.8,11,14,29,0.26,0.26,0.52,0.26,0.52,0.39,0.06,0.46,0.39,0.46,ar ARG,"FW,MF",Ind. Rivadavia,Copa de la Liga,29,1994,3.8,1,9,4,44.4,2.34,1.04,0.11,0.25,17.9,0,0,0,1.5,1.5,0.17,-0.5,-0.5,ar ARG,"FW,MF",Ind. Rivadavia,Copa de la Liga,29,1994,3.8,59,87,67.8,981,204,26,28,92.9,28,32,87.5,4,16,25.0,1,0.2,0.6,+0.8,4,6,0,0,14,ar ARG,"FW,MF",Ind. Rivadavia,Copa de la Liga,29,1994,3.8,87,75,12,3,0,1,17,3,4,0,4,0,59,0,7,ar ARG,"FW,MF",Ind. Rivadavia,Copa de la Liga,29,1994,3.8,8,2.08,5,2,0,0,1,0,1,0.26,0,1,0,0,0,0,ar ARG,"FW,MF",Ind. Rivadavia,Copa de la Liga,29,1994,3.8,8,5,0,3,5,2,3,66.7,1,7,0,7,0,8,0,0,ar ARG,"FW,MF",Ind. Rivadavia,Copa de la Liga,29,1994,3.8,134,1,9,41,88,10,134,11,4,36.4,5,45.5,72,544,246,11,6,1,15,5,82,29,ar ARG,"FW,MF",Ind. Rivadavia,Copa de la Liga,29,1994,7,346,49,27.5,3.8,2,54,0,5,48,0,0.29,3,5,-2,-0.52,+0.46,4.4,5.0,-0.5,-0.14,+0.71,ar ARG,"FW,MF",Ind. Rivadavia,Copa de la Liga,29,1994,3.8,0,0,0,3,4,0,17,0,5,0,0,0,16,3,1,75.0
Edinson Cavani,uy URU,FW,Boca Juniors,Copa de la Liga,36,1987,10,8,645,7.2,6,0,6,5,1,1,1,0,4.0,3.3,0.9,4.1,1,9,40,0.84,0.00,0.84,0.70,0.70,0.56,0.12,0.69,0.45,0.58,uy URU,FW,Boca Juniors,Copa de la Liga,36,1987,7.2,6,15,9,60.0,2.09,1.26,0.33,0.56,12.1,0,1,1,4.0,3.3,0.22,+2.0,+1.7,uy URU,FW,Boca Juniors,Copa de la Liga,36,1987,7.2,120,155,77.4,1641,282,70,88,79.5,37,45,82.2,6,8,75.0,0,0.9,0.7,-0.9,3,1,1,0,9,uy URU,FW,Boca Juniors,Copa de la Liga,36,1987,7.2,155,148,7,0,0,1,1,1,0,0,0,0,120,0,2,uy URU,FW,Boca Juniors,Copa de la Liga,36,1987,7.2,7,0.98,5,0,0,1,1,0,0,0.00,0,0,0,0,0,0,uy URU,FW,Boca Juniors,Copa de la Liga,36,1987,7.2,5,1,1,3,1,0,3,0.0,3,8,1,7,0,5,6,0,uy URU,FW,Boca Juniors,Copa de la Liga,36,1987,7.2,225,8,30,98,98,30,224,7,2,28.6,3,42.9,110,325,110,1,4,0,19,2,155,40,uy URU,FW,Boca Juniors,Copa de la Liga,36,1987,10,645,65,51.2,7.2,8,72,1,2,34,0,1.58,11,8,+3,+0.42,-0.31,8.4,6.7,+1.7,+0.24,-0.80,uy URU,FW,Boca Juniors,Copa de la Liga,36,1987,7.2,1,0,0,11,8,9,1,0,1,0,0,0,19,5,16,23.8
Milton Céliz,ar ARG,MF,Deportivo Riestra,Copa de la Liga,31,1992,14,14,"1,099",12.2,1,0,1,1,0,0,4,1,1.4,1.4,0.4,1.8,11,47,32,0.08,0.00,0.08,0.08,0.08,0.11,0.04,0.15,0.11,0.15,ar ARG,MF,Deportivo Riestra,Copa de la Liga,31,1992,12.2,1,15,4,26.7,1.23,0.33,0.07,0.25,18.4,2,0,0,1.4,1.4,0.09,-0.4,-0.4,ar ARG,MF,Deportivo Riestra,Copa de la Liga,31,1992,12.2,176,317,55.5,3106,1308,88,137,64.2,63,101,62.4,22,45,48.9,0,0.4,0.7,-0.4,7,29,11,1,47,ar ARG,MF,Deportivo Riestra,Copa de la Liga,31,1992,12.2,317,299,14,1,2,4,10,9,0,0,0,0,176,4,18,ar ARG,MF,Deportivo Riestra,Copa de la Liga,31,1992,12.2,16,1.31,9,1,1,1,3,1,0,0.00,0,0,0,0,0,0,ar ARG,MF,Deportivo Riestra,Copa de la Liga,31,1992,12.2,24,12,8,8,8,14,31,45.2,17,15,4,11,11,35,17,0,ar ARG,MF,Deportivo Riestra,Copa de la Liga,31,1992,12.2,476,26,104,227,163,19,476,34,20,58.8,14,41.2,223,1221,646,11,14,0,32,17,219,32,ar ARG,MF,Deportivo Riestra,Copa de la Liga,31,1992,14,"1,099",79,87.2,12.2,14,79,9,0,0,0,0.93,6,13,-7,-0.57,-0.01,6.8,16.0,-9.2,-0.76,+0.20,ar ARG,MF,Deportivo Riestra,Copa de la Liga,31,1992,12.2,4,1,0,28,23,2,10,11,12,0,0,0,76,16,22,42.1
Giuliano Cerato,ar ARG,"DF,MF",Instituto,Copa de la Liga,25,1998,5,2,267,3.0,0,0,0,0,0,0,3,0,0.3,0.3,0.3,0.5,5,10,18,0.00,0.00,0.00,0.00,0.00,0.08,0.10,0.18,0.08,0.18,ar ARG,"DF,MF",Instituto,Copa de la Liga,25,1998,3.0,0,1,1,100.0,0.34,0.34,0.00,0.00,5.2,0,0,0,0.3,0.3,0.25,-0.3,-0.3,ar ARG,"DF,MF",Instituto,Copa de la Liga,25,1998,3.0,97,170,57.1,1969,945,41,53,77.4,37,61,60.7,19,43,44.2,0,0.3,0.3,-0.3,4,6,4,4,10,ar ARG,"DF,MF",Instituto,Copa de la Liga,25,1998,3.0,170,131,38,1,0,1,17,37,0,0,0,0,97,1,8,ar ARG,"DF,MF",Instituto,Copa de la Liga,25,1998,3.0,11,3.69,9,1,0,1,0,0,2,0.67,2,0,0,0,0,0,ar ARG,"DF,MF",Instituto,Copa de la Liga,25,1998,3.0,10,8,6,4,0,6,7,85.7,1,6,1,5,2,12,6,0,ar ARG,"DF,MF",Instituto,Copa de la Liga,25,1998,3.0,206,9,68,81,58,3,206,1,0,0.0,1,100.0,72,293,174,5,4,0,5,0,72,18,ar ARG,"DF,MF",Instituto,Copa de la Liga,25,1998,5,267,53,21.2,3.0,2,90,2,3,29,8,1.20,4,2,+2,+0.67,+0.76,3.2,2.1,+1.1,+0.37,-0.22,ar ARG,"DF,MF",Instituto,Copa de la Liga,25,1998,3.0,3,0,0,10,0,0,17,2,8,0,0,0,31,3,2,60.0
Lautaro Cerato,ar ARG,FW,Sarmiento,Copa de la Liga,23,2000,1,0,22,0.2,0,0,0,0,0,0,0,0,0.0,0.0,0.0,0.0,0,1,2,0.00,0.00,0.00,0.00,0.00,0.12,0.00,0.12,0.12,0.12,ar ARG,FW,Sarmiento,Copa de la Liga,23,2000,0.2,0,1,0,0.0,4.09,0.00,0.00,0,13.8,0,0,0,0.0,0.0,0.03,0.0,0.0,ar ARG,FW,Sarmiento,Copa de la Liga,23,2000,0.2,5,7,71.4,86,16,3,4,75.0,1,1,100.0,1,1,100.0,0,0.0,0.0,0.0,0,0,0,0,1,ar ARG,FW,Sarmiento,Copa de la Liga,23,2000,0.2,7,6,1,0,0,0,0,0,0,0,0,0,5,0,1,ar ARG,FW,Sarmiento,Copa de la Liga,23,2000,0.2,0,0.00,0,0,0,0,0,0,0,0.00,0,0,0,0,0,0,ar ARG,FW,Sarmiento,Copa de la Liga,23,2000,0.2,0,0,0,0,0,0,0,0,0,0,0,0,0,0,1,0,ar ARG,FW,Sarmiento,Copa de la Liga,23,2000,0.2,16,1,1,4,11,2,16,0,0,0,0,0,7,34,1,0,1,0,2,1,12,2,ar ARG,FW,Sarmiento,Copa de la Liga,23,2000,1,22,22,1.7,0.2,0,0,0,1,22,3,0.00,0,1,-1,-4.09,-3.44,0.0,0.4,-0.4,-1.58,-1.12,ar ARG,FW,Sarmiento,Copa de la Liga,23,2000,0.2,0,0,0,0,0,0,0,0,0,0,0,0,0,3,3,50.0
Ezequiel Cerutti,ar ARG,"FW,MF",San Lorenzo,Copa de la Liga,32,1992,4,1,72,0.8,0,0,0,0,0,0,1,0,0.1,0.1,0.1,0.2,0,2,3,0.00,0.00,0.00,0.00,0.00,0.13,0.11,0.24,0.13,0.24,ar ARG,"FW,MF",San Lorenzo,Copa de la Liga,32,1992,0.8,0,4,0,0.0,5.00,0.00,0.00,0,27.4,0,0,0,0.1,0.1,0.03,-0.1,-0.1,ar ARG,"FW,MF",San Lorenzo,Copa de la Liga,32,1992,0.8,15,23,65.2,321,114,6,7,85.7,7,10,70.0,2,3,66.7,0,0.1,0.1,-0.1,1,2,1,1,2,ar ARG,"FW,MF",San Lorenzo,Copa de la Liga,32,1992,0.8,23,22,0,0,0,0,3,0,0,0,0,0,15,1,2,ar ARG,"FW,MF",San Lorenzo,Copa de la Liga,32,1992,0.8,2,2.50,2,0,0,0,0,0,0,0.00,0,0,0,0,0,0,ar ARG,"FW,MF",San Lorenzo,Copa de la Liga,32,1992,0.8,2,1,0,2,0,2,3,66.7,1,2,0,2,0,2,2,0,ar ARG,"FW,MF",San Lorenzo,Copa de la Liga,32,1992,0.8,38,1,5,17,16,1,38,1,0,0.0,1,100.0,23,139,42,0,1,0,1,2,26,3,ar ARG,"FW,MF",San Lorenzo,Copa de la Liga,32,1992,4,72,18,5.7,0.8,1,45,0,3,9,1,1.75,0,0,0,0.00,+0.30,0.8,0.4,+0.4,+0.50,+0.49,ar ARG,"FW,MF",San Lorenzo,Copa de la Liga,32,1992,0.8,1,0,0,1,3,0,3,0,1,0,0,0,3,2,1,66.7
Tobías Cervera,sy SYR,FW,Rosario Central,Copa de la Liga,21,2002,12,5,561,6.2,1,0,1,1,0,0,1,0,1.1,1.1,0.4,1.5,9,9,31,0.16,0.00,0.16,0.16,0.16,0.18,0.07,0.25,0.18,0.25,sy SYR,FW,Rosario Central,Copa de la Liga,21,2002,6.2,1,8,2,25.0,1.28,0.32,0.13,0.50,14.6,0,0,0,1.1,1.1,0.14,-0.1,-0.1,sy SYR,FW,Rosario Central,Copa de la Liga,21,2002,6.2,73,101,72.3,965,151,46,55,83.6,22,29,75.9,2,5,40.0,0,0.4,0.2,-0.4,5,10,0,0,9,sy SYR,FW,Rosario Central,Copa de la Liga,21,2002,6.2,101,90,10,0,0,1,6,0,0,0,0,0,73,1,5,sy SYR,FW,Rosario Central,Copa de la Liga,21,2002,6.2,15,2.40,7,0,1,0,6,1,0,0.00,0,0,0,0,0,0,sy SYR,FW,Rosario Central,Copa de la Liga,21,2002,6.2,8,4,2,4,2,3,7,42.9,4,3,0,3,1,9,3,0,sy SYR,FW,Rosario Central,Copa de la Liga,21,2002,6.2,186,3,18,93,78,16,186,12,6,50.0,5,41.7,105,697,215,9,5,7,26,23,117,31,sy SYR,FW,Rosario Central,Copa de la Liga,21,2002,12,561,47,44.5,6.2,5,75,2,7,26,1,1.17,5,7,-2,-0.32,+0.45,4.8,8.4,-3.6,-0.58,-0.09,sy SYR,FW,Rosario Central,Copa de la Liga,21,2002,6.2,1,0,0,10,17,2,6,1,4,0,0,0,22,8,38,17.4
Edwuin Cetré,co COL,"MF,FW",Estudiantes–LP,Copa de la Liga,26,1998,11,5,572,6.4,1,1,2,1,0,0,0,0,1.1,1.1,1.4,2.4,26,9,81,0.16,0.16,0.31,0.16,0.31,0.17,0.21,0.38,0.17,0.38,co COL,"MF,FW",Estudiantes–LP,Copa de la Liga,26,1998,6.4,1,25,8,32.0,3.93,1.26,0.04,0.13,26.3,6,0,0,1.1,1.1,0.04,-0.1,-0.1,co COL,"MF,FW",Estudiantes–LP,Copa de la Liga,26,1998,6.4,151,215,70.2,2184,594,86,100,86.0,44,64,68.8,12,33,36.4,1,1.4,1.6,-0.4,12,7,9,5,9,co COL,"MF,FW",Estudiantes–LP,Copa de la Liga,26,1998,6.4,215,189,26,2,0,2,39,8,16,4,7,0,151,0,5,co COL,"MF,FW",Estudiantes–LP,Copa de la Liga,26,1998,6.4,39,6.13,21,4,5,4,5,0,2,0.31,2,0,0,0,0,0,co COL,"MF,FW",Estudiantes–LP,Copa de la Liga,26,1998,6.4,4,2,2,1,1,4,5,80.0,1,3,0,3,2,6,6,0,co COL,"MF,FW",Estudiantes–LP,Copa de la Liga,26,1998,6.4,295,10,30,100,171,18,295,26,11,42.3,12,46.2,199,1456,745,26,16,8,18,6,227,81,co COL,"MF,FW",Estudiantes–LP,Copa de la Liga,26,1998,11,572,52,45.4,6.4,5,71,2,6,36,0,1.79,13,3,+10,+1.57,+1.57,9.3,3.4,+5.9,+0.92,+0.60,co COL,"MF,FW",Estudiantes–LP,Copa de la Liga,26,1998,6.4,0,0,0,15,19,1,39,2,2,0,0,0,18,5,8,38.5
Pablo Chavarría,ar ARG,"FW,DF",Belgrano,Copa de la Liga,36,1988,9,1,172,1.9,0,0,0,0,0,0,1,0,0.0,0.0,0.2,0.3,3,5,11,0.00,0.00,0.00,0.00,0.00,0.01,0.12,0.13,0.01,0.13,ar ARG,"FW,DF",Belgrano,Copa de la Liga,36,1988,1.9,0,1,0,0.0,0.52,0.00,0.00,0,13.4,0,0,0,0.0,0.0,0.03,0.0,0.0,ar ARG,"FW,DF",Belgrano,Copa de la Liga,36,1988,1.9,28,40,70.0,360,124,15,19,78.9,9,15,60.0,1,2,50.0,0,0.2,0.2,-0.2,1,3,3,2,5,ar ARG,"FW,DF",Belgrano,Copa de la Liga,36,1988,1.9,40,37,3,0,0,0,3,1,0,0,0,0,28,0,1,ar ARG,"FW,DF",Belgrano,Copa de la Liga,36,1988,1.9,3,1.57,3,0,0,0,0,0,0,0.00,0,0,0,0,0,0,ar ARG,"FW,DF",Belgrano,Copa de la Liga,36,1988,1.9,4,0,0,4,0,0,1,0.0,1,4,2,2,0,4,2,0,ar ARG,"FW,DF",Belgrano,Copa de la Liga,36,1988,1.9,65,3,4,36,26,4,65,2,1,50.0,0,0.0,32,243,67,3,2,1,9,3,46,11,ar ARG,"FW,DF",Belgrano,Copa de la Liga,36,1988,9,172,19,13.7,1.9,1,61,0,8,14,5,0.67,1,3,-2,-1.05,-1.05,2.1,3.0,-1.0,-0.50,-0.49,ar ARG,"FW,DF",Belgrano,Copa de la Liga,36,1988,1.9,1,0,0,9,3,2,3,0,0,0,0,0,6,5,17,22.7
Lautaro Chávez,ar ARG,MF,Gimnasia–LP,Copa de la Liga,23,2001,5,0,94,1.0,0,1,1,0,0,0,0,0,0.2,0.2,0.3,0.5,6,5,11,0.00,0.96,0.96,0.00,0.96,0.15,0.31,0.46,0.15,0.46,ar ARG,MF,Gimnasia–LP,Copa de la Liga,23,2001,1.0,0,5,1,20.0,4.79,0.96,0.00,0.00,24.0,0,0,0,0.2,0.2,0.03,-0.2,-0.2,ar ARG,MF,Gimnasia–LP,Copa de la Liga,23,2001,1.0,30,52,57.7,496,179,17,20,85.0,10,18,55.6,3,8,37.5,1,0.3,0.3,+0.7,1,3,0,0,5,ar ARG,MF,Gimnasia–LP,Copa de la Liga,23,2001,1.0,52,43,9,3,0,0,8,2,4,3,0,0,30,0,3,ar ARG,MF,Gimnasia–LP,Copa de la Liga,23,2001,1.0,7,6.70,0,2,4,1,0,0,2,1.91,0,2,0,0,0,0,ar ARG,MF,Gimnasia–LP,Copa de la Liga,23,2001,1.0,2,0,1,1,0,0,2,0.0,2,2,0,2,0,2,0,0,ar ARG,MF,Gimnasia–LP,Copa de la Liga,23,2001,1.0,73,0,3,37,36,4,73,8,6,75.0,2,25.0,44,375,180,6,6,3,8,2,49,11,ar ARG,MF,Gimnasia–LP,Copa de la Liga,23,2001,5,94,19,7.5,1.0,0,0,0,5,19,9,0.80,3,2,+1,+0.96,+1.42,2.3,2.7,-0.4,-0.35,+0.12,ar ARG,MF,Gimnasia–LP,Copa de la Liga,23,2001,1.0,0,0,0,1,2,0,8,0,0,0,0,0,8,3,0,100.0
Giovani Chiaverano,ar ARG,"FW,MF",Newell's OB,Copa de la Liga,18,2005,9,0,205,2.3,1,0,1,1,0,0,1,0,0.8,0.8,0.0,0.8,6,2,14,0.44,0.00,0.44,0.44,0.44,0.33,0.01,0.34,0.33,0.34,ar ARG,"FW,MF",Newell's OB,Copa de la Liga,18,2005,2.3,1,5,3,60.0,2.20,1.32,0.20,0.33,17.1,0,0,0,0.8,0.8,0.15,+0.2,+0.2,ar ARG,"FW,MF",Newell's OB,Copa de la Liga,18,2005,2.3,36,63,57.1,455,127,22,28,78.6,8,14,57.1,2,8,25.0,0,0.0,0.2,0.0,1,1,3,2,2,ar ARG,"FW,MF",Newell's OB,Copa de la Liga,18,2005,2.3,63,58,5,2,0,0,14,1,2,0,2,0,36,0,7,ar ARG,"FW,MF",Newell's OB,Copa de la Liga,18,2005,2.3,6,2.63,3,0,1,1,1,0,1,0.44,0,0,0,0,1,0,ar ARG,"FW,MF",Newell's OB,Copa de la Liga,18,2005,2.3,3,2,2,1,0,1,2,50.0,1,3,0,3,0,3,1,0,ar ARG,"FW,MF",Newell's OB,Copa de la Liga,18,2005,2.3,100,0,15,38,50,13,100,12,3,25.0,8,66.7,55,317,101,6,0,1,9,4,56,14,ar ARG,"FW,MF",Newell's OB,Copa de la Liga,18,2005,9,205,23,16.3,2.3,0,0,0,9,23,5,1.44,3,2,+1,+0.44,+0.69,3.0,2.8,+0.2,+0.08,+0.12,ar ARG,"FW,MF",Newell's OB,Copa de la Liga,18,2005,2.3,1,0,0,3,2,0,14,0,2,1,0,0,15,4,4,50.0
Ignacio Chicco,ar ARG,GK,Belgrano,Copa de la Liga,27,1996,2,2,180,2.0,0,0,0,0,0,0,0,0,0.0,0.0,0.0,0.0,0,0,0,0.00,0.00,0.00,0.00,0.00,0.00,0.01,0.01,0.00,0.01,ar ARG,GK,Belgrano,Copa de la Liga,27,1996,2.0,0,0,0,0,0.00,0.00,0,0,0,0,0,0,0.0,0.0,0,0.0,0.0,ar ARG,GK,Belgrano,Copa de la Liga,27,1996,2.0,32,68,47.1,1039,818,4,4,100.0,16,16,100.0,12,46,26.1,0,0.0,0.0,0.0,1,3,0,0,0,ar ARG,GK,Belgrano,Copa de la Liga,27,1996,2.0,68,50,17,6,0,0,0,0,0,0,0,0,32,1,1,ar ARG,GK,Belgrano,Copa de la Liga,27,1996,2.0,1,0.50,1,0,0,0,0,0,0,0.00,0,0,0,0,0,0,ar ARG,GK,Belgrano,Copa de la Liga,27,1996,2.0,0,0,0,0,0,0,0,0,0,0,0,0,0,0,2,0,ar ARG,GK,Belgrano,Copa de la Liga,27,1996,2.0,73,50,70,3,0,0,73,1,1,100.0,0,0.0,37,227,158,0,0,0,0,0,32,0,ar ARG,GK,Belgrano,Copa de la Liga,27,1996,2,180,90,14.3,2.0,2,90,2,0,0,11,3.00,6,2,+4,+2.00,+2.50,4.3,1.8,+2.5,+1.26,+1.56,ar ARG,GK,Belgrano,Copa de la Liga,27,1996,2.0,0,0,0,0,0,0,0,0,0,0,0,0,2,0,0,0
Nicolás Colazo,ar ARG,"DF,MF",Gimnasia–LP,Copa de la Liga,33,1990,6,5,398,4.4,0,0,0,0,0,0,0,0,0.1,0.1,0.1,0.2,1,24,12,0.00,0.00,0.00,0.00,0.00,0.02,0.03,0.05,0.02,0.05,ar ARG,"DF,MF",Gimnasia–LP,Copa de la Liga,33,1990,4.4,0,3,0,0.0,0.68,0.00,0.00,0,26.9,0,0,0,0.1,0.1,0.02,-0.1,-0.1,ar ARG,"DF,MF",Gimnasia–LP,Copa de la Liga,33,1990,4.4,169,229,73.8,2676,1293,95,113,84.1,56,74,75.7,14,26,53.8,0,0.1,0.2,-0.1,5,14,1,0,24,ar ARG,"DF,MF",Gimnasia–LP,Copa de la Liga,33,1990,4.4,229,172,56,1,0,1,17,46,9,0,6,0,169,1,7,ar ARG,"DF,MF",Gimnasia–LP,Copa de la Liga,33,1990,4.4,12,2.71,6,4,0,1,1,0,0,0.00,0,0,0,0,0,0,ar ARG,"DF,MF",Gimnasia–LP,Copa de la Liga,33,1990,4.4,9,5,3,5,1,4,9,44.4,5,4,1,3,6,15,7,0,ar ARG,"DF,MF",Gimnasia–LP,Copa de la Liga,33,1990,4.4,268,9,67,124,77,2,268,2,1,50.0,1,50.0,109,407,230,1,3,0,6,2,131,12,ar ARG,"DF,MF",Gimnasia–LP,Copa de la Liga,33,1990,6,398,66,31.6,4.4,5,73,1,1,32,3,1.00,6,9,-3,-0.68,-0.47,3.6,5.1,-1.5,-0.35,+0.16,ar ARG,"DF,MF",Gimnasia–LP,Copa de la Liga,33,1990,4.4,0,0,0,3,4,1,17,6,5,0,0,0,19,8,4,66.7
Facundo Colidio,ar ARG,FW,River Plate,Copa de la Liga,24,2000,13,9,770,8.6,6,0,6,6,0,0,0,0,6.7,6.7,1.8,8.5,10,20,81,0.70,0.00,0.70,0.70,0.70,0.78,0.21,1.00,0.78,1.00,ar ARG,FW,River Plate,Copa de la Liga,24,2000,8.6,6,37,20,54.1,4.32,2.34,0.16,0.30,12.2,0,0,0,6.7,6.7,0.18,-0.7,-0.7,ar ARG,FW,River Plate,Copa de la Liga,24,2000,8.6,177,256,69.1,2503,557,112,137,81.8,43,60,71.7,11,21,52.4,0,1.8,0.7,-1.8,8,17,6,2,20,ar ARG,FW,River Plate,Copa de la Liga,24,2000,8.6,256,240,10,1,0,2,6,2,0,0,0,0,177,6,11,ar ARG,FW,River Plate,Copa de la Liga,24,2000,8.6,25,2.93,10,0,5,6,4,0,2,0.23,0,0,0,1,1,0,ar ARG,FW,River Plate,Copa de la Liga,24,2000,8.6,9,5,1,5,3,2,8,25.0,6,6,0,6,1,10,4,0,ar ARG,FW,River Plate,Copa de la Liga,24,2000,8.6,380,4,14,147,224,53,380,40,18,45.0,18,45.0,243,1067,443,10,11,1,27,17,301,81,ar ARG,FW,River Plate,Copa de la Liga,24,2000,13,770,59,61.1,8.6,9,77,4,4,19,0,1.71,16,5,+11,+1.29,+0.37,19.3,8.1,+11.3,+1.32,+0.90,ar ARG,FW,River Plate,Copa de la Liga,24,2000,8.6,0,0,0,7,17,2,6,1,5,0,0,0,22,12,11,52.2
Cristian Colmán,py PAR,FW,Gimnasia–LP,Copa de la Liga,29,1994,8,5,446,5.0,1,2,3,1,0,0,0,0,1.2,1.2,1.3,2.5,4,8,27,0.20,0.40,0.61,0.20,0.61,0.23,0.27,0.50,0.23,0.50,py PAR,FW,Gimnasia–LP,Copa de la Liga,29,1994,5.0,1,9,2,22.2,1.82,0.40,0.11,0.50,13.4,0,0,0,1.2,1.2,0.13,-0.2,-0.2,py PAR,FW,Gimnasia–LP,Copa de la Liga,29,1994,5.0,46,98,46.9,637,148,28,47,59.6,12,24,50.0,3,7,42.9,2,1.3,0.6,+0.7,8,3,4,0,8,py PAR,FW,Gimnasia–LP,Copa de la Liga,29,1994,5.0,98,97,0,0,1,1,6,0,0,0,0,0,46,1,7,py PAR,FW,Gimnasia–LP,Copa de la Liga,29,1994,5.0,12,2.43,10,0,1,0,0,1,2,0.40,2,0,0,0,0,0,py PAR,FW,Gimnasia–LP,Copa de la Liga,29,1994,5.0,1,1,0,1,0,0,1,0.0,1,1,1,0,2,3,4,0,py PAR,FW,Gimnasia–LP,Copa de la Liga,29,1994,5.0,157,6,7,67,85,23,157,5,3,60.0,2,40.0,85,300,86,4,5,3,22,7,126,27,py PAR,FW,Gimnasia–LP,Copa de la Liga,29,1994,8,446,56,35.4,5.0,5,73,1,3,27,0,1.50,11,5,+6,+1.21,+2.43,7.5,5.2,+2.3,+0.47,+1.43,py PAR,FW,Gimnasia–LP,Copa de la Liga,29,1994,5.0,0,0,0,6,3,8,6,2,1,0,0,0,10,29,24,54.7
Nazareno Colombo,ar ARG,DF,Racing Club,Copa de la Liga,24,1999,7,5,411,4.6,0,0,0,0,0,0,0,0,0.0,0.0,0.1,0.1,4,18,7,0.00,0.00,0.00,0.00,0.00,0.01,0.02,0.03,0.01,0.03,ar ARG,DF,Racing Club,Copa de la Liga,24,1999,4.6,0,1,0,0.0,0.22,0.00,0.00,0,11.6,0,0,0,0.0,0.0,0.04,0.0,0.0,ar ARG,DF,Racing Club,Copa de la Liga,24,1999,4.6,200,282,70.9,3581,1169,84,96,87.5,93,126,73.8,20,46,43.5,0,0.1,0.1,-0.1,3,14,2,1,18,ar ARG,DF,Racing Club,Copa de la Liga,24,1999,4.6,282,246,35,5,1,3,5,30,0,0,0,0,200,1,4,ar ARG,DF,Racing Club,Copa de la Liga,24,1999,4.6,4,0.88,3,0,0,0,0,1,0,0.00,0,0,0,0,0,0,ar ARG,DF,Racing Club,Copa de la Liga,24,1999,4.6,14,9,4,7,3,9,10,90.0,1,6,1,5,6,20,34,0,ar ARG,DF,Racing Club,Copa de la Liga,24,1999,4.6,356,27,119,205,33,5,356,7,2,28.6,5,71.4,164,849,489,4,5,0,4,0,189,7,ar ARG,DF,Racing Club,Copa de la Liga,24,1999,7,411,59,32.6,4.6,5,69,1,2,33,2,1.86,6,5,+1,+0.22,-1.05,5.3,4.3,+1.0,+0.22,-0.32,ar ARG,DF,Racing Club,Copa de la Liga,24,1999,4.6,0,0,0,4,2,0,5,6,9,0,0,1,11,13,11,54.2
Tomás Conechny,ar ARG,FW,Godoy Cruz,Copa de la Liga,25,1998,13,11,990,11.0,5,3,8,4,1,1,0,0,4.9,4.1,1.1,5.2,22,40,111,0.45,0.27,0.73,0.36,0.64,0.44,0.10,0.54,0.37,0.47,ar ARG,FW,Godoy Cruz,Copa de la Liga,25,1998,11.0,5,37,11,29.7,3.36,1.00,0.11,0.36,18.5,3,1,1,4.9,4.1,0.11,+0.1,-0.1,ar ARG,FW,Godoy Cruz,Copa de la Liga,25,1998,11.0,286,415,68.9,4455,1164,143,196,73.0,100,128,78.1,24,39,61.5,3,1.1,1.0,+1.9,14,27,12,6,40,ar ARG,FW,Godoy Cruz,Copa de la Liga,25,1998,11.0,415,393,19,3,1,4,21,13,3,0,0,0,286,3,19,ar ARG,FW,Godoy Cruz,Copa de la Liga,25,1998,11.0,42,3.82,32,1,4,2,3,0,4,0.36,3,0,1,0,0,0,ar ARG,FW,Godoy Cruz,Copa de la Liga,25,1998,11.0,9,5,1,6,2,4,17,23.5,13,8,0,8,0,9,12,0,ar ARG,FW,Godoy Cruz,Copa de la Liga,25,1998,11.0,574,15,39,256,289,56,573,48,27,56.3,20,41.7,365,2038,750,22,28,7,45,14,440,111,ar ARG,FW,Godoy Cruz,Copa de la Liga,25,1998,13,990,76,78.6,11.0,11,83,5,2,39,1,1.86,13,4,+9,+0.82,+0.48,11.4,8.2,+3.1,+0.29,-0.15,ar ARG,FW,Godoy Cruz,Copa de la Liga,25,1998,11.0,0,0,0,13,6,5,21,0,5,0,0,0,41,31,39,44.3
Germán Conti,ar ARG,DF,Racing Club,Copa de la Liga,29,1994,5,1,169,1.9,0,0,0,0,0,0,1,0,0.2,0.2,0.0,0.2,1,2,1,0.00,0.00,0.00,0.00,0.00,0.10,0.00,0.10,0.10,0.10,ar ARG,DF,Racing Club,Copa de la Liga,29,1994,1.9,0,2,0,0.0,1.07,0.00,0.00,0,12.3,0,0,0,0.2,0.2,0.09,-0.2,-0.2,ar ARG,DF,Racing Club,Copa de la Liga,29,1994,1.9,57,67,85.1,1138,431,14,18,77.8,36,39,92.3,6,8,75.0,0,0.0,0.0,0.0,0,3,0,0,2,ar ARG,DF,Racing Club,Copa de la Liga,29,1994,1.9,67,67,0,0,0,0,1,0,0,0,0,0,57,0,1,ar ARG,DF,Racing Club,Copa de la Liga,29,1994,1.9,0,0.00,0,0,0,0,0,0,0,0.00,0,0,0,0,0,0,ar ARG,DF,Racing Club,Copa de la Liga,29,1994,1.9,3,2,2,1,0,1,1,100.0,0,3,3,0,1,4,7,0,ar ARG,DF,Racing Club,Copa de la Liga,29,1994,1.9,86,11,39,43,4,3,86,0,0,0,0,0,42,215,70,1,0,0,0,0,58,1,ar ARG,DF,Racing Club,Copa de la Liga,29,1994,5,169,34,13.4,1.9,1,90,1,4,20,9,2.00,3,2,+1,+0.53,-0.46,2.0,1.6,+0.4,+0.22,-0.25,ar ARG,DF,Racing Club,Copa de la Liga,29,1994,1.9,1,0,0,2,0,2,1,1,2,0,0,0,2,5,1,83.3
Leandro Contín,ar ARG,FW,Tigre,Copa de la Liga,28,1995,9,4,353,3.9,0,0,0,0,0,0,0,0,0.7,0.7,0.4,1.1,4,5,25,0.00,0.00,0.00,0.00,0.00,0.18,0.09,0.27,0.18,0.27,ar ARG,FW,Tigre,Copa de la Liga,28,1995,3.9,0,2,1,50.0,0.51,0.25,0.00,0.00,19.4,0,0,0,0.7,0.7,0.36,-0.7,-0.7,ar ARG,FW,Tigre,Copa de la Liga,28,1995,3.9,59,84,70.2,925,113,32,46,69.6,22,24,91.7,4,5,80.0,0,0.4,0.1,-0.4,3,4,1,0,5,ar ARG,FW,Tigre,Copa de la Liga,28,1995,3.9,84,74,9,0,0,0,2,0,0,0,0,0,59,1,2,ar ARG,FW,Tigre,Copa de la Liga,28,1995,3.9,10,2.54,6,0,1,1,1,1,0,0.00,0,0,0,0,0,0,ar ARG,FW,Tigre,Copa de la Liga,28,1995,3.9,2,0,0,2,0,1,3,33.3,2,1,0,1,2,4,2,0,ar ARG,FW,Tigre,Copa de la Liga,28,1995,3.9,126,3,5,72,50,10,126,8,5,62.5,3,37.5,69,327,102,4,1,1,22,8,92,25,ar ARG,FW,Tigre,Copa de la Liga,28,1995,9,353,39,28.0,3.9,4,61,1,5,22,5,0.11,0,8,-8,-2.04,-1.05,2.5,6.1,-3.6,-0.92,-0.26,ar ARG,FW,Tigre,Copa de la Liga,28,1995,3.9,0,0,0,4,5,1,2,2,0,0,0,0,10,10,11,47.6
Emanuel Coronel,ar ARG,DF,Banfield,Copa de la Liga,26,1997,2,2,180,2.0,0,0,0,0,0,0,1,0,0.0,0.0,0.1,0.1,4,5,6,0.00,0.00,0.00,0.00,0.00,0.00,0.05,0.05,0.00,0.05,ar ARG,DF,Banfield,Copa de la Liga,26,1997,2.0,0,0,0,0,0.00,0.00,0,0,0,0,0,0,0.0,0.0,0,0.0,0.0,ar ARG,DF,Banfield,Copa de la Liga,26,1997,2.0,39,68,57.4,604,313,24,28,85.7,13,27,48.1,2,9,22.2,0,0.1,0.1,-0.1,3,4,1,1,5,ar ARG,DF,Banfield,Copa de la Liga,26,1997,2.0,68,43,25,0,0,0,5,25,0,0,0,0,39,0,2,ar ARG,DF,Banfield,Copa de la Liga,26,1997,2.0,5,2.50,4,0,0,0,1,0,0,0.00,0,0,0,0,0,0,ar ARG,DF,Banfield,Copa de la Liga,26,1997,2.0,3,2,1,2,0,2,4,50.0,2,2,0,2,1,4,6,0,ar ARG,DF,Banfield,Copa de la Liga,26,1997,2.0,92,5,24,46,23,1,92,4,1,25.0,1,25.0,31,245,143,4,2,0,3,3,29,6,ar ARG,DF,Banfield,Copa de la Liga,26,1997,2,180,90,14.3,2.0,2,90,2,0,0,0,0.50,0,2,-2,-1.00,-1.08,1.1,1.0,+0.2,+0.08,+0.27,ar ARG,DF,Banfield,Copa de la Liga,26,1997,2.0,1,0,0,1,2,0,5,1,2,0,0,0,9,1,0,100.0
Emanuel Coronel,ar ARG,DF,Rosario Central,Copa de la Liga,26,1997,6,5,432,4.8,0,1,1,0,0,0,1,0,0.1,0.1,0.2,0.3,10,19,15,0.00,0.21,0.21,0.00,0.21,0.02,0.04,0.05,0.02,0.05,ar ARG,DF,Banfield,Copa de la Liga,26,1997,2.0,0,0,0,0,0.00,0.00,0,0,0,0,0,0,0.0,0.0,0,0.0,0.0,ar ARG,DF,Banfield,Copa de la Liga,26,1997,2.0,39,68,57.4,604,313,24,28,85.7,13,27,48.1,2,9,22.2,0,0.1,0.1,-0.1,3,4,1,1,5,ar ARG,DF,Banfield,Copa de la Liga,26,1997,2.0,68,43,25,0,0,0,5,25,0,0,0,0,39,0,2,ar ARG,DF,Banfield,Copa de la Liga,26,1997,2.0,5,2.50,4,0,0,0,1,0,0,0.00,0,0,0,0,0,0,ar ARG,DF,Banfield,Copa de la Liga,26,1997,2.0,3,2,1,2,0,2,4,50.0,2,2,0,2,1,4,6,0,ar ARG,DF,Banfield,Copa de la Liga,26,1997,2.0,92,5,24,46,23,1,92,4,1,25.0,1,25.0,31,245,143,4,2,0,3,3,29,6,ar ARG,DF,Banfield,Copa de la Liga,26,1997,2,180,90,14.3,2.0,2,90,2,0,0,0,0.50,0,2,-2,-1.00,-1.08,1.1,1.0,+0.2,+0.08,+0.27,ar ARG,DF,Banfield,Copa de la Liga,26,1997,2.0,1,0,0,1,2,0,5,1,2,0,0,0,9,1,0,100.0
Kevin Coronel,ar ARG,"DF,MF",Arg Juniors,Copa de la Liga,19,2004,2,0,36,0.4,0,0,0,0,0,0,0,0,0.0,0.0,0.0,0.0,0,2,2,0.00,0.00,0.00,0.00,0.00,0.00,0.00,0.00,0.00,0.00,ar ARG,"DF,MF",Arg Juniors,Copa de la Liga,19,2004,0.4,0,0,0,0,0.00,0.00,0,0,0,0,0,0,0.0,0.0,0,0.0,0.0,ar ARG,"DF,MF",Arg Juniors,Copa de la Liga,19,2004,0.4,14,18,77.8,213,109,9,10,90.0,4,6,66.7,1,1,100.0,0,0.0,0.0,0.0,0,1,1,0,2,ar ARG,"DF,MF",Arg Juniors,Copa de la Liga,19,2004,0.4,18,16,2,0,0,0,0,2,0,0,0,0,14,0,1,ar ARG,"DF,MF",Arg Juniors,Copa de la Liga,19,2004,0.4,0,0.00,0,0,0,0,0,0,0,0.00,0,0,0,0,0,0,ar ARG,"DF,MF",Arg Juniors,Copa de la Liga,19,2004,0.4,0,0,0,0,0,0,1,0.0,1,1,1,0,0,0,1,0,ar ARG,"DF,MF",Arg Juniors,Copa de la Liga,19,2004,0.4,21,2,6,11,4,0,21,0,0,0,0,0,12,51,22,0,0,0,1,0,13,2,ar ARG,"DF,MF",Arg Juniors,Copa de la Liga,19,2004,2,36,18,2.9,0.4,0,0,0,2,18,5,1.25,2,2,0,0.00,-0.81,0.5,0.8,-0.3,-0.85,-1.02,ar ARG,"DF,MF",Arg Juniors,Copa de la Liga,19,2004,0.4,0,0,0,1,0,0,0,0,0,0,0,0,3,0,0,0
Mateo Coronel,ar ARG,"FW,MF",Atlé Tucumán,Copa de la Liga,25,1998,14,6,627,7.0,1,1,2,1,0,0,1,0,2.3,2.3,2.1,4.5,20,15,72,0.14,0.14,0.29,0.14,0.29,0.34,0.31,0.64,0.34,0.64,ar ARG,"FW,MF",Atlé Tucumán,Copa de la Liga,25,1998,7.0,1,24,10,41.7,3.44,1.44,0.04,0.10,20.9,0,0,0,2.3,2.3,0.10,-1.3,-1.3,ar ARG,"FW,MF",Atlé Tucumán,Copa de la Liga,25,1998,7.0,126,183,68.9,1692,392,84,102,82.4,29,49,59.2,6,14,42.9,1,2.1,1.6,-1.1,16,3,12,2,15,ar ARG,"FW,MF",Atlé Tucumán,Copa de la Liga,25,1998,7.0,183,169,14,0,2,3,18,1,3,0,0,0,126,0,6,ar ARG,"FW,MF",Atlé Tucumán,Copa de la Liga,25,1998,7.0,30,4.32,19,0,5,3,2,1,3,0.43,1,0,1,1,0,0,ar ARG,"FW,MF",Atlé Tucumán,Copa de la Liga,25,1998,7.0,10,5,2,3,5,3,6,50.0,3,2,0,2,3,13,2,0,ar ARG,"FW,MF",Atlé Tucumán,Copa de la Liga,25,1998,7.0,272,1,13,94,171,44,272,24,13,54.2,10,41.7,183,981,500,20,8,13,26,13,208,72,ar ARG,"FW,MF",Atlé Tucumán,Copa de la Liga,25,1998,14,627,45,49.8,7.0,6,67,1,8,28,0,0.71,3,10,-7,-1.00,+0.13,8.7,7.7,+1.0,+0.15,+0.57,ar ARG,"FW,MF",Atlé Tucumán,Copa de la Liga,25,1998,7.0,1,0,0,8,7,4,18,3,5,0,0,0,29,4,12,25.0
Santiago Coronel,ar ARG,MF,Barracas Central,Copa de la Liga,23,2000,8,4,358,4.0,0,1,1,0,0,0,1,0,0.2,0.2,0.3,0.4,10,25,11,0.00,0.25,0.25,0.00,0.25,0.04,0.07,0.11,0.04,0.11,ar ARG,MF,Barracas Central,Copa de la Liga,23,2000,4.0,0,7,1,14.3,1.76,0.25,0.00,0.00,29.6,0,0,0,0.2,0.2,0.02,-0.2,-0.2,ar ARG,MF,Barracas Central,Copa de la Liga,23,2000,4.0,180,238,75.6,3442,1026,74,92,80.4,69,85,81.2,30,45,66.7,1,0.3,0.2,+0.7,10,27,2,0,25,ar ARG,MF,Barracas Central,Copa de la Liga,23,2000,4.0,238,216,22,13,1,4,13,3,6,2,2,0,180,0,6,ar ARG,MF,Barracas Central,Copa de la Liga,23,2000,4.0,19,4.76,14,4,1,0,0,0,2,0.50,1,1,0,0,0,0,ar ARG,MF,Barracas Central,Copa de la Liga,23,2000,4.0,2,2,0,2,0,1,2,50.0,1,3,0,3,1,3,3,0,ar ARG,MF,Barracas Central,Copa de la Liga,23,2000,4.0,275,1,32,175,69,0,275,16,8,50.0,8,50.0,154,818,382,10,8,0,5,10,200,11,ar ARG,MF,Barracas Central,Copa de la Liga,23,2000,8,358,45,28.4,4.0,4,67,0,4,23,6,1.25,3,4,-1,-0.25,-0.85,2.8,4.6,-1.8,-0.45,-0.36,ar ARG,MF,Barracas Central,Copa de la Liga,23,2000,4.0,1,0,0,4,3,1,13,1,2,0,0,0,28,1,2,33.3
Claudio Corvalán,ar ARG,DF,Unión,Copa de la Liga,34,1989,13,13,"1,170",13.0,1,0,1,1,0,0,7,0,0.5,0.5,0.6,1.1,18,63,17,0.08,0.00,0.08,0.08,0.08,0.04,0.05,0.08,0.04,0.08,ar ARG,DF,Unión,Copa de la Liga,34,1989,13.0,1,10,2,20.0,0.77,0.15,0.10,0.50,17.8,0,0,0,0.5,0.5,0.05,+0.5,+0.5,ar ARG,DF,Unión,Copa de la Liga,34,1989,13.0,542,716,75.7,10199,5194,216,249,86.7,258,318,81.1,64,124,51.6,0,0.6,0.7,-0.6,6,39,7,3,63,ar ARG,DF,Unión,Copa de la Liga,34,1989,13.0,716,586,128,21,0,2,20,106,0,0,0,0,542,2,14,ar ARG,DF,Unión,Copa de la Liga,34,1989,13.0,16,1.23,12,1,0,2,1,0,1,0.08,1,0,0,0,0,0,ar ARG,DF,Unión,Copa de la Liga,34,1989,13.0,28,15,18,7,3,14,23,60.9,9,14,4,10,28,56,33,0,ar ARG,DF,Unión,Copa de la Liga,34,1989,13.0,832,51,324,381,132,16,832,2,1,50.0,1,50.0,359,1715,1147,18,9,2,6,2,456,17,ar ARG,DF,Unión,Copa de la Liga,34,1989,13,"1,170",90,92.9,13.0,13,90,13,0,0,0,1.31,14,13,+1,+0.08,-0.92,12.6,13.9,-1.3,-0.10,-0.63,ar ARG,DF,Unión,Copa de la Liga,34,1989,13.0,7,0,0,10,10,2,20,28,15,0,0,0,40,22,16,57.9
Ayrton Costa,ar ARG,DF,Independiente,Copa de la Liga,24,1999,9,9,757,8.4,1,0,1,1,0,0,5,0,0.7,0.7,0.0,0.8,14,39,23,0.12,0.00,0.12,0.12,0.12,0.09,0.01,0.09,0.09,0.09,ar ARG,DF,Independiente,Copa de la Liga,24,1999,8.4,1,7,1,14.3,0.83,0.12,0.14,1.00,12.6,0,0,0,0.7,0.7,0.10,+0.3,+0.3,ar ARG,DF,Independiente,Copa de la Liga,24,1999,8.4,295,402,73.4,5236,2461,131,150,87.3,131,166,78.9,28,68,41.2,0,0.0,0.6,0.0,2,20,6,4,39,ar ARG,DF,Independiente,Copa de la Liga,24,1999,8.4,402,345,56,7,0,1,19,49,0,0,0,0,295,1,9,ar ARG,DF,Independiente,Copa de la Liga,24,1999,8.4,10,1.19,6,1,0,1,1,1,0,0.00,0,0,0,0,0,0,ar ARG,DF,Independiente,Copa de la Liga,24,1999,8.4,23,16,14,7,2,9,14,64.3,5,8,4,4,20,43,39,0,ar ARG,DF,Independiente,Copa de la Liga,24,1999,8.4,522,32,182,258,84,17,522,12,4,33.3,8,66.7,256,1352,786,14,7,2,6,3,274,23,ar ARG,DF,Independiente,Copa de la Liga,24,1999,9,757,84,60.1,8.4,9,84,5,0,0,2,1.67,9,7,+2,+0.24,-0.12,11.4,7.0,+4.4,+0.52,+0.16,ar ARG,DF,Independiente,Copa de la Liga,24,1999,8.4,5,0,0,15,7,0,19,20,16,0,0,0,33,18,14,56.3
Juan Cozzani,ar ARG,GK,Platense,Copa de la Liga,25,1998,14,14,"1,260",14.0,0,0,0,0,0,0,1,0,0.0,0.0,0.0,0.0,0,0,0,0.00,0.00,0.00,0.00,0.00,0.00,0.00,0.00,0.00,0.00,ar ARG,GK,Platense,Copa de la Liga,25,1998,14.0,0,0,0,0,0.00,0.00,0,0,0,0,0,0,0.0,0.0,0,0.0,0.0,ar ARG,GK,Platense,Copa de la Liga,25,1998,14.0,254,373,68.1,8956,7444,35,36,97.2,95,98,96.9,121,234,51.7,0,0.0,0.0,0.0,1,13,0,0,0,ar ARG,GK,Platense,Copa de la Liga,25,1998,14.0,373,224,147,52,0,0,0,0,0,0,0,0,254,2,0,ar ARG,GK,Platense,Copa de la Liga,25,1998,14.0,3,0.21,2,1,0,0,0,0,0,0.00,0,0,0,0,0,0,ar ARG,GK,Platense,Copa de la Liga,25,1998,14.0,1,0,1,0,0,1,4,25.0,3,0,0,0,1,2,9,0,ar ARG,GK,Platense,Copa de la Liga,25,1998,14.0,398,298,392,6,0,0,398,1,0,0.0,0,0.0,187,1173,585,0,0,0,1,0,126,0,ar ARG,GK,Platense,Copa de la Liga,25,1998,14,"1,260",90,100.0,14.0,14,90,14,0,0,0,1.29,10,14,-4,-0.29,0,14.5,14.8,-0.3,-0.02,0,ar ARG,GK,Platense,Copa de la Liga,25,1998,14.0,1,0,0,0,3,0,0,1,0,0,0,0,5,2,0,100.0
Juan Cruz Komar,ar ARG,DF,Rosario Central,Copa de la Liga,27,1996,8,4,429,4.8,0,0,0,0,0,0,0,0,0.2,0.2,0.0,0.2,0,3,0,0.00,0.00,0.00,0.00,0.00,0.04,0.01,0.04,0.04,0.04,ar ARG,DF,Rosario Central,Copa de la Liga,27,1996,4.8,0,2,0,0.0,0.42,0.00,0.00,0,11.3,0,0,0,0.2,0.2,0.09,-0.2,-0.2,ar ARG,DF,Rosario Central,Copa de la Liga,27,1996,4.8,90,135,66.7,1811,648,27,33,81.8,50,63,79.4,12,29,41.4,0,0.0,0.1,0.0,1,4,0,0,3,ar ARG,DF,Rosario Central,Copa de la Liga,27,1996,4.8,135,125,9,3,0,1,0,6,0,0,0,0,90,1,3,ar ARG,DF,Rosario Central,Copa de la Liga,27,1996,4.8,2,0.42,1,0,0,0,1,0,0,0.00,0,0,0,0,0,0,ar ARG,DF,Rosario Central,Copa de la Liga,27,1996,4.8,11,5,9,2,0,6,7,85.7,1,10,6,4,7,18,20,0,ar ARG,DF,Rosario Central,Copa de la Liga,27,1996,4.8,189,32,111,66,12,4,189,1,0,0.0,0,0.0,64,283,75,0,4,0,1,0,72,0,ar ARG,DF,Rosario Central,Copa de la Liga,27,1996,8,429,54,34.0,4.8,4,90,4,4,17,6,1.00,2,10,-8,-1.68,-1.68,3.8,10.3,-6.5,-1.37,-1.27,ar ARG,DF,Rosario Central,Copa de la Liga,27,1996,4.8,0,0,0,1,3,0,0,7,5,0,0,0,16,21,11,65.6
Alexis Cuello,ar ARG,FW,San Lorenzo,Copa de la Liga,23,2000,2,1,81,0.9,0,0,0,0,0,0,0,0,0.0,0.0,0.0,0.0,0,0,9,0.00,0.00,0.00,0.00,0.00,0.00,0.00,0.00,0.00,0.00,ar ARG,FW,San Lorenzo,Copa de la Liga,23,2000,0.9,0,0,0,0,0.00,0.00,0,0,0,0,0,0,0.0,0.0,0,0.0,0.0,ar ARG,FW,San Lorenzo,Copa de la Liga,23,2000,0.9,7,15,46.7,84,17,5,9,55.6,0,1,0.0,1,1,100.0,0,0.0,0.0,0.0,0,0,0,0,0,ar ARG,FW,San Lorenzo,Copa de la Liga,23,2000,0.9,15,14,1,0,0,0,0,1,0,0,0,0,7,0,4,ar ARG,FW,San Lorenzo,Copa de la Liga,23,2000,0.9,1,1.11,0,0,0,0,1,0,0,0.00,0,0,0,0,0,0,ar ARG,FW,San Lorenzo,Copa de la Liga,23,2000,0.9,2,1,0,1,1,2,3,66.7,1,1,0,1,0,2,1,0,ar ARG,FW,San Lorenzo,Copa de la Liga,23,2000,0.9,29,0,6,13,11,1,29,4,0,0.0,4,100.0,13,40,5,0,0,0,3,1,22,9,ar ARG,FW,San Lorenzo,Copa de la Liga,23,2000,2,81,41,6.4,0.9,1,59,0,1,22,2,0.00,0,4,-4,-4.44,-4.44,0.5,1.6,-1.2,-1.28,-1.41,ar ARG,FW,San Lorenzo,Copa de la Liga,23,2000,0.9,0,0,0,1,3,0,0,0,1,0,0,0,5,1,2,33.3
Brian Cuello,ar ARG,"MF,FW",Instituto,Copa de la Liga,26,1997,12,6,634,7.0,1,0,1,1,0,0,1,0,1.1,1.1,0.4,1.6,14,17,46,0.14,0.00,0.14,0.14,0.14,0.16,0.06,0.22,0.16,0.22,ar ARG,"MF,FW",Instituto,Copa de la Liga,26,1997,7.0,1,12,2,16.7,1.70,0.28,0.08,0.50,18.3,0,0,0,1.1,1.1,0.09,-0.1,-0.1,ar ARG,"MF,FW",Instituto,Copa de la Liga,26,1997,7.0,132,180,73.3,1863,576,80,93,86.0,38,51,74.5,7,14,50.0,0,0.4,0.4,-0.4,6,10,8,2,17,ar ARG,"MF,FW",Instituto,Copa de la Liga,26,1997,7.0,180,178,1,0,0,0,7,1,0,0,0,0,132,1,8,ar ARG,"MF,FW",Instituto,Copa de la Liga,26,1997,7.0,14,1.99,12,0,1,0,1,0,1,0.14,1,0,0,0,0,0,ar ARG,"MF,FW",Instituto,Copa de la Liga,26,1997,7.0,16,6,8,5,3,9,17,52.9,8,3,0,3,5,21,3,0,ar ARG,"MF,FW",Instituto,Copa de la Liga,26,1997,7.0,274,4,38,116,121,20,274,22,6,27.3,13,59.1,144,784,390,14,11,4,18,6,169,46,ar ARG,"MF,FW",Instituto,Copa de la Liga,26,1997,12,634,53,50.3,7.0,6,77,1,6,29,2,1.42,7,9,-2,-0.28,-0.72,8.7,6.3,+2.4,+0.34,-0.40,ar ARG,"MF,FW",Instituto,Copa de la Liga,26,1997,7.0,1,0,0,15,11,4,7,5,6,0,0,0,31,14,14,50.0
Emanuel Dall'Aglio,ar ARG,DF,Estudiantes–LP,Copa de la Liga,18,2005,1,0,1,0.0,0,0,0,0,0,0,0,0,0.0,0.0,0.0,0.0,0,0,0,0.00,0.00,0.00,0.00,0.00,0.00,0.00,0.00,0.00,0.00,ar ARG,DF,Estudiantes–LP,Copa de la Liga,18,2005,0.0,0,0,0,0,0.00,0.00,0,0,0,0,0,0,0.0,0.0,0,0.0,0.0,ar ARG,DF,Estudiantes–LP,Copa de la Liga,18,2005,0.0,0,3,0.0,0,0,0,0,0,0,2,0.0,0,0,0,0,0.0,0.0,0.0,0,0,0,0,0,ar ARG,DF,Estudiantes–LP,Copa de la Liga,18,2005,0.0,3,2,1,0,0,0,0,1,0,0,0,0,0,0,0,ar ARG,DF,Estudiantes–LP,Copa de la Liga,18,2005,0.0,0,0.00,0,0,0,0,0,0,0,0.00,0,0,0,0,0,0,ar ARG,DF,Estudiantes–LP,Copa de la Liga,18,2005,0.0,0,0,0,0,0,0,0,0,0,0,0,0,0,0,0,0,ar ARG,DF,Estudiantes–LP,Copa de la Liga,18,2005,0.0,3,0,2,0,1,0,3,0,0,0,0,0,0,0,0,0,0,0,0,0,0,0,ar ARG,DF,Estudiantes–LP,Copa de la Liga,18,2005,1,1,1,0.1,0.0,0,0,0,1,1,0,0.00,0,1,-1,-90.00,-90.79,0.0,0.1,-0.1,-5.81,-6.40,ar ARG,DF,Estudiantes–LP,Copa de la Liga,18,2005,0.0,0,0,0,1,0,0,0,0,0,0,0,0,0,0,0,0
Jonathan David Gómez,ar ARG,MF,Rosario Central,Copa de la Liga,34,1989,8,5,414,4.6,0,2,2,0,0,0,1,0,0.1,0.1,0.4,0.5,8,23,11,0.00,0.43,0.43,0.00,0.43,0.03,0.08,0.11,0.03,0.11,ar ARG,MF,Rosario Central,Copa de la Liga,34,1989,4.6,0,5,1,20.0,1.09,0.22,0.00,0.00,26.5,0,0,0,0.1,0.1,0.03,-0.1,-0.1,ar ARG,MF,Rosario Central,Copa de la Liga,34,1989,4.6,144,180,80.0,2456,533,72,75,96.0,53,63,84.1,15,28,53.6,2,0.4,0.5,+1.6,6,14,3,1,23,ar ARG,MF,Rosario Central,Copa de la Liga,34,1989,4.6,180,165,14,8,0,3,11,0,6,0,4,0,144,1,2,ar ARG,MF,Rosario Central,Copa de la Liga,34,1989,4.6,13,2.82,10,1,1,0,1,0,2,0.43,1,1,0,0,0,0,ar ARG,MF,Rosario Central,Copa de la Liga,34,1989,4.6,20,11,7,12,1,10,15,66.7,5,7,2,5,6,26,1,0,ar ARG,MF,Rosario Central,Copa de la Liga,34,1989,4.6,242,2,38,142,63,2,242,15,6,40.0,4,26.7,140,748,381,8,2,1,6,2,150,11,ar ARG,MF,Rosario Central,Copa de la Liga,34,1989,8,414,52,32.9,4.6,5,70,1,3,22,2,0.88,4,5,-1,-0.22,+0.53,4.1,6.2,-2.1,-0.47,+0.10,ar ARG,MF,Rosario Central,Copa de la Liga,34,1989,4.6,1,0,0,10,20,0,11,6,11,0,0,0,29,5,5,50.0
Jonathan David Gómez,ar ARG,MF,Racing Club,Copa de la Liga,34,1989,2,1,75,0.8,0,0,0,0,0,0,0,0,0.1,0.1,0.0,0.1,0,5,3,0.00,0.00,0.00,0.00,0.00,0.12,0.00,0.12,0.12,0.12,ar ARG,MF,Rosario Central,Copa de la Liga,34,1989,4.6,0,5,1,20.0,1.09,0.22,0.00,0.00,26.5,0,0,0,0.1,0.1,0.03,-0.1,-0.1,ar ARG,MF,Rosario Central,Copa de la Liga,34,1989,4.6,144,180,80.0,2456,533,72,75,96.0,53,63,84.1,15,28,53.6,2,0.4,0.5,+1.6,6,14,3,1,23,ar ARG,MF,Rosario Central,Copa de la Liga,34,1989,4.6,180,165,14,8,0,3,11,0,6,0,4,0,144,1,2,ar ARG,MF,Rosario Central,Copa de la Liga,34,1989,4.6,13,2.82,10,1,1,0,1,0,2,0.43,1,1,0,0,0,0,ar ARG,MF,Rosario Central,Copa de la Liga,34,1989,4.6,20,11,7,12,1,10,15,66.7,5,7,2,5,6,26,1,0,ar ARG,MF,Rosario Central,Copa de la Liga,34,1989,4.6,242,2,38,142,63,2,242,15,6,40.0,4,26.7,140,748,381,8,2,1,6,2,150,11,ar ARG,MF,Rosario Central,Copa de la Liga,34,1989,8,414,52,32.9,4.6,5,70,1,3,22,2,0.88,4,5,-1,-0.22,+0.53,4.1,6.2,-2.1,-0.47,+0.10,ar ARG,MF,Rosario Central,Copa de la Liga,34,1989,4.6,1,0,0,10,20,0,11,6,11,0,0,0,29,5,5,50.0
Héctor David Martínez,py PAR,DF,River Plate,Copa de la Liga,26,1998,2,0,19,0.2,0,0,0,0,0,0,0,0,0.0,0.0,0.0,0.0,0,3,0,0.00,0.00,0.00,0.00,0.00,0.00,0.00,0.00,0.00,0.00,py PAR,DF,River Plate,Copa de la Liga,26,1998,0.2,0,0,0,0,0.00,0.00,0,0,0,0,0,0,0.0,0.0,0,0.0,0.0,py PAR,DF,River Plate,Copa de la Liga,26,1998,0.2,11,14,78.6,313,232,2,2,100.0,4,7,57.1,5,5,100.0,0,0.0,0.0,0.0,0,5,1,0,3,py PAR,DF,River Plate,Copa de la Liga,26,1998,0.2,14,14,0,0,0,0,0,0,0,0,0,0,11,0,0,py PAR,DF,River Plate,Copa de la Liga,26,1998,0.2,0,0.00,0,0,0,0,0,0,0,0.00,0,0,0,0,0,0,py PAR,DF,River Plate,Copa de la Liga,26,1998,0.2,3,1,2,1,0,2,2,100.0,0,1,0,1,3,6,3,0,py PAR,DF,River Plate,Copa de la Liga,26,1998,0.2,24,3,11,12,1,0,24,0,0,0,0,0,13,34,22,0,0,0,0,0,12,0,py PAR,DF,River Plate,Copa de la Liga,26,1998,2,19,10,1.5,0.2,0,0,0,2,10,9,2.00,0,0,0,0.00,-1.16,0.2,0.5,-0.3,-1.48,-2.49,py PAR,DF,River Plate,Copa de la Liga,26,1998,0.2,0,0,0,0,0,0,0,3,1,0,0,0,0,0,0,0
Hernán De La Fuente,ar ARG,DF,Huracán,Copa de la Liga,27,1997,11,7,716,8.0,1,0,1,1,0,0,0,0,0.6,0.6,1.2,1.8,17,17,30,0.13,0.00,0.13,0.13,0.13,0.08,0.15,0.23,0.08,0.23,ar ARG,DF,Huracán,Copa de la Liga,27,1997,8.0,1,4,3,75.0,0.50,0.38,0.25,0.33,18.7,0,0,0,0.6,0.6,0.16,+0.4,+0.4,ar ARG,DF,Huracán,Copa de la Liga,27,1997,8.0,212,309,68.6,3277,1349,113,130,86.9,80,116,69.0,13,37,35.1,0,1.2,0.7,-1.2,6,11,6,4,17,ar ARG,DF,Huracán,Copa de la Liga,27,1997,8.0,309,237,72,3,0,1,18,69,0,0,0,0,212,0,13,ar ARG,DF,Huracán,Copa de la Liga,27,1997,8.0,12,1.51,8,0,1,1,1,1,1,0.13,0,0,1,0,0,0,ar ARG,DF,Huracán,Copa de la Liga,27,1997,8.0,26,19,17,9,0,20,28,71.4,8,15,3,12,5,31,26,0,ar ARG,DF,Huracán,Copa de la Liga,27,1997,8.0,407,24,140,178,96,13,407,14,7,50.0,6,42.9,158,864,483,17,13,2,12,11,177,30,ar ARG,DF,Huracán,Copa de la Liga,27,1997,11,716,65,56.8,8.0,7,86,5,4,29,3,1.09,5,10,-5,-0.63,-1.46,7.0,11.3,-4.3,-0.54,-0.63,ar ARG,DF,Huracán,Copa de la Liga,27,1997,8.0,0,0,0,5,10,0,18,5,19,0,0,0,35,7,8,46.7
Mateo Del Blanco,ar ARG,"DF,MF",Unión,Copa de la Liga,20,2003,8,4,321,3.6,1,1,2,1,0,0,1,0,0.7,0.7,0.2,0.9,10,18,23,0.28,0.28,0.56,0.28,0.56,0.19,0.07,0.26,0.19,0.26,ar ARG,"DF,MF",Unión,Copa de la Liga,20,2003,3.6,1,10,1,10.0,2.80,0.28,0.10,1.00,19.3,2,0,0,0.7,0.7,0.07,+0.3,+0.3,ar ARG,"DF,MF",Unión,Copa de la Liga,20,2003,3.6,110,177,62.1,1789,671,56,68,82.4,36,56,64.3,12,34,35.3,1,0.2,0.3,+0.8,5,14,3,2,18,ar ARG,"DF,MF",Unión,Copa de la Liga,20,2003,3.6,177,144,32,6,0,1,31,19,7,0,7,0,110,1,9,ar ARG,"DF,MF",Unión,Copa de la Liga,20,2003,3.6,12,3.36,6,2,0,2,1,1,1,0.28,1,0,0,0,0,0,ar ARG,"DF,MF",Unión,Copa de la Liga,20,2003,3.6,3,2,0,2,1,1,5,20.0,4,7,1,6,4,7,4,0,ar ARG,"DF,MF",Unión,Copa de la Liga,20,2003,3.6,235,3,38,106,96,6,235,17,7,41.2,8,47.1,137,743,382,10,6,2,15,7,137,23,ar ARG,"DF,MF",Unión,Copa de la Liga,20,2003,8,321,40,25.5,3.6,4,58,1,4,23,0,1.50,3,2,+1,+0.28,+0.18,2.4,3.7,-1.3,-0.36,-0.41,ar ARG,"DF,MF",Unión,Copa de la Liga,20,2003,3.6,1,0,0,4,6,1,31,4,2,0,0,0,30,2,4,33.3
Nicolás Demartini,ar ARG,DF,Barracas Central,Copa de la Liga,24,1999,3,2,225,2.5,1,0,1,1,0,0,0,0,0.7,0.7,0.0,0.7,2,10,0,0.40,0.00,0.40,0.40,0.40,0.27,0.00,0.27,0.27,0.27,ar ARG,DF,Barracas Central,Copa de la Liga,24,1999,2.5,1,2,1,50.0,0.80,0.40,0.50,1.00,12.1,0,0,0,0.7,0.7,0.34,+0.3,+0.3,ar ARG,DF,Barracas Central,Copa de la Liga,24,1999,2.5,91,120,75.8,1740,837,33,39,84.6,43,53,81.1,12,24,50.0,0,0.0,0.0,0.0,0,7,0,0,10,ar ARG,DF,Barracas Central,Copa de la Liga,24,1999,2.5,120,115,5,3,0,0,0,2,0,0,0,0,91,0,0,ar ARG,DF,Barracas Central,Copa de la Liga,24,1999,2.5,1,0.40,1,0,0,0,0,0,0,0.00,0,0,0,0,0,0,ar ARG,DF,Barracas Central,Copa de la Liga,24,1999,2.5,2,0,2,0,0,2,3,66.7,1,6,4,2,2,4,11,1,ar ARG,DF,Barracas Central,Copa de la Liga,24,1999,2.5,144,20,80,55,9,3,144,3,2,66.7,1,33.3,74,363,252,2,1,0,0,1,89,0,ar ARG,DF,Barracas Central,Copa de la Liga,24,1999,3,225,75,17.9,2.5,2,90,2,1,45,11,0.67,3,3,0,0.00,-0.43,3.2,2.7,+0.5,+0.21,+0.49,ar ARG,DF,Barracas Central,Copa de la Liga,24,1999,2.5,0,0,0,3,0,0,0,2,0,0,0,0,11,5,2,71.4
Nicolas Dematei,ar ARG,DF,Deportivo Riestra,Copa de la Liga,36,1987,7,7,597,6.6,0,0,0,0,0,0,1,0,0.2,0.2,0.0,0.2,7,16,5,0.00,0.00,0.00,0.00,0.00,0.03,0.00,0.04,0.03,0.04,ar ARG,DF,Deportivo Riestra,Copa de la Liga,36,1987,6.6,0,4,0,0.0,0.60,0.00,0.00,0,23.5,1,0,0,0.2,0.2,0.05,-0.2,-0.2,ar ARG,DF,Deportivo Riestra,Copa de la Liga,36,1987,6.6,107,190,56.3,2527,1749,22,30,73.3,60,91,65.9,24,65,36.9,0,0.0,0.3,0.0,1,16,1,0,16,ar ARG,DF,Deportivo Riestra,Copa de la Liga,36,1987,6.6,190,124,66,15,0,1,28,42,9,3,6,0,107,0,2,ar ARG,DF,Deportivo Riestra,Copa de la Liga,36,1987,6.6,9,1.36,2,5,0,1,0,1,1,0.15,0,1,0,0,0,0,ar ARG,DF,Deportivo Riestra,Copa de la Liga,36,1987,6.6,6,5,4,1,1,5,8,62.5,3,5,3,2,8,14,24,0,ar ARG,DF,Deportivo Riestra,Copa de la Liga,36,1987,6.6,246,28,82,119,49,3,246,6,3,50.0,2,33.3,79,502,351,7,5,0,3,2,74,5,ar ARG,DF,Deportivo Riestra,Copa de la Liga,36,1987,7,597,85,47.4,6.6,7,85,5,0,0,2,0.86,3,7,-4,-0.60,-0.06,4.0,9.3,-5.3,-0.80,-0.03,ar ARG,DF,Deportivo Riestra,Copa de la Liga,36,1987,6.6,1,0,0,1,2,0,28,8,5,0,0,0,29,6,0,100.0
Valentín Depietri,ar ARG,"MF,FW",Talleres,Copa de la Liga,23,2000,6,1,109,1.2,0,0,0,0,0,0,0,0,0.0,0.0,0.7,0.7,1,4,7,0.00,0.00,0.00,0.00,0.00,0.00,0.58,0.58,0.00,0.58,ar ARG,"MF,FW",Talleres,Copa de la Liga,23,2000,1.2,0,0,0,0,0.00,0.00,0,0,0,0,0,0,0.0,0.0,0,0.0,0.0,ar ARG,"MF,FW",Talleres,Copa de la Liga,23,2000,1.2,30,38,78.9,588,115,13,13,100.0,10,11,90.9,6,7,85.7,0,0.7,0.2,-0.7,2,6,5,2,4,ar ARG,"MF,FW",Talleres,Copa de la Liga,23,2000,1.2,38,38,0,0,0,3,5,0,0,0,0,0,30,0,5,ar ARG,"MF,FW",Talleres,Copa de la Liga,23,2000,1.2,4,3.30,4,0,0,0,0,0,0,0.00,0,0,0,0,0,0,ar ARG,"MF,FW",Talleres,Copa de la Liga,23,2000,1.2,0,0,0,0,0,0,2,0.0,2,2,0,2,1,1,0,0,ar ARG,"MF,FW",Talleres,Copa de la Liga,23,2000,1.2,55,0,2,23,32,2,55,8,2,25.0,4,50.0,29,169,71,1,2,0,3,5,39,7,ar ARG,"MF,FW",Talleres,Copa de la Liga,23,2000,6,109,18,8.7,1.2,1,45,0,5,13,6,2.33,0,1,-1,-0.83,-1.53,2.9,1.4,+1.5,+1.24,+0.86,ar ARG,"MF,FW",Talleres,Copa de la Liga,23,2000,1.2,0,0,0,3,2,0,5,1,0,0,0,0,2,1,1,50.0
José Devecchi,ar ARG,GK,Atlé Tucumán,Copa de la Liga,28,1995,14,14,"1,260",14.0,0,0,0,0,0,0,2,0,0.0,0.0,0.0,0.0,0,0,0,0.00,0.00,0.00,0.00,0.00,0.00,0.00,0.00,0.00,0.00,ar ARG,GK,Atlé Tucumán,Copa de la Liga,28,1995,14.0,0,0,0,0,0.00,0.00,0,0,0,0,0,0,0.0,0.0,0,0.0,0.0,ar ARG,GK,Atlé Tucumán,Copa de la Liga,28,1995,14.0,204,334,61.1,7788,6483,19,19,100.0,75,78,96.2,109,235,46.4,0,0.0,0.0,0.0,0,9,0,0,0,ar ARG,GK,Atlé Tucumán,Copa de la Liga,28,1995,14.0,334,172,161,39,0,0,0,0,0,0,0,0,204,1,0,ar ARG,GK,Atlé Tucumán,Copa de la Liga,28,1995,14.0,2,0.14,1,1,0,0,0,0,0,0.00,0,0,0,0,0,0,ar ARG,GK,Atlé Tucumán,Copa de la Liga,28,1995,14.0,1,1,1,0,0,1,3,33.3,2,0,0,0,0,1,3,0,ar ARG,GK,Atlé Tucumán,Copa de la Liga,28,1995,14.0,357,316,357,1,0,0,357,0,0,0,0,0,137,970,560,0,0,0,0,0,71,0,ar ARG,GK,Atlé Tucumán,Copa de la Liga,28,1995,14,"1,260",90,100.0,14.0,14,90,14,0,0,0,0.71,8,23,-15,-1.07,0,16.2,18.1,-1.9,-0.14,0,ar ARG,GK,Atlé Tucumán,Copa de la Liga,28,1995,14.0,2,0,0,2,1,0,0,0,1,0,1,0,13,3,0,100.0
Marco Di Cesare,ar ARG,DF,Racing Club,Copa de la Liga,22,2002,3,3,270,3.0,0,0,0,0,0,0,0,0,0.0,0.0,0.0,0.0,1,4,0,0.00,0.00,0.00,0.00,0.00,0.00,0.00,0.00,0.00,0.00,ar ARG,DF,Racing Club,Copa de la Liga,22,2002,3.0,0,1,0,0.0,0.33,0.00,0.00,0,37.1,0,0,0,0.0,0.0,0.01,0.0,0.0,ar ARG,DF,Racing Club,Copa de la Liga,22,2002,3.0,88,115,76.5,1865,779,25,29,86.2,51,54,94.4,11,29,37.9,0,0.0,0.0,0.0,0,7,0,0,4,ar ARG,DF,Racing Club,Copa de la Liga,22,2002,3.0,115,110,5,4,0,1,0,1,0,0,0,0,88,0,2,ar ARG,DF,Racing Club,Copa de la Liga,22,2002,3.0,3,1.00,3,0,0,0,0,0,0,0.00,0,0,0,0,0,0,ar ARG,DF,Racing Club,Copa de la Liga,22,2002,3.0,8,4,5,3,0,6,9,66.7,3,5,3,2,3,11,24,0,ar ARG,DF,Racing Club,Copa de la Liga,22,2002,3.0,160,25,105,52,4,1,160,0,0,0,0,0,72,401,264,1,0,0,2,0,83,0,ar ARG,DF,Racing Club,Copa de la Liga,22,2002,3,270,90,21.4,3.0,3,90,3,0,0,0,3.00,9,1,+8,+2.67,+2.21,4.9,2.9,+2.0,+0.65,+0.27,ar ARG,DF,Racing Club,Copa de la Liga,22,2002,3.0,0,0,0,0,3,0,0,3,4,0,0,0,17,4,5,44.4
Franco Di Santo,ar ARG,FW,Ind. Rivadavia,Copa de la Liga,34,1989,1,1,52,0.6,0,0,0,0,0,1,0,0,0.8,0.0,0.0,0.0,0,2,1,0.00,0.00,0.00,0.00,0.00,1.36,0.00,1.36,0.00,0.00,ar ARG,FW,Ind. Rivadavia,Copa de la Liga,34,1989,0.6,0,0,0,0,0.00,0.00,0,0,0,0,0,1,0.8,0.0,0,-0.8,0.0,ar ARG,FW,Ind. Rivadavia,Copa de la Liga,34,1989,0.6,8,10,80.0,110,16,4,5,80.0,4,5,80.0,0,0,0,0,0.0,0.0,0.0,0,0,1,0,2,ar ARG,FW,Ind. Rivadavia,Copa de la Liga,34,1989,0.6,10,10,0,0,0,0,0,0,0,0,0,0,8,0,0,ar ARG,FW,Ind. Rivadavia,Copa de la Liga,34,1989,0.6,0,0.00,0,0,0,0,0,0,0,0.00,0,0,0,0,0,0,ar ARG,FW,Ind. Rivadavia,Copa de la Liga,34,1989,0.6,0,0,0,0,0,0,0,0,0,0,0,0,0,0,1,0,ar ARG,FW,Ind. Rivadavia,Copa de la Liga,34,1989,0.6,14,1,2,4,8,1,13,0,0,0,0,0,4,12,4,0,0,0,2,0,7,1,ar ARG,FW,Ind. Rivadavia,Copa de la Liga,34,1989,1,52,52,4.1,0.6,1,52,0,0,0,0,0.00,1,1,0,0.00,+0.89,1.3,0.4,+0.9,+1.48,+2.22,ar ARG,FW,Ind. Rivadavia,Copa de la Liga,34,1989,0.6,0,0,0,2,0,0,0,0,0,0,0,0,3,2,2,50.0
Mateo Díaz Chaves,ar ARG,FW,Arg Juniors,Copa de la Liga,20,2003,2,0,36,0.4,0,0,0,0,0,0,1,0,0.0,0.0,0.0,0.0,1,0,3,0.00,0.00,0.00,0.00,0.00,0.00,0.00,0.00,0.00,0.00,ar ARG,FW,Arg Juniors,Copa de la Liga,20,2003,0.4,0,0,0,0,0.00,0.00,0,0,0,0,0,0,0.0,0.0,0,0.0,0.0,ar ARG,FW,Arg Juniors,Copa de la Liga,20,2003,0.4,4,8,50.0,63,2,3,6,50.0,1,1,100.0,0,0,0,0,0.0,0.0,0.0,0,0,0,0,0,ar ARG,FW,Arg Juniors,Copa de la Liga,20,2003,0.4,8,7,1,0,0,0,0,0,0,0,0,0,4,0,1,ar ARG,FW,Arg Juniors,Copa de la Liga,20,2003,0.4,1,2.50,1,0,0,0,0,0,1,2.50,1,0,0,0,0,0,ar ARG,FW,Arg Juniors,Copa de la Liga,20,2003,0.4,2,1,0,2,0,2,4,50.0,2,2,0,2,0,2,0,0,ar ARG,FW,Arg Juniors,Copa de la Liga,20,2003,0.4,17,0,2,10,5,1,17,2,0,0.0,2,100.0,11,55,23,1,0,0,0,1,10,3,ar ARG,FW,Arg Juniors,Copa de la Liga,20,2003,2,36,18,2.9,0.4,0,0,0,2,18,9,1.50,2,2,0,0.00,-0.81,0.5,0.8,-0.3,-0.85,-1.02,ar ARG,FW,Arg Juniors,Copa de la Liga,20,2003,0.4,1,0,0,1,1,0,0,0,1,0,0,0,0,2,3,40.0
Enzo Díaz,ar ARG,DF,River Plate,Copa de la Liga,28,1995,12,12,"1,072",11.9,0,2,2,0,0,0,4,0,0.1,0.1,2.0,2.1,29,38,101,0.00,0.17,0.17,0.00,0.17,0.01,0.17,0.18,0.01,0.18,ar ARG,DF,River Plate,Copa de la Liga,28,1995,11.9,0,5,1,20.0,0.42,0.08,0.00,0.00,23.8,0,0,0,0.1,0.1,0.03,-0.1,-0.1,ar ARG,DF,River Plate,Copa de la Liga,28,1995,11.9,525,650,80.8,8212,2801,287,319,90.0,191,239,79.9,36,59,61.0,2,2.0,1.9,0.0,13,31,13,7,38,ar ARG,DF,River Plate,Copa de la Liga,28,1995,11.9,650,538,112,11,1,9,38,101,0,0,0,0,525,0,17,ar ARG,DF,River Plate,Copa de la Liga,28,1995,11.9,32,2.69,28,0,0,1,3,0,4,0.34,3,0,0,0,1,0,ar ARG,DF,River Plate,Copa de la Liga,28,1995,11.9,38,26,16,20,2,18,34,52.9,16,15,1,14,10,48,26,0,ar ARG,DF,River Plate,Copa de la Liga,28,1995,11.9,784,30,198,353,240,16,784,20,8,40.0,10,50.0,419,1906,1080,29,15,4,21,15,475,101,ar ARG,DF,River Plate,Copa de la Liga,28,1995,12,"1,072",89,85.1,11.9,12,89,11,0,0,2,1.62,22,9,+13,+1.09,-0.34,21.6,11.1,+10.5,+0.88,-0.60,ar ARG,DF,River Plate,Copa de la Liga,28,1995,11.9,4,0,0,21,25,1,38,10,26,0,0,0,60,16,9,64.0
Franco Díaz,ar ARG,MF,Newell's OB,Copa de la Liga,23,2000,10,9,596,6.6,0,0,0,0,0,0,2,0,0.2,0.2,0.0,0.2,9,17,15,0.00,0.00,0.00,0.00,0.00,0.03,0.00,0.03,0.03,0.03,ar ARG,MF,Newell's OB,Copa de la Liga,23,2000,6.6,0,4,1,25.0,0.60,0.15,0.00,0.00,26.1,0,0,0,0.2,0.2,0.05,-0.2,-0.2,ar ARG,MF,Newell's OB,Copa de la Liga,23,2000,6.6,192,262,73.3,2997,917,110,133,82.7,56,71,78.9,15,32,46.9,0,0.0,0.1,0.0,1,26,1,1,17,ar ARG,MF,Newell's OB,Copa de la Liga,23,2000,6.6,262,251,9,6,0,2,3,3,0,0,0,0,192,2,9,ar ARG,MF,Newell's OB,Copa de la Liga,23,2000,6.6,10,1.51,10,0,0,0,0,0,0,0.00,0,0,0,0,0,0,ar ARG,MF,Newell's OB,Copa de la Liga,23,2000,6.6,12,8,7,4,1,9,17,52.9,8,11,2,9,6,18,2,0,ar ARG,MF,Newell's OB,Copa de la Liga,23,2000,6.6,340,6,73,203,68,2,340,8,2,25.0,5,62.5,161,843,358,9,8,0,21,5,218,15,ar ARG,MF,Newell's OB,Copa de la Liga,23,2000,10,596,60,47.3,6.6,9,65,1,1,14,1,1.80,10,6,+4,+0.60,+1.42,6.0,6.1,-0.1,-0.01,+0.02,ar ARG,MF,Newell's OB,Copa de la Liga,23,2000,6.6,2,0,0,9,11,1,3,6,8,0,0,0,31,6,8,42.9
Gabriel Díaz,ar ARG,DF,Sarmiento,Copa de la Liga,23,2000,14,12,"1,026",11.4,1,1,2,1,0,0,3,0,0.7,0.7,1.0,1.8,20,34,41,0.09,0.09,0.18,0.09,0.18,0.07,0.09,0.16,0.07,0.16,ar ARG,DF,Sarmiento,Copa de la Liga,23,2000,11.4,1,12,3,25.0,1.05,0.26,0.08,0.33,26.3,1,0,0,0.7,0.7,0.06,+0.3,+0.3,ar ARG,DF,Sarmiento,Copa de la Liga,23,2000,11.4,297,481,61.7,5559,2626,124,150,82.7,127,187,67.9,41,110,37.3,1,1.0,1.3,0.0,14,30,10,6,34,ar ARG,DF,Sarmiento,Copa de la Liga,23,2000,11.4,481,335,144,21,1,1,69,101,22,6,15,0,297,2,22,ar ARG,DF,Sarmiento,Copa de la Liga,23,2000,11.4,23,2.02,10,11,2,0,0,0,1,0.09,0,1,0,0,0,0,ar ARG,DF,Sarmiento,Copa de la Liga,23,2000,11.4,24,13,16,8,0,18,27,66.7,9,22,6,16,16,40,28,0,ar ARG,DF,Sarmiento,Copa de la Liga,23,2000,11.4,613,34,169,262,185,8,613,12,7,58.3,4,33.3,230,1171,618,20,14,3,14,14,260,41,ar ARG,DF,Sarmiento,Copa de la Liga,23,2000,14,"1,026",73,81.4,11.4,12,81,8,2,25,0,0.64,6,15,-9,-0.79,-0.40,8.5,12.1,-3.6,-0.32,+0.91,ar ARG,DF,Sarmiento,Copa de la Liga,23,2000,11.4,3,0,0,9,7,0,69,16,13,0,0,0,44,12,7,63.2
Leandro Díaz,ar ARG,FW,Lanús,Copa de la Liga,31,1992,7,6,547,6.1,2,1,3,2,0,0,0,0,1.7,1.7,0.7,2.4,4,10,33,0.33,0.16,0.49,0.33,0.49,0.28,0.12,0.40,0.28,0.40,ar ARG,FW,Lanús,Copa de la Liga,31,1992,6.1,2,13,5,38.5,2.14,0.82,0.15,0.40,14.5,0,0,0,1.7,1.7,0.13,+0.3,+0.3,ar ARG,FW,Lanús,Copa de la Liga,31,1992,6.1,82,127,64.6,1045,236,47,68,69.1,17,26,65.4,5,9,55.6,1,0.7,0.8,+0.3,12,6,4,1,10,ar ARG,FW,Lanús,Copa de la Liga,31,1992,6.1,127,119,7,1,0,2,5,0,0,0,0,0,82,1,2,ar ARG,FW,Lanús,Copa de la Liga,31,1992,6.1,18,2.97,14,1,1,0,2,0,1,0.16,1,0,0,0,0,0,ar ARG,FW,Lanús,Copa de la Liga,31,1992,6.1,4,3,0,2,2,2,4,50.0,2,2,0,2,2,6,6,0,ar ARG,FW,Lanús,Copa de la Liga,31,1992,6.1,184,7,14,65,106,29,184,6,5,83.3,1,16.7,97,339,153,4,2,2,21,7,131,33,ar ARG,FW,Lanús,Copa de la Liga,31,1992,7,547,78,43.4,6.1,6,85,3,1,36,1,1.29,7,3,+4,+0.66,+0.41,7.6,4.6,+3.1,+0.51,+0.14,ar ARG,FW,Lanús,Copa de la Liga,31,1992,6.1,0,0,0,7,6,4,5,2,3,0,0,0,16,11,25,30.6
Paulo Díaz,cl CHI,DF,River Plate,Copa de la Liga,29,1994,12,12,990,11.0,0,0,0,0,0,0,3,0,0.6,0.6,0.1,0.7,9,47,0,0.00,0.00,0.00,0.00,0.00,0.06,0.01,0.06,0.06,0.06,cl CHI,DF,River Plate,Copa de la Liga,29,1994,11.0,0,5,0,0.0,0.45,0.00,0.00,0,19.4,0,0,0,0.6,0.6,0.12,-0.6,-0.6,cl CHI,DF,River Plate,Copa de la Liga,29,1994,11.0,652,755,86.4,13900,5894,202,221,91.4,337,368,91.6,109,145,75.2,0,0.1,0.1,-0.1,2,54,1,0,47,cl CHI,DF,River Plate,Copa de la Liga,29,1994,11.0,755,712,39,38,0,13,0,1,0,0,0,0,652,4,6,cl CHI,DF,River Plate,Copa de la Liga,29,1994,11.0,10,0.91,10,0,0,0,0,0,0,0.00,0,0,0,0,0,0,cl CHI,DF,River Plate,Copa de la Liga,29,1994,11.0,17,14,11,5,1,6,14,42.9,8,19,13,6,15,32,48,1,cl CHI,DF,River Plate,Copa de la Liga,29,1994,11.0,871,111,440,420,18,6,871,2,0,0.0,2,100.0,444,2051,1300,9,2,0,5,3,557,0,cl CHI,DF,River Plate,Copa de la Liga,29,1994,12,990,83,78.6,11.0,12,83,9,0,0,1,2.00,23,9,+14,+1.27,+0.61,21.3,10.3,+11.0,+1.00,+0.13,cl CHI,DF,River Plate,Copa de la Liga,29,1994,11.0,3,0,0,3,8,2,0,15,14,0,0,0,48,34,18,65.4
Álvaro Dionisio,ar ARG,DF,Ind. Rivadavia,Copa de la Liga,25,1998,2,2,142,1.6,0,0,0,0,0,0,1,0,0.0,0.0,0.0,0.0,1,2,0,0.00,0.00,0.00,0.00,0.00,0.00,0.00,0.00,0.00,0.00,ar ARG,DF,Ind. Rivadavia,Copa de la Liga,25,1998,1.6,0,0,0,0,0.00,0.00,0,0,0,0,0,0,0.0,0.0,0,0.0,0.0,ar ARG,DF,Ind. Rivadavia,Copa de la Liga,25,1998,1.6,43,53,81.1,616,363,24,27,88.9,16,18,88.9,1,3,33.3,0,0.0,0.0,0.0,0,1,0,0,2,ar ARG,DF,Ind. Rivadavia,Copa de la Liga,25,1998,1.6,53,29,24,1,0,0,2,23,0,0,0,0,43,0,3,ar ARG,DF,Ind. Rivadavia,Copa de la Liga,25,1998,1.6,1,0.63,0,1,0,0,0,0,0,0.00,0,0,0,0,0,0,ar ARG,DF,Ind. Rivadavia,Copa de la Liga,25,1998,1.6,4,2,4,0,0,3,4,75.0,1,1,1,0,1,5,7,0,ar ARG,DF,Ind. Rivadavia,Copa de la Liga,25,1998,1.6,72,9,26,32,14,1,72,1,0,0.0,1,100.0,28,141,30,1,0,0,3,1,27,0,ar ARG,DF,Ind. Rivadavia,Copa de la Liga,25,1998,2,142,71,11.3,1.6,2,71,1,0,0,2,0.50,1,2,-1,-0.63,+0.25,1.2,2.4,-1.1,-0.72,-0.07,ar ARG,DF,Ind. Rivadavia,Copa de la Liga,25,1998,1.6,1,0,0,4,1,0,2,1,2,0,0,0,7,1,1,50.0
Jerónimo Domina,ar ARG,"FW,DF",Unión,Copa de la Liga,18,2005,8,0,145,1.6,0,0,0,0,0,0,0,0,0.9,0.9,0.3,1.2,5,5,15,0.00,0.00,0.00,0.00,0.00,0.53,0.19,0.72,0.53,0.72,ar ARG,"FW,DF",Unión,Copa de la Liga,18,2005,1.6,0,1,0,0.0,0.62,0.00,0.00,0,9.1,0,0,0,0.9,0.9,0.86,-0.9,-0.9,ar ARG,"FW,DF",Unión,Copa de la Liga,18,2005,1.6,26,46,56.5,386,128,12,20,60.0,14,21,66.7,0,3,0.0,0,0.3,0.2,-0.3,4,2,2,1,5,ar ARG,"FW,DF",Unión,Copa de la Liga,18,2005,1.6,46,45,1,0,0,0,7,1,0,0,0,0,26,0,2,ar ARG,"FW,DF",Unión,Copa de la Liga,18,2005,1.6,6,3.70,5,0,0,0,1,0,1,0.62,1,0,0,0,0,0,ar ARG,"FW,DF",Unión,Copa de la Liga,18,2005,1.6,4,1,2,2,0,2,6,33.3,4,2,0,2,2,6,0,0,ar ARG,"FW,DF",Unión,Copa de la Liga,18,2005,1.6,73,0,6,34,34,2,73,6,2,33.3,3,50.0,47,328,151,5,7,0,9,6,51,15,ar ARG,"FW,DF",Unión,Copa de la Liga,18,2005,8,145,18,11.5,1.6,0,0,0,8,18,3,1.25,3,3,0,0.00,-0.16,2.4,1.8,+0.7,+0.40,+0.52,ar ARG,"FW,DF",Unión,Copa de la Liga,18,2005,1.6,0,0,0,4,3,1,7,2,1,0,0,0,9,2,6,25.0
Alexis Dominguez,ar ARG,FW,Barracas Central,Copa de la Liga,27,1996,14,13,920,10.2,3,0,3,2,1,1,1,0,4.5,3.7,0.1,3.8,11,11,46,0.29,0.00,0.29,0.20,0.20,0.44,0.01,0.45,0.36,0.37,ar ARG,FW,Barracas Central,Copa de la Liga,27,1996,10.2,3,23,6,26.1,2.25,0.59,0.09,0.33,16.0,0,1,1,4.5,3.7,0.16,-1.5,-1.7,ar ARG,FW,Barracas Central,Copa de la Liga,27,1996,10.2,115,205,56.1,1664,252,63,94,67.0,43,63,68.3,4,15,26.7,0,0.1,0.1,-0.1,2,4,1,0,11,ar ARG,FW,Barracas Central,Copa de la Liga,27,1996,10.2,205,184,21,0,0,1,12,0,0,0,0,0,115,0,14,ar ARG,FW,Barracas Central,Copa de la Liga,27,1996,10.2,13,1.27,7,0,2,4,0,0,1,0.10,0,0,1,0,0,0,ar ARG,FW,Barracas Central,Copa de la Liga,27,1996,10.2,9,2,0,7,2,1,9,11.1,8,5,1,4,1,10,12,0,ar ARG,FW,Barracas Central,Copa de la Liga,27,1996,10.2,325,13,20,182,125,30,324,17,7,41.2,8,47.1,164,800,262,11,10,6,33,22,229,46,ar ARG,FW,Barracas Central,Copa de la Liga,27,1996,14,920,66,73.0,10.2,13,68,0,1,32,0,1.86,18,11,+7,+0.68,+1.21,11.6,13.5,-1.9,-0.19,+0.01,ar ARG,FW,Barracas Central,Copa de la Liga,27,1996,10.2,1,0,0,12,6,3,12,1,2,0,0,0,20,33,44,42.9
Benjamín Domínguez,ar ARG,"MF,FW",Gimnasia–LP,Copa de la Liga,20,2003,14,14,"1,145",12.7,4,0,4,4,0,0,1,0,2.7,2.7,0.7,3.4,36,26,92,0.31,0.00,0.31,0.31,0.31,0.22,0.05,0.27,0.22,0.27,ar ARG,"MF,FW",Gimnasia–LP,Copa de la Liga,20,2003,12.7,4,41,11,26.8,3.22,0.86,0.10,0.36,22.0,0,0,0,2.7,2.7,0.07,+1.3,+1.3,ar ARG,"MF,FW",Gimnasia–LP,Copa de la Liga,20,2003,12.7,248,309,80.3,3577,789,155,181,85.6,54,63,85.7,21,25,84.0,0,0.7,0.9,-0.7,16,13,10,3,26,ar ARG,"MF,FW",Gimnasia–LP,Copa de la Liga,20,2003,12.7,309,304,4,0,1,4,15,4,0,0,0,0,248,1,11,ar ARG,"MF,FW",Gimnasia–LP,Copa de la Liga,20,2003,12.7,45,3.54,30,0,7,2,5,1,3,0.24,1,0,0,0,1,1,ar ARG,"MF,FW",Gimnasia–LP,Copa de la Liga,20,2003,12.7,15,8,7,4,4,3,16,18.8,13,10,0,10,7,22,4,0,ar ARG,"MF,FW",Gimnasia–LP,Copa de la Liga,20,2003,12.7,525,0,51,235,252,51,525,92,40,43.5,48,52.2,332,2252,1032,36,22,15,43,39,354,92,ar ARG,"MF,FW",Gimnasia–LP,Copa de la Liga,20,2003,14,"1,145",82,90.9,12.7,14,82,9,0,0,0,1.14,16,21,-5,-0.39,-0.39,12.9,17.9,-5.1,-0.40,+0.63,ar ARG,"MF,FW",Gimnasia–LP,Copa de la Liga,20,2003,12.7,1,0,0,14,22,4,15,7,8,0,0,0,73,6,15,28.6
Jose Domínguez,py PAR,DF,Lanús,Copa de la Liga,27,1996,2,2,180,2.0,0,0,0,0,0,0,1,0,0.1,0.1,0.1,0.2,2,5,0,0.00,0.00,0.00,0.00,0.00,0.03,0.06,0.09,0.03,0.09,py PAR,DF,Lanús,Copa de la Liga,27,1996,2.0,0,2,1,50.0,1.00,0.50,0.00,0.00,25.4,0,0,0,0.1,0.1,0.03,-0.1,-0.1,py PAR,DF,Lanús,Copa de la Liga,27,1996,2.0,62,74,83.8,1144,519,23,25,92.0,34,40,85.0,5,9,55.6,0,0.1,0.2,-0.1,1,3,0,0,5,py PAR,DF,Lanús,Copa de la Liga,27,1996,2.0,74,69,5,3,0,0,0,1,0,0,0,0,62,0,0,py PAR,DF,Lanús,Copa de la Liga,27,1996,2.0,2,1.00,2,0,0,0,0,0,0,0.00,0,0,0,0,0,0,py PAR,DF,Lanús,Copa de la Liga,27,1996,2.0,1,1,1,0,0,1,2,50.0,1,0,0,0,0,1,13,0,py PAR,DF,Lanús,Copa de la Liga,27,1996,2.0,97,13,57,39,2,2,97,1,0,0.0,1,100.0,43,234,140,2,0,0,3,0,50,0,py PAR,DF,Lanús,Copa de la Liga,27,1996,2,180,90,14.3,2.0,2,90,2,0,0,12,1.50,2,2,0,0.00,-0.50,2.2,0.9,+1.4,+0.68,+0.29,py PAR,DF,Lanús,Copa de la Liga,27,1996,2.0,1,0,0,2,1,0,0,0,1,0,0,0,6,9,0,100.0
Nery Domínguez,ar ARG,DF,Lanús,Copa de la Liga,33,1990,8,5,509,5.7,0,0,0,0,0,0,3,0,0.2,0.2,0.5,0.7,5,24,3,0.00,0.00,0.00,0.00,0.00,0.04,0.08,0.12,0.04,0.12,ar ARG,DF,Lanús,Copa de la Liga,33,1990,5.7,0,2,0,0.0,0.35,0.00,0.00,0,10.4,0,0,0,0.2,0.2,0.10,-0.2,-0.2,ar ARG,DF,Lanús,Copa de la Liga,33,1990,5.7,235,300,78.3,4972,2142,63,79,79.7,135,146,92.5,34,67,50.7,0,0.5,0.8,-0.5,3,21,4,0,24,ar ARG,DF,Lanús,Copa de la Liga,33,1990,5.7,300,279,20,20,0,2,1,0,0,0,0,0,235,1,2,ar ARG,DF,Lanús,Copa de la Liga,33,1990,5.7,6,1.06,6,0,0,0,0,0,0,0.00,0,0,0,0,0,0,ar ARG,DF,Lanús,Copa de la Liga,33,1990,5.7,25,13,15,10,0,13,19,68.4,6,8,3,5,8,33,20,1,ar ARG,DF,Lanús,Copa de la Liga,33,1990,5.7,378,25,181,180,18,7,378,3,2,66.7,1,33.3,181,906,548,5,2,0,4,2,196,3,ar ARG,DF,Lanús,Copa de la Liga,33,1990,8,509,64,40.4,5.7,5,90,5,3,20,1,1.25,4,9,-5,-0.88,-2.20,6.9,5.0,+1.9,+0.34,-0.15,ar ARG,DF,Lanús,Copa de la Liga,33,1990,5.7,3,0,0,7,2,0,1,8,13,0,0,0,32,7,5,58.3
Nicolás Dubersarsky,ar ARG,MF,Instituto,Copa de la Liga,19,2004,1,0,5,0.1,0,0,0,0,0,0,0,0,0.0,0.0,0.0,0.0,0,0,0,0.00,0.00,0.00,0.00,0.00,0.00,0.00,0.00,0.00,0.00,ar ARG,MF,Instituto,Copa de la Liga,19,2004,0.1,0,0,0,0,0.00,0.00,0,0,0,0,0,0,0.0,0.0,0,0.0,0.0,ar ARG,MF,Instituto,Copa de la Liga,19,2004,0.1,0,0,0,0,0,0,0,0,0,0,0,0,0,0,0,0.0,0.0,0.0,0,0,0,0,0,ar ARG,MF,Instituto,Copa de la Liga,19,2004,0.1,0,0,0,0,0,0,0,0,0,0,0,0,0,0,0,ar ARG,MF,Instituto,Copa de la Liga,19,2004,0.1,0,0.00,0,0,0,0,0,0,0,0.00,0,0,0,0,0,0,ar ARG,MF,Instituto,Copa de la Liga,19,2004,0.1,0,0,0,0,0,0,1,0.0,1,0,0,0,0,0,0,0,ar ARG,MF,Instituto,Copa de la Liga,19,2004,0.1,0,0,0,0,0,0,0,0,0,0,0,0,0,0,0,0,0,0,0,0,0,0,ar ARG,MF,Instituto,Copa de la Liga,19,2004,1,5,5,0.4,0.1,0,0,0,1,5,7,1.00,0,0,0,0.00,-0.07,0.0,0.0,0.0,-0.43,-0.98,ar ARG,MF,Instituto,Copa de la Liga,19,2004,0.1,0,0,0,0,0,0,0,0,0,0,0,0,0,0,0,0
Facundo Echevarría,ar ARG,"MF,FW",Defensa y Just,Copa de la Liga,21,2002,3,0,15,0.2,0,0,0,0,0,0,0,0,0.0,0.0,0.0,0.0,0,0,1,0.00,0.00,0.00,0.00,0.00,0.00,0.00,0.00,0.00,0.00,ar ARG,"MF,FW",Defensa y Just,Copa de la Liga,21,2002,0.2,0,0,0,0,0.00,0.00,0,0,0,0,0,0,0.0,0.0,0,0.0,0.0,ar ARG,"MF,FW",Defensa y Just,Copa de la Liga,21,2002,0.2,4,8,50.0,35,0,3,3,100.0,1,3,33.3,0,2,0.0,0,0.0,0.0,0.0,0,0,0,0,0,ar ARG,"MF,FW",Defensa y Just,Copa de la Liga,21,2002,0.2,8,8,0,0,1,0,1,0,0,0,0,0,4,0,0,ar ARG,"MF,FW",Defensa y Just,Copa de la Liga,21,2002,0.2,0,0.00,0,0,0,0,0,0,0,0.00,0,0,0,0,0,0,ar ARG,"MF,FW",Defensa y Just,Copa de la Liga,21,2002,0.2,2,2,0,2,0,0,0,0,0,0,0,0,1,3,0,0,ar ARG,"MF,FW",Defensa y Just,Copa de la Liga,21,2002,0.2,15,0,1,7,7,0,15,1,0,0.0,1,100.0,9,19,1,0,0,0,3,0,10,1,ar ARG,"MF,FW",Defensa y Just,Copa de la Liga,21,2002,3,15,5,1.2,0.2,0,0,0,3,5,9,2.00,0,0,0,0.00,-0.29,0.0,0.3,-0.3,-1.66,-1.64,ar ARG,"MF,FW",Defensa y Just,Copa de la Liga,21,2002,0.2,0,0,0,0,1,0,1,1,2,0,0,0,1,0,2,0.0
Claudio Echeverri,ar ARG,MF,River Plate,Copa de la Liga,18,2006,9,6,473,5.3,1,2,3,1,0,0,0,0,1.1,1.1,0.6,1.7,20,42,48,0.19,0.38,0.57,0.19,0.57,0.21,0.12,0.33,0.21,0.33,ar ARG,MF,River Plate,Copa de la Liga,18,2006,5.3,1,17,7,41.2,3.23,1.33,0.06,0.14,21.5,2,0,0,1.1,1.1,0.06,-0.1,-0.1,ar ARG,MF,River Plate,Copa de la Liga,18,2006,5.3,240,303,79.2,3908,973,123,137,89.8,89,105,84.8,23,45,51.1,2,0.6,0.6,+1.4,9,33,3,0,42,ar ARG,MF,River Plate,Copa de la Liga,18,2006,5.3,303,263,39,8,0,3,30,4,22,5,15,0,240,1,7,ar ARG,MF,River Plate,Copa de la Liga,18,2006,5.3,39,7.41,22,3,8,1,4,1,3,0.57,0,2,1,0,0,0,ar ARG,MF,River Plate,Copa de la Liga,18,2006,5.3,6,4,0,3,3,4,7,57.1,3,4,0,4,1,7,1,0,ar ARG,MF,River Plate,Copa de la Liga,18,2006,5.3,383,1,16,167,205,19,383,44,30,68.2,9,20.5,240,1403,741,20,17,6,17,7,288,48,ar ARG,MF,River Plate,Copa de la Liga,18,2006,9,473,53,37.5,5.3,6,67,1,3,23,0,1.60,10,6,+4,+0.76,-0.61,10.9,3.9,+7.0,+1.34,+0.58,ar ARG,MF,River Plate,Copa de la Liga,18,2006,5.3,0,0,0,3,17,1,30,1,4,0,0,0,18,2,2,50.0
Marcos Echeverría,ar ARG,FW,Banfield,Copa de la Liga,20,2003,3,0,31,0.3,0,0,0,0,0,0,0,0,0.0,0.0,0.0,0.0,0,0,2,0.00,0.00,0.00,0.00,0.00,0.00,0.00,0.00,0.00,0.00,ar ARG,FW,Banfield,Copa de la Liga,20,2003,0.3,0,0,0,0,0.00,0.00,0,0,0,0,0,0,0.0,0.0,0,0.0,0.0,ar ARG,FW,Banfield,Copa de la Liga,20,2003,0.3,6,7,85.7,74,24,4,4,100.0,2,2,100.0,0,0,0,0,0.0,0.0,0.0,0,0,0,0,0,ar ARG,FW,Banfield,Copa de la Liga,20,2003,0.3,7,6,1,0,0,0,0,1,0,0,0,0,6,0,1,ar ARG,FW,Banfield,Copa de la Liga,20,2003,0.3,0,0.00,0,0,0,0,0,0,0,0.00,0,0,0,0,0,0,ar ARG,FW,Banfield,Copa de la Liga,20,2003,0.3,0,0,0,0,0,0,3,0.0,3,1,0,1,0,0,0,0,ar ARG,FW,Banfield,Copa de la Liga,20,2003,0.3,12,0,2,7,3,2,12,0,0,0,0,0,6,39,0,0,0,0,1,1,8,2,ar ARG,FW,Banfield,Copa de la Liga,20,2003,3,31,10,2.5,0.3,0,0,0,3,10,8,1.33,0,0,0,0.00,+0.07,0.3,0.2,+0.1,+0.22,+0.38,ar ARG,FW,Banfield,Copa de la Liga,20,2003,0.3,0,0,0,0,0,0,0,0,0,0,0,0,1,0,1,0.0
Rodrigo Echeverría,cl CHI,MF,Huracán,Copa de la Liga,28,1995,13,13,"1,124",12.5,0,0,0,0,0,0,4,1,0.7,0.7,0.3,1.0,10,50,6,0.00,0.00,0.00,0.00,0.00,0.06,0.02,0.08,0.06,0.08,cl CHI,MF,Huracán,Copa de la Liga,28,1995,12.5,0,9,1,11.1,0.72,0.08,0.00,0.00,18.6,0,0,0,0.7,0.7,0.08,-0.7,-0.7,cl CHI,MF,Huracán,Copa de la Liga,28,1995,12.5,459,567,81.0,7962,2909,211,245,86.1,183,225,81.3,52,75,69.3,0,0.3,0.3,-0.3,10,29,3,0,50,cl CHI,MF,Huracán,Copa de la Liga,28,1995,12.5,567,533,34,24,0,6,6,10,0,0,0,0,459,0,7,cl CHI,MF,Huracán,Copa de la Liga,28,1995,12.5,21,1.68,18,1,0,1,1,0,0,0.00,0,0,0,0,0,0,cl CHI,MF,Huracán,Copa de la Liga,28,1995,12.5,35,21,14,16,5,16,32,50.0,16,16,4,12,15,50,21,0,cl CHI,MF,Huracán,Copa de la Liga,28,1995,12.5,699,25,218,410,77,12,699,4,3,75.0,1,25.0,310,1353,668,10,8,1,14,8,390,6,cl CHI,MF,Huracán,Copa de la Liga,28,1995,13,"1,124",86,89.2,12.5,13,86,11,0,0,0,1.23,11,7,+4,+0.32,+2.97,12.0,13.5,-1.5,-0.12,+1.33,cl CHI,MF,Huracán,Copa de la Liga,28,1995,12.5,4,1,0,23,13,0,6,15,21,0,0,0,74,28,18,60.9
Guillermo Enrique,ar ARG,DF,Gimnasia–LP,Copa de la Liga,23,2000,5,2,250,2.8,0,0,0,0,0,0,1,0,0.0,0.0,0.1,0.2,6,13,4,0.00,0.00,0.00,0.00,0.00,0.01,0.05,0.06,0.01,0.06,ar ARG,DF,Gimnasia–LP,Copa de la Liga,23,2000,2.8,0,2,1,50.0,0.72,0.36,0.00,0.00,29.7,0,0,0,0.0,0.0,0.01,0.0,0.0,ar ARG,DF,Gimnasia–LP,Copa de la Liga,23,2000,2.8,74,122,60.7,1401,1007,35,47,74.5,25,40,62.5,13,28,46.4,0,0.1,0.2,-0.1,3,12,5,4,13,ar ARG,DF,Gimnasia–LP,Copa de la Liga,23,2000,2.8,122,92,30,0,0,0,12,30,0,0,0,0,74,0,5,ar ARG,DF,Gimnasia–LP,Copa de la Liga,23,2000,2.8,10,3.60,5,2,2,1,0,0,1,0.36,1,0,0,0,0,0,ar ARG,DF,Gimnasia–LP,Copa de la Liga,23,2000,2.8,7,5,5,2,0,5,6,83.3,1,0,0,0,3,10,12,1,ar ARG,DF,Gimnasia–LP,Copa de la Liga,23,2000,2.8,166,14,48,76,45,1,166,12,5,41.7,7,58.3,57,423,253,6,3,1,4,3,68,4,ar ARG,DF,Gimnasia–LP,Copa de la Liga,23,2000,5,250,50,19.8,2.8,2,90,2,3,23,2,0.80,4,7,-3,-1.08,-0.90,2.3,6.2,-3.9,-1.40,-1.18,ar ARG,DF,Gimnasia–LP,Copa de la Liga,23,2000,2.8,1,0,0,2,5,0,12,3,5,0,0,0,15,6,3,66.7
Julián Eseiza,ar ARG,MF,Godoy Cruz,Copa de la Liga,21,2002,1,0,20,0.2,0,0,0,0,0,0,0,0,0.3,0.3,0.0,0.3,0,0,1,0.00,0.00,0.00,0.00,0.00,1.43,0.00,1.43,1.43,1.43,ar ARG,MF,Godoy Cruz,Copa de la Liga,21,2002,0.2,0,3,0,0.0,13.50,0.00,0.00,0,15.3,0,0,0,0.3,0.3,0.11,-0.3,-0.3,ar ARG,MF,Godoy Cruz,Copa de la Liga,21,2002,0.2,4,4,100.0,44,6,4,4,100.0,0,0,0,0,0,0,0,0.0,0.0,0.0,0,0,0,0,0,ar ARG,MF,Godoy Cruz,Copa de la Liga,21,2002,0.2,4,4,0,0,0,0,0,0,0,0,0,0,4,0,0,ar ARG,MF,Godoy Cruz,Copa de la Liga,21,2002,0.2,0,0.00,0,0,0,0,0,0,0,0.00,0,0,0,0,0,0,ar ARG,MF,Godoy Cruz,Copa de la Liga,21,2002,0.2,0,0,0,0,0,0,0,0,0,0,0,0,0,0,0,0,ar ARG,MF,Godoy Cruz,Copa de la Liga,21,2002,0.2,8,0,1,4,3,2,8,0,0,0,0,0,3,7,5,0,0,0,1,0,7,1,ar ARG,MF,Godoy Cruz,Copa de la Liga,21,2002,1,20,20,1.6,0.2,0,0,0,1,20,7,3.00,0,0,0,0.00,-0.73,0.4,0.8,-0.4,-1.88,-2.23,ar ARG,MF,Godoy Cruz,Copa de la Liga,21,2002,0.2,0,0,0,0,0,0,0,0,0,0,0,0,0,0,1,0.0
Matias Espíndola,ar ARG,"MF,FW",Tigre,Copa de la Liga,20,2003,6,1,224,2.5,0,0,0,0,0,0,0,0,0.0,0.0,0.1,0.2,8,11,9,0.00,0.00,0.00,0.00,0.00,0.01,0.05,0.06,0.01,0.06,ar ARG,"MF,FW",Tigre,Copa de la Liga,20,2003,2.5,0,1,1,100.0,0.40,0.40,0.00,0.00,12.5,0,0,0,0.0,0.0,0.04,0.0,0.0,ar ARG,"MF,FW",Tigre,Copa de la Liga,20,2003,2.5,119,138,86.2,1829,430,62,69,89.9,42,48,87.5,9,10,90.0,0,0.1,0.2,-0.1,4,15,2,0,11,ar ARG,"MF,FW",Tigre,Copa de la Liga,20,2003,2.5,138,131,7,5,0,4,1,2,0,0,0,0,119,0,3,ar ARG,"MF,FW",Tigre,Copa de la Liga,20,2003,2.5,9,3.63,8,0,0,0,1,0,0,0.00,0,0,0,0,0,0,ar ARG,"MF,FW",Tigre,Copa de la Liga,20,2003,2.5,7,4,2,4,1,4,7,57.1,3,3,0,3,1,8,0,0,ar ARG,"MF,FW",Tigre,Copa de la Liga,20,2003,2.5,167,0,11,105,53,3,167,12,6,50.0,6,50.0,109,582,252,8,6,0,5,7,129,9,ar ARG,"MF,FW",Tigre,Copa de la Liga,20,2003,6,224,37,17.8,2.5,1,61,0,5,33,6,0.17,0,3,-3,-1.21,+0.10,1.8,3.5,-1.6,-0.66,+0.09,ar ARG,"MF,FW",Tigre,Copa de la Liga,20,2003,2.5,0,0,0,3,5,0,1,1,4,0,0,0,10,1,3,25.0
Juan Esquivel,ar ARG,"FW,MF",Tigre,Copa de la Liga,23,2000,13,5,612,6.8,1,0,1,1,0,0,0,0,0.9,0.9,0.4,1.3,22,13,38,0.15,0.00,0.15,0.15,0.15,0.13,0.07,0.19,0.13,0.19,ar ARG,"FW,MF",Tigre,Copa de la Liga,23,2000,6.8,1,22,5,22.7,3.24,0.74,0.05,0.20,21.9,0,0,0,0.9,0.9,0.04,+0.1,+0.1,ar ARG,"FW,MF",Tigre,Copa de la Liga,23,2000,6.8,110,151,72.8,1527,370,70,85,82.4,28,35,80.0,6,11,54.5,0,0.4,0.8,-0.4,6,11,2,1,13,ar ARG,"FW,MF",Tigre,Copa de la Liga,23,2000,6.8,151,147,3,0,1,3,6,2,1,0,0,0,110,1,12,ar ARG,"FW,MF",Tigre,Copa de la Liga,23,2000,6.8,22,3.23,8,1,8,3,1,1,2,0.29,1,0,1,0,0,0,ar ARG,"FW,MF",Tigre,Copa de la Liga,23,2000,6.8,9,5,3,5,1,4,12,33.3,8,11,1,10,4,13,3,0,ar ARG,"FW,MF",Tigre,Copa de la Liga,23,2000,6.8,279,3,28,136,124,17,279,51,26,51.0,20,39.2,171,1399,585,22,22,9,23,16,190,38,ar ARG,"FW,MF",Tigre,Copa de la Liga,23,2000,13,612,47,48.6,6.8,5,78,2,8,28,0,0.38,4,10,-6,-0.88,+0.78,4.9,9.2,-4.3,-0.63,+0.19,ar ARG,"FW,MF",Tigre,Copa de la Liga,23,2000,6.8,0,0,0,7,13,0,6,4,5,0,0,0,25,5,4,55.6
Marcelo Estigarribia,ar ARG,FW,Atlé Tucumán,Copa de la Liga,28,1995,13,13,"1,019",11.3,0,4,4,0,0,0,3,0,3.0,3.0,2.0,5.0,8,25,62,0.00,0.35,0.35,0.00,0.35,0.26,0.18,0.44,0.26,0.44,ar ARG,FW,Atlé Tucumán,Copa de la Liga,28,1995,11.3,0,30,7,23.3,2.65,0.62,0.00,0.00,14.1,0,0,0,3.0,3.0,0.10,-3.0,-3.0,ar ARG,FW,Atlé Tucumán,Copa de la Liga,28,1995,11.3,156,276,56.5,1967,521,108,168,64.3,29,53,54.7,7,18,38.9,4,2.0,1.1,+2.0,16,18,4,0,25,ar ARG,FW,Atlé Tucumán,Copa de la Liga,28,1995,11.3,276,257,16,0,0,2,10,2,0,0,0,0,156,3,7,ar ARG,FW,Atlé Tucumán,Copa de la Liga,28,1995,11.3,23,2.03,19,0,1,2,1,0,3,0.26,3,0,0,0,0,0,ar ARG,FW,Atlé Tucumán,Copa de la Liga,28,1995,11.3,10,8,0,5,5,4,8,50.0,4,8,1,7,2,12,14,0,ar ARG,FW,Atlé Tucumán,Copa de la Liga,28,1995,11.3,410,17,24,157,234,62,410,6,3,50.0,3,50.0,175,533,183,8,8,5,38,11,291,62,ar ARG,FW,Atlé Tucumán,Copa de la Liga,28,1995,13,"1,019",78,80.9,11.3,13,78,4,0,0,0,0.77,7,19,-12,-1.06,+0.06,12.9,14.2,-1.3,-0.11,+0.13,ar ARG,FW,Atlé Tucumán,Copa de la Liga,28,1995,11.3,3,0,0,16,8,4,10,2,8,0,0,0,24,72,60,54.5
Yair Ezequiel Arismendi,ar ARG,"DF,FW",Sarmiento,Copa de la Liga,25,1998,7,3,395,4.4,0,1,1,0,0,0,0,0,0.3,0.3,0.4,0.7,7,10,21,0.00,0.23,0.23,0.00,0.23,0.07,0.09,0.16,0.07,0.16,ar ARG,"DF,FW",Sarmiento,Copa de la Liga,25,1998,4.4,0,6,2,33.3,1.37,0.46,0.00,0.00,22.2,0,0,0,0.3,0.3,0.05,-0.3,-0.3,ar ARG,"DF,FW",Sarmiento,Copa de la Liga,25,1998,4.4,81,138,58.7,1633,717,28,41,68.3,33,47,70.2,16,33,48.5,1,0.4,0.3,+0.6,6,10,0,0,10,ar ARG,"DF,FW",Sarmiento,Copa de la Liga,25,1998,4.4,138,99,37,4,0,2,23,26,7,1,6,0,81,2,9,ar ARG,"DF,FW",Sarmiento,Copa de la Liga,25,1998,4.4,14,3.19,6,6,0,2,0,0,0,0.00,0,0,0,0,0,0,ar ARG,"DF,FW",Sarmiento,Copa de la Liga,25,1998,4.4,11,6,8,3,0,6,10,60.0,4,7,3,4,4,15,21,0,ar ARG,"DF,FW",Sarmiento,Copa de la Liga,25,1998,4.4,206,19,72,63,73,5,206,8,1,12.5,6,75.0,85,511,227,7,6,1,10,6,85,21,ar ARG,"DF,FW",Sarmiento,Copa de la Liga,25,1998,7,395,56,31.3,4.4,3,90,3,4,31,1,0.86,3,4,-1,-0.23,+0.71,2.7,7.0,-4.4,-1.00,-0.74,ar ARG,"DF,FW",Sarmiento,Copa de la Liga,25,1998,4.4,0,0,0,4,9,0,23,4,6,0,0,0,19,9,10,47.4
Frank Fabra,co COL,DF,Boca Juniors,Copa de la Liga,32,1991,5,2,190,2.1,0,1,1,0,0,0,0,0,0.0,0.0,0.5,0.5,8,17,18,0.00,0.47,0.47,0.00,0.47,0.00,0.21,0.21,0.00,0.21,co COL,DF,Boca Juniors,Copa de la Liga,32,1991,2.1,0,0,0,0,0.00,0.00,0,0,0,0,0,0,0.0,0.0,0,0.0,0.0,co COL,DF,Boca Juniors,Copa de la Liga,32,1991,2.1,105,140,75.0,1639,667,62,72,86.1,36,44,81.8,7,16,43.8,1,0.5,0.2,+0.5,2,4,6,2,17,co COL,DF,Boca Juniors,Copa de la Liga,32,1991,2.1,140,122,17,0,0,2,6,17,0,0,0,0,105,1,4,co COL,DF,Boca Juniors,Copa de la Liga,32,1991,2.1,6,2.84,4,0,2,0,0,0,1,0.47,1,0,0,0,0,0,co COL,DF,Boca Juniors,Copa de la Liga,32,1991,2.1,5,2,2,2,1,1,5,20.0,4,3,0,3,1,6,7,0,co COL,DF,Boca Juniors,Copa de la Liga,32,1991,2.1,162,4,36,81,45,4,162,9,5,55.6,4,44.4,84,414,283,8,4,2,1,1,96,18,co COL,DF,Boca Juniors,Copa de la Liga,32,1991,5,190,38,15.1,2.1,2,90,2,3,3,8,1.40,2,2,0,0.00,-0.67,2.8,1.5,+1.3,+0.62,-0.01,co COL,DF,Boca Juniors,Copa de la Liga,32,1991,2.1,0,0,0,5,1,0,6,1,2,0,0,0,8,5,0,100.0
Francisco Facello,ar ARG,DF,Belgrano,Copa de la Liga,21,2003,3,2,159,1.8,0,0,0,0,0,0,0,0,0.0,0.0,0.0,0.0,1,3,6,0.00,0.00,0.00,0.00,0.00,0.01,0.00,0.01,0.01,0.01,ar ARG,DF,Belgrano,Copa de la Liga,21,2003,1.8,0,1,0,0.0,0.57,0.00,0.00,0,24.2,0,0,0,0.0,0.0,0.02,0.0,0.0,ar ARG,DF,Belgrano,Copa de la Liga,21,2003,1.8,28,52,53.8,626,270,10,12,83.3,13,22,59.1,5,15,33.3,0,0.0,0.0,0.0,0,4,1,0,3,ar ARG,DF,Belgrano,Copa de la Liga,21,2003,1.8,52,38,14,0,0,1,2,14,0,0,0,0,28,0,2,ar ARG,DF,Belgrano,Copa de la Liga,21,2003,1.8,3,1.70,1,1,0,0,1,0,0,0.00,0,0,0,0,0,0,ar ARG,DF,Belgrano,Copa de la Liga,21,2003,1.8,7,3,4,2,1,5,9,55.6,4,2,0,2,0,7,6,0,ar ARG,DF,Belgrano,Copa de la Liga,21,2003,1.8,74,6,36,23,16,0,74,3,1,33.3,2,66.7,25,134,89,1,3,0,1,0,27,6,ar ARG,DF,Belgrano,Copa de la Liga,21,2003,3,159,53,12.6,1.8,2,79,0,1,1,3,0.33,1,4,-3,-1.70,-1.78,0.9,3.9,-3.0,-1.72,-1.88,ar ARG,DF,Belgrano,Copa de la Liga,21,2003,1.8,0,0,0,4,1,0,2,0,3,0,0,0,7,2,0,100.0
Valentín Fascendini,ar ARG,DF,Unión,Copa de la Liga,20,2003,3,1,83,0.9,0,0,0,0,0,0,0,0,0.1,0.1,0.0,0.1,4,4,1,0.00,0.00,0.00,0.00,0.00,0.10,0.00,0.10,0.10,0.10,ar ARG,DF,Unión,Copa de la Liga,20,2003,0.9,0,1,0,0.0,1.08,0.00,0.00,0,4.7,0,0,0,0.1,0.1,0.09,-0.1,-0.1,ar ARG,DF,Unión,Copa de la Liga,20,2003,0.9,42,61,68.9,920,353,8,12,66.7,30,33,90.9,4,10,40.0,0,0.0,0.0,0.0,0,3,0,0,4,ar ARG,DF,Unión,Copa de la Liga,20,2003,0.9,61,56,4,1,0,2,3,3,0,0,0,0,42,1,1,ar ARG,DF,Unión,Copa de la Liga,20,2003,0.9,0,0.00,0,0,0,0,0,0,0,0.00,0,0,0,0,0,0,ar ARG,DF,Unión,Copa de la Liga,20,2003,0.9,2,1,0,2,0,0,0,0,0,2,0,2,0,2,4,0,ar ARG,DF,Unión,Copa de la Liga,20,2003,0.9,71,6,28,29,14,2,71,1,1,100.0,0,0.0,44,203,116,4,0,0,1,0,49,1,ar ARG,DF,Unión,Copa de la Liga,20,2003,3,83,28,6.6,0.9,1,54,0,2,15,11,2.33,0,2,-2,-2.17,-2.47,1.7,0.7,+0.9,+1.01,+1.14,ar ARG,DF,Unión,Copa de la Liga,20,2003,0.9,0,0,0,3,0,0,3,0,1,0,0,0,3,5,2,71.4
Lautaro Fedele,ar ARG,FW,Defensa y Just,Copa de la Liga,22,2001,2,1,59,0.7,0,0,0,0,0,0,0,0,0.0,0.0,0.0,0.0,0,0,4,0.00,0.00,0.00,0.00,0.00,0.00,0.00,0.00,0.00,0.00,ar ARG,FW,Defensa y Just,Copa de la Liga,22,2001,0.7,0,0,0,0,0.00,0.00,0,0,0,0,0,0,0.0,0.0,0,0.0,0.0,ar ARG,FW,Defensa y Just,Copa de la Liga,22,2001,0.7,5,8,62.5,50,20,5,6,83.3,0,1,0.0,0,1,0.0,0,0.0,0.0,0.0,0,2,0,0,0,ar ARG,FW,Defensa y Just,Copa de la Liga,22,2001,0.7,8,8,0,0,0,0,0,0,0,0,0,0,5,0,0,ar ARG,FW,Defensa y Just,Copa de la Liga,22,2001,0.7,0,0.00,0,0,0,0,0,0,0,0.00,0,0,0,0,0,0,ar ARG,FW,Defensa y Just,Copa de la Liga,22,2001,0.7,0,0,0,0,0,0,0,0,0,1,0,1,0,0,0,0,ar ARG,FW,Defensa y Just,Copa de la Liga,22,2001,0.7,14,0,2,7,5,0,14,3,0,0.0,3,100.0,9,17,13,0,0,0,2,1,12,4,ar ARG,FW,Defensa y Just,Copa de la Liga,22,2001,2,59,30,4.7,0.7,1,57,0,1,2,0,1.50,0,0,0,0.00,-0.30,0.2,0.5,-0.4,-0.57,-0.56,ar ARG,FW,Defensa y Just,Copa de la Liga,22,2001,0.7,0,0,0,0,1,0,0,0,0,0,0,0,1,0,1,0.0
Juan Fedorco,ar ARG,DF,Independiente,Copa de la Liga,23,2000,8,7,622,6.9,0,0,0,0,0,0,1,0,0.2,0.2,0.1,0.3,2,23,2,0.00,0.00,0.00,0.00,0.00,0.03,0.02,0.05,0.03,0.05,ar ARG,DF,Independiente,Copa de la Liga,23,2000,6.9,0,5,1,20.0,0.72,0.14,0.00,0.00,12.4,0,0,0,0.2,0.2,0.04,-0.2,-0.2,ar ARG,DF,Independiente,Copa de la Liga,23,2000,6.9,178,245,72.7,3698,1759,52,58,89.7,102,121,84.3,22,59,37.3,0,0.1,0.1,-0.1,2,20,1,1,23,ar ARG,DF,Independiente,Copa de la Liga,23,2000,6.9,245,241,3,2,0,4,2,1,0,0,0,0,178,1,2,ar ARG,DF,Independiente,Copa de la Liga,23,2000,6.9,8,1.16,6,0,0,0,0,2,0,0.00,0,0,0,0,0,0,ar ARG,DF,Independiente,Copa de la Liga,23,2000,6.9,19,12,12,6,1,6,7,85.7,1,3,2,1,7,26,34,0,ar ARG,DF,Independiente,Copa de la Liga,23,2000,6.9,328,41,163,145,20,8,328,3,1,33.3,2,66.7,168,580,369,2,3,0,2,2,184,2,ar ARG,DF,Independiente,Copa de la Liga,23,2000,8,622,78,49.4,6.9,7,88,6,1,9,3,1.88,7,4,+3,+0.43,+0.29,9.0,5.8,+3.2,+0.47,+0.02,ar ARG,DF,Independiente,Copa de la Liga,23,2000,6.9,1,0,0,10,3,0,2,7,12,0,0,0,17,16,12,57.1
Damián Fernández,ar ARG,DF,Vélez Sarsfield,Copa de la Liga,23,2001,8,6,662,7.4,0,0,0,0,0,0,1,0,0.1,0.1,0.0,0.1,1,12,0,0.00,0.00,0.00,0.00,0.00,0.02,0.00,0.02,0.02,0.02,ar ARG,DF,Vélez Sarsfield,Copa de la Liga,23,2001,7.4,0,3,0,0.0,0.41,0.00,0.00,0,11.7,0,0,0,0.1,0.1,0.04,-0.1,-0.1,ar ARG,DF,Vélez Sarsfield,Copa de la Liga,23,2001,7.4,281,330,85.2,5331,1905,93,101,92.1,156,169,92.3,27,47,57.4,0,0.0,0.0,0.0,1,9,0,0,12,ar ARG,DF,Vélez Sarsfield,Copa de la Liga,23,2001,7.4,330,312,18,18,0,2,0,0,0,0,0,0,281,0,3,ar ARG,DF,Vélez Sarsfield,Copa de la Liga,23,2001,7.4,3,0.41,2,0,0,1,0,0,0,0.00,0,0,0,0,0,0,ar ARG,DF,Vélez Sarsfield,Copa de la Liga,23,2001,7.4,11,9,8,3,0,6,11,54.5,5,5,3,2,10,21,51,0,ar ARG,DF,Vélez Sarsfield,Copa de la Liga,23,2001,7.4,422,57,252,168,4,3,422,1,1,100.0,0,0.0,206,1142,655,1,1,0,5,2,211,0,ar ARG,DF,Vélez Sarsfield,Copa de la Liga,23,2001,8,662,83,52.5,7.4,6,90,6,2,61,6,1.82,6,3,+3,+0.41,+0.71,6.9,5.7,+1.3,+0.17,-0.37,ar ARG,DF,Vélez Sarsfield,Copa de la Liga,23,2001,7.4,1,0,0,12,2,0,0,10,9,0,0,0,28,27,16,62.8
Esteban Fernández,ar ARG,MF,Newell's OB,Copa de la Liga,22,2002,5,2,158,1.8,0,0,0,0,0,0,0,0,0.0,0.0,0.0,0.1,8,8,13,0.00,0.00,0.00,0.00,0.00,0.01,0.02,0.03,0.01,0.03,ar ARG,MF,Newell's OB,Copa de la Liga,22,2002,1.8,0,1,0,0.0,0.57,0.00,0.00,0,24.7,0,0,0,0.0,0.0,0.02,0.0,0.0,ar ARG,MF,Newell's OB,Copa de la Liga,22,2002,1.8,58,71,81.7,939,280,32,35,91.4,20,23,87.0,5,10,50.0,0,0.0,0.1,0.0,2,6,2,0,8,ar ARG,MF,Newell's OB,Copa de la Liga,22,2002,1.8,71,64,7,4,0,1,5,1,2,0,0,0,58,0,0,ar ARG,MF,Newell's OB,Copa de la Liga,22,2002,1.8,5,2.85,3,0,0,0,2,0,0,0.00,0,0,0,0,0,0,ar ARG,MF,Newell's OB,Copa de la Liga,22,2002,1.8,4,3,2,2,0,2,4,50.0,2,1,0,1,0,4,0,0,ar ARG,MF,Newell's OB,Copa de la Liga,22,2002,1.8,101,0,12,36,54,6,101,15,4,26.7,9,60.0,71,368,192,8,6,1,9,4,74,13,ar ARG,MF,Newell's OB,Copa de la Liga,22,2002,5,158,32,12.5,1.8,2,57,0,3,15,8,1.20,0,1,-1,-0.57,-0.49,1.8,1.5,+0.3,+0.19,+0.24,ar ARG,MF,Newell's OB,Copa de la Liga,22,2002,1.8,0,0,0,2,8,0,5,0,3,0,0,0,6,0,3,0.0
Ezequiél Fernández,ar ARG,MF,Boca Juniors,Copa de la Liga,21,2002,6,5,515,5.7,0,0,0,0,0,0,2,0,0.1,0.1,0.4,0.5,8,45,3,0.00,0.00,0.00,0.00,0.00,0.01,0.07,0.08,0.01,0.08,ar ARG,MF,Boca Juniors,Copa de la Liga,21,2002,5.7,0,3,0,0.0,0.52,0.00,0.00,0,25.6,0,0,0,0.1,0.1,0.03,-0.1,-0.1,ar ARG,MF,Boca Juniors,Copa de la Liga,21,2002,5.7,362,398,91.0,6375,2210,166,179,92.7,161,171,94.2,31,36,86.1,0,0.4,0.2,-0.4,4,43,4,0,45,ar ARG,MF,Boca Juniors,Copa de la Liga,21,2002,5.7,398,380,17,14,1,4,0,3,0,0,0,0,362,1,4,ar ARG,MF,Boca Juniors,Copa de la Liga,21,2002,5.7,10,1.75,10,0,0,0,0,0,1,0.18,1,0,0,0,0,0,ar ARG,MF,Boca Juniors,Copa de la Liga,21,2002,5.7,20,9,7,12,1,12,27,44.4,15,12,3,9,7,27,4,0,ar ARG,MF,Boca Juniors,Copa de la Liga,21,2002,5.7,462,10,98,328,40,2,462,11,5,45.5,5,45.5,273,1039,587,8,3,1,5,8,310,3,ar ARG,MF,Boca Juniors,Copa de la Liga,21,2002,6,515,86,40.9,5.7,5,90,5,1,65,0,1.75,8,6,+2,+0.35,-0.38,6.7,5.5,+1.2,+0.22,-0.70,ar ARG,MF,Boca Juniors,Copa de la Liga,21,2002,5.7,2,0,0,10,9,0,0,7,9,0,0,0,48,5,3,62.5
Federico Fernández,ar ARG,DF,Estudiantes–LP,Copa de la Liga,34,1989,10,9,784,8.7,0,0,0,0,0,0,2,0,0.2,0.2,0.0,0.2,6,44,4,0.00,0.00,0.00,0.00,0.00,0.02,0.00,0.03,0.02,0.03,ar ARG,DF,Estudiantes–LP,Copa de la Liga,34,1989,8.7,0,3,0,0.0,0.34,0.00,0.00,0,11.2,0,0,0,0.2,0.2,0.07,-0.2,-0.2,ar ARG,DF,Estudiantes–LP,Copa de la Liga,34,1989,8.7,384,462,83.1,7855,3749,107,123,87.0,230,258,89.1,44,68,64.7,0,0.0,0.1,0.0,2,32,0,0,44,ar ARG,DF,Estudiantes–LP,Copa de la Liga,34,1989,8.7,462,442,19,18,0,0,1,1,0,0,0,0,384,1,2,ar ARG,DF,Estudiantes–LP,Copa de la Liga,34,1989,8.7,10,1.15,9,0,0,1,0,0,1,0.11,1,0,0,0,0,0,ar ARG,DF,Estudiantes–LP,Copa de la Liga,34,1989,8.7,9,6,7,1,1,7,11,63.6,4,5,4,1,8,17,53,0,ar ARG,DF,Estudiantes–LP,Copa de la Liga,34,1989,8.7,547,68,253,271,25,10,547,1,0,0.0,1,100.0,268,1412,913,6,3,0,1,1,341,4,ar ARG,DF,Estudiantes–LP,Copa de la Liga,34,1989,10,784,78,62.2,8.7,9,83,8,1,39,1,1.80,8,5,+3,+0.34,-0.98,11.4,5.5,+5.9,+0.68,+0.22,ar ARG,DF,Estudiantes–LP,Copa de la Liga,34,1989,8.7,2,0,0,8,7,1,1,8,6,0,0,0,24,34,14,70.8
Gustavo Fernández,ar ARG,FW,Deportivo Riestra,Copa de la Liga,33,1990,8,3,350,3.9,0,0,0,0,0,0,3,0,0.2,0.2,0.3,0.5,4,6,20,0.00,0.00,0.00,0.00,0.00,0.05,0.09,0.13,0.05,0.13,ar ARG,FW,Deportivo Riestra,Copa de la Liga,33,1990,3.9,0,5,1,20.0,1.29,0.26,0.00,0.00,18.5,0,0,0,0.2,0.2,0.04,-0.2,-0.2,ar ARG,FW,Deportivo Riestra,Copa de la Liga,33,1990,3.9,48,92,52.2,559,131,37,53,69.8,7,20,35.0,1,8,12.5,0,0.3,0.3,-0.3,7,2,3,0,6,ar ARG,FW,Deportivo Riestra,Copa de la Liga,33,1990,3.9,92,90,2,0,1,0,7,0,0,0,0,0,48,0,4,ar ARG,FW,Deportivo Riestra,Copa de la Liga,33,1990,3.9,7,1.81,7,0,0,0,0,0,0,0.00,0,0,0,0,0,0,ar ARG,FW,Deportivo Riestra,Copa de la Liga,33,1990,3.9,3,1,1,1,1,1,3,33.3,2,1,0,1,0,3,6,0,ar ARG,FW,Deportivo Riestra,Copa de la Liga,33,1990,3.9,139,5,14,49,79,11,139,7,3,42.9,4,57.1,80,511,115,4,2,0,12,10,102,20,ar ARG,FW,Deportivo Riestra,Copa de la Liga,33,1990,8,350,44,27.8,3.9,3,64,0,5,32,1,0.75,1,8,-7,-1.80,-1.70,2.6,7.0,-4.4,-1.12,-0.47,ar ARG,FW,Deportivo Riestra,Copa de la Liga,33,1990,3.9,3,0,0,8,3,2,7,0,1,0,0,0,12,18,24,42.9
Ignacio Fernández,ar ARG,"MF,FW",River Plate,Copa de la Liga,34,1990,14,11,903,10.0,1,6,7,1,0,0,3,0,1.4,1.4,3.1,4.5,19,83,58,0.10,0.60,0.70,0.10,0.70,0.14,0.31,0.45,0.14,0.45,ar ARG,"MF,FW",River Plate,Copa de la Liga,34,1990,10.0,1,15,4,26.7,1.50,0.40,0.07,0.25,21.9,2,0,0,1.4,1.4,0.10,-0.4,-0.4,ar ARG,"MF,FW",River Plate,Copa de la Liga,34,1990,10.0,431,554,77.8,7520,2561,197,221,89.1,178,223,79.8,43,67,64.2,6,3.1,4.0,+2.9,23,54,24,6,83,ar ARG,"MF,FW",River Plate,Copa de la Liga,34,1990,10.0,554,506,45,18,7,6,41,5,20,10,7,0,431,3,14,ar ARG,"MF,FW",River Plate,Copa de la Liga,34,1990,10.0,47,4.68,37,5,1,1,3,0,11,1.10,9,0,0,1,1,0,ar ARG,"MF,FW",River Plate,Copa de la Liga,34,1990,10.0,13,8,2,8,3,6,26,23.1,20,12,3,9,7,20,8,0,ar ARG,"MF,FW",River Plate,Copa de la Liga,34,1990,10.0,678,10,68,353,263,23,678,32,10,31.3,13,40.6,424,1865,896,19,19,3,19,12,507,58,ar ARG,"MF,FW",River Plate,Copa de la Liga,34,1990,14,903,65,71.7,10.0,11,77,3,3,19,0,1.80,22,6,+16,+1.59,+1.59,19.0,10.2,+8.7,+0.87,-0.35,ar ARG,"MF,FW",River Plate,Copa de la Liga,34,1990,10.0,3,0,0,14,29,0,41,7,8,1,0,0,49,6,4,60.0
Julián Fernández,ar ARG,MF,Newell's OB,Copa de la Liga,28,1995,12,6,597,6.6,1,0,1,1,0,0,1,0,0.6,0.6,0.3,0.9,6,23,6,0.15,0.00,0.15,0.15,0.15,0.09,0.04,0.14,0.09,0.14,ar ARG,MF,Newell's OB,Copa de la Liga,28,1995,6.6,1,8,2,25.0,1.21,0.30,0.13,0.50,14.9,0,0,0,0.6,0.6,0.08,+0.4,+0.4,ar ARG,MF,Newell's OB,Copa de la Liga,28,1995,6.6,244,303,80.5,4066,1249,116,138,84.1,102,118,86.4,19,26,73.1,0,0.3,0.2,-0.3,3,27,2,0,23,ar ARG,MF,Newell's OB,Copa de la Liga,28,1995,6.6,303,295,8,6,1,1,2,2,0,0,0,0,244,0,9,ar ARG,MF,Newell's OB,Copa de la Liga,28,1995,6.6,10,1.51,8,0,0,1,1,0,0,0.00,0,0,0,0,0,0,ar ARG,MF,Newell's OB,Copa de la Liga,28,1995,6.6,27,18,11,13,3,10,26,38.5,16,11,5,6,5,32,10,0,ar ARG,MF,Newell's OB,Copa de la Liga,28,1995,6.6,380,14,89,245,48,14,380,3,0,0.0,2,66.7,154,696,311,6,5,1,5,1,204,6,ar ARG,MF,Newell's OB,Copa de la Liga,28,1995,12,597,50,47.4,6.6,6,75,2,6,25,0,1.25,2,7,-5,-0.75,-1.16,6.6,6.3,+0.4,+0.06,+0.14,ar ARG,MF,Newell's OB,Copa de la Liga,28,1995,6.6,1,0,0,14,12,0,2,5,18,0,0,0,33,13,10,56.5
Nicolás Fernández,ar ARG,FW,Defensa y Just,Copa de la Liga,27,1996,14,14,"1,166",13.0,5,1,6,3,2,2,1,0,5.3,3.7,1.5,5.2,16,27,54,0.39,0.08,0.46,0.23,0.31,0.41,0.12,0.52,0.28,0.40,ar ARG,FW,Defensa y Just,Copa de la Liga,27,1996,13.0,5,46,15,32.6,3.55,1.16,0.07,0.20,19.9,2,2,2,5.3,3.7,0.08,-0.3,-0.7,ar ARG,FW,Defensa y Just,Copa de la Liga,27,1996,13.0,141,224,62.9,2307,560,76,109,69.7,52,76,68.4,9,13,69.2,1,1.5,1.2,-0.5,14,15,7,0,27,ar ARG,FW,Defensa y Just,Copa de la Liga,27,1996,13.0,224,189,30,1,1,1,8,5,1,0,0,0,141,5,12,ar ARG,FW,Defensa y Just,Copa de la Liga,27,1996,13.0,38,2.93,24,2,7,2,3,0,4,0.31,1,0,2,0,1,0,ar ARG,FW,Defensa y Just,Copa de la Liga,27,1996,13.0,3,3,0,2,1,1,7,14.3,6,7,0,7,0,3,9,0,ar ARG,FW,Defensa y Just,Copa de la Liga,27,1996,13.0,361,9,18,145,204,55,359,37,17,45.9,18,48.6,207,1116,462,16,10,8,28,13,246,54,ar ARG,FW,Defensa y Just,Copa de la Liga,27,1996,14,"1,166",83,92.5,13.0,14,83,6,0,0,0,1.86,16,13,+3,+0.23,-0.73,14.5,15.9,-1.3,-0.10,-0.87,ar ARG,FW,Defensa y Just,Copa de la Liga,27,1996,13.0,1,0,0,5,7,14,8,0,3,1,0,0,27,4,13,23.5
Nicolás Fernández,ar ARG,DF,Estudiantes–LP,Copa de la Liga,21,2002,2,1,120,1.3,0,0,0,0,0,0,0,0,0.1,0.1,0.0,0.1,3,5,0,0.00,0.00,0.00,0.00,0.00,0.05,0.01,0.06,0.05,0.06,ar ARG,FW,Defensa y Just,Copa de la Liga,27,1996,13.0,5,46,15,32.6,3.55,1.16,0.07,0.20,19.9,2,2,2,5.3,3.7,0.08,-0.3,-0.7,ar ARG,FW,Defensa y Just,Copa de la Liga,27,1996,13.0,141,224,62.9,2307,560,76,109,69.7,52,76,68.4,9,13,69.2,1,1.5,1.2,-0.5,14,15,7,0,27,ar ARG,FW,Defensa y Just,Copa de la Liga,27,1996,13.0,224,189,30,1,1,1,8,5,1,0,0,0,141,5,12,ar ARG,FW,Defensa y Just,Copa de la Liga,27,1996,13.0,38,2.93,24,2,7,2,3,0,4,0.31,1,0,2,0,1,0,ar ARG,FW,Defensa y Just,Copa de la Liga,27,1996,13.0,3,3,0,2,1,1,7,14.3,6,7,0,7,0,3,9,0,ar ARG,FW,Defensa y Just,Copa de la Liga,27,1996,13.0,361,9,18,145,204,55,359,37,17,45.9,18,48.6,207,1116,462,16,10,8,28,13,246,54,ar ARG,FW,Defensa y Just,Copa de la Liga,27,1996,14,"1,166",83,92.5,13.0,14,83,6,0,0,0,1.86,16,13,+3,+0.23,-0.73,14.5,15.9,-1.3,-0.10,-0.87,ar ARG,FW,Defensa y Just,Copa de la Liga,27,1996,13.0,1,0,0,5,7,14,8,0,3,1,0,0,27,4,13,23.5
Rodrigo Fernández,uy URU,MF,Newell's OB,Copa de la Liga,28,1996,11,11,889,9.9,0,0,0,0,0,0,9,1,0.2,0.2,0.7,0.9,24,66,11,0.00,0.00,0.00,0.00,0.00,0.02,0.07,0.09,0.02,0.09,uy URU,MF,Newell's OB,Copa de la Liga,28,1996,9.9,0,5,0,0.0,0.51,0.00,0.00,0,25.7,0,0,0,0.2,0.2,0.05,-0.2,-0.2,uy URU,MF,Newell's OB,Copa de la Liga,28,1996,9.9,405,509,79.6,8440,2456,148,165,89.7,186,216,86.1,69,106,65.1,0,0.7,0.8,-0.7,5,54,11,3,66,uy URU,MF,Newell's OB,Copa de la Liga,28,1996,9.9,509,475,31,28,1,13,7,3,0,0,0,0,405,3,15,uy URU,MF,Newell's OB,Copa de la Liga,28,1996,9.9,14,1.42,9,2,0,1,2,0,0,0.00,0,0,0,0,0,0,uy URU,MF,Newell's OB,Copa de la Liga,28,1996,9.9,33,22,11,19,3,20,44,45.5,24,16,5,11,13,46,18,2,uy URU,MF,Newell's OB,Copa de la Liga,28,1996,9.9,634,30,157,409,82,3,634,18,12,66.7,6,33.3,302,1972,1115,24,16,1,14,11,336,11,uy URU,MF,Newell's OB,Copa de la Liga,28,1996,11,889,81,70.6,9.9,11,81,6,0,0,0,1.36,9,11,-2,-0.20,-0.20,9.8,10.7,-0.9,-0.09,-0.23,uy URU,MF,Newell's OB,Copa de la Liga,28,1996,9.9,9,1,1,23,9,0,7,13,22,0,0,0,93,14,10,58.3
Thiago Fernández,ar ARG,"FW,MF",Vélez Sarsfield,Copa de la Liga,19,2004,9,4,386,4.3,0,1,1,0,0,0,1,0,0.8,0.8,1.3,2.1,19,28,52,0.00,0.23,0.23,0.00,0.23,0.19,0.30,0.48,0.19,0.48,ar ARG,"FW,MF",Vélez Sarsfield,Copa de la Liga,19,2004,4.3,0,9,4,44.4,2.10,0.93,0.00,0.00,16.5,0,0,0,0.8,0.8,0.09,-0.8,-0.8,ar ARG,"FW,MF",Vélez Sarsfield,Copa de la Liga,19,2004,4.3,100,141,70.9,1560,557,55,68,80.9,27,43,62.8,11,16,68.8,1,1.3,0.8,-0.3,10,13,10,0,28,ar ARG,"FW,MF",Vélez Sarsfield,Copa de la Liga,19,2004,4.3,141,136,5,3,2,1,8,1,1,0,0,0,100,0,4,ar ARG,"FW,MF",Vélez Sarsfield,Copa de la Liga,19,2004,4.3,22,5.13,14,0,3,2,3,0,1,0.23,1,0,0,0,0,0,ar ARG,"FW,MF",Vélez Sarsfield,Copa de la Liga,19,2004,4.3,5,1,0,4,1,3,4,75.0,1,0,0,0,0,5,2,0,ar ARG,"FW,MF",Vélez Sarsfield,Copa de la Liga,19,2004,4.3,204,0,16,84,108,21,204,32,18,56.3,12,37.5,156,1285,574,19,13,8,23,8,165,52,ar ARG,"FW,MF",Vélez Sarsfield,Copa de la Liga,19,2004,9,386,43,30.6,4.3,4,64,0,5,26,4,1.92,5,1,+4,+0.93,+1.24,5.4,3.9,+1.6,+0.37,+0.02,ar ARG,"FW,MF",Vélez Sarsfield,Copa de la Liga,19,2004,4.3,1,0,0,3,11,2,8,0,1,0,0,0,21,3,5,37.5
Tomás Fernández,ar ARG,MF,Tigre,Copa de la Liga,20,2004,1,1,45,0.5,0,0,0,0,0,0,1,0,0.0,0.0,0.0,0.0,0,0,0,0.00,0.00,0.00,0.00,0.00,0.00,0.00,0.00,0.00,0.00,ar ARG,MF,Tigre,Copa de la Liga,20,2004,0.5,0,0,0,0,0.00,0.00,0,0,0,0,0,0,0.0,0.0,0,0.0,0.0,ar ARG,MF,Tigre,Copa de la Liga,20,2004,0.5,10,12,83.3,189,74,4,5,80.0,5,6,83.3,1,1,100.0,0,0.0,0.0,0.0,0,1,0,0,0,ar ARG,MF,Tigre,Copa de la Liga,20,2004,0.5,12,11,1,1,0,0,0,0,0,0,0,0,10,0,0,ar ARG,MF,Tigre,Copa de la Liga,20,2004,0.5,0,0.00,0,0,0,0,0,0,0,0.00,0,0,0,0,0,0,ar ARG,MF,Tigre,Copa de la Liga,20,2004,0.5,1,1,1,0,0,0,0,0,0,0,0,0,1,2,0,0,ar ARG,MF,Tigre,Copa de la Liga,20,2004,0.5,17,0,6,11,0,0,17,0,0,0,0,0,5,21,2,0,0,0,1,2,9,0,ar ARG,MF,Tigre,Copa de la Liga,20,2004,1,45,45,3.6,0.5,1,45,0,0,0,6,0.00,0,0,0,0.00,+1.33,0.5,1.0,-0.5,-0.96,-0.23,ar ARG,MF,Tigre,Copa de la Liga,20,2004,0.5,1,0,0,1,1,0,0,1,1,0,0,0,4,0,2,0.0
Gianluca Ferrari,ar ARG,DF,Atlé Tucumán,Copa de la Liga,26,1997,3,3,252,2.8,0,0,0,0,0,0,1,0,0.2,0.2,0.1,0.3,1,3,0,0.00,0.00,0.00,0.00,0.00,0.08,0.02,0.10,0.08,0.10,ar ARG,DF,Atlé Tucumán,Copa de la Liga,26,1997,2.8,0,4,0,0.0,1.43,0.00,0.00,0,10.7,0,0,0,0.2,0.2,0.05,-0.2,-0.2,ar ARG,DF,Atlé Tucumán,Copa de la Liga,26,1997,2.8,56,80,70.0,1221,563,17,18,94.4,28,44,63.6,11,16,68.8,0,0.1,0.0,-0.1,2,3,0,0,3,ar ARG,DF,Atlé Tucumán,Copa de la Liga,26,1997,2.8,80,78,2,2,0,1,0,0,0,0,0,0,56,0,1,ar ARG,DF,Atlé Tucumán,Copa de la Liga,26,1997,2.8,2,0.71,2,0,0,0,0,0,0,0.00,0,0,0,0,0,0,ar ARG,DF,Atlé Tucumán,Copa de la Liga,26,1997,2.8,4,1,3,1,0,4,6,66.7,2,2,0,2,2,6,12,0,ar ARG,DF,Atlé Tucumán,Copa de la Liga,26,1997,2.8,109,13,49,55,5,5,109,1,1,100.0,0,0.0,33,144,83,1,0,0,1,1,40,0,ar ARG,DF,Atlé Tucumán,Copa de la Liga,26,1997,3,252,84,20.0,2.8,3,84,2,0,0,2,0.67,0,2,-2,-0.71,+0.45,4.0,4.6,-0.6,-0.21,-0.09,ar ARG,DF,Atlé Tucumán,Copa de la Liga,26,1997,2.8,1,0,0,3,1,0,0,2,1,0,1,0,10,10,6,62.5
Cristian Ferreira,ar ARG,"FW,MF",San Lorenzo,Copa de la Liga,24,1999,9,9,739,8.2,2,1,3,2,0,0,0,0,1.0,1.0,1.9,2.8,24,37,31,0.24,0.12,0.37,0.24,0.37,0.12,0.23,0.34,0.12,0.34,ar ARG,"FW,MF",San Lorenzo,Copa de la Liga,24,1999,8.2,2,19,6,31.6,2.31,0.73,0.11,0.33,24.7,7,0,0,1.0,1.0,0.05,+1.0,+1.0,ar ARG,"FW,MF",San Lorenzo,Copa de la Liga,24,1999,8.2,285,369,77.2,5404,1578,129,145,89.0,90,99,90.9,52,96,54.2,1,1.9,2.2,-0.9,19,36,6,1,37,ar ARG,"FW,MF",San Lorenzo,Copa de la Liga,24,1999,8.2,369,298,69,31,3,11,61,1,37,18,16,0,285,2,11,ar ARG,"FW,MF",San Lorenzo,Copa de la Liga,24,1999,8.2,44,5.36,12,17,5,3,5,2,4,0.49,1,1,0,0,1,1,ar ARG,"FW,MF",San Lorenzo,Copa de la Liga,24,1999,8.2,6,3,1,3,2,2,2,100.0,0,3,0,3,3,9,3,0,ar ARG,"FW,MF",San Lorenzo,Copa de la Liga,24,1999,8.2,469,2,29,261,187,18,469,40,21,52.5,14,35.0,263,1689,791,24,20,8,28,7,318,31,ar ARG,"FW,MF",San Lorenzo,Copa de la Liga,24,1999,9,739,82,58.7,8.2,9,82,4,0,0,0,1.11,7,9,-2,-0.24,+0.10,7.9,7.6,+0.3,+0.04,0.00,ar ARG,"FW,MF",San Lorenzo,Copa de la Liga,24,1999,8.2,0,0,0,8,17,1,61,3,3,0,0,0,36,1,8,11.1
Facundo Ferreyra,ar ARG,FW,Sarmiento,Copa de la Liga,32,1991,8,3,365,4.1,0,1,1,0,0,0,0,0,0.2,0.2,0.2,0.3,0,5,15,0.00,0.25,0.25,0.00,0.25,0.05,0.04,0.08,0.05,0.08,ar ARG,FW,Sarmiento,Copa de la Liga,32,1991,4.1,0,4,0,0.0,0.99,0.00,0.00,0,12.6,0,0,0,0.2,0.2,0.05,-0.2,-0.2,ar ARG,FW,Sarmiento,Copa de la Liga,32,1991,4.1,40,75,53.3,600,151,21,40,52.5,16,29,55.2,1,1,100.0,1,0.2,0.1,+0.8,1,0,2,0,5,ar ARG,FW,Sarmiento,Copa de la Liga,32,1991,4.1,75,66,9,0,0,0,1,1,0,0,0,0,40,0,2,ar ARG,FW,Sarmiento,Copa de la Liga,32,1991,4.1,4,0.99,3,0,0,0,1,0,1,0.25,1,0,0,0,0,0,ar ARG,FW,Sarmiento,Copa de la Liga,32,1991,4.1,2,0,1,0,1,2,3,66.7,1,4,1,3,0,2,2,0,ar ARG,FW,Sarmiento,Copa de la Liga,32,1991,4.1,103,5,7,43,53,12,103,1,0,0.0,1,100.0,44,97,20,0,1,0,6,2,69,15,ar ARG,FW,Sarmiento,Copa de la Liga,32,1991,8,365,46,29.0,4.1,3,72,0,5,30,4,0.63,3,7,-4,-0.99,-0.38,2.2,5.9,-3.7,-0.92,-0.61,ar ARG,FW,Sarmiento,Copa de la Liga,32,1991,4.1,0,0,0,6,3,4,1,0,0,0,0,0,3,14,24,36.8
Luciano Ferreyra,ar ARG,"MF,FW",Platense,Copa de la Liga,21,2002,10,7,611,6.8,0,0,0,0,0,0,0,0,1.2,1.2,1.1,2.3,31,22,46,0.00,0.00,0.00,0.00,0.00,0.18,0.16,0.34,0.18,0.34,ar ARG,"MF,FW",Platense,Copa de la Liga,21,2002,6.8,0,11,5,45.5,1.62,0.74,0.00,0.00,22.2,2,0,0,1.2,1.2,0.11,-1.2,-1.2,ar ARG,"MF,FW",Platense,Copa de la Liga,21,2002,6.8,112,197,56.9,2077,735,57,83,68.7,33,64,51.6,20,37,54.1,0,1.1,1.1,-1.1,12,16,5,4,22,ar ARG,"MF,FW",Platense,Copa de la Liga,21,2002,6.8,197,177,19,9,0,3,32,2,8,1,6,0,112,1,6,ar ARG,"MF,FW",Platense,Copa de la Liga,21,2002,6.8,29,4.27,17,6,0,2,4,0,1,0.15,1,0,0,0,0,0,ar ARG,"MF,FW",Platense,Copa de la Liga,21,2002,6.8,4,1,2,0,2,2,11,18.2,9,4,0,4,0,4,0,0,ar ARG,"MF,FW",Platense,Copa de la Liga,21,2002,6.8,274,0,27,111,140,18,274,25,9,36.0,13,52.0,166,1390,841,31,27,7,24,13,183,46,ar ARG,"MF,FW",Platense,Copa de la Liga,21,2002,10,611,61,48.5,6.8,7,75,3,3,29,3,1.10,3,8,-5,-0.74,-0.88,7.4,6.4,+1.0,+0.15,+0.34,ar ARG,"MF,FW",Platense,Copa de la Liga,21,2002,6.8,0,0,0,2,10,4,32,0,1,0,0,0,35,0,1,0.0
Héctor Fértoli,ar ARG,"MF,FW",Huracán,Copa de la Liga,29,1994,14,13,"1,013",11.3,0,1,1,0,0,0,3,0,0.6,0.6,1.8,2.4,25,35,70,0.00,0.09,0.09,0.00,0.09,0.05,0.16,0.21,0.05,0.21,ar ARG,"MF,FW",Huracán,Copa de la Liga,29,1994,11.3,0,12,1,8.3,1.07,0.09,0.00,0.00,22.4,0,0,0,0.6,0.6,0.05,-0.6,-0.6,ar ARG,"MF,FW",Huracán,Copa de la Liga,29,1994,11.3,362,499,72.5,6084,1675,195,228,85.5,109,145,75.2,46,93,49.5,1,1.8,1.9,-0.8,31,26,16,8,35,ar ARG,"MF,FW",Huracán,Copa de la Liga,29,1994,11.3,499,439,58,16,0,5,71,9,30,2,23,0,362,2,14,ar ARG,"MF,FW",Huracán,Copa de la Liga,29,1994,11.3,55,4.90,35,15,3,0,2,0,6,0.53,6,0,0,0,0,0,ar ARG,"MF,FW",Huracán,Copa de la Liga,29,1994,11.3,13,7,7,5,1,7,18,38.9,11,11,1,10,8,21,6,0,ar ARG,"MF,FW",Huracán,Copa de la Liga,29,1994,11.3,640,7,80,314,256,22,640,47,25,53.2,19,40.4,366,2170,982,25,24,5,40,21,432,70,ar ARG,"MF,FW",Huracán,Copa de la Liga,29,1994,14,"1,013",72,80.4,11.3,13,76,1,1,19,0,1.14,12,8,+4,+0.36,+1.81,10.8,12.1,-1.4,-0.12,+0.73,ar ARG,"MF,FW",Huracán,Copa de la Liga,29,1994,11.3,3,0,0,12,27,3,71,8,7,0,0,0,71,8,10,44.4
Cristopher Fiermarin,uy URU,GK,Defensa y Just,Copa de la Liga,26,1998,13,13,"1,170",13.0,0,0,0,0,0,0,1,0,0.0,0.0,0.0,0.0,0,0,0,0.00,0.00,0.00,0.00,0.00,0.00,0.00,0.00,0.00,0.00,uy URU,GK,Defensa y Just,Copa de la Liga,26,1998,13.0,0,0,0,0,0.00,0.00,0,0,0,0,0,0,0.0,0.0,0,0.0,0.0,uy URU,GK,Defensa y Just,Copa de la Liga,26,1998,13.0,368,474,77.6,11132,8190,46,48,95.8,170,171,99.4,151,250,60.4,0,0.0,0.0,0.0,0,13,0,0,0,uy URU,GK,Defensa y Just,Copa de la Liga,26,1998,13.0,474,307,163,29,0,1,0,0,0,0,0,0,368,4,0,uy URU,GK,Defensa y Just,Copa de la Liga,26,1998,13.0,5,0.38,2,3,0,0,0,0,1,0.08,0,1,0,0,0,0,uy URU,GK,Defensa y Just,Copa de la Liga,26,1998,13.0,0,0,0,0,0,0,1,0.0,1,1,0,1,0,0,3,1,uy URU,GK,Defensa y Just,Copa de la Liga,26,1998,13.0,503,450,503,0,0,0,503,1,1,100.0,0,0.0,260,1266,780,0,0,0,1,0,186,0,uy URU,GK,Defensa y Just,Copa de la Liga,26,1998,13,"1,170",90,92.9,13.0,13,90,13,0,0,1,1.93,17,11,+6,+0.46,+2.46,16.1,15.3,+0.8,+0.06,+1.44,uy URU,GK,Defensa y Just,Copa de la Liga,26,1998,13.0,1,0,0,0,4,0,0,0,0,0,0,0,15,2,0,100.0
Jorge Figal,ar ARG,DF,Boca Juniors,Copa de la Liga,29,1994,9,8,732,8.1,0,0,0,0,0,0,3,0,0.3,0.3,0.0,0.3,1,19,0,0.00,0.00,0.00,0.00,0.00,0.04,0.00,0.04,0.04,0.04,ar ARG,DF,Boca Juniors,Copa de la Liga,29,1994,8.1,0,4,1,25.0,0.49,0.12,0.00,0.00,24.1,0,0,0,0.3,0.3,0.07,-0.3,-0.3,ar ARG,DF,Boca Juniors,Copa de la Liga,29,1994,8.1,329,384,85.7,6538,2705,114,122,93.4,155,166,93.4,51,79,64.6,0,0.0,0.0,0.0,0,11,0,0,19,ar ARG,DF,Boca Juniors,Copa de la Liga,29,1994,8.1,384,356,27,13,1,4,0,1,0,0,0,0,329,1,4,ar ARG,DF,Boca Juniors,Copa de la Liga,29,1994,8.1,5,0.61,4,0,0,1,0,0,0,0.00,0,0,0,0,0,0,ar ARG,DF,Boca Juniors,Copa de la Liga,29,1994,8.1,14,7,10,4,0,6,10,60.0,4,6,4,2,7,21,25,0,ar ARG,DF,Boca Juniors,Copa de la Liga,29,1994,8.1,449,58,265,177,9,2,449,6,3,50.0,3,50.0,250,1551,847,1,2,0,1,5,275,0,ar ARG,DF,Boca Juniors,Copa de la Liga,29,1994,9,732,81,58.1,8.1,8,90,8,1,12,3,1.82,10,6,+4,+0.49,-0.19,13.3,5.9,+7.4,+0.91,+0.67,ar ARG,DF,Boca Juniors,Copa de la Liga,29,1994,8.1,3,0,0,6,4,0,0,7,7,0,0,0,43,15,8,65.2
Jose Florentín,py PAR,MF,Vélez Sarsfield,Copa de la Liga,27,1996,3,3,217,2.4,0,0,0,0,0,0,1,0,1.0,1.0,0.3,1.3,3,11,4,0.00,0.00,0.00,0.00,0.00,0.41,0.12,0.53,0.41,0.53,py PAR,MF,Vélez Sarsfield,Copa de la Liga,27,1996,2.4,0,4,3,75.0,1.66,1.24,0.00,0.00,9.1,0,0,0,1.0,1.0,0.28,-1.0,-1.0,py PAR,MF,Vélez Sarsfield,Copa de la Liga,27,1996,2.4,70,96,72.9,863,274,45,55,81.8,20,28,71.4,1,3,33.3,0,0.3,0.0,-0.3,2,8,2,0,11,py PAR,MF,Vélez Sarsfield,Copa de la Liga,27,1996,2.4,96,91,3,2,0,0,0,1,0,0,0,0,70,2,2,py PAR,MF,Vélez Sarsfield,Copa de la Liga,27,1996,2.4,3,1.24,2,0,0,1,0,0,0,0.00,0,0,0,0,0,0,py PAR,MF,Vélez Sarsfield,Copa de la Liga,27,1996,2.4,3,1,0,3,0,2,7,28.6,5,9,1,8,3,6,6,0,py PAR,MF,Vélez Sarsfield,Copa de la Liga,27,1996,2.4,130,6,29,81,20,6,130,1,0,0.0,1,100.0,64,298,155,3,2,0,3,3,76,4,py PAR,MF,Vélez Sarsfield,Copa de la Liga,27,1996,3,217,72,17.2,2.4,3,72,1,0,0,5,0.33,1,7,-6,-2.49,-3.09,2.2,3.6,-1.4,-0.59,-1.14,py PAR,MF,Vélez Sarsfield,Copa de la Liga,27,1996,2.4,1,0,0,7,3,0,0,3,1,0,0,0,14,2,1,66.7
Francisco Flores,ar ARG,DF,Atlé Tucumán,Copa de la Liga,22,2002,12,11,"1,003",11.1,0,0,0,0,0,0,1,0,0.3,0.3,0.6,0.9,3,21,2,0.00,0.00,0.00,0.00,0.00,0.03,0.05,0.08,0.03,0.08,ar ARG,DF,Atlé Tucumán,Copa de la Liga,22,2002,11.1,0,3,1,33.3,0.27,0.09,0.00,0.00,10.9,0,0,0,0.3,0.3,0.10,-0.3,-0.3,ar ARG,DF,Atlé Tucumán,Copa de la Liga,22,2002,11.1,287,380,75.5,5932,2882,111,127,87.4,130,158,82.3,42,80,52.5,0,0.6,0.1,-0.6,4,17,1,0,21,ar ARG,DF,Atlé Tucumán,Copa de la Liga,22,2002,11.1,380,349,28,16,0,2,1,12,0,0,0,0,287,3,5,ar ARG,DF,Atlé Tucumán,Copa de la Liga,22,2002,11.1,10,0.90,8,0,0,2,0,0,1,0.09,0,0,0,1,0,0,ar ARG,DF,Atlé Tucumán,Copa de la Liga,22,2002,11.1,13,12,8,4,1,11,16,68.8,5,10,5,5,12,25,43,0,ar ARG,DF,Atlé Tucumán,Copa de la Liga,22,2002,11.1,476,65,265,200,13,8,476,1,1,100.0,0,0.0,214,836,499,3,1,0,5,1,235,2,ar ARG,DF,Atlé Tucumán,Copa de la Liga,22,2002,12,"1,003",84,79.6,11.1,11,89,10,1,28,2,0.75,8,21,-13,-1.17,-0.47,12.7,14.5,-1.8,-0.16,-0.13,ar ARG,DF,Atlé Tucumán,Copa de la Liga,22,2002,11.1,1,0,0,5,2,0,1,12,12,0,0,0,49,16,27,37.2
Gonzalo Flores,ar ARG,FW,Tigre,Copa de la Liga,21,2002,9,9,599,6.7,1,1,2,1,0,0,0,0,0.5,0.5,0.3,0.7,4,8,21,0.15,0.15,0.30,0.15,0.30,0.07,0.04,0.11,0.07,0.11,ar ARG,FW,Tigre,Copa de la Liga,21,2002,6.7,1,7,2,28.6,1.05,0.30,0.14,0.50,19.1,0,0,0,0.5,0.5,0.07,+0.5,+0.5,ar ARG,FW,Tigre,Copa de la Liga,21,2002,6.7,110,145,75.9,1350,124,76,91,83.5,20,27,74.1,4,5,80.0,1,0.3,0.2,+0.7,6,5,3,0,8,ar ARG,FW,Tigre,Copa de la Liga,21,2002,6.7,145,125,20,0,0,1,4,1,0,0,0,0,110,0,3,ar ARG,FW,Tigre,Copa de la Liga,21,2002,6.7,10,1.51,8,0,0,1,1,0,1,0.15,1,0,0,0,0,0,ar ARG,FW,Tigre,Copa de la Liga,21,2002,6.7,8,7,0,3,5,2,6,33.3,4,11,1,10,1,9,2,0,ar ARG,FW,Tigre,Copa de la Liga,21,2002,6.7,214,3,10,114,91,12,214,10,3,30.0,5,50.0,105,390,122,4,4,1,15,16,145,21,ar ARG,FW,Tigre,Copa de la Liga,21,2002,9,599,67,47.5,6.7,9,67,1,0,0,3,0.44,7,15,-8,-1.20,+0.16,6.0,11.4,-5.4,-0.82,-0.17,ar ARG,FW,Tigre,Copa de la Liga,21,2002,6.7,0,0,0,5,16,2,4,1,7,0,0,0,11,11,25,30.6
Santiago Flores,ar ARG,DF,Estudiantes–LP,Copa de la Liga,22,2001,7,5,445,4.9,0,0,0,0,0,0,2,0,0.3,0.3,0.0,0.3,2,11,0,0.00,0.00,0.00,0.00,0.00,0.05,0.00,0.05,0.05,0.05,ar ARG,DF,Estudiantes–LP,Copa de la Liga,22,2001,4.9,0,3,0,0.0,0.61,0.00,0.00,0,18.9,0,0,0,0.3,0.3,0.09,-0.3,-0.3,ar ARG,DF,Estudiantes–LP,Copa de la Liga,22,2001,4.9,164,210,78.1,3041,1266,69,77,89.6,78,89,87.6,16,40,40.0,0,0.0,0.1,0.0,0,8,1,0,11,ar ARG,DF,Estudiantes–LP,Copa de la Liga,22,2001,4.9,210,203,7,6,0,2,0,1,0,0,0,0,164,0,1,ar ARG,DF,Estudiantes–LP,Copa de la Liga,22,2001,4.9,1,0.20,0,0,0,1,0,0,0,0.00,0,0,0,0,0,0,ar ARG,DF,Estudiantes–LP,Copa de la Liga,22,2001,4.9,14,9,12,2,0,4,6,66.7,2,9,5,4,4,18,24,0,ar ARG,DF,Estudiantes–LP,Copa de la Liga,22,2001,4.9,273,34,143,127,6,2,273,3,2,66.7,1,33.3,119,566,368,2,1,0,4,0,150,0,ar ARG,DF,Estudiantes–LP,Copa de la Liga,22,2001,7,445,64,35.3,4.9,5,81,4,2,20,7,2.00,5,5,0,0.00,-1.10,3.0,4.1,-1.1,-0.23,-1.27,ar ARG,DF,Estudiantes–LP,Copa de la Liga,22,2001,4.9,2,0,0,5,3,0,0,4,9,0,0,0,20,9,18,33.3
Nicolas Fonseca,uy URU,MF,River Plate,Copa de la Liga,25,1998,11,8,735,8.2,0,0,0,0,0,0,5,0,0.1,0.1,0.8,0.8,5,83,6,0.00,0.00,0.00,0.00,0.00,0.01,0.09,0.10,0.01,0.10,uy URU,MF,River Plate,Copa de la Liga,25,1998,8.2,0,3,0,0.0,0.37,0.00,0.00,0,32.9,0,0,0,0.1,0.1,0.02,-0.1,-0.1,uy URU,MF,River Plate,Copa de la Liga,25,1998,8.2,448,526,85.2,8526,3094,186,204,91.2,195,224,87.1,60,81,74.1,0,0.8,0.9,-0.8,6,64,7,0,83,uy URU,MF,River Plate,Copa de la Liga,25,1998,8.2,526,511,15,13,3,6,1,2,0,0,0,0,448,0,5,uy URU,MF,River Plate,Copa de la Liga,25,1998,8.2,18,2.21,17,1,0,0,0,0,1,0.12,1,0,0,0,0,0,uy URU,MF,River Plate,Copa de la Liga,25,1998,8.2,25,16,7,18,0,12,30,40.0,18,7,1,6,17,42,8,0,uy URU,MF,River Plate,Copa de la Liga,25,1998,8.2,606,11,120,437,52,0,606,8,4,50.0,2,25.0,326,1365,582,5,6,0,7,8,416,6,uy URU,MF,River Plate,Copa de la Liga,25,1998,11,735,67,58.3,8.2,8,83,6,3,23,2,1.83,15,4,+11,+1.35,+0.49,16.9,7.2,+9.7,+1.20,+0.54,uy URU,MF,River Plate,Copa de la Liga,25,1998,8.2,5,0,0,18,10,0,1,17,16,0,0,0,61,7,8,46.7
Agustín Fontana,ar ARG,FW,Sarmiento,Copa de la Liga,27,1996,8,2,274,3.0,0,0,0,0,0,0,0,0,0.5,0.5,0.0,0.6,0,1,11,0.00,0.00,0.00,0.00,0.00,0.17,0.01,0.18,0.17,0.18,ar ARG,FW,Sarmiento,Copa de la Liga,27,1996,3.0,0,5,2,40.0,1.64,0.66,0.00,0.00,10.8,0,0,0,0.5,0.5,0.11,-0.5,-0.5,ar ARG,FW,Sarmiento,Copa de la Liga,27,1996,3.0,40,55,72.7,468,66,27,31,87.1,10,13,76.9,1,4,25.0,0,0.0,0.1,0.0,1,4,1,1,1,ar ARG,FW,Sarmiento,Copa de la Liga,27,1996,3.0,55,52,3,0,0,0,3,0,0,0,0,0,40,0,3,ar ARG,FW,Sarmiento,Copa de la Liga,27,1996,3.0,3,0.98,2,0,0,0,1,0,0,0.00,0,0,0,0,0,0,ar ARG,FW,Sarmiento,Copa de la Liga,27,1996,3.0,0,0,0,0,0,0,3,0.0,3,1,0,1,0,0,1,0,ar ARG,FW,Sarmiento,Copa de la Liga,27,1996,3.0,74,1,2,39,33,8,74,2,1,50.0,1,50.0,45,190,19,0,0,0,5,5,62,11,ar ARG,FW,Sarmiento,Copa de la Liga,27,1996,8,274,34,21.7,3.0,2,67,0,6,24,4,0.38,0,8,-8,-2.63,-2.45,1.1,4.2,-3.1,-1.02,-0.69,ar ARG,FW,Sarmiento,Copa de la Liga,27,1996,3.0,0,0,0,3,3,1,3,0,0,0,0,0,5,3,7,30.0
Ezequiel Forclaz,ar ARG,"FW,MF",Tigre,Copa de la Liga,20,2003,14,8,754,8.4,2,1,3,2,0,0,4,0,1.0,1.0,0.6,1.7,13,31,39,0.24,0.12,0.36,0.24,0.36,0.12,0.08,0.20,0.12,0.20,ar ARG,"FW,MF",Tigre,Copa de la Liga,20,2003,8.4,2,15,6,40.0,1.79,0.72,0.13,0.33,23.8,0,0,0,1.0,1.0,0.07,+1.0,+1.0,ar ARG,"FW,MF",Tigre,Copa de la Liga,20,2003,8.4,227,315,72.1,2990,995,146,170,85.9,55,76,72.4,10,24,41.7,1,0.6,0.6,+0.4,13,21,6,0,31,ar ARG,"FW,MF",Tigre,Copa de la Liga,20,2003,8.4,315,282,31,11,3,2,11,12,5,1,4,0,227,2,21,ar ARG,"FW,MF",Tigre,Copa de la Liga,20,2003,8.4,30,3.58,20,2,4,0,3,1,2,0.24,1,0,1,0,0,0,ar ARG,"FW,MF",Tigre,Copa de la Liga,20,2003,8.4,21,16,7,11,3,8,22,36.4,14,11,1,10,3,24,6,0,ar ARG,"FW,MF",Tigre,Copa de la Liga,20,2003,8.4,454,6,54,247,165,17,454,57,35,61.4,22,38.6,264,1314,580,13,16,6,23,39,308,39,ar ARG,"FW,MF",Tigre,Copa de la Liga,20,2003,14,754,54,59.8,8.4,8,71,1,6,31,0,0.36,7,16,-9,-1.07,+0.53,6.1,13.3,-7.3,-0.87,-0.34,ar ARG,"FW,MF",Tigre,Copa de la Liga,20,2003,8.4,4,0,0,18,18,1,11,3,16,0,0,0,51,2,5,28.6
Juan Franco Arrellaga,py PAR,DF,Instituto,Copa de la Liga,31,1992,12,12,993,11.0,1,0,1,1,0,0,5,0,1.2,1.2,0.5,1.7,12,30,37,0.09,0.00,0.09,0.09,0.09,0.11,0.05,0.15,0.11,0.15,py PAR,DF,Instituto,Copa de la Liga,31,1992,11.0,1,12,1,8.3,1.09,0.09,0.08,1.00,19.7,0,0,0,1.2,1.2,0.10,-0.2,-0.2,py PAR,DF,Instituto,Copa de la Liga,31,1992,11.0,218,358,60.9,4027,2230,100,117,85.5,74,140,52.9,37,76,48.7,0,0.5,0.7,-0.5,6,20,9,3,30,py PAR,DF,Instituto,Copa de la Liga,31,1992,11.0,358,234,122,4,0,1,25,118,0,0,0,0,218,2,11,py PAR,DF,Instituto,Copa de la Liga,31,1992,11.0,14,1.27,9,5,0,0,0,0,1,0.09,0,1,0,0,0,0,py PAR,DF,Instituto,Copa de la Liga,31,1992,11.0,34,26,18,11,5,20,29,69.0,9,6,1,5,7,41,32,0,py PAR,DF,Instituto,Copa de la Liga,31,1992,11.0,494,24,140,187,171,14,494,23,4,17.4,17,73.9,168,901,408,12,11,3,14,6,182,37,py PAR,DF,Instituto,Copa de la Liga,31,1992,12,993,83,78.8,11.0,12,83,9,0,0,2,1.17,14,15,-1,-0.09,-0.76,17.1,10.6,+6.5,+0.59,+0.22,py PAR,DF,Instituto,Copa de la Liga,31,1992,11.0,5,0,0,18,10,0,25,7,26,0,0,0,46,7,6,53.8
Franco Pardo,ar ARG,DF,Unión,Copa de la Liga,26,1997,11,9,832,9.2,2,0,2,2,0,0,1,0,0.4,0.4,0.0,0.4,8,34,1,0.22,0.00,0.22,0.22,0.22,0.04,0.00,0.04,0.04,0.04,ar ARG,DF,Unión,Copa de la Liga,26,1997,9.2,2,6,4,66.7,0.65,0.43,0.33,0.50,10.5,0,0,0,0.4,0.4,0.07,+1.6,+1.6,ar ARG,DF,Unión,Copa de la Liga,26,1997,9.2,315,446,70.6,7741,3381,48,81,59.3,184,224,82.1,82,132,62.1,0,0.0,0.1,0.0,0,28,0,0,34,ar ARG,DF,Unión,Copa de la Liga,26,1997,9.2,446,402,43,22,0,6,2,17,0,0,0,0,315,1,2,ar ARG,DF,Unión,Copa de la Liga,26,1997,9.2,6,0.65,4,0,1,1,0,0,1,0.11,0,0,1,0,0,0,ar ARG,DF,Unión,Copa de la Liga,26,1997,9.2,14,8,10,3,1,8,19,42.1,11,11,3,8,16,30,42,0,ar ARG,DF,Unión,Copa de la Liga,26,1997,9.2,549,67,276,260,21,14,549,5,2,40.0,1,20.0,213,1056,538,8,4,0,3,1,268,1,ar ARG,DF,Unión,Copa de la Liga,26,1997,11,832,76,66.0,9.2,9,89,8,2,17,3,1.64,15,12,+3,+0.32,+0.53,10.4,10.2,+0.2,+0.02,+0.23,ar ARG,DF,Unión,Copa de la Liga,26,1997,9.2,1,0,0,7,11,0,2,16,8,0,0,0,47,39,10,79.6
Ramiro Funes Mori,ar ARG,DF,River Plate,Copa de la Liga,32,1991,4,1,160,1.8,0,0,0,0,0,0,0,0,0.0,0.0,0.5,0.5,1,6,0,0.00,0.00,0.00,0.00,0.00,0.00,0.25,0.25,0.00,0.25,ar ARG,DF,River Plate,Copa de la Liga,32,1991,1.8,0,0,0,0,0.00,0.00,0,0,0,0,0,0,0.0,0.0,0,0.0,0.0,ar ARG,DF,River Plate,Copa de la Liga,32,1991,1.8,105,127,82.7,2147,727,26,28,92.9,70,81,86.4,9,17,52.9,0,0.5,0.3,-0.5,1,4,0,0,6,ar ARG,DF,River Plate,Copa de la Liga,32,1991,1.8,127,124,3,3,0,1,0,0,0,0,0,0,105,0,0,ar ARG,DF,River Plate,Copa de la Liga,32,1991,1.8,2,1.12,2,0,0,0,0,0,0,0.00,0,0,0,0,0,0,ar ARG,DF,River Plate,Copa de la Liga,32,1991,1.8,1,0,1,0,0,1,1,100.0,0,2,2,0,1,2,9,0,ar ARG,DF,River Plate,Copa de la Liga,32,1991,1.8,148,23,73,72,3,1,148,0,0,0,0,0,100,532,360,1,0,0,0,0,99,0,ar ARG,DF,River Plate,Copa de la Liga,32,1991,4,160,40,12.7,1.8,1,90,1,3,23,3,2.50,0,0,0,0.00,-1.31,4.0,2.4,+1.6,+0.89,-0.10,ar ARG,DF,River Plate,Copa de la Liga,32,1991,1.8,0,0,0,1,1,0,0,1,0,0,0,0,9,5,2,71.4
Matías Galarza,py PAR,MF,Talleres,Copa de la Liga,21,2002,8,4,341,3.8,1,0,1,1,0,0,2,0,0.6,0.6,0.1,0.7,9,27,19,0.26,0.00,0.26,0.26,0.26,0.15,0.03,0.17,0.15,0.17,py PAR,MF,Talleres,Copa de la Liga,21,2002,3.8,1,10,2,20.0,2.64,0.53,0.10,0.50,24.6,0,0,0,0.6,0.6,0.06,+0.4,+0.4,py PAR,MF,Talleres,Copa de la Liga,21,2002,3.8,125,155,80.6,2156,729,53,59,89.8,55,62,88.7,14,27,51.9,0,0.1,0.1,-0.1,3,14,3,0,27,py PAR,MF,Talleres,Copa de la Liga,21,2002,3.8,155,148,7,2,0,4,6,5,0,0,0,0,125,0,2,py PAR,MF,Talleres,Copa de la Liga,21,2002,3.8,16,4.24,12,0,0,1,3,0,0,0.00,0,0,0,0,0,0,py PAR,MF,Talleres,Copa de la Liga,21,2002,3.8,11,7,5,5,1,6,12,50.0,6,2,0,2,2,13,6,0,py PAR,MF,Talleres,Copa de la Liga,21,2002,3.8,209,10,39,116,57,5,209,21,13,61.9,6,28.6,104,645,266,9,7,1,6,2,133,19,py PAR,MF,Talleres,Copa de la Liga,21,2002,8,341,43,27.1,3.8,4,72,1,4,14,6,1.88,4,2,+2,+0.53,-0.06,5.0,3.2,+1.9,+0.49,+0.05,py PAR,MF,Talleres,Copa de la Liga,21,2002,3.8,2,0,0,6,8,0,6,2,7,0,0,0,19,3,6,33.3
Thomas Galdames,cl CHI,DF,Godoy Cruz,Copa de la Liga,25,1998,10,8,778,8.6,0,0,0,0,0,0,4,0,0.3,0.3,0.8,1.0,9,44,30,0.00,0.00,0.00,0.00,0.00,0.03,0.09,0.12,0.03,0.12,cl CHI,DF,Godoy Cruz,Copa de la Liga,25,1998,8.6,0,10,2,20.0,1.16,0.23,0.00,0.00,29.7,1,0,0,0.3,0.3,0.03,-0.3,-0.3,cl CHI,DF,Godoy Cruz,Copa de la Liga,25,1998,8.6,299,411,72.7,6040,2761,118,136,86.8,131,163,80.4,46,84,54.8,0,0.8,0.8,-0.8,17,37,13,4,44,cl CHI,DF,Godoy Cruz,Copa de la Liga,25,1998,8.6,411,325,85,12,0,6,33,69,4,1,3,0,299,1,15,cl CHI,DF,Godoy Cruz,Copa de la Liga,25,1998,8.6,29,3.35,22,4,0,2,1,0,2,0.23,1,0,0,1,0,0,cl CHI,DF,Godoy Cruz,Copa de la Liga,25,1998,8.6,15,8,7,8,0,9,16,56.3,7,10,2,8,9,24,19,1,cl CHI,DF,Godoy Cruz,Copa de la Liga,25,1998,8.6,495,25,138,224,140,5,495,8,3,37.5,3,37.5,212,903,525,9,14,1,9,4,247,30,cl CHI,DF,Godoy Cruz,Copa de la Liga,25,1998,10,778,78,61.7,8.6,8,90,8,2,29,0,2.36,12,2,+10,+1.16,+1.16,11.4,6.2,+5.2,+0.61,+0.75,cl CHI,DF,Godoy Cruz,Copa de la Liga,25,1998,8.6,4,0,0,7,7,0,33,9,8,0,0,0,29,14,13,51.9
Hernán Galíndez,ec ECU,GK,Huracán,Copa de la Liga,36,1987,14,14,"1,260",14.0,0,0,0,0,0,0,0,0,0.0,0.0,0.1,0.1,0,0,0,0.00,0.00,0.00,0.00,0.00,0.00,0.00,0.00,0.00,0.00,ec ECU,GK,Huracán,Copa de la Liga,36,1987,14.0,0,0,0,0,0.00,0.00,0,0,0,0,0,0,0.0,0.0,0,0.0,0.0,ec ECU,GK,Huracán,Copa de la Liga,36,1987,14.0,291,441,66.0,9764,7632,22,22,100.0,160,163,98.2,109,255,42.7,0,0.1,0.1,-0.1,1,12,0,0,0,ec ECU,GK,Huracán,Copa de la Liga,36,1987,14.0,441,261,179,51,0,1,0,0,0,0,0,0,291,1,0,ec ECU,GK,Huracán,Copa de la Liga,36,1987,14.0,3,0.21,2,1,0,0,0,0,0,0.00,0,0,0,0,0,0,ec ECU,GK,Huracán,Copa de la Liga,36,1987,14.0,0,0,0,0,0,0,0,0,0,0,0,0,0,0,1,0,ec ECU,GK,Huracán,Copa de la Liga,36,1987,14.0,465,351,465,0,0,0,465,0,0,0,0,0,211,1266,844,0,0,0,0,0,160,0,ec ECU,GK,Huracán,Copa de la Liga,36,1987,14,"1,260",90,100.0,14.0,14,90,14,0,0,0,1.14,12,12,0,0.00,0,13.5,17.2,-3.7,-0.27,0,ec ECU,GK,Huracán,Copa de la Liga,36,1987,14.0,0,0,0,0,1,0,0,0,0,0,0,0,7,5,1,83.3
David Gallardo,ar ARG,"FW,MF",Sarmiento,Copa de la Liga,26,1997,7,1,263,2.9,0,0,0,0,0,0,1,0,0.2,0.2,0.0,0.2,10,5,18,0.00,0.00,0.00,0.00,0.00,0.07,0.00,0.07,0.07,0.07,ar ARG,"FW,MF",Sarmiento,Copa de la Liga,26,1997,2.9,0,6,0,0.0,2.05,0.00,0.00,0,23.6,0,0,0,0.2,0.2,0.03,-0.2,-0.2,ar ARG,"FW,MF",Sarmiento,Copa de la Liga,26,1997,2.9,41,64,64.1,598,256,23,31,74.2,15,24,62.5,2,4,50.0,0,0.0,0.1,0.0,0,7,0,0,5,ar ARG,"FW,MF",Sarmiento,Copa de la Liga,26,1997,2.9,64,61,3,0,0,0,7,1,2,0,2,0,41,0,4,ar ARG,"FW,MF",Sarmiento,Copa de la Liga,26,1997,2.9,5,1.71,2,0,2,1,0,0,0,0.00,0,0,0,0,0,0,ar ARG,"FW,MF",Sarmiento,Copa de la Liga,26,1997,2.9,7,5,3,4,0,3,3,100.0,0,6,1,5,2,9,3,0,ar ARG,"FW,MF",Sarmiento,Copa de la Liga,26,1997,2.9,121,6,24,55,47,2,121,20,10,50.0,10,50.0,59,542,298,10,7,0,7,5,61,18,ar ARG,"FW,MF",Sarmiento,Copa de la Liga,26,1997,7,263,38,20.9,2.9,1,68,0,6,33,6,0.29,1,4,-3,-1.03,-0.39,1.4,3.7,-2.3,-0.80,-0.40,ar ARG,"FW,MF",Sarmiento,Copa de la Liga,26,1997,2.9,1,0,0,2,4,0,7,2,5,0,0,0,19,2,4,33.3
Nahuel Gallardo,ar ARG,DF,Sarmiento,Copa de la Liga,25,1998,2,0,59,0.7,0,0,0,0,0,0,0,0,0.1,0.1,0.0,0.1,2,4,4,0.00,0.00,0.00,0.00,0.00,0.20,0.00,0.20,0.20,0.20,ar ARG,DF,Sarmiento,Copa de la Liga,25,1998,0.7,0,2,0,0.0,3.05,0.00,0.00,0,17.1,0,0,0,0.1,0.1,0.06,-0.1,-0.1,ar ARG,DF,Sarmiento,Copa de la Liga,25,1998,0.7,20,30,66.7,308,146,10,13,76.9,9,11,81.8,1,5,20.0,0,0.0,0.0,0.0,0,1,1,0,4,ar ARG,DF,Sarmiento,Copa de la Liga,25,1998,0.7,30,24,6,0,0,1,1,6,0,0,0,0,20,0,0,ar ARG,DF,Sarmiento,Copa de la Liga,25,1998,0.7,0,0.00,0,0,0,0,0,0,0,0.00,0,0,0,0,0,0,ar ARG,DF,Sarmiento,Copa de la Liga,25,1998,0.7,2,2,1,1,0,2,2,100.0,0,0,0,0,3,5,1,0,ar ARG,DF,Sarmiento,Copa de la Liga,25,1998,0.7,40,1,7,18,15,3,40,1,0,0.0,1,100.0,17,85,66,2,2,0,0,0,17,4,ar ARG,DF,Sarmiento,Copa de la Liga,25,1998,2,59,30,4.7,0.7,0,0,0,2,30,12,0.00,0,2,-2,-3.05,-2.45,0.5,1.1,-0.6,-0.95,-0.49,ar ARG,DF,Sarmiento,Copa de la Liga,25,1998,0.7,0,0,0,0,1,1,1,3,2,0,0,0,2,0,0,0
Baltasar Gallego,ar ARG,MF,Racing Club,Copa de la Liga,20,2003,6,1,124,1.4,1,0,1,1,0,0,1,0,0.5,0.5,0.0,0.5,4,7,8,0.73,0.00,0.73,0.73,0.73,0.35,0.02,0.37,0.35,0.37,ar ARG,MF,Racing Club,Copa de la Liga,20,2003,1.4,1,3,2,66.7,2.18,1.45,0.33,0.50,20.7,0,0,0,0.5,0.5,0.16,+0.5,+0.5,ar ARG,MF,Racing Club,Copa de la Liga,20,2003,1.4,46,57,80.7,808,219,23,24,95.8,16,17,94.1,6,9,66.7,0,0.0,0.1,0.0,2,3,1,0,7,ar ARG,MF,Racing Club,Copa de la Liga,20,2003,1.4,57,46,9,0,0,1,3,2,6,0,2,0,46,2,2,ar ARG,MF,Racing Club,Copa de la Liga,20,2003,1.4,6,4.35,3,1,1,0,0,1,1,0.73,1,0,0,0,0,0,ar ARG,MF,Racing Club,Copa de la Liga,20,2003,1.4,5,4,3,1,1,0,6,0.0,6,2,0,2,1,6,1,0,ar ARG,MF,Racing Club,Copa de la Liga,20,2003,1.4,82,2,12,32,39,4,82,4,3,75.0,1,25.0,51,241,123,4,6,1,6,4,46,8,ar ARG,MF,Racing Club,Copa de la Liga,20,2003,6,124,21,9.8,1.4,1,45,0,5,16,2,1.67,3,0,+3,+2.18,+1.39,1.2,1.7,-0.5,-0.36,-0.88,ar ARG,MF,Racing Club,Copa de la Liga,20,2003,1.4,1,0,0,2,0,0,3,1,4,0,0,0,5,0,2,0.0
Rodrigo Gallo,ar ARG,DF,Gimnasia–LP,Copa de la Liga,23,2000,2,1,99,1.1,0,0,0,0,0,0,0,0,0.0,0.0,0.0,0.0,2,7,3,0.00,0.00,0.00,0.00,0.00,0.00,0.00,0.00,0.00,0.00,ar ARG,DF,Gimnasia–LP,Copa de la Liga,23,2000,1.1,0,0,0,0,0.00,0.00,0,0,0,0,0,0,0.0,0.0,0,0.0,0.0,ar ARG,DF,Gimnasia–LP,Copa de la Liga,23,2000,1.1,45,69,65.2,722,390,27,33,81.8,16,21,76.2,2,10,20.0,0,0.0,0.0,0.0,0,3,0,0,7,ar ARG,DF,Gimnasia–LP,Copa de la Liga,23,2000,1.1,69,52,15,0,0,0,3,15,0,0,0,0,45,2,1,ar ARG,DF,Gimnasia–LP,Copa de la Liga,23,2000,1.1,3,2.73,3,0,0,0,0,0,0,0.00,0,0,0,0,0,0,ar ARG,DF,Gimnasia–LP,Copa de la Liga,23,2000,1.1,7,5,5,2,0,5,5,100.0,0,1,0,1,1,8,5,0,ar ARG,DF,Gimnasia–LP,Copa de la Liga,23,2000,1.1,85,5,23,49,14,0,85,2,1,50.0,1,50.0,36,166,90,2,3,0,2,1,45,3,ar ARG,DF,Gimnasia–LP,Copa de la Liga,23,2000,2,99,50,7.9,1.1,1,72,0,1,27,6,1.50,1,3,-2,-1.82,-1.59,2.0,0.7,+1.4,+1.25,+1.85,ar ARG,DF,Gimnasia–LP,Copa de la Liga,23,2000,1.1,0,0,0,0,0,0,3,1,5,0,0,0,4,3,0,100.0
Braian Galván,ar ARG,MF,Banfield,Copa de la Liga,23,2000,8,3,281,3.1,2,0,2,2,0,0,0,0,0.1,0.1,0.7,0.8,14,7,32,0.64,0.00,0.64,0.64,0.64,0.03,0.23,0.26,0.03,0.26,ar ARG,MF,Banfield,Copa de la Liga,23,2000,3.1,2,2,2,100.0,0.64,0.64,1.00,1.00,17.0,0,0,0,0.1,0.1,0.04,+1.9,+1.9,ar ARG,MF,Banfield,Copa de la Liga,23,2000,3.1,73,124,58.9,1222,481,35,47,74.5,29,48,60.4,7,22,31.8,0,0.7,0.8,-0.7,8,2,6,4,7,ar ARG,MF,Banfield,Copa de la Liga,23,2000,3.1,124,112,12,3,0,0,34,3,6,5,1,0,73,0,3,ar ARG,MF,Banfield,Copa de la Liga,23,2000,3.1,11,3.52,8,2,1,0,0,0,1,0.32,0,0,1,0,0,0,ar ARG,MF,Banfield,Copa de la Liga,23,2000,3.1,3,1,0,1,2,1,5,20.0,4,2,0,2,4,7,5,0,ar ARG,MF,Banfield,Copa de la Liga,23,2000,3.1,152,2,25,53,76,5,152,6,4,66.7,1,16.7,96,708,333,14,6,2,2,2,100,32,ar ARG,MF,Banfield,Copa de la Liga,23,2000,8,281,35,22.3,3.1,3,58,0,5,21,0,1.50,7,2,+5,+1.60,+2.15,3.0,2.7,+0.4,+0.12,+0.35,ar ARG,MF,Banfield,Copa de la Liga,23,2000,3.1,0,0,0,2,4,1,34,4,1,0,0,0,12,0,2,0.0
Ignacio Galván,ar ARG,"DF,MF",Racing Club,Copa de la Liga,21,2002,7,0,103,1.1,0,0,0,0,0,0,0,0,0.2,0.2,0.3,0.5,7,4,16,0.00,0.00,0.00,0.00,0.00,0.15,0.28,0.44,0.15,0.44,ar ARG,"DF,MF",Racing Club,Copa de la Liga,21,2002,1.1,0,3,0,0.0,2.62,0.00,0.00,0,17.6,0,0,0,0.2,0.2,0.06,-0.2,-0.2,ar ARG,"DF,MF",Racing Club,Copa de la Liga,21,2002,1.1,42,70,60.0,676,202,19,27,70.4,17,23,73.9,3,11,27.3,0,0.3,0.2,-0.3,3,3,0,0,4,ar ARG,"DF,MF",Racing Club,Copa de la Liga,21,2002,1.1,70,55,14,0,0,0,10,13,1,0,0,0,42,1,4,ar ARG,"DF,MF",Racing Club,Copa de la Liga,21,2002,1.1,4,3.46,3,0,0,1,0,0,0,0.00,0,0,0,0,0,0,ar ARG,"DF,MF",Racing Club,Copa de la Liga,21,2002,1.1,3,1,2,0,1,2,4,50.0,2,5,1,4,0,3,2,0,ar ARG,"DF,MF",Racing Club,Copa de la Liga,21,2002,1.1,97,3,16,33,48,11,97,13,5,38.5,8,61.5,43,286,124,7,0,5,1,4,49,16,ar ARG,"DF,MF",Racing Club,Copa de la Liga,21,2002,7,103,15,8.2,1.1,0,0,0,7,15,6,1.43,0,0,0,0.00,-1.01,1.3,1.5,-0.2,-0.21,-0.70,ar ARG,"DF,MF",Racing Club,Copa de la Liga,21,2002,1.1,0,0,0,0,3,0,10,0,1,0,0,0,12,4,4,50.0
Jonathan Galván,ar ARG,DF,Arg Juniors,Copa de la Liga,31,1992,9,8,649,7.2,0,0,0,0,0,0,1,0,0.1,0.1,0.2,0.3,4,21,0,0.00,0.00,0.00,0.00,0.00,0.01,0.03,0.04,0.01,0.04,ar ARG,DF,Arg Juniors,Copa de la Liga,31,1992,7.2,0,1,0,0.0,0.14,0.00,0.00,0,25.0,1,0,0,0.1,0.1,0.09,-0.1,-0.1,ar ARG,DF,Arg Juniors,Copa de la Liga,31,1992,7.2,342,434,78.8,7881,3386,87,99,87.9,173,188,92.0,80,138,58.0,0,0.2,0.1,-0.2,2,19,2,0,21,ar ARG,DF,Arg Juniors,Copa de la Liga,31,1992,7.2,434,401,33,19,0,9,0,3,0,0,0,0,342,0,5,ar ARG,DF,Arg Juniors,Copa de la Liga,31,1992,7.2,7,0.97,7,0,0,0,0,0,0,0.00,0,0,0,0,0,0,ar ARG,DF,Arg Juniors,Copa de la Liga,31,1992,7.2,7,7,6,1,0,5,8,62.5,3,8,4,4,9,16,37,1,ar ARG,DF,Arg Juniors,Copa de la Liga,31,1992,7.2,509,72,292,216,6,2,509,1,1,100.0,0,0.0,295,1431,838,4,0,0,6,2,303,0,ar ARG,DF,Arg Juniors,Copa de la Liga,31,1992,9,649,72,51.5,7.2,8,81,7,1,2,0,1.64,14,9,+5,+0.69,-0.19,10.3,8.3,+2.1,+0.29,+0.30,ar ARG,DF,Arg Juniors,Copa de la Liga,31,1992,7.2,1,0,0,4,0,1,0,9,7,0,0,0,36,12,16,42.9
Tomás Galván,ar ARG,MF,Tigre,Copa de la Liga,23,2000,9,4,415,4.6,0,0,0,0,0,0,1,0,0.3,0.3,0.4,0.7,11,24,15,0.00,0.00,0.00,0.00,0.00,0.06,0.08,0.14,0.06,0.14,ar ARG,MF,Tigre,Copa de la Liga,23,2000,4.6,0,2,1,50.0,0.43,0.22,0.00,0.00,8.0,0,0,0,0.3,0.3,0.15,-0.3,-0.3,ar ARG,MF,Tigre,Copa de la Liga,23,2000,4.6,187,224,83.5,3033,623,90,100,90.0,75,87,86.2,13,21,61.9,0,0.4,0.4,-0.4,3,17,3,0,24,ar ARG,MF,Tigre,Copa de la Liga,23,2000,4.6,224,217,6,4,5,2,4,2,0,0,0,0,187,1,4,ar ARG,MF,Tigre,Copa de la Liga,23,2000,4.6,7,1.51,6,0,1,0,0,0,0,0.00,0,0,0,0,0,0,ar ARG,MF,Tigre,Copa de la Liga,23,2000,4.6,11,7,4,7,0,8,12,66.7,4,3,0,3,3,14,2,0,ar ARG,MF,Tigre,Copa de la Liga,23,2000,4.6,261,3,29,178,56,4,261,9,5,55.6,4,44.4,175,799,450,11,6,0,9,6,197,15,ar ARG,MF,Tigre,Copa de la Liga,23,2000,9,415,46,32.9,4.6,4,70,1,5,27,5,0.22,1,7,-6,-1.30,-0.02,2.8,4.5,-1.8,-0.38,+0.53,ar ARG,MF,Tigre,Copa de la Liga,23,2000,4.6,1,0,0,2,10,2,4,3,7,0,0,0,13,7,5,58.3
Ariel Gamarra,py PAR,MF,Arg Juniors,Copa de la Liga,20,2003,7,4,320,3.6,0,0,0,0,0,0,1,0,0.0,0.0,0.1,0.1,1,12,2,0.00,0.00,0.00,0.00,0.00,0.01,0.03,0.04,0.01,0.04,py PAR,MF,Arg Juniors,Copa de la Liga,20,2003,3.6,0,3,0,0.0,0.84,0.00,0.00,0,46.2,0,0,0,0.0,0.0,0.02,0.0,0.0,py PAR,MF,Arg Juniors,Copa de la Liga,20,2003,3.6,98,132,74.2,1744,460,40,53,75.5,50,59,84.7,6,14,42.9,0,0.1,0.0,-0.1,4,6,0,0,12,py PAR,MF,Arg Juniors,Copa de la Liga,20,2003,3.6,132,131,1,1,0,0,0,0,0,0,0,0,98,0,1,py PAR,MF,Arg Juniors,Copa de la Liga,20,2003,3.6,5,1.41,4,0,0,1,0,0,0,0.00,0,0,0,0,0,0,py PAR,MF,Arg Juniors,Copa de la Liga,20,2003,3.6,10,5,4,5,1,4,6,66.7,2,6,0,6,5,15,4,0,py PAR,MF,Arg Juniors,Copa de la Liga,20,2003,3.6,173,6,33,124,16,0,173,3,0,0.0,3,100.0,79,307,140,1,1,0,4,7,98,2,py PAR,MF,Arg Juniors,Copa de la Liga,20,2003,7,320,46,25.4,3.6,4,72,0,3,10,7,2.00,6,1,+5,+1.41,+0.83,3.9,2.4,+1.5,+0.41,+0.37,py PAR,MF,Arg Juniors,Copa de la Liga,20,2003,3.6,1,0,0,7,6,0,0,5,5,0,0,0,17,6,6,50.0
Lucas Gamba,ar ARG,FW,Unión,Copa de la Liga,36,1987,13,11,948,10.5,2,3,5,1,1,1,2,0,2.3,1.6,1.4,2.9,22,23,104,0.19,0.28,0.47,0.09,0.38,0.22,0.13,0.35,0.15,0.28,ar ARG,FW,Unión,Copa de la Liga,36,1987,10.5,2,11,4,36.4,1.04,0.38,0.09,0.25,15.3,0,1,1,2.3,1.6,0.17,-0.3,-0.6,ar ARG,FW,Unión,Copa de la Liga,36,1987,10.5,194,323,60.1,2862,908,115,144,79.9,57,92,62.0,11,33,33.3,3,1.4,1.6,+1.6,17,20,15,12,23,ar ARG,FW,Unión,Copa de la Liga,36,1987,10.5,323,307,14,1,1,2,61,6,1,0,1,0,194,2,27,ar ARG,FW,Unión,Copa de la Liga,36,1987,10.5,30,2.85,21,2,1,2,3,1,5,0.48,2,1,0,2,0,0,ar ARG,FW,Unión,Copa de la Liga,36,1987,10.5,14,10,1,6,7,5,10,50.0,5,7,0,7,1,15,0,0,ar ARG,FW,Unión,Copa de la Liga,36,1987,10.5,426,1,9,145,273,36,425,28,11,39.3,16,57.1,272,1321,529,22,17,9,31,25,321,104,ar ARG,FW,Unión,Copa de la Liga,36,1987,13,948,73,75.2,10.5,11,81,2,2,31,0,1.46,10,9,+1,+0.09,-0.19,10.1,10.7,-0.6,-0.05,0.00,ar ARG,FW,Unión,Copa de la Liga,36,1987,10.5,2,0,0,15,14,3,61,1,10,0,0,0,34,6,17,26.1
Leandro Garate,ar ARG,FW,Huracán,Copa de la Liga,30,1993,10,6,533,5.9,1,0,1,1,0,0,1,0,2.3,2.3,0.2,2.5,5,10,19,0.17,0.00,0.17,0.17,0.17,0.39,0.03,0.42,0.39,0.42,ar ARG,FW,Huracán,Copa de la Liga,30,1993,5.9,1,14,6,42.9,2.36,1.01,0.07,0.17,11.8,0,0,0,2.3,2.3,0.17,-1.3,-1.3,ar ARG,FW,Huracán,Copa de la Liga,30,1993,5.9,78,120,65.0,1123,289,43,66,65.2,27,33,81.8,5,9,55.6,0,0.2,0.1,-0.2,3,8,2,0,10,ar ARG,FW,Huracán,Copa de la Liga,30,1993,5.9,120,112,7,0,0,0,1,0,0,0,0,0,78,1,4,ar ARG,FW,Huracán,Copa de la Liga,30,1993,5.9,8,1.35,5,0,0,3,0,0,0,0.00,0,0,0,0,0,0,ar ARG,FW,Huracán,Copa de la Liga,30,1993,5.9,3,2,2,1,0,0,2,0.0,2,0,0,0,2,5,7,0,ar ARG,FW,Huracán,Copa de la Liga,30,1993,5.9,165,7,14,74,79,27,165,6,1,16.7,4,66.7,69,305,129,5,4,2,9,5,111,19,ar ARG,FW,Huracán,Copa de la Liga,30,1993,10,533,53,42.3,5.9,6,70,2,4,28,3,0.60,3,8,-5,-0.84,-1.46,5.4,9.8,-4.4,-0.75,-0.84,ar ARG,FW,Huracán,Copa de la Liga,30,1993,5.9,1,0,0,9,0,2,1,2,2,0,0,0,15,25,20,55.6
Martín Garay,ar ARG,"MF,FW",Tigre,Copa de la Liga,24,1999,11,10,856,9.5,0,1,1,0,0,0,1,0,0.7,0.7,0.6,1.3,16,60,46,0.00,0.11,0.11,0.00,0.11,0.08,0.06,0.14,0.08,0.14,ar ARG,"MF,FW",Tigre,Copa de la Liga,24,1999,9.5,0,6,1,16.7,0.63,0.11,0.00,0.00,21.4,1,0,0,0.7,0.7,0.12,-0.7,-0.7,ar ARG,"MF,FW",Tigre,Copa de la Liga,24,1999,9.5,380,505,75.2,6611,2190,183,215,85.1,137,172,79.7,46,84,54.8,1,0.6,0.7,+0.4,9,44,9,3,60,ar ARG,"MF,FW",Tigre,Copa de la Liga,24,1999,9.5,505,467,38,12,1,6,26,22,3,0,3,0,380,0,17,ar ARG,"MF,FW",Tigre,Copa de la Liga,24,1999,9.5,19,2.00,16,1,1,1,0,0,1,0.11,1,0,0,0,0,0,ar ARG,"MF,FW",Tigre,Copa de la Liga,24,1999,9.5,19,14,8,11,0,8,22,36.4,14,14,1,13,9,28,8,0,ar ARG,"MF,FW",Tigre,Copa de la Liga,24,1999,9.5,601,14,86,373,144,12,601,15,7,46.7,6,40.0,319,1465,712,16,20,2,19,9,398,46,ar ARG,"MF,FW",Tigre,Copa de la Liga,24,1999,11,856,78,67.9,9.5,10,84,7,1,16,3,0.45,7,18,-11,-1.16,+0.40,7.2,14.2,-7.0,-0.74,-0.03,ar ARG,"MF,FW",Tigre,Copa de la Liga,24,1999,9.5,1,0,0,17,8,1,26,9,14,0,0,0,55,4,11,26.7
Nicolás Garayalde,ar ARG,"MF,FW",Vélez Sarsfield,Copa de la Liga,24,1999,2,1,110,1.2,0,0,0,0,0,0,0,0,0.0,0.0,0.0,0.0,0,2,1,0.00,0.00,0.00,0.00,0.00,0.00,0.00,0.00,0.00,0.00,ar ARG,"MF,FW",Vélez Sarsfield,Copa de la Liga,24,1999,1.2,0,0,0,0,0.00,0.00,0,0,0,0,0,0,0.0,0.0,0,0.0,0.0,ar ARG,"MF,FW",Vélez Sarsfield,Copa de la Liga,24,1999,1.2,55,69,79.7,917,237,23,27,85.2,29,34,85.3,2,7,28.6,0,0.0,0.0,0.0,0,1,0,0,2,ar ARG,"MF,FW",Vélez Sarsfield,Copa de la Liga,24,1999,1.2,69,68,1,1,0,0,2,0,0,0,0,0,55,0,0,ar ARG,"MF,FW",Vélez Sarsfield,Copa de la Liga,24,1999,1.2,0,0.00,0,0,0,0,0,0,0,0.00,0,0,0,0,0,0,ar ARG,"MF,FW",Vélez Sarsfield,Copa de la Liga,24,1999,1.2,5,3,2,3,0,2,2,100.0,0,0,0,0,1,6,6,1,ar ARG,"MF,FW",Vélez Sarsfield,Copa de la Liga,24,1999,1.2,85,5,23,54,9,0,85,1,0,0.0,1,100.0,42,165,75,0,1,0,1,1,49,1,ar ARG,"MF,FW",Vélez Sarsfield,Copa de la Liga,24,1999,2,110,55,8.7,1.2,1,65,0,1,45,2,2.00,0,3,-3,-2.45,-2.77,0.8,1.8,-0.9,-0.77,-1.23,ar ARG,"MF,FW",Vélez Sarsfield,Copa de la Liga,24,1999,1.2,0,0,0,1,2,0,2,1,3,0,0,0,12,0,3,0.0
Agustín García Basso,ar ARG,DF,Racing Club,Copa de la Liga,31,1992,13,13,"1,170",13.0,0,0,0,0,0,0,3,0,0.1,0.1,0.0,0.2,11,39,1,0.00,0.00,0.00,0.00,0.00,0.01,0.00,0.01,0.01,0.01,ar ARG,DF,Racing Club,Copa de la Liga,31,1992,13.0,0,5,1,20.0,0.38,0.08,0.00,0.00,28.2,0,0,0,0.1,0.1,0.02,-0.1,-0.1,ar ARG,DF,Racing Club,Copa de la Liga,31,1992,13.0,593,773,76.7,11997,4609,211,231,91.3,282,328,86.0,94,196,48.0,0,0.0,0.2,0.0,2,51,5,0,39,ar ARG,DF,Racing Club,Copa de la Liga,31,1992,13.0,773,721,51,25,0,13,5,26,0,0,0,0,593,1,7,ar ARG,DF,Racing Club,Copa de la Liga,31,1992,13.0,11,0.85,11,0,0,0,0,0,0,0.00,0,0,0,0,0,0,ar ARG,DF,Racing Club,Copa de la Liga,31,1992,13.0,17,10,12,5,0,9,13,69.2,4,13,7,6,17,34,76,1,ar ARG,DF,Racing Club,Copa de la Liga,31,1992,13.0,915,93,452,439,29,4,915,12,11,91.7,1,8.3,476,2001,1263,11,6,0,5,2,562,1,ar ARG,DF,Racing Club,Copa de la Liga,31,1992,13,"1,170",90,92.9,13.0,13,90,13,0,0,0,1.85,24,10,+14,+1.08,+2.08,18.2,12.1,+6.2,+0.47,+0.55,ar ARG,DF,Racing Club,Copa de la Liga,31,1992,13.0,3,0,0,10,1,0,5,17,10,0,0,0,67,30,7,81.1
Joaquín García,ar ARG,DF,Vélez Sarsfield,Copa de la Liga,22,2001,7,6,504,5.6,0,1,1,0,0,0,2,0,0.1,0.1,0.3,0.4,7,24,17,0.00,0.18,0.18,0.00,0.18,0.01,0.05,0.07,0.01,0.07,ar ARG,DF,Vélez Sarsfield,Copa de la Liga,22,2001,5.6,0,1,0,0.0,0.18,0.00,0.00,0,23.0,0,0,0,0.1,0.1,0.07,-0.1,-0.1,ar ARG,DF,Vélez Sarsfield,Copa de la Liga,22,2001,5.6,233,301,77.4,4064,1468,106,119,89.1,103,122,84.4,22,45,48.9,1,0.3,0.3,+0.7,2,16,5,4,24,ar ARG,DF,Vélez Sarsfield,Copa de la Liga,22,2001,5.6,301,249,51,2,0,1,13,49,0,0,0,0,233,1,9,ar ARG,DF,Vélez Sarsfield,Copa de la Liga,22,2001,5.6,3,0.53,3,0,0,0,0,0,1,0.18,1,0,0,0,0,0,ar ARG,DF,Vélez Sarsfield,Copa de la Liga,22,2001,5.6,14,11,10,4,0,7,11,63.6,4,13,8,5,8,22,12,0,ar ARG,DF,Vélez Sarsfield,Copa de la Liga,22,2001,5.6,360,21,132,164,68,0,360,3,2,66.7,1,33.3,170,740,403,7,5,0,5,4,175,17,ar ARG,DF,Vélez Sarsfield,Copa de la Liga,22,2001,7,504,72,40.0,5.6,6,82,4,1,10,0,1.90,5,2,+3,+0.54,+0.77,5.7,3.6,+2.1,+0.38,+0.05,ar ARG,DF,Vélez Sarsfield,Copa de la Liga,22,2001,5.6,2,0,0,5,1,0,13,8,11,0,0,0,33,5,5,50.0
Manuel García,ar ARG,MF,Cen. Córdoba–SdE,Copa de la Liga,24,1999,8,5,496,5.5,0,0,0,0,0,0,3,0,0.1,0.1,0.0,0.1,5,18,12,0.00,0.00,0.00,0.00,0.00,0.02,0.00,0.03,0.02,0.03,ar ARG,MF,Cen. Córdoba–SdE,Copa de la Liga,24,1999,5.5,0,4,2,50.0,0.73,0.36,0.00,0.00,20.3,0,0,0,0.1,0.1,0.03,-0.1,-0.1,ar ARG,MF,Cen. Córdoba–SdE,Copa de la Liga,24,1999,5.5,138,186,74.2,2132,644,76,85,89.4,48,60,80.0,10,22,45.5,0,0.0,0.2,0.0,1,13,1,0,18,ar ARG,MF,Cen. Córdoba–SdE,Copa de la Liga,24,1999,5.5,186,181,5,5,1,2,7,0,0,0,0,0,138,0,11,ar ARG,MF,Cen. Córdoba–SdE,Copa de la Liga,24,1999,5.5,5,0.91,5,0,0,0,0,0,0,0.00,0,0,0,0,0,0,ar ARG,MF,Cen. Córdoba–SdE,Copa de la Liga,24,1999,5.5,12,7,0,12,0,6,19,31.6,13,7,0,7,6,18,4,0,ar ARG,MF,Cen. Córdoba–SdE,Copa de la Liga,24,1999,5.5,246,5,51,154,44,4,246,10,5,50.0,5,50.0,123,480,198,5,6,0,14,3,123,12,ar ARG,MF,Cen. Córdoba–SdE,Copa de la Liga,24,1999,8,496,62,39.4,5.5,5,81,2,3,30,6,0.63,3,4,-1,-0.18,+0.88,3.0,7.5,-4.4,-0.80,-0.05,ar ARG,MF,Cen. Córdoba–SdE,Copa de la Liga,24,1999,5.5,3,0,0,10,4,0,7,6,7,0,0,0,34,3,10,23.1
Matías García,ar ARG,MF,Belgrano,Copa de la Liga,32,1991,12,7,575,6.4,0,2,2,0,0,0,1,0,0.4,0.4,1.9,2.3,7,34,31,0.00,0.31,0.31,0.00,0.31,0.06,0.31,0.36,0.06,0.36,ar ARG,MF,Belgrano,Copa de la Liga,32,1991,6.4,0,8,1,12.5,1.25,0.16,0.00,0.00,22.1,3,0,0,0.4,0.4,0.04,-0.4,-0.4,ar ARG,MF,Belgrano,Copa de la Liga,32,1991,6.4,194,280,69.3,3230,1080,90,108,83.3,64,92,69.6,23,54,42.6,2,1.9,0.7,+0.1,12,28,9,2,34,ar ARG,MF,Belgrano,Copa de la Liga,32,1991,6.4,280,241,38,17,1,4,31,1,17,6,6,0,194,1,5,ar ARG,MF,Belgrano,Copa de la Liga,32,1991,6.4,21,3.29,15,3,1,1,1,0,2,0.31,0,1,0,1,0,0,ar ARG,MF,Belgrano,Copa de la Liga,32,1991,6.4,14,7,3,9,2,7,11,63.6,4,7,0,7,4,18,4,0,ar ARG,MF,Belgrano,Copa de la Liga,32,1991,6.4,349,3,25,204,125,15,349,18,6,33.3,10,55.6,196,1060,400,7,11,1,12,15,235,31,ar ARG,MF,Belgrano,Copa de la Liga,32,1991,12,575,48,45.6,6.4,7,69,0,5,19,2,1.08,8,8,0,0.00,+0.26,7.8,8.2,-0.4,-0.07,+0.02,ar ARG,MF,Belgrano,Copa de la Liga,32,1991,6.4,1,0,0,10,15,3,31,4,7,0,0,0,36,11,10,52.4
Yamil Garnier,ar ARG,DF,Sarmiento,Copa de la Liga,41,1982,1,0,37,0.4,0,0,0,0,0,0,1,0,0.0,0.0,0.0,0.0,2,2,1,0.00,0.00,0.00,0.00,0.00,0.00,0.00,0.00,0.00,0.00,ar ARG,DF,Sarmiento,Copa de la Liga,41,1982,0.4,0,0,0,0,0.00,0.00,0,0,0,0,0,0,0.0,0.0,0,0.0,0.0,ar ARG,DF,Sarmiento,Copa de la Liga,41,1982,0.4,8,17,47.1,121,90,5,7,71.4,2,6,33.3,1,2,50.0,0,0.0,0.0,0.0,0,3,0,0,2,ar ARG,DF,Sarmiento,Copa de la Liga,41,1982,0.4,17,13,4,0,0,0,2,4,0,0,0,0,8,0,1,ar ARG,DF,Sarmiento,Copa de la Liga,41,1982,0.4,0,0.00,0,0,0,0,0,0,0,0.00,0,0,0,0,0,0,ar ARG,DF,Sarmiento,Copa de la Liga,41,1982,0.4,0,0,0,0,0,0,1,0.0,1,0,0,0,0,0,1,0,ar ARG,DF,Sarmiento,Copa de la Liga,41,1982,0.4,19,2,2,12,5,0,19,1,1,100.0,0,0.0,5,40,30,2,1,0,1,0,4,1,ar ARG,DF,Sarmiento,Copa de la Liga,41,1982,1,37,37,2.9,0.4,0,0,0,1,37,7,0.00,0,3,-3,-7.30,-6.78,0.1,0.3,-0.2,-0.43,+0.05,ar ARG,DF,Sarmiento,Copa de la Liga,41,1982,0.4,1,0,0,1,1,0,2,0,0,0,0,0,0,1,0,100.0
Oscar Garrido,ar ARG,"MF,DF",Cen. Córdoba–SdE,Copa de la Liga,26,1997,10,6,615,6.8,2,0,2,2,0,0,2,0,1.4,1.4,0.8,2.2,8,24,15,0.29,0.00,0.29,0.29,0.29,0.20,0.12,0.32,0.20,0.32,ar ARG,"MF,DF",Cen. Córdoba–SdE,Copa de la Liga,26,1997,6.8,2,6,3,50.0,0.88,0.44,0.33,0.67,18.3,2,0,0,1.4,1.4,0.23,+0.6,+0.6,ar ARG,"MF,DF",Cen. Córdoba–SdE,Copa de la Liga,26,1997,6.8,168,235,71.5,3024,979,76,91,83.5,65,86,75.6,19,39,48.7,0,0.8,0.7,-0.8,9,15,4,0,24,ar ARG,"MF,DF",Cen. Córdoba–SdE,Copa de la Liga,26,1997,6.8,235,198,37,9,1,3,25,16,12,4,8,0,168,0,5,ar ARG,"MF,DF",Cen. Córdoba–SdE,Copa de la Liga,26,1997,6.8,17,2.49,9,4,3,0,1,0,1,0.15,1,0,0,0,0,0,ar ARG,"MF,DF",Cen. Córdoba–SdE,Copa de la Liga,26,1997,6.8,11,7,3,7,1,7,12,58.3,5,3,2,1,6,17,8,1,ar ARG,"MF,DF",Cen. Córdoba–SdE,Copa de la Liga,26,1997,6.8,293,11,56,143,98,8,293,16,7,43.8,9,56.3,142,894,337,8,11,1,10,9,164,15,ar ARG,"MF,DF",Cen. Córdoba–SdE,Copa de la Liga,26,1997,10,615,62,48.8,6.8,6,87,4,4,23,0,1.00,6,14,-8,-1.17,-0.89,4.9,11.7,-6.8,-1.00,-0.46,ar ARG,"MF,DF",Cen. Córdoba–SdE,Copa de la Liga,26,1997,6.8,2,0,0,15,4,0,25,6,7,0,0,0,24,4,10,28.6
Nahuel Génez,ar ARG,DF,Tigre,Copa de la Liga,20,2003,7,6,565,6.3,0,1,1,0,0,0,1,0,0.1,0.1,0.3,0.4,5,16,20,0.00,0.16,0.16,0.00,0.16,0.01,0.05,0.06,0.01,0.06,ar ARG,DF,Tigre,Copa de la Liga,20,2003,6.3,0,2,0,0.0,0.32,0.00,0.00,0,25.2,0,0,0,0.1,0.1,0.03,-0.1,-0.1,ar ARG,DF,Tigre,Copa de la Liga,20,2003,6.3,174,268,64.9,3170,1544,85,94,90.4,68,99,68.7,19,65,29.2,1,0.3,0.3,+0.7,3,17,6,4,16,ar ARG,DF,Tigre,Copa de la Liga,20,2003,6.3,268,203,65,4,0,1,20,60,1,0,0,0,174,0,5,ar ARG,DF,Tigre,Copa de la Liga,20,2003,6.3,9,1.43,6,3,0,0,0,0,1,0.16,1,0,0,0,0,0,ar ARG,DF,Tigre,Copa de la Liga,20,2003,6.3,10,8,7,3,0,7,18,38.9,11,12,2,10,3,13,18,0,ar ARG,DF,Tigre,Copa de la Liga,20,2003,6.3,336,26,99,165,74,1,336,11,5,45.5,5,45.5,149,672,377,5,5,0,8,4,161,20,ar ARG,DF,Tigre,Copa de la Liga,20,2003,7,565,81,44.8,6.3,6,90,6,1,25,7,0.71,5,9,-4,-0.64,+1.18,5.7,10.4,-4.7,-0.74,-0.02,ar ARG,DF,Tigre,Copa de la Liga,20,2003,6.3,1,0,0,2,3,0,20,3,8,0,0,0,22,5,4,55.6
Francisco Gerometta,ar ARG,DF,Unión,Copa de la Liga,24,1999,3,0,32,0.4,0,0,0,0,0,0,0,0,0.1,0.1,0.1,0.2,2,4,0,0.00,0.00,0.00,0.00,0.00,0.16,0.28,0.44,0.16,0.44,ar ARG,DF,Unión,Copa de la Liga,24,1999,0.4,0,1,0,0.0,2.81,0.00,0.00,0,23.1,0,0,0,0.1,0.1,0.06,-0.1,-0.1,ar ARG,DF,Unión,Copa de la Liga,24,1999,0.4,7,11,63.6,169,125,1,2,50.0,5,6,83.3,1,2,50.0,0,0.1,0.0,-0.1,1,3,0,0,4,ar ARG,DF,Unión,Copa de la Liga,24,1999,0.4,11,8,3,0,0,0,2,3,0,0,0,0,7,0,1,ar ARG,DF,Unión,Copa de la Liga,24,1999,0.4,4,11.25,1,0,3,0,0,0,0,0.00,0,0,0,0,0,0,ar ARG,DF,Unión,Copa de la Liga,24,1999,0.4,2,2,1,0,1,1,1,100.0,0,3,3,0,2,4,3,0,ar ARG,DF,Unión,Copa de la Liga,24,1999,0.4,22,6,9,7,7,0,22,4,4,100.0,0,0.0,9,107,76,2,1,0,1,0,5,0,ar ARG,DF,Unión,Copa de la Liga,24,1999,3,32,11,2.5,0.4,0,0,0,3,11,5,1.67,1,2,-1,-2.81,-3.03,0.7,0.7,0.0,-0.02,+0.03,ar ARG,DF,Unión,Copa de la Liga,24,1999,0.4,0,0,0,0,0,1,2,2,2,0,0,0,3,0,1,0.0
Joaquín Gho,ar ARG,"MF,FW",Sarmiento,Copa de la Liga,20,2003,13,10,744,8.3,1,1,2,1,0,0,0,0,1.1,1.1,1.7,2.8,16,19,44,0.12,0.12,0.24,0.12,0.24,0.13,0.21,0.34,0.13,0.34,ar ARG,"MF,FW",Sarmiento,Copa de la Liga,20,2003,8.3,1,14,3,21.4,1.69,0.36,0.07,0.33,20.6,0,0,0,1.1,1.1,0.08,-0.1,-0.1,ar ARG,"MF,FW",Sarmiento,Copa de la Liga,20,2003,8.3,140,222,63.1,1990,718,90,121,74.4,35,56,62.5,8,19,42.1,1,1.7,1.1,-0.7,14,10,7,2,19,ar ARG,"MF,FW",Sarmiento,Copa de la Liga,20,2003,8.3,222,212,9,0,0,0,14,6,3,0,3,0,140,1,10,ar ARG,"MF,FW",Sarmiento,Copa de la Liga,20,2003,8.3,21,2.54,14,2,4,1,0,0,1,0.12,1,0,0,0,0,0,ar ARG,"MF,FW",Sarmiento,Copa de la Liga,20,2003,8.3,16,7,5,7,4,5,11,45.5,6,14,2,12,5,21,13,0,ar ARG,"MF,FW",Sarmiento,Copa de la Liga,20,2003,8.3,334,7,56,160,124,22,334,24,13,54.2,9,37.5,169,922,432,16,12,6,17,8,206,44,ar ARG,"MF,FW",Sarmiento,Copa de la Liga,20,2003,13,744,57,59.0,8.3,10,65,0,3,30,1,0.69,5,7,-2,-0.24,+1.15,7.0,8.4,-1.4,-0.17,+0.78,ar ARG,"MF,FW",Sarmiento,Copa de la Liga,20,2003,8.3,0,0,0,9,8,2,14,5,7,0,0,0,41,18,29,38.3
Laurtaro Giaccone,ar ARG,"FW,MF",Rosario Central,Copa de la Liga,22,2001,4,3,186,2.1,1,0,1,1,0,0,0,0,0.7,0.7,0.4,1.1,8,8,21,0.48,0.00,0.48,0.48,0.48,0.33,0.20,0.53,0.33,0.53,ar ARG,"FW,MF",Rosario Central,Copa de la Liga,22,2001,2.1,1,6,1,16.7,2.90,0.48,0.17,1.00,22.0,0,0,0,0.7,0.7,0.11,+0.3,+0.3,ar ARG,"FW,MF",Rosario Central,Copa de la Liga,22,2001,2.1,45,63,71.4,785,180,19,29,65.5,17,19,89.5,6,10,60.0,0,0.4,0.3,-0.4,4,5,3,0,8,ar ARG,"FW,MF",Rosario Central,Copa de la Liga,22,2001,2.1,63,62,1,0,2,2,3,1,0,0,0,0,45,0,3,ar ARG,"FW,MF",Rosario Central,Copa de la Liga,22,2001,2.1,8,3.87,6,0,2,0,0,0,0,0.00,0,0,0,0,0,0,ar ARG,"FW,MF",Rosario Central,Copa de la Liga,22,2001,2.1,0,0,0,0,0,0,4,0.0,4,4,1,3,0,0,0,0,ar ARG,"FW,MF",Rosario Central,Copa de la Liga,22,2001,2.1,91,0,7,36,50,2,91,9,7,77.8,2,22.2,63,441,237,8,6,0,9,2,74,21,ar ARG,"FW,MF",Rosario Central,Copa de la Liga,22,2001,4,186,47,14.8,2.1,3,57,0,1,15,0,0.75,2,2,0,0.00,+0.67,1.8,2.4,-0.6,-0.27,+0.30,ar ARG,"FW,MF",Rosario Central,Copa de la Liga,22,2001,2.1,0,0,0,2,2,2,3,0,0,0,0,0,8,0,0,0
Facundo Giacopuzzi,ar ARG,DF,Tigre,Copa de la Liga,22,2001,7,7,586,6.5,0,0,0,0,0,0,3,1,0.1,0.1,0.0,0.1,2,14,0,0.00,0.00,0.00,0.00,0.00,0.01,0.00,0.01,0.01,0.01,ar ARG,DF,Tigre,Copa de la Liga,22,2001,6.5,0,3,0,0.0,0.46,0.00,0.00,0,28.9,1,0,0,0.1,0.1,0.02,-0.1,-0.1,ar ARG,DF,Tigre,Copa de la Liga,22,2001,6.5,194,247,78.5,4262,1815,53,58,91.4,101,118,85.6,39,67,58.2,0,0.0,0.0,0.0,0,12,0,0,14,ar ARG,DF,Tigre,Copa de la Liga,22,2001,6.5,247,233,14,8,0,3,0,6,0,0,0,0,194,0,2,ar ARG,DF,Tigre,Copa de la Liga,22,2001,6.5,0,0.00,0,0,0,0,0,0,0,0.00,0,0,0,0,0,0,ar ARG,DF,Tigre,Copa de la Liga,22,2001,6.5,4,2,2,2,0,1,5,20.0,4,6,4,2,3,7,42,0,ar ARG,DF,Tigre,Copa de la Liga,22,2001,6.5,311,47,163,144,4,1,311,0,0,0,0,0,153,653,386,2,0,0,3,0,171,0,ar ARG,DF,Tigre,Copa de la Liga,22,2001,7,586,84,46.5,6.5,7,84,4,0,0,4,0.43,3,9,-6,-0.92,+0.68,4.0,9.5,-5.5,-0.84,-0.21,ar ARG,DF,Tigre,Copa de la Liga,22,2001,6.5,3,1,1,11,1,0,0,3,2,0,0,0,19,14,2,87.5
Justo Giani,ar ARG,"MF,FW",Atlé Tucumán,Copa de la Liga,24,1999,13,10,736,8.2,1,0,1,1,0,0,0,0,1.6,1.6,0.9,2.5,10,27,65,0.12,0.00,0.12,0.12,0.12,0.19,0.11,0.30,0.19,0.30,ar ARG,"MF,FW",Atlé Tucumán,Copa de la Liga,24,1999,8.2,1,23,7,30.4,2.81,0.86,0.04,0.14,19.2,1,0,0,1.6,1.6,0.07,-0.6,-0.6,ar ARG,"MF,FW",Atlé Tucumán,Copa de la Liga,24,1999,8.2,204,284,71.8,2911,947,118,148,79.7,57,74,77.0,13,29,44.8,0,0.9,0.9,-0.9,9,26,7,2,27,ar ARG,"MF,FW",Atlé Tucumán,Copa de la Liga,24,1999,8.2,284,265,17,1,3,1,9,11,0,0,0,0,204,2,10,ar ARG,"MF,FW",Atlé Tucumán,Copa de la Liga,24,1999,8.2,23,2.82,14,1,0,4,4,0,1,0.12,1,0,0,0,0,0,ar ARG,"MF,FW",Atlé Tucumán,Copa de la Liga,24,1999,8.2,19,12,6,7,6,7,24,29.2,17,12,2,10,6,25,3,0,ar ARG,"MF,FW",Atlé Tucumán,Copa de la Liga,24,1999,8.2,421,13,47,189,190,31,421,28,14,50.0,13,46.4,224,994,394,10,11,1,28,17,282,65,ar ARG,"MF,FW",Atlé Tucumán,Copa de la Liga,24,1999,13,736,57,58.4,8.2,10,67,0,3,22,1,0.69,5,15,-10,-1.22,-0.36,8.5,9.6,-1.2,-0.14,-0.02,ar ARG,"MF,FW",Atlé Tucumán,Copa de la Liga,24,1999,8.2,0,0,0,5,23,4,9,6,12,0,0,0,40,16,16,50.0
Agustín Giay,ar ARG,"DF,MF",San Lorenzo,Copa de la Liga,20,2004,13,13,"1,051",11.7,0,2,2,0,0,0,3,0,0.7,0.7,0.6,1.3,28,42,66,0.00,0.17,0.17,0.00,0.17,0.06,0.05,0.11,0.06,0.11,ar ARG,"DF,MF",San Lorenzo,Copa de la Liga,20,2004,11.7,0,8,3,37.5,0.69,0.26,0.00,0.00,16.9,0,0,0,0.7,0.7,0.08,-0.7,-0.7,ar ARG,"DF,MF",San Lorenzo,Copa de la Liga,20,2004,11.7,364,504,72.2,5798,2291,183,210,87.1,136,188,72.3,28,62,45.2,2,0.6,1.0,+1.4,9,32,12,4,42,ar ARG,"DF,MF",San Lorenzo,Copa de la Liga,20,2004,11.7,504,395,104,4,0,1,25,100,0,0,0,0,364,5,17,ar ARG,"DF,MF",San Lorenzo,Copa de la Liga,20,2004,11.7,21,1.80,16,2,1,1,1,0,2,0.17,2,0,0,0,0,0,ar ARG,"DF,MF",San Lorenzo,Copa de la Liga,20,2004,11.7,19,13,16,0,3,14,27,51.9,13,7,0,7,7,26,18,0,ar ARG,"DF,MF",San Lorenzo,Copa de la Liga,20,2004,11.7,623,20,130,305,197,29,623,39,18,46.2,18,46.2,300,1815,1062,28,21,7,18,8,322,66,ar ARG,"DF,MF",San Lorenzo,Copa de la Liga,20,2004,13,"1,051",81,83.4,11.7,13,81,9,0,0,0,1.23,9,12,-3,-0.26,+0.17,10.6,9.5,+1.1,+0.09,+0.32,ar ARG,"DF,MF",San Lorenzo,Copa de la Liga,20,2004,11.7,3,0,0,8,11,2,25,7,13,0,0,0,55,5,4,55.6
Gastón Gil Romero,ar ARG,MF,Ind. Rivadavia,Copa de la Liga,30,1993,11,11,844,9.4,0,1,1,0,0,0,4,0,0.1,0.1,0.2,0.2,2,31,3,0.00,0.11,0.11,0.00,0.11,0.01,0.02,0.03,0.01,0.03,ar ARG,MF,Ind. Rivadavia,Copa de la Liga,30,1993,9.4,0,3,1,33.3,0.32,0.11,0.00,0.00,32.0,0,0,0,0.1,0.1,0.02,-0.1,-0.1,ar ARG,MF,Ind. Rivadavia,Copa de la Liga,30,1993,9.4,314,373,84.2,5687,1789,123,136,90.4,154,171,90.1,29,47,61.7,1,0.2,0.2,+0.8,5,31,1,1,31,ar ARG,MF,Ind. Rivadavia,Copa de la Liga,30,1993,9.4,373,362,11,8,0,0,3,3,0,0,0,0,314,0,7,ar ARG,MF,Ind. Rivadavia,Copa de la Liga,30,1993,9.4,7,0.75,6,0,0,0,0,1,1,0.11,1,0,0,0,0,0,ar ARG,MF,Ind. Rivadavia,Copa de la Liga,30,1993,9.4,31,18,12,19,0,16,33,48.5,17,12,3,9,17,48,19,0,ar ARG,MF,Ind. Rivadavia,Copa de la Liga,30,1993,9.4,489,25,129,334,28,0,489,3,2,66.7,1,33.3,234,1432,622,2,4,0,12,6,274,3,ar ARG,MF,Ind. Rivadavia,Copa de la Liga,30,1993,11,844,77,67.0,9.4,11,77,4,0,0,1,0.64,10,18,-8,-0.85,+0.01,7.4,14.4,-7.0,-0.75,-0.30,ar ARG,MF,Ind. Rivadavia,Copa de la Liga,30,1993,9.4,4,0,0,18,4,0,3,17,18,0,0,0,36,6,10,37.5
Juan Giménez,ar ARG,DF,Rosario Central,Copa de la Liga,17,2006,1,1,90,1.0,0,0,0,0,0,0,0,0,0.0,0.0,0.0,0.0,0,0,0,0.00,0.00,0.00,0.00,0.00,0.00,0.00,0.00,0.00,0.00,ar ARG,DF,Rosario Central,Copa de la Liga,17,2006,1.0,0,0,0,0,0.00,0.00,0,0,0,0,0,0,0.0,0.0,0,0.0,0.0,ar ARG,DF,Rosario Central,Copa de la Liga,17,2006,1.0,10,16,62.5,204,136,4,6,66.7,4,5,80.0,2,4,50.0,0,0.0,0.0,0.0,0,1,0,0,0,ar ARG,DF,Rosario Central,Copa de la Liga,17,2006,1.0,16,11,4,2,0,1,0,2,0,0,0,0,10,1,1,ar ARG,DF,Rosario Central,Copa de la Liga,17,2006,1.0,0,0.00,0,0,0,0,0,0,0,0.00,0,0,0,0,0,0,ar ARG,DF,Rosario Central,Copa de la Liga,17,2006,1.0,2,2,2,0,0,2,2,100.0,0,1,0,1,2,4,5,0,ar ARG,DF,Rosario Central,Copa de la Liga,17,2006,1.0,26,4,15,11,0,0,26,0,0,0,0,0,5,24,7,0,0,0,0,0,6,0,ar ARG,DF,Rosario Central,Copa de la Liga,17,2006,1,90,90,7.1,1.0,1,90,1,0,0,3,0.00,1,2,-1,-1.00,-0.46,0.1,2.4,-2.2,-2.23,-1.83,ar ARG,DF,Rosario Central,Copa de la Liga,17,2006,1.0,0,0,0,0,1,0,0,2,2,0,0,0,0,3,0,100.0
Matías Giménez,ar ARG,FW,Independiente,Copa de la Liga,24,1999,7,4,280,3.1,2,0,2,2,0,0,1,0,0.6,0.6,0.0,0.7,2,6,27,0.64,0.00,0.64,0.64,0.64,0.21,0.01,0.22,0.21,0.22,ar ARG,FW,Independiente,Copa de la Liga,24,1999,3.1,2,7,2,28.6,2.25,0.64,0.29,1.00,15.7,0,0,0,0.6,0.6,0.09,+1.4,+1.4,ar ARG,FW,Independiente,Copa de la Liga,24,1999,3.1,66,93,71.0,855,132,47,55,85.5,13,20,65.0,3,7,42.9,0,0.0,0.1,0.0,2,2,2,0,6,ar ARG,FW,Independiente,Copa de la Liga,24,1999,3.1,93,92,0,0,1,0,1,0,0,0,0,0,66,1,5,ar ARG,FW,Independiente,Copa de la Liga,24,1999,3.1,6,1.94,3,0,0,2,0,1,1,0.32,1,0,0,0,0,0,ar ARG,FW,Independiente,Copa de la Liga,24,1999,3.1,3,3,0,0,3,2,4,50.0,2,1,0,1,1,4,3,0,ar ARG,FW,Independiente,Copa de la Liga,24,1999,3.1,132,3,9,56,68,10,132,11,4,36.4,6,54.5,87,282,109,2,6,1,13,5,106,27,ar ARG,FW,Independiente,Copa de la Liga,24,1999,7,280,40,22.2,3.1,4,66,0,3,6,4,1.14,3,5,-2,-0.64,-1.19,2.6,2.7,-0.1,-0.03,-0.63,ar ARG,FW,Independiente,Copa de la Liga,24,1999,3.1,1,0,0,5,5,1,1,1,3,0,0,0,13,6,11,35.3
Milton Giménez,ar ARG,FW,Banfield,Copa de la Liga,27,1996,13,13,"1,139",12.7,4,0,4,4,0,0,4,0,3.9,3.9,0.8,4.7,14,26,65,0.32,0.00,0.32,0.32,0.32,0.31,0.06,0.37,0.31,0.37,ar ARG,FW,Banfield,Copa de la Liga,27,1996,12.7,4,38,14,36.8,3.00,1.11,0.11,0.29,14.7,1,0,0,3.9,3.9,0.10,+0.1,+0.1,ar ARG,FW,Banfield,Copa de la Liga,27,1996,12.7,132,217,60.8,1835,457,72,101,71.3,40,66,60.6,6,11,54.5,0,0.8,0.4,-0.8,7,19,4,1,26,ar ARG,FW,Banfield,Copa de la Liga,27,1996,12.7,217,193,19,0,0,1,5,0,0,0,0,0,132,5,13,ar ARG,FW,Banfield,Copa de la Liga,27,1996,12.7,25,1.98,16,0,3,3,2,1,2,0.16,1,0,0,1,0,0,ar ARG,FW,Banfield,Copa de la Liga,27,1996,12.7,13,7,3,8,2,2,14,14.3,12,10,3,7,5,18,11,0,ar ARG,FW,Banfield,Copa de la Liga,27,1996,12.7,377,14,25,172,189,62,377,23,9,39.1,13,56.5,198,917,377,14,11,7,44,22,270,65,ar ARG,FW,Banfield,Copa de la Liga,27,1996,13,"1,139",88,90.4,12.7,13,88,10,0,0,0,1.31,11,10,+1,+0.08,+1.57,11.8,12.2,-0.4,-0.04,+1.20,ar ARG,FW,Banfield,Copa de la Liga,27,1996,12.7,4,0,0,28,15,13,5,5,7,0,0,0,32,51,55,48.1
Federico Girotti,ar ARG,FW,Talleres,Copa de la Liga,24,1999,14,9,780,8.7,6,0,6,6,0,0,4,0,5.1,5.1,0.1,5.2,5,7,32,0.69,0.00,0.69,0.69,0.69,0.58,0.02,0.60,0.58,0.60,ar ARG,FW,Talleres,Copa de la Liga,24,1999,8.7,6,34,13,38.2,3.92,1.50,0.18,0.46,14.1,1,0,0,5.1,5.1,0.15,+0.9,+0.9,ar ARG,FW,Talleres,Copa de la Liga,24,1999,8.7,88,151,58.3,1403,249,53,73,72.6,25,49,51.0,7,15,46.7,0,0.1,0.1,-0.1,4,8,1,0,7,ar ARG,FW,Talleres,Copa de la Liga,24,1999,8.7,151,132,17,0,0,3,9,4,0,0,0,0,88,2,5,ar ARG,FW,Talleres,Copa de la Liga,24,1999,8.7,12,1.38,8,0,1,2,1,0,1,0.12,1,0,0,0,0,0,ar ARG,FW,Talleres,Copa de la Liga,24,1999,8.7,2,2,0,1,1,1,5,20.0,4,3,1,2,3,5,18,1,ar ARG,FW,Talleres,Copa de la Liga,24,1999,8.7,248,21,21,116,112,38,248,15,8,53.3,6,40.0,112,431,129,5,4,1,14,9,167,32,ar ARG,FW,Talleres,Copa de la Liga,24,1999,14,780,56,61.9,8.7,9,76,1,5,19,0,1.71,18,8,+10,+1.15,+1.53,13.9,9.0,+5.0,+0.57,+0.31,ar ARG,FW,Talleres,Copa de la Liga,24,1999,8.7,4,0,0,8,5,6,9,3,2,0,0,0,17,30,31,49.2
Ian Glavinovich,ar ARG,DF,Newell's OB,Copa de la Liga,22,2001,12,12,"1,080",12.0,0,1,1,0,0,0,6,0,0.4,0.4,0.8,1.2,12,30,6,0.00,0.08,0.08,0.00,0.08,0.04,0.07,0.10,0.04,0.10,ar ARG,DF,Newell's OB,Copa de la Liga,22,2001,12.0,0,6,4,66.7,0.50,0.33,0.00,0.00,10.4,0,0,0,0.4,0.4,0.07,-0.4,-0.4,ar ARG,DF,Newell's OB,Copa de la Liga,22,2001,12.0,406,493,82.4,8636,3714,125,143,87.4,204,224,91.1,70,105,66.7,1,0.8,1.2,+0.2,7,29,4,1,30,ar ARG,DF,Newell's OB,Copa de la Liga,22,2001,12.0,493,473,19,18,1,7,1,1,0,0,0,0,406,1,4,ar ARG,DF,Newell's OB,Copa de la Liga,22,2001,12.0,16,1.33,15,0,0,1,0,0,1,0.08,1,0,0,0,0,0,ar ARG,DF,Newell's OB,Copa de la Liga,22,2001,12.0,13,8,6,5,2,2,8,25.0,6,17,12,5,26,39,62,0,ar ARG,DF,Newell's OB,Copa de la Liga,22,2001,12.0,634,71,313,297,32,15,634,7,5,71.4,2,28.6,293,1830,1084,12,3,0,8,3,339,6,ar ARG,DF,Newell's OB,Copa de la Liga,22,2001,12,"1,080",90,85.7,12.0,12,90,12,0,0,0,1.50,12,14,-2,-0.17,-0.17,11.2,11.6,-0.4,-0.03,-0.10,ar ARG,DF,Newell's OB,Copa de la Liga,22,2001,12.0,6,0,0,13,7,0,1,26,8,0,0,0,44,36,23,61.0
Erik Godoy,ar ARG,FW,Arg Juniors,Copa de la Liga,30,1993,1,0,12,0.1,0,0,0,0,0,0,0,0,0.0,0.0,0.0,0.0,0,0,0,0.00,0.00,0.00,0.00,0.00,0.17,0.00,0.17,0.17,0.17,ar ARG,FW,Arg Juniors,Copa de la Liga,30,1993,0.1,0,1,0,0.0,7.50,0.00,0.00,0,12.6,0,0,0,0.0,0.0,0.02,0.0,0.0,ar ARG,FW,Arg Juniors,Copa de la Liga,30,1993,0.1,0,0,0,0,0,0,0,0,0,0,0,0,0,0,0,0.0,0.0,0.0,0,0,0,0,0,ar ARG,FW,Arg Juniors,Copa de la Liga,30,1993,0.1,0,0,0,0,0,0,0,0,0,0,0,0,0,0,0,ar ARG,FW,Arg Juniors,Copa de la Liga,30,1993,0.1,0,0.00,0,0,0,0,0,0,0,0.00,0,0,0,0,0,0,ar ARG,FW,Arg Juniors,Copa de la Liga,30,1993,0.1,0,0,0,0,0,0,0,0,0,0,0,0,0,0,2,0,ar ARG,FW,Arg Juniors,Copa de la Liga,30,1993,0.1,3,2,2,0,1,1,3,0,0,0,0,0,0,0,0,0,0,0,0,0,1,0,ar ARG,FW,Arg Juniors,Copa de la Liga,30,1993,1,12,12,1.0,0.1,0,0,0,1,12,7,0.00,0,2,-2,-15.00,-15.94,0.1,0.8,-0.7,-5.23,-5.42,ar ARG,FW,Arg Juniors,Copa de la Liga,30,1993,0.1,0,0,0,0,0,0,0,0,0,0,0,0,0,3,0,100.0
Fernando Godoy,ar ARG,MF,Sarmiento,Copa de la Liga,33,1990,13,13,"1,099",12.2,1,0,1,1,0,0,2,0,0.2,0.2,0.3,0.5,3,43,5,0.08,0.00,0.08,0.08,0.08,0.01,0.03,0.04,0.01,0.04,ar ARG,MF,Sarmiento,Copa de la Liga,33,1990,12.2,1,10,4,40.0,0.82,0.33,0.10,0.25,27.9,0,0,0,0.2,0.2,0.02,+0.8,+0.8,ar ARG,MF,Sarmiento,Copa de la Liga,33,1990,12.2,357,485,73.6,7207,2417,119,148,80.4,179,221,81.0,55,92,59.8,0,0.3,0.3,-0.3,5,30,8,2,43,ar ARG,MF,Sarmiento,Copa de la Liga,33,1990,12.2,485,471,10,8,0,5,5,2,0,0,0,0,357,4,7,ar ARG,MF,Sarmiento,Copa de la Liga,33,1990,12.2,25,2.05,21,0,0,3,0,1,0,0.00,0,0,0,0,0,0,ar ARG,MF,Sarmiento,Copa de la Liga,33,1990,12.2,28,14,10,17,1,14,27,51.9,13,22,5,17,13,41,22,1,ar ARG,MF,Sarmiento,Copa de la Liga,33,1990,12.2,612,26,171,387,57,4,612,7,1,14.3,6,85.7,234,1067,493,3,1,1,13,6,323,5,ar ARG,MF,Sarmiento,Copa de la Liga,33,1990,13,"1,099",85,87.2,12.2,13,85,11,0,0,1,0.62,7,19,-12,-0.98,-2.10,9.2,15.7,-6.5,-0.54,-0.39,ar ARG,MF,Sarmiento,Copa de la Liga,33,1990,12.2,2,0,0,24,3,0,5,13,14,0,1,0,53,15,14,51.7
Matías Godoy,ar ARG,"FW,MF",Cen. Córdoba–SdE,Copa de la Liga,22,2002,6,2,287,3.2,0,0,0,0,0,0,2,0,0.8,0.8,0.2,1.1,5,4,24,0.00,0.00,0.00,0.00,0.00,0.26,0.07,0.33,0.26,0.33,ar ARG,"FW,MF",Cen. Córdoba–SdE,Copa de la Liga,22,2002,3.2,0,7,2,28.6,2.20,0.63,0.00,0.00,13.8,0,0,0,0.8,0.8,0.12,-0.8,-0.8,ar ARG,"FW,MF",Cen. Córdoba–SdE,Copa de la Liga,22,2002,3.2,39,67,58.2,639,148,22,33,66.7,11,14,78.6,5,10,50.0,0,0.2,0.4,-0.2,2,3,2,1,4,ar ARG,"FW,MF",Cen. Córdoba–SdE,Copa de la Liga,22,2002,3.2,67,60,5,1,1,0,4,1,3,2,1,0,39,2,4,ar ARG,"FW,MF",Cen. Córdoba–SdE,Copa de la Liga,22,2002,3.2,6,1.88,2,1,1,1,1,0,0,0.00,0,0,0,0,0,0,ar ARG,"FW,MF",Cen. Córdoba–SdE,Copa de la Liga,22,2002,3.2,0,0,0,0,0,0,4,0.0,4,1,0,1,1,1,1,0,ar ARG,"FW,MF",Cen. Córdoba–SdE,Copa de la Liga,22,2002,3.2,108,0,6,43,61,11,108,14,6,42.9,8,57.1,60,446,198,5,4,3,11,5,72,24,ar ARG,"FW,MF",Cen. Córdoba–SdE,Copa de la Liga,22,2002,6,287,48,22.8,3.2,2,90,2,4,27,0,0.33,0,4,-4,-1.25,-0.70,1.6,5.1,-3.5,-1.10,-0.43,ar ARG,"FW,MF",Cen. Córdoba–SdE,Copa de la Liga,22,2002,3.2,2,0,0,4,6,0,4,1,0,0,0,0,10,1,1,50.0
Santiago Godoy,ar ARG,"FW,MF",Defensa y Just,Copa de la Liga,22,2001,9,0,117,1.3,0,0,0,0,0,0,0,0,0.5,0.5,0.1,0.6,1,2,12,0.00,0.00,0.00,0.00,0.00,0.35,0.11,0.46,0.35,0.46,ar ARG,"FW,MF",Defensa y Just,Copa de la Liga,22,2001,1.3,0,7,2,28.6,5.38,1.54,0.00,0.00,14.4,0,0,0,0.5,0.5,0.06,-0.5,-0.5,ar ARG,"FW,MF",Defensa y Just,Copa de la Liga,22,2001,1.3,21,33,63.6,272,55,14,20,70.0,6,8,75.0,1,2,50.0,0,0.1,0.0,-0.1,1,2,1,0,2,ar ARG,"FW,MF",Defensa y Just,Copa de la Liga,22,2001,1.3,33,31,1,0,0,0,1,0,0,0,0,0,21,1,2,ar ARG,"FW,MF",Defensa y Just,Copa de la Liga,22,2001,1.3,4,3.08,1,0,0,1,1,1,0,0.00,0,0,0,0,0,0,ar ARG,"FW,MF",Defensa y Just,Copa de la Liga,22,2001,1.3,3,3,0,3,0,1,4,25.0,3,3,0,3,0,3,1,0,ar ARG,"FW,MF",Defensa y Just,Copa de la Liga,22,2001,1.3,59,1,3,24,33,7,59,5,3,60.0,2,40.0,34,218,83,1,2,1,9,3,47,12,ar ARG,"FW,MF",Defensa y Just,Copa de la Liga,22,2001,9,117,13,9.3,1.3,0,0,0,9,13,3,2.10,1,1,0,0.00,-0.31,1.9,1.1,+0.9,+0.67,+0.78,ar ARG,"FW,MF",Defensa y Just,Copa de la Liga,22,2001,1.3,0,0,0,5,2,2,1,0,3,0,0,0,4,5,8,38.5
Jonatan Goitía,ar ARG,"MF,DF",Deportivo Riestra,Copa de la Liga,29,1994,14,10,980,10.9,1,0,1,1,0,0,4,0,0.9,0.9,0.2,1.0,5,27,23,0.09,0.00,0.09,0.09,0.09,0.08,0.01,0.09,0.08,0.09,ar ARG,"MF,DF",Deportivo Riestra,Copa de la Liga,29,1994,10.9,1,16,1,6.3,1.47,0.09,0.06,1.00,28.5,0,0,0,0.9,0.9,0.05,+0.1,+0.1,ar ARG,"MF,DF",Deportivo Riestra,Copa de la Liga,29,1994,10.9,171,296,57.8,3206,1357,68,93,73.1,71,118,60.2,26,58,44.8,0,0.2,0.5,-0.2,4,24,8,5,27,ar ARG,"MF,DF",Deportivo Riestra,Copa de la Liga,29,1994,10.9,296,248,46,2,3,1,34,39,5,1,4,0,171,2,11,ar ARG,"MF,DF",Deportivo Riestra,Copa de la Liga,29,1994,10.9,11,1.01,8,1,0,0,0,2,0,0.00,0,0,0,0,0,0,ar ARG,"MF,DF",Deportivo Riestra,Copa de la Liga,29,1994,10.9,38,28,19,16,3,22,32,68.8,10,15,4,11,17,55,15,0,ar ARG,"MF,DF",Deportivo Riestra,Copa de la Liga,29,1994,10.9,421,22,92,196,140,7,421,10,5,50.0,5,50.0,135,555,257,5,7,1,17,4,146,23,ar ARG,"MF,DF",Deportivo Riestra,Copa de la Liga,29,1994,14,980,70,77.8,10.9,10,85,8,4,32,0,0.93,4,13,-9,-0.83,-1.15,6.2,16.5,-10.2,-0.94,-0.70,ar ARG,"MF,DF",Deportivo Riestra,Copa de la Liga,29,1994,10.9,4,0,0,21,8,0,34,17,28,0,0,0,52,11,9,55.0
Elías Gómez,ar ARG,DF,Vélez Sarsfield,Copa de la Liga,29,1994,14,14,"1,260",14.0,1,0,1,1,0,0,2,0,0.5,0.5,0.7,1.2,23,89,41,0.07,0.00,0.07,0.07,0.07,0.04,0.05,0.08,0.04,0.08,ar ARG,DF,Vélez Sarsfield,Copa de la Liga,29,1994,14.0,1,8,2,25.0,0.57,0.14,0.13,0.50,16.6,0,0,0,0.5,0.5,0.06,+0.5,+0.5,ar ARG,DF,Vélez Sarsfield,Copa de la Liga,29,1994,14.0,624,829,75.3,10756,5289,302,345,87.5,251,322,78.0,60,122,49.2,0,0.7,0.6,-0.7,9,63,10,7,89,ar ARG,DF,Vélez Sarsfield,Copa de la Liga,29,1994,14.0,829,701,126,22,0,6,55,104,0,0,0,0,624,2,13,ar ARG,DF,Vélez Sarsfield,Copa de la Liga,29,1994,14.0,26,1.86,21,2,1,1,1,0,1,0.07,0,1,0,0,0,0,ar ARG,DF,Vélez Sarsfield,Copa de la Liga,29,1994,14.0,31,27,19,6,6,18,28,64.3,10,13,1,12,11,42,29,0,ar ARG,DF,Vélez Sarsfield,Copa de la Liga,29,1994,14.0,1001,47,337,473,201,21,1001,25,13,52.0,11,44.0,519,2795,1678,23,24,2,29,6,561,41,ar ARG,DF,Vélez Sarsfield,Copa de la Liga,29,1994,14,"1,260",90,100.0,14.0,14,90,14,0,0,0,1.81,14,13,+1,+0.07,0,16.6,11.7,+4.9,+0.35,0,ar ARG,DF,Vélez Sarsfield,Copa de la Liga,29,1994,14.0,2,0,0,12,29,1,55,11,27,0,0,0,98,27,23,54.0
Gastón Gómez,ar ARG,GK,San Lorenzo,Copa de la Liga,27,1996,3,2,187,2.1,0,0,0,0,0,0,0,0,0.0,0.0,0.0,0.0,0,0,0,0.00,0.00,0.00,0.00,0.00,0.00,0.00,0.00,0.00,0.00,ar ARG,GK,San Lorenzo,Copa de la Liga,27,1996,2.1,0,0,0,0,0.00,0.00,0,0,0,0,0,0,0.0,0.0,0,0.0,0.0,ar ARG,GK,San Lorenzo,Copa de la Liga,27,1996,2.1,29,52,55.8,1215,1069,1,1,100.0,9,9,100.0,19,41,46.3,0,0.0,0.0,0.0,0,4,0,0,0,ar ARG,GK,San Lorenzo,Copa de la Liga,27,1996,2.1,52,25,26,10,0,0,0,0,0,0,0,0,29,1,0,ar ARG,GK,San Lorenzo,Copa de la Liga,27,1996,2.1,0,0.00,0,0,0,0,0,0,0,0.00,0,0,0,0,0,0,ar ARG,GK,San Lorenzo,Copa de la Liga,27,1996,2.1,0,0,0,0,0,0,0,0,0,0,0,0,0,0,1,1,ar ARG,GK,San Lorenzo,Copa de la Liga,27,1996,2.1,57,44,57,0,0,0,57,0,0,0,0,0,19,138,117,0,0,0,0,0,10,0,ar ARG,GK,San Lorenzo,Copa de la Liga,27,1996,3,187,62,14.8,2.1,2,90,2,1,7,11,0.33,1,4,-3,-1.44,-1.36,1.6,2.1,-0.5,-0.26,-0.36,ar ARG,GK,San Lorenzo,Copa de la Liga,27,1996,2.1,0,0,0,1,0,0,0,0,0,0,1,0,3,0,0,0
Iván Gómez,ar ARG,MF,Platense,Copa de la Liga,26,1997,12,11,961,10.7,0,0,0,0,0,0,4,0,0.7,0.7,0.5,1.1,11,42,27,0.00,0.00,0.00,0.00,0.00,0.06,0.04,0.11,0.06,0.11,ar ARG,MF,Platense,Copa de la Liga,26,1997,10.7,0,9,1,11.1,0.84,0.09,0.00,0.00,19.6,0,0,0,0.7,0.7,0.08,-0.7,-0.7,ar ARG,MF,Platense,Copa de la Liga,26,1997,10.7,270,344,78.5,4300,1416,140,160,87.5,94,120,78.3,21,33,63.6,0,0.5,0.2,-0.5,4,31,2,2,42,ar ARG,MF,Platense,Copa de la Liga,26,1997,10.7,344,336,7,2,0,1,16,2,0,0,0,0,270,1,7,ar ARG,MF,Platense,Copa de la Liga,26,1997,10.7,10,0.94,7,0,0,2,0,1,0,0.00,0,0,0,0,0,0,ar ARG,MF,Platense,Copa de la Liga,26,1997,10.7,37,23,10,22,5,17,31,54.8,14,12,0,12,18,55,12,0,ar ARG,MF,Platense,Copa de la Liga,26,1997,10.7,480,12,114,288,85,11,480,21,10,47.6,10,47.6,241,1469,601,11,8,2,24,13,261,27,ar ARG,MF,Platense,Copa de la Liga,26,1997,12,961,80,76.3,10.7,11,83,7,1,45,0,1.17,7,13,-6,-0.56,-1.16,11.3,11.7,-0.4,-0.04,-0.06,ar ARG,MF,Platense,Copa de la Liga,26,1997,10.7,4,0,0,14,11,0,16,18,23,0,0,0,69,15,14,51.7
José Gómez,ar ARG,DF,Cen. Córdoba–SdE,Copa de la Liga,23,2000,3,2,225,2.5,0,0,0,0,0,0,0,0,0.0,0.0,0.0,0.0,1,9,9,0.00,0.00,0.00,0.00,0.00,0.00,0.01,0.01,0.00,0.01,ar ARG,DF,Cen. Córdoba–SdE,Copa de la Liga,23,2000,2.5,0,0,0,0,0.00,0.00,0,0,0,0,0,0,0.0,0.0,0,0.0,0.0,ar ARG,DF,Cen. Córdoba–SdE,Copa de la Liga,23,2000,2.5,65,104,62.5,1011,542,32,38,84.2,22,37,59.5,6,19,31.6,0,0.0,0.1,0.0,2,7,0,0,9,ar ARG,DF,Cen. Córdoba–SdE,Copa de la Liga,23,2000,2.5,104,70,33,3,0,0,7,30,0,0,0,0,65,1,2,ar ARG,DF,Cen. Córdoba–SdE,Copa de la Liga,23,2000,2.5,3,1.20,2,1,0,0,0,0,0,0.00,0,0,0,0,0,0,ar ARG,DF,Cen. Córdoba–SdE,Copa de la Liga,23,2000,2.5,4,1,4,0,0,3,6,50.0,3,9,3,6,2,6,8,0,ar ARG,DF,Cen. Córdoba–SdE,Copa de la Liga,23,2000,2.5,133,12,43,54,37,1,133,1,1,100.0,0,0.0,37,156,78,1,4,0,3,1,42,9,ar ARG,DF,Cen. Córdoba–SdE,Copa de la Liga,23,2000,3,225,75,17.9,2.5,2,90,2,1,45,9,0.33,0,3,-3,-1.20,-0.59,1.2,3.3,-2.0,-0.81,-0.05,ar ARG,DF,Cen. Córdoba–SdE,Copa de la Liga,23,2000,2.5,0,0,0,1,4,0,7,2,1,0,0,0,11,1,0,100.0
Matías Gómez,ar ARG,MF,Huracán,Copa de la Liga,20,2003,3,0,61,0.7,0,0,0,0,0,0,0,0,0.0,0.0,0.2,0.2,3,4,3,0.00,0.00,0.00,0.00,0.00,0.00,0.30,0.30,0.00,0.30,ar ARG,MF,Huracán,Copa de la Liga,20,2003,0.7,0,0,0,0,0.00,0.00,0,0,0,0,0,0,0.0,0.0,0,0.0,0.0,ar ARG,MF,Huracán,Copa de la Liga,20,2003,0.7,25,34,73.5,495,148,12,14,85.7,6,8,75.0,6,8,75.0,0,0.2,0.2,-0.2,4,3,2,1,4,ar ARG,MF,Huracán,Copa de la Liga,20,2003,0.7,34,31,3,1,0,0,6,0,2,0,2,0,25,0,2,ar ARG,MF,Huracán,Copa de la Liga,20,2003,0.7,6,8.85,4,1,1,0,0,0,0,0.00,0,0,0,0,0,0,ar ARG,MF,Huracán,Copa de la Liga,20,2003,0.7,7,0,4,3,0,3,6,50.0,3,2,0,2,2,9,1,0,ar ARG,MF,Huracán,Copa de la Liga,20,2003,0.7,50,1,8,21,23,4,50,4,2,50.0,2,50.0,23,142,54,3,0,1,4,1,26,3,ar ARG,MF,Huracán,Copa de la Liga,20,2003,3,61,20,4.8,0.7,0,0,0,3,20,7,0.00,0,2,-2,-2.95,-3.10,0.4,2.0,-1.6,-2.42,-2.26,ar ARG,MF,Huracán,Copa de la Liga,20,2003,0.7,0,0,0,2,0,0,6,2,0,0,0,0,4,0,1,0.0
Román Gómez,ar ARG,DF,Estudiantes–LP,Copa de la Liga,19,2004,1,1,89,1.0,0,0,0,0,0,0,0,0,0.0,0.0,0.0,0.0,1,0,4,0.00,0.00,0.00,0.00,0.00,0.00,0.00,0.00,0.00,0.00,ar ARG,DF,Estudiantes–LP,Copa de la Liga,19,2004,1.0,0,0,0,0,0.00,0.00,0,0,0,0,0,0,0.0,0.0,0,0.0,0.0,ar ARG,DF,Estudiantes–LP,Copa de la Liga,19,2004,1.0,19,30,63.3,297,113,8,9,88.9,9,13,69.2,1,5,20.0,0,0.0,0.0,0.0,0,0,0,0,0,ar ARG,DF,Estudiantes–LP,Copa de la Liga,19,2004,1.0,30,23,7,0,0,0,2,7,0,0,0,0,19,0,2,ar ARG,DF,Estudiantes–LP,Copa de la Liga,19,2004,1.0,0,0.00,0,0,0,0,0,0,0,0.00,0,0,0,0,0,0,ar ARG,DF,Estudiantes–LP,Copa de la Liga,19,2004,1.0,4,4,4,0,0,0,1,0.0,1,2,0,2,2,6,5,0,ar ARG,DF,Estudiantes–LP,Copa de la Liga,19,2004,1.0,49,3,20,23,6,2,49,0,0,0,0,0,15,64,25,1,1,1,3,0,14,4,ar ARG,DF,Estudiantes–LP,Copa de la Liga,19,2004,1,89,89,7.1,1.0,1,89,0,0,0,3,0.00,1,2,-1,-1.01,-1.86,0.5,1.1,-0.6,-0.58,-1.26,ar ARG,DF,Estudiantes–LP,Copa de la Liga,19,2004,1.0,0,0,0,0,2,0,2,2,4,0,0,0,4,3,2,60.0
Valentín Gómez,ar ARG,DF,Vélez Sarsfield,Copa de la Liga,20,2003,12,11,958,10.6,1,0,1,1,0,0,4,0,0.4,0.4,0.1,0.5,3,20,0,0.09,0.00,0.09,0.09,0.09,0.04,0.01,0.04,0.04,0.04,ar ARG,DF,Vélez Sarsfield,Copa de la Liga,20,2003,10.6,1,6,1,16.7,0.56,0.09,0.17,1.00,13.1,0,0,0,0.4,0.4,0.07,+0.6,+0.6,ar ARG,DF,Vélez Sarsfield,Copa de la Liga,20,2003,10.6,411,500,82.2,7593,3347,147,161,91.3,227,256,88.7,29,66,43.9,0,0.1,0.2,-0.1,2,14,0,0,20,ar ARG,DF,Vélez Sarsfield,Copa de la Liga,20,2003,10.6,500,475,25,22,0,0,0,3,0,0,0,0,411,0,6,ar ARG,DF,Vélez Sarsfield,Copa de la Liga,20,2003,10.6,4,0.38,4,0,0,0,0,0,0,0.00,0,0,0,0,0,0,ar ARG,DF,Vélez Sarsfield,Copa de la Liga,20,2003,10.6,14,10,13,1,0,11,15,73.3,4,11,8,3,16,30,55,0,ar ARG,DF,Vélez Sarsfield,Copa de la Liga,20,2003,10.6,622,78,389,224,14,10,622,2,1,50.0,1,50.0,322,1650,1122,3,2,0,6,4,366,0,ar ARG,DF,Vélez Sarsfield,Copa de la Liga,20,2003,12,958,80,76.0,10.6,11,83,10,1,45,0,1.93,12,12,0,0.00,-0.30,13.1,9.8,+3.3,+0.31,-0.16,ar ARG,DF,Vélez Sarsfield,Copa de la Liga,20,2003,10.6,4,0,0,8,10,0,0,16,10,0,0,0,45,32,22,59.3
Luciano Gondou,ar ARG,FW,Arg Juniors,Copa de la Liga,22,2001,8,8,714,7.9,2,3,5,1,1,1,1,0,2.6,1.8,2.2,4.0,11,16,71,0.25,0.38,0.63,0.13,0.50,0.33,0.28,0.61,0.23,0.51,ar ARG,FW,Arg Juniors,Copa de la Liga,22,2001,7.9,2,21,6,28.6,2.65,0.76,0.05,0.17,17.2,0,1,1,2.6,1.8,0.09,-0.6,-0.8,ar ARG,FW,Arg Juniors,Copa de la Liga,22,2001,7.9,99,172,57.6,1557,363,61,93,65.6,26,43,60.5,11,20,55.0,3,2.2,1.1,+0.8,15,5,6,1,16,ar ARG,FW,Arg Juniors,Copa de la Liga,22,2001,7.9,172,168,4,0,1,0,12,0,0,0,0,0,99,0,10,ar ARG,FW,Arg Juniors,Copa de la Liga,22,2001,7.9,33,4.17,25,0,1,3,2,2,6,0.76,4,0,0,0,1,1,ar ARG,FW,Arg Juniors,Copa de la Liga,22,2001,7.9,13,4,2,4,7,5,8,62.5,3,11,2,9,2,15,13,0,ar ARG,FW,Arg Juniors,Copa de la Liga,22,2001,7.9,291,16,39,103,153,51,290,17,4,23.5,13,76.5,158,738,304,11,4,6,24,11,195,71,ar ARG,FW,Arg Juniors,Copa de la Liga,22,2001,8,714,89,56.7,7.9,8,89,7,0,0,0,1.70,15,8,+7,+0.88,+0.22,11.3,9.1,+2.2,+0.27,+0.31,ar ARG,FW,Arg Juniors,Copa de la Liga,22,2001,7.9,1,0,0,14,17,4,12,2,4,1,0,0,30,18,21,46.2
Gonzalo Goñi,ar ARG,DF,Barracas Central,Copa de la Liga,25,1998,13,12,"1,080",12.0,0,0,0,0,0,0,1,0,0.1,0.1,0.1,0.3,0,6,0,0.00,0.00,0.00,0.00,0.00,0.01,0.01,0.02,0.01,0.02,ar ARG,DF,Barracas Central,Copa de la Liga,25,1998,12.0,0,1,0,0.0,0.08,0.00,0.00,0,8.6,0,0,0,0.1,0.1,0.14,-0.1,-0.1,ar ARG,DF,Barracas Central,Copa de la Liga,25,1998,12.0,282,340,82.9,5327,2088,88,104,84.6,173,195,88.7,19,33,57.6,0,0.1,0.0,-0.1,3,1,0,0,6,ar ARG,DF,Barracas Central,Copa de la Liga,25,1998,12.0,340,323,16,15,0,0,0,1,0,0,0,0,282,1,2,ar ARG,DF,Barracas Central,Copa de la Liga,25,1998,12.0,2,0.17,1,0,0,1,0,0,1,0.08,0,0,0,1,0,0,ar ARG,DF,Barracas Central,Copa de la Liga,25,1998,12.0,15,8,12,3,0,9,12,75.0,3,18,8,10,13,28,46,0,ar ARG,DF,Barracas Central,Copa de la Liga,25,1998,12.0,444,75,334,106,6,4,444,0,0,0,0,0,190,601,234,0,0,0,5,1,221,0,ar ARG,DF,Barracas Central,Copa de la Liga,25,1998,13,"1,080",83,85.7,12.0,12,86,11,1,45,1,1.79,19,14,+5,+0.42,+0.42,14.0,15.8,-1.8,-0.15,+0.27,ar ARG,DF,Barracas Central,Copa de la Liga,25,1998,12.0,1,0,0,3,3,1,0,13,8,0,0,0,34,20,21,48.8
David González,ar ARG,"DF,MF",Lanús,Copa de la Liga,19,2004,4,0,96,1.1,0,0,0,0,0,0,1,0,0.0,0.0,0.0,0.0,4,12,1,0.00,0.00,0.00,0.00,0.00,0.01,0.00,0.01,0.01,0.01,ar ARG,"DF,MF",Lanús,Copa de la Liga,19,2004,1.1,0,1,0,0.0,0.94,0.00,0.00,0,11.2,0,0,0,0.0,0.0,0.01,0.0,0.0,ar ARG,"DF,MF",Lanús,Copa de la Liga,19,2004,1.1,54,64,84.4,900,289,23,26,88.5,24,28,85.7,4,6,66.7,0,0.0,0.0,0.0,0,6,0,0,12,ar ARG,"DF,MF",Lanús,Copa de la Liga,19,2004,1.1,64,62,2,2,0,1,0,0,0,0,0,0,54,0,0,ar ARG,"DF,MF",Lanús,Copa de la Liga,19,2004,1.1,2,1.87,2,0,0,0,0,0,0,0.00,0,0,0,0,0,0,ar ARG,"DF,MF",Lanús,Copa de la Liga,19,2004,1.1,5,2,2,2,1,3,5,60.0,2,3,1,2,0,5,1,0,ar ARG,"DF,MF",Lanús,Copa de la Liga,19,2004,1.1,79,4,19,52,8,1,79,0,0,0,0,0,39,316,155,4,2,0,3,0,41,1,ar ARG,"DF,MF",Lanús,Copa de la Liga,19,2004,4,96,24,7.6,1.1,0,0,0,4,24,8,1.25,2,1,+1,+0.94,+0.55,2.0,1.2,+0.8,+0.72,+0.32,ar ARG,"DF,MF",Lanús,Copa de la Liga,19,2004,1.1,1,0,0,3,2,0,0,0,2,0,0,0,6,5,3,62.5
David González,ar ARG,MF,Racing Club,Copa de la Liga,20,2003,1,0,17,0.2,0,0,0,0,0,0,0,0,0.0,0.0,0.0,0.0,2,1,1,0.00,0.00,0.00,0.00,0.00,0.00,0.12,0.12,0.00,0.12,ar ARG,"DF,MF",Lanús,Copa de la Liga,19,2004,1.1,0,1,0,0.0,0.94,0.00,0.00,0,11.2,0,0,0,0.0,0.0,0.01,0.0,0.0,ar ARG,"DF,MF",Lanús,Copa de la Liga,19,2004,1.1,54,64,84.4,900,289,23,26,88.5,24,28,85.7,4,6,66.7,0,0.0,0.0,0.0,0,6,0,0,12,ar ARG,"DF,MF",Lanús,Copa de la Liga,19,2004,1.1,64,62,2,2,0,1,0,0,0,0,0,0,54,0,0,ar ARG,"DF,MF",Lanús,Copa de la Liga,19,2004,1.1,2,1.87,2,0,0,0,0,0,0,0.00,0,0,0,0,0,0,ar ARG,"DF,MF",Lanús,Copa de la Liga,19,2004,1.1,5,2,2,2,1,3,5,60.0,2,3,1,2,0,5,1,0,ar ARG,"DF,MF",Lanús,Copa de la Liga,19,2004,1.1,79,4,19,52,8,1,79,0,0,0,0,0,39,316,155,4,2,0,3,0,41,1,ar ARG,"DF,MF",Lanús,Copa de la Liga,19,2004,4,96,24,7.6,1.1,0,0,0,4,24,8,1.25,2,1,+1,+0.94,+0.55,2.0,1.2,+0.8,+0.72,+0.32,ar ARG,"DF,MF",Lanús,Copa de la Liga,19,2004,1.1,1,0,0,3,2,0,0,0,2,0,0,0,6,5,3,62.5
Francisco González,ar ARG,"MF,FW",Belgrano,Copa de la Liga,26,1997,12,10,794,8.8,0,1,1,0,0,0,2,0,0.9,0.9,0.8,1.7,14,30,40,0.00,0.11,0.11,0.00,0.11,0.10,0.09,0.19,0.10,0.19,ar ARG,"MF,FW",Belgrano,Copa de la Liga,26,1997,8.8,0,11,4,36.4,1.25,0.45,0.00,0.00,19.9,1,0,0,0.9,0.9,0.08,-0.9,-0.9,ar ARG,"MF,FW",Belgrano,Copa de la Liga,26,1997,8.8,188,261,72.0,2609,885,105,126,83.3,58,78,74.4,12,22,54.5,1,0.8,0.9,+0.2,7,31,6,2,30,ar ARG,"MF,FW",Belgrano,Copa de la Liga,26,1997,8.8,261,240,19,2,0,0,13,3,8,4,3,0,188,2,14,ar ARG,"MF,FW",Belgrano,Copa de la Liga,26,1997,8.8,15,1.70,13,1,0,0,1,0,2,0.23,1,0,0,0,1,0,ar ARG,"MF,FW",Belgrano,Copa de la Liga,26,1997,8.8,12,4,5,5,2,5,20,25.0,15,16,0,16,5,17,7,0,ar ARG,"MF,FW",Belgrano,Copa de la Liga,26,1997,8.8,361,12,50,175,140,22,361,18,3,16.7,12,66.7,190,914,479,14,11,3,16,17,236,40,ar ARG,"MF,FW",Belgrano,Copa de la Liga,26,1997,12,794,66,63.0,8.8,10,72,1,2,40,0,1.08,11,11,0,0.00,+0.39,10.3,11.0,-0.7,-0.07,+0.01,ar ARG,"MF,FW",Belgrano,Copa de la Liga,26,1997,8.8,2,0,0,6,10,4,13,5,4,0,0,0,32,2,18,10.0
Francisco González,ar ARG,FW,Newell's OB,Copa de la Liga,22,2001,9,9,660,7.3,1,1,2,1,0,0,1,0,1.7,1.7,0.9,2.5,15,14,49,0.14,0.14,0.27,0.14,0.27,0.23,0.12,0.35,0.23,0.35,ar ARG,"MF,FW",Belgrano,Copa de la Liga,26,1997,8.8,0,11,4,36.4,1.25,0.45,0.00,0.00,19.9,1,0,0,0.9,0.9,0.08,-0.9,-0.9,ar ARG,"MF,FW",Belgrano,Copa de la Liga,26,1997,8.8,188,261,72.0,2609,885,105,126,83.3,58,78,74.4,12,22,54.5,1,0.8,0.9,+0.2,7,31,6,2,30,ar ARG,"MF,FW",Belgrano,Copa de la Liga,26,1997,8.8,261,240,19,2,0,0,13,3,8,4,3,0,188,2,14,ar ARG,"MF,FW",Belgrano,Copa de la Liga,26,1997,8.8,15,1.70,13,1,0,0,1,0,2,0.23,1,0,0,0,1,0,ar ARG,"MF,FW",Belgrano,Copa de la Liga,26,1997,8.8,12,4,5,5,2,5,20,25.0,15,16,0,16,5,17,7,0,ar ARG,"MF,FW",Belgrano,Copa de la Liga,26,1997,8.8,361,12,50,175,140,22,361,18,3,16.7,12,66.7,190,914,479,14,11,3,16,17,236,40,ar ARG,"MF,FW",Belgrano,Copa de la Liga,26,1997,12,794,66,63.0,8.8,10,72,1,2,40,0,1.08,11,11,0,0.00,+0.39,10.3,11.0,-0.7,-0.07,+0.01,ar ARG,"MF,FW",Belgrano,Copa de la Liga,26,1997,8.8,2,0,0,6,10,4,13,5,4,0,0,0,32,2,18,10.0
Lucas González,ar ARG,"MF,FW",Independiente,Copa de la Liga,23,2000,13,10,798,8.9,1,1,2,1,0,0,3,0,1.3,1.3,0.7,2.1,17,53,56,0.11,0.11,0.23,0.11,0.23,0.15,0.08,0.23,0.15,0.23,ar ARG,"MF,FW",Independiente,Copa de la Liga,23,2000,8.9,1,26,7,26.9,2.93,0.79,0.04,0.14,23.7,1,0,0,1.3,1.3,0.05,-0.3,-0.3,ar ARG,"MF,FW",Independiente,Copa de la Liga,23,2000,8.9,246,308,79.9,3827,975,134,149,89.9,84,96,87.5,20,31,64.5,1,0.7,1.1,+0.3,11,33,16,3,53,ar ARG,"MF,FW",Independiente,Copa de la Liga,23,2000,8.9,308,300,7,0,1,3,14,5,1,0,1,0,246,1,14,ar ARG,"MF,FW",Independiente,Copa de la Liga,23,2000,8.9,31,3.50,19,2,3,3,3,1,1,0.11,1,0,0,0,0,0,ar ARG,"MF,FW",Independiente,Copa de la Liga,23,2000,8.9,10,6,2,5,3,7,14,50.0,7,12,0,12,3,13,3,0,ar ARG,"MF,FW",Independiente,Copa de la Liga,23,2000,8.9,426,1,25,189,217,28,426,24,11,45.8,11,45.8,291,1450,617,17,20,7,28,24,327,56,ar ARG,"MF,FW",Independiente,Copa de la Liga,23,2000,13,798,61,63.3,8.9,10,69,2,3,37,0,1.77,13,8,+5,+0.56,+0.76,12.8,7.3,+5.6,+0.63,+0.46,ar ARG,"MF,FW",Independiente,Copa de la Liga,23,2000,8.9,3,0,0,20,17,0,14,3,6,0,0,0,42,3,9,25.0
Matías González,ar ARG,"MF,FW",Banfield,Copa de la Liga,21,2002,5,0,98,1.1,0,0,0,0,0,0,1,0,0.1,0.1,0.1,0.2,4,5,5,0.00,0.00,0.00,0.00,0.00,0.09,0.06,0.15,0.09,0.15,ar ARG,"MF,FW",Banfield,Copa de la Liga,21,2002,1.1,0,3,2,66.7,2.76,1.84,0.00,0.00,30.5,1,0,0,0.1,0.1,0.03,-0.1,-0.1,ar ARG,"MF,FW",Banfield,Copa de la Liga,21,2002,1.1,40,58,69.0,638,119,18,22,81.8,19,22,86.4,2,9,22.2,0,0.1,0.4,-0.1,2,5,1,1,5,ar ARG,"MF,FW",Banfield,Copa de la Liga,21,2002,1.1,58,46,12,7,0,1,7,0,4,0,2,0,40,0,2,ar ARG,"MF,FW",Banfield,Copa de la Liga,21,2002,1.1,4,3.71,3,1,0,0,0,0,1,0.93,1,0,0,0,0,0,ar ARG,"MF,FW",Banfield,Copa de la Liga,21,2002,1.1,4,2,0,1,3,0,2,0.0,2,0,0,0,0,4,0,0,ar ARG,"MF,FW",Banfield,Copa de la Liga,21,2002,1.1,69,0,1,41,29,1,69,7,5,71.4,2,28.6,41,347,186,4,2,0,3,2,44,5,ar ARG,"MF,FW",Banfield,Copa de la Liga,21,2002,5,98,20,7.8,1.1,0,0,0,5,20,7,0.60,3,3,0,0.00,+0.08,1.7,1.3,+0.4,+0.39,+0.59,ar ARG,"MF,FW",Banfield,Copa de la Liga,21,2002,1.1,1,0,0,1,1,0,7,0,2,0,0,0,7,0,0,0
Leandro González Pirez,ar ARG,DF,River Plate,Copa de la Liga,31,1992,12,12,"1,052",11.7,1,0,1,1,0,0,4,0,0.1,0.1,0.1,0.3,8,50,0,0.09,0.00,0.09,0.09,0.09,0.01,0.01,0.02,0.01,0.02,ar ARG,DF,River Plate,Copa de la Liga,31,1992,11.7,1,3,1,33.3,0.26,0.09,0.33,1.00,19.4,0,0,0,0.1,0.1,0.04,+0.9,+0.9,ar ARG,DF,River Plate,Copa de la Liga,31,1992,11.7,566,649,87.2,12267,5071,136,158,86.1,331,353,93.8,92,118,78.0,0,0.1,0.1,-0.1,4,55,0,0,50,ar ARG,DF,River Plate,Copa de la Liga,31,1992,11.7,649,613,34,33,0,12,0,1,0,0,0,0,566,2,7,ar ARG,DF,River Plate,Copa de la Liga,31,1992,11.7,10,0.86,10,0,0,0,0,0,0,0.00,0,0,0,0,0,0,ar ARG,DF,River Plate,Copa de la Liga,31,1992,11.7,16,10,9,6,1,8,13,61.5,5,10,8,2,18,34,50,0,ar ARG,DF,River Plate,Copa de la Liga,31,1992,11.7,764,87,378,378,12,3,764,4,3,75.0,1,25.0,415,2059,1353,8,2,0,6,4,468,0,ar ARG,DF,River Plate,Copa de la Liga,31,1992,12,"1,052",88,83.5,11.7,12,88,11,0,0,2,1.77,24,10,+14,+1.20,+0.33,20.6,9.8,+10.8,+0.93,-0.28,ar ARG,DF,River Plate,Copa de la Liga,31,1992,11.7,4,0,0,14,6,0,0,18,10,0,0,0,66,19,16,54.3
Ramón Gonzalez,ar ARG,FW,Deportivo Riestra,Copa de la Liga,21,2002,4,2,151,1.7,0,0,0,0,0,0,0,0,0.0,0.0,0.1,0.1,0,3,5,0.00,0.00,0.00,0.00,0.00,0.00,0.07,0.07,0.00,0.07,ar ARG,FW,Deportivo Riestra,Copa de la Liga,21,2002,1.7,0,0,0,0,0.00,0.00,0,0,0,0,0,0,0.0,0.0,0,0.0,0.0,ar ARG,FW,Deportivo Riestra,Copa de la Liga,21,2002,1.7,14,32,43.8,152,79,8,14,57.1,2,8,25.0,1,1,100.0,0,0.1,0.1,-0.1,1,2,0,0,3,ar ARG,FW,Deportivo Riestra,Copa de la Liga,21,2002,1.7,32,32,0,0,0,0,3,0,0,0,0,0,14,0,4,ar ARG,FW,Deportivo Riestra,Copa de la Liga,21,2002,1.7,2,1.19,2,0,0,0,0,0,0,0.00,0,0,0,0,0,0,ar ARG,FW,Deportivo Riestra,Copa de la Liga,21,2002,1.7,4,2,0,2,2,1,1,100.0,0,3,1,2,2,6,1,0,ar ARG,FW,Deportivo Riestra,Copa de la Liga,21,2002,1.7,53,3,7,18,30,3,53,3,2,66.7,1,33.3,27,101,17,0,0,0,7,4,37,5,ar ARG,FW,Deportivo Riestra,Copa de la Liga,21,2002,4,151,38,12.0,1.7,2,59,0,2,17,10,1.00,0,0,0,0.00,+0.65,0.4,1.6,-1.2,-0.71,+0.08,ar ARG,FW,Deportivo Riestra,Copa de la Liga,21,2002,1.7,0,0,0,7,1,0,3,2,2,0,0,0,4,5,6,45.5
Santiago González,ar ARG,MF,Tigre,Copa de la Liga,20,2003,1,1,53,0.6,0,0,0,0,0,0,0,0,0.0,0.0,0.0,0.0,0,3,1,0.00,0.00,0.00,0.00,0.00,0.00,0.00,0.00,0.00,0.00,ar ARG,MF,Tigre,Copa de la Liga,20,2003,0.6,0,0,0,0,0.00,0.00,0,0,0,0,0,0,0.0,0.0,0,0.0,0.0,ar ARG,MF,Tigre,Copa de la Liga,20,2003,0.6,18,24,75.0,283,78,12,14,85.7,5,7,71.4,1,1,100.0,0,0.0,0.0,0.0,0,3,0,0,3,ar ARG,MF,Tigre,Copa de la Liga,20,2003,0.6,24,24,0,0,0,0,0,0,0,0,0,0,18,0,2,ar ARG,MF,Tigre,Copa de la Liga,20,2003,0.6,0,0.00,0,0,0,0,0,0,0,0.00,0,0,0,0,0,0,ar ARG,MF,Tigre,Copa de la Liga,20,2003,0.6,2,1,1,1,0,1,1,100.0,0,0,0,0,0,2,1,0,ar ARG,MF,Tigre,Copa de la Liga,20,2003,0.6,29,1,4,22,3,0,29,0,0,0,0,0,8,47,15,0,0,0,0,1,16,1,ar ARG,MF,Tigre,Copa de la Liga,20,2003,1,53,53,4.2,0.6,1,53,0,0,0,1,0.00,1,3,-2,-3.40,-2.20,0.4,1.5,-1.1,-1.85,-1.17,ar ARG,MF,Tigre,Copa de la Liga,20,2003,0.6,0,0,0,0,0,0,0,0,1,0,0,0,4,0,0,0
Jonathan Goya,ar ARG,MF,Deportivo Riestra,Copa de la Liga,34,1989,11,10,888,9.9,0,0,0,0,0,0,3,0,0.1,0.1,0.1,0.2,1,21,3,0.00,0.00,0.00,0.00,0.00,0.01,0.01,0.02,0.01,0.02,ar ARG,MF,Deportivo Riestra,Copa de la Liga,34,1989,9.9,0,3,0,0.0,0.30,0.00,0.00,0,23.1,0,0,0,0.1,0.1,0.02,-0.1,-0.1,ar ARG,MF,Deportivo Riestra,Copa de la Liga,34,1989,9.9,168,222,75.7,2844,862,75,93,80.6,67,83,80.7,17,27,63.0,0,0.1,0.1,-0.1,2,17,1,0,21,ar ARG,MF,Deportivo Riestra,Copa de la Liga,34,1989,9.9,222,220,2,0,0,0,0,2,0,0,0,0,168,0,7,ar ARG,MF,Deportivo Riestra,Copa de la Liga,34,1989,9.9,12,1.22,10,0,0,0,2,0,1,0.10,1,0,0,0,0,0,ar ARG,MF,Deportivo Riestra,Copa de la Liga,34,1989,9.9,28,17,11,15,2,8,22,36.4,14,15,6,9,13,41,21,0,ar ARG,MF,Deportivo Riestra,Copa de la Liga,34,1989,9.9,318,33,106,181,33,1,318,4,3,75.0,1,25.0,84,342,105,1,1,0,3,7,79,3,ar ARG,MF,Deportivo Riestra,Copa de la Liga,34,1989,11,888,81,70.5,9.9,10,84,6,1,45,0,1.09,7,8,-1,-0.10,+1.59,6.6,13.5,-6.9,-0.70,+0.27,ar ARG,MF,Deportivo Riestra,Copa de la Liga,34,1989,9.9,3,0,0,17,8,0,0,13,17,0,0,0,52,17,8,68.0
Juan Guasone,it ITA,DF,Sarmiento,Copa de la Liga,22,2001,6,6,494,5.5,0,0,0,0,0,0,1,0,0.0,0.0,0.0,0.0,3,12,0,0.00,0.00,0.00,0.00,0.00,0.00,0.00,0.00,0.00,0.00,it ITA,DF,Sarmiento,Copa de la Liga,22,2001,5.5,0,1,0,0.0,0.18,0.00,0.00,0,13.6,0,0,0,0.0,0.0,0.02,0.0,0.0,it ITA,DF,Sarmiento,Copa de la Liga,22,2001,5.5,121,164,73.8,2424,835,41,51,80.4,66,78,84.6,13,32,40.6,0,0.0,0.0,0.0,1,9,1,0,12,it ITA,DF,Sarmiento,Copa de la Liga,22,2001,5.5,164,159,4,4,0,2,0,0,0,0,0,0,121,1,1,it ITA,DF,Sarmiento,Copa de la Liga,22,2001,5.5,2,0.36,1,0,0,0,0,1,0,0.00,0,0,0,0,0,0,it ITA,DF,Sarmiento,Copa de la Liga,22,2001,5.5,13,6,9,4,0,5,6,83.3,1,5,5,0,5,18,28,0,it ITA,DF,Sarmiento,Copa de la Liga,22,2001,5.5,225,32,119,102,7,5,225,0,0,0,0,0,92,486,348,3,1,0,3,0,95,0,it ITA,DF,Sarmiento,Copa de la Liga,22,2001,6,494,82,39.2,5.5,6,82,4,0,0,8,0.67,4,7,-3,-0.55,+0.28,3.7,4.9,-1.1,-0.21,+0.46,it ITA,DF,Sarmiento,Copa de la Liga,22,2001,5.5,1,0,0,5,3,1,0,5,6,0,0,0,19,13,11,54.2
Tomas Guiacobini,ar ARG,MF,Sarmiento,Copa de la Liga,19,2004,1,0,45,0.5,0,0,0,0,0,0,1,0,0.0,0.0,0.0,0.0,0,2,1,0.00,0.00,0.00,0.00,0.00,0.00,0.00,0.00,0.00,0.00,ar ARG,MF,Sarmiento,Copa de la Liga,19,2004,0.5,0,0,0,0,0.00,0.00,0,0,0,0,0,0,0.0,0.0,0,0.0,0.0,ar ARG,MF,Sarmiento,Copa de la Liga,19,2004,0.5,23,26,88.5,417,80,10,10,100.0,12,12,100.0,1,4,25.0,0,0.0,0.0,0.0,0,2,0,0,2,ar ARG,MF,Sarmiento,Copa de la Liga,19,2004,0.5,26,26,0,0,0,0,1,0,0,0,0,0,23,0,0,ar ARG,MF,Sarmiento,Copa de la Liga,19,2004,0.5,0,0.00,0,0,0,0,0,0,0,0.00,0,0,0,0,0,0,ar ARG,MF,Sarmiento,Copa de la Liga,19,2004,0.5,2,2,2,0,0,1,2,50.0,1,0,0,0,0,2,1,0,ar ARG,MF,Sarmiento,Copa de la Liga,19,2004,0.5,30,1,11,19,0,0,30,1,1,100.0,0,0.0,21,100,41,0,0,0,0,0,20,1,ar ARG,MF,Sarmiento,Copa de la Liga,19,2004,1,45,45,3.6,0.5,0,0,0,1,45,1,0.00,0,0,0,0.00,+0.74,0.0,0.8,-0.8,-1.50,-1.05,ar ARG,MF,Sarmiento,Copa de la Liga,19,2004,0.5,1,0,0,2,0,0,1,0,2,0,0,0,2,0,0,0
Tomás Guidara,ar ARG,DF,Vélez Sarsfield,Copa de la Liga,27,1996,2,0,20,0.2,0,0,0,0,0,0,0,0,0.0,0.0,0.0,0.0,1,2,1,0.00,0.00,0.00,0.00,0.00,0.00,0.00,0.00,0.00,0.00,ar ARG,DF,Vélez Sarsfield,Copa de la Liga,27,1996,0.2,0,0,0,0,0.00,0.00,0,0,0,0,0,0,0.0,0.0,0,0.0,0.0,ar ARG,DF,Vélez Sarsfield,Copa de la Liga,27,1996,0.2,14,17,82.4,201,142,10,10,100.0,3,4,75.0,1,3,33.3,0,0.0,0.0,0.0,0,2,0,0,2,ar ARG,DF,Vélez Sarsfield,Copa de la Liga,27,1996,0.2,17,15,2,0,0,0,1,2,0,0,0,0,14,0,0,ar ARG,DF,Vélez Sarsfield,Copa de la Liga,27,1996,0.2,2,8.57,2,0,0,0,0,0,0,0.00,0,0,0,0,0,0,ar ARG,DF,Vélez Sarsfield,Copa de la Liga,27,1996,0.2,3,1,2,0,1,1,1,100.0,0,0,0,0,1,4,2,0,ar ARG,DF,Vélez Sarsfield,Copa de la Liga,27,1996,0.2,24,2,11,6,7,1,24,1,0,0.0,1,100.0,11,84,46,1,0,0,0,0,9,1,ar ARG,DF,Vélez Sarsfield,Copa de la Liga,27,1996,2,20,10,1.6,0.2,0,0,0,2,10,5,2.00,1,0,+1,+4.50,+4.50,0.9,0.5,+0.4,+1.82,+1.50,ar ARG,DF,Vélez Sarsfield,Copa de la Liga,27,1996,0.2,0,0,0,0,0,0,1,1,1,0,0,0,4,0,1,0.0
Manuel Guillén,ar ARG,DF,Godoy Cruz,Copa de la Liga,22,2001,6,4,342,3.8,1,1,2,1,0,0,3,0,0.0,0.0,0.4,0.4,3,12,17,0.26,0.26,0.53,0.26,0.53,0.01,0.09,0.11,0.01,0.11,ar ARG,DF,Godoy Cruz,Copa de la Liga,22,2001,3.8,1,2,1,50.0,0.53,0.26,0.50,1.00,17.6,0,0,0,0.0,0.0,0.02,+1.0,+1.0,ar ARG,DF,Godoy Cruz,Copa de la Liga,22,2001,3.8,90,143,62.9,1693,853,34,41,82.9,44,64,68.8,10,29,34.5,1,0.4,0.3,+0.6,5,8,6,5,12,ar ARG,DF,Godoy Cruz,Copa de la Liga,22,2001,3.8,143,111,32,1,0,1,13,31,0,0,0,0,90,0,5,ar ARG,DF,Godoy Cruz,Copa de la Liga,22,2001,3.8,13,3.42,9,1,0,0,2,1,2,0.53,2,0,0,0,0,0,ar ARG,DF,Godoy Cruz,Copa de la Liga,22,2001,3.8,12,3,8,3,1,7,13,53.8,6,2,0,2,3,15,15,0,ar ARG,DF,Godoy Cruz,Copa de la Liga,22,2001,3.8,188,14,52,81,60,3,188,4,1,25.0,2,50.0,60,268,143,3,5,0,3,2,84,17,ar ARG,DF,Godoy Cruz,Copa de la Liga,22,2001,6,342,57,27.1,3.8,4,72,2,2,28,8,1.86,6,2,+4,+1.05,+0.46,3.4,4.0,-0.6,-0.15,-0.65,ar ARG,DF,Godoy Cruz,Copa de la Liga,22,2001,3.8,3,0,0,13,6,0,13,3,3,0,0,0,13,10,12,45.5
Adrián Guillermo Sánchez,ar ARG,MF,Atlé Tucumán,Copa de la Liga,24,1999,12,11,943,10.5,0,0,0,0,0,0,2,0,0.0,0.0,0.3,0.3,14,63,13,0.00,0.00,0.00,0.00,0.00,0.00,0.03,0.03,0.00,0.03,ar ARG,MF,Atlé Tucumán,Copa de la Liga,24,1999,10.5,0,2,1,50.0,0.19,0.10,0.00,0.00,31.7,0,0,0,0.0,0.0,0.02,0.0,0.0,ar ARG,MF,Atlé Tucumán,Copa de la Liga,24,1999,10.5,371,456,81.4,6803,2334,168,203,82.8,147,166,88.6,51,72,70.8,0,0.3,0.3,-0.3,11,58,6,1,63,ar ARG,MF,Atlé Tucumán,Copa de la Liga,24,1999,10.5,456,433,21,17,1,4,8,1,0,0,0,0,371,2,4,ar ARG,MF,Atlé Tucumán,Copa de la Liga,24,1999,10.5,27,2.58,24,1,0,0,0,2,1,0.10,1,0,0,0,0,0,ar ARG,MF,Atlé Tucumán,Copa de la Liga,24,1999,10.5,32,21,9,22,1,15,27,55.6,12,18,2,16,16,48,15,0,ar ARG,MF,Atlé Tucumán,Copa de la Liga,24,1999,10.5,568,23,131,374,71,0,568,9,4,44.4,3,33.3,268,1204,543,14,11,0,16,7,293,13,ar ARG,MF,Atlé Tucumán,Copa de la Liga,24,1999,12,943,79,74.8,10.5,11,82,5,1,45,2,0.83,7,16,-9,-0.86,+0.84,12.6,13.6,-1.1,-0.10,+0.13,ar ARG,MF,Atlé Tucumán,Copa de la Liga,24,1999,10.5,2,0,0,20,12,2,8,16,21,0,0,0,75,18,16,52.9
Gabriel Hachen,ar ARG,"FW,MF",Platense,Copa de la Liga,33,1990,8,4,413,4.6,2,0,2,2,0,0,0,0,1.5,1.5,1.3,2.8,6,27,27,0.44,0.00,0.44,0.44,0.44,0.32,0.29,0.60,0.32,0.60,ar ARG,"FW,MF",Platense,Copa de la Liga,33,1990,4.6,2,9,2,22.2,1.96,0.44,0.22,1.00,16.2,0,0,0,1.5,1.5,0.16,+0.5,+0.5,ar ARG,"FW,MF",Platense,Copa de la Liga,33,1990,4.6,118,161,73.3,1902,749,62,77,80.5,36,46,78.3,15,27,55.6,0,1.3,1.5,-1.3,10,13,7,0,27,ar ARG,"FW,MF",Platense,Copa de la Liga,33,1990,4.6,161,143,17,6,3,1,15,0,10,1,9,0,118,1,4,ar ARG,"FW,MF",Platense,Copa de la Liga,33,1990,4.6,19,4.14,9,6,2,2,0,0,0,0.00,0,0,0,0,0,0,ar ARG,"FW,MF",Platense,Copa de la Liga,33,1990,4.6,9,4,1,4,4,2,8,25.0,6,5,1,4,1,10,5,0,ar ARG,"FW,MF",Platense,Copa de la Liga,33,1990,4.6,224,6,22,110,95,12,224,15,5,33.3,8,53.3,131,653,278,6,9,0,19,11,148,27,ar ARG,"FW,MF",Platense,Copa de la Liga,33,1990,8,413,52,32.8,4.6,4,65,0,4,39,2,1.25,3,6,-3,-0.65,-0.55,5.3,5.7,-0.4,-0.09,-0.09,ar ARG,"FW,MF",Platense,Copa de la Liga,33,1990,4.6,0,0,0,5,7,0,15,1,4,0,0,0,22,0,11,0.0
Ezequiel Ham,sy SYR,MF,Ind. Rivadavia,Copa de la Liga,29,1994,11,7,616,6.8,0,1,1,0,0,0,1,0,0.3,0.3,0.9,1.2,14,56,19,0.00,0.15,0.15,0.00,0.15,0.04,0.14,0.17,0.04,0.17,sy SYR,MF,Ind. Rivadavia,Copa de la Liga,29,1994,6.8,0,8,2,25.0,1.17,0.29,0.00,0.00,25.3,1,0,0,0.3,0.3,0.03,-0.3,-0.3,sy SYR,MF,Ind. Rivadavia,Copa de la Liga,29,1994,6.8,314,382,82.2,6045,1903,113,128,88.3,150,177,84.7,42,61,68.9,1,0.9,0.5,+0.1,16,36,4,2,56,sy SYR,MF,Ind. Rivadavia,Copa de la Liga,29,1994,6.8,382,354,27,17,0,5,17,4,4,2,2,0,314,1,6,sy SYR,MF,Ind. Rivadavia,Copa de la Liga,29,1994,6.8,25,3.65,19,4,0,1,0,1,3,0.44,1,0,0,1,0,1,sy SYR,MF,Ind. Rivadavia,Copa de la Liga,29,1994,6.8,6,4,2,2,2,0,5,0.0,5,9,1,8,2,8,6,0,sy SYR,MF,Ind. Rivadavia,Copa de la Liga,29,1994,6.8,427,7,66,272,89,4,427,1,1,100.0,0,0.0,231,1264,770,14,4,1,6,4,299,19,sy SYR,MF,Ind. Rivadavia,Copa de la Liga,29,1994,11,616,56,48.9,6.8,7,74,4,4,24,0,0.18,5,13,-8,-1.17,-0.61,8.3,9.7,-1.4,-0.20,+0.88,sy SYR,MF,Ind. Rivadavia,Copa de la Liga,29,1994,6.8,1,0,0,3,3,2,17,2,4,0,0,0,39,2,6,25.0
Diego Herazo,co COL,"FW,MF",San Lorenzo,Copa de la Liga,27,1996,9,2,284,3.2,1,0,1,1,0,0,2,0,0.7,0.7,0.1,0.8,3,5,19,0.32,0.00,0.32,0.32,0.32,0.21,0.03,0.24,0.21,0.24,co COL,"FW,MF",San Lorenzo,Copa de la Liga,27,1996,3.2,1,13,5,38.5,4.12,1.58,0.08,0.20,17.5,0,0,0,0.7,0.7,0.05,+0.3,+0.3,co COL,"FW,MF",San Lorenzo,Copa de la Liga,27,1996,3.2,28,40,70.0,320,89,18,25,72.0,7,11,63.6,0,0,0,0,0.1,0.1,-0.1,3,3,1,0,5,co COL,"FW,MF",San Lorenzo,Copa de la Liga,27,1996,3.2,40,37,3,0,0,0,1,0,0,0,0,0,28,0,0,co COL,"FW,MF",San Lorenzo,Copa de la Liga,27,1996,3.2,7,2.22,4,0,1,1,0,1,1,0.32,0,0,0,0,0,1,co COL,"FW,MF",San Lorenzo,Copa de la Liga,27,1996,3.2,1,1,0,0,1,0,0,0,0,4,0,4,1,2,1,0,co COL,"FW,MF",San Lorenzo,Copa de la Liga,27,1996,3.2,76,2,4,23,50,20,76,6,3,50.0,2,33.3,28,117,57,3,1,3,10,0,51,19,co COL,"FW,MF",San Lorenzo,Copa de la Liga,27,1996,9,284,32,22.5,3.2,2,51,0,7,26,1,1.44,2,3,-1,-0.32,-0.04,2.7,2.8,0.0,-0.01,-0.06,co COL,"FW,MF",San Lorenzo,Copa de la Liga,27,1996,3.2,2,0,0,9,1,4,1,1,1,0,0,0,6,16,13,55.2
Gerónimo Heredia,ar ARG,"MF,FW",Belgrano,Copa de la Liga,18,2005,4,1,152,1.7,0,1,1,0,0,0,0,0,0.1,0.1,0.8,0.9,2,6,6,0.00,0.59,0.59,0.00,0.59,0.07,0.45,0.51,0.07,0.51,ar ARG,"MF,FW",Belgrano,Copa de la Liga,18,2005,1.7,0,2,0,0.0,1.18,0.00,0.00,0,20.4,0,0,0,0.1,0.1,0.06,-0.1,-0.1,ar ARG,"MF,FW",Belgrano,Copa de la Liga,18,2005,1.7,50,62,80.6,716,270,27,27,100.0,17,22,77.3,2,5,40.0,1,0.8,0.6,+0.2,5,5,2,1,6,ar ARG,"MF,FW",Belgrano,Copa de la Liga,18,2005,1.7,62,54,8,2,1,0,6,5,1,1,0,0,50,0,4,ar ARG,"MF,FW",Belgrano,Copa de la Liga,18,2005,1.7,8,4.74,5,0,0,2,0,1,3,1.78,1,0,0,1,0,1,ar ARG,"MF,FW",Belgrano,Copa de la Liga,18,2005,1.7,5,3,2,2,1,3,6,50.0,3,0,0,0,3,8,8,0,ar ARG,"MF,FW",Belgrano,Copa de la Liga,18,2005,1.7,87,7,23,41,25,2,87,4,3,75.0,1,25.0,42,184,94,2,2,1,4,3,40,6,ar ARG,"MF,FW",Belgrano,Copa de la Liga,18,2005,4,152,38,12.1,1.7,1,79,0,3,24,0,1.50,3,4,-1,-0.59,-0.51,3.0,1.9,+1.1,+0.65,+0.83,ar ARG,"MF,FW",Belgrano,Copa de la Liga,18,2005,1.7,0,0,0,4,1,0,6,3,3,0,0,0,12,0,3,0.0
Leonardo Heredia,ar ARG,FW,Arg Juniors,Copa de la Liga,28,1996,8,7,517,5.7,3,0,3,2,1,1,0,0,2.9,2.1,0.0,2.1,7,6,29,0.52,0.00,0.52,0.35,0.35,0.51,0.00,0.51,0.37,0.37,ar ARG,FW,Arg Juniors,Copa de la Liga,28,1996,5.7,3,21,9,42.9,3.66,1.57,0.10,0.22,15.8,0,1,1,2.9,2.1,0.10,+0.1,-0.1,ar ARG,FW,Arg Juniors,Copa de la Liga,28,1996,5.7,68,105,64.8,900,205,44,59,74.6,14,19,73.7,5,10,50.0,0,0.0,0.3,0.0,1,8,0,0,6,ar ARG,FW,Arg Juniors,Copa de la Liga,28,1996,5.7,105,103,1,0,2,0,2,1,0,0,0,0,68,1,5,ar ARG,FW,Arg Juniors,Copa de la Liga,28,1996,5.7,9,1.57,7,0,0,2,0,0,1,0.17,1,0,0,0,0,0,ar ARG,FW,Arg Juniors,Copa de la Liga,28,1996,5.7,3,2,1,1,1,0,1,0.0,1,6,1,5,1,4,6,0,ar ARG,FW,Arg Juniors,Copa de la Liga,28,1996,5.7,177,5,21,81,79,24,176,5,0,0.0,5,100.0,106,477,236,7,4,2,12,11,130,29,ar ARG,FW,Arg Juniors,Copa de la Liga,28,1996,8,517,65,41.0,5.7,7,73,2,1,9,1,1.70,11,4,+7,+1.22,+0.73,7.5,5.7,+1.8,+0.31,+0.29,ar ARG,FW,Arg Juniors,Copa de la Liga,28,1996,5.7,0,0,0,2,5,1,2,1,2,0,0,0,22,15,12,55.6
Javier Hernán García,ar ARG,GK,Boca Juniors,Copa de la Liga,37,1987,1,1,72,0.8,0,0,0,0,0,0,0,0,0.0,0.0,0.0,0.0,0,0,0,0.00,0.00,0.00,0.00,0.00,0.00,0.00,0.00,0.00,0.00,ar ARG,GK,Boca Juniors,Copa de la Liga,37,1987,0.8,0,0,0,0,0.00,0.00,0,0,0,0,0,0,0.0,0.0,0,0.0,0.0,ar ARG,GK,Boca Juniors,Copa de la Liga,37,1987,0.8,8,15,53.3,252,221,1,1,100.0,3,3,100.0,4,11,36.4,0,0.0,0.0,0.0,0,0,0,0,0,ar ARG,GK,Boca Juniors,Copa de la Liga,37,1987,0.8,15,9,6,4,0,0,0,0,0,0,0,0,8,0,0,ar ARG,GK,Boca Juniors,Copa de la Liga,37,1987,0.8,0,0.00,0,0,0,0,0,0,0,0.00,0,0,0,0,0,0,ar ARG,GK,Boca Juniors,Copa de la Liga,37,1987,0.8,0,0,0,0,0,0,0,0,0,0,0,0,0,0,0,0,ar ARG,GK,Boca Juniors,Copa de la Liga,37,1987,0.8,16,13,16,0,0,0,16,0,0,0,0,0,6,51,48,0,0,0,0,0,4,0,ar ARG,GK,Boca Juniors,Copa de la Liga,37,1987,1,72,72,5.7,0.8,1,72,0,0,0,10,3.00,3,2,+1,+1.25,+0.72,0.7,1.2,-0.5,-0.59,-1.30,ar ARG,GK,Boca Juniors,Copa de la Liga,37,1987,0.8,0,0,0,0,1,0,0,0,0,0,0,0,0,0,0,0
Abel Hernández,uy URU,FW,Rosario Central,Copa de la Liga,33,1990,4,4,324,3.6,0,0,0,0,0,0,0,0,0.7,0.7,0.0,0.7,0,2,7,0.00,0.00,0.00,0.00,0.00,0.19,0.01,0.19,0.19,0.19,uy URU,FW,Rosario Central,Copa de la Liga,33,1990,3.6,0,8,2,25.0,2.22,0.56,0.00,0.00,12.5,0,0,0,0.7,0.7,0.08,-0.7,-0.7,uy URU,FW,Rosario Central,Copa de la Liga,33,1990,3.6,35,50,70.0,489,61,15,20,75.0,16,23,69.6,1,1,100.0,0,0.0,0.0,0.0,1,2,0,0,2,uy URU,FW,Rosario Central,Copa de la Liga,33,1990,3.6,50,42,8,0,0,0,0,1,0,0,0,0,35,0,2,uy URU,FW,Rosario Central,Copa de la Liga,33,1990,3.6,4,1.11,2,0,0,2,0,0,0,0.00,0,0,0,0,0,0,uy URU,FW,Rosario Central,Copa de la Liga,33,1990,3.6,4,1,3,1,0,2,2,100.0,0,2,1,1,0,4,3,0,uy URU,FW,Rosario Central,Copa de la Liga,33,1990,3.6,77,3,10,43,25,11,77,1,1,100.0,0,0.0,25,80,23,0,0,0,5,3,40,7,uy URU,FW,Rosario Central,Copa de la Liga,33,1990,4,324,81,25.7,3.6,4,81,2,0,0,0,0.75,2,5,-3,-0.83,-0.35,2.9,5.1,-2.2,-0.62,-0.12,uy URU,FW,Rosario Central,Copa de la Liga,33,1990,3.6,0,0,0,1,2,2,0,0,1,0,0,0,6,12,17,41.4
Gastón Hernández,ar ARG,DF,San Lorenzo,Copa de la Liga,26,1998,8,8,682,7.6,0,0,0,0,0,0,0,0,0.4,0.4,0.0,0.4,10,33,3,0.00,0.00,0.00,0.00,0.00,0.06,0.00,0.06,0.06,0.06,ar ARG,DF,San Lorenzo,Copa de la Liga,26,1998,7.6,0,3,0,0.0,0.40,0.00,0.00,0,7.6,0,0,0,0.4,0.4,0.14,-0.4,-0.4,ar ARG,DF,San Lorenzo,Copa de la Liga,26,1998,7.6,242,316,76.6,4235,1969,103,118,87.3,116,137,84.7,20,45,44.4,0,0.0,0.1,0.0,0,29,1,0,33,ar ARG,DF,San Lorenzo,Copa de la Liga,26,1998,7.6,316,301,14,12,0,2,3,2,0,0,0,0,242,1,5,ar ARG,DF,San Lorenzo,Copa de la Liga,26,1998,7.6,6,0.79,3,0,0,1,2,0,0,0.00,0,0,0,0,0,0,ar ARG,DF,San Lorenzo,Copa de la Liga,26,1998,7.6,20,14,12,8,0,14,21,66.7,7,8,1,7,18,38,24,0,ar ARG,DF,San Lorenzo,Copa de la Liga,26,1998,7.6,398,28,136,243,24,3,398,13,7,53.8,5,38.5,190,1069,651,10,10,0,2,4,216,3,ar ARG,DF,San Lorenzo,Copa de la Liga,26,1998,8,682,85,54.1,7.6,8,85,6,0,0,1,1.13,7,8,-1,-0.13,+0.34,7.2,4.5,+2.7,+0.36,+0.69,ar ARG,DF,San Lorenzo,Copa de la Liga,26,1998,7.6,0,0,0,7,7,1,3,18,14,0,0,0,45,16,5,76.2
Juan Hernández,uy URU,DF,Sarmiento,Copa de la Liga,26,1997,7,7,515,5.7,0,0,0,0,0,0,0,0,0.1,0.1,0.1,0.2,0,11,2,0.00,0.00,0.00,0.00,0.00,0.02,0.02,0.04,0.02,0.04,uy URU,DF,Sarmiento,Copa de la Liga,26,1997,5.7,0,3,0,0.0,0.52,0.00,0.00,0,18.5,0,0,0,0.1,0.1,0.04,-0.1,-0.1,uy URU,DF,Sarmiento,Copa de la Liga,26,1997,5.7,87,150,58.0,1598,818,29,42,69.0,44,67,65.7,10,31,32.3,0,0.1,0.1,-0.1,3,6,1,1,11,uy URU,DF,Sarmiento,Copa de la Liga,26,1997,5.7,150,140,9,5,0,0,2,4,0,0,0,0,87,1,2,uy URU,DF,Sarmiento,Copa de la Liga,26,1997,5.7,4,0.70,3,0,0,0,0,1,0,0.00,0,0,0,0,0,0,uy URU,DF,Sarmiento,Copa de la Liga,26,1997,5.7,6,3,2,3,1,4,8,50.0,4,5,4,1,11,17,34,0,uy URU,DF,Sarmiento,Copa de la Liga,26,1997,5.7,213,29,100,98,16,7,213,0,0,0,0,0,65,278,167,0,1,0,4,0,79,2,uy URU,DF,Sarmiento,Copa de la Liga,26,1997,7,515,74,40.9,5.7,7,74,4,0,0,2,0.86,3,7,-4,-0.70,+0.03,4.3,8.1,-3.8,-0.67,-0.31,uy URU,DF,Sarmiento,Copa de la Liga,26,1997,5.7,0,0,0,4,3,0,2,11,3,0,1,0,11,25,14,64.1
Matías Hernández,ar ARG,MF,San Lorenzo,Copa de la Liga,18,2005,1,0,15,0.2,0,0,0,0,0,0,0,0,0.0,0.0,0.0,0.0,0,1,2,0.00,0.00,0.00,0.00,0.00,0.00,0.00,0.00,0.00,0.00,ar ARG,MF,San Lorenzo,Copa de la Liga,18,2005,0.2,0,0,0,0,0.00,0.00,0,0,0,0,0,0,0.0,0.0,0,0.0,0.0,ar ARG,MF,San Lorenzo,Copa de la Liga,18,2005,0.2,3,5,60.0,45,27,1,1,100.0,1,1,100.0,0,1,0.0,0,0.0,0.0,0.0,0,0,0,0,1,ar ARG,MF,San Lorenzo,Copa de la Liga,18,2005,0.2,5,4,1,0,0,0,0,0,0,0,0,0,3,0,1,ar ARG,MF,San Lorenzo,Copa de la Liga,18,2005,0.2,0,0.00,0,0,0,0,0,0,0,0.00,0,0,0,0,0,0,ar ARG,MF,San Lorenzo,Copa de la Liga,18,2005,0.2,0,0,0,0,0,0,0,0,0,0,0,0,0,0,0,0,ar ARG,MF,San Lorenzo,Copa de la Liga,18,2005,0.2,6,0,0,3,3,0,6,1,0,0.0,1,100.0,4,21,0,0,0,0,0,2,5,2,ar ARG,MF,San Lorenzo,Copa de la Liga,18,2005,1,15,15,1.2,0.2,0,0,0,1,15,4,0.00,0,1,-1,-6.00,-5.78,0.0,0.3,-0.3,-1.52,-1.58,ar ARG,MF,San Lorenzo,Copa de la Liga,18,2005,0.2,0,0,0,0,0,0,0,0,0,0,0,0,0,0,1,0.0
Nicolás Hernández,co COL,DF,San Lorenzo,Copa de la Liga,26,1998,3,1,116,1.3,0,0,0,0,0,0,0,0,0.0,0.0,0.0,0.0,2,5,2,0.00,0.00,0.00,0.00,0.00,0.00,0.00,0.00,0.00,0.00,co COL,DF,San Lorenzo,Copa de la Liga,26,1998,1.3,0,0,0,0,0.00,0.00,0,0,0,0,0,0,0.0,0.0,0,0.0,0.0,co COL,DF,San Lorenzo,Copa de la Liga,26,1998,1.3,42,57,73.7,722,339,17,21,81.0,21,27,77.8,3,5,60.0,0,0.0,0.0,0.0,0,2,0,0,5,co COL,DF,San Lorenzo,Copa de la Liga,26,1998,1.3,57,45,12,1,0,0,1,11,0,0,0,0,42,0,1,co COL,DF,San Lorenzo,Copa de la Liga,26,1998,1.3,1,0.78,0,1,0,0,0,0,0,0.00,0,0,0,0,0,0,co COL,DF,San Lorenzo,Copa de la Liga,26,1998,1.3,4,2,4,0,0,4,5,80.0,1,0,0,0,1,5,5,0,co COL,DF,San Lorenzo,Copa de la Liga,26,1998,1.3,69,4,28,36,7,0,69,2,1,50.0,0,0.0,29,218,158,2,2,0,0,0,34,2,co COL,DF,San Lorenzo,Copa de la Liga,26,1998,3,116,39,9.2,1.3,1,78,0,2,19,11,0.67,0,2,-2,-1.55,-1.39,0.6,1.9,-1.3,-1.01,-1.16,co COL,DF,San Lorenzo,Copa de la Liga,26,1998,1.3,0,0,0,1,1,0,1,1,2,0,0,0,7,3,2,60.0
Guido Herrera,ar ARG,GK,Talleres,Copa de la Liga,31,1992,13,13,"1,170",13.0,0,1,1,0,0,0,1,0,0.0,0.0,0.2,0.2,0,0,0,0.00,0.08,0.08,0.00,0.08,0.00,0.02,0.02,0.00,0.02,ar ARG,GK,Talleres,Copa de la Liga,31,1992,13.0,0,0,0,0,0.00,0.00,0,0,0,0,0,0,0.0,0.0,0,0.0,0.0,ar ARG,GK,Talleres,Copa de la Liga,31,1992,13.0,244,376,64.9,8438,6643,19,19,100.0,107,108,99.1,116,244,47.5,1,0.2,0.0,+0.8,1,8,0,0,0,ar ARG,GK,Talleres,Copa de la Liga,31,1992,13.0,376,221,152,36,0,0,0,0,0,0,0,0,244,3,0,ar ARG,GK,Talleres,Copa de la Liga,31,1992,13.0,3,0.23,2,1,0,0,0,0,1,0.08,0,1,0,0,0,0,ar ARG,GK,Talleres,Copa de la Liga,31,1992,13.0,0,0,0,0,0,0,1,0.0,1,0,0,0,0,0,4,1,ar ARG,GK,Talleres,Copa de la Liga,31,1992,13.0,400,330,399,1,0,0,400,0,0,0,0,0,197,1080,790,0,0,0,1,0,132,0,ar ARG,GK,Talleres,Copa de la Liga,31,1992,13,"1,170",90,92.9,13.0,13,90,13,0,0,1,1.77,23,15,+8,+0.62,+0.62,20.1,13.4,+6.6,+0.51,+0.75,ar ARG,GK,Talleres,Copa de la Liga,31,1992,13.0,1,0,0,0,1,0,0,0,0,0,0,0,12,1,0,100.0
Jonathan Herrera,ar ARG,FW,Deportivo Riestra,Copa de la Liga,32,1991,12,10,926,10.3,3,1,4,3,0,0,2,0,1.4,1.4,0.4,1.9,18,8,54,0.29,0.10,0.39,0.29,0.39,0.14,0.04,0.18,0.14,0.18,ar ARG,FW,Deportivo Riestra,Copa de la Liga,32,1991,10.3,3,14,7,50.0,1.36,0.68,0.21,0.43,16.5,0,0,0,1.4,1.4,0.10,+1.6,+1.6,ar ARG,FW,Deportivo Riestra,Copa de la Liga,32,1991,10.3,71,132,53.8,1011,195,41,70,58.6,20,34,58.8,5,7,71.4,1,0.4,0.4,+0.6,5,2,1,0,8,ar ARG,FW,Deportivo Riestra,Copa de la Liga,32,1991,10.3,132,120,12,0,0,1,3,1,0,0,0,0,71,0,11,ar ARG,FW,Deportivo Riestra,Copa de la Liga,32,1991,10.3,19,1.85,9,0,4,1,5,0,3,0.29,1,0,1,0,1,0,ar ARG,FW,Deportivo Riestra,Copa de la Liga,32,1991,10.3,5,4,0,2,3,0,1,0.0,1,5,2,3,3,8,11,1,ar ARG,FW,Deportivo Riestra,Copa de la Liga,32,1991,10.3,240,13,29,82,133,45,240,25,8,32.0,15,60.0,140,696,379,18,8,14,31,16,169,54,ar ARG,FW,Deportivo Riestra,Copa de la Liga,32,1991,12,926,77,73.5,10.3,10,84,6,2,45,1,1.00,8,11,-3,-0.29,+1.06,7.6,15.4,-7.8,-0.76,+0.10,ar ARG,FW,Deportivo Riestra,Copa de la Liga,32,1991,10.3,2,0,0,13,9,3,3,3,4,0,0,0,24,16,33,32.7
José Herrera,ar ARG,FW,Arg Juniors,Copa de la Liga,18,2005,12,2,315,3.5,2,1,3,2,0,0,3,0,0.7,0.7,1.2,1.9,12,17,23,0.57,0.29,0.86,0.57,0.86,0.20,0.35,0.55,0.20,0.55,ar ARG,FW,Arg Juniors,Copa de la Liga,18,2005,3.5,2,10,3,30.0,2.86,0.86,0.20,0.67,23.5,0,0,0,0.7,0.7,0.07,+1.3,+1.3,ar ARG,FW,Arg Juniors,Copa de la Liga,18,2005,3.5,106,134,79.1,1723,453,59,67,88.1,31,35,88.6,11,20,55.0,1,1.2,0.5,-0.2,6,14,9,1,17,ar ARG,FW,Arg Juniors,Copa de la Liga,18,2005,3.5,134,120,12,3,1,2,10,1,7,1,4,0,106,2,4,ar ARG,FW,Arg Juniors,Copa de la Liga,18,2005,3.5,17,4.83,15,0,1,0,1,0,3,0.85,1,0,1,0,1,0,ar ARG,FW,Arg Juniors,Copa de la Liga,18,2005,3.5,7,4,1,4,2,1,5,20.0,4,2,0,2,0,7,2,0,ar ARG,FW,Arg Juniors,Copa de la Liga,18,2005,3.5,191,2,14,95,85,4,191,13,6,46.2,6,46.2,118,836,378,12,13,1,21,7,138,23,ar ARG,FW,Arg Juniors,Copa de la Liga,18,2005,12,315,26,25.0,3.5,2,69,0,10,18,2,1.71,7,5,+2,+0.57,-0.29,4.1,3.6,+0.5,+0.14,+0.01,ar ARG,FW,Arg Juniors,Copa de la Liga,18,2005,3.5,3,0,0,8,4,1,10,0,4,0,0,0,13,4,8,33.3
Marcelo Herrera,ar ARG,DF,River Plate,Copa de la Liga,25,1998,14,12,"1,020",11.3,1,0,1,1,0,0,4,0,0.7,0.7,1.5,2.2,24,56,101,0.09,0.00,0.09,0.09,0.09,0.06,0.13,0.20,0.06,0.20,ar ARG,DF,River Plate,Copa de la Liga,25,1998,11.3,1,16,6,37.5,1.41,0.53,0.06,0.17,20.5,0,0,0,0.7,0.7,0.05,+0.3,+0.3,ar ARG,DF,River Plate,Copa de la Liga,25,1998,11.3,458,630,72.7,7552,3250,231,264,87.5,184,257,71.6,33,74,44.6,0,1.5,1.9,-1.5,15,45,12,8,56,ar ARG,DF,River Plate,Copa de la Liga,25,1998,11.3,630,494,134,6,0,1,50,128,0,0,0,0,458,2,16,ar ARG,DF,River Plate,Copa de la Liga,25,1998,11.3,35,3.09,27,3,2,3,0,0,2,0.18,2,0,0,0,0,0,ar ARG,DF,River Plate,Copa de la Liga,25,1998,11.3,28,15,16,9,3,16,24,66.7,8,7,1,6,9,37,28,0,ar ARG,DF,River Plate,Copa de la Liga,25,1998,11.3,750,26,180,331,240,33,750,6,3,50.0,3,50.0,353,1591,866,24,22,5,18,3,433,101,ar ARG,DF,River Plate,Copa de la Liga,25,1998,14,"1,020",73,81.0,11.3,12,80,6,2,33,0,1.80,23,6,+17,+1.50,+1.87,21.1,10.3,+10.8,+0.95,-0.10,ar ARG,DF,River Plate,Copa de la Liga,25,1998,11.3,4,0,0,11,9,4,50,9,15,0,0,0,28,15,10,60.0
Rodrigo Herrera,ar ARG,MF,Barracas Central,Copa de la Liga,23,2000,14,14,"1,260",14.0,0,0,0,0,0,0,3,0,0.1,0.1,1.2,1.3,10,46,7,0.00,0.00,0.00,0.00,0.00,0.01,0.09,0.09,0.01,0.09,ar ARG,MF,Barracas Central,Copa de la Liga,23,2000,14.0,0,5,1,20.0,0.36,0.07,0.00,0.00,28.6,0,0,0,0.1,0.1,0.02,-0.1,-0.1,ar ARG,MF,Barracas Central,Copa de la Liga,23,2000,14.0,478,597,80.1,7715,2520,233,263,88.6,172,207,83.1,42,66,63.6,0,1.2,0.7,-1.2,12,38,5,0,46,ar ARG,MF,Barracas Central,Copa de la Liga,23,2000,14.0,597,584,13,13,2,1,1,0,0,0,0,0,478,0,18,ar ARG,MF,Barracas Central,Copa de la Liga,23,2000,14.0,23,1.64,21,0,0,0,0,2,0,0.00,0,0,0,0,0,0,ar ARG,MF,Barracas Central,Copa de la Liga,23,2000,14.0,44,29,17,21,6,22,43,51.2,21,35,13,22,7,51,19,2,ar ARG,MF,Barracas Central,Copa de la Liga,23,2000,14.0,765,35,226,454,91,7,765,21,8,38.1,11,52.4,379,1439,644,10,11,0,20,14,456,7,ar ARG,MF,Barracas Central,Copa de la Liga,23,2000,14,"1,260",90,100.0,14.0,14,90,14,0,0,0,1.73,20,15,+5,+0.36,0,16.1,18.8,-2.7,-0.19,0,ar ARG,MF,Barracas Central,Copa de la Liga,23,2000,14.0,3,0,0,28,14,0,1,7,29,0,0,0,95,11,15,42.3
Marco Iacobellis,ar ARG,"FW,MF",Barracas Central,Copa de la Liga,23,2000,9,2,318,3.5,1,0,1,1,0,0,2,0,0.4,0.4,1.6,1.9,8,16,23,0.28,0.00,0.28,0.28,0.28,0.10,0.44,0.55,0.10,0.55,ar ARG,"FW,MF",Barracas Central,Copa de la Liga,23,2000,3.5,1,8,3,37.5,2.26,0.85,0.13,0.33,22.4,0,0,0,0.4,0.4,0.05,+0.6,+0.6,ar ARG,"FW,MF",Barracas Central,Copa de la Liga,23,2000,3.5,79,117,67.5,1094,409,51,64,79.7,21,36,58.3,4,10,40.0,0,1.6,0.5,-1.6,8,12,5,2,16,ar ARG,"FW,MF",Barracas Central,Copa de la Liga,23,2000,3.5,117,112,4,0,1,0,8,3,1,1,0,0,79,1,2,ar ARG,"FW,MF",Barracas Central,Copa de la Liga,23,2000,3.5,13,3.68,9,1,2,1,0,0,0,0.00,0,0,0,0,0,0,ar ARG,"FW,MF",Barracas Central,Copa de la Liga,23,2000,3.5,9,3,4,1,4,5,13,38.5,8,4,0,4,3,12,4,0,ar ARG,"FW,MF",Barracas Central,Copa de la Liga,23,2000,3.5,183,2,21,81,83,8,183,25,9,36.0,15,60.0,112,674,289,8,9,1,10,8,125,23,ar ARG,"FW,MF",Barracas Central,Copa de la Liga,23,2000,9,318,35,25.2,3.5,2,68,0,7,26,4,1.30,4,6,-2,-0.57,-1.23,4.1,3.9,+0.2,+0.06,+0.34,ar ARG,"FW,MF",Barracas Central,Copa de la Liga,23,2000,3.5,2,0,0,6,6,0,8,3,3,0,0,0,13,1,6,14.3
Matias Ibacache,cl CHI,DF,Belgrano,Copa de la Liga,25,1999,8,8,654,7.3,0,1,1,0,0,0,0,0,0.0,0.0,0.5,0.5,19,23,25,0.00,0.14,0.14,0.00,0.14,0.01,0.06,0.07,0.01,0.07,cl CHI,DF,Belgrano,Copa de la Liga,25,1999,7.3,0,3,1,33.3,0.41,0.14,0.00,0.00,31.8,0,0,0,0.0,0.0,0.01,0.0,0.0,cl CHI,DF,Belgrano,Copa de la Liga,25,1999,7.3,224,321,69.8,3699,1893,119,135,88.1,86,116,74.1,17,54,31.5,1,0.5,0.8,+0.5,4,15,5,2,23,cl CHI,DF,Belgrano,Copa de la Liga,25,1999,7.3,321,241,80,3,0,0,16,77,0,0,0,0,224,0,10,cl CHI,DF,Belgrano,Copa de la Liga,25,1999,7.3,8,1.10,5,2,1,0,0,0,1,0.14,1,0,0,0,0,0,cl CHI,DF,Belgrano,Copa de la Liga,25,1999,7.3,17,11,10,6,1,15,18,83.3,3,6,0,6,4,21,26,1,cl CHI,DF,Belgrano,Copa de la Liga,25,1999,7.3,396,25,134,179,88,5,396,11,3,27.3,5,45.5,152,1033,625,19,16,1,5,1,189,25,cl CHI,DF,Belgrano,Copa de la Liga,25,1999,8,654,82,51.9,7.3,8,82,1,0,0,5,1.00,12,11,+1,+0.14,+0.58,9.0,11.1,-2.1,-0.29,-0.45,cl CHI,DF,Belgrano,Copa de la Liga,25,1999,7.3,0,0,0,4,8,0,16,4,11,0,0,0,28,8,9,47.1
César Ibáñez,ar ARG,DF,Huracán,Copa de la Liga,24,1999,11,11,964,10.7,0,0,0,0,0,0,4,0,0.2,0.2,0.5,0.7,10,38,28,0.00,0.00,0.00,0.00,0.00,0.02,0.05,0.07,0.02,0.07,ar ARG,DF,Huracán,Copa de la Liga,24,1999,10.7,0,13,1,7.7,1.21,0.09,0.00,0.00,27.8,0,0,0,0.2,0.2,0.02,-0.2,-0.2,ar ARG,DF,Huracán,Copa de la Liga,24,1999,10.7,351,490,71.6,6268,2720,159,179,88.8,137,192,71.4,43,83,51.8,0,0.5,0.6,-0.5,6,26,9,2,38,ar ARG,DF,Huracán,Copa de la Liga,24,1999,10.7,490,385,105,4,0,3,34,95,6,0,6,0,351,0,14,ar ARG,DF,Huracán,Copa de la Liga,24,1999,10.7,16,1.49,9,2,2,2,1,0,0,0.00,0,0,0,0,0,0,ar ARG,DF,Huracán,Copa de la Liga,24,1999,10.7,30,16,14,14,2,11,20,55.0,9,15,4,11,12,42,24,1,ar ARG,DF,Huracán,Copa de la Liga,24,1999,10.7,621,35,204,296,124,6,621,11,6,54.5,4,36.4,246,1216,699,10,16,0,16,9,306,28,ar ARG,DF,Huracán,Copa de la Liga,24,1999,11,964,88,76.5,10.7,11,88,9,0,0,3,1.36,10,7,+3,+0.28,+1.19,10.3,11.5,-1.2,-0.11,+0.65,ar ARG,DF,Huracán,Copa de la Liga,24,1999,10.7,4,0,0,13,13,0,34,12,16,0,1,0,48,19,20,48.7
Franco Ibarra,ar ARG,MF,Rosario Central,Copa de la Liga,22,2001,9,3,384,4.3,0,1,1,0,0,0,0,0,0.2,0.2,0.1,0.2,3,19,3,0.00,0.23,0.23,0.00,0.23,0.04,0.01,0.05,0.04,0.05,ar ARG,MF,Rosario Central,Copa de la Liga,22,2001,4.3,0,3,0,0.0,0.70,0.00,0.00,0,24.1,0,0,0,0.2,0.2,0.05,-0.2,-0.2,ar ARG,MF,Rosario Central,Copa de la Liga,22,2001,4.3,212,251,84.5,4252,1149,74,85,87.1,99,110,90.0,33,46,71.7,1,0.1,0.1,+0.9,3,20,1,0,19,ar ARG,MF,Rosario Central,Copa de la Liga,22,2001,4.3,251,242,9,9,0,6,1,0,0,0,0,0,212,0,2,ar ARG,MF,Rosario Central,Copa de la Liga,22,2001,4.3,8,1.87,8,0,0,0,0,0,2,0.47,2,0,0,0,0,0,ar ARG,MF,Rosario Central,Copa de la Liga,22,2001,4.3,23,12,9,11,3,13,27,48.1,14,16,5,11,8,31,9,0,ar ARG,MF,Rosario Central,Copa de la Liga,22,2001,4.3,324,12,80,207,40,1,324,7,4,57.1,1,14.3,168,787,396,3,6,0,8,6,189,3,ar ARG,MF,Rosario Central,Copa de la Liga,22,2001,9,384,43,30.5,4.3,3,85,2,6,22,5,0.89,3,5,-2,-0.47,+0.15,4.0,4.5,-0.5,-0.13,+0.58,ar ARG,MF,Rosario Central,Copa de la Liga,22,2001,4.3,0,0,0,7,9,0,1,8,12,0,0,0,34,9,5,64.3
Juan Ignacio Méndez,ar ARG,MF,Vélez Sarsfield,Copa de la Liga,26,1997,6,2,164,1.8,0,0,0,0,0,0,1,0,0.1,0.1,0.1,0.2,0,8,1,0.00,0.00,0.00,0.00,0.00,0.05,0.03,0.09,0.05,0.09,ar ARG,MF,Vélez Sarsfield,Copa de la Liga,26,1997,1.8,0,4,1,25.0,2.20,0.55,0.00,0.00,34.6,0,0,0,0.1,0.1,0.02,-0.1,-0.1,ar ARG,MF,Vélez Sarsfield,Copa de la Liga,26,1997,1.8,74,96,77.1,1362,370,30,36,83.3,32,38,84.2,10,16,62.5,0,0.1,0.0,-0.1,2,7,1,0,8,ar ARG,MF,Vélez Sarsfield,Copa de la Liga,26,1997,1.8,96,91,4,2,0,0,0,2,0,0,0,0,74,1,0,ar ARG,MF,Vélez Sarsfield,Copa de la Liga,26,1997,1.8,3,1.65,3,0,0,0,0,0,0,0.00,0,0,0,0,0,0,ar ARG,MF,Vélez Sarsfield,Copa de la Liga,26,1997,1.8,14,8,3,9,2,7,12,58.3,5,1,0,1,1,15,0,0,ar ARG,MF,Vélez Sarsfield,Copa de la Liga,26,1997,1.8,113,1,21,82,11,1,113,0,0,0,0,0,60,256,103,0,2,0,0,2,74,1,ar ARG,MF,Vélez Sarsfield,Copa de la Liga,26,1997,6,164,27,13.0,1.8,2,56,0,4,13,8,1.75,2,4,-2,-1.10,-1.34,4.0,2.3,+1.7,+0.94,+0.68,ar ARG,MF,Vélez Sarsfield,Copa de la Liga,26,1997,1.8,1,0,0,5,1,0,0,1,8,0,0,0,13,4,2,66.7
Juan Ignacio Ramírez,uy URU,FW,Newell's OB,Copa de la Liga,26,1997,14,13,"1,054",11.7,8,0,8,7,1,1,1,0,5.3,4.5,0.3,4.8,5,13,37,0.68,0.00,0.68,0.60,0.60,0.46,0.02,0.48,0.39,0.41,uy URU,FW,Newell's OB,Copa de la Liga,26,1997,11.7,8,30,14,46.7,2.56,1.20,0.23,0.50,15.1,0,1,1,5.3,4.5,0.15,+2.7,+2.5,uy URU,FW,Newell's OB,Copa de la Liga,26,1997,11.7,88,143,61.5,1109,264,50,72,69.4,21,37,56.8,3,6,50.0,0,0.3,0.2,-0.3,6,10,2,0,13,uy URU,FW,Newell's OB,Copa de la Liga,26,1997,11.7,143,116,25,0,3,1,1,0,0,0,0,0,88,2,6,uy URU,FW,Newell's OB,Copa de la Liga,26,1997,11.7,15,1.28,11,0,1,1,2,0,1,0.09,1,0,0,0,0,0,uy URU,FW,Newell's OB,Copa de la Liga,26,1997,11.7,5,4,0,4,1,1,9,11.1,8,5,0,5,1,6,12,0,uy URU,FW,Newell's OB,Copa de la Liga,26,1997,11.7,244,11,16,111,120,49,243,5,2,40.0,3,60.0,119,351,175,5,3,2,26,11,159,37,uy URU,FW,Newell's OB,Copa de la Liga,26,1997,14,"1,054",75,83.7,11.7,13,79,3,1,28,0,1.50,13,12,+1,+0.09,+1.40,13.3,10.9,+2.3,+0.20,+1.33,uy URU,FW,Newell's OB,Copa de la Liga,26,1997,11.7,1,0,0,15,8,2,1,1,4,0,0,0,12,19,35,35.2
Juan Infante,ar ARG,DF,Atlé Tucumán,Copa de la Liga,28,1996,8,4,418,4.6,1,0,1,1,0,0,0,0,0.4,0.4,0.0,0.4,6,15,13,0.22,0.00,0.22,0.22,0.22,0.08,0.00,0.08,0.08,0.08,ar ARG,DF,Atlé Tucumán,Copa de la Liga,28,1996,4.6,1,5,1,20.0,1.08,0.22,0.20,1.00,19.7,0,0,0,0.4,0.4,0.07,+0.6,+0.6,ar ARG,DF,Atlé Tucumán,Copa de la Liga,28,1996,4.6,158,207,76.3,2533,1155,86,92,93.5,52,73,71.2,14,26,53.8,0,0.0,0.5,0.0,0,10,2,1,15,ar ARG,DF,Atlé Tucumán,Copa de la Liga,28,1996,4.6,207,150,55,2,0,1,19,50,3,0,2,0,158,2,7,ar ARG,DF,Atlé Tucumán,Copa de la Liga,28,1996,4.6,7,1.50,4,1,0,0,2,0,1,0.21,1,0,0,0,0,0,ar ARG,DF,Atlé Tucumán,Copa de la Liga,28,1996,4.6,6,5,2,4,0,3,8,37.5,5,8,1,7,10,16,8,0,ar ARG,DF,Atlé Tucumán,Copa de la Liga,28,1996,4.6,254,6,60,122,74,9,254,3,1,33.3,1,33.3,110,534,284,6,3,1,4,0,121,13,ar ARG,DF,Atlé Tucumán,Copa de la Liga,28,1996,8,418,52,33.2,4.6,4,90,4,4,15,6,0.75,6,10,-4,-0.86,+0.31,6.4,4.3,+2.1,+0.45,+0.88,ar ARG,DF,Atlé Tucumán,Copa de la Liga,28,1996,4.6,0,0,0,5,4,0,19,10,5,0,0,0,18,4,3,57.1
Luis Ingolotti,ar ARG,GK,Cen. Córdoba–SdE,Copa de la Liga,24,2000,8,8,720,8.0,0,0,0,0,0,0,0,0,0.0,0.0,0.0,0.0,0,0,0,0.00,0.00,0.00,0.00,0.00,0.00,0.00,0.00,0.00,0.00,ar ARG,GK,Cen. Córdoba–SdE,Copa de la Liga,24,2000,8.0,0,0,0,0,0.00,0.00,0,0,0,0,0,0,0.0,0.0,0,0.0,0.0,ar ARG,GK,Cen. Córdoba–SdE,Copa de la Liga,24,2000,8.0,179,262,68.3,5074,3945,31,31,100.0,87,91,95.6,58,134,43.3,0,0.0,0.0,0.0,0,1,0,0,0,ar ARG,GK,Cen. Córdoba–SdE,Copa de la Liga,24,2000,8.0,262,181,79,17,0,0,0,0,0,0,0,0,179,2,0,ar ARG,GK,Cen. Córdoba–SdE,Copa de la Liga,24,2000,8.0,2,0.25,2,0,0,0,0,0,0,0.00,0,0,0,0,0,0,ar ARG,GK,Cen. Córdoba–SdE,Copa de la Liga,24,2000,8.0,0,0,0,0,0,0,1,0.0,1,0,0,0,0,0,4,2,ar ARG,GK,Cen. Córdoba–SdE,Copa de la Liga,24,2000,8.0,284,243,284,0,0,0,284,0,0,0,0,0,154,843,540,0,0,0,2,0,110,0,ar ARG,GK,Cen. Córdoba–SdE,Copa de la Liga,24,2000,8,720,90,57.1,8.0,8,90,8,0,0,3,0.75,6,15,-9,-1.13,-0.96,5.4,13.3,-7.9,-0.99,-0.51,ar ARG,GK,Cen. Córdoba–SdE,Copa de la Liga,24,2000,8.0,0,0,0,0,1,0,0,0,0,0,0,0,7,1,0,100.0
Manuel Insaurralde,ar ARG,MF,San Lorenzo,Copa de la Liga,25,1999,9,4,374,4.2,0,0,0,0,0,0,3,0,0.1,0.1,0.0,0.1,3,9,2,0.00,0.00,0.00,0.00,0.00,0.01,0.01,0.02,0.01,0.02,ar ARG,MF,San Lorenzo,Copa de la Liga,25,1999,4.2,0,3,0,0.0,0.72,0.00,0.00,0,33.9,0,0,0,0.1,0.1,0.02,-0.1,-0.1,ar ARG,MF,San Lorenzo,Copa de la Liga,25,1999,4.2,129,148,87.2,2170,378,62,67,92.5,50,55,90.9,11,12,91.7,0,0.0,0.1,0.0,2,15,2,1,9,ar ARG,MF,San Lorenzo,Copa de la Liga,25,1999,4.2,148,144,4,4,0,3,1,0,0,0,0,0,129,0,4,ar ARG,MF,San Lorenzo,Copa de la Liga,25,1999,4.2,5,1.20,5,0,0,0,0,0,0,0.00,0,0,0,0,0,0,ar ARG,MF,San Lorenzo,Copa de la Liga,25,1999,4.2,16,7,4,12,0,4,8,50.0,4,7,1,6,3,19,7,0,ar ARG,MF,San Lorenzo,Copa de la Liga,25,1999,4.2,191,6,44,122,25,0,191,3,2,66.7,1,33.3,67,346,126,3,1,0,1,5,101,2,ar ARG,MF,San Lorenzo,Copa de la Liga,25,1999,9,374,42,29.7,4.2,4,71,2,5,18,2,1.44,4,4,0,0.00,+0.41,3.3,3.2,0.0,+0.01,-0.04,ar ARG,MF,San Lorenzo,Copa de la Liga,25,1999,4.2,3,0,0,9,7,0,1,3,7,0,0,0,25,4,3,57.1
Nelson Insfrán,ar ARG,GK,Gimnasia–LP,Copa de la Liga,28,1995,14,14,"1,260",14.0,0,0,0,0,0,0,0,0,0.0,0.0,0.0,0.0,0,0,0,0.00,0.00,0.00,0.00,0.00,0.00,0.00,0.00,0.00,0.00,ar ARG,GK,Gimnasia–LP,Copa de la Liga,28,1995,14.0,0,0,0,0,0.00,0.00,0,0,0,0,0,0,0.0,0.0,0,0.0,0.0,ar ARG,GK,Gimnasia–LP,Copa de la Liga,28,1995,14.0,221,396,55.8,8754,7344,14,14,100.0,80,87,92.0,127,290,43.8,0,0.0,0.0,0.0,0,18,0,0,0,ar ARG,GK,Gimnasia–LP,Copa de la Liga,28,1995,14.0,396,222,169,46,0,2,0,0,0,0,0,0,221,5,0,ar ARG,GK,Gimnasia–LP,Copa de la Liga,28,1995,14.0,4,0.29,1,3,0,0,0,0,0,0.00,0,0,0,0,0,0,ar ARG,GK,Gimnasia–LP,Copa de la Liga,28,1995,14.0,0,0,0,0,0,0,1,0.0,1,0,0,0,1,1,6,0,ar ARG,GK,Gimnasia–LP,Copa de la Liga,28,1995,14.0,429,355,426,3,0,0,429,0,0,0,0,0,184,1464,1068,0,0,0,1,0,109,0,ar ARG,GK,Gimnasia–LP,Copa de la Liga,28,1995,14,"1,260",90,100.0,14.0,14,90,14,0,0,0,1.14,18,23,-5,-0.36,0,14.2,20.6,-6.4,-0.46,0,ar ARG,GK,Gimnasia–LP,Copa de la Liga,28,1995,14.0,0,0,0,0,1,0,0,1,0,0,0,0,11,6,0,100.0
Emanuel Insúa,ar ARG,DF,Banfield,Copa de la Liga,32,1991,13,13,"1,170",13.0,0,0,0,0,0,0,3,0,0.4,0.4,0.7,1.1,34,50,23,0.00,0.00,0.00,0.00,0.00,0.03,0.05,0.08,0.03,0.08,ar ARG,DF,Banfield,Copa de la Liga,32,1991,13.0,0,6,1,16.7,0.46,0.08,0.00,0.00,12.4,0,0,0,0.4,0.4,0.07,-0.4,-0.4,ar ARG,DF,Banfield,Copa de la Liga,32,1991,13.0,376,547,68.7,6572,2681,161,192,83.9,168,217,77.4,35,98,35.7,0,0.7,0.2,-0.7,2,34,5,1,50,ar ARG,DF,Banfield,Copa de la Liga,32,1991,13.0,547,413,132,6,0,0,29,126,0,0,0,0,376,2,16,ar ARG,DF,Banfield,Copa de la Liga,32,1991,13.0,11,0.85,8,1,0,1,0,1,0,0.00,0,0,0,0,0,0,ar ARG,DF,Banfield,Copa de la Liga,32,1991,13.0,37,24,23,13,1,18,33,54.5,15,20,1,19,22,59,36,0,ar ARG,DF,Banfield,Copa de la Liga,32,1991,13.0,719,49,236,359,148,13,719,44,28,63.6,12,27.3,317,2532,1377,34,24,3,26,22,292,23,ar ARG,DF,Banfield,Copa de la Liga,32,1991,13,"1,170",90,92.9,13.0,13,90,13,0,0,0,1.08,11,15,-4,-0.31,-3.31,13.4,14.6,-1.3,-0.10,+0.75,ar ARG,DF,Banfield,Copa de la Liga,32,1991,13.0,3,0,0,16,16,0,29,22,24,0,0,0,86,23,13,63.9
Rodrigo Insúa,ar ARG,DF,Barracas Central,Copa de la Liga,26,1997,14,14,"1,256",14.0,0,1,1,0,0,0,0,0,0.2,0.2,1.9,2.1,19,36,46,0.00,0.07,0.07,0.00,0.07,0.01,0.14,0.15,0.01,0.15,ar ARG,DF,Barracas Central,Copa de la Liga,26,1997,14.0,0,6,1,16.7,0.43,0.07,0.00,0.00,27.3,3,0,0,0.2,0.2,0.03,-0.2,-0.2,ar ARG,DF,Barracas Central,Copa de la Liga,26,1997,14.0,454,668,68.0,7840,3833,228,256,89.1,178,241,73.9,40,130,30.8,1,1.9,1.4,-0.9,26,36,13,8,36,ar ARG,DF,Barracas Central,Copa de la Liga,26,1997,14.0,668,495,170,18,0,3,66,126,26,10,11,1,454,3,20,ar ARG,DF,Barracas Central,Copa de la Liga,26,1997,14.0,40,2.87,27,9,2,1,1,0,2,0.14,2,0,0,0,0,0,ar ARG,DF,Barracas Central,Copa de la Liga,26,1997,14.0,31,18,23,2,6,19,26,73.1,7,13,6,7,11,42,43,1,ar ARG,DF,Barracas Central,Copa de la Liga,26,1997,14.0,830,66,299,344,197,12,830,31,11,35.5,18,58.1,354,1800,1001,19,13,3,19,9,392,46,ar ARG,DF,Barracas Central,Copa de la Liga,26,1997,14,"1,256",90,99.7,14.0,14,90,13,0,0,0,1.73,19,15,+4,+0.29,-22.21,15.9,18.8,-2.9,-0.20,-4.55,ar ARG,DF,Barracas Central,Copa de la Liga,26,1997,14.0,0,0,0,13,17,3,66,11,18,0,0,1,62,15,19,44.1
Elian Irala,ar ARG,MF,San Lorenzo,Copa de la Liga,19,2004,12,12,"1,038",11.5,0,1,1,0,0,0,5,1,0.4,0.4,0.3,0.7,11,35,21,0.00,0.09,0.09,0.00,0.09,0.03,0.02,0.06,0.03,0.06,ar ARG,MF,San Lorenzo,Copa de la Liga,19,2004,11.5,0,16,1,6.3,1.39,0.09,0.00,0.00,28.3,0,0,0,0.4,0.4,0.02,-0.4,-0.4,ar ARG,MF,San Lorenzo,Copa de la Liga,19,2004,11.5,366,469,78.0,6473,1708,166,193,86.0,135,161,83.9,50,71,70.4,1,0.3,0.4,+0.7,11,33,6,4,35,ar ARG,MF,San Lorenzo,Copa de la Liga,19,2004,11.5,469,451,15,12,0,5,23,3,0,0,0,0,366,3,19,ar ARG,MF,San Lorenzo,Copa de la Liga,19,2004,11.5,25,2.17,18,0,1,4,2,0,1,0.09,1,0,0,0,0,0,ar ARG,MF,San Lorenzo,Copa de la Liga,19,2004,11.5,46,28,17,26,3,24,53,45.3,29,18,2,16,12,58,13,0,ar ARG,MF,San Lorenzo,Copa de la Liga,19,2004,11.5,647,10,135,402,117,4,647,40,21,52.5,16,40.0,294,1607,636,11,9,1,22,18,337,21,ar ARG,MF,San Lorenzo,Copa de la Liga,19,2004,12,"1,038",87,82.4,11.5,12,87,8,0,0,0,1.33,9,8,+1,+0.09,+2.11,10.4,7.4,+3.0,+0.26,+1.25,ar ARG,MF,San Lorenzo,Copa de la Liga,19,2004,11.5,5,1,1,23,13,0,23,12,28,0,0,0,80,18,11,62.1
Agustín Irazoque,ar ARG,DF,Barracas Central,Copa de la Liga,24,1999,4,0,90,1.0,0,0,0,0,0,0,0,0,0.0,0.0,0.0,0.0,0,3,0,0.00,0.00,0.00,0.00,0.00,0.00,0.00,0.00,0.00,0.00,ar ARG,DF,Barracas Central,Copa de la Liga,24,1999,1.0,0,0,0,0,0.00,0.00,0,0,0,0,0,0,0.0,0.0,0,0.0,0.0,ar ARG,DF,Barracas Central,Copa de la Liga,24,1999,1.0,14,25,56.0,305,168,2,4,50.0,10,12,83.3,2,6,33.3,0,0.0,0.0,0.0,0,1,0,0,3,ar ARG,DF,Barracas Central,Copa de la Liga,24,1999,1.0,25,25,0,0,0,0,0,0,0,0,0,0,14,0,2,ar ARG,DF,Barracas Central,Copa de la Liga,24,1999,1.0,0,0.00,0,0,0,0,0,0,0,0.00,0,0,0,0,0,0,ar ARG,DF,Barracas Central,Copa de la Liga,24,1999,1.0,5,1,4,1,0,2,2,100.0,0,0,0,0,3,8,13,0,ar ARG,DF,Barracas Central,Copa de la Liga,24,1999,1.0,50,8,38,12,0,0,50,0,0,0,0,0,14,62,30,0,0,0,1,0,13,0,ar ARG,DF,Barracas Central,Copa de la Liga,24,1999,4,90,23,7.1,1.0,0,0,0,4,23,10,2.50,0,0,0,0.00,-0.38,1.3,1.7,-0.4,-0.38,-0.21,ar ARG,DF,Barracas Central,Copa de la Liga,24,1999,1.0,0,0,0,1,0,1,0,3,1,0,0,0,2,6,2,75.0
Nahuel Iribarren,ar ARG,DF,Deportivo Riestra,Copa de la Liga,35,1988,5,5,434,4.8,0,0,0,0,0,0,2,0,0.0,0.0,0.0,0.0,1,7,1,0.00,0.00,0.00,0.00,0.00,0.00,0.00,0.00,0.00,0.00,ar ARG,DF,Deportivo Riestra,Copa de la Liga,35,1988,4.8,0,0,0,0,0.00,0.00,0,0,0,0,0,0,0.0,0.0,0,0.0,0.0,ar ARG,DF,Deportivo Riestra,Copa de la Liga,35,1988,4.8,65,121,53.7,1495,877,13,27,48.1,34,50,68.0,16,38,42.1,0,0.0,0.0,0.0,0,4,0,0,7,ar ARG,DF,Deportivo Riestra,Copa de la Liga,35,1988,4.8,121,117,4,4,0,1,0,0,0,0,0,0,65,0,2,ar ARG,DF,Deportivo Riestra,Copa de la Liga,35,1988,4.8,1,0.21,1,0,0,0,0,0,0,0.00,0,0,0,0,0,0,ar ARG,DF,Deportivo Riestra,Copa de la Liga,35,1988,4.8,7,5,6,1,0,5,8,62.5,3,4,4,0,7,14,27,1,ar ARG,DF,Deportivo Riestra,Copa de la Liga,35,1988,4.8,170,27,90,75,6,3,170,0,0,0,0,0,41,170,84,1,0,0,3,0,40,1,ar ARG,DF,Deportivo Riestra,Copa de la Liga,35,1988,5,434,87,34.4,4.8,5,87,4,0,0,2,0.20,1,8,-7,-1.45,-1.34,2.6,8.0,-5.4,-1.12,-0.51,ar ARG,DF,Deportivo Riestra,Copa de la Liga,35,1988,4.8,2,0,0,2,0,0,0,7,5,0,0,0,22,10,10,50.0
Mauricio Isla,cl CHI,DF,Independiente,Copa de la Liga,35,1988,14,13,"1,176",13.1,1,2,3,1,0,0,3,0,0.2,0.2,3.4,3.6,17,78,100,0.08,0.15,0.23,0.08,0.23,0.02,0.26,0.27,0.02,0.27,cl CHI,DF,Independiente,Copa de la Liga,35,1988,13.1,1,3,2,66.7,0.23,0.15,0.33,0.50,14.4,0,0,0,0.2,0.2,0.07,+0.8,+0.8,cl CHI,DF,Independiente,Copa de la Liga,35,1988,13.1,565,717,78.8,10404,4386,244,275,88.7,241,284,84.9,72,123,58.5,2,3.4,3.1,-1.4,32,57,29,14,78,cl CHI,DF,Independiente,Copa de la Liga,35,1988,13.1,717,588,126,7,0,6,49,114,5,0,5,0,565,3,21,cl CHI,DF,Independiente,Copa de la Liga,35,1988,13.1,50,3.83,43,6,0,0,1,0,2,0.15,2,0,0,0,0,0,cl CHI,DF,Independiente,Copa de la Liga,35,1988,13.1,13,9,8,4,1,6,15,40.0,9,7,1,6,11,24,29,0,cl CHI,DF,Independiente,Copa de la Liga,35,1988,13.1,811,33,172,363,284,24,811,10,6,60.0,3,30.0,433,1479,783,17,19,3,12,3,481,100,cl CHI,DF,Independiente,Copa de la Liga,35,1988,14,"1,176",84,93.3,13.1,13,89,12,1,23,0,1.64,12,8,+4,+0.31,+0.31,17.0,10.1,+6.9,+0.53,+1.01,cl CHI,DF,Independiente,Copa de la Liga,35,1988,13.1,3,0,0,11,9,2,49,11,9,0,0,0,56,13,9,59.1
Tomás Jacob,ar ARG,DF,Newell's OB,Copa de la Liga,19,2004,2,1,116,1.3,0,0,0,0,0,0,0,0,0.0,0.0,0.0,0.0,0,2,0,0.00,0.00,0.00,0.00,0.00,0.00,0.00,0.00,0.00,0.00,ar ARG,DF,Newell's OB,Copa de la Liga,19,2004,1.3,0,0,0,0,0.00,0.00,0,0,0,0,0,0,0.0,0.0,0,0.0,0.0,ar ARG,DF,Newell's OB,Copa de la Liga,19,2004,1.3,34,50,68.0,665,337,10,16,62.5,22,28,78.6,2,6,33.3,0,0.0,0.0,0.0,0,1,0,0,2,ar ARG,DF,Newell's OB,Copa de la Liga,19,2004,1.3,50,44,6,1,0,1,0,5,0,0,0,0,34,0,0,ar ARG,DF,Newell's OB,Copa de la Liga,19,2004,1.3,0,0.00,0,0,0,0,0,0,0,0.00,0,0,0,0,0,0,ar ARG,DF,Newell's OB,Copa de la Liga,19,2004,1.3,4,2,3,1,0,3,4,75.0,1,6,4,2,1,5,5,0,ar ARG,DF,Newell's OB,Copa de la Liga,19,2004,1.3,65,11,39,22,4,0,65,0,0,0,0,0,22,60,28,0,0,0,1,0,23,0,ar ARG,DF,Newell's OB,Copa de la Liga,19,2004,2,116,58,9.2,1.3,1,90,1,1,26,11,0.50,0,1,-1,-0.78,-0.70,1.2,2.4,-1.2,-0.90,-0.97,ar ARG,DF,Newell's OB,Copa de la Liga,19,2004,1.3,0,0,0,0,2,0,0,1,2,0,0,0,6,3,1,75.0
Misael Jaime,ar ARG,FW,Newell's OB,Copa de la Liga,20,2004,4,2,126,1.4,0,0,0,0,0,0,2,0,0.4,0.4,0.1,0.5,4,4,9,0.00,0.00,0.00,0.00,0.00,0.31,0.07,0.38,0.31,0.38,ar ARG,FW,Newell's OB,Copa de la Liga,20,2004,1.4,0,4,1,25.0,2.86,0.71,0.00,0.00,23.9,0,0,0,0.4,0.4,0.11,-0.4,-0.4,ar ARG,FW,Newell's OB,Copa de la Liga,20,2004,1.4,49,67,73.1,723,180,22,28,78.6,18,21,85.7,3,10,30.0,0,0.1,0.2,-0.1,2,3,2,0,4,ar ARG,FW,Newell's OB,Copa de la Liga,20,2004,1.4,67,64,3,0,0,1,7,1,2,0,1,0,49,0,2,ar ARG,FW,Newell's OB,Copa de la Liga,20,2004,1.4,6,4.29,6,0,0,0,0,0,0,0.00,0,0,0,0,0,0,ar ARG,FW,Newell's OB,Copa de la Liga,20,2004,1.4,3,2,2,1,0,3,4,75.0,1,0,0,0,1,4,1,0,ar ARG,FW,Newell's OB,Copa de la Liga,20,2004,1.4,87,2,13,34,42,5,87,4,3,75.0,1,25.0,56,316,104,4,1,1,7,5,59,9,ar ARG,FW,Newell's OB,Copa de la Liga,20,2004,4,126,32,10.0,1.4,2,55,0,2,8,7,1.75,1,1,0,0.00,+0.16,1.8,1.9,-0.2,-0.13,-0.12,ar ARG,FW,Newell's OB,Copa de la Liga,20,2004,1.4,2,0,0,2,1,0,7,1,2,0,0,0,12,0,1,0.0
Jeremías James,ar ARG,DF,San Lorenzo,Copa de la Liga,23,2001,2,1,93,1.0,0,0,0,0,0,0,0,0,0.0,0.0,0.0,0.0,0,5,0,0.00,0.00,0.00,0.00,0.00,0.03,0.00,0.03,0.03,0.03,ar ARG,DF,San Lorenzo,Copa de la Liga,23,2001,1.0,0,1,0,0.0,0.97,0.00,0.00,0,11.9,0,0,0,0.0,0.0,0.03,0.0,0.0,ar ARG,DF,San Lorenzo,Copa de la Liga,23,2001,1.0,31,47,66.0,551,227,12,13,92.3,16,20,80.0,2,11,18.2,0,0.0,0.0,0.0,0,3,1,0,5,ar ARG,DF,San Lorenzo,Copa de la Liga,23,2001,1.0,47,45,1,1,0,0,0,0,0,0,0,0,31,1,2,ar ARG,DF,San Lorenzo,Copa de la Liga,23,2001,1.0,0,0.00,0,0,0,0,0,0,0,0.00,0,0,0,0,0,0,ar ARG,DF,San Lorenzo,Copa de la Liga,23,2001,1.0,0,0,0,0,0,0,2,0.0,2,1,1,0,1,1,3,0,ar ARG,DF,San Lorenzo,Copa de la Liga,23,2001,1.0,56,3,20,35,1,1,56,0,0,0,0,0,33,252,161,0,0,0,1,0,34,0,ar ARG,DF,San Lorenzo,Copa de la Liga,23,2001,2,93,47,7.4,1.0,1,90,1,1,3,6,1.50,0,2,-2,-1.94,-1.78,0.5,1.6,-1.1,-1.08,-1.20,ar ARG,DF,San Lorenzo,Copa de la Liga,23,2001,1.0,0,0,0,1,0,0,0,1,0,0,0,0,4,0,1,0.0
Lucas Janson,ar ARG,"FW,MF",Boca Juniors,Copa de la Liga,29,1994,8,2,206,2.3,0,0,0,0,0,0,0,0,0.7,0.7,0.0,0.7,6,6,22,0.00,0.00,0.00,0.00,0.00,0.30,0.01,0.31,0.30,0.31,ar ARG,"FW,MF",Boca Juniors,Copa de la Liga,29,1994,2.3,0,6,2,33.3,2.62,0.87,0.00,0.00,11.6,0,0,0,0.7,0.7,0.12,-0.7,-0.7,ar ARG,"FW,MF",Boca Juniors,Copa de la Liga,29,1994,2.3,39,58,67.2,572,173,24,27,88.9,9,14,64.3,3,9,33.3,0,0.0,0.1,0.0,1,7,1,0,6,ar ARG,"FW,MF",Boca Juniors,Copa de la Liga,29,1994,2.3,58,58,0,0,0,0,5,0,0,0,0,0,39,0,0,ar ARG,"FW,MF",Boca Juniors,Copa de la Liga,29,1994,2.3,3,1.30,3,0,0,0,0,0,0,0.00,0,0,0,0,0,0,ar ARG,"FW,MF",Boca Juniors,Copa de la Liga,29,1994,2.3,5,5,1,4,0,3,7,42.9,4,6,1,5,0,5,2,0,ar ARG,"FW,MF",Boca Juniors,Copa de la Liga,29,1994,2.3,88,2,7,36,46,6,88,6,2,33.3,4,66.7,56,326,153,6,5,0,6,3,70,22,ar ARG,"FW,MF",Boca Juniors,Copa de la Liga,29,1994,8,206,26,16.3,2.3,2,62,0,6,14,5,1.38,1,3,-2,-0.87,-1.73,2.8,1.5,+1.3,+0.56,-0.09,ar ARG,"FW,MF",Boca Juniors,Copa de la Liga,29,1994,2.3,0,0,0,3,6,2,5,0,5,0,0,0,7,3,5,37.5
Franco Jara,ar ARG,"FW,MF",Belgrano,Copa de la Liga,35,1988,3,2,160,1.8,2,0,2,1,1,1,1,0,1.6,0.8,0.0,0.9,2,0,10,1.13,0.00,1.13,0.56,0.56,0.91,0.02,0.93,0.47,0.49,ar ARG,"FW,MF",Belgrano,Copa de la Liga,35,1988,1.8,2,7,4,57.1,3.94,2.25,0.14,0.25,17.2,0,1,1,1.6,0.8,0.12,+0.4,+0.2,ar ARG,"FW,MF",Belgrano,Copa de la Liga,35,1988,1.8,22,35,62.9,213,20,15,18,83.3,4,9,44.4,0,2,0.0,0,0.0,0.0,0.0,1,0,0,0,0,ar ARG,"FW,MF",Belgrano,Copa de la Liga,35,1988,1.8,35,34,1,0,0,0,2,0,0,0,0,0,22,0,2,ar ARG,"FW,MF",Belgrano,Copa de la Liga,35,1988,1.8,5,2.81,1,0,0,1,3,0,1,0.56,0,0,0,0,1,0,ar ARG,"FW,MF",Belgrano,Copa de la Liga,35,1988,1.8,2,2,0,1,1,0,2,0.0,2,2,0,2,0,2,1,0,ar ARG,"FW,MF",Belgrano,Copa de la Liga,35,1988,1.8,67,1,8,22,37,12,66,9,3,33.3,3,33.3,49,232,74,2,4,0,11,2,51,10,ar ARG,"FW,MF",Belgrano,Copa de la Liga,35,1988,3,160,53,12.7,1.8,2,73,1,1,14,1,1.33,2,5,-3,-1.69,-1.77,2.5,2.1,+0.4,+0.25,+0.38,ar ARG,"FW,MF",Belgrano,Copa de la Liga,35,1988,1.8,1,0,0,2,6,0,2,0,2,1,0,0,8,2,10,16.7
Leonardo Jara,ar ARG,DF,Vélez Sarsfield,Copa de la Liga,32,1991,9,8,735,8.2,0,0,0,0,0,0,0,0,0.2,0.2,0.3,0.5,8,31,29,0.00,0.00,0.00,0.00,0.00,0.02,0.04,0.06,0.02,0.06,ar ARG,DF,Vélez Sarsfield,Copa de la Liga,32,1991,8.2,0,8,2,25.0,0.98,0.24,0.00,0.00,20.2,0,0,0,0.2,0.2,0.02,-0.2,-0.2,ar ARG,DF,Vélez Sarsfield,Copa de la Liga,32,1991,8.2,289,410,70.5,4911,2203,139,159,87.4,118,164,72.0,27,67,40.3,0,0.3,0.3,-0.3,5,33,8,4,31,ar ARG,DF,Vélez Sarsfield,Copa de la Liga,32,1991,8.2,410,331,79,9,0,3,15,70,0,0,0,0,289,0,10,ar ARG,DF,Vélez Sarsfield,Copa de la Liga,32,1991,8.2,14,1.72,12,0,1,0,1,0,2,0.25,1,0,0,0,1,0,ar ARG,DF,Vélez Sarsfield,Copa de la Liga,32,1991,8.2,31,17,18,9,4,15,26,57.7,11,4,1,3,8,39,18,0,ar ARG,DF,Vélez Sarsfield,Copa de la Liga,32,1991,8.2,491,20,154,235,105,10,491,9,6,66.7,3,33.3,220,830,392,8,5,1,7,3,263,29,ar ARG,DF,Vélez Sarsfield,Copa de la Liga,32,1991,9,735,82,58.3,8.2,8,86,5,1,45,5,1.44,8,11,-3,-0.37,-1.05,10.1,7.7,+2.4,+0.29,-0.15,ar ARG,DF,Vélez Sarsfield,Copa de la Liga,32,1991,8.2,0,0,0,8,7,0,15,8,17,0,0,0,34,11,11,50.0
Alex Juárez,ar ARG,MF,Barracas Central,Copa de la Liga,19,2004,1,0,10,0.1,0,0,0,0,0,0,0,0,0.0,0.0,0.1,0.1,0,1,1,0.00,0.00,0.00,0.00,0.00,0.35,0.57,0.92,0.35,0.92,ar ARG,MF,Barracas Central,Copa de la Liga,19,2004,0.1,0,1,0,0.0,9.00,0.00,0.00,0,31.3,0,0,0,0.0,0.0,0.04,0.0,0.0,ar ARG,MF,Barracas Central,Copa de la Liga,19,2004,0.1,2,3,66.7,17,5,2,2,100.0,0,1,0.0,0,0,0,0,0.1,0.0,-0.1,1,0,1,0,1,ar ARG,MF,Barracas Central,Copa de la Liga,19,2004,0.1,3,3,0,0,0,0,0,0,0,0,0,0,2,0,0,ar ARG,MF,Barracas Central,Copa de la Liga,19,2004,0.1,1,9.00,1,0,0,0,0,0,0,0.00,0,0,0,0,0,0,ar ARG,MF,Barracas Central,Copa de la Liga,19,2004,0.1,1,1,1,0,0,0,0,0,0,0,0,0,0,1,0,0,ar ARG,MF,Barracas Central,Copa de la Liga,19,2004,0.1,4,0,1,2,2,0,4,0,0,0,0,0,3,9,7,0,1,0,0,0,3,1,ar ARG,MF,Barracas Central,Copa de la Liga,19,2004,1,10,10,0.8,0.1,0,0,0,1,10,2,1.00,0,0,0,0.00,-0.36,0.1,0.0,+0.1,+1.04,+1.24,ar ARG,MF,Barracas Central,Copa de la Liga,19,2004,0.1,0,0,0,0,0,0,0,0,1,0,0,0,1,0,0,0
Daniel Juárez,ar ARG,"FW,MF",Barracas Central,Copa de la Liga,22,2001,9,1,263,2.9,0,0,0,0,0,0,1,0,0.3,0.3,0.2,0.5,7,10,12,0.00,0.00,0.00,0.00,0.00,0.10,0.06,0.16,0.10,0.16,ar ARG,"FW,MF",Barracas Central,Copa de la Liga,22,2001,2.9,0,2,0,0.0,0.68,0.00,0.00,0,20.7,0,0,0,0.3,0.3,0.15,-0.3,-0.3,ar ARG,"FW,MF",Barracas Central,Copa de la Liga,22,2001,2.9,63,97,64.9,909,466,38,47,80.9,13,18,72.2,7,14,50.0,0,0.2,0.3,-0.2,4,3,3,1,10,ar ARG,"FW,MF",Barracas Central,Copa de la Liga,22,2001,2.9,97,87,9,3,0,1,8,2,4,0,4,0,63,1,6,ar ARG,"FW,MF",Barracas Central,Copa de la Liga,22,2001,2.9,7,2.40,4,2,0,0,1,0,0,0.00,0,0,0,0,0,0,ar ARG,"FW,MF",Barracas Central,Copa de la Liga,22,2001,2.9,7,4,2,4,1,2,7,28.6,5,4,0,4,3,10,8,0,ar ARG,"FW,MF",Barracas Central,Copa de la Liga,22,2001,2.9,145,5,35,66,47,7,145,14,6,42.9,7,50.0,73,396,159,7,1,1,10,2,71,12,ar ARG,"FW,MF",Barracas Central,Copa de la Liga,22,2001,9,263,29,20.9,2.9,1,75,0,8,24,5,2.00,1,1,0,0.00,-0.45,2.9,3.4,-0.5,-0.18,+0.02,ar ARG,"FW,MF",Barracas Central,Copa de la Liga,22,2001,2.9,1,0,0,4,3,1,8,3,4,0,0,0,19,2,4,33.3
Fernando Juárez,ar ARG,MF,Platense,Copa de la Liga,25,1998,8,4,301,3.3,0,0,0,0,0,0,0,0,0.1,0.1,0.6,0.7,4,12,9,0.00,0.00,0.00,0.00,0.00,0.02,0.18,0.20,0.02,0.20,ar ARG,MF,Platense,Copa de la Liga,25,1998,3.3,0,1,0,0.0,0.30,0.00,0.00,0,25.9,0,0,0,0.1,0.1,0.06,-0.1,-0.1,ar ARG,MF,Platense,Copa de la Liga,25,1998,3.3,94,126,74.6,1521,394,40,49,81.6,43,52,82.7,5,15,33.3,0,0.6,0.4,-0.6,1,4,0,0,12,ar ARG,MF,Platense,Copa de la Liga,25,1998,3.3,126,124,2,2,0,0,5,0,0,0,0,0,94,0,1,ar ARG,MF,Platense,Copa de la Liga,25,1998,3.3,1,0.30,1,0,0,0,0,0,0,0.00,0,0,0,0,0,0,ar ARG,MF,Platense,Copa de la Liga,25,1998,3.3,16,7,3,12,1,10,17,58.8,7,3,0,3,5,21,3,0,ar ARG,MF,Platense,Copa de la Liga,25,1998,3.3,168,8,35,113,20,1,168,1,1,100.0,0,0.0,66,328,173,4,2,0,6,1,81,9,ar ARG,MF,Platense,Copa de la Liga,25,1998,8,301,38,23.9,3.3,4,62,1,4,14,0,1.38,2,6,-4,-1.20,-1.20,4.7,5.1,-0.4,-0.11,-0.12,ar ARG,MF,Platense,Copa de la Liga,25,1998,3.3,0,0,0,7,4,0,5,5,7,0,0,0,22,4,3,57.1
Enzo Kalinski,ar ARG,MF,Cen. Córdoba–SdE,Copa de la Liga,36,1987,12,7,568,6.3,0,0,0,0,0,0,3,0,0.1,0.1,0.6,0.7,10,31,18,0.00,0.00,0.00,0.00,0.00,0.02,0.09,0.12,0.02,0.12,ar ARG,MF,Cen. Córdoba–SdE,Copa de la Liga,36,1987,6.3,0,3,1,33.3,0.48,0.16,0.00,0.00,21.8,0,0,0,0.1,0.1,0.05,-0.1,-0.1,ar ARG,MF,Cen. Córdoba–SdE,Copa de la Liga,36,1987,6.3,145,210,69.0,2321,970,67,92,72.8,56,75,74.7,12,25,48.0,0,0.6,0.5,-0.6,8,15,8,0,31,ar ARG,MF,Cen. Córdoba–SdE,Copa de la Liga,36,1987,6.3,210,188,22,10,0,1,19,4,8,2,6,0,145,0,5,ar ARG,MF,Cen. Córdoba–SdE,Copa de la Liga,36,1987,6.3,15,2.38,10,5,0,0,0,0,0,0.00,0,0,0,0,0,0,ar ARG,MF,Cen. Córdoba–SdE,Copa de la Liga,36,1987,6.3,14,6,5,7,2,2,8,25.0,6,9,5,4,8,22,10,0,ar ARG,MF,Cen. Córdoba–SdE,Copa de la Liga,36,1987,6.3,279,11,57,142,85,8,279,15,11,73.3,3,20.0,138,693,372,10,8,1,14,4,155,18,ar ARG,MF,Cen. Córdoba–SdE,Copa de la Liga,36,1987,12,568,47,45.1,6.3,7,68,1,5,18,2,0.83,3,8,-5,-0.79,-0.14,4.9,8.5,-3.7,-0.58,+0.34,ar ARG,MF,Cen. Córdoba–SdE,Copa de la Liga,36,1987,6.3,3,0,0,8,4,0,19,8,6,0,0,0,35,14,9,60.9
Bautista Kociubinski,ar ARG,DF,Estudiantes–LP,Copa de la Liga,22,2001,1,1,82,0.9,0,0,0,0,0,0,0,1,0.0,0.0,0.0,0.0,1,1,0,0.00,0.00,0.00,0.00,0.00,0.00,0.00,0.00,0.00,0.00,ar ARG,DF,Estudiantes–LP,Copa de la Liga,22,2001,0.9,0,0,0,0,0.00,0.00,0,0,0,0,0,0,0.0,0.0,0,0.0,0.0,ar ARG,DF,Estudiantes–LP,Copa de la Liga,22,2001,0.9,27,32,84.4,643,351,6,6,100.0,15,17,88.2,6,9,66.7,0,0.0,0.0,0.0,0,2,0,0,1,ar ARG,DF,Estudiantes–LP,Copa de la Liga,22,2001,0.9,32,31,1,1,0,0,0,0,0,0,0,0,27,0,0,ar ARG,DF,Estudiantes–LP,Copa de la Liga,22,2001,0.9,0,0.00,0,0,0,0,0,0,0,0.00,0,0,0,0,0,0,ar ARG,DF,Estudiantes–LP,Copa de la Liga,22,2001,0.9,0,0,0,0,0,0,0,0,0,2,1,1,1,1,4,0,ar ARG,DF,Estudiantes–LP,Copa de la Liga,22,2001,0.9,40,5,21,19,0,0,40,0,0,0,0,0,15,85,60,1,0,0,1,1,22,0,ar ARG,DF,Estudiantes–LP,Copa de la Liga,22,2001,1,82,82,6.5,0.9,1,82,0,0,0,11,0.00,1,2,-1,-1.10,-1.94,0.5,1.1,-0.6,-0.63,-1.30,ar ARG,DF,Estudiantes–LP,Copa de la Liga,22,2001,0.9,0,1,0,2,0,0,0,1,0,0,0,0,3,0,5,0.0
Matías Kranevitter,ar ARG,"MF,FW",River Plate,Copa de la Liga,30,1993,4,0,50,0.6,0,0,0,0,0,0,0,0,0.0,0.0,0.0,0.0,0,8,1,0.00,0.00,0.00,0.00,0.00,0.00,0.00,0.00,0.00,0.00,ar ARG,"MF,FW",River Plate,Copa de la Liga,30,1993,0.6,0,0,0,0,0.00,0.00,0,0,0,0,0,0,0.0,0.0,0,0.0,0.0,ar ARG,"MF,FW",River Plate,Copa de la Liga,30,1993,0.6,49,53,92.5,939,291,18,19,94.7,23,25,92.0,8,9,88.9,0,0.0,0.0,0.0,0,8,0,0,8,ar ARG,"MF,FW",River Plate,Copa de la Liga,30,1993,0.6,53,51,2,2,0,0,0,0,0,0,0,0,49,0,0,ar ARG,"MF,FW",River Plate,Copa de la Liga,30,1993,0.6,1,1.76,1,0,0,0,0,0,0,0.00,0,0,0,0,0,0,ar ARG,"MF,FW",River Plate,Copa de la Liga,30,1993,0.6,1,1,1,0,0,1,1,100.0,0,0,0,0,1,2,0,0,ar ARG,"MF,FW",River Plate,Copa de la Liga,30,1993,0.6,57,0,12,40,5,0,57,0,0,0,0,0,32,73,31,0,1,0,1,0,43,1,ar ARG,"MF,FW",River Plate,Copa de la Liga,30,1993,4,50,13,4.0,0.6,0,0,0,4,13,4,2.00,0,1,-1,-1.80,-3.06,0.5,0.8,-0.3,-0.57,-1.60,ar ARG,"MF,FW",River Plate,Copa de la Liga,30,1993,0.6,0,0,0,1,1,0,0,1,1,0,0,0,7,1,0,100.0
Agustín Lagos,ar ARG,DF,Atlé Tucumán,Copa de la Liga,22,2001,10,10,890,9.9,0,0,0,0,0,0,1,0,0.4,0.4,1.1,1.5,7,45,30,0.00,0.00,0.00,0.00,0.00,0.04,0.11,0.15,0.04,0.15,ar ARG,DF,Atlé Tucumán,Copa de la Liga,22,2001,9.9,0,13,1,7.7,1.31,0.10,0.00,0.00,26.5,4,0,0,0.4,0.4,0.03,-0.4,-0.4,ar ARG,DF,Atlé Tucumán,Copa de la Liga,22,2001,9.9,303,442,68.6,5431,2993,145,172,84.3,109,155,70.3,42,86,48.8,0,1.1,1.4,-1.1,22,26,9,4,45,ar ARG,DF,Atlé Tucumán,Copa de la Liga,22,2001,9.9,442,311,130,21,0,3,66,79,30,5,23,0,303,1,14,ar ARG,DF,Atlé Tucumán,Copa de la Liga,22,2001,9.9,39,3.95,14,16,6,1,1,1,1,0.10,1,0,0,0,0,0,ar ARG,DF,Atlé Tucumán,Copa de la Liga,22,2001,9.9,53,37,29,22,2,27,35,77.1,8,15,5,10,19,72,23,0,ar ARG,DF,Atlé Tucumán,Copa de la Liga,22,2001,9.9,616,25,177,257,186,10,616,37,21,56.8,15,40.5,243,1115,535,7,9,2,26,16,226,30,ar ARG,DF,Atlé Tucumán,Copa de la Liga,22,2001,10,890,89,70.6,9.9,10,89,9,0,0,4,0.80,8,20,-12,-1.21,-0.48,11.4,11.9,-0.5,-0.05,+0.28,ar ARG,DF,Atlé Tucumán,Copa de la Liga,22,2001,9.9,1,0,0,14,12,1,66,19,37,0,0,0,67,10,13,43.5
Leonardo Landriel,ar ARG,"MF,DF",Deportivo Riestra,Copa de la Liga,27,1996,4,0,73,0.8,0,0,0,0,0,0,0,0,0.0,0.0,0.0,0.0,1,4,5,0.00,0.00,0.00,0.00,0.00,0.00,0.00,0.00,0.00,0.00,ar ARG,"MF,DF",Deportivo Riestra,Copa de la Liga,27,1996,0.8,0,0,0,0,0.00,0.00,0,0,0,0,0,0,0.0,0.0,0,0.0,0.0,ar ARG,"MF,DF",Deportivo Riestra,Copa de la Liga,27,1996,0.8,24,41,58.5,396,243,10,15,66.7,10,17,58.8,2,7,28.6,0,0.0,0.0,0.0,0,3,0,0,4,ar ARG,"MF,DF",Deportivo Riestra,Copa de la Liga,27,1996,0.8,41,34,7,2,0,0,5,4,1,0,1,0,24,0,1,ar ARG,"MF,DF",Deportivo Riestra,Copa de la Liga,27,1996,0.8,1,1.22,1,0,0,0,0,0,0,0.00,0,0,0,0,0,0,ar ARG,"MF,DF",Deportivo Riestra,Copa de la Liga,27,1996,0.8,5,5,3,2,0,2,2,100.0,0,2,0,2,1,6,1,0,ar ARG,"MF,DF",Deportivo Riestra,Copa de la Liga,27,1996,0.8,47,2,11,28,9,3,47,2,2,100.0,0,0.0,25,96,47,1,0,1,2,0,23,5,ar ARG,"MF,DF",Deportivo Riestra,Copa de la Liga,27,1996,4,73,18,5.8,0.8,0,0,0,4,18,4,0.25,0,1,-1,-1.23,-0.70,0.2,1.0,-0.8,-0.93,-0.16,ar ARG,"MF,DF",Deportivo Riestra,Copa de la Liga,27,1996,0.8,0,0,0,0,1,0,5,1,5,0,0,0,10,0,1,0.0
Luca Langoni,ar ARG,"FW,MF",Boca Juniors,Copa de la Liga,21,2002,14,6,590,6.6,1,1,2,1,0,0,3,0,0.5,0.5,1.0,1.5,6,6,56,0.15,0.15,0.31,0.15,0.31,0.08,0.15,0.23,0.08,0.23,ar ARG,"FW,MF",Boca Juniors,Copa de la Liga,21,2002,6.6,1,7,4,57.1,1.07,0.61,0.14,0.25,16.1,0,0,0,0.5,0.5,0.08,+0.5,+0.5,ar ARG,"FW,MF",Boca Juniors,Copa de la Liga,21,2002,6.6,106,134,79.1,1630,383,62,70,88.6,30,36,83.3,9,16,56.3,1,1.0,0.7,0.0,10,7,1,1,6,ar ARG,"FW,MF",Boca Juniors,Copa de la Liga,21,2002,6.6,134,112,19,0,0,2,16,2,15,1,7,0,106,3,3,ar ARG,"FW,MF",Boca Juniors,Copa de la Liga,21,2002,6.6,22,3.36,11,4,2,2,2,1,6,0.92,3,0,0,2,1,0,ar ARG,"FW,MF",Boca Juniors,Copa de la Liga,21,2002,6.6,4,3,2,0,2,1,6,16.7,5,2,0,2,2,6,0,0,ar ARG,"FW,MF",Boca Juniors,Copa de la Liga,21,2002,6.6,200,2,20,76,107,19,200,28,10,35.7,13,46.4,123,648,232,6,6,3,23,6,134,56,ar ARG,"FW,MF",Boca Juniors,Copa de la Liga,21,2002,14,590,42,46.8,6.6,6,71,0,8,21,0,1.87,13,6,+7,+1.07,+0.93,9.7,5.6,+4.1,+0.62,-0.01,ar ARG,"FW,MF",Boca Juniors,Copa de la Liga,21,2002,6.6,3,0,0,7,13,2,16,2,3,0,0,0,19,0,6,0.0
Manuel Lanzini,ar ARG,"MF,DF",River Plate,Copa de la Liga,30,1993,2,0,55,0.6,0,0,0,0,0,0,0,0,0.1,0.1,0.2,0.2,1,7,5,0.00,0.00,0.00,0.00,0.00,0.10,0.28,0.38,0.10,0.38,ar ARG,"MF,DF",River Plate,Copa de la Liga,30,1993,0.6,0,2,1,50.0,3.27,1.64,0.00,0.00,32.6,1,0,0,0.1,0.1,0.03,-0.1,-0.1,ar ARG,"MF,DF",River Plate,Copa de la Liga,30,1993,0.6,36,42,85.7,487,182,25,27,92.6,10,11,90.9,1,2,50.0,0,0.2,0.1,-0.2,1,10,1,0,7,ar ARG,"MF,DF",River Plate,Copa de la Liga,30,1993,0.6,42,42,0,0,0,0,1,0,0,0,0,0,36,0,2,ar ARG,"MF,DF",River Plate,Copa de la Liga,30,1993,0.6,4,6.55,2,0,0,1,1,0,2,3.27,1,0,0,1,0,0,ar ARG,"MF,DF",River Plate,Copa de la Liga,30,1993,0.6,2,0,1,1,0,2,5,40.0,3,0,0,0,0,2,0,0,ar ARG,"MF,DF",River Plate,Copa de la Liga,30,1993,0.6,50,1,6,31,13,1,50,2,1,50.0,1,50.0,36,168,66,1,1,0,0,2,32,5,ar ARG,"MF,DF",River Plate,Copa de la Liga,30,1993,2,55,28,4.4,0.6,0,0,0,2,28,2,1.00,3,0,+3,+4.91,+3.94,2.2,0.1,+2.2,+3.53,+2.67,ar ARG,"MF,DF",River Plate,Copa de la Liga,30,1993,0.6,0,0,0,0,1,0,1,0,0,0,0,0,6,0,0,0
Santiago Laquidaín,ar ARG,"DF,MF",Cen. Córdoba–SdE,Copa de la Liga,22,2001,7,7,494,5.5,1,1,2,1,0,0,2,0,0.6,0.6,0.3,0.9,3,20,20,0.18,0.18,0.36,0.18,0.36,0.11,0.05,0.16,0.11,0.16,ar ARG,"DF,MF",Cen. Córdoba–SdE,Copa de la Liga,22,2001,5.5,1,4,1,25.0,0.73,0.18,0.25,1.00,14.8,0,0,0,0.6,0.6,0.15,+0.4,+0.4,ar ARG,"DF,MF",Cen. Córdoba–SdE,Copa de la Liga,22,2001,5.5,162,237,68.4,2557,1323,85,98,86.7,64,89,71.9,10,29,34.5,1,0.3,0.2,+0.7,7,13,5,5,20,ar ARG,"DF,MF",Cen. Córdoba–SdE,Copa de la Liga,22,2001,5.5,237,182,55,5,0,0,22,50,0,0,0,0,162,0,10,ar ARG,"DF,MF",Cen. Córdoba–SdE,Copa de la Liga,22,2001,5.5,13,2.37,9,1,1,0,2,0,1,0.18,1,0,0,0,0,0,ar ARG,"DF,MF",Cen. Córdoba–SdE,Copa de la Liga,22,2001,5.5,17,12,12,5,0,10,21,47.6,11,9,4,5,6,23,14,0,ar ARG,"DF,MF",Cen. Córdoba–SdE,Copa de la Liga,22,2001,5.5,317,21,98,142,78,4,317,15,3,20.0,10,66.7,141,528,207,3,3,2,8,3,143,20,ar ARG,"DF,MF",Cen. Córdoba–SdE,Copa de la Liga,22,2001,7,494,71,39.2,5.5,7,71,3,0,0,7,1.14,7,13,-6,-1.09,-0.62,3.7,10.2,-6.5,-1.18,-0.68,ar ARG,"DF,MF",Cen. Córdoba–SdE,Copa de la Liga,22,2001,5.5,2,0,0,12,11,0,22,6,12,0,0,0,29,6,3,66.7
Joaquín Laso,ar ARG,DF,Independiente,Copa de la Liga,33,1990,13,13,"1,112",12.4,1,0,1,1,0,0,6,0,0.3,0.3,0.2,0.5,12,48,3,0.08,0.00,0.08,0.08,0.08,0.02,0.02,0.04,0.02,0.04,ar ARG,DF,Independiente,Copa de la Liga,33,1990,12.4,1,8,4,50.0,0.65,0.32,0.13,0.25,18.5,0,0,0,0.3,0.3,0.03,+0.7,+0.7,ar ARG,DF,Independiente,Copa de la Liga,33,1990,12.4,491,637,77.1,10212,4822,159,182,87.4,265,310,85.5,66,129,51.2,0,0.2,0.3,-0.2,4,39,2,1,48,ar ARG,DF,Independiente,Copa de la Liga,33,1990,12.4,637,593,43,36,0,1,7,7,0,0,0,0,491,1,10,ar ARG,DF,Independiente,Copa de la Liga,33,1990,12.4,15,1.21,12,0,0,2,1,0,1,0.08,0,0,0,0,1,0,ar ARG,DF,Independiente,Copa de la Liga,33,1990,12.4,14,10,12,2,0,8,16,50.0,8,12,6,6,21,35,60,0,ar ARG,DF,Independiente,Copa de la Liga,33,1990,12.4,769,103,417,323,37,9,769,0,0,0,0,0,379,2235,1526,12,7,0,7,3,405,3,ar ARG,DF,Independiente,Copa de la Liga,33,1990,13,"1,112",86,88.3,12.4,13,86,12,0,0,0,1.69,13,9,+4,+0.32,+0.32,15.2,9.8,+5.5,+0.44,-0.14,ar ARG,DF,Independiente,Copa de la Liga,33,1990,12.4,6,0,0,15,5,0,7,21,10,1,0,0,62,24,20,54.5
Jeremías Lázaro,ar ARG,MF,Instituto,Copa de la Liga,19,2004,1,0,26,0.3,0,1,1,0,0,0,0,0,0.0,0.0,0.1,0.1,1,3,4,0.00,3.46,3.46,0.00,3.46,0.00,0.28,0.28,0.00,0.28,ar ARG,MF,Instituto,Copa de la Liga,19,2004,0.3,0,0,0,0,0.00,0.00,0,0,0,0,0,0,0.0,0.0,0,0.0,0.0,ar ARG,MF,Instituto,Copa de la Liga,19,2004,0.3,6,8,75.0,130,54,0,0,0,5,6,83.3,1,2,50.0,1,0.1,0.1,+0.9,1,1,1,0,3,ar ARG,MF,Instituto,Copa de la Liga,19,2004,0.3,8,8,0,0,0,0,1,0,0,0,0,0,6,0,0,ar ARG,MF,Instituto,Copa de la Liga,19,2004,0.3,1,3.46,1,0,0,0,0,0,1,3.46,1,0,0,0,0,0,ar ARG,MF,Instituto,Copa de la Liga,19,2004,0.3,1,1,0,0,1,0,0,0,0,0,0,0,0,1,0,0,ar ARG,MF,Instituto,Copa de la Liga,19,2004,0.3,10,0,0,4,6,0,10,2,2,100.0,0,0.0,6,38,16,1,1,0,0,1,7,4,ar ARG,MF,Instituto,Copa de la Liga,19,2004,1,26,26,2.1,0.3,0,0,0,1,26,5,0.00,2,0,+2,+6.92,+7.00,0.4,0.0,+0.4,+1.56,+1.03,ar ARG,MF,Instituto,Copa de la Liga,19,2004,0.3,0,0,0,1,1,0,1,0,1,0,0,0,3,0,0,0
Tomás Lecanda,ar ARG,DF,Tigre,Copa de la Liga,22,2002,3,3,270,3.0,0,0,0,0,0,0,1,0,0.0,0.0,0.0,0.1,2,6,0,0.00,0.00,0.00,0.00,0.00,0.01,0.01,0.02,0.01,0.02,ar ARG,DF,Tigre,Copa de la Liga,22,2002,3.0,0,1,0,0.0,0.33,0.00,0.00,0,20.8,0,0,0,0.0,0.0,0.04,0.0,0.0,ar ARG,DF,Tigre,Copa de la Liga,22,2002,3.0,133,157,84.7,2379,743,50,55,90.9,64,74,86.5,16,22,72.7,0,0.0,0.0,0.0,1,1,0,0,6,ar ARG,DF,Tigre,Copa de la Liga,22,2002,3.0,157,156,1,0,0,0,0,1,0,0,0,0,133,0,3,ar ARG,DF,Tigre,Copa de la Liga,22,2002,3.0,2,0.67,1,0,0,1,0,0,0,0.00,0,0,0,0,0,0,ar ARG,DF,Tigre,Copa de la Liga,22,2002,3.0,5,3,4,1,0,2,2,100.0,0,2,2,0,4,9,12,0,ar ARG,DF,Tigre,Copa de la Liga,22,2002,3.0,186,18,87,96,4,0,186,2,0,0.0,2,100.0,97,366,175,2,1,0,4,0,118,0,ar ARG,DF,Tigre,Copa de la Liga,22,2002,3,270,90,21.4,3.0,3,90,3,0,0,6,0.00,2,8,-6,-2.00,-0.91,1.7,4.7,-3.0,-0.99,-0.33,ar ARG,DF,Tigre,Copa de la Liga,22,2002,3.0,1,0,0,4,2,0,0,4,3,0,1,0,8,4,5,44.4
Ivan Leguizamon,py PAR,"FW,MF",San Lorenzo,Copa de la Liga,21,2002,8,5,471,5.2,0,1,1,0,0,0,0,0,0.3,0.3,0.4,0.7,14,5,41,0.00,0.19,0.19,0.00,0.19,0.06,0.08,0.14,0.06,0.14,py PAR,"FW,MF",San Lorenzo,Copa de la Liga,21,2002,5.2,0,11,2,18.2,2.10,0.38,0.00,0.00,23.9,0,0,0,0.3,0.3,0.03,-0.3,-0.3,py PAR,"FW,MF",San Lorenzo,Copa de la Liga,21,2002,5.2,77,118,65.3,1077,281,47,58,81.0,21,27,77.8,4,16,25.0,1,0.4,0.4,+0.6,6,6,6,4,5,py PAR,"FW,MF",San Lorenzo,Copa de la Liga,21,2002,5.2,118,107,10,6,1,0,14,3,1,1,0,0,77,1,7,py PAR,"FW,MF",San Lorenzo,Copa de la Liga,21,2002,5.2,14,2.68,10,0,2,1,1,0,3,0.57,3,0,0,0,0,0,py PAR,"FW,MF",San Lorenzo,Copa de la Liga,21,2002,5.2,7,7,4,2,1,3,6,50.0,3,6,0,6,2,9,2,0,py PAR,"FW,MF",San Lorenzo,Copa de la Liga,21,2002,5.2,190,2,24,68,107,13,190,23,7,30.4,13,56.5,104,760,358,14,9,4,21,8,119,41,py PAR,"FW,MF",San Lorenzo,Copa de la Liga,21,2002,8,471,59,37.4,5.2,5,72,0,3,38,0,1.63,6,3,+3,+0.57,+1.37,5.5,3.4,+2.0,+0.39,+0.56,py PAR,"FW,MF",San Lorenzo,Copa de la Liga,21,2002,5.2,0,0,0,7,7,1,14,2,7,0,0,0,25,3,7,30.0
Cristian Lema,ar ARG,DF,Boca Juniors,Copa de la Liga,33,1990,13,13,"1,170",13.0,0,0,0,0,0,0,4,0,0.4,0.4,0.1,0.5,9,49,7,0.00,0.00,0.00,0.00,0.00,0.03,0.01,0.04,0.03,0.04,ar ARG,DF,Boca Juniors,Copa de la Liga,33,1990,13.0,0,9,2,22.2,0.69,0.15,0.00,0.00,14.5,0,0,0,0.4,0.4,0.05,-0.4,-0.4,ar ARG,DF,Boca Juniors,Copa de la Liga,33,1990,13.0,571,719,79.4,11187,4293,198,226,87.6,278,323,86.1,77,137,56.2,0,0.1,0.5,-0.1,4,37,1,0,49,ar ARG,DF,Boca Juniors,Copa de la Liga,33,1990,13.0,719,661,56,28,1,18,1,1,0,0,0,0,571,2,9,ar ARG,DF,Boca Juniors,Copa de la Liga,33,1990,13.0,6,0.46,4,0,0,2,0,0,0,0.00,0,0,0,0,0,0,ar ARG,DF,Boca Juniors,Copa de la Liga,33,1990,13.0,29,20,19,9,1,15,23,65.2,8,14,3,11,25,54,52,0,ar ARG,DF,Boca Juniors,Copa de la Liga,33,1990,13.0,858,109,450,370,45,23,858,8,7,87.5,1,12.5,420,1853,1148,9,6,0,6,3,476,7,ar ARG,DF,Boca Juniors,Copa de la Liga,33,1990,13,"1,170",90,92.9,13.0,13,90,13,0,0,1,1.73,17,10,+7,+0.54,-0.46,16.6,10.5,+6.1,+0.47,-2.23,ar ARG,DF,Boca Juniors,Copa de la Liga,33,1990,13.0,4,0,0,20,9,2,1,25,20,0,1,0,73,50,17,74.6
Facundo Lencioni,ar ARG,"FW,MF",Belgrano,Copa de la Liga,22,2001,12,1,264,2.9,1,0,1,1,0,0,0,0,0.3,0.3,0.1,0.4,5,13,33,0.34,0.00,0.34,0.34,0.34,0.12,0.03,0.14,0.12,0.14,ar ARG,"FW,MF",Belgrano,Copa de la Liga,22,2001,2.9,1,4,3,75.0,1.36,1.02,0.25,0.33,13.1,0,0,0,0.3,0.3,0.09,+0.7,+0.7,ar ARG,"FW,MF",Belgrano,Copa de la Liga,22,2001,2.9,82,133,61.7,1342,648,39,46,84.8,34,55,61.8,6,19,31.6,0,0.1,0.1,-0.1,3,7,1,0,13,ar ARG,"FW,MF",Belgrano,Copa de la Liga,22,2001,2.9,133,113,20,1,0,0,19,18,1,0,0,0,82,0,10,ar ARG,"FW,MF",Belgrano,Copa de la Liga,22,2001,2.9,5,1.69,2,0,0,1,1,1,0,0.00,0,0,0,0,0,0,ar ARG,"FW,MF",Belgrano,Copa de la Liga,22,2001,2.9,4,4,2,2,0,3,6,50.0,3,6,2,4,3,7,11,0,ar ARG,"FW,MF",Belgrano,Copa de la Liga,22,2001,2.9,171,15,43,66,64,9,171,5,2,40.0,3,60.0,77,408,172,5,4,0,4,1,95,33,ar ARG,"FW,MF",Belgrano,Copa de la Liga,22,2001,12,264,22,21.0,2.9,1,45,0,11,20,2,1.08,3,4,-1,-0.34,-0.25,2.8,3.3,-0.5,-0.16,-0.10,ar ARG,"FW,MF",Belgrano,Copa de la Liga,22,2001,2.9,0,0,0,1,4,0,19,3,4,0,0,0,13,2,1,66.7
Alan Lescano,ar ARG,MF,Arg Juniors,Copa de la Liga,22,2001,14,13,"1,072",11.9,6,2,8,6,0,0,3,0,3.6,3.6,1.2,4.9,18,51,36,0.50,0.17,0.67,0.50,0.67,0.31,0.10,0.41,0.31,0.41,ar ARG,MF,Arg Juniors,Copa de la Liga,22,2001,11.9,6,35,12,34.3,2.94,1.01,0.17,0.50,21.6,2,0,0,3.6,3.6,0.10,+2.4,+2.4,ar ARG,MF,Arg Juniors,Copa de la Liga,22,2001,11.9,331,452,73.2,5843,2020,168,200,84.0,107,141,75.9,45,79,57.0,2,1.2,1.9,+0.8,14,39,18,3,51,ar ARG,MF,Arg Juniors,Copa de la Liga,22,2001,11.9,452,418,30,15,7,7,26,2,10,5,3,0,331,4,7,ar ARG,MF,Arg Juniors,Copa de la Liga,22,2001,11.9,36,3.03,25,4,1,2,2,2,5,0.42,5,0,0,0,0,0,ar ARG,MF,Arg Juniors,Copa de la Liga,22,2001,11.9,26,12,12,10,4,15,35,42.9,20,14,4,10,11,37,9,1,ar ARG,MF,Arg Juniors,Copa de la Liga,22,2001,11.9,612,8,109,356,162,27,612,30,17,56.7,12,40.0,342,1861,887,18,13,3,33,20,374,36,ar ARG,MF,Arg Juniors,Copa de la Liga,22,2001,14,"1,072",77,85.1,11.9,13,80,6,1,31,0,1.75,24,11,+13,+1.09,+2.05,17.3,14.5,+2.8,+0.24,+0.64,ar ARG,MF,Arg Juniors,Copa de la Liga,22,2001,11.9,3,0,0,16,11,1,26,11,12,0,0,0,82,5,9,35.7
Bruno Leyes,ar ARG,MF,Godoy Cruz,Copa de la Liga,22,2001,10,7,631,7.0,0,0,0,0,0,0,1,0,0.0,0.0,0.2,0.2,2,35,4,0.00,0.00,0.00,0.00,0.00,0.00,0.02,0.03,0.00,0.03,ar ARG,MF,Godoy Cruz,Copa de la Liga,22,2001,7.0,0,2,0,0.0,0.29,0.00,0.00,0,32.8,0,0,0,0.0,0.0,0.01,0.0,0.0,ar ARG,MF,Godoy Cruz,Copa de la Liga,22,2001,7.0,270,333,81.1,6128,1861,70,83,84.3,136,160,85.0,61,77,79.2,0,0.2,0.1,-0.2,7,26,1,0,35,ar ARG,MF,Godoy Cruz,Copa de la Liga,22,2001,7.0,333,321,12,9,0,8,1,3,0,0,0,0,270,0,5,ar ARG,MF,Godoy Cruz,Copa de la Liga,22,2001,7.0,14,2.00,11,0,0,1,1,1,0,0.00,0,0,0,0,0,0,ar ARG,MF,Godoy Cruz,Copa de la Liga,22,2001,7.0,11,7,3,7,1,4,11,36.4,7,7,1,6,5,16,25,1,ar ARG,MF,Godoy Cruz,Copa de la Liga,22,2001,7.0,402,31,131,257,16,0,402,5,1,20.0,4,80.0,188,784,380,2,2,0,4,4,226,4,ar ARG,MF,Godoy Cruz,Copa de la Liga,22,2001,10,631,63,50.1,7.0,7,84,5,3,14,1,1.73,8,4,+4,+0.57,-0.29,6.3,7.8,-1.5,-0.22,-1.07,ar ARG,MF,Godoy Cruz,Copa de la Liga,22,2001,7.0,1,0,0,6,7,0,1,5,7,0,0,0,46,7,7,50.0
Nicolás Linares,ar ARG,MF,Banfield,Copa de la Liga,27,1996,2,0,21,0.2,0,0,0,0,0,0,0,0,0.0,0.0,0.0,0.0,0,1,0,0.00,0.00,0.00,0.00,0.00,0.00,0.08,0.08,0.00,0.08,ar ARG,MF,Banfield,Copa de la Liga,27,1996,0.2,0,0,0,0,0.00,0.00,0,0,0,0,0,0,0.0,0.0,0,0.0,0.0,ar ARG,MF,Banfield,Copa de la Liga,27,1996,0.2,13,15,86.7,231,105,3,3,100.0,10,12,83.3,0,0,0,0,0.0,0.0,0.0,1,1,0,0,1,ar ARG,MF,Banfield,Copa de la Liga,27,1996,0.2,15,14,1,1,0,0,0,0,0,0,0,0,13,0,0,ar ARG,MF,Banfield,Copa de la Liga,27,1996,0.2,2,8.57,1,0,1,0,0,0,0,0.00,0,0,0,0,0,0,ar ARG,MF,Banfield,Copa de la Liga,27,1996,0.2,0,0,0,0,0,0,1,0.0,1,0,0,0,2,2,0,0,ar ARG,MF,Banfield,Copa de la Liga,27,1996,0.2,20,0,5,14,1,0,20,3,2,66.7,1,33.3,14,83,18,0,0,0,1,0,12,0,ar ARG,MF,Banfield,Copa de la Liga,27,1996,2,21,11,1.7,0.2,0,0,0,2,11,1,0.50,0,0,0,0.00,+0.07,0.2,0.2,0.0,-0.16,-0.01,ar ARG,MF,Banfield,Copa de la Liga,27,1996,0.2,0,0,0,2,0,0,0,2,0,0,0,0,2,1,0,100.0
Francesco Lo Celso,ar ARG,"MF,FW",Rosario Central,Copa de la Liga,23,2000,5,1,145,1.6,0,0,0,0,0,0,1,0,0.1,0.1,0.1,0.2,3,3,8,0.00,0.00,0.00,0.00,0.00,0.06,0.07,0.13,0.06,0.13,ar ARG,"MF,FW",Rosario Central,Copa de la Liga,23,2000,1.6,0,1,1,100.0,0.62,0.62,0.00,0.00,18.5,0,0,0,0.1,0.1,0.10,-0.1,-0.1,ar ARG,"MF,FW",Rosario Central,Copa de la Liga,23,2000,1.6,36,53,67.9,512,140,20,23,87.0,9,15,60.0,4,10,40.0,0,0.1,0.5,-0.1,2,5,2,1,3,ar ARG,"MF,FW",Rosario Central,Copa de la Liga,23,2000,1.6,53,48,5,4,1,0,7,0,1,0,1,0,36,0,1,ar ARG,"MF,FW",Rosario Central,Copa de la Liga,23,2000,1.6,4,2.47,2,1,0,0,1,0,0,0.00,0,0,0,0,0,0,ar ARG,"MF,FW",Rosario Central,Copa de la Liga,23,2000,1.6,2,1,1,1,0,1,1,100.0,0,4,0,4,2,4,0,0,ar ARG,"MF,FW",Rosario Central,Copa de la Liga,23,2000,1.6,72,0,11,36,27,3,72,6,2,33.3,3,50.0,42,279,135,3,1,0,2,4,47,8,ar ARG,"MF,FW",Rosario Central,Copa de la Liga,23,2000,5,145,29,11.5,1.6,1,90,1,4,14,8,0.20,1,2,-1,-0.62,-0.06,0.9,2.9,-1.9,-1.20,-0.76,ar ARG,"MF,FW",Rosario Central,Copa de la Liga,23,2000,1.6,1,0,0,2,3,0,7,2,1,0,0,0,9,0,5,0.0
Raúl Loaiza,co COL,MF,Lanús,Copa de la Liga,29,1994,13,12,927,10.3,0,1,1,0,0,0,4,1,0.2,0.2,0.3,0.5,4,42,12,0.00,0.10,0.10,0.00,0.10,0.02,0.03,0.05,0.02,0.05,co COL,MF,Lanús,Copa de la Liga,29,1994,10.3,0,3,1,33.3,0.29,0.10,0.00,0.00,18.9,0,0,0,0.2,0.2,0.07,-0.2,-0.2,co COL,MF,Lanús,Copa de la Liga,29,1994,10.3,345,411,83.9,5822,1523,156,177,88.1,139,154,90.3,35,45,77.8,1,0.3,0.5,+0.7,7,34,1,0,42,co COL,MF,Lanús,Copa de la Liga,29,1994,10.3,411,403,5,3,1,1,1,2,0,0,0,0,345,3,12,co COL,MF,Lanús,Copa de la Liga,29,1994,10.3,15,1.45,13,0,1,1,0,0,2,0.19,1,0,1,0,0,0,co COL,MF,Lanús,Copa de la Liga,29,1994,10.3,22,15,10,11,1,6,20,30.0,14,10,1,9,12,34,18,0,co COL,MF,Lanús,Copa de la Liga,29,1994,10.3,523,20,102,356,70,8,523,18,8,44.4,9,50.0,256,1226,408,4,5,0,17,18,315,12,co COL,MF,Lanús,Copa de la Liga,29,1994,13,927,71,73.6,10.3,12,74,3,1,45,0,1.69,15,8,+7,+0.68,+0.95,11.5,8.2,+3.3,+0.32,-0.40,co COL,MF,Lanús,Copa de la Liga,29,1994,10.3,4,1,1,25,17,0,1,12,15,0,0,0,64,12,13,48.0
Lenny Lobato,br BRA,"FW,MF",Vélez Sarsfield,Copa de la Liga,22,2001,12,3,459,5.1,2,0,2,2,0,0,1,0,0.8,0.8,0.9,1.7,25,7,62,0.39,0.00,0.39,0.39,0.39,0.16,0.18,0.34,0.16,0.34,br BRA,"FW,MF",Vélez Sarsfield,Copa de la Liga,22,2001,5.1,2,8,3,37.5,1.57,0.59,0.25,0.67,16.7,0,0,0,0.8,0.8,0.10,+1.2,+1.2,br BRA,"FW,MF",Vélez Sarsfield,Copa de la Liga,22,2001,5.1,101,167,60.5,1452,437,62,80,77.5,29,44,65.9,4,18,22.2,0,0.9,0.8,-0.9,5,5,6,3,7,br BRA,"FW,MF",Vélez Sarsfield,Copa de la Liga,22,2001,5.1,167,149,17,5,0,1,36,5,7,2,1,0,101,1,10,br BRA,"FW,MF",Vélez Sarsfield,Copa de la Liga,22,2001,5.1,15,2.94,10,4,1,0,0,0,0,0.00,0,0,0,0,0,0,br BRA,"FW,MF",Vélez Sarsfield,Copa de la Liga,22,2001,5.1,2,2,0,2,0,0,4,0.0,4,3,0,3,5,7,2,0,br BRA,"FW,MF",Vélez Sarsfield,Copa de la Liga,22,2001,5.1,238,1,21,84,137,29,238,21,5,23.8,14,66.7,154,1067,437,25,8,11,15,9,167,62,br BRA,"FW,MF",Vélez Sarsfield,Copa de la Liga,22,2001,12,459,38,36.4,5.1,3,80,2,9,24,2,1.60,6,7,-1,-0.20,-0.42,5.7,6.2,-0.5,-0.10,-0.71,br BRA,"FW,MF",Vélez Sarsfield,Copa de la Liga,22,2001,5.1,1,0,0,11,9,2,36,5,2,0,0,0,22,3,12,20.0
Gastón Lodico,ar ARG,MF,Instituto,Copa de la Liga,25,1998,14,14,"1,194",13.3,0,5,5,0,0,0,2,0,0.4,0.4,3.1,3.4,13,108,29,0.00,0.38,0.38,0.00,0.38,0.03,0.23,0.26,0.03,0.26,ar ARG,MF,Instituto,Copa de la Liga,25,1998,13.3,0,13,3,23.1,0.98,0.23,0.00,0.00,24.8,1,0,0,0.4,0.4,0.03,-0.4,-0.4,ar ARG,MF,Instituto,Copa de la Liga,25,1998,13.3,612,764,80.1,11438,3652,242,277,87.4,282,326,86.5,71,122,58.2,5,3.1,1.9,+1.9,25,94,12,4,108,ar ARG,MF,Instituto,Copa de la Liga,25,1998,13.3,764,682,80,25,2,7,59,4,31,4,24,0,612,2,12,ar ARG,MF,Instituto,Copa de la Liga,25,1998,13.3,45,3.39,31,9,1,3,1,0,4,0.30,2,1,0,1,0,0,ar ARG,MF,Instituto,Copa de la Liga,25,1998,13.3,21,14,13,7,1,14,38,36.8,24,18,3,15,6,27,20,0,ar ARG,MF,Instituto,Copa de la Liga,25,1998,13.3,878,21,147,544,201,7,878,22,12,54.5,9,40.9,432,2173,1170,13,15,1,15,12,527,29,ar ARG,MF,Instituto,Copa de la Liga,25,1998,14,"1,194",85,94.8,13.3,14,85,8,0,0,0,1.21,16,15,+1,+0.08,+0.08,19.1,11.9,+7.2,+0.55,-0.01,ar ARG,MF,Instituto,Copa de la Liga,25,1998,13.3,2,0,0,5,7,0,59,6,14,0,0,0,105,4,4,50.0
Luciano Lollo,ar ARG,DF,Estudiantes–LP,Copa de la Liga,36,1987,4,2,275,3.1,0,0,0,0,0,0,0,0,0.2,0.2,0.0,0.2,0,6,0,0.00,0.00,0.00,0.00,0.00,0.06,0.00,0.06,0.06,0.06,ar ARG,DF,Estudiantes–LP,Copa de la Liga,36,1987,3.1,0,1,0,0.0,0.33,0.00,0.00,0,8.7,0,0,0,0.2,0.2,0.19,-0.2,-0.2,ar ARG,DF,Estudiantes–LP,Copa de la Liga,36,1987,3.1,141,159,88.7,2873,1213,46,49,93.9,79,85,92.9,16,25,64.0,0,0.0,0.0,0.0,0,3,0,0,6,ar ARG,DF,Estudiantes–LP,Copa de la Liga,36,1987,3.1,159,144,15,14,0,1,0,0,0,0,0,0,141,0,0,ar ARG,DF,Estudiantes–LP,Copa de la Liga,36,1987,3.1,0,0.00,0,0,0,0,0,0,0,0.00,0,0,0,0,0,0,ar ARG,DF,Estudiantes–LP,Copa de la Liga,36,1987,3.1,2,1,2,0,0,2,3,66.7,1,3,3,0,4,6,18,0,ar ARG,DF,Estudiantes–LP,Copa de la Liga,36,1987,3.1,194,27,112,79,3,3,194,0,0,0,0,0,103,413,208,0,0,0,1,0,119,0,ar ARG,DF,Estudiantes–LP,Copa de la Liga,36,1987,4,275,69,21.8,3.1,2,90,2,2,48,6,2.43,9,1,+8,+2.62,+2.44,5.3,1.8,+3.5,+1.16,+0.73,ar ARG,DF,Estudiantes–LP,Copa de la Liga,36,1987,3.1,0,0,0,0,0,0,0,4,1,0,0,0,10,12,3,80.0
Flabián Londoño,co COL,FW,Tigre,Copa de la Liga,23,2000,11,1,339,3.8,0,0,0,0,0,0,0,0,0.7,0.7,0.1,0.9,2,1,15,0.00,0.00,0.00,0.00,0.00,0.19,0.03,0.23,0.19,0.23,co COL,FW,Tigre,Copa de la Liga,23,2000,3.8,0,6,1,16.7,1.59,0.27,0.00,0.00,15.5,0,0,0,0.7,0.7,0.12,-0.7,-0.7,co COL,FW,Tigre,Copa de la Liga,23,2000,3.8,35,58,60.3,421,44,21,30,70.0,8,14,57.1,1,1,100.0,0,0.1,0.1,-0.1,2,0,0,0,1,co COL,FW,Tigre,Copa de la Liga,23,2000,3.8,58,52,5,0,0,0,1,1,0,0,0,0,35,1,3,co COL,FW,Tigre,Copa de la Liga,23,2000,3.8,4,1.06,4,0,0,0,0,0,0,0.00,0,0,0,0,0,0,co COL,FW,Tigre,Copa de la Liga,23,2000,3.8,3,3,0,3,0,2,4,50.0,2,2,0,2,2,5,2,0,co COL,FW,Tigre,Copa de la Liga,23,2000,3.8,97,2,4,44,49,14,97,5,3,60.0,1,20.0,55,202,84,2,2,1,13,4,70,15,co COL,FW,Tigre,Copa de la Liga,23,2000,11,339,31,26.9,3.8,1,62,0,10,28,2,0.45,0,3,-3,-0.80,+0.67,3.1,4.4,-1.3,-0.34,+0.53,co COL,FW,Tigre,Copa de la Liga,23,2000,3.8,0,0,0,11,6,3,1,2,3,0,0,0,4,14,16,46.7
Santiago Longo,ar ARG,MF,Belgrano,Copa de la Liga,25,1998,14,13,"1,206",13.4,0,2,2,0,0,0,3,0,0.1,0.1,0.4,0.5,6,58,8,0.00,0.15,0.15,0.00,0.15,0.01,0.03,0.04,0.01,0.04,ar ARG,MF,Belgrano,Copa de la Liga,25,1998,13.4,0,5,1,20.0,0.37,0.07,0.00,0.00,28.8,0,0,0,0.1,0.1,0.02,-0.1,-0.1,ar ARG,MF,Belgrano,Copa de la Liga,25,1998,13.4,449,580,77.4,8162,2481,200,225,88.9,183,222,82.4,57,94,60.6,2,0.4,0.2,+1.6,4,48,4,0,58,ar ARG,MF,Belgrano,Copa de la Liga,25,1998,13.4,580,552,26,23,0,6,4,3,0,0,0,0,449,2,15,ar ARG,MF,Belgrano,Copa de la Liga,25,1998,13.4,10,0.75,9,0,1,0,0,0,3,0.22,2,0,1,0,0,0,ar ARG,MF,Belgrano,Copa de la Liga,25,1998,13.4,43,28,24,19,0,22,38,57.9,16,21,4,17,16,59,20,0,ar ARG,MF,Belgrano,Copa de la Liga,25,1998,13.4,706,36,213,443,59,2,706,7,4,57.1,3,42.9,287,1293,661,6,5,0,6,2,363,8,ar ARG,MF,Belgrano,Copa de la Liga,25,1998,14,"1,206",86,95.7,13.4,13,90,13,1,36,0,1.00,16,20,-4,-0.30,-3.63,15.4,17.6,-2.2,-0.16,-1.98,ar ARG,MF,Belgrano,Copa de la Liga,25,1998,13.4,3,0,0,11,9,0,4,16,28,0,1,0,79,11,14,44.0
Elías López,ar ARG,DF,Sarmiento,Copa de la Liga,23,2000,9,9,683,7.6,0,0,0,0,0,0,1,0,0.2,0.2,0.2,0.4,6,15,13,0.00,0.00,0.00,0.00,0.00,0.02,0.03,0.05,0.02,0.05,ar ARG,DF,Sarmiento,Copa de la Liga,23,2000,7.6,0,4,1,25.0,0.53,0.13,0.00,0.00,26.8,0,0,0,0.2,0.2,0.04,-0.2,-0.2,ar ARG,DF,Sarmiento,Copa de la Liga,23,2000,7.6,191,302,63.2,3324,1665,86,109,78.9,82,121,67.8,19,52,36.5,0,0.2,0.3,-0.2,5,15,7,4,15,ar ARG,DF,Sarmiento,Copa de la Liga,23,2000,7.6,302,222,79,4,0,2,18,75,0,0,0,0,191,1,11,ar ARG,DF,Sarmiento,Copa de la Liga,23,2000,7.6,13,1.71,10,1,0,0,0,2,0,0.00,0,0,0,0,0,0,ar ARG,DF,Sarmiento,Copa de la Liga,23,2000,7.6,15,9,9,3,3,12,18,66.7,6,13,2,11,14,29,36,0,ar ARG,DF,Sarmiento,Copa de la Liga,23,2000,7.6,398,30,159,177,71,2,398,1,1,100.0,0,0.0,132,677,322,6,9,0,4,6,139,13,ar ARG,DF,Sarmiento,Copa de la Liga,23,2000,9,683,76,54.2,7.6,9,76,6,0,0,1,0.89,7,5,+2,+0.26,+2.14,5.8,8.3,-2.5,-0.33,+0.34,ar ARG,DF,Sarmiento,Copa de la Liga,23,2000,7.6,1,0,0,2,7,0,18,14,9,0,0,0,51,3,6,33.3
Julián López,ar ARG,MF,Defensa y Just,Copa de la Liga,24,2000,14,14,"1,210",13.4,0,1,1,0,0,0,3,0,0.3,0.3,0.6,0.9,14,70,8,0.00,0.07,0.07,0.00,0.07,0.02,0.05,0.07,0.02,0.07,ar ARG,MF,Defensa y Just,Copa de la Liga,24,2000,13.4,0,11,2,18.2,0.82,0.15,0.00,0.00,23.9,0,0,0,0.3,0.3,0.03,-0.3,-0.3,ar ARG,MF,Defensa y Just,Copa de la Liga,24,2000,13.4,484,598,80.9,9723,2848,175,198,88.4,217,249,87.1,80,117,68.4,1,0.6,0.6,+0.4,9,62,1,1,70,ar ARG,MF,Defensa y Just,Copa de la Liga,24,2000,13.4,598,585,11,10,2,12,1,1,0,0,0,0,484,2,16,ar ARG,MF,Defensa y Just,Copa de la Liga,24,2000,13.4,27,2.01,21,0,5,0,1,0,4,0.30,3,0,1,0,0,0,ar ARG,MF,Defensa y Just,Copa de la Liga,24,2000,13.4,42,24,23,14,5,23,49,46.9,26,14,3,11,14,56,29,0,ar ARG,MF,Defensa y Just,Copa de la Liga,24,2000,13.4,773,41,241,479,64,5,773,22,13,59.1,7,31.8,414,2005,1031,14,16,0,25,7,462,8,ar ARG,MF,Defensa y Just,Copa de la Liga,24,2000,14,"1,210",86,96.0,13.4,14,86,10,0,0,0,1.80,17,12,+5,+0.37,+2.17,16.0,16.3,-0.3,-0.02,+0.37,ar ARG,MF,Defensa y Just,Copa de la Liga,24,2000,13.4,3,0,0,27,15,0,1,14,24,0,0,0,81,16,15,51.6
Kevin Lopez,ar ARG,MF,Defensa y Just,Copa de la Liga,22,2001,12,7,663,7.4,0,4,4,0,0,0,1,0,0.4,0.4,1.3,1.7,13,44,20,0.00,0.54,0.54,0.00,0.54,0.06,0.18,0.23,0.06,0.23,ar ARG,MF,Defensa y Just,Copa de la Liga,22,2001,7.4,0,9,2,22.2,1.22,0.27,0.00,0.00,24.3,1,0,0,0.4,0.4,0.05,-0.4,-0.4,ar ARG,MF,Defensa y Just,Copa de la Liga,22,2001,7.4,269,332,81.0,4674,1498,140,159,88.1,86,103,83.5,32,53,60.4,4,1.3,1.0,+2.7,15,39,9,0,44,ar ARG,MF,Defensa y Just,Copa de la Liga,22,2001,7.4,332,311,21,6,0,9,13,4,11,5,3,0,269,0,6,ar ARG,MF,Defensa y Just,Copa de la Liga,22,2001,7.4,29,3.94,18,7,1,1,2,0,5,0.68,3,2,0,0,0,0,ar ARG,MF,Defensa y Just,Copa de la Liga,22,2001,7.4,11,4,4,6,1,4,13,30.8,9,8,1,7,4,15,4,0,ar ARG,MF,Defensa y Just,Copa de la Liga,22,2001,7.4,407,4,57,248,106,8,407,17,8,47.1,8,47.1,227,1276,607,13,8,3,20,9,250,20,ar ARG,MF,Defensa y Just,Copa de la Liga,22,2001,12,663,55,52.6,7.4,7,69,0,5,36,1,1.77,11,9,+2,+0.27,-0.03,9.7,9.1,+0.6,+0.08,+0.25,ar ARG,MF,Defensa y Just,Copa de la Liga,22,2001,7.4,1,0,0,10,12,0,13,4,4,0,0,0,44,3,2,60.0
Lisandro López,ar ARG,FW,Sarmiento,Copa de la Liga,40,1983,11,6,523,5.8,2,0,2,2,0,1,0,0,1.3,0.5,0.0,0.6,7,7,21,0.34,0.00,0.34,0.34,0.34,0.22,0.01,0.23,0.09,0.10,ar ARG,FW,Sarmiento,Copa de la Liga,40,1983,5.8,2,10,6,60.0,1.72,1.03,0.20,0.33,16.8,0,0,1,1.3,0.5,0.05,+0.7,+1.5,ar ARG,FW,Sarmiento,Copa de la Liga,40,1983,5.8,82,125,65.6,1100,182,58,78,74.4,21,32,65.6,2,7,28.6,0,0.0,0.1,0.0,2,5,1,0,7,ar ARG,FW,Sarmiento,Copa de la Liga,40,1983,5.8,125,114,11,1,0,1,6,0,0,0,0,0,82,0,8,ar ARG,FW,Sarmiento,Copa de la Liga,40,1983,5.8,9,1.55,6,0,0,1,2,0,0,0.00,0,0,0,0,0,0,ar ARG,FW,Sarmiento,Copa de la Liga,40,1983,5.8,7,5,4,1,2,4,8,50.0,4,2,0,2,1,8,3,0,ar ARG,FW,Sarmiento,Copa de la Liga,40,1983,5.8,172,4,19,91,65,18,171,10,5,50.0,4,40.0,79,341,166,7,4,3,10,4,116,21,ar ARG,FW,Sarmiento,Copa de la Liga,40,1983,11,523,48,41.5,5.8,6,65,1,5,27,1,0.82,7,4,+3,+0.52,+2.10,5.6,6.3,-0.7,-0.12,+0.62,ar ARG,FW,Sarmiento,Copa de la Liga,40,1983,5.8,0,0,0,5,9,4,6,1,5,1,0,0,24,8,15,34.8
Hernán López Muñoz,ar ARG,"MF,FW",Godoy Cruz,Copa de la Liga,23,2000,9,8,623,6.9,2,0,2,2,0,0,3,1,0.8,0.8,0.8,1.6,13,36,32,0.29,0.00,0.29,0.29,0.29,0.12,0.11,0.23,0.12,0.23,ar ARG,"MF,FW",Godoy Cruz,Copa de la Liga,23,2000,6.9,2,12,4,33.3,1.73,0.58,0.17,0.50,25.7,0,0,0,0.8,0.8,0.07,+1.2,+1.2,ar ARG,"MF,FW",Godoy Cruz,Copa de la Liga,23,2000,6.9,174,262,66.4,3136,966,78,103,75.7,61,83,73.5,28,53,52.8,0,0.8,1.0,-0.8,12,25,8,2,36,ar ARG,"MF,FW",Godoy Cruz,Copa de la Liga,23,2000,6.9,262,238,23,9,1,7,21,4,10,1,7,0,174,1,8,ar ARG,"MF,FW",Godoy Cruz,Copa de la Liga,23,2000,6.9,31,4.49,18,3,3,2,3,2,1,0.14,0,0,0,1,0,0,ar ARG,"MF,FW",Godoy Cruz,Copa de la Liga,23,2000,6.9,20,16,6,11,3,9,18,50.0,9,7,0,7,4,24,2,0,ar ARG,"MF,FW",Godoy Cruz,Copa de la Liga,23,2000,6.9,387,2,23,241,131,11,387,42,23,54.8,16,38.1,237,1215,543,13,15,4,29,19,272,32,ar ARG,"MF,FW",Godoy Cruz,Copa de la Liga,23,2000,9,623,69,49.4,6.9,8,74,2,1,34,1,1.60,8,4,+4,+0.58,-0.27,8.4,4.8,+3.6,+0.52,+0.40,ar ARG,"MF,FW",Godoy Cruz,Copa de la Liga,23,2000,6.9,3,1,1,15,19,0,21,4,16,0,0,0,38,3,8,27.3
Nahuel Losada,ar ARG,GK,Belgrano,Copa de la Liga,30,1993,12,12,"1,080",12.0,0,0,0,0,0,0,0,0,0.0,0.0,0.0,0.0,0,0,0,0.00,0.00,0.00,0.00,0.00,0.00,0.00,0.00,0.00,0.00,ar ARG,GK,Belgrano,Copa de la Liga,30,1993,12.0,0,0,0,0,0.00,0.00,0,0,0,0,0,0,0.0,0.0,0,0.0,0.0,ar ARG,GK,Belgrano,Copa de la Liga,30,1993,12.0,312,408,76.5,9240,7083,46,46,100.0,164,165,99.4,102,196,52.0,0,0.0,0.0,0.0,0,7,0,0,0,ar ARG,GK,Belgrano,Copa de la Liga,30,1993,12.0,408,285,122,27,0,0,0,0,0,0,0,0,312,1,0,ar ARG,GK,Belgrano,Copa de la Liga,30,1993,12.0,3,0.25,1,2,0,0,0,0,1,0.08,0,1,0,0,0,0,ar ARG,GK,Belgrano,Copa de la Liga,30,1993,12.0,0,0,0,0,0,0,0,0,0,1,0,1,0,0,3,0,ar ARG,GK,Belgrano,Copa de la Liga,30,1993,12.0,429,365,428,1,0,0,429,0,0,0,0,0,210,1128,639,0,0,0,0,0,173,0,ar ARG,GK,Belgrano,Copa de la Liga,30,1993,12,"1,080",90,85.7,12.0,12,90,12,0,0,0,0.67,13,19,-6,-0.50,-2.50,12.6,16.2,-3.6,-0.30,-1.56,ar ARG,GK,Belgrano,Copa de la Liga,30,1993,12.0,0,0,0,0,2,0,0,0,0,0,0,0,10,4,1,80.0
Augusto Lotti,it ITA,"FW,MF",Lanús,Copa de la Liga,27,1996,13,3,424,4.7,1,0,1,1,0,0,1,0,1.2,1.2,0.3,1.5,11,7,26,0.21,0.00,0.21,0.21,0.21,0.26,0.06,0.33,0.26,0.33,it ITA,"FW,MF",Lanús,Copa de la Liga,27,1996,4.7,1,14,3,21.4,2.97,0.64,0.07,0.33,16.8,0,0,0,1.2,1.2,0.09,-0.2,-0.2,it ITA,"FW,MF",Lanús,Copa de la Liga,27,1996,4.7,75,119,63.0,1102,259,44,57,77.2,19,27,70.4,8,15,53.3,0,0.3,0.8,-0.3,1,6,3,1,7,it ITA,"FW,MF",Lanús,Copa de la Liga,27,1996,4.7,119,112,6,1,0,0,6,2,0,0,0,0,75,1,7,it ITA,"FW,MF",Lanús,Copa de la Liga,27,1996,4.7,9,1.91,6,0,1,2,0,0,1,0.21,1,0,0,0,0,0,it ITA,"FW,MF",Lanús,Copa de la Liga,27,1996,4.7,6,3,0,4,2,4,6,66.7,2,2,1,1,4,10,7,0,it ITA,"FW,MF",Lanús,Copa de la Liga,27,1996,4.7,179,7,30,70,83,22,179,9,3,33.3,6,66.7,89,629,280,11,6,3,13,1,112,26,it ITA,"FW,MF",Lanús,Copa de la Liga,27,1996,13,424,33,33.7,4.7,3,64,0,10,23,1,1.54,5,6,-1,-0.21,-0.97,6.6,5.3,+1.3,+0.27,-0.23,it ITA,"FW,MF",Lanús,Copa de la Liga,27,1996,4.7,1,0,0,4,6,1,6,4,3,0,0,0,21,5,9,35.7
Maximiliano Lovera,ar ARG,"FW,MF",Rosario Central,Copa de la Liga,24,1999,11,8,728,8.1,1,0,1,0,1,1,1,0,0.9,0.1,1.0,1.1,26,36,42,0.12,0.00,0.12,0.00,0.00,0.11,0.13,0.24,0.01,0.14,ar ARG,"FW,MF",Rosario Central,Copa de la Liga,24,1999,8.1,1,3,2,66.7,0.37,0.25,0.00,0.00,34.5,0,1,1,0.9,0.1,0.03,+0.1,-0.1,ar ARG,"FW,MF",Rosario Central,Copa de la Liga,24,1999,8.1,233,306,76.1,3718,1080,131,145,90.3,71,96,74.0,26,47,55.3,0,1.0,1.0,-1.0,14,23,11,3,36,ar ARG,"FW,MF",Rosario Central,Copa de la Liga,24,1999,8.1,306,267,36,12,2,1,31,10,14,0,12,0,233,3,7,ar ARG,"FW,MF",Rosario Central,Copa de la Liga,24,1999,8.1,32,3.96,18,5,5,1,3,0,0,0.00,0,0,0,0,0,0,ar ARG,"FW,MF",Rosario Central,Copa de la Liga,24,1999,8.1,17,10,7,9,1,5,11,45.5,6,2,0,2,4,21,1,0,ar ARG,"FW,MF",Rosario Central,Copa de la Liga,24,1999,8.1,387,3,36,207,154,6,386,53,32,60.4,18,34.0,259,1789,808,26,22,2,22,15,293,42,ar ARG,"FW,MF",Rosario Central,Copa de la Liga,24,1999,11,728,66,57.8,8.1,8,81,3,3,27,1,1.00,4,11,-7,-0.87,-0.70,6.1,11.5,-5.4,-0.67,-0.33,ar ARG,"FW,MF",Rosario Central,Copa de la Liga,24,1999,8.1,1,0,0,7,18,0,31,4,10,0,0,0,33,0,7,0.0
Raúl Lozano,ar ARG,DF,Platense,Copa de la Liga,26,1997,4,4,271,3.0,0,0,0,0,0,0,1,0,0.1,0.1,0.4,0.5,5,11,19,0.00,0.00,0.00,0.00,0.00,0.04,0.12,0.16,0.04,0.16,ar ARG,DF,Platense,Copa de la Liga,26,1997,3.0,0,3,1,33.3,1.00,0.33,0.00,0.00,16.7,0,0,0,0.1,0.1,0.04,-0.1,-0.1,ar ARG,DF,Platense,Copa de la Liga,26,1997,3.0,75,123,61.0,1367,715,30,41,73.2,31,40,77.5,10,25,40.0,0,0.4,0.2,-0.4,3,12,5,5,11,ar ARG,DF,Platense,Copa de la Liga,26,1997,3.0,123,94,29,1,0,0,18,28,0,0,0,0,75,0,10,ar ARG,DF,Platense,Copa de la Liga,26,1997,3.0,5,1.66,3,0,1,0,1,0,0,0.00,0,0,0,0,0,0,ar ARG,DF,Platense,Copa de la Liga,26,1997,3.0,7,5,5,1,1,4,5,80.0,1,1,0,1,5,12,1,0,ar ARG,DF,Platense,Copa de la Liga,26,1997,3.0,155,7,43,73,41,7,155,6,5,83.3,1,16.7,72,320,160,5,0,3,3,3,75,19,ar ARG,DF,Platense,Copa de la Liga,26,1997,4,271,68,21.5,3.0,4,68,2,0,0,0,1.00,1,4,-3,-1.00,-0.91,3.8,2.9,+0.9,+0.31,+0.42,ar ARG,DF,Platense,Copa de la Liga,26,1997,3.0,1,0,0,2,3,0,18,5,5,0,0,0,18,3,1,75.0
Jeremías Lucco,ar ARG,"MF,FW",Belgrano,Copa de la Liga,18,2005,6,2,185,2.1,1,0,1,1,0,0,0,0,0.8,0.8,0.2,1.0,9,8,12,0.49,0.00,0.49,0.49,0.49,0.41,0.09,0.51,0.41,0.51,ar ARG,"MF,FW",Belgrano,Copa de la Liga,18,2005,2.1,1,3,1,33.3,1.46,0.49,0.33,1.00,18.8,0,0,0,0.8,0.8,0.28,+0.2,+0.2,ar ARG,"MF,FW",Belgrano,Copa de la Liga,18,2005,2.1,49,64,76.6,850,135,22,29,75.9,17,19,89.5,7,8,87.5,0,0.2,0.4,-0.2,2,6,0,0,8,ar ARG,"MF,FW",Belgrano,Copa de la Liga,18,2005,2.1,64,61,1,0,0,1,1,1,0,0,0,0,49,2,2,ar ARG,"MF,FW",Belgrano,Copa de la Liga,18,2005,2.1,9,4.38,7,0,2,0,0,0,2,0.97,1,0,1,0,0,0,ar ARG,"MF,FW",Belgrano,Copa de la Liga,18,2005,2.1,3,1,2,1,0,2,7,28.6,5,5,1,4,1,4,1,0,ar ARG,"MF,FW",Belgrano,Copa de la Liga,18,2005,2.1,96,3,13,47,38,9,96,8,5,62.5,1,12.5,48,379,269,9,5,4,8,5,55,12,ar ARG,"MF,FW",Belgrano,Copa de la Liga,18,2005,6,185,31,14.7,2.1,2,81,0,4,6,2,0.83,3,3,0,0.00,+0.17,3.3,2.5,+0.8,+0.40,+0.56,ar ARG,"MF,FW",Belgrano,Copa de la Liga,18,2005,2.1,0,0,0,4,5,0,1,1,1,0,0,0,14,2,1,66.7
Esteban Lucero,ar ARG,"FW,DF",Defensa y Just,Copa de la Liga,18,2005,1,0,26,0.3,0,0,0,0,0,0,0,0,0.0,0.0,0.0,0.0,0,0,0,0.00,0.00,0.00,0.00,0.00,0.00,0.00,0.00,0.00,0.00,ar ARG,"FW,DF",Defensa y Just,Copa de la Liga,18,2005,0.3,0,0,0,0,0.00,0.00,0,0,0,0,0,0,0.0,0.0,0,0.0,0.0,ar ARG,"FW,DF",Defensa y Just,Copa de la Liga,18,2005,0.3,0,1,0.0,0,0,0,0,0,0,1,0.0,0,0,0,0,0.0,0.0,0.0,0,0,0,0,0,ar ARG,"FW,DF",Defensa y Just,Copa de la Liga,18,2005,0.3,1,1,0,0,0,0,0,0,0,0,0,0,0,0,0,ar ARG,"FW,DF",Defensa y Just,Copa de la Liga,18,2005,0.3,0,0.00,0,0,0,0,0,0,0,0.00,0,0,0,0,0,0,ar ARG,"FW,DF",Defensa y Just,Copa de la Liga,18,2005,0.3,0,0,0,0,0,0,0,0,0,1,1,0,0,0,0,0,ar ARG,"FW,DF",Defensa y Just,Copa de la Liga,18,2005,0.3,4,1,4,0,0,0,4,0,0,0,0,0,0,0,0,0,0,0,0,0,0,0,ar ARG,"FW,DF",Defensa y Just,Copa de la Liga,18,2005,1,26,26,2.1,0.3,0,0,0,1,26,8,3.00,0,0,0,0.00,-0.29,0.1,0.2,-0.1,-0.40,-0.37,ar ARG,"FW,DF",Defensa y Just,Copa de la Liga,18,2005,0.3,0,0,0,1,0,0,0,0,0,0,0,0,0,0,0,0
Rufino Lucero,ar ARG,"MF,DF",Ind. Rivadavia,Copa de la Liga,21,2002,3,0,110,1.2,0,0,0,0,0,0,0,0,0.1,0.1,0.5,0.6,2,5,9,0.00,0.00,0.00,0.00,0.00,0.07,0.40,0.47,0.07,0.47,ar ARG,"MF,DF",Ind. Rivadavia,Copa de la Liga,21,2002,1.2,0,1,0,0.0,0.82,0.00,0.00,0,20.0,0,0,0,0.1,0.1,0.09,-0.1,-0.1,ar ARG,"MF,DF",Ind. Rivadavia,Copa de la Liga,21,2002,1.2,37,46,80.4,494,176,25,29,86.2,9,12,75.0,1,3,33.3,0,0.5,0.1,-0.5,2,4,1,1,5,ar ARG,"MF,DF",Ind. Rivadavia,Copa de la Liga,21,2002,1.2,46,38,8,0,0,0,7,6,2,1,1,0,37,0,0,ar ARG,"MF,DF",Ind. Rivadavia,Copa de la Liga,21,2002,1.2,3,2.45,2,1,0,0,0,0,0,0.00,0,0,0,0,0,0,ar ARG,"MF,DF",Ind. Rivadavia,Copa de la Liga,21,2002,1.2,1,1,1,0,0,1,1,100.0,0,1,0,1,0,1,4,0,ar ARG,"MF,DF",Ind. Rivadavia,Copa de la Liga,21,2002,1.2,60,2,7,37,16,2,60,5,1,20.0,4,80.0,25,167,80,2,1,1,2,1,41,9,ar ARG,"MF,DF",Ind. Rivadavia,Copa de la Liga,21,2002,3,110,37,8.7,1.2,0,0,0,3,37,4,2.00,2,2,0,0.00,+0.94,1.9,1.4,+0.4,+0.35,+1.10,ar ARG,"MF,DF",Ind. Rivadavia,Copa de la Liga,21,2002,1.2,0,0,0,0,2,0,7,0,1,0,0,0,2,1,2,33.3
Martín Luciano,ar ARG,DF,Godoy Cruz,Copa de la Liga,20,2003,4,3,175,1.9,0,0,0,0,0,0,0,0,0.1,0.1,0.1,0.2,2,9,5,0.00,0.00,0.00,0.00,0.00,0.04,0.07,0.10,0.04,0.10,ar ARG,DF,Godoy Cruz,Copa de la Liga,20,2003,1.9,0,2,0,0.0,1.03,0.00,0.00,0,23.9,0,0,0,0.1,0.1,0.04,-0.1,-0.1,ar ARG,DF,Godoy Cruz,Copa de la Liga,20,2003,1.9,44,63,69.8,873,485,16,19,84.2,21,25,84.0,6,15,40.0,0,0.1,0.1,-0.1,2,8,1,0,9,ar ARG,DF,Godoy Cruz,Copa de la Liga,20,2003,1.9,63,47,16,0,0,1,3,16,0,0,0,0,44,0,1,ar ARG,DF,Godoy Cruz,Copa de la Liga,20,2003,1.9,4,2.06,2,1,0,0,1,0,0,0.00,0,0,0,0,0,0,ar ARG,DF,Godoy Cruz,Copa de la Liga,20,2003,1.9,3,2,2,1,0,2,5,40.0,3,5,2,3,0,3,11,0,ar ARG,DF,Godoy Cruz,Copa de la Liga,20,2003,1.9,92,14,43,28,23,4,92,3,3,100.0,0,0.0,26,140,73,2,1,1,1,0,33,5,ar ARG,DF,Godoy Cruz,Copa de la Liga,20,2003,4,175,44,13.9,1.9,3,56,0,1,8,3,3.00,2,0,+2,+1.03,+0.36,2.1,1.8,+0.3,+0.14,-0.21,ar ARG,DF,Godoy Cruz,Copa de la Liga,20,2003,1.9,0,0,0,2,3,0,3,0,2,0,0,0,7,2,4,33.3
Brian Luciatti,ar ARG,DF,Lanús,Copa de la Liga,30,1993,12,12,"1,080",12.0,0,0,0,0,0,0,2,0,0.3,0.3,0.0,0.3,7,33,1,0.00,0.00,0.00,0.00,0.00,0.03,0.00,0.03,0.03,0.03,ar ARG,DF,Lanús,Copa de la Liga,30,1993,12.0,0,5,1,20.0,0.42,0.08,0.00,0.00,10.3,0,0,0,0.3,0.3,0.06,-0.3,-0.3,ar ARG,DF,Lanús,Copa de la Liga,30,1993,12.0,330,421,78.4,6077,2279,121,145,83.4,174,195,89.2,29,61,47.5,0,0.0,0.1,0.0,1,24,0,0,33,ar ARG,DF,Lanús,Copa de la Liga,30,1993,12.0,421,406,13,10,0,3,1,2,0,0,0,0,330,2,5,ar ARG,DF,Lanús,Copa de la Liga,30,1993,12.0,7,0.58,6,0,0,1,0,0,0,0.00,0,0,0,0,0,0,ar ARG,DF,Lanús,Copa de la Liga,30,1993,12.0,16,12,11,5,0,9,13,69.2,4,13,3,10,14,30,62,0,ar ARG,DF,Lanús,Copa de la Liga,30,1993,12.0,543,63,247,288,11,8,543,2,1,50.0,1,50.0,242,1249,747,7,2,1,2,2,279,1,ar ARG,DF,Lanús,Copa de la Liga,30,1993,12,"1,080",90,85.7,12.0,12,90,12,0,0,1,1.67,18,12,+6,+0.50,+0.50,15.9,11.3,+4.6,+0.38,-0.29,ar ARG,DF,Lanús,Copa de la Liga,30,1993,12.0,2,0,0,14,8,0,1,14,12,0,1,0,40,52,27,65.8
Gonzalo Luján,ar ARG,DF,San Lorenzo,Copa de la Liga,22,2001,9,8,642,7.1,0,1,1,0,0,0,1,0,0.1,0.1,1.2,1.3,3,20,7,0.00,0.14,0.14,0.00,0.14,0.02,0.17,0.19,0.02,0.19,ar ARG,DF,San Lorenzo,Copa de la Liga,22,2001,7.1,0,5,0,0.0,0.70,0.00,0.00,0,12.6,0,0,0,0.1,0.1,0.02,-0.1,-0.1,ar ARG,DF,San Lorenzo,Copa de la Liga,22,2001,7.1,171,241,71.0,3401,1679,63,74,85.1,79,92,85.9,27,64,42.2,1,1.2,0.4,-0.2,5,19,6,4,20,ar ARG,DF,San Lorenzo,Copa de la Liga,22,2001,7.1,241,210,31,4,0,0,8,27,0,0,0,0,171,0,9,ar ARG,DF,San Lorenzo,Copa de la Liga,22,2001,7.1,7,0.98,4,0,0,2,0,1,1,0.14,0,0,0,1,0,0,ar ARG,DF,San Lorenzo,Copa de la Liga,22,2001,7.1,14,13,9,5,0,6,10,60.0,4,10,2,8,6,20,14,0,ar ARG,DF,San Lorenzo,Copa de la Liga,22,2001,7.1,299,15,101,162,36,7,299,2,0,0.0,2,100.0,126,544,284,3,1,0,2,1,171,7,ar ARG,DF,San Lorenzo,Copa de la Liga,22,2001,9,642,71,51.0,7.1,8,78,4,1,16,0,1.44,5,4,+1,+0.14,+0.87,6.2,6.5,-0.3,-0.04,-0.17,ar ARG,DF,San Lorenzo,Copa de la Liga,22,2001,7.1,1,0,0,4,2,0,8,6,13,0,0,0,28,9,13,40.9
Alex Luna,ar ARG,"MF,FW",Independiente,Copa de la Liga,19,2004,13,6,632,7.0,0,0,0,0,0,0,2,0,1.4,1.4,0.3,1.6,24,32,57,0.00,0.00,0.00,0.00,0.00,0.19,0.04,0.23,0.19,0.23,ar ARG,"MF,FW",Independiente,Copa de la Liga,19,2004,7.0,0,21,6,28.6,2.99,0.85,0.00,0.00,22.5,3,0,0,1.4,1.4,0.06,-1.4,-1.4,ar ARG,"MF,FW",Independiente,Copa de la Liga,19,2004,7.0,198,275,72.0,2805,745,131,158,82.9,48,69,69.6,13,28,46.4,0,0.3,0.7,-0.3,6,17,6,2,32,ar ARG,"MF,FW",Independiente,Copa de la Liga,19,2004,7.0,275,255,19,6,2,1,28,3,10,4,4,0,198,1,11,ar ARG,"MF,FW",Independiente,Copa de la Liga,19,2004,7.0,23,3.27,11,4,1,0,5,2,0,0.00,0,0,0,0,0,0,ar ARG,"MF,FW",Independiente,Copa de la Liga,19,2004,7.0,22,13,7,8,7,11,20,55.0,9,14,2,12,3,25,2,0,ar ARG,"MF,FW",Independiente,Copa de la Liga,19,2004,7.0,406,1,37,201,176,19,406,30,10,33.3,17,56.7,273,1618,879,24,23,4,28,23,284,57,ar ARG,"MF,FW",Independiente,Copa de la Liga,19,2004,13,632,49,50.2,7.0,6,66,0,7,34,1,1.54,4,4,0,0.00,-0.57,7.1,5.0,+2.1,+0.30,-0.32,ar ARG,"MF,FW",Independiente,Copa de la Liga,19,2004,7.0,2,0,0,13,30,3,28,3,13,0,0,0,41,5,10,33.3
Mauro Luna Diale,ar ARG,MF,Unión,Copa de la Liga,24,1999,14,13,"1,199",13.3,2,2,4,2,0,0,2,0,2.0,2.0,0.6,2.7,45,68,59,0.15,0.15,0.30,0.15,0.30,0.15,0.05,0.20,0.15,0.20,ar ARG,MF,Unión,Copa de la Liga,24,1999,13.3,2,23,4,17.4,1.73,0.30,0.09,0.50,20.1,2,0,0,2.0,2.0,0.09,0.0,0.0,ar ARG,MF,Unión,Copa de la Liga,24,1999,13.3,385,527,73.1,6871,1793,164,198,82.8,170,213,79.8,42,76,55.3,2,0.6,1.2,+1.4,13,45,14,3,68,ar ARG,MF,Unión,Copa de la Liga,24,1999,13.3,527,489,36,15,2,6,36,6,15,3,11,0,385,2,20,ar ARG,MF,Unión,Copa de la Liga,24,1999,13.3,47,3.53,27,8,3,3,6,0,2,0.15,0,2,0,0,0,0,ar ARG,MF,Unión,Copa de la Liga,24,1999,13.3,22,13,11,9,2,8,19,42.1,11,21,1,20,5,27,9,0,ar ARG,MF,Unión,Copa de la Liga,24,1999,13.3,690,11,98,381,225,23,690,62,30,48.4,23,37.1,365,2257,1234,45,25,6,30,20,417,59,ar ARG,MF,Unión,Copa de la Liga,24,1999,14,"1,199",86,95.2,13.3,13,90,13,1,29,0,1.43,16,14,+2,+0.15,+0.15,13.5,13.7,-0.2,-0.01,+0.87,ar ARG,MF,Unión,Copa de la Liga,24,1999,13.3,2,0,0,15,41,1,36,5,13,0,0,0,90,17,14,54.8
Ramiro Macagno,ar ARG,GK,Newell's OB,Copa de la Liga,26,1997,14,14,"1,260",14.0,0,0,0,0,0,0,2,0,0.0,0.0,0.0,0.0,0,0,0,0.00,0.00,0.00,0.00,0.00,0.00,0.00,0.00,0.00,0.00,ar ARG,GK,Newell's OB,Copa de la Liga,26,1997,14.0,0,0,0,0,0.00,0.00,0,0,0,0,0,0,0.0,0.0,0,0.0,0.0,ar ARG,GK,Newell's OB,Copa de la Liga,26,1997,14.0,233,356,65.4,7387,5769,29,29,100.0,106,106,100.0,98,221,44.3,0,0.0,0.0,0.0,0,1,0,0,0,ar ARG,GK,Newell's OB,Copa de la Liga,26,1997,14.0,356,216,140,32,0,0,0,0,0,0,0,0,233,0,0,ar ARG,GK,Newell's OB,Copa de la Liga,26,1997,14.0,3,0.21,3,0,0,0,0,0,0,0.00,0,0,0,0,0,0,ar ARG,GK,Newell's OB,Copa de la Liga,26,1997,14.0,1,0,1,0,0,1,1,100.0,0,0,0,0,0,1,4,0,ar ARG,GK,Newell's OB,Copa de la Liga,26,1997,14.0,384,322,380,4,0,0,384,0,0,0,0,0,183,877,521,0,0,0,1,0,119,0,ar ARG,GK,Newell's OB,Copa de la Liga,26,1997,14,"1,260",90,100.0,14.0,14,90,14,0,0,0,1.50,13,15,-2,-0.14,0,14.2,14.4,-0.3,-0.02,0,ar ARG,GK,Newell's OB,Copa de la Liga,26,1997,14.0,2,0,0,1,2,0,0,0,0,0,0,0,10,6,0,100.0
William Machado,uy URU,MF,Deportivo Riestra,Copa de la Liga,29,1994,6,3,269,3.0,0,0,0,0,0,0,2,0,0.0,0.0,0.0,0.0,0,7,1,0.00,0.00,0.00,0.00,0.00,0.00,0.00,0.00,0.00,0.00,uy URU,MF,Deportivo Riestra,Copa de la Liga,29,1994,3.0,0,0,0,0,0.00,0.00,0,0,0,0,0,0,0.0,0.0,0,0.0,0.0,uy URU,MF,Deportivo Riestra,Copa de la Liga,29,1994,3.0,32,56,57.1,520,204,12,19,63.2,15,22,68.2,2,7,28.6,0,0.0,0.0,0.0,0,7,0,0,7,uy URU,MF,Deportivo Riestra,Copa de la Liga,29,1994,3.0,56,56,0,0,1,0,0,0,0,0,0,0,32,0,2,uy URU,MF,Deportivo Riestra,Copa de la Liga,29,1994,3.0,0,0.00,0,0,0,0,0,0,0,0.00,0,0,0,0,0,0,uy URU,MF,Deportivo Riestra,Copa de la Liga,29,1994,3.0,6,4,1,3,2,1,5,20.0,4,1,0,1,4,10,0,0,uy URU,MF,Deportivo Riestra,Copa de la Liga,29,1994,3.0,76,3,12,53,11,0,76,1,0,0.0,1,100.0,25,105,35,0,0,0,3,4,17,1,uy URU,MF,Deportivo Riestra,Copa de la Liga,29,1994,6,269,45,21.3,3.0,3,71,0,3,19,5,1.17,1,4,-3,-1.00,-0.55,1.9,4.8,-2.9,-0.97,-0.23,uy URU,MF,Deportivo Riestra,Copa de la Liga,29,1994,3.0,2,0,0,7,1,0,0,4,4,0,0,0,19,1,2,33.3
Alejandro Maciel,ar ARG,DF,Banfield,Copa de la Liga,26,1997,13,13,"1,170",13.0,0,0,0,0,0,0,1,0,0.1,0.1,0.1,0.2,3,24,0,0.00,0.00,0.00,0.00,0.00,0.01,0.01,0.01,0.01,0.01,ar ARG,DF,Banfield,Copa de la Liga,26,1997,13.0,0,3,2,66.7,0.23,0.15,0.00,0.00,11.7,0,0,0,0.1,0.1,0.02,-0.1,-0.1,ar ARG,DF,Banfield,Copa de la Liga,26,1997,13.0,344,517,66.5,8804,4651,70,76,92.1,176,201,87.6,93,218,42.7,0,0.1,0.4,-0.1,4,31,2,0,24,ar ARG,DF,Banfield,Copa de la Liga,26,1997,13.0,517,472,35,23,0,15,2,1,0,0,0,0,344,10,4,ar ARG,DF,Banfield,Copa de la Liga,26,1997,13.0,5,0.38,5,0,0,0,0,0,0,0.00,0,0,0,0,0,0,ar ARG,DF,Banfield,Copa de la Liga,26,1997,13.0,18,12,15,3,0,9,20,45.0,11,17,12,5,9,27,45,0,ar ARG,DF,Banfield,Copa de la Liga,26,1997,13.0,624,99,393,220,20,14,624,5,4,80.0,1,20.0,328,1760,1226,3,1,0,4,3,380,0,ar ARG,DF,Banfield,Copa de la Liga,26,1997,13,"1,170",90,92.9,13.0,13,90,13,0,0,0,1.08,12,14,-2,-0.15,-1.15,12.3,14.9,-2.6,-0.20,-0.69,ar ARG,DF,Banfield,Copa de la Liga,26,1997,13.0,1,0,0,3,1,0,2,9,12,0,0,0,27,34,14,70.8
Ignacio Maestro Puch,ar ARG,FW,Independiente,Copa de la Liga,20,2003,12,3,363,4.0,1,2,3,1,0,0,0,0,2.7,2.7,0.8,3.5,8,4,36,0.25,0.50,0.74,0.25,0.74,0.67,0.19,0.86,0.67,0.86,ar ARG,FW,Independiente,Copa de la Liga,20,2003,4.0,1,16,5,31.3,3.97,1.24,0.06,0.20,13.0,0,0,0,2.7,2.7,0.17,-1.7,-1.7,ar ARG,FW,Independiente,Copa de la Liga,20,2003,4.0,53,77,68.8,617,88,38,48,79.2,9,14,64.3,2,2,100.0,2,0.8,0.6,+1.2,10,1,2,1,4,ar ARG,FW,Independiente,Copa de la Liga,20,2003,4.0,77,71,5,0,0,0,3,0,0,0,0,0,53,1,4,ar ARG,FW,Independiente,Copa de la Liga,20,2003,4.0,13,3.22,9,0,4,0,0,0,2,0.50,2,0,0,0,0,0,ar ARG,FW,Independiente,Copa de la Liga,20,2003,4.0,4,2,0,2,2,2,3,66.7,1,4,0,4,1,5,1,0,ar ARG,FW,Independiente,Copa de la Liga,20,2003,4.0,155,1,3,57,98,36,155,19,7,36.8,10,52.6,98,573,171,8,8,7,22,8,115,36,ar ARG,FW,Independiente,Copa de la Liga,20,2003,12,363,30,28.8,4.0,3,73,1,9,16,2,1.58,4,4,0,0.00,-0.40,7.0,3.5,+3.5,+0.88,+0.59,ar ARG,FW,Independiente,Copa de la Liga,20,2003,4.0,0,0,0,5,5,4,3,1,2,0,0,0,11,14,14,50.0
Gonzalo Maffini,ar ARG,DF,Belgrano,Copa de la Liga,31,1993,1,0,27,0.3,0,0,0,0,0,0,1,0,0.0,0.0,0.0,0.0,0,1,0,0.00,0.00,0.00,0.00,0.00,0.00,0.00,0.00,0.00,0.00,ar ARG,DF,Belgrano,Copa de la Liga,31,1993,0.3,0,0,0,0,0.00,0.00,0,0,0,0,0,0,0.0,0.0,0,0.0,0.0,ar ARG,DF,Belgrano,Copa de la Liga,31,1993,0.3,7,13,53.8,121,104,3,3,100.0,2,6,33.3,1,2,50.0,0,0.0,0.0,0.0,0,1,0,0,1,ar ARG,DF,Belgrano,Copa de la Liga,31,1993,0.3,13,9,4,0,0,0,1,4,0,0,0,0,7,0,0,ar ARG,DF,Belgrano,Copa de la Liga,31,1993,0.3,0,0.00,0,0,0,0,0,0,0,0.00,0,0,0,0,0,0,ar ARG,DF,Belgrano,Copa de la Liga,31,1993,0.3,0,0,0,0,0,0,0,0,0,0,0,0,0,0,0,0,ar ARG,DF,Belgrano,Copa de la Liga,31,1993,0.3,13,1,5,5,3,0,13,0,0,0,0,0,4,10,6,0,0,0,0,0,7,0,ar ARG,DF,Belgrano,Copa de la Liga,31,1993,1,27,27,2.1,0.3,0,0,0,1,27,8,3.00,1,0,+1,+3.33,+3.55,0.3,0.1,+0.2,+0.55,+0.64,ar ARG,DF,Belgrano,Copa de la Liga,31,1993,0.3,1,0,0,2,0,0,1,0,0,0,0,0,0,0,1,0.0
Francisco Maidana,ar ARG,MF,Ind. Rivadavia,Copa de la Liga,22,2001,4,2,208,2.3,0,0,0,0,0,0,0,0,0.0,0.0,0.0,0.0,0,4,0,0.00,0.00,0.00,0.00,0.00,0.00,0.00,0.00,0.00,0.00,ar ARG,MF,Ind. Rivadavia,Copa de la Liga,22,2001,2.3,0,1,1,100.0,0.43,0.43,0.00,0.00,32.6,0,0,0,0.0,0.0,0.01,0.0,0.0,ar ARG,MF,Ind. Rivadavia,Copa de la Liga,22,2001,2.3,70,88,79.5,1366,345,27,31,87.1,34,38,89.5,8,16,50.0,0,0.0,0.0,0.0,0,3,0,0,4,ar ARG,MF,Ind. Rivadavia,Copa de la Liga,22,2001,2.3,88,86,2,0,0,1,0,2,0,0,0,0,70,0,0,ar ARG,MF,Ind. Rivadavia,Copa de la Liga,22,2001,2.3,1,0.43,1,0,0,0,0,0,0,0.00,0,0,0,0,0,0,ar ARG,MF,Ind. Rivadavia,Copa de la Liga,22,2001,2.3,8,5,3,5,0,3,10,30.0,7,1,0,1,2,10,8,0,ar ARG,MF,Ind. Rivadavia,Copa de la Liga,22,2001,2.3,111,9,37,68,6,0,111,3,2,66.7,0,0.0,43,123,48,0,0,0,2,1,63,0,ar ARG,MF,Ind. Rivadavia,Copa de la Liga,22,2001,4,208,52,16.5,2.3,2,79,1,2,26,2,0.25,1,2,-1,-0.43,+0.51,2.5,3.5,-1.0,-0.44,+0.25,ar ARG,MF,Ind. Rivadavia,Copa de la Liga,22,2001,2.3,0,0,0,2,2,0,0,2,5,0,0,0,12,2,3,40.0
Mauro Maidana,ar ARG,DF,Ind. Rivadavia,Copa de la Liga,33,1990,9,9,790,8.8,1,0,1,1,0,0,2,0,0.2,0.2,0.6,0.7,5,26,0,0.11,0.00,0.11,0.11,0.11,0.02,0.07,0.09,0.02,0.09,ar ARG,DF,Ind. Rivadavia,Copa de la Liga,33,1990,8.8,1,1,1,100.0,0.11,0.11,1.00,1.00,9.2,0,0,0,0.2,0.2,0.16,+0.8,+0.8,ar ARG,DF,Ind. Rivadavia,Copa de la Liga,33,1990,8.8,368,468,78.6,7660,3476,122,141,86.5,166,189,87.8,69,120,57.5,0,0.6,0.1,-0.6,2,25,1,1,26,ar ARG,DF,Ind. Rivadavia,Copa de la Liga,33,1990,8.8,468,379,89,38,0,6,1,22,0,0,0,0,368,0,4,ar ARG,DF,Ind. Rivadavia,Copa de la Liga,33,1990,8.8,8,0.91,6,1,0,0,0,1,0,0.00,0,0,0,0,0,0,ar ARG,DF,Ind. Rivadavia,Copa de la Liga,33,1990,8.8,13,11,8,5,0,4,7,57.1,3,9,4,5,8,21,35,1,ar ARG,DF,Ind. Rivadavia,Copa de la Liga,33,1990,8.8,552,81,311,232,12,2,552,6,5,83.3,1,16.7,215,1077,684,5,0,0,9,1,260,0,ar ARG,DF,Ind. Rivadavia,Copa de la Liga,33,1990,9,790,88,62.7,8.8,9,88,7,0,0,5,0.78,9,14,-5,-0.57,+0.77,7.3,12.9,-5.6,-0.64,+0.03,ar ARG,DF,Ind. Rivadavia,Copa de la Liga,33,1990,8.8,2,0,0,7,12,0,1,8,11,0,0,0,37,21,20,51.2
Guido Mainero,ar ARG,"MF,FW",Instituto,Copa de la Liga,28,1995,9,4,357,4.0,0,0,0,0,0,0,3,0,0.2,0.2,0.4,0.6,8,9,18,0.00,0.00,0.00,0.00,0.00,0.06,0.10,0.15,0.06,0.15,ar ARG,"MF,FW",Instituto,Copa de la Liga,28,1995,4.0,0,5,0,0.0,1.26,0.00,0.00,0,26.1,0,0,0,0.2,0.2,0.05,-0.2,-0.2,ar ARG,"MF,FW",Instituto,Copa de la Liga,28,1995,4.0,72,109,66.1,1178,300,37,46,80.4,26,31,83.9,6,17,35.3,0,0.4,0.3,-0.4,4,3,1,1,9,ar ARG,"MF,FW",Instituto,Copa de la Liga,28,1995,4.0,109,105,3,0,0,2,12,1,2,1,1,0,72,1,6,ar ARG,"MF,FW",Instituto,Copa de la Liga,28,1995,4.0,12,3.03,10,0,0,0,2,0,0,0.00,0,0,0,0,0,0,ar ARG,"MF,FW",Instituto,Copa de la Liga,28,1995,4.0,4,2,3,1,0,2,9,22.2,7,3,0,3,4,8,2,0,ar ARG,"MF,FW",Instituto,Copa de la Liga,28,1995,4.0,150,2,28,64,60,3,150,9,2,22.2,4,44.4,91,527,211,8,7,1,9,3,95,18,ar ARG,"MF,FW",Instituto,Copa de la Liga,28,1995,9,357,40,28.3,4.0,4,62,0,5,22,5,1.56,7,3,+4,+1.01,+1.31,5.8,3.5,+2.3,+0.59,+0.06,ar ARG,"MF,FW",Instituto,Copa de la Liga,28,1995,4.0,3,0,0,6,7,2,12,4,2,0,0,0,20,0,11,0.0
Víctor Malcorra,ar ARG,"MF,FW",Rosario Central,Copa de la Liga,36,1987,12,11,915,10.2,2,1,3,2,0,0,3,0,0.9,0.9,2.8,3.6,21,31,71,0.20,0.10,0.30,0.20,0.30,0.09,0.27,0.36,0.09,0.36,ar ARG,"MF,FW",Rosario Central,Copa de la Liga,36,1987,10.2,2,16,7,43.8,1.57,0.69,0.13,0.29,24.3,3,0,0,0.9,0.9,0.05,+1.1,+1.1,ar ARG,"MF,FW",Rosario Central,Copa de la Liga,36,1987,10.2,276,397,69.5,4951,1683,138,159,86.8,79,108,73.1,48,98,49.0,1,2.8,2.9,-1.8,27,17,11,7,31,ar ARG,"MF,FW",Rosario Central,Copa de la Liga,36,1987,10.2,397,319,74,30,2,3,78,10,34,9,18,0,276,4,17,ar ARG,"MF,FW",Rosario Central,Copa de la Liga,36,1987,10.2,42,4.15,22,18,0,1,1,0,2,0.20,2,0,0,0,0,0,ar ARG,"MF,FW",Rosario Central,Copa de la Liga,36,1987,10.2,12,9,3,7,2,6,13,46.2,7,7,0,7,3,15,2,0,ar ARG,"MF,FW",Rosario Central,Copa de la Liga,36,1987,10.2,494,1,40,238,224,20,494,18,5,27.8,11,61.1,303,1608,646,21,14,3,28,15,329,71,ar ARG,"MF,FW",Rosario Central,Copa de la Liga,36,1987,12,915,76,72.6,10.2,11,81,6,1,24,2,1.25,8,11,-3,-0.30,+1.01,7.5,12.0,-4.5,-0.45,+0.31,ar ARG,"MF,FW",Rosario Central,Copa de la Liga,36,1987,10.2,3,0,0,8,18,2,78,3,9,0,0,0,45,3,5,37.5
Facundo Mallo,uy URU,DF,Rosario Central,Copa de la Liga,29,1995,14,13,"1,188",13.2,0,0,0,0,0,0,2,0,1.1,1.1,0.4,1.5,3,22,5,0.00,0.00,0.00,0.00,0.00,0.09,0.03,0.11,0.09,0.11,uy URU,DF,Rosario Central,Copa de la Liga,29,1995,13.2,0,9,3,33.3,0.68,0.23,0.00,0.00,11.9,0,0,0,1.1,1.1,0.13,-1.1,-1.1,uy URU,DF,Rosario Central,Copa de la Liga,29,1995,13.2,351,481,73.0,7881,3210,101,116,87.1,167,192,87.0,80,159,50.3,0,0.4,0.2,-0.4,4,23,3,0,22,uy URU,DF,Rosario Central,Copa de la Liga,29,1995,13.2,481,459,22,21,0,10,2,1,0,0,0,0,351,0,4,uy URU,DF,Rosario Central,Copa de la Liga,29,1995,13.2,13,0.98,12,1,0,0,0,0,1,0.08,1,0,0,0,0,0,uy URU,DF,Rosario Central,Copa de la Liga,29,1995,13.2,22,16,18,4,0,12,20,60.0,8,15,11,4,25,47,65,0,uy URU,DF,Rosario Central,Copa de la Liga,29,1995,13.2,624,99,384,216,27,15,624,5,3,60.0,2,40.0,298,1200,800,3,6,2,3,3,319,5,uy URU,DF,Rosario Central,Copa de la Liga,29,1995,14,"1,188",85,94.3,13.2,13,90,13,1,18,0,1.07,9,17,-8,-0.61,-0.61,10.9,16.5,-5.6,-0.42,+1.88,uy URU,DF,Rosario Central,Copa de la Liga,29,1995,13.2,2,0,0,4,5,1,2,25,16,0,0,0,49,40,23,63.5
Emanuel Mammana,ar ARG,DF,Vélez Sarsfield,Copa de la Liga,27,1996,12,11,901,10.0,1,0,1,1,0,0,1,0,0.4,0.4,0.0,0.4,2,28,0,0.10,0.00,0.10,0.10,0.10,0.04,0.00,0.04,0.04,0.04,ar ARG,DF,Vélez Sarsfield,Copa de la Liga,27,1996,10.0,1,4,1,25.0,0.40,0.10,0.25,1.00,14.4,0,0,0,0.4,0.4,0.10,+0.6,+0.6,ar ARG,DF,Vélez Sarsfield,Copa de la Liga,27,1996,10.0,412,483,85.3,9261,2949,91,103,88.3,241,262,92.0,77,109,70.6,0,0.0,0.0,0.0,1,29,0,0,28,ar ARG,DF,Vélez Sarsfield,Copa de la Liga,27,1996,10.0,483,471,11,11,0,10,0,0,0,0,0,0,412,1,1,ar ARG,DF,Vélez Sarsfield,Copa de la Liga,27,1996,10.0,2,0.20,2,0,0,0,0,0,0,0.00,0,0,0,0,0,0,ar ARG,DF,Vélez Sarsfield,Copa de la Liga,27,1996,10.0,11,8,10,1,0,9,13,69.2,4,15,10,5,13,24,49,0,ar ARG,DF,Vélez Sarsfield,Copa de la Liga,27,1996,10.0,582,85,317,259,11,5,582,0,0,0,0,0,283,1447,833,2,1,0,3,0,330,0,ar ARG,DF,Vélez Sarsfield,Copa de la Liga,27,1996,12,901,75,71.5,10.0,11,82,9,1,1,0,1.64,10,11,-1,-0.10,-0.60,13.2,8.1,+5.1,+0.51,+0.56,ar ARG,DF,Vélez Sarsfield,Copa de la Liga,27,1996,10.0,1,0,0,4,1,0,0,13,8,0,0,1,34,31,23,57.4
Ivo Mammini,ar ARG,"FW,MF",Gimnasia–LP,Copa de la Liga,20,2003,11,7,606,6.7,1,0,1,1,0,0,2,0,1.3,1.3,0.5,1.8,6,10,37,0.15,0.00,0.15,0.15,0.15,0.19,0.07,0.26,0.19,0.26,ar ARG,"FW,MF",Gimnasia–LP,Copa de la Liga,20,2003,6.7,1,15,2,13.3,2.23,0.30,0.07,0.50,14.9,0,0,0,1.3,1.3,0.09,-0.3,-0.3,ar ARG,"FW,MF",Gimnasia–LP,Copa de la Liga,20,2003,6.7,90,133,67.7,1373,333,43,56,76.8,31,47,66.0,6,13,46.2,0,0.5,0.3,-0.5,7,5,5,2,10,ar ARG,"FW,MF",Gimnasia–LP,Copa de la Liga,20,2003,6.7,133,118,15,0,0,1,13,1,4,0,3,0,90,0,5,ar ARG,"FW,MF",Gimnasia–LP,Copa de la Liga,20,2003,6.7,18,2.68,13,1,0,3,1,0,0,0.00,0,0,0,0,0,0,ar ARG,"FW,MF",Gimnasia–LP,Copa de la Liga,20,2003,6.7,9,3,0,6,3,3,8,37.5,5,5,0,5,5,14,12,0,ar ARG,"FW,MF",Gimnasia–LP,Copa de la Liga,20,2003,6.7,211,13,26,87,100,27,211,10,5,50.0,5,50.0,88,357,171,6,3,2,16,5,124,37,ar ARG,"FW,MF",Gimnasia–LP,Copa de la Liga,20,2003,11,606,55,48.1,6.7,7,67,0,4,34,0,1.18,9,10,-1,-0.15,+0.40,7.0,9.4,-2.4,-0.35,+0.20,ar ARG,"FW,MF",Gimnasia–LP,Copa de la Liga,20,2003,6.7,2,0,0,15,6,1,13,5,3,0,0,0,12,15,32,31.9
Harrinson Mancilla,co COL,MF,Cen. Córdoba–SdE,Copa de la Liga,32,1991,2,0,55,0.6,0,0,0,0,0,0,1,0,0.0,0.0,0.0,0.0,1,2,0,0.00,0.00,0.00,0.00,0.00,0.02,0.00,0.02,0.02,0.02,co COL,MF,Cen. Córdoba–SdE,Copa de la Liga,32,1991,0.6,0,1,0,0.0,1.64,0.00,0.00,0,34.0,0,0,0,0.0,0.0,0.01,0.0,0.0,co COL,MF,Cen. Córdoba–SdE,Copa de la Liga,32,1991,0.6,12,19,63.2,193,104,7,8,87.5,3,7,42.9,1,3,33.3,0,0.0,0.0,0.0,0,2,0,0,2,co COL,MF,Cen. Córdoba–SdE,Copa de la Liga,32,1991,0.6,19,19,0,0,0,0,0,0,0,0,0,0,12,0,0,co COL,MF,Cen. Córdoba–SdE,Copa de la Liga,32,1991,0.6,0,0.00,0,0,0,0,0,0,0,0.00,0,0,0,0,0,0,co COL,MF,Cen. Córdoba–SdE,Copa de la Liga,32,1991,0.6,0,0,0,0,0,0,2,0.0,2,3,1,2,2,2,1,0,co COL,MF,Cen. Córdoba–SdE,Copa de la Liga,32,1991,0.6,27,2,9,17,2,0,27,0,0,0,0,0,16,87,48,1,0,0,1,2,13,0,co COL,MF,Cen. Córdoba–SdE,Copa de la Liga,32,1991,2,55,28,4.4,0.6,0,0,0,2,28,11,0.00,0,1,-1,-1.64,-0.96,0.6,1.2,-0.6,-1.02,-0.26,co COL,MF,Cen. Córdoba–SdE,Copa de la Liga,32,1991,0.6,1,0,0,1,1,0,0,2,0,0,0,0,7,0,1,0.0
Federico Mancuello,ar ARG,MF,Independiente,Copa de la Liga,34,1989,12,8,701,7.8,1,1,2,1,0,0,1,0,1.2,1.2,1.9,3.1,10,47,29,0.13,0.13,0.26,0.13,0.26,0.16,0.24,0.40,0.16,0.40,ar ARG,MF,Independiente,Copa de la Liga,34,1989,7.8,1,14,4,28.6,1.80,0.51,0.07,0.25,21.8,4,0,0,1.2,1.2,0.10,-0.2,-0.2,ar ARG,MF,Independiente,Copa de la Liga,34,1989,7.8,304,407,74.7,5534,1921,135,150,90.0,119,145,82.1,40,88,45.5,1,1.9,1.8,-0.9,21,31,9,5,47,ar ARG,MF,Independiente,Copa de la Liga,34,1989,7.8,407,326,79,34,0,1,66,4,34,9,19,0,304,2,6,ar ARG,MF,Independiente,Copa de la Liga,34,1989,7.8,34,4.37,20,12,0,1,1,0,3,0.39,2,0,0,1,0,0,ar ARG,MF,Independiente,Copa de la Liga,34,1989,7.8,11,7,1,10,0,7,20,35.0,13,2,0,2,5,16,5,0,ar ARG,MF,Independiente,Copa de la Liga,34,1989,7.8,463,5,51,233,184,13,463,5,3,60.0,2,40.0,242,1126,552,10,13,1,9,6,275,29,ar ARG,MF,Independiente,Copa de la Liga,34,1989,12,701,58,55.6,7.8,8,75,2,4,26,0,1.67,8,5,+3,+0.39,+0.22,10.5,5.5,+5.0,+0.64,+0.42,ar ARG,MF,Independiente,Copa de la Liga,34,1989,7.8,1,0,0,6,4,2,66,5,7,0,0,0,37,3,11,21.4
Eros Mancuso,ar ARG,DF,Estudiantes–LP,Copa de la Liga,24,1999,11,11,990,11.0,2,0,2,2,0,0,4,0,0.9,0.9,1.7,2.6,20,44,64,0.18,0.00,0.18,0.18,0.18,0.08,0.16,0.24,0.08,0.24,ar ARG,DF,Estudiantes–LP,Copa de la Liga,24,1999,11.0,2,20,7,35.0,1.82,0.64,0.10,0.29,27.1,0,0,0,0.9,0.9,0.04,+1.1,+1.1,ar ARG,DF,Estudiantes–LP,Copa de la Liga,24,1999,11.0,413,545,75.8,7288,2484,202,230,87.8,156,194,80.4,47,95,49.5,0,1.7,2.2,-1.7,21,29,16,6,44,ar ARG,DF,Estudiantes–LP,Copa de la Liga,24,1999,11.0,545,439,105,7,3,6,40,98,0,0,0,0,413,1,10,ar ARG,DF,Estudiantes–LP,Copa de la Liga,24,1999,11.0,37,3.36,29,1,2,3,1,1,0,0.00,0,0,0,0,0,0,ar ARG,DF,Estudiantes–LP,Copa de la Liga,24,1999,11.0,29,22,14,13,2,17,30,56.7,13,18,3,15,11,40,23,0,ar ARG,DF,Estudiantes–LP,Copa de la Liga,24,1999,11.0,681,26,157,317,209,18,681,17,8,47.1,9,52.9,319,1443,735,20,16,2,17,7,386,64,ar ARG,DF,Estudiantes–LP,Copa de la Liga,24,1999,11,990,90,78.6,11.0,11,90,11,0,0,0,2.07,15,3,+12,+1.09,+1.76,14.6,7.3,+7.2,+0.66,+0.30,ar ARG,DF,Estudiantes–LP,Copa de la Liga,24,1999,11.0,4,0,0,16,10,0,40,11,22,0,0,0,54,5,13,27.8
Matías Mansilla,ar ARG,GK,Cen. Córdoba–SdE,Copa de la Liga,27,1996,1,1,90,1.0,0,0,0,0,0,0,0,0,0.0,0.0,0.0,0.0,0,0,0,0.00,0.00,0.00,0.00,0.00,0.00,0.00,0.00,0.00,0.00,ar ARG,GK,Cen. Córdoba–SdE,Copa de la Liga,27,1996,1.0,0,0,0,0,0.00,0.00,0,0,0,0,0,0,0.0,0.0,0,0.0,0.0,ar ARG,GK,Cen. Córdoba–SdE,Copa de la Liga,27,1996,1.0,26,36,72.2,715,466,2,2,100.0,13,13,100.0,9,19,47.4,0,0.0,0.0,0.0,0,0,0,0,0,ar ARG,GK,Cen. Córdoba–SdE,Copa de la Liga,27,1996,1.0,36,24,12,5,0,0,0,0,0,0,0,0,26,0,0,ar ARG,GK,Cen. Córdoba–SdE,Copa de la Liga,27,1996,1.0,0,0.00,0,0,0,0,0,0,0,0.00,0,0,0,0,0,0,ar ARG,GK,Cen. Córdoba–SdE,Copa de la Liga,27,1996,1.0,0,0,0,0,0,0,0,0,0,0,0,0,0,0,0,0,ar ARG,GK,Cen. Córdoba–SdE,Copa de la Liga,27,1996,1.0,37,28,37,0,0,0,37,0,0,0,0,0,21,130,111,0,0,0,0,0,16,0,ar ARG,GK,Cen. Córdoba–SdE,Copa de la Liga,27,1996,1,90,90,7.1,1.0,1,90,1,0,0,0,0.00,0,1,-1,-1.00,-0.31,0.6,1.1,-0.5,-0.48,+0.31,ar ARG,GK,Cen. Córdoba–SdE,Copa de la Liga,27,1996,1.0,0,0,0,0,2,0,0,0,0,0,0,0,1,0,0,0
Matías Mansilla,ar ARG,GK,Estudiantes–LP,Copa de la Liga,27,1996,13,13,"1,170",13.0,0,0,0,0,0,0,0,0,0.0,0.0,0.0,0.0,0,0,2,0.00,0.00,0.00,0.00,0.00,0.00,0.00,0.00,0.00,0.00,ar ARG,GK,Cen. Córdoba–SdE,Copa de la Liga,27,1996,1.0,0,0,0,0,0.00,0.00,0,0,0,0,0,0,0.0,0.0,0,0.0,0.0,ar ARG,GK,Cen. Córdoba–SdE,Copa de la Liga,27,1996,1.0,26,36,72.2,715,466,2,2,100.0,13,13,100.0,9,19,47.4,0,0.0,0.0,0.0,0,0,0,0,0,ar ARG,GK,Cen. Córdoba–SdE,Copa de la Liga,27,1996,1.0,36,24,12,5,0,0,0,0,0,0,0,0,26,0,0,ar ARG,GK,Cen. Córdoba–SdE,Copa de la Liga,27,1996,1.0,0,0.00,0,0,0,0,0,0,0,0.00,0,0,0,0,0,0,ar ARG,GK,Cen. Córdoba–SdE,Copa de la Liga,27,1996,1.0,0,0,0,0,0,0,0,0,0,0,0,0,0,0,0,0,ar ARG,GK,Cen. Córdoba–SdE,Copa de la Liga,27,1996,1.0,37,28,37,0,0,0,37,0,0,0,0,0,21,130,111,0,0,0,0,0,16,0,ar ARG,GK,Cen. Córdoba–SdE,Copa de la Liga,27,1996,1,90,90,7.1,1.0,1,90,1,0,0,0,0.00,0,1,-1,-1.00,-0.31,0.6,1.1,-0.5,-0.48,+0.31,ar ARG,GK,Cen. Córdoba–SdE,Copa de la Liga,27,1996,1.0,0,0,0,0,2,0,0,0,0,0,0,0,1,0,0,0
Kevin Mantilla,co COL,DF,Talleres,Copa de la Liga,20,2003,6,3,345,3.8,0,0,0,0,0,0,1,0,0.0,0.0,0.0,0.0,0,4,1,0.00,0.00,0.00,0.00,0.00,0.00,0.01,0.01,0.00,0.01,co COL,DF,Talleres,Copa de la Liga,20,2003,3.8,0,0,0,0,0.00,0.00,0,0,0,0,0,0,0.0,0.0,0,0.0,0.0,co COL,DF,Talleres,Copa de la Liga,20,2003,3.8,124,146,84.9,2483,916,45,50,90.0,58,68,85.3,21,25,84.0,0,0.0,0.1,0.0,1,6,1,0,4,co COL,DF,Talleres,Copa de la Liga,20,2003,3.8,146,140,6,6,0,1,0,0,0,0,0,0,124,0,2,co COL,DF,Talleres,Copa de la Liga,20,2003,3.8,2,0.52,2,0,0,0,0,0,0,0.00,0,0,0,0,0,0,co COL,DF,Talleres,Copa de la Liga,20,2003,3.8,7,4,7,0,0,5,5,100.0,0,7,3,4,6,13,17,1,co COL,DF,Talleres,Copa de la Liga,20,2003,3.8,188,17,107,79,4,1,188,3,2,66.7,1,33.3,93,492,190,0,1,0,2,3,102,1,co COL,DF,Talleres,Copa de la Liga,20,2003,6,345,58,27.4,3.8,3,90,3,3,25,7,2.00,9,4,+5,+1.30,+1.01,7.3,4.8,+2.5,+0.66,+0.28,co COL,DF,Talleres,Copa de la Liga,20,2003,3.8,1,0,0,1,3,0,0,6,4,0,0,0,16,8,3,72.7
Juan Manuel Insaurralde,ar ARG,DF,Sarmiento,Copa de la Liga,39,1984,14,14,"1,260",14.0,1,0,1,1,0,0,5,0,0.6,0.6,0.1,0.7,13,44,2,0.07,0.00,0.07,0.07,0.07,0.05,0.00,0.05,0.05,0.05,ar ARG,DF,Sarmiento,Copa de la Liga,39,1984,14.0,1,5,2,40.0,0.36,0.14,0.20,0.50,10.2,0,0,0,0.6,0.6,0.13,+0.4,+0.4,ar ARG,DF,Sarmiento,Copa de la Liga,39,1984,14.0,399,532,75.0,8912,3531,89,104,85.6,242,278,87.1,67,142,47.2,0,0.1,0.1,-0.1,2,31,2,0,44,ar ARG,DF,Sarmiento,Copa de la Liga,39,1984,14.0,532,501,30,26,0,7,0,3,0,0,0,0,399,1,3,ar ARG,DF,Sarmiento,Copa de la Liga,39,1984,14.0,12,0.86,10,1,0,1,0,0,0,0.00,0,0,0,0,0,0,ar ARG,DF,Sarmiento,Copa de la Liga,39,1984,14.0,12,9,10,2,0,6,12,50.0,6,19,18,1,14,26,78,0,ar ARG,DF,Sarmiento,Copa de la Liga,39,1984,14.0,678,103,375,295,13,9,678,4,3,75.0,1,25.0,321,2004,1314,13,0,1,8,1,342,2,ar ARG,DF,Sarmiento,Copa de la Liga,39,1984,14,"1,260",90,100.0,14.0,14,90,14,0,0,0,0.64,9,19,-10,-0.71,0,9.9,16.7,-6.8,-0.49,0,ar ARG,DF,Sarmiento,Copa de la Liga,39,1984,14.0,5,0,0,12,5,5,0,14,9,0,0,0,48,41,16,71.9
Juan Manuel Vázquez,ar ARG,MF,Ind. Rivadavia,Copa de la Liga,29,1994,11,7,700,7.8,1,1,2,1,0,0,1,0,0.9,0.9,0.4,1.3,8,42,25,0.13,0.13,0.26,0.13,0.26,0.11,0.05,0.16,0.11,0.16,ar ARG,MF,Ind. Rivadavia,Copa de la Liga,29,1994,7.8,1,14,4,28.6,1.80,0.51,0.07,0.25,25.7,1,0,0,0.9,0.9,0.06,+0.1,+0.1,ar ARG,MF,Ind. Rivadavia,Copa de la Liga,29,1994,7.8,291,360,80.8,5212,1201,137,154,89.0,112,136,82.4,33,49,67.3,1,0.4,0.5,+0.6,8,43,3,2,42,ar ARG,MF,Ind. Rivadavia,Copa de la Liga,29,1994,7.8,360,339,19,10,1,8,23,3,6,4,1,0,291,2,5,ar ARG,MF,Ind. Rivadavia,Copa de la Liga,29,1994,7.8,19,2.44,12,3,1,2,1,0,2,0.26,0,1,0,1,0,0,ar ARG,MF,Ind. Rivadavia,Copa de la Liga,29,1994,7.8,17,9,5,8,4,11,15,73.3,4,7,2,5,3,20,6,0,ar ARG,MF,Ind. Rivadavia,Copa de la Liga,29,1994,7.8,454,9,54,264,139,5,454,23,13,56.5,6,26.1,247,1196,510,8,14,0,23,13,320,25,ar ARG,MF,Ind. Rivadavia,Copa de la Liga,29,1994,11,700,64,55.6,7.8,7,82,3,4,31,2,0.55,7,14,-7,-0.90,-0.10,7.0,12.4,-5.3,-0.69,-0.08,ar ARG,MF,Ind. Rivadavia,Copa de la Liga,29,1994,7.8,1,0,0,6,8,2,23,3,9,0,0,0,36,6,5,54.5
Alexis Manyoma,co COL,"FW,MF",Estudiantes–LP,Copa de la Liga,21,2003,4,2,170,1.9,0,0,0,0,0,0,0,0,0.1,0.1,0.1,0.2,6,5,19,0.00,0.00,0.00,0.00,0.00,0.05,0.05,0.11,0.05,0.11,co COL,"FW,MF",Estudiantes–LP,Copa de la Liga,21,2003,1.9,0,2,0,0.0,1.06,0.00,0.00,0,27.5,0,0,0,0.1,0.1,0.05,-0.1,-0.1,co COL,"FW,MF",Estudiantes–LP,Copa de la Liga,21,2003,1.9,44,53,83.0,571,68,30,33,90.9,11,13,84.6,1,2,50.0,0,0.1,0.1,-0.1,2,2,2,0,5,co COL,"FW,MF",Estudiantes–LP,Copa de la Liga,21,2003,1.9,53,50,3,1,0,1,2,2,0,0,0,0,44,0,2,co COL,"FW,MF",Estudiantes–LP,Copa de la Liga,21,2003,1.9,2,1.06,2,0,0,0,0,0,0,0.00,0,0,0,0,0,0,co COL,"FW,MF",Estudiantes–LP,Copa de la Liga,21,2003,1.9,2,2,1,1,0,0,0,0,0,5,0,5,1,3,3,0,co COL,"FW,MF",Estudiantes–LP,Copa de la Liga,21,2003,1.9,78,1,11,30,38,4,78,6,4,66.7,2,33.3,42,403,151,6,7,0,5,4,57,19,co COL,"FW,MF",Estudiantes–LP,Copa de la Liga,21,2003,4,170,43,13.5,1.9,2,57,0,2,28,10,1.50,2,1,+1,+0.53,-0.21,2.1,1.9,+0.3,+0.15,-0.51,co COL,"FW,MF",Estudiantes–LP,Copa de la Liga,21,2003,1.9,0,0,0,5,2,0,2,1,2,0,0,0,5,2,7,22.2
Javier Marcelo Correa,ar ARG,FW,Estudiantes–LP,Copa de la Liga,31,1992,12,10,831,9.2,3,2,5,3,0,0,1,0,2.7,2.7,2.4,5.1,22,23,74,0.32,0.22,0.54,0.32,0.54,0.28,0.25,0.53,0.28,0.53,ar ARG,FW,Estudiantes–LP,Copa de la Liga,31,1992,9.2,3,36,13,36.1,3.90,1.41,0.08,0.23,16.3,0,0,0,2.7,2.7,0.08,+0.3,+0.3,ar ARG,FW,Estudiantes–LP,Copa de la Liga,31,1992,9.2,134,216,62.0,2034,457,77,102,75.5,42,67,62.7,10,18,55.6,2,2.4,1.8,-0.4,12,19,5,0,23,ar ARG,FW,Estudiantes–LP,Copa de la Liga,31,1992,9.2,216,202,13,1,3,0,3,4,0,0,0,0,134,1,6,ar ARG,FW,Estudiantes–LP,Copa de la Liga,31,1992,9.2,36,3.74,25,0,5,4,1,1,4,0.42,4,0,0,0,0,0,ar ARG,FW,Estudiantes–LP,Copa de la Liga,31,1992,9.2,13,5,1,9,3,4,13,30.8,9,8,1,7,4,17,15,0,ar ARG,FW,Estudiantes–LP,Copa de la Liga,31,1992,9.2,352,14,28,136,191,64,352,31,13,41.9,16,51.6,173,929,380,22,16,12,25,7,235,74,ar ARG,FW,Estudiantes–LP,Copa de la Liga,31,1992,12,831,69,66.0,9.2,10,77,6,2,31,0,1.93,11,5,+6,+0.65,-0.19,12.6,6.0,+6.6,+0.69,+0.30,ar ARG,FW,Estudiantes–LP,Copa de la Liga,31,1992,9.2,1,0,0,16,9,11,3,4,5,0,0,0,26,14,15,48.3
Rafael Marcelo Delgado,ar ARG,DF,Belgrano,Copa de la Liga,34,1990,3,2,170,1.9,0,0,0,0,0,0,1,0,0.0,0.0,0.1,0.2,2,6,4,0.00,0.00,0.00,0.00,0.00,0.02,0.07,0.09,0.02,0.09,ar ARG,DF,Belgrano,Copa de la Liga,34,1990,1.9,0,2,1,50.0,1.06,0.53,0.00,0.00,29.4,0,0,0,0.0,0.0,0.02,0.0,0.0,ar ARG,DF,Belgrano,Copa de la Liga,34,1990,1.9,60,101,59.4,1229,706,25,33,75.8,22,39,56.4,12,24,50.0,0,0.1,0.2,-0.1,3,6,1,0,6,ar ARG,DF,Belgrano,Copa de la Liga,34,1990,1.9,101,74,27,6,0,2,9,19,2,0,2,0,60,0,3,ar ARG,DF,Belgrano,Copa de la Liga,34,1990,1.9,3,1.59,1,2,0,0,0,0,0,0.00,0,0,0,0,0,0,ar ARG,DF,Belgrano,Copa de la Liga,34,1990,1.9,6,2,1,5,0,4,10,40.0,6,2,1,1,4,10,5,0,ar ARG,DF,Belgrano,Copa de la Liga,34,1990,1.9,123,8,39,60,24,0,123,0,0,0,0,0,43,204,82,2,2,0,2,1,51,4,ar ARG,DF,Belgrano,Copa de la Liga,34,1990,3,170,57,13.5,1.9,2,78,1,1,14,6,0.33,0,2,-2,-1.06,-1.06,0.8,1.3,-0.6,-0.31,-0.27,ar ARG,DF,Belgrano,Copa de la Liga,34,1990,1.9,1,0,0,3,2,0,9,4,2,0,0,0,9,8,2,80.0
Tomás Marchiori,ar ARG,GK,Vélez Sarsfield,Copa de la Liga,28,1995,14,14,"1,260",14.0,0,0,0,0,0,0,1,0,0.0,0.0,0.0,0.0,0,0,0,0.00,0.00,0.00,0.00,0.00,0.00,0.00,0.00,0.00,0.00,ar ARG,GK,Vélez Sarsfield,Copa de la Liga,28,1995,14.0,0,0,0,0,0.00,0.00,0,0,0,0,0,0,0.0,0.0,0,0.0,0.0,ar ARG,GK,Vélez Sarsfield,Copa de la Liga,28,1995,14.0,296,379,78.1,7084,4630,81,82,98.8,141,142,99.3,74,155,47.7,0,0.0,0.0,0.0,0,0,0,0,0,ar ARG,GK,Vélez Sarsfield,Copa de la Liga,28,1995,14.0,379,229,150,24,0,0,0,1,0,0,0,0,296,0,0,ar ARG,GK,Vélez Sarsfield,Copa de la Liga,28,1995,14.0,2,0.14,0,2,0,0,0,0,0,0.00,0,0,0,0,0,0,ar ARG,GK,Vélez Sarsfield,Copa de la Liga,28,1995,14.0,0,0,0,0,0,0,1,0.0,1,0,0,0,0,0,3,0,ar ARG,GK,Vélez Sarsfield,Copa de la Liga,28,1995,14.0,406,364,404,2,0,0,406,0,0,0,0,0,188,924,520,0,0,0,2,0,138,0,ar ARG,GK,Vélez Sarsfield,Copa de la Liga,28,1995,14,"1,260",90,100.0,14.0,14,90,14,0,0,0,1.76,14,13,+1,+0.07,0,16.6,11.7,+4.9,+0.35,0,ar ARG,GK,Vélez Sarsfield,Copa de la Liga,28,1995,14.0,1,0,0,0,0,0,0,0,0,0,0,0,15,2,1,66.7
Sasha Marcich,ar ARG,DF,Platense,Copa de la Liga,25,1998,13,12,"1,104",12.3,0,0,0,0,0,0,2,0,0.6,0.6,0.7,1.3,20,37,54,0.00,0.00,0.00,0.00,0.00,0.05,0.06,0.10,0.05,0.10,ar ARG,DF,Platense,Copa de la Liga,25,1998,12.3,0,12,1,8.3,0.98,0.08,0.00,0.00,18.7,1,0,0,0.6,0.6,0.05,-0.6,-0.6,ar ARG,DF,Platense,Copa de la Liga,25,1998,12.3,323,526,61.4,5515,3016,160,199,80.4,126,201,62.7,30,93,32.3,0,0.7,1.1,-0.7,11,34,10,8,37,ar ARG,DF,Platense,Copa de la Liga,25,1998,12.3,526,397,127,8,0,0,52,115,4,0,2,0,323,2,18,ar ARG,DF,Platense,Copa de la Liga,25,1998,12.3,34,2.77,19,8,4,1,2,0,2,0.16,1,0,1,0,0,0,ar ARG,DF,Platense,Copa de la Liga,25,1998,12.3,35,24,25,6,4,18,24,75.0,6,12,3,9,7,42,37,0,ar ARG,DF,Platense,Copa de la Liga,25,1998,12.3,660,33,204,252,209,19,660,17,11,64.7,6,35.3,225,1231,693,20,9,6,13,4,274,54,ar ARG,DF,Platense,Copa de la Liga,25,1998,13,"1,104",85,87.6,12.3,12,90,12,1,24,1,1.31,10,11,-1,-0.08,+1.65,13.3,12.5,+0.8,+0.07,+0.71,ar ARG,DF,Platense,Copa de la Liga,25,1998,12.3,2,0,0,21,14,2,52,7,24,0,0,0,33,20,8,71.4
Francisco Marco,ar ARG,MF,Defensa y Just,Copa de la Liga,20,2003,1,0,1,0.0,0,0,0,0,0,0,0,0,0.0,0.0,0.0,0.0,0,0,0,0.00,0.00,0.00,0.00,0.00,0.00,0.00,0.00,0.00,0.00,ar ARG,MF,Defensa y Just,Copa de la Liga,20,2003,0.0,0,0,0,0,0.00,0.00,0,0,0,0,0,0,0.0,0.0,0,0.0,0.0,ar ARG,MF,Defensa y Just,Copa de la Liga,20,2003,0.0,0,0,0,0,0,0,0,0,0,0,0,0,0,0,0,0.0,0.0,0.0,0,0,0,0,0,ar ARG,MF,Defensa y Just,Copa de la Liga,20,2003,0.0,0,0,0,0,0,0,0,0,0,0,0,0,0,0,0,ar ARG,MF,Defensa y Just,Copa de la Liga,20,2003,0.0,0,0.00,0,0,0,0,0,0,0,0.00,0,0,0,0,0,0,ar ARG,MF,Defensa y Just,Copa de la Liga,20,2003,0.0,0,0,0,0,0,0,0,0,0,0,0,0,0,0,0,0,ar ARG,MF,Defensa y Just,Copa de la Liga,20,2003,0.0,0,0,0,0,0,0,0,0,0,0,0,0,0,0,0,0,0,0,0,0,0,0,ar ARG,MF,Defensa y Just,Copa de la Liga,20,2003,1,1,1,0.1,0.0,0,0,0,1,1,0,3.00,0,0,0,0.00,-0.29,0.0,0.0,0.0,0.00,+0.04,ar ARG,MF,Defensa y Just,Copa de la Liga,20,2003,0.0,0,0,0,0,0,0,0,0,0,0,0,0,0,0,0,0
Iván Marcone,ar ARG,MF,Independiente,Copa de la Liga,33,1990,12,12,"1,056",11.7,0,0,0,0,0,0,4,1,0.3,0.3,0.0,0.3,7,75,6,0.00,0.00,0.00,0.00,0.00,0.03,0.00,0.03,0.03,0.03,ar ARG,MF,Independiente,Copa de la Liga,33,1990,11.7,0,3,0,0.0,0.26,0.00,0.00,0,8.1,0,0,0,0.3,0.3,0.11,-0.3,-0.3,ar ARG,MF,Independiente,Copa de la Liga,33,1990,11.7,517,604,85.6,9943,3650,210,229,91.7,226,254,89.0,78,94,83.0,0,0.0,0.3,0.0,2,60,4,0,75,ar ARG,MF,Independiente,Copa de la Liga,33,1990,11.7,604,565,39,37,0,11,1,2,0,0,0,0,517,0,14,ar ARG,MF,Independiente,Copa de la Liga,33,1990,11.7,14,1.19,13,0,0,1,0,0,2,0.17,2,0,0,0,0,0,ar ARG,MF,Independiente,Copa de la Liga,33,1990,11.7,37,21,25,12,0,16,34,47.1,18,9,2,7,18,55,19,0,ar ARG,MF,Independiente,Copa de la Liga,33,1990,11.7,733,35,211,473,57,8,733,24,18,75.0,5,20.8,400,2027,1098,7,5,1,16,9,416,6,ar ARG,MF,Independiente,Copa de la Liga,33,1990,12,"1,056",88,83.8,11.7,12,88,10,0,0,0,1.67,13,9,+4,+0.34,+0.34,14.6,9.3,+5.3,+0.45,-0.05,ar ARG,MF,Independiente,Copa de la Liga,33,1990,11.7,4,1,1,6,13,0,1,18,21,0,0,0,91,8,12,40.0
Matías Marín,cl CHI,"MF,FW",Belgrano,Copa de la Liga,24,1999,7,3,310,3.4,1,0,1,1,0,0,0,0,0.6,0.6,0.0,0.6,3,19,13,0.29,0.00,0.29,0.29,0.29,0.17,0.00,0.17,0.17,0.17,cl CHI,"MF,FW",Belgrano,Copa de la Liga,24,1999,3.4,1,11,5,45.5,3.19,1.45,0.09,0.20,26.0,2,0,0,0.6,0.6,0.05,+0.4,+0.4,cl CHI,"MF,FW",Belgrano,Copa de la Liga,24,1999,3.4,104,153,68.0,1999,617,43,51,84.3,42,59,71.2,15,34,44.1,0,0.0,0.3,0.0,1,11,4,0,19,cl CHI,"MF,FW",Belgrano,Copa de la Liga,24,1999,3.4,153,136,17,8,0,1,15,1,7,2,5,0,104,0,2,cl CHI,"MF,FW",Belgrano,Copa de la Liga,24,1999,3.4,7,2.03,5,1,0,1,0,0,1,0.29,1,0,0,0,0,0,cl CHI,"MF,FW",Belgrano,Copa de la Liga,24,1999,3.4,5,4,3,2,0,2,7,28.6,5,4,0,4,2,7,3,0,cl CHI,"MF,FW",Belgrano,Copa de la Liga,24,1999,3.4,189,3,36,92,64,4,189,3,1,33.3,2,66.7,86,398,183,3,3,0,8,2,114,13,cl CHI,"MF,FW",Belgrano,Copa de la Liga,24,1999,7,310,44,24.6,3.4,3,71,0,4,24,7,1.14,7,5,+2,+0.58,+0.96,5.2,4.0,+1.2,+0.35,+0.56,cl CHI,"MF,FW",Belgrano,Copa de la Liga,24,1999,3.4,0,0,0,3,1,0,15,2,4,0,0,0,16,1,4,20.0
Alan Marinelli,ar ARG,"MF,DF",Platense,Copa de la Liga,24,1999,5,0,101,1.1,0,0,0,0,0,0,0,0,0.0,0.0,0.0,0.0,4,2,9,0.00,0.00,0.00,0.00,0.00,0.02,0.00,0.02,0.02,0.02,ar ARG,"MF,DF",Platense,Copa de la Liga,24,1999,1.1,0,1,0,0.0,0.89,0.00,0.00,0,22.7,0,0,0,0.0,0.0,0.02,0.0,0.0,ar ARG,"MF,DF",Platense,Copa de la Liga,24,1999,1.1,17,28,60.7,200,54,14,17,82.4,3,7,42.9,0,1,0.0,0,0.0,0.0,0.0,0,2,0,0,2,ar ARG,"MF,DF",Platense,Copa de la Liga,24,1999,1.1,28,26,2,0,0,0,4,2,0,0,0,0,17,0,1,ar ARG,"MF,DF",Platense,Copa de la Liga,24,1999,1.1,1,0.88,0,1,0,0,0,0,0,0.00,0,0,0,0,0,0,ar ARG,"MF,DF",Platense,Copa de la Liga,24,1999,1.1,1,0,1,0,0,0,0,0,0,3,0,3,0,1,1,0,ar ARG,"MF,DF",Platense,Copa de la Liga,24,1999,1.1,43,0,3,23,18,1,43,3,1,33.3,2,66.7,26,263,170,4,4,1,4,1,27,9,ar ARG,"MF,DF",Platense,Copa de la Liga,24,1999,5,101,20,8.0,1.1,0,0,0,5,20,3,0.80,1,0,+1,+0.89,+1.28,1.3,0.8,+0.5,+0.45,+0.51,ar ARG,"MF,DF",Platense,Copa de la Liga,24,1999,1.1,0,0,0,3,2,0,4,0,0,0,0,0,4,2,1,66.7
Gonzalo Marinelli,ar ARG,GK,Ind. Rivadavia,Copa de la Liga,34,1989,12,12,"1,080",12.0,0,0,0,0,0,0,1,0,0.0,0.0,0.0,0.0,0,0,0,0.00,0.00,0.00,0.00,0.00,0.00,0.00,0.00,0.00,0.00,ar ARG,GK,Ind. Rivadavia,Copa de la Liga,34,1989,12.0,0,0,0,0,0.00,0.00,0,0,0,0,0,0,0.0,0.0,0,0.0,0.0,ar ARG,GK,Ind. Rivadavia,Copa de la Liga,34,1989,12.0,258,355,72.7,7860,6337,42,42,100.0,117,120,97.5,98,192,51.0,0,0.0,0.0,0.0,0,7,0,0,0,ar ARG,GK,Ind. Rivadavia,Copa de la Liga,34,1989,12.0,355,240,115,45,0,2,0,0,0,0,0,0,258,0,0,ar ARG,GK,Ind. Rivadavia,Copa de la Liga,34,1989,12.0,0,0.00,0,0,0,0,0,0,0,0.00,0,0,0,0,0,0,ar ARG,GK,Ind. Rivadavia,Copa de la Liga,34,1989,12.0,0,0,0,0,0,0,0,0,0,0,0,0,0,0,6,1,ar ARG,GK,Ind. Rivadavia,Copa de la Liga,34,1989,12.0,391,289,388,3,0,0,391,0,0,0,0,0,194,1196,905,0,0,0,0,0,144,0,ar ARG,GK,Ind. Rivadavia,Copa de la Liga,34,1989,12,"1,080",90,85.7,12.0,12,90,12,0,0,2,0.58,12,23,-11,-0.92,-0.42,11.0,18.7,-7.7,-0.64,+0.07,ar ARG,GK,Ind. Rivadavia,Copa de la Liga,34,1989,12.0,1,0,0,0,2,0,0,0,0,0,0,0,4,2,0,100.0
Gonzalo Maroni,ar ARG,"MF,FW",Tigre,Copa de la Liga,24,1999,12,3,435,4.8,0,0,0,0,0,0,2,0,0.9,0.9,0.6,1.5,18,29,16,0.00,0.00,0.00,0.00,0.00,0.19,0.12,0.31,0.19,0.31,ar ARG,"MF,FW",Tigre,Copa de la Liga,24,1999,4.8,0,12,6,50.0,2.48,1.24,0.00,0.00,21.9,1,0,0,0.9,0.9,0.08,-0.9,-0.9,ar ARG,"MF,FW",Tigre,Copa de la Liga,24,1999,4.8,154,209,73.7,2521,914,79,102,77.5,59,77,76.6,13,18,72.2,0,0.6,0.4,-0.6,9,25,2,0,29,ar ARG,"MF,FW",Tigre,Copa de la Liga,24,1999,4.8,209,189,20,7,0,2,9,6,7,3,3,0,154,0,7,ar ARG,"MF,FW",Tigre,Copa de la Liga,24,1999,4.8,21,4.34,13,6,0,1,1,0,0,0.00,0,0,0,0,0,0,ar ARG,"MF,FW",Tigre,Copa de la Liga,24,1999,4.8,10,5,6,3,1,5,15,33.3,10,2,0,2,3,13,3,0,ar ARG,"MF,FW",Tigre,Copa de la Liga,24,1999,4.8,275,2,42,149,91,5,275,22,9,40.9,11,50.0,163,1128,540,18,16,2,9,7,187,16,ar ARG,"MF,FW",Tigre,Copa de la Liga,24,1999,12,435,36,34.5,4.8,3,60,0,9,28,1,0.33,2,8,-6,-1.24,+0.07,5.7,7.6,-1.9,-0.39,+0.52,ar ARG,"MF,FW",Tigre,Copa de la Liga,24,1999,4.8,2,0,0,15,6,2,9,3,5,0,0,0,35,3,7,30.0
Enzo Martín Roldán,ar ARG,MF,Unión,Copa de la Liga,23,2000,5,2,197,2.2,0,0,0,0,0,0,1,0,0.1,0.1,0.1,0.1,2,10,8,0.00,0.00,0.00,0.00,0.00,0.04,0.02,0.07,0.04,0.07,ar ARG,MF,Unión,Copa de la Liga,23,2000,2.2,0,2,2,100.0,0.91,0.91,0.00,0.00,19.6,1,0,0,0.1,0.1,0.05,-0.1,-0.1,ar ARG,MF,Unión,Copa de la Liga,23,2000,2.2,63,88,71.6,963,304,36,43,83.7,22,31,71.0,5,10,50.0,0,0.1,0.0,-0.1,3,2,1,0,10,ar ARG,MF,Unión,Copa de la Liga,23,2000,2.2,88,84,4,2,0,0,5,0,2,1,1,0,63,0,2,ar ARG,MF,Unión,Copa de la Liga,23,2000,2.2,4,1.83,2,1,0,0,1,0,0,0.00,0,0,0,0,0,0,ar ARG,MF,Unión,Copa de la Liga,23,2000,2.2,2,2,0,2,0,2,3,66.7,1,3,0,3,3,5,2,0,ar ARG,MF,Unión,Copa de la Liga,23,2000,2.2,116,1,16,71,32,3,116,6,1,16.7,5,83.3,63,421,180,2,4,1,7,5,71,8,ar ARG,MF,Unión,Copa de la Liga,23,2000,5,197,39,15.6,2.2,2,62,0,3,24,1,1.40,1,3,-2,-0.91,-1.25,1.4,1.7,-0.3,-0.15,-0.11,ar ARG,MF,Unión,Copa de la Liga,23,2000,2.2,1,0,0,4,3,0,5,3,2,0,0,0,18,1,2,33.3
Adrián Martínez,ar ARG,FW,Racing Club,Copa de la Liga,31,1992,14,13,"1,128",12.5,12,1,13,12,0,0,4,0,7.2,7.2,1.0,8.2,15,24,63,0.96,0.08,1.04,0.96,1.04,0.57,0.08,0.65,0.57,0.65,ar ARG,FW,Racing Club,Copa de la Liga,31,1992,12.5,12,29,14,48.3,2.31,1.12,0.41,0.86,12.1,0,0,0,7.2,7.2,0.25,+4.8,+4.8,ar ARG,FW,Racing Club,Copa de la Liga,31,1992,12.5,142,208,68.3,2078,438,84,109,77.1,46,65,70.8,7,12,58.3,1,1.0,1.1,0.0,14,16,3,1,24,ar ARG,FW,Racing Club,Copa de la Liga,31,1992,12.5,208,204,4,0,2,1,4,0,0,0,0,0,142,0,8,ar ARG,FW,Racing Club,Copa de la Liga,31,1992,12.5,29,2.31,23,0,4,1,1,0,5,0.40,2,0,3,0,0,0,ar ARG,FW,Racing Club,Copa de la Liga,31,1992,12.5,7,3,1,2,4,3,7,42.9,4,7,0,7,4,11,9,0,ar ARG,FW,Racing Club,Copa de la Liga,31,1992,12.5,317,9,18,112,191,58,317,10,5,50.0,5,50.0,179,710,369,15,6,11,31,12,226,63,ar ARG,FW,Racing Club,Copa de la Liga,31,1992,14,"1,128",81,89.5,12.5,13,85,9,1,19,0,1.71,22,10,+12,+0.96,+0.28,17.6,11.7,+5.9,+0.47,+0.36,ar ARG,FW,Racing Club,Copa de la Liga,31,1992,12.5,4,0,0,22,8,8,4,4,3,0,0,0,32,11,34,24.4
Alejandro Martínez,ar ARG,"FW,MF",Talleres,Copa de la Liga,26,1997,9,6,546,6.1,1,1,2,1,0,0,0,0,1.0,1.0,0.6,1.6,13,16,53,0.16,0.16,0.33,0.16,0.33,0.16,0.10,0.26,0.16,0.26,ar ARG,"FW,MF",Talleres,Copa de la Liga,26,1997,6.1,1,13,4,30.8,2.14,0.66,0.08,0.25,22.2,0,0,0,1.0,1.0,0.08,0.0,0.0,ar ARG,"FW,MF",Talleres,Copa de la Liga,26,1997,6.1,100,137,73.0,1806,587,45,56,80.4,36,44,81.8,16,24,66.7,1,0.6,0.6,+0.4,12,13,6,3,16,ar ARG,"FW,MF",Talleres,Copa de la Liga,26,1997,6.1,137,124,13,2,0,1,19,2,9,1,6,0,100,0,9,ar ARG,"FW,MF",Talleres,Copa de la Liga,26,1997,6.1,22,3.63,15,3,2,2,0,0,2,0.33,2,0,0,0,0,0,ar ARG,"FW,MF",Talleres,Copa de la Liga,26,1997,6.1,7,6,0,2,5,4,11,36.4,7,10,1,9,1,8,6,0,ar ARG,"FW,MF",Talleres,Copa de la Liga,26,1997,6.1,216,5,14,89,118,16,216,27,8,29.6,18,66.7,141,777,298,13,8,4,20,9,146,53,ar ARG,"FW,MF",Talleres,Copa de la Liga,26,1997,9,546,61,43.3,6.1,6,73,2,3,37,2,1.56,11,9,+2,+0.33,-0.43,6.7,5.9,+0.8,+0.13,-0.57,ar ARG,"FW,MF",Talleres,Copa de la Liga,26,1997,6.1,0,0,0,6,3,1,19,1,6,0,0,0,17,1,5,16.7
Damián Martínez,ar ARG,DF,Rosario Central,Copa de la Liga,34,1990,6,6,490,5.4,0,0,0,0,0,0,4,0,0.0,0.0,0.1,0.1,2,18,15,0.00,0.00,0.00,0.00,0.00,0.00,0.01,0.01,0.00,0.01,ar ARG,DF,Rosario Central,Copa de la Liga,34,1990,5.4,0,1,0,0.0,0.18,0.00,0.00,0,31.2,0,0,0,0.0,0.0,0.01,0.0,0.0,ar ARG,DF,Rosario Central,Copa de la Liga,34,1990,5.4,130,185,70.3,2288,1188,56,63,88.9,66,85,77.6,7,27,25.9,0,0.1,0.1,-0.1,1,14,4,1,18,ar ARG,DF,Rosario Central,Copa de la Liga,34,1990,5.4,185,148,37,0,0,0,5,37,0,0,0,0,130,0,5,ar ARG,DF,Rosario Central,Copa de la Liga,34,1990,5.4,4,0.73,3,1,0,0,0,0,0,0.00,0,0,0,0,0,0,ar ARG,DF,Rosario Central,Copa de la Liga,34,1990,5.4,9,4,7,1,1,2,6,33.3,4,3,1,2,4,13,12,0,ar ARG,DF,Rosario Central,Copa de la Liga,34,1990,5.4,233,17,82,104,49,3,233,4,2,50.0,2,50.0,97,330,183,2,1,1,9,0,118,15,ar ARG,DF,Rosario Central,Copa de la Liga,34,1990,6,490,82,38.9,5.4,6,82,4,0,0,2,1.50,4,7,-3,-0.55,+0.03,4.3,6.9,-2.6,-0.48,+0.09,ar ARG,DF,Rosario Central,Copa de la Liga,34,1990,5.4,4,0,0,7,1,0,5,4,4,0,2,0,14,9,9,50.0
Luca Martínez,mx MEX,FW,Rosario Central,Copa de la Liga,23,2001,10,9,641,7.1,2,0,2,2,0,0,0,0,1.6,1.6,0.0,1.6,1,4,18,0.28,0.00,0.28,0.28,0.28,0.22,0.00,0.22,0.22,0.22,mx MEX,FW,Rosario Central,Copa de la Liga,23,2001,7.1,2,8,4,50.0,1.12,0.56,0.25,0.50,13.9,0,0,0,1.6,1.6,0.20,+0.4,+0.4,mx MEX,FW,Rosario Central,Copa de la Liga,23,2001,7.1,51,79,64.6,633,101,38,48,79.2,10,17,58.8,1,1,100.0,0,0.0,0.1,0.0,1,0,0,0,4,mx MEX,FW,Rosario Central,Copa de la Liga,23,2001,7.1,79,63,15,0,0,1,0,0,0,0,0,0,51,1,4,mx MEX,FW,Rosario Central,Copa de la Liga,23,2001,7.1,3,0.42,2,0,0,0,1,0,0,0.00,0,0,0,0,0,0,mx MEX,FW,Rosario Central,Copa de la Liga,23,2001,7.1,1,0,0,1,0,0,1,0.0,1,10,1,9,2,3,6,0,mx MEX,FW,Rosario Central,Copa de la Liga,23,2001,7.1,159,8,13,92,55,18,159,2,0,0.0,2,100.0,76,268,56,1,1,0,24,13,106,18,mx MEX,FW,Rosario Central,Copa de la Liga,23,2001,10,641,64,50.9,7.1,9,68,1,1,28,1,1.20,7,9,-2,-0.28,+0.59,5.0,7.4,-2.5,-0.35,+0.37,mx MEX,FW,Rosario Central,Copa de la Liga,23,2001,7.1,0,0,0,13,10,1,0,2,0,0,0,0,13,25,49,33.8
Mauricio Martínez,ar ARG,MF,Rosario Central,Copa de la Liga,30,1993,11,5,510,5.7,0,0,0,0,0,0,1,0,0.1,0.1,0.9,1.0,8,32,7,0.00,0.00,0.00,0.00,0.00,0.02,0.16,0.18,0.02,0.18,ar ARG,MF,Rosario Central,Copa de la Liga,30,1993,5.7,0,4,0,0.0,0.71,0.00,0.00,0,25.7,0,0,0,0.1,0.1,0.02,-0.1,-0.1,ar ARG,MF,Rosario Central,Copa de la Liga,30,1993,5.7,235,288,81.6,4820,1193,86,105,81.9,100,113,88.5,43,58,74.1,0,0.9,0.4,-0.9,3,37,2,0,32,ar ARG,MF,Rosario Central,Copa de la Liga,30,1993,5.7,288,273,13,10,1,9,2,3,0,0,0,0,235,2,4,ar ARG,MF,Rosario Central,Copa de la Liga,30,1993,5.7,7,1.24,6,0,0,1,0,0,0,0.00,0,0,0,0,0,0,ar ARG,MF,Rosario Central,Copa de la Liga,30,1993,5.7,13,6,8,4,1,5,9,55.6,4,9,3,6,7,20,7,0,ar ARG,MF,Rosario Central,Copa de la Liga,30,1993,5.7,343,15,88,219,39,2,343,13,8,61.5,2,15.4,220,1196,540,8,3,0,3,9,209,7,ar ARG,MF,Rosario Central,Copa de la Liga,30,1993,11,510,46,40.5,5.7,5,72,2,6,25,1,1.09,4,6,-2,-0.35,+0.37,4.4,7.6,-3.2,-0.56,-0.05,ar ARG,MF,Rosario Central,Copa de la Liga,30,1993,5.7,1,0,0,3,6,0,2,7,6,0,0,0,50,5,3,62.5
Roger Martínez,co COL,FW,Racing Club,Copa de la Liga,29,1994,7,3,317,3.5,2,0,2,2,0,0,0,0,0.9,0.9,0.4,1.3,11,12,30,0.57,0.00,0.57,0.57,0.57,0.25,0.12,0.37,0.25,0.37,co COL,FW,Racing Club,Copa de la Liga,29,1994,3.5,2,10,2,20.0,2.84,0.57,0.20,1.00,16.2,0,0,0,0.9,0.9,0.09,+1.1,+1.1,co COL,FW,Racing Club,Copa de la Liga,29,1994,3.5,57,82,69.5,758,225,37,49,75.5,13,22,59.1,2,2,100.0,0,0.4,0.2,-0.4,3,5,6,0,12,co COL,FW,Racing Club,Copa de la Liga,29,1994,3.5,82,80,1,0,1,0,2,0,0,0,0,0,57,1,2,co COL,FW,Racing Club,Copa de la Liga,29,1994,3.5,12,3.41,8,0,0,1,3,0,0,0.00,0,0,0,0,0,0,co COL,FW,Racing Club,Copa de la Liga,29,1994,3.5,3,2,0,2,1,0,2,0.0,2,5,0,5,1,4,5,0,co COL,FW,Racing Club,Copa de la Liga,29,1994,3.5,130,4,7,54,71,19,130,9,3,33.3,6,66.7,79,480,200,11,2,5,8,2,99,30,co COL,FW,Racing Club,Copa de la Liga,29,1994,7,317,45,25.2,3.5,3,75,2,4,23,2,1.43,4,3,+1,+0.28,-0.86,5.2,3.3,+2.0,+0.55,+0.16,co COL,FW,Racing Club,Copa de la Liga,29,1994,3.5,0,0,0,3,6,1,2,1,2,0,0,0,9,7,19,26.9
Ronaldo Martínez,py PAR,"FW,MF",Platense,Copa de la Liga,27,1996,14,10,769,8.5,1,1,2,1,0,0,3,0,1.6,1.6,1.3,3.0,4,17,49,0.12,0.12,0.23,0.12,0.23,0.19,0.16,0.35,0.19,0.35,py PAR,"FW,MF",Platense,Copa de la Liga,27,1996,8.5,1,15,6,40.0,1.76,0.70,0.07,0.17,16.5,0,0,0,1.6,1.6,0.11,-0.6,-0.6,py PAR,"FW,MF",Platense,Copa de la Liga,27,1996,8.5,94,189,49.7,1278,450,57,99,57.6,31,57,54.4,3,11,27.3,1,1.3,0.9,-0.3,9,7,4,0,17,py PAR,"FW,MF",Platense,Copa de la Liga,27,1996,8.5,189,177,12,0,0,0,2,0,0,0,0,0,94,0,8,py PAR,"FW,MF",Platense,Copa de la Liga,27,1996,8.5,20,2.34,17,0,1,1,1,0,5,0.58,4,0,0,1,0,0,py PAR,"FW,MF",Platense,Copa de la Liga,27,1996,8.5,7,3,3,3,1,3,11,27.3,8,3,2,1,2,9,14,0,py PAR,"FW,MF",Platense,Copa de la Liga,27,1996,8.5,273,20,43,98,137,31,273,11,1,9.1,10,90.9,117,561,159,4,9,1,19,8,184,49,py PAR,"FW,MF",Platense,Copa de la Liga,27,1996,14,769,55,61.0,8.5,10,66,1,4,27,0,1.29,7,10,-3,-0.35,-0.17,8.7,10.2,-1.5,-0.17,-0.38,py PAR,"FW,MF",Platense,Copa de la Liga,27,1996,8.5,3,0,0,8,7,7,2,2,3,0,0,0,25,43,43,50.0
Rubén Martínez,ar ARG,MF,Independiente,Copa de la Liga,19,2004,12,4,443,4.9,0,0,0,0,0,0,2,0,0.1,0.1,0.2,0.3,3,22,3,0.00,0.00,0.00,0.00,0.00,0.02,0.04,0.06,0.02,0.06,ar ARG,MF,Independiente,Copa de la Liga,19,2004,4.9,0,2,0,0.0,0.41,0.00,0.00,0,23.8,0,0,0,0.1,0.1,0.04,-0.1,-0.1,ar ARG,MF,Independiente,Copa de la Liga,19,2004,4.9,186,232,80.2,3373,886,76,89,85.4,85,99,85.9,20,29,69.0,0,0.2,0.2,-0.2,2,17,6,3,22,ar ARG,MF,Independiente,Copa de la Liga,19,2004,4.9,232,228,3,3,0,4,8,0,0,0,0,0,186,1,6,ar ARG,MF,Independiente,Copa de la Liga,19,2004,4.9,9,1.83,8,0,0,1,0,0,2,0.41,1,0,0,1,0,0,ar ARG,MF,Independiente,Copa de la Liga,19,2004,4.9,14,10,10,2,2,4,16,25.0,12,9,3,6,6,20,10,0,ar ARG,MF,Independiente,Copa de la Liga,19,2004,4.9,289,10,60,183,49,5,289,5,1,20.0,2,40.0,167,785,361,3,7,1,5,1,180,3,ar ARG,MF,Independiente,Copa de la Liga,19,2004,12,443,37,35.2,4.9,4,70,2,8,21,2,1.83,4,2,+2,+0.41,+0.19,6.2,3.7,+2.5,+0.52,+0.09,ar ARG,MF,Independiente,Copa de la Liga,19,2004,4.9,2,0,0,7,11,0,8,6,10,0,0,0,29,5,9,35.7
Ángelo Martino,ar ARG,DF,Newell's OB,Copa de la Liga,25,1998,12,12,"1,019",11.3,0,3,3,0,0,0,5,0,0.2,0.2,2.3,2.5,35,36,50,0.00,0.26,0.26,0.00,0.26,0.01,0.21,0.22,0.01,0.22,ar ARG,DF,Newell's OB,Copa de la Liga,25,1998,11.3,0,9,2,22.2,0.79,0.18,0.00,0.00,30.2,0,0,0,0.2,0.2,0.02,-0.2,-0.2,ar ARG,DF,Newell's OB,Copa de la Liga,25,1998,11.3,382,566,67.5,6069,2918,182,225,80.9,163,223,73.1,22,70,31.4,3,2.3,1.4,+0.7,16,29,11,7,36,ar ARG,DF,Newell's OB,Copa de la Liga,25,1998,11.3,566,454,110,1,0,0,47,109,0,0,0,0,382,2,25,ar ARG,DF,Newell's OB,Copa de la Liga,25,1998,11.3,29,2.56,23,1,3,1,1,0,4,0.35,2,0,1,1,0,0,ar ARG,DF,Newell's OB,Copa de la Liga,25,1998,11.3,22,15,15,5,2,12,20,60.0,8,16,3,13,16,38,28,0,ar ARG,DF,Newell's OB,Copa de la Liga,25,1998,11.3,712,33,227,270,222,15,712,34,10,29.4,21,61.8,296,2022,1136,35,26,6,11,12,330,50,ar ARG,DF,Newell's OB,Copa de la Liga,25,1998,12,"1,019",85,80.9,11.3,12,85,8,0,0,0,1.67,11,10,+1,+0.09,+1.21,12.1,9.3,+2.7,+0.24,+1.36,ar ARG,DF,Newell's OB,Copa de la Liga,25,1998,11.3,5,0,0,12,14,0,47,16,15,0,0,0,70,16,16,50.0
Gastón Martirena,uy URU,"DF,MF",Racing Club,Copa de la Liga,24,2000,4,3,217,2.4,0,2,2,0,0,0,1,0,0.1,0.1,0.5,0.6,1,2,10,0.00,0.83,0.83,0.00,0.83,0.05,0.20,0.25,0.05,0.25,uy URU,"DF,MF",Racing Club,Copa de la Liga,24,2000,2.4,0,4,1,25.0,1.66,0.41,0.00,0.00,23.7,0,0,0,0.1,0.1,0.03,-0.1,-0.1,uy URU,"DF,MF",Racing Club,Copa de la Liga,24,2000,2.4,49,78,62.8,1012,309,18,22,81.8,22,32,68.8,8,16,50.0,2,0.5,0.1,+1.5,4,3,3,1,2,uy URU,"DF,MF",Racing Club,Copa de la Liga,24,2000,2.4,78,61,16,1,0,1,8,15,0,0,0,0,49,1,3,uy URU,"DF,MF",Racing Club,Copa de la Liga,24,2000,2.4,4,1.66,3,0,0,0,1,0,1,0.41,1,0,0,0,0,0,uy URU,"DF,MF",Racing Club,Copa de la Liga,24,2000,2.4,8,4,5,3,0,3,7,42.9,4,1,0,1,3,11,3,0,uy URU,"DF,MF",Racing Club,Copa de la Liga,24,2000,2.4,105,5,26,44,36,4,105,3,1,33.3,2,66.7,50,192,100,1,2,1,2,1,52,10,uy URU,"DF,MF",Racing Club,Copa de la Liga,24,2000,4,217,54,17.2,2.4,3,65,1,1,21,8,1.75,5,1,+4,+1.66,+0.88,2.9,2.0,+0.8,+0.35,-0.10,uy URU,"DF,MF",Racing Club,Copa de la Liga,24,2000,2.4,1,0,0,4,4,0,8,3,4,0,0,0,13,3,1,75.0
Emmanuel Más,ar ARG,DF,Ind. Rivadavia,Copa de la Liga,35,1989,10,9,713,7.9,0,1,1,0,0,0,0,0,0.3,0.3,0.1,0.4,5,15,17,0.00,0.13,0.13,0.00,0.13,0.04,0.01,0.05,0.04,0.05,ar ARG,DF,Ind. Rivadavia,Copa de la Liga,35,1989,7.9,0,4,1,25.0,0.50,0.13,0.00,0.00,12.7,0,0,0,0.3,0.3,0.07,-0.3,-0.3,ar ARG,DF,Ind. Rivadavia,Copa de la Liga,35,1989,7.9,220,291,75.6,3291,1394,123,144,85.4,72,93,77.4,14,33,42.4,1,0.1,0.2,+0.9,4,12,6,5,15,ar ARG,DF,Ind. Rivadavia,Copa de la Liga,35,1989,7.9,291,225,65,4,0,1,11,61,0,0,0,0,220,1,6,ar ARG,DF,Ind. Rivadavia,Copa de la Liga,35,1989,7.9,14,1.77,10,4,0,0,0,0,1,0.13,0,1,0,0,0,0,ar ARG,DF,Ind. Rivadavia,Copa de la Liga,35,1989,7.9,5,3,5,0,0,3,10,30.0,7,11,2,9,9,14,26,0,ar ARG,DF,Ind. Rivadavia,Copa de la Liga,35,1989,7.9,368,28,119,149,102,7,368,5,1,20.0,4,80.0,143,674,299,5,9,0,4,5,177,17,ar ARG,DF,Ind. Rivadavia,Copa de la Liga,35,1989,10,713,71,56.6,7.9,9,77,4,1,24,3,0.70,10,14,-4,-0.50,+0.81,5.7,12.3,-6.6,-0.83,-0.41,ar ARG,DF,Ind. Rivadavia,Copa de la Liga,35,1989,7.9,0,0,0,4,8,0,11,9,3,0,0,0,23,12,7,63.2
Franco Mastantuono,ar ARG,"FW,MF",River Plate,Copa de la Liga,16,2007,9,2,292,3.2,0,0,0,0,0,0,0,0,1.0,1.0,0.2,1.1,16,16,36,0.00,0.00,0.00,0.00,0.00,0.29,0.05,0.34,0.29,0.34,ar ARG,"FW,MF",River Plate,Copa de la Liga,16,2007,3.2,0,12,3,25.0,3.70,0.92,0.00,0.00,16.7,1,0,0,1.0,1.0,0.08,-1.0,-1.0,ar ARG,"FW,MF",River Plate,Copa de la Liga,16,2007,3.2,102,129,79.1,1511,419,56,67,83.6,30,37,81.1,8,12,66.7,0,0.2,0.5,-0.2,4,8,7,1,16,ar ARG,"FW,MF",River Plate,Copa de la Liga,16,2007,3.2,129,121,8,4,1,0,6,0,3,1,1,0,102,0,4,ar ARG,"FW,MF",River Plate,Copa de la Liga,16,2007,3.2,15,4.64,7,3,2,2,1,0,0,0.00,0,0,0,0,0,0,ar ARG,"FW,MF",River Plate,Copa de la Liga,16,2007,3.2,8,5,3,3,2,3,5,60.0,2,2,0,2,3,11,1,0,ar ARG,"FW,MF",River Plate,Copa de la Liga,16,2007,3.2,201,1,13,86,105,22,201,27,12,44.4,12,44.4,134,905,440,16,14,9,17,7,152,36,ar ARG,"FW,MF",River Plate,Copa de la Liga,16,2007,9,292,32,23.2,3.2,2,62,0,7,24,3,2.11,1,1,0,0.00,-1.49,5.9,3.7,+2.2,+0.68,-0.38,ar ARG,"FW,MF",River Plate,Copa de la Liga,16,2007,3.2,0,0,0,7,5,1,6,3,5,0,0,0,11,3,5,37.5
Facundo Mater,sy SYR,DF,Barracas Central,Copa de la Liga,25,1998,14,14,"1,233",13.7,0,1,1,0,0,0,3,0,0.7,0.7,0.3,1.0,29,42,22,0.00,0.07,0.07,0.00,0.07,0.05,0.02,0.07,0.05,0.07,sy SYR,DF,Barracas Central,Copa de la Liga,25,1998,13.7,0,4,2,50.0,0.29,0.15,0.00,0.00,14.4,0,0,0,0.7,0.7,0.18,-0.7,-0.7,sy SYR,DF,Barracas Central,Copa de la Liga,25,1998,13.7,456,659,69.2,7422,3766,250,295,84.7,157,221,71.0,40,89,44.9,1,0.3,0.6,+0.7,5,36,8,1,42,sy SYR,DF,Barracas Central,Copa de la Liga,25,1998,13.7,659,476,179,15,3,3,12,164,0,0,0,0,456,4,23,sy SYR,DF,Barracas Central,Copa de la Liga,25,1998,13.7,27,1.97,14,7,1,1,3,1,5,0.36,1,2,0,0,1,1,sy SYR,DF,Barracas Central,Copa de la Liga,25,1998,13.7,45,30,38,6,1,29,52,55.8,23,27,8,19,26,71,55,1,sy SYR,DF,Barracas Central,Copa de la Liga,25,1998,13.7,906,54,346,419,165,10,906,78,35,44.9,35,44.9,389,2509,1259,29,26,4,28,15,379,22,sy SYR,DF,Barracas Central,Copa de la Liga,25,1998,14,"1,233",88,97.9,13.7,14,88,12,0,0,0,1.73,20,13,+7,+0.51,+7.18,15.8,18.2,-2.4,-0.17,+0.71,sy SYR,DF,Barracas Central,Copa de la Liga,25,1998,13.7,3,0,0,13,22,0,12,26,30,0,0,0,96,9,8,52.9
Guillermo Matías Fernández,ar ARG,MF,Boca Juniors,Copa de la Liga,32,1991,9,7,633,7.0,0,0,0,0,0,0,4,0,0.0,0.0,0.1,0.2,6,43,8,0.00,0.00,0.00,0.00,0.00,0.00,0.02,0.02,0.00,0.02,ar ARG,MF,Boca Juniors,Copa de la Liga,32,1991,7.0,0,1,0,0.0,0.14,0.00,0.00,0,22.8,0,0,0,0.0,0.0,0.02,0.0,0.0,ar ARG,MF,Boca Juniors,Copa de la Liga,32,1991,7.0,351,418,84.0,6446,2013,145,162,89.5,156,182,85.7,43,56,76.8,0,0.1,0.2,-0.1,5,32,2,0,43,ar ARG,MF,Boca Juniors,Copa de la Liga,32,1991,7.0,418,392,25,17,0,5,8,2,6,0,5,0,351,1,2,ar ARG,MF,Boca Juniors,Copa de la Liga,32,1991,7.0,16,2.28,13,2,0,0,0,1,0,0.00,0,0,0,0,0,0,ar ARG,MF,Boca Juniors,Copa de la Liga,32,1991,7.0,15,10,8,6,1,6,15,40.0,9,6,1,5,10,25,11,0,ar ARG,MF,Boca Juniors,Copa de la Liga,32,1991,7.0,487,8,106,321,62,2,487,10,5,50.0,2,20.0,233,1140,559,6,9,0,7,4,309,8,ar ARG,MF,Boca Juniors,Copa de la Liga,32,1991,9,633,70,50.2,7.0,7,83,2,2,25,0,2.00,9,1,+8,+1.14,+1.14,10.1,4.1,+5.9,+0.84,+0.43,ar ARG,MF,Boca Juniors,Copa de la Liga,32,1991,7.0,4,0,0,13,6,2,8,10,10,0,0,0,42,3,1,75.0
Diego Matías Rodríguez,ar ARG,GK,Arg Juniors,Copa de la Liga,34,1989,14,14,"1,260",14.0,0,0,0,0,0,0,1,0,0.0,0.0,0.0,0.0,0,0,0,0.00,0.00,0.00,0.00,0.00,0.00,0.00,0.00,0.00,0.00,ar ARG,GK,Arg Juniors,Copa de la Liga,34,1989,14.0,0,0,0,0,0.00,0.00,0,0,0,0,0,0,0.0,0.0,0,0.0,0.0,ar ARG,GK,Arg Juniors,Copa de la Liga,34,1989,14.0,340,477,71.3,10659,7941,27,27,100.0,180,183,98.4,132,265,49.8,0,0.0,0.0,0.0,0,8,0,0,0,ar ARG,GK,Arg Juniors,Copa de la Liga,34,1989,14.0,477,352,124,36,0,0,0,0,0,0,0,0,340,1,0,ar ARG,GK,Arg Juniors,Copa de la Liga,34,1989,14.0,4,0.29,1,3,0,0,0,0,0,0.00,0,0,0,0,0,0,ar ARG,GK,Arg Juniors,Copa de la Liga,34,1989,14.0,0,0,0,0,0,0,1,0.0,1,0,0,0,0,0,5,1,ar ARG,GK,Arg Juniors,Copa de la Liga,34,1989,14.0,507,439,507,0,0,0,507,0,0,0,0,0,297,1641,985,0,0,0,0,0,220,0,ar ARG,GK,Arg Juniors,Copa de la Liga,34,1989,14,"1,260",90,100.0,14.0,14,90,14,0,0,0,1.75,25,14,+11,+0.79,0,18.6,16.7,+2.0,+0.14,0,ar ARG,GK,Arg Juniors,Copa de la Liga,34,1989,14.0,1,0,0,0,2,0,0,0,0,0,0,0,11,4,1,80.0
José Mauri,it ITA,MF,Sarmiento,Copa de la Liga,27,1996,11,10,687,7.6,1,1,2,1,0,0,4,0,0.8,0.8,0.3,1.2,4,23,15,0.13,0.13,0.26,0.13,0.26,0.11,0.04,0.15,0.11,0.15,it ITA,MF,Sarmiento,Copa de la Liga,27,1996,7.6,1,12,4,33.3,1.57,0.52,0.08,0.25,21.4,0,0,0,0.8,0.8,0.07,+0.2,+0.2,it ITA,MF,Sarmiento,Copa de la Liga,27,1996,7.6,196,250,78.4,3523,1040,91,108,84.3,72,85,84.7,26,38,68.4,1,0.3,0.3,+0.7,10,23,2,0,23,it ITA,MF,Sarmiento,Copa de la Liga,27,1996,7.6,250,239,9,5,0,3,5,3,1,0,1,0,196,2,4,it ITA,MF,Sarmiento,Copa de la Liga,27,1996,7.6,14,1.83,11,2,0,1,0,0,1,0.13,1,0,0,0,0,0,it ITA,MF,Sarmiento,Copa de la Liga,27,1996,7.6,23,13,7,15,1,9,28,32.1,19,10,2,8,4,27,5,0,it ITA,MF,Sarmiento,Copa de la Liga,27,1996,7.6,325,8,56,216,57,8,325,5,2,40.0,2,40.0,148,700,351,4,4,0,12,6,188,15,it ITA,MF,Sarmiento,Copa de la Liga,27,1996,11,687,62,54.5,7.6,10,66,1,1,25,0,0.82,6,12,-6,-0.79,-0.16,5.3,9.8,-4.5,-0.59,-0.23,it ITA,MF,Sarmiento,Copa de la Liga,27,1996,7.6,4,0,0,14,7,0,5,4,13,0,0,0,44,4,2,66.7
Guillermo May,uy URU,"FW,MF",Newell's OB,Copa de la Liga,25,1998,12,6,557,6.2,0,1,1,0,0,0,0,0,1.1,1.1,0.9,1.9,10,9,39,0.00,0.16,0.16,0.00,0.16,0.17,0.14,0.31,0.17,0.31,uy URU,"FW,MF",Newell's OB,Copa de la Liga,25,1998,6.2,0,13,0,0.0,2.10,0.00,0.00,0,13.4,0,0,0,1.1,1.1,0.08,-1.1,-1.1,uy URU,"FW,MF",Newell's OB,Copa de la Liga,25,1998,6.2,122,160,76.3,1854,311,58,68,85.3,41,51,80.4,10,15,66.7,1,0.9,0.6,+0.1,7,5,2,1,9,uy URU,"FW,MF",Newell's OB,Copa de la Liga,25,1998,6.2,160,155,5,0,0,4,10,2,0,0,0,0,122,0,7,uy URU,"FW,MF",Newell's OB,Copa de la Liga,25,1998,6.2,13,2.09,9,0,1,1,1,1,2,0.32,1,0,1,0,0,0,uy URU,"FW,MF",Newell's OB,Copa de la Liga,25,1998,6.2,8,8,1,5,2,3,6,50.0,3,5,0,5,3,11,6,0,uy URU,"FW,MF",Newell's OB,Copa de la Liga,25,1998,6.2,244,5,23,112,109,19,244,23,7,30.4,14,60.9,142,858,249,10,7,2,16,8,175,39,uy URU,"FW,MF",Newell's OB,Copa de la Liga,25,1998,12,557,46,44.2,6.2,6,75,2,6,18,2,1.50,5,8,-3,-0.48,-0.61,5.7,6.8,-1.1,-0.18,-0.28,uy URU,"FW,MF",Newell's OB,Copa de la Liga,25,1998,6.2,0,0,0,13,7,3,10,3,8,0,0,0,22,16,25,39.0
Walter Mazzantti,ar ARG,"FW,MF",Huracán,Copa de la Liga,27,1996,12,12,899,10.0,3,1,4,3,0,0,3,1,2.1,2.1,0.7,2.7,30,15,63,0.30,0.10,0.40,0.30,0.40,0.21,0.07,0.27,0.21,0.27,ar ARG,"FW,MF",Huracán,Copa de la Liga,27,1996,10.0,3,16,7,43.8,1.60,0.70,0.19,0.43,12.7,0,0,0,2.1,2.1,0.13,+0.9,+0.9,ar ARG,"FW,MF",Huracán,Copa de la Liga,27,1996,10.0,143,210,68.1,2064,617,85,102,83.3,39,65,60.0,12,21,57.1,1,0.7,1.1,+0.3,8,9,7,3,15,ar ARG,"FW,MF",Huracán,Copa de la Liga,27,1996,10.0,210,204,4,0,0,1,29,4,0,0,0,0,143,2,7,ar ARG,"FW,MF",Huracán,Copa de la Liga,27,1996,10.0,26,2.61,15,1,2,0,8,0,4,0.40,2,0,0,0,2,0,ar ARG,"FW,MF",Huracán,Copa de la Liga,27,1996,10.0,24,15,8,8,8,11,26,42.3,15,15,0,15,4,28,6,0,ar ARG,"FW,MF",Huracán,Copa de la Liga,27,1996,10.0,339,3,45,130,181,30,339,33,12,36.4,20,60.6,221,1806,1020,30,24,6,32,18,243,63,ar ARG,"FW,MF",Huracán,Copa de la Liga,27,1996,12,899,75,71.3,10.0,12,75,2,0,0,0,1.25,12,7,+5,+0.50,+1.75,9.4,11.9,-2.5,-0.25,+0.06,ar ARG,"FW,MF",Huracán,Copa de la Liga,27,1996,10.0,3,1,1,22,28,2,29,4,15,1,0,0,52,3,15,16.7
Cristian Medina,ar ARG,MF,Boca Juniors,Copa de la Liga,21,2002,9,9,686,7.6,2,1,3,2,0,0,5,1,1.5,1.5,0.3,1.8,21,59,28,0.26,0.13,0.39,0.26,0.39,0.20,0.04,0.24,0.20,0.24,ar ARG,MF,Boca Juniors,Copa de la Liga,21,2002,7.6,2,7,6,85.7,0.92,0.79,0.29,0.33,41.5,0,0,0,1.5,1.5,0.22,+0.5,+0.5,ar ARG,MF,Boca Juniors,Copa de la Liga,21,2002,7.6,365,422,86.5,5545,1571,193,212,91.0,145,160,90.6,16,25,64.0,1,0.3,0.5,+0.7,4,43,8,1,59,ar ARG,MF,Boca Juniors,Copa de la Liga,21,2002,7.6,422,407,14,3,1,0,8,3,0,0,0,0,365,1,8,ar ARG,MF,Boca Juniors,Copa de la Liga,21,2002,7.6,17,2.23,12,0,1,2,2,0,3,0.39,1,0,0,1,1,0,ar ARG,MF,Boca Juniors,Copa de la Liga,21,2002,7.6,9,8,2,6,1,4,15,26.7,11,10,2,8,4,13,13,0,ar ARG,MF,Boca Juniors,Copa de la Liga,21,2002,7.6,516,19,101,311,110,14,516,28,12,42.9,14,50.0,307,1530,833,21,15,3,11,15,393,28,ar ARG,MF,Boca Juniors,Copa de la Liga,21,2002,9,686,76,54.4,7.6,9,76,3,0,0,0,1.70,11,10,+1,+0.13,-0.97,9.5,7.0,+2.5,+0.33,-0.65,ar ARG,MF,Boca Juniors,Copa de la Liga,21,2002,7.6,5,1,1,13,10,0,8,4,8,1,0,0,42,0,5,0.0
Sebastián Medina,ar ARG,"DF,MF",Tigre,Copa de la Liga,23,2000,3,2,172,1.9,0,0,0,0,0,0,1,0,0.1,0.1,0.2,0.4,5,4,10,0.00,0.00,0.00,0.00,0.00,0.08,0.11,0.19,0.08,0.19,ar ARG,"DF,MF",Tigre,Copa de la Liga,23,2000,1.9,0,2,1,50.0,1.05,0.52,0.00,0.00,15.5,0,0,0,0.1,0.1,0.07,-0.1,-0.1,ar ARG,"DF,MF",Tigre,Copa de la Liga,23,2000,1.9,39,61,63.9,495,234,24,25,96.0,9,16,56.3,2,8,25.0,0,0.2,0.2,-0.2,1,3,0,0,4,ar ARG,"DF,MF",Tigre,Copa de la Liga,23,2000,1.9,61,51,9,0,0,0,7,8,1,1,0,0,39,1,4,ar ARG,"DF,MF",Tigre,Copa de la Liga,23,2000,1.9,2,1.05,2,0,0,0,0,0,0,0.00,0,0,0,0,0,0,ar ARG,"DF,MF",Tigre,Copa de la Liga,23,2000,1.9,2,1,1,1,0,0,1,0.0,1,2,0,2,2,4,3,0,ar ARG,"DF,MF",Tigre,Copa de la Liga,23,2000,1.9,85,2,15,46,27,5,85,6,2,33.3,4,66.7,44,229,115,5,2,1,6,0,45,10,ar ARG,"DF,MF",Tigre,Copa de la Liga,23,2000,3,172,57,13.7,1.9,2,76,1,1,21,7,0.33,0,3,-3,-1.57,-0.33,1.2,2.2,-1.0,-0.52,+0.24,ar ARG,"DF,MF",Tigre,Copa de la Liga,23,2000,1.9,1,0,0,1,3,0,7,2,1,0,0,0,4,2,4,33.3
Tobías Medina,ar ARG,"MF,FW",San Lorenzo,Copa de la Liga,19,2004,7,3,252,2.8,0,0,0,0,0,0,0,0,0.3,0.3,0.0,0.3,7,19,18,0.00,0.00,0.00,0.00,0.00,0.09,0.01,0.11,0.09,0.11,ar ARG,"MF,FW",San Lorenzo,Copa de la Liga,19,2004,2.8,0,6,1,16.7,2.14,0.36,0.00,0.00,24.0,0,0,0,0.3,0.3,0.04,-0.3,-0.3,ar ARG,"MF,FW",San Lorenzo,Copa de la Liga,19,2004,2.8,83,108,76.9,1196,340,44,49,89.8,25,34,73.5,7,13,53.8,0,0.0,0.1,0.0,2,8,2,0,19,ar ARG,"MF,FW",San Lorenzo,Copa de la Liga,19,2004,2.8,108,95,13,5,0,0,14,2,6,1,3,0,83,0,3,ar ARG,"MF,FW",San Lorenzo,Copa de la Liga,19,2004,2.8,12,4.29,8,1,1,0,2,0,0,0.00,0,0,0,0,0,0,ar ARG,"MF,FW",San Lorenzo,Copa de la Liga,19,2004,2.8,8,5,1,6,1,7,9,77.8,2,2,0,2,0,8,0,0,ar ARG,"MF,FW",San Lorenzo,Copa de la Liga,19,2004,2.8,149,0,10,70,71,4,149,19,6,31.6,11,57.9,89,553,239,7,7,0,4,3,100,18,ar ARG,"MF,FW",San Lorenzo,Copa de la Liga,19,2004,7,252,36,20.0,2.8,3,68,1,4,12,7,1.29,1,3,-2,-0.71,-0.54,1.2,3.0,-1.8,-0.63,-0.83,ar ARG,"MF,FW",San Lorenzo,Copa de la Liga,19,2004,2.8,0,0,0,3,9,0,14,0,5,0,0,0,13,0,2,0.0
Andrés Mehring,ar ARG,GK,Cen. Córdoba–SdE,Copa de la Liga,29,1994,5,5,450,5.0,0,0,0,0,0,0,0,0,0.0,0.0,0.0,0.0,0,0,0,0.00,0.00,0.00,0.00,0.00,0.00,0.00,0.00,0.00,0.00,ar ARG,GK,Cen. Córdoba–SdE,Copa de la Liga,29,1994,5.0,0,0,0,0,0.00,0.00,0,0,0,0,0,0,0.0,0.0,0,0.0,0.0,ar ARG,GK,Cen. Córdoba–SdE,Copa de la Liga,29,1994,5.0,82,128,64.1,2274,1862,19,19,100.0,33,37,89.2,27,69,39.1,0,0.0,0.0,0.0,0,2,0,0,0,ar ARG,GK,Cen. Córdoba–SdE,Copa de la Liga,29,1994,5.0,128,73,55,10,0,0,0,0,0,0,0,0,82,0,0,ar ARG,GK,Cen. Córdoba–SdE,Copa de la Liga,29,1994,5.0,0,0.00,0,0,0,0,0,0,0,0.00,0,0,0,0,0,0,ar ARG,GK,Cen. Córdoba–SdE,Copa de la Liga,29,1994,5.0,1,0,1,0,0,1,1,100.0,0,0,0,0,0,1,4,0,ar ARG,GK,Cen. Córdoba–SdE,Copa de la Liga,29,1994,5.0,145,130,145,0,0,0,145,0,0,0,0,0,62,389,241,0,0,0,1,0,42,0,ar ARG,GK,Cen. Córdoba–SdE,Copa de la Liga,29,1994,5,450,90,35.7,5.0,5,90,5,0,0,3,1.00,4,4,0,0.00,+1.11,4.5,6.9,-2.4,-0.47,+0.46,ar ARG,GK,Cen. Córdoba–SdE,Copa de la Liga,29,1994,5.0,0,0,0,0,2,0,0,0,0,0,0,0,4,2,0,100.0
Juan Meli,ar ARG,DF,Cen. Córdoba–SdE,Copa de la Liga,23,2000,9,5,617,6.9,0,1,1,0,0,0,1,0,0.1,0.1,1.3,1.4,6,41,10,0.00,0.15,0.15,0.00,0.15,0.01,0.19,0.20,0.01,0.20,ar ARG,DF,Cen. Córdoba–SdE,Copa de la Liga,23,2000,6.9,0,4,0,0.0,0.58,0.00,0.00,0,29.5,0,0,0,0.1,0.1,0.02,-0.1,-0.1,ar ARG,DF,Cen. Córdoba–SdE,Copa de la Liga,23,2000,6.9,204,293,69.6,3576,1993,96,118,81.4,80,113,70.8,21,39,53.8,1,1.3,0.3,-0.3,4,34,4,1,41,ar ARG,DF,Cen. Córdoba–SdE,Copa de la Liga,23,2000,6.9,293,218,73,7,0,2,9,66,0,0,0,0,204,2,12,ar ARG,DF,Cen. Córdoba–SdE,Copa de la Liga,23,2000,6.9,8,1.17,5,1,2,0,0,0,3,0.44,2,0,1,0,0,0,ar ARG,DF,Cen. Córdoba–SdE,Copa de la Liga,23,2000,6.9,11,7,8,2,1,4,11,36.4,7,9,2,7,6,17,28,0,ar ARG,DF,Cen. Córdoba–SdE,Copa de la Liga,23,2000,6.9,360,22,110,177,76,5,360,5,3,60.0,2,40.0,130,498,276,6,3,4,5,4,139,10,ar ARG,DF,Cen. Córdoba–SdE,Copa de la Liga,23,2000,9,617,69,49.0,6.9,5,89,4,4,43,4,0.78,3,4,-1,-0.15,+1.11,6.0,8.1,-2.1,-0.31,+0.89,ar ARG,DF,Cen. Córdoba–SdE,Copa de la Liga,23,2000,6.9,1,0,0,6,3,0,9,6,7,0,0,0,37,5,5,50.0
Armando Méndez,uy URU,DF,Newell's OB,Copa de la Liga,27,1996,14,14,"1,203",13.4,0,2,2,0,0,0,3,0,0.3,0.3,1.6,1.9,76,44,65,0.00,0.15,0.15,0.00,0.15,0.02,0.12,0.15,0.02,0.15,uy URU,DF,Newell's OB,Copa de la Liga,27,1996,13.4,0,5,1,20.0,0.37,0.07,0.00,0.00,23.5,0,0,0,0.3,0.3,0.06,-0.3,-0.3,uy URU,DF,Newell's OB,Copa de la Liga,27,1996,13.4,377,505,74.7,5698,2265,215,240,89.6,124,182,68.1,25,51,49.0,2,1.6,1.6,+0.4,10,40,11,9,44,uy URU,DF,Newell's OB,Copa de la Liga,27,1996,13.4,505,384,120,7,0,1,44,113,0,0,0,0,377,1,12,uy URU,DF,Newell's OB,Copa de la Liga,27,1996,13.4,37,2.77,23,5,6,0,3,0,4,0.30,3,1,0,0,0,0,uy URU,DF,Newell's OB,Copa de la Liga,27,1996,13.4,28,19,15,13,0,19,30,63.3,11,28,4,24,12,40,26,0,uy URU,DF,Newell's OB,Copa de la Liga,27,1996,13.4,685,25,160,316,231,16,685,68,36,52.9,25,36.8,343,3395,2378,76,52,7,22,10,359,65,uy URU,DF,Newell's OB,Copa de la Liga,27,1996,14,"1,203",86,95.5,13.4,14,86,11,0,0,0,1.50,13,15,-2,-0.15,-0.15,13.7,13.2,+0.5,+0.03,+1.19,uy URU,DF,Newell's OB,Copa de la Liga,27,1996,13.4,3,0,0,8,21,0,44,12,19,0,0,0,58,10,4,71.4
José Méndez,ar ARG,"MF,FW",Deportivo Riestra,Copa de la Liga,30,1993,6,0,205,2.3,0,2,2,0,0,0,2,0,0.5,0.5,1.1,1.6,8,8,18,0.00,0.88,0.88,0.00,0.88,0.23,0.47,0.69,0.23,0.69,ar ARG,"MF,FW",Deportivo Riestra,Copa de la Liga,30,1993,2.3,0,4,2,50.0,1.76,0.88,0.00,0.00,22.0,0,0,0,0.5,0.5,0.13,-0.5,-0.5,ar ARG,"MF,FW",Deportivo Riestra,Copa de la Liga,30,1993,2.3,40,62,64.5,683,260,19,23,82.6,14,21,66.7,5,14,35.7,2,1.1,0.7,+0.9,7,2,8,3,8,ar ARG,"MF,FW",Deportivo Riestra,Copa de la Liga,30,1993,2.3,62,57,5,1,0,0,8,2,2,0,2,0,40,0,2,ar ARG,"MF,FW",Deportivo Riestra,Copa de la Liga,30,1993,2.3,11,4.83,8,2,1,0,0,0,2,0.88,2,0,0,0,0,0,ar ARG,"MF,FW",Deportivo Riestra,Copa de la Liga,30,1993,2.3,5,3,2,2,1,3,5,60.0,2,2,0,2,1,6,2,0,ar ARG,"MF,FW",Deportivo Riestra,Copa de la Liga,30,1993,2.3,94,0,16,31,51,3,94,10,4,40.0,5,50.0,57,463,199,8,5,2,7,5,56,18,ar ARG,"MF,FW",Deportivo Riestra,Copa de la Liga,30,1993,6,205,34,16.3,2.3,0,0,0,6,34,2,1.33,2,1,+1,+0.44,+1.21,2.3,2.8,-0.5,-0.22,+0.67,ar ARG,"MF,FW",Deportivo Riestra,Copa de la Liga,30,1993,2.3,2,0,0,5,4,0,8,1,3,0,0,0,13,0,2,0.0
Mauro Méndez,uy URU,"FW,MF",Estudiantes–LP,Copa de la Liga,25,1999,9,5,428,4.8,3,1,4,3,0,0,1,0,2.9,2.9,0.4,3.3,4,8,31,0.63,0.21,0.84,0.63,0.84,0.61,0.08,0.70,0.61,0.70,uy URU,"FW,MF",Estudiantes–LP,Copa de la Liga,25,1999,4.8,3,15,6,40.0,3.15,1.26,0.20,0.50,13.0,0,0,0,2.9,2.9,0.19,+0.1,+0.1,uy URU,"FW,MF",Estudiantes–LP,Copa de la Liga,25,1999,4.8,67,79,84.8,1017,145,30,33,90.9,29,30,96.7,3,3,100.0,1,0.4,0.3,+0.6,5,5,2,0,8,uy URU,"FW,MF",Estudiantes–LP,Copa de la Liga,25,1999,4.8,79,66,13,1,0,1,3,6,0,0,0,0,67,0,3,uy URU,"FW,MF",Estudiantes–LP,Copa de la Liga,25,1999,4.8,9,1.89,6,0,0,1,2,0,1,0.21,1,0,0,0,0,0,uy URU,"FW,MF",Estudiantes–LP,Copa de la Liga,25,1999,4.8,4,4,2,2,0,2,3,66.7,1,1,0,1,0,4,1,0,uy URU,"FW,MF",Estudiantes–LP,Copa de la Liga,25,1999,4.8,140,1,9,60,71,26,140,4,2,50.0,1,25.0,77,289,93,4,1,3,20,9,96,31,uy URU,"FW,MF",Estudiantes–LP,Copa de la Liga,25,1999,9,428,48,34.0,4.8,5,66,0,4,25,5,1.45,5,5,0,0.00,-1.08,7.6,3.5,+4.1,+0.87,+0.42,uy URU,"FW,MF",Estudiantes–LP,Copa de la Liga,25,1999,4.8,1,0,0,2,10,1,3,0,4,0,0,0,13,4,11,26.7
Miguel Merentiel,uy URU,FW,Boca Juniors,Copa de la Liga,27,1996,14,11,"1,013",11.3,4,1,5,4,0,0,1,0,5.5,5.5,2.1,7.6,17,25,73,0.36,0.09,0.44,0.36,0.44,0.49,0.18,0.67,0.49,0.67,uy URU,FW,Boca Juniors,Copa de la Liga,27,1996,11.3,4,27,9,33.3,2.40,0.80,0.15,0.44,15.1,1,0,0,5.5,5.5,0.20,-1.5,-1.5,uy URU,FW,Boca Juniors,Copa de la Liga,27,1996,11.3,159,226,70.4,2066,488,81,107,75.7,42,60,70.0,9,13,69.2,1,2.1,1.4,-1.1,16,8,10,2,25,uy URU,FW,Boca Juniors,Copa de la Liga,27,1996,11.3,226,217,7,0,3,1,11,0,0,0,0,0,159,2,5,uy URU,FW,Boca Juniors,Copa de la Liga,27,1996,11.3,22,1.95,19,0,1,1,1,0,2,0.18,1,0,1,0,0,0,uy URU,FW,Boca Juniors,Copa de la Liga,27,1996,11.3,5,2,0,4,1,2,8,25.0,6,10,1,9,2,7,5,0,uy URU,FW,Boca Juniors,Copa de la Liga,27,1996,11.3,317,7,15,137,171,47,317,19,11,57.9,8,42.1,173,990,464,17,13,6,18,6,230,73,uy URU,FW,Boca Juniors,Copa de la Liga,27,1996,14,"1,013",72,80.4,11.3,11,83,5,3,35,0,1.81,14,7,+7,+0.62,+0.26,16.0,8.3,+7.7,+0.68,+0.29,uy URU,FW,Boca Juniors,Copa de la Liga,27,1996,11.3,1,0,0,6,9,5,11,2,2,0,0,0,25,5,10,33.3
Nicolás Meriano,ar ARG,DF,Belgrano,Copa de la Liga,23,2000,13,12,"1,034",11.5,1,0,1,1,0,0,4,0,0.2,0.2,0.3,0.5,3,34,3,0.09,0.00,0.09,0.09,0.09,0.02,0.03,0.04,0.02,0.04,ar ARG,DF,Belgrano,Copa de la Liga,23,2000,11.5,1,6,1,16.7,0.52,0.09,0.17,1.00,18.6,0,0,0,0.2,0.2,0.03,+0.8,+0.8,ar ARG,DF,Belgrano,Copa de la Liga,23,2000,11.5,398,529,75.2,8340,3848,112,132,84.8,219,264,83.0,61,109,56.0,0,0.3,0.2,-0.3,5,26,2,2,34,ar ARG,DF,Belgrano,Copa de la Liga,23,2000,11.5,529,482,47,10,0,3,2,36,0,0,0,0,398,0,13,ar ARG,DF,Belgrano,Copa de la Liga,23,2000,11.5,16,1.39,14,1,0,1,0,0,0,0.00,0,0,0,0,0,0,ar ARG,DF,Belgrano,Copa de la Liga,23,2000,11.5,26,14,16,10,0,13,27,48.1,14,12,4,8,11,37,54,0,ar ARG,DF,Belgrano,Copa de la Liga,23,2000,11.5,660,61,318,308,39,9,660,2,0,0.0,2,100.0,284,1476,954,3,0,0,4,1,343,3,ar ARG,DF,Belgrano,Copa de la Liga,23,2000,13,"1,034",80,82.1,11.5,12,86,10,1,1,1,1.08,18,18,0,0.00,+0.80,14.3,14.3,+0.1,+0.01,+0.47,ar ARG,DF,Belgrano,Copa de la Liga,23,2000,11.5,4,0,0,12,2,0,2,11,14,0,0,0,37,32,16,66.7
Eric Meza,ar ARG,DF,Estudiantes–LP,Copa de la Liga,24,1999,9,7,495,5.5,0,1,1,0,0,0,3,0,0.3,0.3,1.0,1.2,16,21,61,0.00,0.18,0.18,0.00,0.18,0.05,0.17,0.22,0.05,0.22,ar ARG,DF,Estudiantes–LP,Copa de la Liga,24,1999,5.5,0,7,1,14.3,1.27,0.18,0.00,0.00,25.5,0,0,0,0.3,0.3,0.04,-0.3,-0.3,ar ARG,DF,Estudiantes–LP,Copa de la Liga,24,1999,5.5,252,353,71.4,4409,1424,114,124,91.9,107,144,74.3,26,62,41.9,1,1.0,1.0,0.0,10,14,8,4,21,ar ARG,DF,Estudiantes–LP,Copa de la Liga,24,1999,5.5,353,287,65,0,0,5,31,65,0,0,0,0,252,1,12,ar ARG,DF,Estudiantes–LP,Copa de la Liga,24,1999,5.5,23,4.17,16,2,2,0,2,1,1,0.18,1,0,0,0,0,0,ar ARG,DF,Estudiantes–LP,Copa de la Liga,24,1999,5.5,14,10,9,5,0,6,11,54.5,5,5,1,4,5,19,11,0,ar ARG,DF,Estudiantes–LP,Copa de la Liga,24,1999,5.5,433,13,97,181,155,12,433,28,10,35.7,16,57.1,219,1339,688,16,24,3,11,3,259,61,ar ARG,DF,Estudiantes–LP,Copa de la Liga,24,1999,9,495,55,39.3,5.5,7,65,3,2,20,4,2.00,8,5,+3,+0.55,-0.28,5.8,3.0,+2.8,+0.51,-0.14,ar ARG,DF,Estudiantes–LP,Copa de la Liga,24,1999,5.5,3,0,0,5,7,1,31,5,10,0,0,0,26,3,2,60.0
Fernando Meza,ar ARG,DF,Arg Juniors,Copa de la Liga,33,1990,10,7,605,6.7,0,0,0,0,0,0,2,0,0.1,0.1,0.2,0.3,1,24,12,0.00,0.00,0.00,0.00,0.00,0.02,0.02,0.04,0.02,0.04,ar ARG,DF,Arg Juniors,Copa de la Liga,33,1990,6.7,0,2,1,50.0,0.30,0.15,0.00,0.00,8.5,0,0,0,0.1,0.1,0.06,-0.1,-0.1,ar ARG,DF,Arg Juniors,Copa de la Liga,33,1990,6.7,238,327,72.8,3972,1779,114,136,83.8,103,133,77.4,16,41,39.0,0,0.2,0.3,-0.2,4,13,3,1,24,ar ARG,DF,Arg Juniors,Copa de la Liga,33,1990,6.7,327,254,73,6,0,2,7,65,0,0,0,0,238,0,6,ar ARG,DF,Arg Juniors,Copa de la Liga,33,1990,6.7,11,1.66,7,1,0,1,1,1,2,0.30,2,0,0,0,0,0,ar ARG,DF,Arg Juniors,Copa de la Liga,33,1990,6.7,8,4,4,2,2,4,6,66.7,2,6,2,4,4,12,19,0,ar ARG,DF,Arg Juniors,Copa de la Liga,33,1990,6.7,380,32,140,184,58,6,380,2,1,50.0,1,50.0,166,665,372,1,2,0,5,2,197,12,ar ARG,DF,Arg Juniors,Copa de la Liga,33,1990,10,605,61,48.0,6.7,7,75,5,3,28,4,1.80,10,10,0,0.00,-1.51,7.9,8.7,-0.7,-0.11,-0.48,ar ARG,DF,Arg Juniors,Copa de la Liga,33,1990,6.7,2,0,0,10,2,0,7,4,4,0,0,0,25,18,6,75.0
Matko Miljevic,us USA,"MF,FW",Newell's OB,Copa de la Liga,22,2001,4,0,57,0.6,0,0,0,0,0,0,0,0,0.0,0.0,0.0,0.0,6,4,2,0.00,0.00,0.00,0.00,0.00,0.04,0.00,0.04,0.04,0.04,us USA,"MF,FW",Newell's OB,Copa de la Liga,22,2001,0.6,0,1,0,0.0,1.58,0.00,0.00,0,26.3,0,0,0,0.0,0.0,0.02,0.0,0.0,us USA,"MF,FW",Newell's OB,Copa de la Liga,22,2001,0.6,17,24,70.8,307,88,8,10,80.0,5,7,71.4,4,6,66.7,0,0.0,0.0,0.0,0,1,0,0,4,us USA,"MF,FW",Newell's OB,Copa de la Liga,22,2001,0.6,24,19,5,4,0,0,5,1,0,0,0,0,17,0,0,us USA,"MF,FW",Newell's OB,Copa de la Liga,22,2001,0.6,1,1.58,0,0,0,1,0,0,0,0.00,0,0,0,0,0,0,us USA,"MF,FW",Newell's OB,Copa de la Liga,22,2001,0.6,3,2,1,0,2,2,5,40.0,3,2,1,1,1,4,0,0,us USA,"MF,FW",Newell's OB,Copa de la Liga,22,2001,0.6,35,1,8,12,16,0,35,1,0,0.0,1,100.0,18,206,133,6,1,0,2,3,21,2,us USA,"MF,FW",Newell's OB,Copa de la Liga,22,2001,4,57,14,4.5,0.6,0,0,0,4,14,3,1.00,2,3,-1,-1.58,-1.50,1.0,1.8,-0.8,-1.30,-1.34,us USA,"MF,FW",Newell's OB,Copa de la Liga,22,2001,0.6,0,0,0,2,4,0,5,1,2,0,0,0,5,2,2,50.0
Federico Milo,ar ARG,DF,Gimnasia–LP,Copa de la Liga,32,1992,10,4,428,4.8,0,2,2,0,0,0,1,0,0.2,0.2,0.9,1.1,12,14,18,0.00,0.42,0.42,0.00,0.42,0.04,0.20,0.24,0.04,0.24,ar ARG,DF,Gimnasia–LP,Copa de la Liga,32,1992,4.8,0,6,1,16.7,1.26,0.21,0.00,0.00,24.4,1,0,0,0.2,0.2,0.03,-0.2,-0.2,ar ARG,DF,Gimnasia–LP,Copa de la Liga,32,1992,4.8,144,227,63.4,2286,1258,72,92,78.3,61,97,62.9,8,28,28.6,2,0.9,0.6,+1.1,7,7,4,2,14,ar ARG,DF,Gimnasia–LP,Copa de la Liga,32,1992,4.8,227,163,64,4,0,0,22,56,4,0,4,0,144,0,6,ar ARG,DF,Gimnasia–LP,Copa de la Liga,32,1992,4.8,14,2.94,5,6,1,1,0,1,2,0.42,1,1,0,0,0,0,ar ARG,DF,Gimnasia–LP,Copa de la Liga,32,1992,4.8,12,10,4,5,3,7,10,70.0,3,5,3,2,10,22,15,0,ar ARG,DF,Gimnasia–LP,Copa de la Liga,32,1992,4.8,300,17,86,128,90,7,300,19,5,26.3,14,73.7,123,854,400,12,13,2,7,4,130,18,ar ARG,DF,Gimnasia–LP,Copa de la Liga,32,1992,10,428,43,34.0,4.8,4,75,2,6,21,3,1.20,7,8,-1,-0.21,+0.22,6.4,9.2,-2.8,-0.59,-0.21,ar ARG,DF,Gimnasia–LP,Copa de la Liga,32,1992,4.8,1,0,0,10,11,0,22,10,10,0,0,0,31,7,2,77.8
Dardo Miloc,ar ARG,"MF,DF",Cen. Córdoba–SdE,Copa de la Liga,33,1990,12,12,"1,035",11.5,1,0,1,1,0,0,3,0,0.3,0.3,0.2,0.6,2,31,2,0.09,0.00,0.09,0.09,0.09,0.03,0.02,0.05,0.03,0.05,ar ARG,"MF,DF",Cen. Córdoba–SdE,Copa de la Liga,33,1990,11.5,1,2,1,50.0,0.17,0.09,0.50,1.00,5.8,0,0,0,0.3,0.3,0.16,+0.7,+0.7,ar ARG,"MF,DF",Cen. Córdoba–SdE,Copa de la Liga,33,1990,11.5,393,494,79.6,7537,2685,141,171,82.5,205,238,86.1,44,68,64.7,0,0.2,0.1,-0.2,4,23,1,0,31,ar ARG,"MF,DF",Cen. Córdoba–SdE,Copa de la Liga,33,1990,11.5,494,470,22,18,0,4,0,0,0,0,0,0,393,2,8,ar ARG,"MF,DF",Cen. Córdoba–SdE,Copa de la Liga,33,1990,11.5,8,0.70,6,0,0,0,1,1,0,0.00,0,0,0,0,0,0,ar ARG,"MF,DF",Cen. Córdoba–SdE,Copa de la Liga,33,1990,11.5,25,14,13,10,2,13,25,52.0,12,18,7,11,28,53,18,0,ar ARG,"MF,DF",Cen. Córdoba–SdE,Copa de la Liga,33,1990,11.5,608,62,265,317,33,5,608,3,2,66.7,1,33.3,284,1161,588,2,5,0,10,4,315,2,ar ARG,"MF,DF",Cen. Córdoba–SdE,Copa de la Liga,33,1990,12,"1,035",86,82.1,11.5,12,86,11,0,0,2,0.92,9,17,-8,-0.70,+0.10,8.9,18.0,-9.1,-0.79,-0.14,ar ARG,"MF,DF",Cen. Córdoba–SdE,Copa de la Liga,33,1990,11.5,3,0,0,16,8,1,0,28,14,0,1,0,57,15,17,46.9
Delfor Minervino,ar ARG,DF,Deportivo Riestra,Copa de la Liga,27,1996,6,4,346,3.8,0,0,0,0,0,0,0,0,0.1,0.1,0.0,0.1,1,4,4,0.00,0.00,0.00,0.00,0.00,0.02,0.00,0.02,0.02,0.02,ar ARG,DF,Deportivo Riestra,Copa de la Liga,27,1996,3.8,0,3,0,0.0,0.78,0.00,0.00,0,27.7,0,0,0,0.1,0.1,0.02,-0.1,-0.1,ar ARG,DF,Deportivo Riestra,Copa de la Liga,27,1996,3.8,47,97,48.5,1018,645,15,19,78.9,22,35,62.9,10,34,29.4,0,0.0,0.0,0.0,1,4,1,0,4,ar ARG,DF,Deportivo Riestra,Copa de la Liga,27,1996,3.8,97,58,39,0,0,0,2,39,0,0,0,0,47,0,8,ar ARG,DF,Deportivo Riestra,Copa de la Liga,27,1996,3.8,2,0.52,1,1,0,0,0,0,0,0.00,0,0,0,0,0,0,ar ARG,DF,Deportivo Riestra,Copa de la Liga,27,1996,3.8,14,9,10,3,1,9,16,56.3,7,4,1,3,3,17,28,0,ar ARG,DF,Deportivo Riestra,Copa de la Liga,27,1996,3.8,158,25,73,51,35,1,158,1,1,100.0,0,0.0,37,171,57,1,1,0,5,3,33,4,ar ARG,DF,Deportivo Riestra,Copa de la Liga,27,1996,6,346,58,27.5,3.8,4,81,3,2,11,2,1.33,4,3,+1,+0.26,+1.15,3.3,5.0,-1.7,-0.44,+0.48,ar ARG,DF,Deportivo Riestra,Copa de la Liga,27,1996,3.8,0,0,0,2,6,0,2,3,9,0,0,0,9,5,7,41.7
Pablo Minissale,ar ARG,DF,Cen. Córdoba–SdE,Copa de la Liga,23,2001,10,9,813,9.0,0,0,0,0,0,0,2,0,0.0,0.0,0.2,0.2,9,29,3,0.00,0.00,0.00,0.00,0.00,0.00,0.02,0.02,0.00,0.02,ar ARG,DF,Cen. Córdoba–SdE,Copa de la Liga,23,2001,9.0,0,1,0,0.0,0.11,0.00,0.00,0,14.8,0,0,0,0.0,0.0,0.01,0.0,0.0,ar ARG,DF,Cen. Córdoba–SdE,Copa de la Liga,23,2001,9.0,274,370,74.1,5962,2880,85,94,90.4,140,172,81.4,45,94,47.9,0,0.2,0.6,-0.2,1,23,3,0,29,ar ARG,DF,Cen. Córdoba–SdE,Copa de la Liga,23,2001,9.0,370,338,32,12,0,4,2,13,0,0,0,0,274,0,3,ar ARG,DF,Cen. Córdoba–SdE,Copa de la Liga,23,2001,9.0,3,0.33,3,0,0,0,0,0,0,0.00,0,0,0,0,0,0,ar ARG,DF,Cen. Córdoba–SdE,Copa de la Liga,23,2001,9.0,20,14,17,3,0,11,20,55.0,9,15,5,10,7,27,31,1,ar ARG,DF,Cen. Córdoba–SdE,Copa de la Liga,23,2001,9.0,451,60,267,171,15,5,451,0,0,0,0,0,246,1345,952,9,1,0,9,2,263,3,ar ARG,DF,Cen. Córdoba–SdE,Copa de la Liga,23,2001,10,813,81,64.5,9.0,9,88,7,1,22,2,0.80,5,12,-7,-0.77,-0.17,7.0,12.7,-5.7,-0.63,+0.39,ar ARG,DF,Cen. Córdoba–SdE,Copa de la Liga,23,2001,9.0,2,0,0,7,0,0,2,7,14,0,0,1,34,9,11,45.0
Mariano Miño,ar ARG,MF,Belgrano,Copa de la Liga,29,1994,1,1,45,0.5,0,0,0,0,0,0,0,0,0.0,0.0,0.0,0.0,1,4,2,0.00,0.00,0.00,0.00,0.00,0.00,0.00,0.00,0.00,0.00,ar ARG,MF,Belgrano,Copa de la Liga,29,1994,0.5,0,0,0,0,0.00,0.00,0,0,0,0,0,0,0.0,0.0,0,0.0,0.0,ar ARG,MF,Belgrano,Copa de la Liga,29,1994,0.5,11,14,78.6,164,70,5,6,83.3,4,6,66.7,1,1,100.0,0,0.0,0.0,0.0,0,2,1,1,4,ar ARG,MF,Belgrano,Copa de la Liga,29,1994,0.5,14,14,0,0,0,0,1,0,0,0,0,0,11,0,0,ar ARG,MF,Belgrano,Copa de la Liga,29,1994,0.5,0,0.00,0,0,0,0,0,0,0,0.00,0,0,0,0,0,0,ar ARG,MF,Belgrano,Copa de la Liga,29,1994,0.5,3,1,2,1,0,3,6,50.0,3,1,0,1,0,3,0,0,ar ARG,MF,Belgrano,Copa de la Liga,29,1994,0.5,24,0,3,16,5,0,24,2,0,0.0,2,100.0,10,42,26,1,0,0,3,0,14,2,ar ARG,MF,Belgrano,Copa de la Liga,29,1994,1,45,45,3.6,0.5,1,45,0,0,0,2,0.00,0,0,0,0.00,+0.15,0.0,0.1,-0.1,-0.24,-0.17,ar ARG,MF,Belgrano,Copa de la Liga,29,1994,0.5,0,0,0,1,1,0,1,0,1,0,0,0,3,0,0,0
Leonel Miranda,ar ARG,MF,Racing Club,Copa de la Liga,30,1994,10,3,370,4.1,0,1,1,0,0,0,0,0,0.4,0.4,0.2,0.6,0,28,9,0.00,0.24,0.24,0.00,0.24,0.09,0.06,0.14,0.09,0.14,ar ARG,MF,Racing Club,Copa de la Liga,30,1994,4.1,0,3,1,33.3,0.73,0.24,0.00,0.00,16.4,0,0,0,0.4,0.4,0.12,-0.4,-0.4,ar ARG,MF,Racing Club,Copa de la Liga,30,1994,4.1,223,267,83.5,3605,1112,112,130,86.2,85,98,86.7,17,20,85.0,1,0.2,0.4,+0.8,3,20,4,0,28,ar ARG,MF,Racing Club,Copa de la Liga,30,1994,4.1,267,256,11,5,1,0,3,3,2,0,0,0,223,0,6,ar ARG,MF,Racing Club,Copa de la Liga,30,1994,4.1,9,2.19,8,0,0,1,0,0,1,0.24,1,0,0,0,0,0,ar ARG,MF,Racing Club,Copa de la Liga,30,1994,4.1,11,6,2,7,2,5,9,55.6,4,4,1,3,2,13,4,0,ar ARG,MF,Racing Club,Copa de la Liga,30,1994,4.1,302,6,49,206,47,2,302,7,3,42.9,3,42.9,147,467,183,0,3,0,2,4,203,9,ar ARG,MF,Racing Club,Copa de la Liga,30,1994,10,370,37,29.4,4.1,3,70,0,7,23,2,1.70,11,6,+5,+1.22,+0.41,4.7,4.2,+0.5,+0.13,-0.43,ar ARG,MF,Racing Club,Copa de la Liga,30,1994,4.1,0,0,0,3,4,0,3,2,6,0,0,0,33,2,3,40.0
Matías Miranda,ar ARG,MF,Gimnasia–LP,Copa de la Liga,23,2000,2,0,19,0.2,0,0,0,0,0,0,0,0,0.0,0.0,0.0,0.1,1,6,0,0.00,0.00,0.00,0.00,0.00,0.20,0.17,0.37,0.20,0.37,ar ARG,MF,Gimnasia–LP,Copa de la Liga,23,2000,0.2,0,2,0,0.0,9.47,0.00,0.00,0,31.9,1,0,0,0.0,0.0,0.02,0.0,0.0,ar ARG,MF,Gimnasia–LP,Copa de la Liga,23,2000,0.2,9,16,56.3,119,74,5,7,71.4,4,7,57.1,0,1,0.0,0,0.0,0.0,0.0,1,3,0,0,6,ar ARG,MF,Gimnasia–LP,Copa de la Liga,23,2000,0.2,16,15,1,1,0,0,0,0,0,0,0,0,9,0,1,ar ARG,MF,Gimnasia–LP,Copa de la Liga,23,2000,0.2,1,4.74,1,0,0,0,0,0,0,0.00,0,0,0,0,0,0,ar ARG,MF,Gimnasia–LP,Copa de la Liga,23,2000,0.2,0,0,0,0,0,0,0,0,0,1,0,1,1,1,0,0,ar ARG,MF,Gimnasia–LP,Copa de la Liga,23,2000,0.2,21,0,0,17,4,0,21,1,1,100.0,0,0.0,12,90,60,1,0,0,0,0,11,0,ar ARG,MF,Gimnasia–LP,Copa de la Liga,23,2000,2,19,10,1.5,0.2,0,0,0,2,10,5,1.50,1,0,+1,+4.74,+5.17,0.6,0.6,0.0,+0.03,+0.49,ar ARG,MF,Gimnasia–LP,Copa de la Liga,23,2000,0.2,0,0,0,0,1,0,0,1,0,0,0,0,3,1,0,100.0
Agustín Módica,ar ARG,"FW,DF",Rosario Central,Copa de la Liga,21,2003,4,0,42,0.5,0,0,0,0,0,0,2,0,0.5,0.5,0.0,0.5,0,1,4,0.00,0.00,0.00,0.00,0.00,1.13,0.00,1.13,1.13,1.13,ar ARG,"FW,DF",Rosario Central,Copa de la Liga,21,2003,0.5,0,1,1,100.0,2.14,2.14,0.00,0.00,6.6,0,0,0,0.5,0.5,0.54,-0.5,-0.5,ar ARG,"FW,DF",Rosario Central,Copa de la Liga,21,2003,0.5,3,8,37.5,32,14,3,6,50.0,0,1,0.0,0,0,0,0,0.0,0.0,0.0,0,1,0,0,1,ar ARG,"FW,DF",Rosario Central,Copa de la Liga,21,2003,0.5,8,8,0,0,0,0,0,0,0,0,0,0,3,0,0,ar ARG,"FW,DF",Rosario Central,Copa de la Liga,21,2003,0.5,0,0.00,0,0,0,0,0,0,0,0.00,0,0,0,0,0,0,ar ARG,"FW,DF",Rosario Central,Copa de la Liga,21,2003,0.5,3,2,1,1,1,2,3,66.7,1,0,0,0,0,3,1,0,ar ARG,"FW,DF",Rosario Central,Copa de la Liga,21,2003,0.5,20,2,3,8,9,1,20,3,0,0.0,3,100.0,11,24,6,0,0,0,2,1,18,4,ar ARG,"FW,DF",Rosario Central,Copa de la Liga,21,2003,4,42,11,3.3,0.5,0,0,0,4,11,10,1.75,0,0,0,0.00,+0.59,0.9,0.8,+0.1,+0.18,+0.74,ar ARG,"FW,DF",Rosario Central,Copa de la Liga,21,2003,0.5,2,0,0,3,0,1,0,0,2,0,0,0,2,3,0,100.0
Agustín Molina,ar ARG,"MF,FW",Sarmiento,Copa de la Liga,17,2006,6,0,97,1.1,1,0,1,1,0,0,0,0,0.1,0.1,0.1,0.3,3,1,11,0.93,0.00,0.93,0.93,0.93,0.13,0.12,0.26,0.13,0.26,ar ARG,"MF,FW",Sarmiento,Copa de la Liga,17,2006,1.1,1,2,1,50.0,1.86,0.93,0.50,1.00,20.1,0,0,0,0.1,0.1,0.07,+0.9,+0.9,ar ARG,"MF,FW",Sarmiento,Copa de la Liga,17,2006,1.1,9,15,60.0,135,28,5,7,71.4,4,6,66.7,0,0,0,0,0.1,0.2,-0.1,2,1,2,1,1,ar ARG,"MF,FW",Sarmiento,Copa de la Liga,17,2006,1.1,15,15,0,0,1,0,2,0,0,0,0,0,9,0,2,ar ARG,"MF,FW",Sarmiento,Copa de la Liga,17,2006,1.1,5,5.00,3,0,2,0,0,0,2,2.00,0,0,2,0,0,0,ar ARG,"MF,FW",Sarmiento,Copa de la Liga,17,2006,1.1,2,2,0,0,2,1,3,33.3,2,0,0,0,1,3,0,0,ar ARG,"MF,FW",Sarmiento,Copa de la Liga,17,2006,1.1,43,0,3,17,26,4,43,15,6,40.0,9,60.0,27,196,78,3,4,2,9,2,27,11,ar ARG,"MF,FW",Sarmiento,Copa de la Liga,17,2006,6,97,16,7.7,1.1,0,0,0,6,16,2,0.50,2,1,+1,+0.93,+1.78,0.8,1.5,-0.7,-0.75,-0.28,ar ARG,"MF,FW",Sarmiento,Copa de la Liga,17,2006,1.1,0,0,0,1,2,0,2,1,2,0,0,0,10,1,2,33.3
Tomás Molina,ar ARG,FW,Cen. Córdoba–SdE,Copa de la Liga,28,1995,12,11,859,9.5,2,1,3,2,0,0,1,0,2.0,2.0,0.4,2.4,15,12,58,0.21,0.10,0.31,0.21,0.31,0.20,0.05,0.25,0.20,0.25,ar ARG,FW,Cen. Córdoba–SdE,Copa de la Liga,28,1995,9.5,2,19,7,36.8,1.99,0.73,0.11,0.29,14.9,0,0,0,2.0,2.0,0.10,0.0,0.0,ar ARG,FW,Cen. Córdoba–SdE,Copa de la Liga,28,1995,9.5,116,194,59.8,1729,243,68,98,69.4,34,53,64.2,9,15,60.0,1,0.4,0.4,+0.6,4,9,2,1,12,ar ARG,FW,Cen. Córdoba–SdE,Copa de la Liga,28,1995,9.5,194,166,25,1,1,3,8,4,0,0,0,0,116,3,10,ar ARG,FW,Cen. Córdoba–SdE,Copa de la Liga,28,1995,9.5,16,1.68,12,0,2,1,1,0,2,0.21,2,0,0,0,0,0,ar ARG,FW,Cen. Córdoba–SdE,Copa de la Liga,28,1995,9.5,8,5,0,6,2,3,10,30.0,7,6,0,6,0,8,5,0,ar ARG,FW,Cen. Córdoba–SdE,Copa de la Liga,28,1995,9.5,317,5,16,168,136,49,317,45,18,40.0,26,57.8,190,998,394,15,14,11,28,22,224,58,ar ARG,FW,Cen. Córdoba–SdE,Copa de la Liga,28,1995,12,859,72,68.2,9.5,11,76,3,1,22,0,0.92,9,14,-5,-0.52,+0.60,7.0,14.5,-7.5,-0.78,-0.05,ar ARG,FW,Cen. Córdoba–SdE,Copa de la Liga,28,1995,9.5,1,0,0,5,11,4,8,0,5,0,0,0,27,32,33,49.2
Tomás Molina,ar ARG,FW,Talleres,Copa de la Liga,28,1995,1,0,19,0.2,0,0,0,0,0,0,0,0,0.0,0.0,0.0,0.0,1,0,0,0.00,0.00,0.00,0.00,0.00,0.00,0.00,0.00,0.00,0.00,ar ARG,FW,Cen. Córdoba–SdE,Copa de la Liga,28,1995,9.5,2,19,7,36.8,1.99,0.73,0.11,0.29,14.9,0,0,0,2.0,2.0,0.10,0.0,0.0,ar ARG,FW,Cen. Córdoba–SdE,Copa de la Liga,28,1995,9.5,116,194,59.8,1729,243,68,98,69.4,34,53,64.2,9,15,60.0,1,0.4,0.4,+0.6,4,9,2,1,12,ar ARG,FW,Cen. Córdoba–SdE,Copa de la Liga,28,1995,9.5,194,166,25,1,1,3,8,4,0,0,0,0,116,3,10,ar ARG,FW,Cen. Córdoba–SdE,Copa de la Liga,28,1995,9.5,16,1.68,12,0,2,1,1,0,2,0.21,2,0,0,0,0,0,ar ARG,FW,Cen. Córdoba–SdE,Copa de la Liga,28,1995,9.5,8,5,0,6,2,3,10,30.0,7,6,0,6,0,8,5,0,ar ARG,FW,Cen. Córdoba–SdE,Copa de la Liga,28,1995,9.5,317,5,16,168,136,49,317,45,18,40.0,26,57.8,190,998,394,15,14,11,28,22,224,58,ar ARG,FW,Cen. Córdoba–SdE,Copa de la Liga,28,1995,12,859,72,68.2,9.5,11,76,3,1,22,0,0.92,9,14,-5,-0.52,+0.60,7.0,14.5,-7.5,-0.78,-0.05,ar ARG,FW,Cen. Córdoba–SdE,Copa de la Liga,28,1995,9.5,1,0,0,5,11,4,8,0,5,0,0,0,27,32,33,49.2
Manuel Mónaco,ar ARG,"MF,FW",Sarmiento,Copa de la Liga,21,2002,12,7,639,7.1,0,1,1,0,0,0,2,0,0.9,0.9,0.7,1.6,24,16,42,0.00,0.14,0.14,0.00,0.14,0.12,0.10,0.22,0.12,0.22,ar ARG,"MF,FW",Sarmiento,Copa de la Liga,21,2002,7.1,0,13,3,23.1,1.83,0.42,0.00,0.00,18.4,0,0,0,0.9,0.9,0.07,-0.9,-0.9,ar ARG,"MF,FW",Sarmiento,Copa de la Liga,21,2002,7.1,80,167,47.9,1439,550,40,58,69.0,28,56,50.0,10,27,37.0,1,0.7,0.6,+0.3,5,13,5,2,16,ar ARG,"MF,FW",Sarmiento,Copa de la Liga,21,2002,7.1,167,159,5,1,2,1,23,2,2,1,1,0,80,3,13,ar ARG,"MF,FW",Sarmiento,Copa de la Liga,21,2002,7.1,19,2.68,13,0,3,1,1,1,2,0.28,1,0,0,0,0,1,ar ARG,"MF,FW",Sarmiento,Copa de la Liga,21,2002,7.1,8,5,2,4,2,3,14,21.4,11,8,0,8,3,11,7,0,ar ARG,"MF,FW",Sarmiento,Copa de la Liga,21,2002,7.1,256,3,35,123,111,19,256,30,12,40.0,15,50.0,143,1045,554,24,14,4,17,7,157,42,ar ARG,"MF,FW",Sarmiento,Copa de la Liga,21,2002,12,639,53,50.7,7.1,7,74,3,5,25,2,0.67,5,12,-7,-0.99,-0.55,5.8,10.0,-4.2,-0.59,-0.22,ar ARG,"MF,FW",Sarmiento,Copa de la Liga,21,2002,7.1,2,0,0,7,13,1,23,3,5,0,0,0,37,8,16,33.3
Fernando Monetti,ar ARG,GK,Sarmiento,Copa de la Liga,34,1989,14,14,"1,260",14.0,0,0,0,0,0,0,1,0,0.0,0.0,0.0,0.0,0,0,0,0.00,0.00,0.00,0.00,0.00,0.00,0.00,0.00,0.00,0.00,ar ARG,GK,Sarmiento,Copa de la Liga,34,1989,14.0,0,0,0,0,0.00,0.00,0,0,0,0,0,0,0.0,0.0,0,0.0,0.0,ar ARG,GK,Sarmiento,Copa de la Liga,34,1989,14.0,228,381,59.8,7545,5921,31,31,100.0,97,99,98.0,100,251,39.8,0,0.0,0.0,0.0,0,9,0,0,0,ar ARG,GK,Sarmiento,Copa de la Liga,34,1989,14.0,381,216,165,34,0,0,0,0,0,0,0,0,228,0,0,ar ARG,GK,Sarmiento,Copa de la Liga,34,1989,14.0,1,0.07,0,1,0,0,0,0,0,0.00,0,0,0,0,0,0,ar ARG,GK,Sarmiento,Copa de la Liga,34,1989,14.0,0,0,0,0,0,0,0,0,0,0,0,0,1,1,3,2,ar ARG,GK,Sarmiento,Copa de la Liga,34,1989,14.0,403,329,399,5,0,0,403,0,0,0,0,0,186,1226,743,0,0,0,1,0,112,0,ar ARG,GK,Sarmiento,Copa de la Liga,34,1989,14,"1,260",90,100.0,14.0,14,90,14,0,0,0,0.64,9,19,-10,-0.71,0,9.9,16.7,-6.8,-0.49,0,ar ARG,GK,Sarmiento,Copa de la Liga,34,1989,14.0,1,0,0,0,2,0,0,1,0,0,0,0,18,2,0,100.0
Pablo Monje,ar ARG,MF,Deportivo Riestra,Copa de la Liga,26,1997,1,0,10,0.1,0,0,0,0,0,0,0,0,0.0,0.0,0.0,0.0,0,1,0,0.00,0.00,0.00,0.00,0.00,0.00,0.00,0.00,0.00,0.00,ar ARG,MF,Deportivo Riestra,Copa de la Liga,26,1997,0.1,0,0,0,0,0.00,0.00,0,0,0,0,0,0,0.0,0.0,0,0.0,0.0,ar ARG,MF,Deportivo Riestra,Copa de la Liga,26,1997,0.1,5,9,55.6,80,11,3,4,75.0,1,2,50.0,1,1,100.0,0,0.0,0.0,0.0,0,0,0,0,1,ar ARG,MF,Deportivo Riestra,Copa de la Liga,26,1997,0.1,9,9,0,0,0,0,0,0,0,0,0,0,5,0,2,ar ARG,MF,Deportivo Riestra,Copa de la Liga,26,1997,0.1,0,0.00,0,0,0,0,0,0,0,0.00,0,0,0,0,0,0,ar ARG,MF,Deportivo Riestra,Copa de la Liga,26,1997,0.1,0,0,0,0,0,0,0,0,0,1,1,0,2,2,1,0,ar ARG,MF,Deportivo Riestra,Copa de la Liga,26,1997,0.1,12,2,5,8,0,0,12,0,0,0,0,0,7,35,6,0,0,0,0,0,4,0,ar ARG,MF,Deportivo Riestra,Copa de la Liga,26,1997,1,10,10,0.8,0.1,0,0,0,1,10,4,0.00,0,0,0,0.00,+0.58,0.0,0.1,-0.1,-0.93,-0.15,ar ARG,MF,Deportivo Riestra,Copa de la Liga,26,1997,0.1,0,0,0,0,0,0,0,2,0,0,0,0,3,0,0,0
Mariano Monllor,ar ARG,GK,Ind. Rivadavia,Copa de la Liga,34,1989,2,2,180,2.0,0,0,0,0,0,0,0,0,0.0,0.0,0.0,0.0,0,0,0,0.00,0.00,0.00,0.00,0.00,0.00,0.00,0.00,0.00,0.00,ar ARG,GK,Ind. Rivadavia,Copa de la Liga,34,1989,2.0,0,0,0,0,0.00,0.00,0,0,0,0,0,0,0.0,0.0,0,0.0,0.0,ar ARG,GK,Ind. Rivadavia,Copa de la Liga,34,1989,2.0,48,88,54.5,1748,1409,7,7,100.0,14,16,87.5,27,64,42.2,0,0.0,0.0,0.0,0,3,0,0,0,ar ARG,GK,Ind. Rivadavia,Copa de la Liga,34,1989,2.0,88,54,34,11,0,0,0,0,0,0,0,0,48,0,1,ar ARG,GK,Ind. Rivadavia,Copa de la Liga,34,1989,2.0,1,0.50,0,1,0,0,0,0,0,0.00,0,0,0,0,0,0,ar ARG,GK,Ind. Rivadavia,Copa de la Liga,34,1989,2.0,0,0,0,0,0,0,0,0,0,0,0,0,0,0,1,1,ar ARG,GK,Ind. Rivadavia,Copa de la Liga,34,1989,2.0,96,75,96,0,0,0,96,0,0,0,0,0,51,357,202,0,0,0,0,0,32,0,ar ARG,GK,Ind. Rivadavia,Copa de la Liga,34,1989,2,180,90,14.3,2.0,2,90,2,0,0,12,0.50,1,2,-1,-0.50,+0.42,1.5,2.9,-1.4,-0.71,-0.07,ar ARG,GK,Ind. Rivadavia,Copa de la Liga,34,1989,2.0,0,0,0,0,0,0,0,0,0,0,0,0,4,1,0,100.0
Lisandro Montenegro,ar ARG,"MF,DF",Platense,Copa de la Liga,20,2003,8,3,365,4.1,0,0,0,0,0,0,1,0,0.4,0.4,0.4,0.8,10,14,15,0.00,0.00,0.00,0.00,0.00,0.09,0.10,0.19,0.09,0.19,ar ARG,"MF,DF",Platense,Copa de la Liga,20,2003,4.1,0,3,2,66.7,0.74,0.49,0.00,0.00,19.0,0,0,0,0.4,0.4,0.12,-0.4,-0.4,ar ARG,"MF,DF",Platense,Copa de la Liga,20,2003,4.1,68,128,53.1,1115,468,37,55,67.3,26,34,76.5,4,21,19.0,0,0.4,0.5,-0.4,3,15,0,0,14,ar ARG,"MF,DF",Platense,Copa de la Liga,20,2003,4.1,128,119,6,0,0,2,11,4,2,0,2,0,68,3,11,ar ARG,"MF,DF",Platense,Copa de la Liga,20,2003,4.1,10,2.47,3,2,2,0,1,2,0,0.00,0,0,0,0,0,0,ar ARG,"MF,DF",Platense,Copa de la Liga,20,2003,4.1,13,9,2,10,1,5,12,41.7,7,0,0,0,2,15,5,0,ar ARG,"MF,DF",Platense,Copa de la Liga,20,2003,4.1,185,5,34,104,47,6,185,17,8,47.1,8,47.1,103,639,354,10,6,2,9,3,103,15,ar ARG,"MF,DF",Platense,Copa de la Liga,20,2003,8,365,46,29.0,4.1,3,66,0,5,33,2,1.50,2,4,-2,-0.49,-0.29,5.9,3.4,+2.5,+0.62,+0.90,ar ARG,"MF,DF",Platense,Copa de la Liga,20,2003,4.1,1,0,0,7,5,0,11,2,9,0,0,0,25,1,3,25.0
Marcos Montiel,uy URU,MF,Godoy Cruz,Copa de la Liga,28,1995,5,3,243,2.7,0,0,0,0,0,0,0,0,0.8,0.8,0.1,0.8,2,7,10,0.00,0.00,0.00,0.00,0.00,0.28,0.03,0.31,0.28,0.31,uy URU,MF,Godoy Cruz,Copa de la Liga,28,1995,2.7,0,11,6,54.5,4.07,2.22,0.00,0.00,19.1,0,0,0,0.8,0.8,0.07,-0.8,-0.8,uy URU,MF,Godoy Cruz,Copa de la Liga,28,1995,2.7,50,67,74.6,884,340,23,29,79.3,19,24,79.2,7,10,70.0,0,0.1,0.0,-0.1,1,6,0,0,7,uy URU,MF,Godoy Cruz,Copa de la Liga,28,1995,2.7,67,63,4,2,0,0,3,2,0,0,0,0,50,0,3,uy URU,MF,Godoy Cruz,Copa de la Liga,28,1995,2.7,8,2.95,5,0,0,3,0,0,0,0.00,0,0,0,0,0,0,uy URU,MF,Godoy Cruz,Copa de la Liga,28,1995,2.7,4,3,2,2,0,2,7,28.6,5,2,0,2,1,5,7,0,uy URU,MF,Godoy Cruz,Copa de la Liga,28,1995,2.7,109,8,26,47,36,12,109,5,1,20.0,4,80.0,34,112,72,2,0,0,2,3,55,10,uy URU,MF,Godoy Cruz,Copa de la Liga,28,1995,5,243,49,19.3,2.7,3,78,2,2,4,1,2.60,1,0,+1,+0.37,-0.43,2.6,2.5,+0.1,+0.05,-0.34,uy URU,MF,Godoy Cruz,Copa de la Liga,28,1995,2.7,0,0,0,4,0,0,3,1,3,0,0,0,12,6,3,66.7
Santiago Montiel,ar ARG,"MF,FW",Arg Juniors,Copa de la Liga,23,2000,10,1,288,3.2,2,0,2,2,0,0,2,0,0.8,0.8,0.3,1.1,17,4,15,0.62,0.00,0.62,0.62,0.62,0.24,0.09,0.33,0.24,0.33,ar ARG,"MF,FW",Arg Juniors,Copa de la Liga,23,2000,3.2,2,11,6,54.5,3.44,1.87,0.18,0.33,20.7,1,0,0,0.8,0.8,0.07,+1.2,+1.2,ar ARG,"MF,FW",Arg Juniors,Copa de la Liga,23,2000,3.2,64,96,66.7,883,224,38,47,80.9,19,26,73.1,3,9,33.3,0,0.3,0.1,-0.3,5,6,1,0,4,ar ARG,"MF,FW",Arg Juniors,Copa de la Liga,23,2000,3.2,96,89,7,2,0,0,7,0,5,2,1,0,64,0,6,ar ARG,"MF,FW",Arg Juniors,Copa de la Liga,23,2000,3.2,13,4.05,5,2,4,0,2,0,2,0.62,0,0,2,0,0,0,ar ARG,"MF,FW",Arg Juniors,Copa de la Liga,23,2000,3.2,10,4,4,6,0,5,13,38.5,8,6,0,6,2,12,3,1,ar ARG,"MF,FW",Arg Juniors,Copa de la Liga,23,2000,3.2,168,7,32,95,52,11,168,28,18,64.3,9,32.1,101,779,445,17,11,6,15,7,92,15,ar ARG,"MF,FW",Arg Juniors,Copa de la Liga,23,2000,10,288,29,22.9,3.2,1,70,0,9,24,1,1.33,4,4,0,0.00,-1.02,3.6,4.2,-0.6,-0.20,-0.44,ar ARG,"MF,FW",Arg Juniors,Copa de la Liga,23,2000,3.2,2,0,0,3,11,0,7,2,4,0,0,0,26,1,2,33.3
Álvaro Montoro,ar ARG,FW,Vélez Sarsfield,Copa de la Liga,16,2007,6,0,91,1.0,0,1,1,0,0,0,1,0,0.1,0.1,0.3,0.4,7,7,14,0.00,0.99,0.99,0.00,0.99,0.12,0.30,0.42,0.12,0.42,ar ARG,FW,Vélez Sarsfield,Copa de la Liga,16,2007,1.0,0,3,0,0.0,2.97,0.00,0.00,0,20.7,0,0,0,0.1,0.1,0.04,-0.1,-0.1,ar ARG,FW,Vélez Sarsfield,Copa de la Liga,16,2007,1.0,30,40,75.0,420,154,16,17,94.1,11,15,73.3,0,3,0.0,1,0.3,0.5,+0.7,3,5,2,0,7,ar ARG,FW,Vélez Sarsfield,Copa de la Liga,16,2007,1.0,40,38,2,0,0,0,5,0,2,0,1,0,30,0,2,ar ARG,FW,Vélez Sarsfield,Copa de la Liga,16,2007,1.0,10,10.00,8,0,0,0,2,0,2,2.00,2,0,0,0,0,0,ar ARG,FW,Vélez Sarsfield,Copa de la Liga,16,2007,1.0,1,1,1,0,0,0,2,0.0,2,2,0,2,2,3,0,0,ar ARG,FW,Vélez Sarsfield,Copa de la Liga,16,2007,1.0,49,1,2,22,27,5,49,3,2,66.7,1,33.3,33,283,187,7,4,1,0,0,33,14,ar ARG,FW,Vélez Sarsfield,Copa de la Liga,16,2007,6,91,15,7.2,1.0,0,0,0,6,15,5,2.00,3,0,+3,+2.97,+3.12,1.9,0.4,+1.5,+1.51,+1.25,ar ARG,FW,Vélez Sarsfield,Copa de la Liga,16,2007,1.0,1,0,0,1,2,0,5,2,1,0,0,0,11,0,1,0.0
Lautaro Montoya,ar ARG,DF,Cen. Córdoba–SdE,Copa de la Liga,29,1994,2,2,135,1.5,0,0,0,0,0,0,0,0,0.0,0.0,0.0,0.0,1,2,7,0.00,0.00,0.00,0.00,0.00,0.00,0.03,0.03,0.00,0.03,ar ARG,DF,Cen. Córdoba–SdE,Copa de la Liga,29,1994,1.5,0,0,0,0,0.00,0.00,0,0,0,0,0,0,0.0,0.0,0,0.0,0.0,ar ARG,DF,Cen. Córdoba–SdE,Copa de la Liga,29,1994,1.5,26,47,55.3,500,174,11,17,64.7,10,17,58.8,4,11,36.4,0,0.0,0.0,0.0,1,1,0,0,2,ar ARG,DF,Cen. Córdoba–SdE,Copa de la Liga,29,1994,1.5,47,36,11,1,0,0,2,10,0,0,0,0,26,0,1,ar ARG,DF,Cen. Córdoba–SdE,Copa de la Liga,29,1994,1.5,2,1.33,1,1,0,0,0,0,0,0.00,0,0,0,0,0,0,ar ARG,DF,Cen. Córdoba–SdE,Copa de la Liga,29,1994,1.5,3,3,1,2,0,2,3,66.7,1,1,0,1,3,6,2,0,ar ARG,DF,Cen. Córdoba–SdE,Copa de la Liga,29,1994,1.5,63,3,15,37,12,0,63,3,0,0.0,3,100.0,26,113,67,1,1,0,2,1,26,7,ar ARG,DF,Cen. Córdoba–SdE,Copa de la Liga,29,1994,2,135,68,10.7,1.5,2,68,1,0,0,0,0.00,0,3,-3,-2.00,-1.44,0.9,2.3,-1.4,-0.96,-0.22,ar ARG,DF,Cen. Córdoba–SdE,Copa de la Liga,29,1994,1.5,0,0,0,0,1,1,2,3,3,0,0,0,4,0,1,0.0
Walter Montoya,ar ARG,MF,Cen. Córdoba–SdE,Copa de la Liga,30,1993,10,3,305,3.4,0,0,0,0,0,0,0,0,0.2,0.2,0.1,0.2,5,19,4,0.00,0.00,0.00,0.00,0.00,0.05,0.02,0.07,0.05,0.07,ar ARG,MF,Cen. Córdoba–SdE,Copa de la Liga,30,1993,3.4,0,6,1,16.7,1.77,0.30,0.00,0.00,28.2,2,0,0,0.2,0.2,0.03,-0.2,-0.2,ar ARG,MF,Cen. Córdoba–SdE,Copa de la Liga,30,1993,3.4,125,162,77.2,2415,690,51,57,89.5,51,64,79.7,19,34,55.9,0,0.1,0.2,-0.1,3,17,0,0,19,ar ARG,MF,Cen. Córdoba–SdE,Copa de la Liga,30,1993,3.4,162,142,20,11,0,3,11,1,8,1,6,0,125,0,3,ar ARG,MF,Cen. Córdoba–SdE,Copa de la Liga,30,1993,3.4,11,3.25,7,1,1,0,2,0,0,0.00,0,0,0,0,0,0,ar ARG,MF,Cen. Córdoba–SdE,Copa de la Liga,30,1993,3.4,5,2,4,1,0,0,9,0.0,9,1,0,1,6,11,3,0,ar ARG,MF,Cen. Córdoba–SdE,Copa de la Liga,30,1993,3.4,201,1,34,122,48,0,201,7,3,42.9,4,57.1,113,531,228,5,3,0,3,6,121,4,ar ARG,MF,Cen. Córdoba–SdE,Copa de la Liga,30,1993,10,305,31,24.2,3.4,3,56,0,7,20,4,0.80,2,6,-4,-1.18,-0.61,2.3,7.5,-5.3,-1.55,-1.03,ar ARG,MF,Cen. Córdoba–SdE,Copa de la Liga,30,1993,3.4,0,0,0,2,18,0,11,6,2,0,0,0,23,2,3,40.0
Florián Monzón,ar ARG,"FW,MF",Cen. Córdoba–SdE,Copa de la Liga,23,2001,13,11,961,10.7,2,0,2,2,0,0,2,0,1.4,1.4,1.0,2.4,7,24,56,0.19,0.00,0.19,0.19,0.19,0.13,0.09,0.22,0.13,0.22,ar ARG,"FW,MF",Cen. Córdoba–SdE,Copa de la Liga,23,2001,10.7,2,16,5,31.3,1.50,0.47,0.13,0.40,16.9,0,0,0,1.4,1.4,0.09,+0.6,+0.6,ar ARG,"FW,MF",Cen. Córdoba–SdE,Copa de la Liga,23,2001,10.7,146,245,59.6,2132,544,85,123,69.1,37,63,58.7,12,20,60.0,0,1.0,1.3,-1.0,13,18,6,1,24,ar ARG,"FW,MF",Cen. Córdoba–SdE,Copa de la Liga,23,2001,10.7,245,233,12,1,1,2,7,2,0,0,0,0,146,0,16,ar ARG,"FW,MF",Cen. Córdoba–SdE,Copa de la Liga,23,2001,10.7,26,2.43,16,0,2,1,5,2,1,0.09,0,0,0,0,1,0,ar ARG,"FW,MF",Cen. Córdoba–SdE,Copa de la Liga,23,2001,10.7,13,12,0,10,3,2,7,28.6,5,11,0,11,5,18,20,0,ar ARG,"FW,MF",Cen. Córdoba–SdE,Copa de la Liga,23,2001,10.7,374,19,37,180,164,38,374,12,7,58.3,5,41.7,221,929,283,7,10,3,36,21,266,56,ar ARG,"FW,MF",Cen. Córdoba–SdE,Copa de la Liga,23,2001,13,961,74,76.3,10.7,11,79,6,2,47,0,0.85,8,18,-10,-0.94,-0.94,8.7,16.9,-8.2,-0.77,+0.01,ar ARG,"FW,MF",Cen. Córdoba–SdE,Copa de la Liga,23,2001,10.7,2,0,0,11,18,5,7,5,12,0,0,0,24,16,33,32.7
Agustín Morales,ar ARG,"MF,DF",Cen. Córdoba–SdE,Copa de la Liga,24,1999,3,2,120,1.3,0,0,0,0,0,0,0,0,0.0,0.0,0.0,0.0,1,2,9,0.00,0.00,0.00,0.00,0.00,0.00,0.00,0.00,0.00,0.00,ar ARG,"MF,DF",Cen. Córdoba–SdE,Copa de la Liga,24,1999,1.3,0,0,0,0,0.00,0.00,0,0,0,0,0,0,0.0,0.0,0,0.0,0.0,ar ARG,"MF,DF",Cen. Córdoba–SdE,Copa de la Liga,24,1999,1.3,11,17,64.7,192,123,5,7,71.4,4,8,50.0,2,2,100.0,0,0.0,0.0,0.0,0,2,0,0,2,ar ARG,"MF,DF",Cen. Córdoba–SdE,Copa de la Liga,24,1999,1.3,17,15,2,0,0,0,2,2,0,0,0,0,11,0,0,ar ARG,"MF,DF",Cen. Córdoba–SdE,Copa de la Liga,24,1999,1.3,0,0.00,0,0,0,0,0,0,0,0.00,0,0,0,0,0,0,ar ARG,"MF,DF",Cen. Córdoba–SdE,Copa de la Liga,24,1999,1.3,1,1,1,0,0,1,4,25.0,3,1,0,1,0,1,2,0,ar ARG,"MF,DF",Cen. Córdoba–SdE,Copa de la Liga,24,1999,1.3,32,0,6,8,18,3,32,6,1,16.7,5,83.3,20,117,41,1,2,0,2,1,23,9,ar ARG,"MF,DF",Cen. Córdoba–SdE,Copa de la Liga,24,1999,3,120,40,9.5,1.3,2,57,0,1,7,1,0.33,0,2,-2,-1.50,-0.87,0.5,1.7,-1.2,-0.90,-0.14,ar ARG,"MF,DF",Cen. Córdoba–SdE,Copa de la Liga,24,1999,1.3,0,0,0,1,2,0,2,0,1,0,0,0,0,0,3,0.0
Iván Morales Bravo,cl CHI,FW,Sarmiento,Copa de la Liga,24,1999,8,8,594,6.6,0,1,1,0,0,0,1,0,1.1,1.1,0.7,1.8,8,9,40,0.00,0.15,0.15,0.00,0.15,0.17,0.11,0.28,0.17,0.28,cl CHI,FW,Sarmiento,Copa de la Liga,24,1999,6.6,0,9,4,44.4,1.36,0.61,0.00,0.00,15.5,0,0,0,1.1,1.1,0.12,-1.1,-1.1,cl CHI,FW,Sarmiento,Copa de la Liga,24,1999,6.6,73,100,73.0,1014,168,42,51,82.4,20,24,83.3,5,8,62.5,1,0.7,0.9,+0.3,4,3,1,0,9,cl CHI,FW,Sarmiento,Copa de la Liga,24,1999,6.6,100,88,11,1,1,1,4,0,0,0,0,0,73,1,9,cl CHI,FW,Sarmiento,Copa de la Liga,24,1999,6.6,11,1.67,9,0,1,1,0,0,2,0.30,2,0,0,0,0,0,cl CHI,FW,Sarmiento,Copa de la Liga,24,1999,6.6,3,1,0,2,1,1,5,20.0,4,2,1,1,0,3,3,0,cl CHI,FW,Sarmiento,Copa de la Liga,24,1999,6.6,181,3,9,88,90,22,181,30,8,26.7,20,66.7,113,758,238,8,11,7,29,12,135,40,cl CHI,FW,Sarmiento,Copa de la Liga,24,1999,8,594,74,47.1,6.6,8,74,3,0,0,0,0.63,5,9,-4,-0.61,+0.20,5.7,5.7,0.0,0.00,+0.93,cl CHI,FW,Sarmiento,Copa de la Liga,24,1999,6.6,1,0,0,11,3,2,4,0,1,0,0,0,22,2,25,7.4
Gonzalo Morales,ar ARG,FW,Unión,Copa de la Liga,20,2003,9,5,354,3.9,1,0,1,1,0,0,0,0,1.4,1.4,0.1,1.5,6,8,16,0.25,0.00,0.25,0.25,0.25,0.35,0.02,0.37,0.35,0.37,ar ARG,FW,Unión,Copa de la Liga,20,2003,3.9,1,12,3,25.0,3.05,0.76,0.08,0.33,12.3,0,0,0,1.4,1.4,0.11,-0.4,-0.4,ar ARG,FW,Unión,Copa de la Liga,20,2003,3.9,31,51,60.8,493,135,15,23,65.2,13,15,86.7,2,4,50.0,0,0.1,0.1,-0.1,1,3,2,0,8,ar ARG,FW,Unión,Copa de la Liga,20,2003,3.9,51,42,9,0,0,0,3,0,0,0,0,0,31,0,5,ar ARG,FW,Unión,Copa de la Liga,20,2003,3.9,5,1.27,4,0,0,1,0,0,0,0.00,0,0,0,0,0,0,ar ARG,FW,Unión,Copa de la Liga,20,2003,3.9,1,1,0,0,1,0,0,0,0,1,1,0,0,1,5,0,ar ARG,FW,Unión,Copa de la Liga,20,2003,3.9,80,3,5,34,42,19,80,0,0,0,0,0,53,275,108,6,4,5,9,7,56,16,ar ARG,FW,Unión,Copa de la Liga,20,2003,9,354,39,28.1,3.9,5,59,0,4,14,5,1.22,4,5,-1,-0.25,-0.55,4.4,3.4,+1.0,+0.26,+0.43,ar ARG,FW,Unión,Copa de la Liga,20,2003,3.9,0,0,0,1,8,1,3,0,1,0,0,0,7,3,6,33.3
Lautaro Morales,ar ARG,GK,Talleres,Copa de la Liga,24,1999,1,1,90,1.0,0,0,0,0,0,0,0,0,0.0,0.0,0.0,0.0,0,0,0,0.00,0.00,0.00,0.00,0.00,0.00,0.00,0.00,0.00,0.00,ar ARG,GK,Talleres,Copa de la Liga,24,1999,1.0,0,0,0,0,0.00,0.00,0,0,0,0,0,0,0.0,0.0,0,0.0,0.0,ar ARG,GK,Talleres,Copa de la Liga,24,1999,1.0,27,33,81.8,802,532,2,2,100.0,14,14,100.0,11,17,64.7,0,0.0,0.0,0.0,0,1,0,0,0,ar ARG,GK,Talleres,Copa de la Liga,24,1999,1.0,33,27,6,1,0,0,0,0,0,0,0,0,27,0,0,ar ARG,GK,Talleres,Copa de la Liga,24,1999,1.0,0,0.00,0,0,0,0,0,0,0,0.00,0,0,0,0,0,0,ar ARG,GK,Talleres,Copa de la Liga,24,1999,1.0,0,0,0,0,0,0,0,0,0,0,0,0,0,0,0,0,ar ARG,GK,Talleres,Copa de la Liga,24,1999,1.0,33,24,33,0,0,0,33,0,0,0,0,0,20,92,64,0,0,0,0,0,19,0,ar ARG,GK,Talleres,Copa de la Liga,24,1999,1,90,90,7.1,1.0,1,90,1,0,0,13,1.00,1,1,0,0.00,-0.62,0.8,1.1,-0.2,-0.24,-0.75,ar ARG,GK,Talleres,Copa de la Liga,24,1999,1.0,0,0,0,0,1,0,0,0,0,0,0,0,2,0,0,0
Leonardo Morales,ar ARG,DF,Gimnasia–LP,Copa de la Liga,32,1991,12,12,"1,020",11.3,1,1,2,1,0,0,4,0,0.5,0.5,0.4,0.9,5,36,2,0.09,0.09,0.18,0.09,0.18,0.04,0.04,0.08,0.04,0.08,ar ARG,DF,Gimnasia–LP,Copa de la Liga,32,1991,11.3,1,6,1,16.7,0.53,0.09,0.17,1.00,13.1,0,0,0,0.5,0.5,0.08,+0.5,+0.5,ar ARG,DF,Gimnasia–LP,Copa de la Liga,32,1991,11.3,231,333,69.4,5009,2727,72,96,75.0,113,143,79.0,43,82,52.4,1,0.4,0.2,+0.6,5,22,3,0,36,ar ARG,DF,Gimnasia–LP,Copa de la Liga,32,1991,11.3,333,316,16,15,0,3,3,1,0,0,0,0,231,1,1,ar ARG,DF,Gimnasia–LP,Copa de la Liga,32,1991,11.3,12,1.06,10,0,1,1,0,0,2,0.18,2,0,0,0,0,0,ar ARG,DF,Gimnasia–LP,Copa de la Liga,32,1991,11.3,15,9,12,3,0,10,19,52.6,9,13,8,5,13,28,60,1,ar ARG,DF,Gimnasia–LP,Copa de la Liga,32,1991,11.3,460,86,259,188,15,6,460,5,4,80.0,1,20.0,185,1194,696,5,6,1,9,2,188,2,ar ARG,DF,Gimnasia–LP,Copa de la Liga,32,1991,12,"1,020",85,81.0,11.3,12,85,10,0,0,0,1.33,14,17,-3,-0.26,+0.49,10.9,15.5,-4.6,-0.40,+0.28,ar ARG,DF,Gimnasia–LP,Copa de la Liga,32,1991,11.3,4,0,0,11,3,0,3,13,9,0,0,0,40,29,20,59.2
Federico Moreno,ar ARG,"MF,FW",Ind. Rivadavia,Copa de la Liga,20,2003,2,0,25,0.3,0,0,0,0,0,0,0,0,0.1,0.1,0.0,0.1,0,1,2,0.00,0.00,0.00,0.00,0.00,0.21,0.00,0.21,0.21,0.21,ar ARG,"MF,FW",Ind. Rivadavia,Copa de la Liga,20,2003,0.3,0,1,0,0.0,3.60,0.00,0.00,0,17.2,0,0,0,0.1,0.1,0.06,-0.1,-0.1,ar ARG,"MF,FW",Ind. Rivadavia,Copa de la Liga,20,2003,0.3,4,4,100.0,73,29,2,2,100.0,2,2,100.0,0,0,0,0,0.0,0.0,0.0,0,0,0,0,1,ar ARG,"MF,FW",Ind. Rivadavia,Copa de la Liga,20,2003,0.3,4,4,0,0,0,0,0,0,0,0,0,0,4,0,0,ar ARG,"MF,FW",Ind. Rivadavia,Copa de la Liga,20,2003,0.3,0,0.00,0,0,0,0,0,0,0,0.00,0,0,0,0,0,0,ar ARG,"MF,FW",Ind. Rivadavia,Copa de la Liga,20,2003,0.3,0,0,0,0,0,0,0,0,0,1,0,1,0,0,0,0,ar ARG,"MF,FW",Ind. Rivadavia,Copa de la Liga,20,2003,0.3,10,0,3,5,2,2,10,2,1,50.0,1,50.0,7,32,19,0,0,0,1,3,6,2,ar ARG,"MF,FW",Ind. Rivadavia,Copa de la Liga,20,2003,2,25,13,2.0,0.3,0,0,0,2,13,3,0.00,0,0,0,0.00,+0.87,0.2,0.5,-0.3,-1.15,-0.50,ar ARG,"MF,FW",Ind. Rivadavia,Copa de la Liga,20,2003,0.3,0,0,0,1,0,0,0,0,0,0,0,0,2,0,0,0
Marcelino Moreno,ar ARG,"MF,FW",Lanús,Copa de la Liga,29,1994,14,14,"1,133",12.6,4,1,5,4,0,0,1,0,4.0,4.0,3.0,7.0,51,42,86,0.32,0.08,0.40,0.32,0.40,0.32,0.24,0.56,0.32,0.56,ar ARG,"MF,FW",Lanús,Copa de la Liga,29,1994,12.6,4,26,8,30.8,2.07,0.64,0.15,0.50,15.3,1,0,0,4.0,4.0,0.15,0.0,0.0,ar ARG,"MF,FW",Lanús,Copa de la Liga,29,1994,12.6,301,406,74.1,4771,1653,161,180,89.4,95,118,80.5,33,69,47.8,1,3.0,2.3,-2.0,36,31,21,8,42,ar ARG,"MF,FW",Lanús,Copa de la Liga,29,1994,12.6,406,315,88,15,0,2,74,25,39,16,19,0,301,3,16,ar ARG,"MF,FW",Lanús,Copa de la Liga,29,1994,12.6,74,5.88,48,13,7,4,1,1,5,0.40,2,1,0,2,0,0,ar ARG,"MF,FW",Lanús,Copa de la Liga,29,1994,12.6,20,12,8,7,5,9,16,56.3,7,9,2,7,7,27,2,0,ar ARG,"MF,FW",Lanús,Copa de la Liga,29,1994,12.6,609,2,52,229,343,49,609,87,29,33.3,44,50.6,350,2616,1474,51,37,21,48,32,373,86,ar ARG,"MF,FW",Lanús,Copa de la Liga,29,1994,14,"1,133",81,89.9,12.6,14,81,7,0,0,0,1.64,18,12,+6,+0.48,+0.48,16.4,10.6,+5.8,+0.46,+0.34,ar ARG,"MF,FW",Lanús,Copa de la Liga,29,1994,12.6,1,0,0,9,31,7,74,7,12,0,0,0,69,4,11,26.7
Matias Moreno,ar ARG,DF,Belgrano,Copa de la Liga,20,2003,12,12,"1,080",12.0,0,1,1,0,0,0,3,0,1.1,1.1,1.2,2.3,5,30,3,0.00,0.08,0.08,0.00,0.08,0.09,0.10,0.19,0.09,0.19,ar ARG,DF,Belgrano,Copa de la Liga,20,2003,12.0,0,4,0,0.0,0.33,0.00,0.00,0,14.0,0,0,0,1.1,1.1,0.28,-1.1,-1.1,ar ARG,DF,Belgrano,Copa de la Liga,20,2003,12.0,369,457,80.7,7518,3261,113,130,86.9,191,213,89.7,58,97,59.8,1,1.2,0.1,-0.2,2,18,1,0,30,ar ARG,DF,Belgrano,Copa de la Liga,20,2003,12.0,457,436,20,15,0,2,1,0,0,0,0,0,369,1,6,ar ARG,DF,Belgrano,Copa de la Liga,20,2003,12.0,9,0.75,8,0,0,1,0,0,1,0.08,1,0,0,0,0,0,ar ARG,DF,Belgrano,Copa de la Liga,20,2003,12.0,25,16,16,8,1,11,19,57.9,8,19,10,9,22,47,69,1,ar ARG,DF,Belgrano,Copa de la Liga,20,2003,12.0,616,105,369,234,19,4,616,5,2,40.0,3,60.0,245,1372,831,5,4,0,5,5,300,3,ar ARG,DF,Belgrano,Copa de la Liga,20,2003,12,"1,080",90,85.7,12.0,12,90,12,0,0,1,1.17,19,16,+3,+0.25,+2.75,15.7,15.7,0.0,0.00,+0.57,ar ARG,DF,Belgrano,Copa de la Liga,20,2003,12.0,3,0,0,10,7,1,1,22,16,0,0,0,54,15,13,53.6
Valentín Moreno,ar ARG,DF,Tigre,Copa de la Liga,20,2003,2,2,120,1.3,0,0,0,0,0,0,0,0,0.0,0.0,0.0,0.0,3,3,4,0.00,0.00,0.00,0.00,0.00,0.04,0.00,0.04,0.04,0.04,ar ARG,DF,Tigre,Copa de la Liga,20,2003,1.3,0,1,0,0.0,0.75,0.00,0.00,0,16.3,0,0,0,0.0,0.0,0.05,0.0,0.0,ar ARG,DF,Tigre,Copa de la Liga,20,2003,1.3,53,70,75.7,789,346,26,32,81.3,21,25,84.0,2,8,25.0,0,0.0,0.0,0.0,0,2,0,0,3,ar ARG,DF,Tigre,Copa de la Liga,20,2003,1.3,70,53,16,1,0,0,1,15,0,0,0,0,53,1,1,ar ARG,DF,Tigre,Copa de la Liga,20,2003,1.3,2,1.53,2,0,0,0,0,0,0,0.00,0,0,0,0,0,0,ar ARG,DF,Tigre,Copa de la Liga,20,2003,1.3,4,1,2,2,0,3,5,60.0,2,1,0,1,0,4,6,0,ar ARG,DF,Tigre,Copa de la Liga,20,2003,1.3,82,5,34,33,16,2,82,3,2,66.7,0,0.0,37,188,119,3,2,1,0,0,42,4,ar ARG,DF,Tigre,Copa de la Liga,20,2003,2,120,60,9.5,1.3,2,60,0,0,0,4,0.00,1,4,-3,-2.25,-1.07,0.8,2.3,-1.5,-1.13,-0.44,ar ARG,DF,Tigre,Copa de la Liga,20,2003,1.3,0,0,0,1,0,0,1,0,1,0,0,0,9,0,1,0.0
Stéfano Moreyra,ar ARG,MF,Instituto,Copa de la Liga,22,2001,1,0,24,0.3,0,0,0,0,0,0,1,0,0.0,0.0,0.0,0.0,0,3,1,0.00,0.00,0.00,0.00,0.00,0.00,0.00,0.00,0.00,0.00,ar ARG,MF,Instituto,Copa de la Liga,22,2001,0.3,0,0,0,0,0.00,0.00,0,0,0,0,0,0,0.0,0.0,0,0.0,0.0,ar ARG,MF,Instituto,Copa de la Liga,22,2001,0.3,14,16,87.5,231,95,5,6,83.3,9,9,100.0,0,0,0,0,0.0,0.0,0.0,0,3,0,0,3,ar ARG,MF,Instituto,Copa de la Liga,22,2001,0.3,16,16,0,0,0,0,0,0,0,0,0,0,14,0,0,ar ARG,MF,Instituto,Copa de la Liga,22,2001,0.3,0,0.00,0,0,0,0,0,0,0,0.00,0,0,0,0,0,0,ar ARG,MF,Instituto,Copa de la Liga,22,2001,0.3,0,0,0,0,0,0,0,0,0,0,0,0,1,1,0,0,ar ARG,MF,Instituto,Copa de la Liga,22,2001,0.3,19,0,4,12,3,0,19,1,0,0.0,1,100.0,13,58,30,0,0,0,0,1,11,1,ar ARG,MF,Instituto,Copa de la Liga,22,2001,1,24,24,1.9,0.3,0,0,0,1,24,2,0.00,0,0,0,0.00,-0.07,0.0,0.0,0.0,+0.01,-0.54,ar ARG,MF,Instituto,Copa de la Liga,22,2001,0.3,1,0,0,2,1,0,0,1,0,0,0,0,4,2,1,66.7
Nicolás Morgantini,ar ARG,DF,Lanús,Copa de la Liga,29,1994,4,1,121,1.3,0,0,0,0,0,0,0,0,0.0,0.0,0.0,0.1,3,3,7,0.00,0.00,0.00,0.00,0.00,0.02,0.02,0.04,0.02,0.04,ar ARG,DF,Lanús,Copa de la Liga,29,1994,1.3,0,1,0,0.0,0.74,0.00,0.00,0,24.4,0,0,0,0.0,0.0,0.03,0.0,0.0,ar ARG,DF,Lanús,Copa de la Liga,29,1994,1.3,29,49,59.2,465,226,18,20,90.0,9,14,64.3,2,14,14.3,0,0.0,0.0,0.0,1,1,1,1,3,ar ARG,DF,Lanús,Copa de la Liga,29,1994,1.3,49,40,9,0,0,0,7,9,0,0,0,0,29,0,1,ar ARG,DF,Lanús,Copa de la Liga,29,1994,1.3,3,2.23,2,1,0,0,0,0,0,0.00,0,0,0,0,0,0,ar ARG,DF,Lanús,Copa de la Liga,29,1994,1.3,4,4,4,0,0,1,3,33.3,2,0,0,0,1,5,5,0,ar ARG,DF,Lanús,Copa de la Liga,29,1994,1.3,63,5,26,15,22,2,63,2,1,50.0,0,0.0,21,115,66,3,2,1,2,0,31,7,ar ARG,DF,Lanús,Copa de la Liga,29,1994,4,121,30,9.6,1.3,1,90,1,3,10,7,1.50,0,1,-1,-0.74,-1.30,1.6,1.6,+0.1,+0.04,-0.43,ar ARG,DF,Lanús,Copa de la Liga,29,1994,1.3,0,0,0,1,2,1,7,1,4,0,0,0,8,2,4,33.3
Joaquín Mosqueira,ar ARG,MF,Unión,Copa de la Liga,19,2004,12,11,957,10.6,2,0,2,2,0,0,5,0,0.3,0.3,0.1,0.4,11,50,8,0.19,0.00,0.19,0.19,0.19,0.03,0.01,0.04,0.03,0.04,ar ARG,MF,Unión,Copa de la Liga,19,2004,10.6,2,11,4,36.4,1.03,0.38,0.18,0.50,26.3,0,0,0,0.3,0.3,0.03,+1.7,+1.7,ar ARG,MF,Unión,Copa de la Liga,19,2004,10.6,276,360,76.7,5364,1493,102,130,78.5,131,159,82.4,41,62,66.1,0,0.1,0.2,-0.1,3,29,1,1,50,ar ARG,MF,Unión,Copa de la Liga,19,2004,10.6,360,352,8,7,0,4,2,1,0,0,0,0,276,0,4,ar ARG,MF,Unión,Copa de la Liga,19,2004,10.6,14,1.32,12,0,0,1,0,1,0,0.00,0,0,0,0,0,0,ar ARG,MF,Unión,Copa de la Liga,19,2004,10.6,24,15,11,10,3,10,22,45.5,12,13,1,12,13,37,16,0,ar ARG,MF,Unión,Copa de la Liga,19,2004,10.6,468,22,105,312,55,9,468,3,3,100.0,0,0.0,194,967,498,11,8,0,13,2,236,8,ar ARG,MF,Unión,Copa de la Liga,19,2004,12,957,80,76.0,10.6,11,83,8,1,45,0,1.50,11,6,+5,+0.47,+1.36,9.9,10.2,-0.3,-0.03,+0.11,ar ARG,MF,Unión,Copa de la Liga,19,2004,10.6,5,0,0,13,5,0,2,13,15,0,0,0,56,21,19,52.5
Franco Moyano,ar ARG,MF,Arg Juniors,Copa de la Liga,26,1997,12,10,916,10.2,0,0,0,0,0,0,3,0,0.1,0.1,0.1,0.2,10,45,5,0.00,0.00,0.00,0.00,0.00,0.01,0.01,0.02,0.01,0.02,ar ARG,MF,Arg Juniors,Copa de la Liga,26,1997,10.2,0,4,1,25.0,0.39,0.10,0.00,0.00,30.1,0,0,0,0.1,0.1,0.03,-0.1,-0.1,ar ARG,MF,Arg Juniors,Copa de la Liga,26,1997,10.2,517,590,87.6,9050,2798,232,262,88.5,218,233,93.6,55,69,79.7,0,0.1,0.2,-0.1,3,50,2,1,45,ar ARG,MF,Arg Juniors,Copa de la Liga,26,1997,10.2,590,553,36,36,0,4,3,0,0,0,0,0,517,1,7,ar ARG,MF,Arg Juniors,Copa de la Liga,26,1997,10.2,17,1.67,14,2,0,1,0,0,0,0.00,0,0,0,0,0,0,ar ARG,MF,Arg Juniors,Copa de la Liga,26,1997,10.2,13,7,9,4,0,7,17,41.2,10,12,2,10,12,25,18,0,ar ARG,MF,Arg Juniors,Copa de la Liga,26,1997,10.2,672,21,178,461,35,0,672,5,1,20.0,4,80.0,361,1623,929,10,3,0,6,7,419,5,ar ARG,MF,Arg Juniors,Copa de la Liga,26,1997,12,916,76,72.7,10.2,10,88,7,2,19,0,1.79,19,11,+8,+0.79,0.00,14.6,13.4,+1.2,+0.12,-0.09,ar ARG,MF,Arg Juniors,Copa de la Liga,26,1997,10.2,3,0,0,10,11,0,3,12,7,0,0,0,61,10,12,45.5
Sebastián Moyano,ar ARG,GK,Barracas Central,Copa de la Liga,33,1990,14,14,"1,260",14.0,0,0,0,0,0,0,1,0,0.0,0.0,0.0,0.0,0,0,1,0.00,0.00,0.00,0.00,0.00,0.00,0.00,0.00,0.00,0.00,ar ARG,GK,Barracas Central,Copa de la Liga,33,1990,14.0,0,0,0,0,0.00,0.00,0,0,0,0,0,0,0.0,0.0,0,0.0,0.0,ar ARG,GK,Barracas Central,Copa de la Liga,33,1990,14.0,312,446,70.0,10187,8067,39,39,100.0,141,141,100.0,131,263,49.8,0,0.0,0.0,0.0,1,7,0,0,0,ar ARG,GK,Barracas Central,Copa de la Liga,33,1990,14.0,446,228,218,42,0,1,0,0,0,0,0,0,312,0,1,ar ARG,GK,Barracas Central,Copa de la Liga,33,1990,14.0,5,0.36,3,2,0,0,0,0,0,0.00,0,0,0,0,0,0,ar ARG,GK,Barracas Central,Copa de la Liga,33,1990,14.0,0,0,0,0,0,0,1,0.0,1,0,0,0,0,0,4,0,ar ARG,GK,Barracas Central,Copa de la Liga,33,1990,14.0,470,401,469,1,0,0,470,0,0,0,0,0,206,1366,1053,0,0,0,0,0,107,1,ar ARG,GK,Barracas Central,Copa de la Liga,33,1990,14,"1,260",90,100.0,14.0,14,90,14,0,0,0,1.73,20,15,+5,+0.36,0,16.1,18.8,-2.7,-0.19,0,ar ARG,GK,Barracas Central,Copa de la Liga,33,1990,14.0,1,0,0,0,4,0,0,0,0,0,0,0,8,6,1,85.7
Ezequiel Muñoz,ar ARG,DF,Lanús,Copa de la Liga,33,1990,9,9,810,9.0,1,1,2,1,0,0,1,0,0.0,0.0,0.8,0.8,1,10,1,0.11,0.11,0.22,0.11,0.22,0.00,0.08,0.09,0.00,0.09,ar ARG,DF,Lanús,Copa de la Liga,33,1990,9.0,1,1,1,100.0,0.11,0.11,1.00,1.00,13.1,0,0,0,0.0,0.0,0.03,+1.0,+1.0,ar ARG,DF,Lanús,Copa de la Liga,33,1990,9.0,228,273,83.5,4279,1572,82,93,88.2,120,134,89.6,22,36,61.1,1,0.8,0.4,+0.2,1,5,0,0,10,ar ARG,DF,Lanús,Copa de la Liga,33,1990,9.0,273,263,10,9,0,0,0,0,0,0,0,0,228,0,4,ar ARG,DF,Lanús,Copa de la Liga,33,1990,9.0,2,0.22,2,0,0,0,0,0,1,0.11,1,0,0,0,0,0,ar ARG,DF,Lanús,Copa de la Liga,33,1990,9.0,17,9,13,4,0,6,10,60.0,4,15,10,5,15,32,53,0,ar ARG,DF,Lanús,Copa de la Liga,33,1990,9.0,385,70,214,171,4,3,385,5,4,80.0,0,0.0,144,666,269,1,1,0,8,1,157,1,ar ARG,DF,Lanús,Copa de la Liga,33,1990,9,810,90,64.3,9.0,9,90,9,0,0,1,2.11,16,7,+9,+1.00,+1.60,11.6,8.4,+3.1,+0.35,-0.22,ar ARG,DF,Lanús,Copa de la Liga,33,1990,9.0,1,0,0,4,6,0,0,15,9,0,0,0,34,21,21,50.0
Facundo Mura,ar ARG,"DF,MF",Racing Club,Copa de la Liga,24,1999,10,7,692,7.7,2,2,4,2,0,0,1,0,0.4,0.4,1.2,1.6,11,21,33,0.26,0.26,0.52,0.26,0.52,0.06,0.16,0.22,0.05,0.21,ar ARG,"DF,MF",Racing Club,Copa de la Liga,24,1999,7.7,2,6,5,83.3,0.78,0.65,0.33,0.40,17.1,0,0,0,0.4,0.4,0.07,+1.6,+1.6,ar ARG,"DF,MF",Racing Club,Copa de la Liga,24,1999,7.7,207,298,69.5,3602,1466,104,123,84.6,81,113,71.7,19,48,39.6,2,1.2,1.3,+0.8,8,20,10,7,21,ar ARG,"DF,MF",Racing Club,Copa de la Liga,24,1999,7.7,298,252,46,0,1,1,25,46,0,0,0,0,207,0,7,ar ARG,"DF,MF",Racing Club,Copa de la Liga,24,1999,7.7,20,2.60,19,1,0,0,0,0,4,0.52,4,0,0,0,0,0,ar ARG,"DF,MF",Racing Club,Copa de la Liga,24,1999,7.7,9,5,6,3,0,7,13,53.8,6,8,4,4,3,12,21,0,ar ARG,"DF,MF",Racing Club,Copa de la Liga,24,1999,7.7,370,18,99,162,112,17,370,8,4,50.0,4,50.0,175,832,401,11,7,3,11,5,187,33,ar ARG,"DF,MF",Racing Club,Copa de la Liga,24,1999,10,692,69,54.9,7.7,7,86,6,3,31,2,2.10,17,3,+14,+1.82,+1.98,11.4,7.3,+4.1,+0.54,+0.23,ar ARG,"DF,MF",Racing Club,Copa de la Liga,24,1999,7.7,1,0,0,10,3,0,25,3,5,0,0,0,33,2,9,18.2
Yaison Murillo,co COL,DF,Deportivo Riestra,Copa de la Liga,30,1993,2,2,168,1.9,0,0,0,0,0,0,0,0,0.0,0.0,0.0,0.0,0,3,0,0.00,0.00,0.00,0.00,0.00,0.00,0.00,0.00,0.00,0.00,co COL,DF,Deportivo Riestra,Copa de la Liga,30,1993,1.9,0,0,0,0,0.00,0.00,0,0,0,0,0,0,0.0,0.0,0,0.0,0.0,co COL,DF,Deportivo Riestra,Copa de la Liga,30,1993,1.9,20,39,51.3,473,295,6,8,75.0,9,15,60.0,5,15,33.3,0,0.0,0.1,0.0,0,3,3,0,3,co COL,DF,Deportivo Riestra,Copa de la Liga,30,1993,1.9,39,37,2,1,0,0,0,0,0,0,0,0,20,0,1,co COL,DF,Deportivo Riestra,Copa de la Liga,30,1993,1.9,1,0.54,1,0,0,0,0,0,0,0.00,0,0,0,0,0,0,co COL,DF,Deportivo Riestra,Copa de la Liga,30,1993,1.9,0,0,0,0,0,0,0,0,0,1,1,0,2,2,10,0,co COL,DF,Deportivo Riestra,Copa de la Liga,30,1993,1.9,55,10,35,19,1,0,55,0,0,0,0,0,17,91,32,0,0,0,2,0,17,0,co COL,DF,Deportivo Riestra,Copa de la Liga,30,1993,2,168,84,13.3,1.9,2,84,1,0,0,6,0.50,1,2,-1,-0.54,+0.04,0.6,2.5,-1.9,-1.03,-0.28,co COL,DF,Deportivo Riestra,Copa de la Liga,30,1993,1.9,0,0,0,1,3,0,0,2,0,0,0,0,7,9,4,69.2
Antonio Napolitano,ar ARG,MF,Ind. Rivadavia,Copa de la Liga,24,1999,8,7,457,5.1,0,0,0,0,0,0,2,0,0.2,0.2,0.5,0.7,8,31,9,0.00,0.00,0.00,0.00,0.00,0.04,0.10,0.14,0.04,0.14,ar ARG,MF,Ind. Rivadavia,Copa de la Liga,24,1999,5.1,0,3,2,66.7,0.59,0.39,0.00,0.00,19.6,0,0,0,0.2,0.2,0.07,-0.2,-0.2,ar ARG,MF,Ind. Rivadavia,Copa de la Liga,24,1999,5.1,167,217,77.0,2701,949,84,102,82.4,70,80,87.5,8,16,50.0,0,0.5,0.2,-0.5,7,29,3,1,31,ar ARG,MF,Ind. Rivadavia,Copa de la Liga,24,1999,5.1,217,211,6,3,0,2,4,0,0,0,0,0,167,0,8,ar ARG,MF,Ind. Rivadavia,Copa de la Liga,24,1999,5.1,11,2.17,11,0,0,0,0,0,0,0.00,0,0,0,0,0,0,ar ARG,MF,Ind. Rivadavia,Copa de la Liga,24,1999,5.1,18,11,7,8,3,5,19,26.3,14,9,0,9,7,25,1,0,ar ARG,MF,Ind. Rivadavia,Copa de la Liga,24,1999,5.1,273,2,41,189,45,6,273,13,7,53.8,5,38.5,146,898,469,8,5,1,11,1,172,9,ar ARG,MF,Ind. Rivadavia,Copa de la Liga,24,1999,8,457,57,36.3,5.1,7,59,0,1,45,6,0.88,5,7,-2,-0.39,+0.73,2.0,7.3,-5.2,-1.04,-0.60,ar ARG,MF,Ind. Rivadavia,Copa de la Liga,24,1999,5.1,2,0,0,8,5,0,4,7,11,0,0,0,27,4,2,66.7
Gian Nardelli,ar ARG,DF,Tigre,Copa de la Liga,23,2000,12,12,"1,055",11.7,1,0,1,0,1,1,2,1,1.0,0.2,0.5,0.7,6,26,3,0.09,0.00,0.09,0.00,0.00,0.08,0.04,0.13,0.02,0.06,ar ARG,DF,Tigre,Copa de la Liga,23,2000,11.7,1,4,1,25.0,0.34,0.09,0.00,0.00,20.0,0,1,1,1.0,0.2,0.05,0.0,-0.2,ar ARG,DF,Tigre,Copa de la Liga,23,2000,11.7,449,552,81.3,9415,4094,125,145,86.2,240,263,91.3,77,127,60.6,0,0.5,0.1,-0.5,2,21,1,1,26,ar ARG,DF,Tigre,Copa de la Liga,23,2000,11.7,552,534,17,15,0,9,5,1,0,0,0,0,449,1,5,ar ARG,DF,Tigre,Copa de la Liga,23,2000,11.7,8,0.68,8,0,0,0,0,0,0,0.00,0,0,0,0,0,0,ar ARG,DF,Tigre,Copa de la Liga,23,2000,11.7,19,12,14,5,0,15,20,75.0,5,19,7,12,17,36,60,1,ar ARG,DF,Tigre,Copa de la Liga,23,2000,11.7,686,89,389,289,15,6,685,6,4,66.7,2,33.3,351,1592,919,6,2,1,5,3,392,3,ar ARG,DF,Tigre,Copa de la Liga,23,2000,12,"1,055",88,83.7,11.7,12,88,11,0,0,1,0.42,6,20,-14,-1.19,+0.56,8.2,15.8,-7.6,-0.65,+0.51,ar ARG,DF,Tigre,Copa de la Liga,23,2000,11.7,2,1,1,9,5,0,5,17,12,0,0,0,62,26,23,53.1
Juan Nardoni,ar ARG,"MF,DF",Racing Club,Copa de la Liga,21,2002,5,1,228,2.5,0,0,0,0,0,0,0,0,0.0,0.0,0.2,0.2,3,7,13,0.00,0.00,0.00,0.00,0.00,0.00,0.07,0.07,0.00,0.07,ar ARG,"MF,DF",Racing Club,Copa de la Liga,21,2002,2.5,0,0,0,0,0.00,0.00,0,0,0,0,0,0,0.0,0.0,0,0.0,0.0,ar ARG,"MF,DF",Racing Club,Copa de la Liga,21,2002,2.5,86,117,73.5,1474,533,40,51,78.4,35,40,87.5,8,15,53.3,0,0.2,0.3,-0.2,3,6,1,1,7,ar ARG,"MF,DF",Racing Club,Copa de la Liga,21,2002,2.5,117,108,8,1,1,1,2,7,0,0,0,0,86,1,6,ar ARG,"MF,DF",Racing Club,Copa de la Liga,21,2002,2.5,6,2.37,5,0,0,0,1,0,0,0.00,0,0,0,0,0,0,ar ARG,"MF,DF",Racing Club,Copa de la Liga,21,2002,2.5,5,3,3,1,1,1,3,33.3,2,2,1,1,2,7,2,0,ar ARG,"MF,DF",Racing Club,Copa de la Liga,21,2002,2.5,147,5,29,84,35,6,147,3,1,33.3,2,66.7,67,264,101,3,2,0,10,5,90,13,ar ARG,"MF,DF",Racing Club,Copa de la Liga,21,2002,5,228,46,18.1,2.5,1,90,1,4,35,0,1.40,4,7,-3,-1.18,-2.58,3.7,3.1,+0.6,+0.25,-0.23,ar ARG,"MF,DF",Racing Club,Copa de la Liga,21,2002,2.5,0,0,0,1,6,0,2,2,3,0,0,0,13,2,1,66.7
Miguel Navarro,ve VEN,DF,Talleres,Copa de la Liga,24,1999,10,9,763,8.5,0,1,1,0,0,0,3,1,0.1,0.1,1.0,1.1,5,36,37,0.00,0.12,0.12,0.00,0.12,0.01,0.12,0.13,0.01,0.13,ve VEN,DF,Talleres,Copa de la Liga,24,1999,8.5,0,4,0,0.0,0.47,0.00,0.00,0,29.3,0,0,0,0.1,0.1,0.02,-0.1,-0.1,ve VEN,DF,Talleres,Copa de la Liga,24,1999,8.5,285,366,77.9,5056,2093,141,152,92.8,118,153,77.1,26,52,50.0,1,1.0,0.6,0.0,9,27,3,2,36,ve VEN,DF,Talleres,Copa de la Liga,24,1999,8.5,366,309,54,6,0,0,15,48,0,0,0,0,285,3,4,ve VEN,DF,Talleres,Copa de la Liga,24,1999,8.5,14,1.65,13,0,0,0,1,0,2,0.24,2,0,0,0,0,0,ve VEN,DF,Talleres,Copa de la Liga,24,1999,8.5,12,6,5,5,2,7,11,63.6,4,5,3,2,11,23,29,0,ve VEN,DF,Talleres,Copa de la Liga,24,1999,8.5,456,30,153,214,90,4,456,5,1,20.0,2,40.0,197,670,282,5,3,0,12,0,228,37,ve VEN,DF,Talleres,Copa de la Liga,24,1999,10,763,76,60.6,8.5,9,84,7,1,10,1,1.70,11,9,+2,+0.24,-0.85,10.8,7.0,+3.8,+0.45,-0.01,ve VEN,DF,Talleres,Copa de la Liga,24,1999,8.5,3,1,1,13,9,0,15,11,6,0,2,0,34,8,5,61.5
Ezequiel Naya,ar ARG,FW,Estudiantes–LP,Copa de la Liga,22,2001,5,0,99,1.1,0,0,0,0,0,0,1,0,0.2,0.2,0.0,0.2,0,1,7,0.00,0.00,0.00,0.00,0.00,0.17,0.00,0.17,0.17,0.17,ar ARG,FW,Estudiantes–LP,Copa de la Liga,22,2001,1.1,0,3,0,0.0,2.73,0.00,0.00,0,12.4,0,0,0,0.2,0.2,0.06,-0.2,-0.2,ar ARG,FW,Estudiantes–LP,Copa de la Liga,22,2001,1.1,19,30,63.3,300,13,7,10,70.0,8,9,88.9,3,5,60.0,0,0.0,0.0,0.0,0,0,1,0,1,ar ARG,FW,Estudiantes–LP,Copa de la Liga,22,2001,1.1,30,27,3,0,0,0,1,0,0,0,0,0,19,0,4,ar ARG,FW,Estudiantes–LP,Copa de la Liga,22,2001,1.1,2,1.84,2,0,0,0,0,0,0,0.00,0,0,0,0,0,0,ar ARG,FW,Estudiantes–LP,Copa de la Liga,22,2001,1.1,1,1,0,0,1,1,1,100.0,0,1,0,1,0,1,0,0,ar ARG,FW,Estudiantes–LP,Copa de la Liga,22,2001,1.1,40,1,1,22,18,7,40,1,0,0.0,1,100.0,27,125,48,0,0,1,3,0,33,7,ar ARG,FW,Estudiantes–LP,Copa de la Liga,22,2001,5,99,20,7.9,1.1,0,0,0,5,20,8,2.40,2,3,-1,-0.91,-1.76,1.0,0.4,+0.6,+0.54,-0.06,ar ARG,FW,Estudiantes–LP,Copa de la Liga,22,2001,1.1,1,0,0,5,3,2,1,0,1,0,0,0,3,2,5,28.6
Gabriel Neves,uy URU,MF,Independiente,Copa de la Liga,26,1997,11,7,558,6.2,1,0,1,1,0,0,2,0,0.3,0.3,0.5,0.8,5,43,14,0.16,0.00,0.16,0.16,0.16,0.05,0.08,0.13,0.05,0.13,uy URU,MF,Independiente,Copa de la Liga,26,1997,6.2,1,6,3,50.0,0.97,0.48,0.17,0.33,25.4,0,0,0,0.3,0.3,0.05,+0.7,+0.7,uy URU,MF,Independiente,Copa de la Liga,26,1997,6.2,300,370,81.1,5720,1754,129,150,86.0,120,141,85.1,46,61,75.4,0,0.5,0.8,-0.5,14,36,6,1,43,uy URU,MF,Independiente,Copa de la Liga,26,1997,6.2,370,340,29,12,2,4,14,4,13,2,7,0,300,1,10,uy URU,MF,Independiente,Copa de la Liga,26,1997,6.2,25,4.04,15,8,1,0,1,0,1,0.16,0,1,0,0,0,0,uy URU,MF,Independiente,Copa de la Liga,26,1997,6.2,22,12,10,11,1,15,24,62.5,9,4,0,4,7,29,9,0,uy URU,MF,Independiente,Copa de la Liga,26,1997,6.2,432,11,59,278,97,5,432,6,3,50.0,2,33.3,227,838,302,5,5,0,9,3,273,14,uy URU,MF,Independiente,Copa de la Liga,26,1997,11,558,51,44.3,6.2,7,63,1,4,29,2,1.64,7,6,+1,+0.16,-0.22,6.7,6.3,+0.4,+0.07,-0.70,uy URU,MF,Independiente,Copa de la Liga,26,1997,6.2,2,0,0,5,2,0,14,7,12,0,0,0,31,4,4,50.0
Roberto Nicolás Fernández,uy URU,MF,Godoy Cruz,Copa de la Liga,25,1998,12,10,886,9.8,0,2,2,0,0,0,3,0,0.6,0.6,0.8,1.4,19,48,31,0.00,0.20,0.20,0.00,0.20,0.06,0.08,0.14,0.06,0.14,uy URU,MF,Godoy Cruz,Copa de la Liga,25,1998,9.8,0,20,4,20.0,2.03,0.41,0.00,0.00,26.8,2,0,0,0.6,0.6,0.03,-0.6,-0.6,uy URU,MF,Godoy Cruz,Copa de la Liga,25,1998,9.8,342,469,72.9,6379,2081,145,174,83.3,125,159,78.6,56,96,58.3,2,0.8,1.3,+1.2,12,44,5,1,48,uy URU,MF,Godoy Cruz,Copa de la Liga,25,1998,9.8,469,421,43,21,2,7,33,2,20,1,17,0,342,5,12,uy URU,MF,Godoy Cruz,Copa de la Liga,25,1998,9.8,31,3.15,16,6,2,2,5,0,1,0.10,1,0,0,0,0,0,uy URU,MF,Godoy Cruz,Copa de la Liga,25,1998,9.8,27,14,6,18,3,12,31,38.7,19,25,2,23,10,37,24,0,uy URU,MF,Godoy Cruz,Copa de la Liga,25,1998,9.8,646,24,112,358,184,18,646,36,18,50.0,16,44.4,325,1861,890,19,23,4,30,17,359,31,uy URU,MF,Godoy Cruz,Copa de la Liga,25,1998,12,886,74,70.3,9.8,10,83,8,2,26,0,2.33,12,5,+7,+0.71,-0.01,11.1,7.9,+3.2,+0.33,+0.03,uy URU,MF,Godoy Cruz,Copa de la Liga,25,1998,9.8,3,0,0,23,11,0,33,10,14,0,0,0,64,12,14,46.2
Aaron Nicolás Molinas,ar ARG,MF,Defensa y Just,Copa de la Liga,23,2000,3,0,77,0.9,1,0,1,1,0,0,0,0,0.4,0.4,0.3,0.7,2,6,4,1.17,0.00,1.17,1.17,1.17,0.50,0.33,0.83,0.50,0.83,ar ARG,MF,Defensa y Just,Copa de la Liga,23,2000,0.9,1,3,1,33.3,3.51,1.17,0.33,1.00,14.8,0,0,0,0.4,0.4,0.14,+0.6,+0.6,ar ARG,MF,Defensa y Just,Copa de la Liga,23,2000,0.9,34,42,81.0,678,223,15,15,100.0,9,10,90.0,9,14,64.3,0,0.3,0.1,-0.3,1,6,0,0,6,ar ARG,MF,Defensa y Just,Copa de la Liga,23,2000,0.9,42,41,1,0,0,1,2,0,1,0,1,0,34,0,1,ar ARG,MF,Defensa y Just,Copa de la Liga,23,2000,0.9,1,1.17,1,0,0,0,0,0,0,0.00,0,0,0,0,0,0,ar ARG,MF,Defensa y Just,Copa de la Liga,23,2000,0.9,3,2,2,1,0,3,4,75.0,1,2,0,2,0,3,2,0,ar ARG,MF,Defensa y Just,Copa de la Liga,23,2000,0.9,55,2,12,33,10,2,55,0,0,0,0,0,26,144,55,2,0,0,0,1,37,4,ar ARG,MF,Defensa y Just,Copa de la Liga,23,2000,3,77,26,6.1,0.9,0,0,0,3,26,0,2.00,4,0,+4,+4.68,+4.68,1.4,0.3,+1.0,+1.20,+1.32,ar ARG,MF,Defensa y Just,Copa de la Liga,23,2000,0.9,0,0,0,0,1,0,2,0,2,0,0,0,6,0,0,0
Cristian Núñez,py PAR,MF,Banfield,Copa de la Liga,26,1997,6,0,103,1.1,0,0,0,0,0,0,0,0,0.0,0.0,0.0,0.0,2,5,2,0.00,0.00,0.00,0.00,0.00,0.00,0.00,0.00,0.00,0.00,py PAR,MF,Banfield,Copa de la Liga,26,1997,1.1,0,0,0,0,0.00,0.00,0,0,0,0,0,0,0.0,0.0,0,0.0,0.0,py PAR,MF,Banfield,Copa de la Liga,26,1997,1.1,45,54,83.3,850,211,19,22,86.4,17,21,81.0,8,9,88.9,0,0.0,0.0,0.0,0,0,0,0,5,py PAR,MF,Banfield,Copa de la Liga,26,1997,1.1,54,53,1,0,0,1,0,1,0,0,0,0,45,0,1,py PAR,MF,Banfield,Copa de la Liga,26,1997,1.1,1,0.88,1,0,0,0,0,0,0,0.00,0,0,0,0,0,0,py PAR,MF,Banfield,Copa de la Liga,26,1997,1.1,8,6,5,2,1,3,8,37.5,5,4,1,3,1,9,1,0,py PAR,MF,Banfield,Copa de la Liga,26,1997,1.1,69,1,18,44,8,1,69,0,0,0,0,0,34,191,78,2,1,1,3,3,40,2,py PAR,MF,Banfield,Copa de la Liga,26,1997,6,103,17,8.2,1.1,0,0,0,6,17,2,2.17,3,0,+3,+2.62,+2.93,1.3,1.4,-0.2,-0.15,0.00,py PAR,MF,Banfield,Copa de la Liga,26,1997,1.1,0,0,0,0,1,0,0,1,6,0,0,0,7,2,3,40.0
Thiago Nuss,ar ARG,"FW,MF",Cen. Córdoba–SdE,Copa de la Liga,22,2001,11,4,530,5.9,1,1,2,1,0,0,4,0,0.6,0.6,0.3,0.9,18,12,49,0.17,0.17,0.34,0.17,0.34,0.10,0.05,0.15,0.10,0.15,ar ARG,"FW,MF",Cen. Córdoba–SdE,Copa de la Liga,22,2001,5.9,1,12,3,25.0,2.04,0.51,0.08,0.33,15.7,1,0,0,0.6,0.6,0.05,+0.4,+0.4,ar ARG,"FW,MF",Cen. Córdoba–SdE,Copa de la Liga,22,2001,5.9,87,132,65.9,1282,430,49,60,81.7,26,39,66.7,6,15,40.0,1,0.3,0.4,+0.7,2,9,5,2,12,ar ARG,"FW,MF",Cen. Córdoba–SdE,Copa de la Liga,22,2001,5.9,132,124,7,1,0,3,12,6,0,0,0,0,87,1,6,ar ARG,"FW,MF",Cen. Córdoba–SdE,Copa de la Liga,22,2001,5.9,3,0.51,2,0,1,0,0,0,1,0.17,1,0,0,0,0,0,ar ARG,"FW,MF",Cen. Córdoba–SdE,Copa de la Liga,22,2001,5.9,15,8,6,6,3,5,10,50.0,5,7,0,7,5,20,4,0,ar ARG,"FW,MF",Cen. Córdoba–SdE,Copa de la Liga,22,2001,5.9,233,5,39,92,106,21,233,40,14,35.0,23,57.5,149,1078,564,18,12,8,16,16,150,49,ar ARG,"FW,MF",Cen. Córdoba–SdE,Copa de la Liga,22,2001,11,530,48,42.1,5.9,4,74,1,7,33,3,0.64,4,5,-1,-0.17,+0.94,4.5,8.0,-3.5,-0.60,+0.29,ar ARG,"FW,MF",Cen. Córdoba–SdE,Copa de la Liga,22,2001,5.9,4,0,0,16,10,4,12,5,8,0,0,0,32,3,7,30.0
Tomás O'Connor,ar ARG,MF,Rosario Central,Copa de la Liga,19,2004,11,8,734,8.2,1,1,2,1,0,0,2,0,0.4,0.4,0.8,1.2,23,73,18,0.12,0.12,0.25,0.12,0.25,0.05,0.10,0.15,0.05,0.15,ar ARG,MF,Rosario Central,Copa de la Liga,19,2004,8.2,1,4,1,25.0,0.49,0.12,0.25,1.00,23.8,0,0,0,0.4,0.4,0.10,+0.6,+0.6,ar ARG,MF,Rosario Central,Copa de la Liga,19,2004,8.2,436,497,87.7,7081,2165,226,244,92.6,156,175,89.1,41,49,83.7,1,0.8,0.9,+0.2,14,53,7,2,73,ar ARG,MF,Rosario Central,Copa de la Liga,19,2004,8.2,497,483,12,8,3,5,5,3,1,0,0,0,436,2,13,ar ARG,MF,Rosario Central,Copa de la Liga,19,2004,8.2,19,2.33,16,1,2,0,0,0,2,0.25,1,0,1,0,0,0,ar ARG,MF,Rosario Central,Copa de la Liga,19,2004,8.2,23,15,9,10,4,9,18,50.0,9,5,2,3,5,28,5,1,ar ARG,MF,Rosario Central,Copa de la Liga,19,2004,8.2,574,13,84,362,135,7,574,20,11,55.0,7,35.0,347,1981,1145,23,9,3,14,14,408,18,ar ARG,MF,Rosario Central,Copa de la Liga,19,2004,11,734,67,58.3,8.2,8,79,4,3,35,1,1.09,4,13,-9,-1.10,-1.27,6.6,11.6,-5.0,-0.62,-0.21,ar ARG,MF,Rosario Central,Copa de la Liga,19,2004,8.2,2,0,0,10,9,1,5,5,15,0,0,0,61,9,7,56.3
Agustín Obando,ar ARG,"MF,FW",Platense,Copa de la Liga,23,2000,3,0,82,0.9,0,0,0,0,0,0,0,0,0.1,0.1,0.0,0.1,1,2,3,0.00,0.00,0.00,0.00,0.00,0.07,0.05,0.12,0.07,0.12,ar ARG,"MF,FW",Platense,Copa de la Liga,23,2000,0.9,0,1,0,0.0,1.10,0.00,0.00,0,16.7,0,0,0,0.1,0.1,0.06,-0.1,-0.1,ar ARG,"MF,FW",Platense,Copa de la Liga,23,2000,0.9,20,28,71.4,303,104,12,14,85.7,5,6,83.3,2,6,33.3,0,0.0,0.1,0.0,1,3,0,0,2,ar ARG,"MF,FW",Platense,Copa de la Liga,23,2000,0.9,28,23,5,2,0,0,4,1,2,1,1,0,20,0,1,ar ARG,"MF,FW",Platense,Copa de la Liga,23,2000,0.9,4,4.39,2,1,0,0,0,1,0,0.00,0,0,0,0,0,0,ar ARG,"MF,FW",Platense,Copa de la Liga,23,2000,0.9,3,2,1,1,1,2,3,66.7,1,0,0,0,0,3,1,0,ar ARG,"MF,FW",Platense,Copa de la Liga,23,2000,0.9,39,1,3,16,20,2,39,3,1,33.3,2,66.7,19,113,38,1,0,0,3,2,18,3,ar ARG,"MF,FW",Platense,Copa de la Liga,23,2000,3,82,27,6.5,0.9,0,0,0,3,27,11,0.00,1,2,-1,-1.10,-0.87,1.5,1.9,-0.3,-0.37,-0.38,ar ARG,"MF,FW",Platense,Copa de la Liga,23,2000,0.9,0,0,0,1,2,0,4,0,2,0,0,0,3,0,4,0.0
Elías Ocampo,ar ARG,"DF,MF",Rosario Central,Copa de la Liga,19,2004,9,5,460,5.1,0,1,1,0,0,0,0,0,0.0,0.0,0.4,0.4,12,11,15,0.00,0.20,0.20,0.00,0.20,0.01,0.07,0.08,0.01,0.08,ar ARG,"DF,MF",Rosario Central,Copa de la Liga,19,2004,5.1,0,3,1,33.3,0.59,0.20,0.00,0.00,28.0,0,0,0,0.0,0.0,0.01,0.0,0.0,ar ARG,"DF,MF",Rosario Central,Copa de la Liga,19,2004,5.1,101,136,74.3,1503,629,60,68,88.2,27,41,65.9,9,15,60.0,1,0.4,0.1,+0.6,1,8,1,0,11,ar ARG,"DF,MF",Rosario Central,Copa de la Liga,19,2004,5.1,136,115,21,2,0,2,6,19,0,0,0,0,101,0,6,ar ARG,"DF,MF",Rosario Central,Copa de la Liga,19,2004,5.1,7,1.37,3,2,1,0,1,0,3,0.59,1,0,1,0,1,0,ar ARG,"DF,MF",Rosario Central,Copa de la Liga,19,2004,5.1,15,11,7,7,1,11,17,64.7,6,9,0,9,4,19,13,0,ar ARG,"DF,MF",Rosario Central,Copa de la Liga,19,2004,5.1,219,13,59,112,55,5,219,20,8,40.0,10,50.0,103,705,318,12,7,5,22,7,103,15,ar ARG,"DF,MF",Rosario Central,Copa de la Liga,19,2004,9,460,51,36.5,5.1,5,75,1,4,22,5,0.89,4,5,-1,-0.20,+0.59,4.5,4.9,-0.4,-0.08,+0.71,ar ARG,"DF,MF",Rosario Central,Copa de la Liga,19,2004,5.1,0,0,0,9,7,1,6,4,11,1,0,0,35,5,8,38.5
Lucas Ocampo,uy URU,"MF,FW",Platense,Copa de la Liga,26,1997,13,8,614,6.8,0,0,0,0,0,0,0,0,0.5,0.5,0.3,0.8,11,35,38,0.00,0.00,0.00,0.00,0.00,0.07,0.05,0.12,0.07,0.12,uy URU,"MF,FW",Platense,Copa de la Liga,26,1997,6.8,0,12,4,33.3,1.76,0.59,0.00,0.00,26.3,1,0,0,0.5,0.5,0.04,-0.5,-0.5,uy URU,"MF,FW",Platense,Copa de la Liga,26,1997,6.8,165,252,65.5,3230,1108,80,101,79.2,43,58,74.1,39,75,52.0,0,0.3,0.7,-0.3,9,22,5,0,35,uy URU,"MF,FW",Platense,Copa de la Liga,26,1997,6.8,252,211,39,16,4,6,40,4,19,4,13,0,165,2,11,uy URU,"MF,FW",Platense,Copa de la Liga,26,1997,6.8,26,3.80,12,9,2,0,3,0,3,0.44,3,0,0,0,0,0,uy URU,"MF,FW",Platense,Copa de la Liga,26,1997,6.8,16,6,5,8,3,5,19,26.3,14,6,0,6,2,18,2,0,uy URU,"MF,FW",Platense,Copa de la Liga,26,1997,6.8,347,2,44,172,137,6,347,25,10,40.0,13,52.0,182,1041,457,11,12,1,12,12,208,38,uy URU,"MF,FW",Platense,Copa de la Liga,26,1997,13,614,47,48.7,6.8,8,58,0,5,31,1,1.38,5,3,+2,+0.29,+1.13,5.8,5.8,0.0,0.00,+0.04,uy URU,"MF,FW",Platense,Copa de la Liga,26,1997,6.8,0,0,0,9,23,4,40,2,6,0,0,0,51,1,5,16.7
Cristhian Ocampos,py PAR,FW,Cen. Córdoba–SdE,Copa de la Liga,24,1999,1,1,70,0.8,0,0,0,0,0,0,0,0,0.0,0.0,0.0,0.0,0,1,2,0.00,0.00,0.00,0.00,0.00,0.00,0.02,0.02,0.00,0.02,py PAR,FW,Cen. Córdoba–SdE,Copa de la Liga,24,1999,0.8,0,0,0,0,0.00,0.00,0,0,0,0,0,0,0.0,0.0,0,0.0,0.0,py PAR,FW,Cen. Córdoba–SdE,Copa de la Liga,24,1999,0.8,8,13,61.5,132,42,3,6,50.0,3,5,60.0,1,1,100.0,0,0.0,0.0,0.0,1,1,0,0,1,py PAR,FW,Cen. Córdoba–SdE,Copa de la Liga,24,1999,0.8,13,12,1,0,0,0,0,0,0,0,0,0,8,0,0,py PAR,FW,Cen. Córdoba–SdE,Copa de la Liga,24,1999,0.8,1,1.29,1,0,0,0,0,0,0,0.00,0,0,0,0,0,0,py PAR,FW,Cen. Córdoba–SdE,Copa de la Liga,24,1999,0.8,0,0,0,0,0,0,1,0.0,1,0,0,0,0,0,1,0,py PAR,FW,Cen. Córdoba–SdE,Copa de la Liga,24,1999,0.8,17,1,2,10,6,0,17,0,0,0,0,0,9,45,17,0,0,0,1,2,14,2,py PAR,FW,Cen. Córdoba–SdE,Copa de la Liga,24,1999,1,70,70,5.6,0.8,1,70,0,0,0,0,0.00,0,0,0,0.00,+0.76,0.2,0.3,-0.1,-0.15,+0.65,py PAR,FW,Cen. Córdoba–SdE,Copa de la Liga,24,1999,0.8,0,0,0,1,0,0,0,0,0,0,0,0,3,0,5,0.0
Cristian Ojeda,ar ARG,MF,Sarmiento,Copa de la Liga,25,1999,1,0,12,0.1,0,0,0,0,0,0,0,0,0.0,0.0,0.0,0.0,0,0,3,0.00,0.00,0.00,0.00,0.00,0.00,0.00,0.00,0.00,0.00,ar ARG,MF,Sarmiento,Copa de la Liga,25,1999,0.1,0,0,0,0,0.00,0.00,0,0,0,0,0,0,0.0,0.0,0,0.0,0.0,ar ARG,MF,Sarmiento,Copa de la Liga,25,1999,0.1,4,9,44.4,47,0,3,5,60.0,1,1,100.0,0,2,0.0,0,0.0,0.0,0.0,0,0,0,0,0,ar ARG,MF,Sarmiento,Copa de la Liga,25,1999,0.1,9,8,1,0,0,0,0,1,0,0,0,0,4,0,0,ar ARG,MF,Sarmiento,Copa de la Liga,25,1999,0.1,0,0.00,0,0,0,0,0,0,0,0.00,0,0,0,0,0,0,ar ARG,MF,Sarmiento,Copa de la Liga,25,1999,0.1,0,0,0,0,0,0,0,0,0,1,0,1,0,0,0,0,ar ARG,MF,Sarmiento,Copa de la Liga,25,1999,0.1,12,0,1,7,4,0,12,1,0,0.0,1,100.0,6,21,18,0,0,0,1,0,7,3,ar ARG,MF,Sarmiento,Copa de la Liga,25,1999,1,12,12,1.0,0.1,0,0,0,1,12,2,1.00,0,0,0,0.00,+0.72,0.0,0.0,0.0,-0.12,+0.37,ar ARG,MF,Sarmiento,Copa de la Liga,25,1999,0.1,0,0,0,0,0,0,0,0,0,0,0,0,3,0,0,0
Christian Ordoñez,ar ARG,MF,Vélez Sarsfield,Copa de la Liga,19,2004,13,11,"1,025",11.4,0,1,1,0,0,0,2,0,0.3,0.3,1.0,1.3,16,46,19,0.00,0.09,0.09,0.00,0.09,0.03,0.08,0.11,0.03,0.11,ar ARG,MF,Vélez Sarsfield,Copa de la Liga,19,2004,11.4,0,10,1,10.0,0.88,0.09,0.00,0.00,25.0,0,0,0,0.3,0.3,0.03,-0.3,-0.3,ar ARG,MF,Vélez Sarsfield,Copa de la Liga,19,2004,11.4,317,401,79.1,4954,1703,163,197,82.7,121,136,89.0,20,31,64.5,1,1.0,0.8,0.0,15,36,10,4,46,ar ARG,MF,Vélez Sarsfield,Copa de la Liga,19,2004,11.4,401,391,10,8,0,2,9,2,0,0,0,0,317,0,14,ar ARG,MF,Vélez Sarsfield,Copa de la Liga,19,2004,11.4,30,2.63,23,0,1,3,1,2,1,0.09,1,0,0,0,0,0,ar ARG,MF,Vélez Sarsfield,Copa de la Liga,19,2004,11.4,28,20,10,9,9,13,32,40.6,19,22,5,17,14,42,19,0,ar ARG,MF,Vélez Sarsfield,Copa de la Liga,19,2004,11.4,538,24,122,320,111,9,538,26,10,38.5,15,57.7,266,1619,767,16,12,1,17,10,313,19,ar ARG,MF,Vélez Sarsfield,Copa de la Liga,19,2004,13,"1,025",79,81.3,11.4,11,88,10,2,29,1,1.81,11,7,+4,+0.35,+1.50,13.0,8.4,+4.5,+0.40,+0.25,ar ARG,MF,Vélez Sarsfield,Copa de la Liga,19,2004,11.4,2,0,0,12,7,0,9,14,20,0,0,0,67,14,17,45.2
Matías Orihuela,ar ARG,DF,Atlé Tucumán,Copa de la Liga,31,1992,10,10,852,9.5,0,0,0,0,0,0,0,0,1.1,1.1,0.5,1.7,18,29,30,0.00,0.00,0.00,0.00,0.00,0.12,0.06,0.18,0.12,0.18,ar ARG,DF,Atlé Tucumán,Copa de la Liga,31,1992,9.5,0,10,2,20.0,1.06,0.21,0.00,0.00,15.9,0,0,0,1.1,1.1,0.11,-1.1,-1.1,ar ARG,DF,Atlé Tucumán,Copa de la Liga,31,1992,9.5,260,383,67.9,4463,2317,142,164,86.6,90,141,63.8,27,65,41.5,0,0.5,0.5,-0.5,9,28,7,3,29,ar ARG,DF,Atlé Tucumán,Copa de la Liga,31,1992,9.5,383,293,88,2,0,2,22,85,1,0,1,0,260,2,11,ar ARG,DF,Atlé Tucumán,Copa de la Liga,31,1992,9.5,20,2.12,16,3,1,0,0,0,0,0.00,0,0,0,0,0,0,ar ARG,DF,Atlé Tucumán,Copa de la Liga,31,1992,9.5,19,12,10,8,1,14,24,58.3,10,14,2,12,7,26,24,0,ar ARG,DF,Atlé Tucumán,Copa de la Liga,31,1992,9.5,490,20,142,223,133,18,490,19,9,47.4,9,47.4,196,1141,642,18,6,4,14,7,227,30,ar ARG,DF,Atlé Tucumán,Copa de la Liga,31,1992,10,852,85,67.6,9.5,10,85,7,0,0,4,0.50,2,13,-11,-1.16,-0.28,9.8,13.8,-4.1,-0.43,-0.90,ar ARG,DF,Atlé Tucumán,Copa de la Liga,31,1992,9.5,0,0,0,9,5,2,22,7,12,0,0,0,44,7,11,38.9
Nicolás Oróz,ar ARG,"MF,FW",Arg Juniors,Copa de la Liga,29,1994,12,11,851,9.5,0,4,4,0,0,0,0,0,0.3,0.3,1.8,2.1,12,48,37,0.00,0.42,0.42,0.00,0.42,0.03,0.19,0.22,0.03,0.22,ar ARG,"MF,FW",Arg Juniors,Copa de la Liga,29,1994,9.5,0,7,1,14.3,0.74,0.11,0.00,0.00,19.2,1,0,0,0.3,0.3,0.04,-0.3,-0.3,ar ARG,"MF,FW",Arg Juniors,Copa de la Liga,29,1994,9.5,332,431,77.0,6214,1812,128,152,84.2,149,174,85.6,43,73,58.9,4,1.8,1.7,+2.2,16,27,11,3,48,ar ARG,"MF,FW",Arg Juniors,Copa de la Liga,29,1994,9.5,431,386,45,11,2,5,38,4,22,11,7,1,332,0,12,ar ARG,"MF,FW",Arg Juniors,Copa de la Liga,29,1994,9.5,28,2.96,19,7,1,1,0,0,7,0.74,6,0,0,1,0,0,ar ARG,"MF,FW",Arg Juniors,Copa de la Liga,29,1994,9.5,29,19,13,14,2,14,31,45.2,17,9,1,8,10,39,7,0,ar ARG,"MF,FW",Arg Juniors,Copa de la Liga,29,1994,9.5,561,12,94,324,150,13,561,26,9,34.6,16,61.5,312,1401,542,12,14,2,27,14,323,37,ar ARG,"MF,FW",Arg Juniors,Copa de la Liga,29,1994,12,851,71,67.5,9.5,11,76,3,1,13,1,2.00,20,7,+13,+1.37,+1.81,13.6,10.1,+3.5,+0.37,+0.71,ar ARG,"MF,FW",Arg Juniors,Copa de la Liga,29,1994,9.5,0,0,0,11,5,0,38,10,19,0,0,0,76,7,8,46.7
Nicolás Orsini,ar ARG,FW,Unión,Copa de la Liga,29,1994,13,3,388,4.3,1,0,1,1,0,0,0,0,0.8,0.8,0.1,1.0,1,5,37,0.23,0.00,0.23,0.23,0.23,0.19,0.03,0.23,0.19,0.23,ar ARG,FW,Unión,Copa de la Liga,29,1994,4.3,1,10,3,30.0,2.32,0.70,0.10,0.33,14.5,0,0,0,0.8,0.8,0.08,+0.2,+0.2,ar ARG,FW,Unión,Copa de la Liga,29,1994,4.3,71,113,62.8,949,196,43,59,72.9,21,32,65.6,1,2,50.0,0,0.1,0.3,-0.1,4,6,2,1,5,ar ARG,FW,Unión,Copa de la Liga,29,1994,4.3,113,102,8,0,0,0,4,1,0,0,0,0,71,3,4,ar ARG,FW,Unión,Copa de la Liga,29,1994,4.3,12,2.76,6,1,0,2,3,0,2,0.46,0,0,0,1,1,0,ar ARG,FW,Unión,Copa de la Liga,29,1994,4.3,1,0,0,0,1,0,2,0.0,2,4,2,2,0,1,4,0,ar ARG,FW,Unión,Copa de la Liga,29,1994,4.3,167,6,10,79,80,19,167,8,4,50.0,3,37.5,83,310,59,1,0,0,15,7,126,37,ar ARG,FW,Unión,Copa de la Liga,29,1994,13,388,30,30.8,4.3,3,63,0,10,20,1,1.54,9,4,+5,+1.16,+1.47,4.4,4.5,-0.2,-0.04,+0.03,ar ARG,FW,Unión,Copa de la Liga,29,1994,4.3,0,0,0,7,11,5,4,0,0,0,0,0,17,19,40,32.2
Mateo Ortale,ar ARG,DF,Ind. Rivadavia,Copa de la Liga,21,2002,1,0,1,0.0,0,0,0,0,0,0,0,0,0.0,0.0,0.0,0.0,0,0,0,0.00,0.00,0.00,0.00,0.00,0.00,0.00,0.00,0.00,0.00,ar ARG,DF,Ind. Rivadavia,Copa de la Liga,21,2002,0.0,0,0,0,0,0.00,0.00,0,0,0,0,0,0,0.0,0.0,0,0.0,0.0,ar ARG,DF,Ind. Rivadavia,Copa de la Liga,21,2002,0.0,0,0,0,0,0,0,0,0,0,0,0,0,0,0,0,0.0,0.0,0.0,0,0,0,0,0,ar ARG,DF,Ind. Rivadavia,Copa de la Liga,21,2002,0.0,0,0,0,0,0,0,0,0,0,0,0,0,0,0,0,ar ARG,DF,Ind. Rivadavia,Copa de la Liga,21,2002,0.0,0,0.00,0,0,0,0,0,0,0,0.00,0,0,0,0,0,0,ar ARG,DF,Ind. Rivadavia,Copa de la Liga,21,2002,0.0,0,0,0,0,0,0,0,0,0,0,0,0,0,0,0,0,ar ARG,DF,Ind. Rivadavia,Copa de la Liga,21,2002,0.0,0,0,0,0,0,0,0,0,0,0,0,0,0,0,0,0,0,0,0,0,0,0,ar ARG,DF,Ind. Rivadavia,Copa de la Liga,21,2002,1,1,1,0.1,0.0,0,0,0,1,1,3,3.00,0,0,0,0.00,+0.86,0.0,0.0,0.0,0.00,+0.65,ar ARG,DF,Ind. Rivadavia,Copa de la Liga,21,2002,0.0,0,0,0,0,0,0,0,0,0,0,0,0,0,0,0,0
Martín Ortega,ar ARG,DF,Tigre,Copa de la Liga,24,1999,11,9,846,9.4,1,0,1,1,0,0,0,0,0.3,0.3,1.0,1.3,17,23,57,0.11,0.00,0.11,0.11,0.11,0.03,0.10,0.13,0.03,0.13,ar ARG,DF,Tigre,Copa de la Liga,24,1999,9.4,1,7,3,42.9,0.74,0.32,0.14,0.33,19.8,0,0,0,0.3,0.3,0.04,+0.7,+0.7,ar ARG,DF,Tigre,Copa de la Liga,24,1999,9.4,322,453,71.1,5029,2086,173,196,88.3,120,162,74.1,20,55,36.4,0,1.0,0.4,-1.0,10,28,8,7,23,ar ARG,DF,Tigre,Copa de la Liga,24,1999,9.4,453,346,106,13,0,2,37,93,0,0,0,0,322,1,19,ar ARG,DF,Tigre,Copa de la Liga,24,1999,9.4,25,2.66,15,2,5,3,0,0,2,0.21,1,0,1,0,0,0,ar ARG,DF,Tigre,Copa de la Liga,24,1999,9.4,25,13,13,11,1,8,13,61.5,5,12,0,12,8,33,27,0,ar ARG,DF,Tigre,Copa de la Liga,24,1999,9.4,579,37,172,258,158,14,579,36,21,58.3,15,41.7,262,1479,658,17,11,4,9,19,281,57,ar ARG,DF,Tigre,Copa de la Liga,24,1999,11,846,77,67.1,9.4,9,85,8,2,41,3,0.36,6,17,-11,-1.17,+0.35,6.9,14.8,-7.9,-0.84,-0.34,ar ARG,DF,Tigre,Copa de la Liga,24,1999,9.4,0,0,0,11,7,1,37,8,13,0,0,0,68,9,5,64.3
Diego Ortegoza,cl CHI,MF,Talleres,Copa de la Liga,26,1997,10,5,476,5.3,0,0,0,0,0,0,1,0,0.7,0.7,0.1,0.8,15,13,9,0.00,0.00,0.00,0.00,0.00,0.13,0.02,0.14,0.13,0.14,cl CHI,MF,Talleres,Copa de la Liga,26,1997,5.3,0,10,6,60.0,1.89,1.13,0.00,0.00,26.2,0,0,0,0.7,0.7,0.07,-0.7,-0.7,cl CHI,MF,Talleres,Copa de la Liga,26,1997,5.3,145,179,81.0,2391,454,82,95,86.3,48,58,82.8,15,18,83.3,0,0.1,0.1,-0.1,3,20,1,1,13,cl CHI,MF,Talleres,Copa de la Liga,26,1997,5.3,179,174,3,2,0,2,6,1,0,0,0,0,145,2,5,cl CHI,MF,Talleres,Copa de la Liga,26,1997,5.3,13,2.46,10,0,1,1,0,1,1,0.19,1,0,0,0,0,0,cl CHI,MF,Talleres,Copa de la Liga,26,1997,5.3,16,9,7,9,0,3,9,33.3,6,11,1,10,4,20,8,0,cl CHI,MF,Talleres,Copa de la Liga,26,1997,5.3,258,7,41,165,59,3,258,22,11,50.0,11,50.0,140,1011,472,15,11,1,8,5,151,9,cl CHI,MF,Talleres,Copa de la Liga,26,1997,10,476,48,37.8,5.3,5,76,2,5,19,4,2.00,8,3,+5,+0.95,+0.60,8.1,5.3,+2.8,+0.54,+0.13,cl CHI,MF,Talleres,Copa de la Liga,26,1997,5.3,1,0,0,8,8,0,6,4,9,0,0,0,39,1,4,20.0
Kevin Ortíz,ar ARG,MF,Rosario Central,Copa de la Liga,23,2000,10,9,729,8.1,0,0,0,0,0,0,3,0,0.1,0.1,0.1,0.2,3,25,3,0.00,0.00,0.00,0.00,0.00,0.02,0.01,0.03,0.02,0.03,ar ARG,MF,Rosario Central,Copa de la Liga,23,2000,8.1,0,8,1,12.5,0.99,0.12,0.00,0.00,32.0,0,0,0,0.1,0.1,0.02,-0.1,-0.1,ar ARG,MF,Rosario Central,Copa de la Liga,23,2000,8.1,260,340,76.5,4932,1387,99,122,81.1,126,150,84.0,33,48,68.8,0,0.1,0.2,-0.1,1,19,4,0,25,ar ARG,MF,Rosario Central,Copa de la Liga,23,2000,8.1,340,334,5,5,0,2,0,0,0,0,0,0,260,1,10,ar ARG,MF,Rosario Central,Copa de la Liga,23,2000,8.1,9,1.11,4,0,1,2,2,0,1,0.12,0,0,0,0,1,0,ar ARG,MF,Rosario Central,Copa de la Liga,23,2000,8.1,23,11,15,7,1,13,38,34.2,25,14,4,10,20,43,11,0,ar ARG,MF,Rosario Central,Copa de la Liga,23,2000,8.1,448,24,130,294,31,0,448,17,11,64.7,3,17.6,229,979,422,3,5,0,7,9,231,3,ar ARG,MF,Rosario Central,Copa de la Liga,23,2000,10,729,73,57.9,8.1,9,78,4,1,29,1,1.10,6,12,-6,-0.74,-0.40,6.2,11.0,-4.7,-0.59,-0.13,ar ARG,MF,Rosario Central,Copa de la Liga,23,2000,8.1,3,0,0,13,14,0,0,20,11,0,0,0,57,15,17,46.9
Mauro Ortiz,ar ARG,MF,Deportivo Riestra,Copa de la Liga,29,1994,6,3,254,2.8,1,0,1,1,0,0,2,0,0.5,0.5,0.2,0.7,8,8,13,0.35,0.00,0.35,0.35,0.35,0.17,0.07,0.24,0.17,0.24,ar ARG,MF,Deportivo Riestra,Copa de la Liga,29,1994,2.8,1,5,1,20.0,1.77,0.35,0.20,1.00,17.8,0,0,0,0.5,0.5,0.10,+0.5,+0.5,ar ARG,MF,Deportivo Riestra,Copa de la Liga,29,1994,2.8,29,59,49.2,443,187,17,23,73.9,6,16,37.5,4,10,40.0,0,0.2,0.2,-0.2,2,5,3,0,8,ar ARG,MF,Deportivo Riestra,Copa de la Liga,29,1994,2.8,59,55,4,0,0,0,10,0,4,0,3,0,29,0,7,ar ARG,MF,Deportivo Riestra,Copa de la Liga,29,1994,2.8,12,4.25,6,1,2,1,2,0,1,0.35,1,0,0,0,0,0,ar ARG,MF,Deportivo Riestra,Copa de la Liga,29,1994,2.8,4,4,0,3,1,1,4,25.0,3,1,0,1,2,6,2,0,ar ARG,MF,Deportivo Riestra,Copa de la Liga,29,1994,2.8,88,1,12,25,52,9,88,5,2,40.0,3,60.0,47,298,146,8,3,4,8,4,49,13,ar ARG,MF,Deportivo Riestra,Copa de la Liga,29,1994,6,254,42,20.2,2.8,3,55,0,3,29,4,1.17,3,2,+1,+0.35,+1.16,1.9,3.0,-1.1,-0.39,+0.49,ar ARG,MF,Deportivo Riestra,Copa de la Liga,29,1994,2.8,2,0,0,5,3,1,10,2,4,0,0,0,11,0,5,0.0
Sergio Ortíz,ar ARG,"MF,DF",Atlé Tucumán,Copa de la Liga,22,2001,6,0,132,1.5,0,0,0,0,0,0,0,0,0.0,0.0,0.0,0.0,1,2,2,0.00,0.00,0.00,0.00,0.00,0.00,0.03,0.03,0.00,0.03,ar ARG,"MF,DF",Atlé Tucumán,Copa de la Liga,22,2001,1.5,0,0,0,0,0.00,0.00,0,0,0,0,0,0,0.0,0.0,0,0.0,0.0,ar ARG,"MF,DF",Atlé Tucumán,Copa de la Liga,22,2001,1.5,29,38,76.3,481,199,15,17,88.2,7,8,87.5,5,7,71.4,0,0.0,0.1,0.0,2,0,2,1,2,ar ARG,"MF,DF",Atlé Tucumán,Copa de la Liga,22,2001,1.5,38,36,2,0,0,1,2,2,0,0,0,0,29,0,1,ar ARG,"MF,DF",Atlé Tucumán,Copa de la Liga,22,2001,1.5,4,2.73,2,0,1,0,0,1,0,0.00,0,0,0,0,0,0,ar ARG,"MF,DF",Atlé Tucumán,Copa de la Liga,22,2001,1.5,4,4,1,3,0,1,6,16.7,5,1,0,1,1,5,1,0,ar ARG,"MF,DF",Atlé Tucumán,Copa de la Liga,22,2001,1.5,49,2,12,32,8,0,49,2,1,50.0,0,0.0,21,111,21,1,2,0,3,1,22,2,ar ARG,"MF,DF",Atlé Tucumán,Copa de la Liga,22,2001,6,132,22,10.5,1.5,0,0,0,6,22,8,0.67,0,1,-1,-0.68,+0.44,1.2,2.1,-0.9,-0.62,-0.54,ar ARG,"MF,DF",Atlé Tucumán,Copa de la Liga,22,2001,1.5,0,0,0,2,1,0,2,1,4,0,0,0,6,6,3,66.7
Abiel Osorio,ar ARG,"FW,MF",Vélez Sarsfield,Copa de la Liga,21,2002,8,0,159,1.8,1,1,2,1,0,0,0,0,0.0,0.0,0.6,0.7,2,1,15,0.57,0.57,1.13,0.57,1.13,0.02,0.35,0.37,0.02,0.37,ar ARG,"FW,MF",Vélez Sarsfield,Copa de la Liga,21,2002,1.8,1,2,2,100.0,1.13,1.13,0.50,0.50,13.8,0,0,0,0.0,0.0,0.02,+1.0,+1.0,ar ARG,"FW,MF",Vélez Sarsfield,Copa de la Liga,21,2002,1.8,28,43,65.1,341,12,16,20,80.0,4,7,57.1,1,2,50.0,1,0.6,0.5,+0.4,3,1,0,0,1,ar ARG,"FW,MF",Vélez Sarsfield,Copa de la Liga,21,2002,1.8,43,40,2,0,0,1,0,0,0,0,0,0,28,1,5,ar ARG,"FW,MF",Vélez Sarsfield,Copa de la Liga,21,2002,1.8,4,2.26,4,0,0,0,0,0,2,1.13,2,0,0,0,0,0,ar ARG,"FW,MF",Vélez Sarsfield,Copa de la Liga,21,2002,1.8,4,2,0,3,1,1,2,50.0,1,2,0,2,1,5,1,0,ar ARG,"FW,MF",Vélez Sarsfield,Copa de la Liga,21,2002,1.8,66,1,5,27,34,9,66,3,3,100.0,0,0.0,40,153,60,2,0,1,7,2,47,15,ar ARG,"FW,MF",Vélez Sarsfield,Copa de la Liga,21,2002,8,159,20,12.6,1.8,0,0,0,8,20,1,1.50,5,1,+4,+2.26,+2.51,3.4,1.9,+1.5,+0.83,+0.55,ar ARG,"FW,MF",Vélez Sarsfield,Copa de la Liga,21,2002,1.8,0,0,0,1,5,1,0,1,2,0,0,0,7,7,13,35.0
Tobías Ostchega,ar ARG,"DF,MF",Ind. Rivadavia,Copa de la Liga,25,1998,10,6,657,7.3,0,0,0,0,0,0,1,0,0.3,0.3,0.5,0.8,15,40,22,0.00,0.00,0.00,0.00,0.00,0.03,0.07,0.10,0.03,0.10,ar ARG,"DF,MF",Ind. Rivadavia,Copa de la Liga,25,1998,7.3,0,5,1,20.0,0.68,0.14,0.00,0.00,13.8,0,0,0,0.3,0.3,0.05,-0.3,-0.3,ar ARG,"DF,MF",Ind. Rivadavia,Copa de la Liga,25,1998,7.3,214,290,73.8,3556,1441,109,125,87.2,88,112,78.6,12,36,33.3,0,0.5,0.7,-0.5,5,27,5,2,40,ar ARG,"DF,MF",Ind. Rivadavia,Copa de la Liga,25,1998,7.3,290,239,51,11,0,4,23,37,3,1,0,0,214,0,12,ar ARG,"DF,MF",Ind. Rivadavia,Copa de la Liga,25,1998,7.3,18,2.47,10,3,3,1,0,1,1,0.14,0,0,0,0,0,1,ar ARG,"DF,MF",Ind. Rivadavia,Copa de la Liga,25,1998,7.3,7,5,2,4,1,5,9,55.6,4,10,1,9,15,22,21,0,ar ARG,"DF,MF",Ind. Rivadavia,Copa de la Liga,25,1998,7.3,372,26,97,193,86,7,372,23,16,69.6,6,26.1,183,1057,594,15,12,2,9,6,189,22,ar ARG,"DF,MF",Ind. Rivadavia,Copa de la Liga,25,1998,10,657,66,52.1,7.3,6,85,5,4,37,4,0.80,5,15,-10,-1.37,-1.07,8.2,12.4,-4.2,-0.57,+0.16,ar ARG,"DF,MF",Ind. Rivadavia,Copa de la Liga,25,1998,7.3,1,0,0,7,6,0,23,15,5,0,0,0,38,7,6,53.8
Tobías Palacio,ar ARG,DF,Arg Juniors,Copa de la Liga,17,2006,13,12,"1,113",12.4,0,0,0,0,0,0,2,0,0.2,0.2,0.0,0.2,6,21,1,0.00,0.00,0.00,0.00,0.00,0.02,0.00,0.02,0.02,0.02,ar ARG,DF,Arg Juniors,Copa de la Liga,17,2006,12.4,0,4,0,0.0,0.32,0.00,0.00,0,13.8,0,0,0,0.2,0.2,0.05,-0.2,-0.2,ar ARG,DF,Arg Juniors,Copa de la Liga,17,2006,12.4,457,556,82.2,8834,3404,156,178,87.6,239,272,87.9,57,96,59.4,0,0.0,0.0,0.0,1,12,0,0,21,ar ARG,DF,Arg Juniors,Copa de la Liga,17,2006,12.4,556,543,13,6,0,0,1,0,0,0,0,0,457,0,4,ar ARG,DF,Arg Juniors,Copa de la Liga,17,2006,12.4,6,0.48,6,0,0,0,0,0,1,0.08,1,0,0,0,0,0,ar ARG,DF,Arg Juniors,Copa de la Liga,17,2006,12.4,17,9,13,4,0,9,16,56.3,7,13,8,5,13,30,63,0,ar ARG,DF,Arg Juniors,Copa de la Liga,17,2006,12.4,684,89,419,256,11,4,684,5,3,60.0,2,40.0,397,2051,1171,6,0,0,4,2,416,1,ar ARG,DF,Arg Juniors,Copa de la Liga,17,2006,13,"1,113",86,88.3,12.4,12,90,12,1,33,1,1.86,21,11,+10,+0.81,+0.20,16.1,15.0,+1.1,+0.09,-0.43,ar ARG,DF,Arg Juniors,Copa de la Liga,17,2006,12.4,2,0,0,12,2,0,1,13,9,0,0,1,42,25,22,53.2
Tiago Palacios,uy URU,"MF,FW",Estudiantes–LP,Copa de la Liga,22,2001,9,5,440,4.9,4,2,6,4,0,0,1,1,1.7,1.7,0.5,2.2,24,25,40,0.82,0.41,1.23,0.82,1.23,0.35,0.11,0.45,0.35,0.45,uy URU,"MF,FW",Estudiantes–LP,Copa de la Liga,22,2001,4.9,4,22,7,31.8,4.50,1.43,0.18,0.57,20.6,0,0,0,1.7,1.7,0.08,+2.3,+2.3,uy URU,"MF,FW",Estudiantes–LP,Copa de la Liga,22,2001,4.9,169,207,81.6,2410,623,105,118,89.0,42,52,80.8,14,19,73.7,2,0.5,0.8,+1.5,11,16,8,0,25,uy URU,"MF,FW",Estudiantes–LP,Copa de la Liga,22,2001,4.9,207,202,3,1,3,1,3,1,1,1,0,0,169,2,7,uy URU,"MF,FW",Estudiantes–LP,Copa de la Liga,22,2001,4.9,24,4.91,14,1,6,2,1,0,5,1.02,1,0,2,1,1,0,uy URU,"MF,FW",Estudiantes–LP,Copa de la Liga,22,2001,4.9,12,8,3,6,3,8,13,61.5,5,5,1,4,0,12,6,0,uy URU,"MF,FW",Estudiantes–LP,Copa de la Liga,22,2001,4.9,298,4,28,143,131,28,298,36,21,58.3,13,36.1,187,1109,662,24,16,10,12,19,223,40,uy URU,"MF,FW",Estudiantes–LP,Copa de la Liga,22,2001,9,440,49,34.9,4.9,5,68,1,4,25,0,1.58,10,4,+6,+1.23,+0.79,7.4,3.5,+3.8,+0.79,+0.30,uy URU,"MF,FW",Estudiantes–LP,Copa de la Liga,22,2001,4.9,1,1,0,16,11,0,3,0,8,0,0,0,23,5,6,45.5
Tomás Palacios,ar ARG,DF,Ind. Rivadavia,Copa de la Liga,20,2003,6,5,461,5.1,0,0,0,0,0,0,2,0,0.3,0.3,0.0,0.3,8,8,1,0.00,0.00,0.00,0.00,0.00,0.07,0.00,0.07,0.07,0.07,ar ARG,DF,Ind. Rivadavia,Copa de la Liga,20,2003,5.1,0,6,1,16.7,1.17,0.20,0.00,0.00,18.9,0,0,0,0.3,0.3,0.06,-0.3,-0.3,ar ARG,DF,Ind. Rivadavia,Copa de la Liga,20,2003,5.1,142,194,73.2,3338,1190,41,54,75.9,66,77,85.7,34,61,55.7,0,0.0,0.0,0.0,0,11,0,0,8,ar ARG,DF,Ind. Rivadavia,Copa de la Liga,20,2003,5.1,194,185,9,7,0,9,0,2,0,0,0,0,142,0,0,ar ARG,DF,Ind. Rivadavia,Copa de la Liga,20,2003,5.1,3,0.59,1,0,1,1,0,0,0,0.00,0,0,0,0,0,0,ar ARG,DF,Ind. Rivadavia,Copa de la Liga,20,2003,5.1,9,7,6,2,1,4,5,80.0,1,6,3,3,6,15,17,0,ar ARG,DF,Ind. Rivadavia,Copa de la Liga,20,2003,5.1,251,31,125,115,15,6,251,12,8,66.7,2,16.7,132,992,662,8,2,1,4,3,125,1,ar ARG,DF,Ind. Rivadavia,Copa de la Liga,20,2003,6,461,77,36.6,5.1,5,84,3,1,41,8,0.33,3,11,-8,-1.56,-1.11,4.3,8.2,-4.0,-0.78,-0.20,ar ARG,DF,Ind. Rivadavia,Copa de la Liga,20,2003,5.1,2,0,0,1,10,0,0,6,7,0,0,0,26,11,10,52.4
Agustín Palavecino,ar ARG,"MF,FW",River Plate,Copa de la Liga,27,1996,4,0,92,1.0,0,0,0,0,0,0,0,0,0.0,0.0,0.1,0.1,3,6,5,0.00,0.00,0.00,0.00,0.00,0.04,0.07,0.10,0.04,0.10,ar ARG,"MF,FW",River Plate,Copa de la Liga,27,1996,1.0,0,2,0,0.0,1.96,0.00,0.00,0,28.1,0,0,0,0.0,0.0,0.02,0.0,0.0,ar ARG,"MF,FW",River Plate,Copa de la Liga,27,1996,1.0,47,61,77.0,813,234,27,29,93.1,10,14,71.4,8,13,61.5,0,0.1,0.1,-0.1,1,5,1,0,6,ar ARG,"MF,FW",River Plate,Copa de la Liga,27,1996,1.0,61,54,7,3,0,2,4,2,2,1,1,0,47,0,0,ar ARG,"MF,FW",River Plate,Copa de la Liga,27,1996,1.0,4,3.87,3,1,0,0,0,0,0,0.00,0,0,0,0,0,0,ar ARG,"MF,FW",River Plate,Copa de la Liga,27,1996,1.0,7,2,2,4,1,1,3,33.3,2,4,0,4,1,8,2,0,ar ARG,"MF,FW",River Plate,Copa de la Liga,27,1996,1.0,86,1,14,41,33,4,86,3,2,66.7,1,33.3,47,239,144,3,2,0,7,3,53,5,ar ARG,"MF,FW",River Plate,Copa de la Liga,27,1996,4,92,23,7.3,1.0,0,0,0,4,23,8,2.50,1,0,+1,+0.98,-0.18,1.1,0.8,+0.3,+0.28,-0.75,ar ARG,"MF,FW",River Plate,Copa de la Liga,27,1996,1.0,0,0,0,2,1,0,4,1,2,0,0,0,5,0,2,0.0
Lucas Palavecino,ar ARG,MF,Banfield,Copa de la Liga,20,2003,6,0,76,0.8,0,0,0,0,0,0,0,0,0.0,0.0,0.1,0.2,2,9,1,0.00,0.00,0.00,0.00,0.00,0.05,0.14,0.19,0.05,0.19,ar ARG,MF,Banfield,Copa de la Liga,20,2003,0.8,0,2,0,0.0,2.37,0.00,0.00,0,26.2,0,0,0,0.0,0.0,0.02,0.0,0.0,ar ARG,MF,Banfield,Copa de la Liga,20,2003,0.8,41,55,74.5,720,238,16,20,80.0,20,25,80.0,5,9,55.6,0,0.1,0.2,-0.1,1,3,0,0,9,ar ARG,MF,Banfield,Copa de la Liga,20,2003,0.8,55,54,1,1,0,1,0,0,0,0,0,0,41,0,1,ar ARG,MF,Banfield,Copa de la Liga,20,2003,0.8,3,3.55,2,1,0,0,0,0,0,0.00,0,0,0,0,0,0,ar ARG,MF,Banfield,Copa de la Liga,20,2003,0.8,2,1,0,2,0,1,8,12.5,7,2,1,1,1,3,3,0,ar ARG,MF,Banfield,Copa de la Liga,20,2003,0.8,76,3,16,53,8,1,76,4,2,50.0,2,50.0,39,221,103,2,1,0,3,1,37,1,ar ARG,MF,Banfield,Copa de la Liga,20,2003,6,76,13,6.0,0.8,0,0,0,6,13,6,1.00,3,3,0,0.00,+0.08,1.2,1.8,-0.7,-0.77,-0.66,ar ARG,MF,Banfield,Copa de la Liga,20,2003,0.8,0,0,0,3,2,0,0,1,1,0,0,0,9,0,5,0.0
Matías Palavecino,ar ARG,MF,Belgrano,Copa de la Liga,25,1998,2,0,39,0.4,0,0,0,0,0,0,0,0,0.0,0.0,0.0,0.0,1,2,1,0.00,0.00,0.00,0.00,0.00,0.00,0.00,0.00,0.00,0.00,ar ARG,MF,Belgrano,Copa de la Liga,25,1998,0.4,0,0,0,0,0.00,0.00,0,0,0,0,0,0,0.0,0.0,0,0.0,0.0,ar ARG,MF,Belgrano,Copa de la Liga,25,1998,0.4,13,15,86.7,219,84,5,5,100.0,6,8,75.0,1,1,100.0,0,0.0,0.1,0.0,0,0,0,0,2,ar ARG,MF,Belgrano,Copa de la Liga,25,1998,0.4,15,14,1,1,1,1,0,0,0,0,0,0,13,0,0,ar ARG,MF,Belgrano,Copa de la Liga,25,1998,0.4,0,0.00,0,0,0,0,0,0,0,0.00,0,0,0,0,0,0,ar ARG,MF,Belgrano,Copa de la Liga,25,1998,0.4,1,1,1,0,0,1,2,50.0,1,0,0,0,1,2,1,0,ar ARG,MF,Belgrano,Copa de la Liga,25,1998,0.4,20,2,6,12,2,1,20,0,0,0,0,0,12,43,17,1,0,0,1,0,12,1,ar ARG,MF,Belgrano,Copa de la Liga,25,1998,2,39,20,3.1,0.4,0,0,0,2,20,9,3.00,2,0,+2,+4.62,+4.91,0.5,0.1,+0.4,+1.01,+1.12,ar ARG,MF,Belgrano,Copa de la Liga,25,1998,0.4,0,0,0,0,1,0,0,1,1,0,0,0,4,0,0,0
Nicolás Palavecino,ar ARG,"MF,FW",Defensa y Just,Copa de la Liga,20,2003,3,1,112,1.2,0,0,0,0,0,0,0,0,0.5,0.5,0.2,0.6,3,0,9,0.00,0.00,0.00,0.00,0.00,0.36,0.13,0.50,0.36,0.50,ar ARG,"MF,FW",Defensa y Just,Copa de la Liga,20,2003,1.2,0,1,0,0.0,0.80,0.00,0.00,0,8.4,0,0,0,0.5,0.5,0.46,-0.5,-0.5,ar ARG,"MF,FW",Defensa y Just,Copa de la Liga,20,2003,1.2,16,23,69.6,255,54,10,12,83.3,5,6,83.3,1,4,25.0,0,0.2,0.1,-0.2,2,0,0,0,0,ar ARG,"MF,FW",Defensa y Just,Copa de la Liga,20,2003,1.2,23,22,1,1,0,0,1,0,0,0,0,0,16,0,1,ar ARG,"MF,FW",Defensa y Just,Copa de la Liga,20,2003,1.2,5,3.98,3,0,1,0,1,0,2,1.59,0,0,1,0,1,0,ar ARG,"MF,FW",Defensa y Just,Copa de la Liga,20,2003,1.2,1,1,0,1,0,1,3,33.3,2,1,0,1,0,1,1,0,ar ARG,"MF,FW",Defensa y Just,Copa de la Liga,20,2003,1.2,49,0,13,23,17,4,49,13,5,38.5,7,53.8,26,203,107,3,1,2,7,0,25,9,ar ARG,"MF,FW",Defensa y Just,Copa de la Liga,20,2003,3,112,37,8.9,1.2,1,64,0,2,24,4,2.00,3,0,+3,+2.41,+2.33,2.6,1.0,+1.6,+1.24,+1.41,ar ARG,"MF,FW",Defensa y Just,Copa de la Liga,20,2003,1.2,0,0,0,2,4,0,1,0,1,1,0,0,8,1,2,33.3
Franco Paredes,ar ARG,DF,Sarmiento,Copa de la Liga,24,1999,7,7,516,5.7,0,0,0,0,0,0,2,0,0.3,0.3,0.0,0.4,2,15,7,0.00,0.00,0.00,0.00,0.00,0.06,0.00,0.06,0.06,0.06,ar ARG,DF,Sarmiento,Copa de la Liga,24,1999,5.7,0,4,2,50.0,0.70,0.35,0.00,0.00,10.3,0,0,0,0.3,0.3,0.08,-0.3,-0.3,ar ARG,DF,Sarmiento,Copa de la Liga,24,1999,5.7,141,202,69.8,2871,1199,45,57,78.9,72,93,77.4,22,41,53.7,0,0.0,0.0,0.0,1,11,3,0,15,ar ARG,DF,Sarmiento,Copa de la Liga,24,1999,5.7,202,172,29,10,0,3,6,19,0,0,0,0,141,1,5,ar ARG,DF,Sarmiento,Copa de la Liga,24,1999,5.7,4,0.70,2,1,0,1,0,0,1,0.17,1,0,0,0,0,0,ar ARG,DF,Sarmiento,Copa de la Liga,24,1999,5.7,8,6,5,2,1,5,7,71.4,2,10,5,5,5,13,25,0,ar ARG,DF,Sarmiento,Copa de la Liga,24,1999,5.7,264,27,117,125,24,4,264,7,5,71.4,2,28.6,108,686,429,2,2,0,6,0,116,7,ar ARG,DF,Sarmiento,Copa de la Liga,24,1999,7,516,74,41.0,5.7,7,74,4,0,0,0,0.57,3,8,-5,-0.87,-0.27,3.1,8.1,-5.1,-0.89,-0.68,ar ARG,DF,Sarmiento,Copa de la Liga,24,1999,5.7,2,0,0,7,4,0,6,5,6,0,1,0,20,13,7,65.0
Lucas Passerini,ar ARG,FW,Belgrano,Copa de la Liga,29,1994,11,11,955,10.6,6,1,7,5,1,1,2,1,5.2,4.4,1.1,5.4,10,27,69,0.57,0.09,0.66,0.47,0.57,0.49,0.10,0.59,0.41,0.51,ar ARG,FW,Belgrano,Copa de la Liga,29,1994,10.6,6,26,11,42.3,2.45,1.04,0.19,0.45,14.9,1,1,1,5.2,4.4,0.17,+0.8,+0.6,ar ARG,FW,Belgrano,Copa de la Liga,29,1994,10.6,129,212,60.8,1866,386,63,104,60.6,39,57,68.4,11,16,68.8,1,1.1,0.9,-0.1,9,14,7,0,27,ar ARG,FW,Belgrano,Copa de la Liga,29,1994,10.6,212,192,19,0,2,4,4,2,0,0,0,0,129,1,7,ar ARG,FW,Belgrano,Copa de la Liga,29,1994,10.6,23,2.17,14,0,1,4,4,0,5,0.47,2,0,1,1,1,0,ar ARG,FW,Belgrano,Copa de la Liga,29,1994,10.6,5,2,1,2,2,2,2,100.0,0,5,3,2,2,7,11,0,ar ARG,FW,Belgrano,Copa de la Liga,29,1994,10.6,349,13,22,150,178,55,348,26,11,42.3,15,57.7,201,817,329,10,8,5,49,30,291,69,ar ARG,FW,Belgrano,Copa de la Liga,29,1994,11,955,87,75.8,10.6,11,87,10,0,0,0,0.73,13,14,-1,-0.09,+0.20,11.6,14.1,-2.5,-0.23,-0.64,ar ARG,FW,Belgrano,Copa de la Liga,29,1994,10.6,2,1,1,17,20,9,4,2,2,0,0,0,21,34,34,50.0
Lautaro Pastrán,ar ARG,"MF,FW",Belgrano,Copa de la Liga,21,2002,5,0,87,1.0,0,0,0,0,0,0,2,0,0.2,0.2,0.0,0.2,4,1,5,0.00,0.00,0.00,0.00,0.00,0.19,0.02,0.21,0.19,0.21,ar ARG,"MF,FW",Belgrano,Copa de la Liga,21,2002,1.0,0,2,1,50.0,2.07,1.03,0.00,0.00,16.8,0,0,0,0.2,0.2,0.09,-0.2,-0.2,ar ARG,"MF,FW",Belgrano,Copa de la Liga,21,2002,1.0,13,23,56.5,210,28,8,11,72.7,4,7,57.1,1,3,33.3,0,0.0,0.0,0.0,1,2,0,0,1,ar ARG,"MF,FW",Belgrano,Copa de la Liga,21,2002,1.0,23,23,0,0,0,0,4,0,0,0,0,0,13,0,2,ar ARG,"MF,FW",Belgrano,Copa de la Liga,21,2002,1.0,4,4.14,3,0,1,0,0,0,0,0.00,0,0,0,0,0,0,ar ARG,"MF,FW",Belgrano,Copa de la Liga,21,2002,1.0,3,2,2,0,1,2,4,50.0,2,4,1,3,0,3,1,0,ar ARG,"MF,FW",Belgrano,Copa de la Liga,21,2002,1.0,52,1,7,17,29,4,52,10,3,30.0,7,70.0,26,181,89,4,1,0,6,2,28,5,ar ARG,"MF,FW",Belgrano,Copa de la Liga,21,2002,5,87,17,6.9,1.0,0,0,0,5,17,5,0.40,2,2,0,0.00,+0.15,1.6,0.9,+0.7,+0.73,+0.87,ar ARG,"MF,FW",Belgrano,Copa de la Liga,21,2002,1.0,2,0,0,5,3,0,4,0,2,0,0,0,5,1,1,50.0
Gonzalo Paz,ar ARG,DF,Atlé Tucumán,Copa de la Liga,30,1993,5,4,298,3.3,0,0,0,0,0,0,1,0,0.0,0.0,0.0,0.0,0,16,1,0.00,0.00,0.00,0.00,0.00,0.00,0.01,0.01,0.00,0.01,ar ARG,DF,Atlé Tucumán,Copa de la Liga,30,1993,3.3,0,0,0,0,0.00,0.00,0,0,0,0,0,0,0.0,0.0,0,0.0,0.0,ar ARG,DF,Atlé Tucumán,Copa de la Liga,30,1993,3.3,105,139,75.5,2445,1183,31,38,81.6,49,55,89.1,25,43,58.1,0,0.0,0.2,0.0,1,15,0,0,16,ar ARG,DF,Atlé Tucumán,Copa de la Liga,30,1993,3.3,139,128,11,5,0,2,0,6,0,0,0,0,105,0,1,ar ARG,DF,Atlé Tucumán,Copa de la Liga,30,1993,3.3,4,1.21,1,1,0,0,1,1,0,0.00,0,0,0,0,0,0,ar ARG,DF,Atlé Tucumán,Copa de la Liga,30,1993,3.3,3,2,2,1,0,0,4,0.0,4,0,0,0,8,11,4,0,ar ARG,DF,Atlé Tucumán,Copa de la Liga,30,1993,3.3,161,6,63,91,7,4,161,2,1,50.0,0,0.0,85,384,255,0,0,0,2,0,92,1,ar ARG,DF,Atlé Tucumán,Copa de la Liga,30,1993,5,298,60,23.7,3.3,4,70,0,1,18,5,0.40,1,9,-8,-2.42,-1.76,2.6,6.4,-3.8,-1.16,-1.34,ar ARG,DF,Atlé Tucumán,Copa de la Liga,30,1993,3.3,1,0,0,5,3,0,0,8,2,0,0,0,12,9,6,60.0
Nehuén Paz,ar ARG,DF,Ind. Rivadavia,Copa de la Liga,30,1993,1,1,34,0.4,0,0,0,0,0,0,0,0,0.0,0.0,0.0,0.0,0,1,0,0.00,0.00,0.00,0.00,0.00,0.00,0.00,0.00,0.00,0.00,ar ARG,DF,Ind. Rivadavia,Copa de la Liga,30,1993,0.4,0,0,0,0,0.00,0.00,0,0,0,0,0,0,0.0,0.0,0,0.0,0.0,ar ARG,DF,Ind. Rivadavia,Copa de la Liga,30,1993,0.4,30,34,88.2,526,223,14,15,93.3,13,14,92.9,3,4,75.0,0,0.0,0.0,0.0,0,1,0,0,1,ar ARG,DF,Ind. Rivadavia,Copa de la Liga,30,1993,0.4,34,33,1,1,0,0,0,0,0,0,0,0,30,0,1,ar ARG,DF,Ind. Rivadavia,Copa de la Liga,30,1993,0.4,0,0.00,0,0,0,0,0,0,0,0.00,0,0,0,0,0,0,ar ARG,DF,Ind. Rivadavia,Copa de la Liga,30,1993,0.4,1,0,0,1,0,0,0,0,0,3,3,0,0,1,1,0,ar ARG,DF,Ind. Rivadavia,Copa de la Liga,30,1993,0.4,40,6,19,21,0,0,40,0,0,0,0,0,25,127,60,0,0,0,0,0,24,0,ar ARG,DF,Ind. Rivadavia,Copa de la Liga,30,1993,1,34,34,2.7,0.4,1,34,0,0,0,3,0.00,0,2,-2,-5.29,-4.56,0.1,0.4,-0.3,-0.68,-0.03,ar ARG,DF,Ind. Rivadavia,Copa de la Liga,30,1993,0.4,0,0,0,1,0,0,0,0,0,0,0,0,2,0,1,0.0
Nicolás Paz,ar ARG,DF,Unión,Copa de la Liga,21,2002,12,10,884,9.8,0,0,0,0,0,0,3,0,0.0,0.0,0.6,0.6,5,35,4,0.00,0.00,0.00,0.00,0.00,0.00,0.06,0.06,0.00,0.06,ar ARG,DF,Unión,Copa de la Liga,21,2002,9.8,0,1,0,0.0,0.10,0.00,0.00,0,8.7,0,0,0,0.0,0.0,0.05,0.0,0.0,ar ARG,DF,Unión,Copa de la Liga,21,2002,9.8,295,390,75.6,6309,2549,96,112,85.7,150,171,87.7,47,96,49.0,0,0.6,0.5,-0.6,3,24,1,0,35,ar ARG,DF,Unión,Copa de la Liga,21,2002,9.8,390,332,56,26,0,6,2,30,0,0,0,0,295,2,4,ar ARG,DF,Unión,Copa de la Liga,21,2002,9.8,7,0.71,5,2,0,0,0,0,0,0.00,0,0,0,0,0,0,ar ARG,DF,Unión,Copa de la Liga,21,2002,9.8,17,15,13,3,1,13,20,65.0,7,13,8,5,9,26,27,0,ar ARG,DF,Unión,Copa de la Liga,21,2002,9.8,477,36,230,224,26,4,477,3,2,66.7,1,33.3,211,1027,601,5,1,0,8,3,238,4,ar ARG,DF,Unión,Copa de la Liga,21,2002,12,884,74,70.2,9.8,10,84,7,2,21,2,1.67,9,8,+1,+0.10,-0.14,9.5,8.5,+1.0,+0.10,+0.52,ar ARG,DF,Unión,Copa de la Liga,21,2002,9.8,3,0,0,4,6,0,2,9,15,0,0,0,33,14,7,66.7
Matías Pellegrini,ar ARG,"MF,FW",Vélez Sarsfield,Copa de la Liga,23,2000,6,2,231,2.6,0,0,0,0,0,0,0,0,0.1,0.1,0.2,0.3,6,9,19,0.00,0.00,0.00,0.00,0.00,0.05,0.07,0.12,0.05,0.12,ar ARG,"MF,FW",Vélez Sarsfield,Copa de la Liga,23,2000,2.6,0,3,1,33.3,1.17,0.39,0.00,0.00,21.3,0,0,0,0.1,0.1,0.04,-0.1,-0.1,ar ARG,"MF,FW",Vélez Sarsfield,Copa de la Liga,23,2000,2.6,59,79,74.7,883,239,40,46,87.0,15,19,78.9,4,8,50.0,0,0.2,0.5,-0.2,3,5,6,1,9,ar ARG,"MF,FW",Vélez Sarsfield,Copa de la Liga,23,2000,2.6,79,76,2,2,0,0,6,0,0,0,0,0,59,1,3,ar ARG,"MF,FW",Vélez Sarsfield,Copa de la Liga,23,2000,2.6,6,2.32,4,0,1,1,0,0,0,0.00,0,0,0,0,0,0,ar ARG,"MF,FW",Vélez Sarsfield,Copa de la Liga,23,2000,2.6,4,1,1,1,2,2,4,50.0,2,5,0,5,2,6,2,0,ar ARG,"MF,FW",Vélez Sarsfield,Copa de la Liga,23,2000,2.6,113,1,10,58,48,6,113,9,4,44.4,5,55.6,75,410,156,6,8,0,9,3,76,19,ar ARG,"MF,FW",Vélez Sarsfield,Copa de la Liga,23,2000,6,231,39,18.3,2.6,2,68,0,4,24,0,0.83,1,2,-1,-0.39,-0.56,2.2,1.5,+0.7,+0.29,-0.08,ar ARG,"MF,FW",Vélez Sarsfield,Copa de la Liga,23,2000,2.6,0,0,0,5,6,1,6,2,1,0,0,0,17,4,4,50.0
Mateo Pellegrino,ar ARG,FW,Platense,Copa de la Liga,22,2001,13,6,673,7.5,5,0,5,4,1,2,2,0,4.6,2.9,0.0,2.9,10,20,39,0.67,0.00,0.67,0.53,0.53,0.62,0.00,0.62,0.38,0.39,ar ARG,FW,Platense,Copa de la Liga,22,2001,7.5,5,34,13,38.2,4.55,1.74,0.12,0.31,18.9,0,1,2,4.6,2.9,0.08,+0.4,+1.1,ar ARG,FW,Platense,Copa de la Liga,22,2001,7.5,83,169,49.1,1195,336,43,75,57.3,33,63,52.4,2,8,25.0,0,0.0,0.1,0.0,1,6,2,0,20,ar ARG,FW,Platense,Copa de la Liga,22,2001,7.5,169,160,4,0,0,0,4,0,0,0,0,0,83,5,4,ar ARG,FW,Platense,Copa de la Liga,22,2001,7.5,13,1.74,6,0,1,5,0,1,2,0.27,1,0,0,1,0,0,ar ARG,FW,Platense,Copa de la Liga,22,2001,7.5,3,1,0,2,1,2,6,33.3,4,6,2,4,1,4,9,0,ar ARG,FW,Platense,Copa de la Liga,22,2001,7.5,284,10,18,123,147,46,282,18,9,50.0,8,44.4,121,572,227,10,11,5,27,11,217,39,ar ARG,FW,Platense,Copa de la Liga,22,2001,13,673,52,53.4,7.5,6,83,3,7,25,1,1.38,9,4,+5,+0.67,+2.05,7.3,6.5,+0.8,+0.11,+0.28,ar ARG,FW,Platense,Copa de la Liga,22,2001,7.5,2,0,0,13,4,5,4,1,1,0,0,0,22,60,56,51.7
Felipe Peña,ar ARG,MF,Lanús,Copa de la Liga,22,2001,13,11,940,10.4,2,0,2,2,0,0,4,0,0.7,0.7,0.9,1.6,10,57,5,0.19,0.00,0.19,0.19,0.19,0.07,0.08,0.15,0.07,0.15,ar ARG,MF,Lanús,Copa de la Liga,22,2001,10.4,2,13,2,15.4,1.24,0.19,0.15,1.00,22.4,2,0,0,0.7,0.7,0.06,+1.3,+1.3,ar ARG,MF,Lanús,Copa de la Liga,22,2001,10.4,377,481,78.4,6911,2458,167,189,88.4,163,199,81.9,42,74,56.8,0,0.9,0.7,-0.9,5,53,4,1,57,ar ARG,MF,Lanús,Copa de la Liga,22,2001,10.4,481,464,15,12,3,4,5,3,0,0,0,0,377,2,12,ar ARG,MF,Lanús,Copa de la Liga,22,2001,10.4,13,1.25,10,1,0,1,1,0,1,0.10,0,0,0,0,1,0,ar ARG,MF,Lanús,Copa de la Liga,22,2001,10.4,19,14,10,8,1,9,18,50.0,9,25,8,17,19,38,20,0,ar ARG,MF,Lanús,Copa de la Liga,22,2001,10.4,604,33,140,409,66,6,604,13,8,61.5,4,30.8,275,1394,701,10,13,0,12,6,353,5,ar ARG,MF,Lanús,Copa de la Liga,22,2001,13,940,72,74.6,10.4,11,79,3,2,37,0,1.77,17,9,+8,+0.77,+1.33,14.0,8.2,+5.8,+0.56,+0.53,ar ARG,MF,Lanús,Copa de la Liga,22,2001,10.4,4,0,0,13,12,0,5,19,14,0,0,0,78,17,13,56.7
Guillermo Pereira,ar ARG,"MF,DF",Deportivo Riestra,Copa de la Liga,30,1994,8,6,444,4.9,0,2,2,0,0,0,0,0,0.5,0.5,1.0,1.5,3,16,11,0.00,0.41,0.41,0.00,0.41,0.10,0.20,0.30,0.10,0.30,ar ARG,"MF,DF",Deportivo Riestra,Copa de la Liga,30,1994,4.9,0,10,1,10.0,2.03,0.20,0.00,0.00,22.6,3,0,0,0.5,0.5,0.05,-0.5,-0.5,ar ARG,"MF,DF",Deportivo Riestra,Copa de la Liga,30,1994,4.9,79,146,54.1,1538,835,28,40,70.0,41,62,66.1,10,39,25.6,2,1.0,1.0,+1.0,6,12,3,0,16,ar ARG,"MF,DF",Deportivo Riestra,Copa de la Liga,30,1994,4.9,146,107,38,14,0,0,31,7,17,8,8,0,79,1,2,ar ARG,"MF,DF",Deportivo Riestra,Copa de la Liga,30,1994,4.9,9,1.82,3,5,0,0,0,1,3,0.61,1,1,0,0,0,1,ar ARG,"MF,DF",Deportivo Riestra,Copa de la Liga,30,1994,4.9,6,3,1,3,2,3,13,23.1,10,9,0,9,2,8,11,0,ar ARG,"MF,DF",Deportivo Riestra,Copa de la Liga,30,1994,4.9,203,7,39,88,77,10,203,6,1,16.7,5,83.3,62,234,100,3,1,1,4,3,65,11,ar ARG,"MF,DF",Deportivo Riestra,Copa de la Liga,30,1994,8,444,56,35.2,4.9,6,72,0,2,8,5,1.25,4,6,-2,-0.41,+0.26,3.3,7.0,-3.7,-0.75,+0.05,ar ARG,"MF,DF",Deportivo Riestra,Copa de la Liga,30,1994,4.9,0,0,0,5,2,0,31,2,3,0,0,0,27,6,4,60.0
Matías Perelló,ar ARG,FW,Arg Juniors,Copa de la Liga,22,2001,1,0,4,0.0,0,0,0,0,0,0,0,0,0.0,0.0,0.0,0.0,0,0,1,0.00,0.00,0.00,0.00,0.00,0.00,0.43,0.43,0.00,0.43,ar ARG,FW,Arg Juniors,Copa de la Liga,22,2001,0.0,0,0,0,0,0.00,0.00,0,0,0,0,0,0,0.0,0.0,0,0.0,0.0,ar ARG,FW,Arg Juniors,Copa de la Liga,22,2001,0.0,2,2,100.0,17,0,2,2,100.0,0,0,0,0,0,0,0,0.0,0.0,0.0,1,0,0,0,0,ar ARG,FW,Arg Juniors,Copa de la Liga,22,2001,0.0,2,2,0,0,0,0,0,0,0,0,0,0,2,0,0,ar ARG,FW,Arg Juniors,Copa de la Liga,22,2001,0.0,1,22.50,1,0,0,0,0,0,0,0.00,0,0,0,0,0,0,ar ARG,FW,Arg Juniors,Copa de la Liga,22,2001,0.0,0,0,0,0,0,0,0,0,0,0,0,0,0,0,0,0,ar ARG,FW,Arg Juniors,Copa de la Liga,22,2001,0.0,3,0,0,2,1,0,3,0,0,0,0,0,1,12,3,0,0,0,0,0,2,1,ar ARG,FW,Arg Juniors,Copa de la Liga,22,2001,1,4,4,0.3,0.0,0,0,0,1,4,12,0.00,0,0,0,0.00,-0.79,0.0,0.0,0.0,+0.43,+0.30,ar ARG,FW,Arg Juniors,Copa de la Liga,22,2001,0.0,0,0,0,0,0,0,0,0,0,0,0,0,0,0,0,0
Elías Pereyra,ar ARG,DF,Godoy Cruz,Copa de la Liga,24,1999,5,4,388,4.3,0,0,0,0,0,0,0,0,0.0,0.0,0.9,0.9,1,21,9,0.00,0.00,0.00,0.00,0.00,0.01,0.21,0.22,0.01,0.22,ar ARG,DF,Godoy Cruz,Copa de la Liga,24,1999,4.3,0,1,0,0.0,0.23,0.00,0.00,0,35.4,0,0,0,0.0,0.0,0.03,0.0,0.0,ar ARG,DF,Godoy Cruz,Copa de la Liga,24,1999,4.3,138,178,77.5,2309,1049,65,71,91.5,64,79,81.0,8,20,40.0,0,0.9,0.8,-0.9,7,12,3,2,21,ar ARG,DF,Godoy Cruz,Copa de la Liga,24,1999,4.3,178,125,53,2,0,0,5,51,0,0,0,0,138,0,6,ar ARG,DF,Godoy Cruz,Copa de la Liga,24,1999,4.3,8,1.86,7,1,0,0,0,0,0,0.00,0,0,0,0,0,0,ar ARG,DF,Godoy Cruz,Copa de la Liga,24,1999,4.3,8,6,4,4,0,5,11,45.5,6,4,1,3,4,12,11,0,ar ARG,DF,Godoy Cruz,Copa de la Liga,24,1999,4.3,225,8,80,101,46,2,225,7,1,14.3,5,71.4,89,311,122,1,5,0,3,0,97,9,ar ARG,DF,Godoy Cruz,Copa de la Liga,24,1999,5,388,78,30.8,4.3,4,86,2,1,45,5,0.80,2,4,-2,-0.46,-1.70,3.8,4.1,-0.3,-0.07,-0.56,ar ARG,DF,Godoy Cruz,Copa de la Liga,24,1999,4.3,0,0,0,6,5,0,5,4,6,0,0,0,17,1,3,25.0
Fabio Pereyra,ar ARG,DF,Huracán,Copa de la Liga,34,1990,8,5,495,5.5,0,0,0,0,0,0,0,0,0.0,0.0,0.0,0.0,0,11,0,0.00,0.00,0.00,0.00,0.00,0.00,0.00,0.00,0.00,0.00,ar ARG,DF,Huracán,Copa de la Liga,34,1990,5.5,0,1,0,0.0,0.18,0.00,0.00,0,15.1,0,0,0,0.0,0.0,0.01,0.0,0.0,ar ARG,DF,Huracán,Copa de la Liga,34,1990,5.5,192,248,77.4,4386,2282,52,63,82.5,104,124,83.9,36,58,62.1,0,0.0,0.0,0.0,1,13,0,0,11,ar ARG,DF,Huracán,Copa de la Liga,34,1990,5.5,248,233,15,14,0,6,0,1,0,0,0,0,192,0,2,ar ARG,DF,Huracán,Copa de la Liga,34,1990,5.5,4,0.73,2,1,0,0,1,0,0,0.00,0,0,0,0,0,0,ar ARG,DF,Huracán,Copa de la Liga,34,1990,5.5,10,7,8,2,0,3,8,37.5,5,9,9,0,8,18,29,0,ar ARG,DF,Huracán,Copa de la Liga,34,1990,5.5,314,49,207,109,3,3,314,2,0,0.0,2,100.0,152,722,280,0,1,0,6,0,163,0,ar ARG,DF,Huracán,Copa de la Liga,34,1990,8,495,62,39.3,5.5,5,90,5,3,15,6,1.38,7,6,+1,+0.18,+0.30,6.4,7.4,-1.0,-0.18,+0.14,ar ARG,DF,Huracán,Copa de la Liga,34,1990,5.5,0,0,0,5,5,0,0,8,7,0,0,0,21,22,12,64.7
Joaquín Pereyra,ar ARG,"MF,FW",Atlé Tucumán,Copa de la Liga,25,1998,11,8,817,9.1,0,0,0,0,0,0,2,0,0.7,0.7,1.8,2.5,27,70,47,0.00,0.00,0.00,0.00,0.00,0.08,0.20,0.28,0.08,0.28,ar ARG,"MF,FW",Atlé Tucumán,Copa de la Liga,25,1998,9.1,0,21,7,33.3,2.31,0.77,0.00,0.00,27.1,3,0,0,0.7,0.7,0.04,-0.7,-0.7,ar ARG,"MF,FW",Atlé Tucumán,Copa de la Liga,25,1998,9.1,311,472,65.9,6099,2584,136,157,86.6,108,154,70.1,58,130,44.6,0,1.8,2.0,-1.8,20,51,18,5,70,ar ARG,"MF,FW",Atlé Tucumán,Copa de la Liga,25,1998,9.1,472,379,92,43,4,14,95,10,39,17,20,0,311,1,13,ar ARG,"MF,FW",Atlé Tucumán,Copa de la Liga,25,1998,9.1,44,4.84,23,12,3,2,4,0,0,0.00,0,0,0,0,0,0,ar ARG,"MF,FW",Atlé Tucumán,Copa de la Liga,25,1998,9.1,25,12,4,17,4,20,28,71.4,8,12,0,12,6,31,5,0,ar ARG,"MF,FW",Atlé Tucumán,Copa de la Liga,25,1998,9.1,611,7,59,307,253,14,611,47,19,40.4,22,46.8,318,1952,912,27,25,5,25,15,357,47,ar ARG,"MF,FW",Atlé Tucumán,Copa de la Liga,25,1998,11,817,74,64.8,9.1,8,90,8,3,32,1,0.64,4,17,-13,-1.43,-1.03,9.8,14.9,-5.2,-0.57,-1.23,ar ARG,"MF,FW",Atlé Tucumán,Copa de la Liga,25,1998,9.1,2,0,0,11,26,1,95,6,12,0,0,0,52,7,7,50.0
Damián Pérez,ar ARG,DF,Independiente,Copa de la Liga,35,1988,9,7,533,5.9,0,0,0,0,0,0,1,0,0.2,0.2,0.1,0.3,10,31,19,0.00,0.00,0.00,0.00,0.00,0.03,0.02,0.05,0.03,0.05,ar ARG,DF,Independiente,Copa de la Liga,35,1988,5.9,0,7,0,0.0,1.18,0.00,0.00,0,25.0,0,0,0,0.2,0.2,0.02,-0.2,-0.2,ar ARG,DF,Independiente,Copa de la Liga,35,1988,5.9,225,345,65.2,4298,2436,90,110,81.8,103,151,68.2,29,67,43.3,0,0.1,0.5,-0.1,3,32,9,4,31,ar ARG,DF,Independiente,Copa de la Liga,35,1988,5.9,345,273,70,0,0,1,17,69,1,0,1,0,225,2,9,ar ARG,DF,Independiente,Copa de la Liga,35,1988,5.9,9,1.52,5,1,2,1,0,0,0,0.00,0,0,0,0,0,0,ar ARG,DF,Independiente,Copa de la Liga,35,1988,5.9,12,5,6,5,1,6,10,60.0,4,8,0,8,13,25,24,0,ar ARG,DF,Independiente,Copa de la Liga,35,1988,5.9,423,21,131,196,98,5,423,3,2,66.7,1,33.3,221,860,475,10,9,2,4,3,222,19,ar ARG,DF,Independiente,Copa de la Liga,35,1988,9,533,59,42.3,5.9,7,68,4,2,28,5,2.00,5,4,+1,+0.17,-0.20,5.0,4.3,+0.7,+0.12,-0.59,ar ARG,DF,Independiente,Copa de la Liga,35,1988,5.9,1,0,0,11,5,0,17,13,5,0,0,0,22,11,3,78.6
Enzo Pérez,ar ARG,MF,Estudiantes–LP,Copa de la Liga,37,1986,12,11,948,10.5,0,1,1,0,0,0,2,0,0.1,0.1,0.2,0.2,11,84,10,0.00,0.09,0.09,0.00,0.09,0.01,0.01,0.02,0.01,0.02,ar ARG,MF,Estudiantes–LP,Copa de la Liga,37,1986,10.5,0,3,0,0.0,0.28,0.00,0.00,0,17.2,0,0,0,0.1,0.1,0.02,-0.1,-0.1,ar ARG,MF,Estudiantes–LP,Copa de la Liga,37,1986,10.5,617,707,87.3,10775,3601,285,318,89.6,268,301,89.0,53,64,82.8,1,0.2,0.5,+0.8,8,59,4,1,84,ar ARG,MF,Estudiantes–LP,Copa de la Liga,37,1986,10.5,707,671,34,32,1,5,2,2,0,0,0,0,617,2,2,ar ARG,MF,Estudiantes–LP,Copa de la Liga,37,1986,10.5,20,1.90,17,0,1,0,2,0,2,0.19,1,0,1,0,0,0,ar ARG,MF,Estudiantes–LP,Copa de la Liga,37,1986,10.5,28,18,11,16,1,14,33,42.4,19,14,3,11,17,45,17,0,ar ARG,MF,Estudiantes–LP,Copa de la Liga,37,1986,10.5,804,25,167,585,57,7,804,13,10,76.9,1,7.7,404,1848,898,11,8,1,9,10,516,10,ar ARG,MF,Estudiantes–LP,Copa de la Liga,37,1986,12,948,79,75.2,10.5,11,82,7,1,45,0,1.93,12,6,+6,+0.57,-0.58,12.0,6.2,+5.8,+0.55,-0.15,ar ARG,MF,Estudiantes–LP,Copa de la Liga,37,1986,10.5,2,0,0,14,26,0,2,17,18,0,0,0,69,25,19,56.8
Gonzalo Pérez,uy URU,"DF,MF",Lanús,Copa de la Liga,23,2001,6,2,186,2.1,0,0,0,0,0,0,0,0,0.0,0.0,0.0,0.0,0,5,1,0.00,0.00,0.00,0.00,0.00,0.00,0.01,0.01,0.00,0.01,uy URU,"DF,MF",Lanús,Copa de la Liga,23,2001,2.1,0,0,0,0,0.00,0.00,0,0,0,0,0,0,0.0,0.0,0,0.0,0.0,uy URU,"DF,MF",Lanús,Copa de la Liga,23,2001,2.1,23,45,51.1,438,219,9,13,69.2,10,17,58.8,3,12,25.0,0,0.0,0.0,0.0,1,4,0,0,5,uy URU,"DF,MF",Lanús,Copa de la Liga,23,2001,2.1,45,42,3,0,0,0,0,3,0,0,0,0,23,0,1,uy URU,"DF,MF",Lanús,Copa de la Liga,23,2001,2.1,1,0.48,1,0,0,0,0,0,0,0.00,0,0,0,0,0,0,uy URU,"DF,MF",Lanús,Copa de la Liga,23,2001,2.1,3,2,3,0,0,2,6,33.3,4,0,0,0,4,7,17,0,uy URU,"DF,MF",Lanús,Copa de la Liga,23,2001,2.1,72,16,40,32,1,0,72,0,0,0,0,0,21,73,50,0,1,0,3,0,22,1,uy URU,"DF,MF",Lanús,Copa de la Liga,23,2001,6,186,31,14.8,2.1,2,68,1,4,13,8,2.00,3,4,-1,-0.48,-1.07,3.1,2.7,+0.3,+0.15,-0.32,uy URU,"DF,MF",Lanús,Copa de la Liga,23,2001,2.1,0,0,0,0,2,0,0,4,2,0,0,0,5,0,6,0.0
Marcelo Pérez,py PAR,FW,Huracán,Copa de la Liga,22,2001,7,0,180,2.0,0,0,0,0,0,0,0,0,0.4,0.4,0.1,0.5,3,1,12,0.00,0.00,0.00,0.00,0.00,0.22,0.04,0.26,0.22,0.26,py PAR,FW,Huracán,Copa de la Liga,22,2001,2.0,0,8,2,25.0,4.00,1.00,0.00,0.00,21.8,0,0,0,0.4,0.4,0.06,-0.4,-0.4,py PAR,FW,Huracán,Copa de la Liga,22,2001,2.0,28,46,60.9,345,55,19,27,70.4,8,16,50.0,0,1,0.0,0,0.1,0.0,-0.1,2,2,0,0,1,py PAR,FW,Huracán,Copa de la Liga,22,2001,2.0,46,44,2,0,0,1,0,0,0,0,0,0,28,0,1,py PAR,FW,Huracán,Copa de la Liga,22,2001,2.0,6,3.00,4,0,1,1,0,0,0,0.00,0,0,0,0,0,0,py PAR,FW,Huracán,Copa de la Liga,22,2001,2.0,1,1,0,1,0,1,4,25.0,3,2,1,1,0,1,1,0,py PAR,FW,Huracán,Copa de la Liga,22,2001,2.0,67,2,5,30,33,6,67,3,1,33.3,2,66.7,37,226,63,3,2,0,6,1,53,12,py PAR,FW,Huracán,Copa de la Liga,22,2001,7,180,26,14.3,2.0,0,0,0,7,26,2,1.14,0,2,-2,-1.00,-1.17,1.5,2.3,-0.8,-0.42,-0.18,py PAR,FW,Huracán,Copa de la Liga,22,2001,2.0,0,0,0,4,1,1,0,0,1,0,0,0,5,9,10,47.4
Mateo Pérez,ar ARG,"DF,MF",Banfield,Copa de la Liga,23,2000,3,1,96,1.1,0,0,0,0,0,0,0,0,0.0,0.0,0.0,0.0,0,4,0,0.00,0.00,0.00,0.00,0.00,0.00,0.00,0.00,0.00,0.00,ar ARG,"DF,MF",Banfield,Copa de la Liga,23,2000,1.1,0,0,0,0,0.00,0.00,0,0,0,0,0,0,0.0,0.0,0,0.0,0.0,ar ARG,"DF,MF",Banfield,Copa de la Liga,23,2000,1.1,14,23,60.9,327,183,2,5,40.0,10,11,90.9,2,5,40.0,0,0.0,0.0,0.0,0,0,0,0,4,ar ARG,"DF,MF",Banfield,Copa de la Liga,23,2000,1.1,23,23,0,0,0,0,0,0,0,0,0,0,14,0,1,ar ARG,"DF,MF",Banfield,Copa de la Liga,23,2000,1.1,0,0.00,0,0,0,0,0,0,0,0.00,0,0,0,0,0,0,ar ARG,"DF,MF",Banfield,Copa de la Liga,23,2000,1.1,0,0,0,0,0,0,0,0,0,2,2,0,0,0,4,0,ar ARG,"DF,MF",Banfield,Copa de la Liga,23,2000,1.1,31,7,19,13,0,0,31,1,0,0.0,0,0.0,12,59,17,0,0,0,1,0,12,0,ar ARG,"DF,MF",Banfield,Copa de la Liga,23,2000,3,96,32,7.6,1.1,1,90,1,2,3,11,3.00,3,1,+2,+1.87,+2.11,1.6,1.1,+0.5,+0.43,+0.63,ar ARG,"DF,MF",Banfield,Copa de la Liga,23,2000,1.1,0,0,0,0,1,0,0,0,0,0,0,0,4,4,2,66.7
Pablo Pérez,ar ARG,"MF,DF",Sarmiento,Copa de la Liga,38,1985,3,0,90,1.0,0,0,0,0,0,0,0,0,0.0,0.0,0.0,0.0,1,6,0,0.00,0.00,0.00,0.00,0.00,0.00,0.00,0.00,0.00,0.00,ar ARG,"MF,DF",Sarmiento,Copa de la Liga,38,1985,1.0,0,0,0,0,0.00,0.00,0,0,0,0,0,0,0.0,0.0,0,0.0,0.0,ar ARG,"MF,DF",Sarmiento,Copa de la Liga,38,1985,1.0,37,52,71.2,621,301,17,18,94.4,20,27,74.1,0,6,0.0,0,0.0,0.0,0.0,0,4,1,0,6,ar ARG,"MF,DF",Sarmiento,Copa de la Liga,38,1985,1.0,52,49,3,3,0,1,0,0,0,0,0,0,37,0,0,ar ARG,"MF,DF",Sarmiento,Copa de la Liga,38,1985,1.0,2,2.00,2,0,0,0,0,0,0,0.00,0,0,0,0,0,0,ar ARG,"MF,DF",Sarmiento,Copa de la Liga,38,1985,1.0,6,4,2,4,0,4,7,57.1,3,2,2,0,1,7,3,0,ar ARG,"MF,DF",Sarmiento,Copa de la Liga,38,1985,1.0,67,4,19,42,6,0,67,1,1,100.0,0,0.0,18,92,47,1,1,0,1,0,38,0,ar ARG,"MF,DF",Sarmiento,Copa de la Liga,38,1985,3,90,30,7.1,1.0,0,0,0,3,30,1,0.67,0,2,-2,-2.00,-1.38,1.3,1.9,-0.7,-0.66,-0.19,ar ARG,"MF,DF",Sarmiento,Copa de la Liga,38,1985,1.0,0,0,0,3,3,0,0,1,4,0,0,0,9,0,1,0.0
Rodrigo Pérez,uy URU,MF,Instituto,Copa de la Liga,27,1996,7,2,197,2.2,0,0,0,0,0,0,2,0,0.3,0.3,0.0,0.3,1,10,5,0.00,0.00,0.00,0.00,0.00,0.12,0.01,0.13,0.12,0.13,uy URU,MF,Instituto,Copa de la Liga,27,1996,2.2,0,3,0,0.0,1.37,0.00,0.00,0,27.2,0,0,0,0.3,0.3,0.09,-0.3,-0.3,uy URU,MF,Instituto,Copa de la Liga,27,1996,2.2,60,77,77.9,994,274,28,36,77.8,27,33,81.8,4,5,80.0,0,0.0,0.1,0.0,1,6,2,0,10,uy URU,MF,Instituto,Copa de la Liga,27,1996,2.2,77,75,2,1,0,0,0,0,0,0,0,0,60,0,1,uy URU,MF,Instituto,Copa de la Liga,27,1996,2.2,4,1.83,3,0,0,1,0,0,0,0.00,0,0,0,0,0,0,uy URU,MF,Instituto,Copa de la Liga,27,1996,2.2,7,4,2,5,0,0,2,0.0,2,3,1,2,1,8,9,0,uy URU,MF,Instituto,Copa de la Liga,27,1996,2.2,109,8,25,65,20,4,109,3,0,0.0,3,100.0,44,166,91,1,2,0,1,1,56,5,uy URU,MF,Instituto,Copa de la Liga,27,1996,7,197,28,15.6,2.2,2,55,0,5,17,6,1.29,6,2,+4,+1.83,+2.08,4.1,2.5,+1.6,+0.75,+0.24,uy URU,MF,Instituto,Copa de la Liga,27,1996,2.2,2,0,0,5,2,1,0,1,4,0,0,0,14,3,3,50.0
Jeremías Pérez Tica,ar ARG,"MF,FW",Newell's OB,Copa de la Liga,20,2003,3,1,84,0.9,0,0,0,0,0,0,0,0,0.6,0.6,0.0,0.6,1,1,7,0.00,0.00,0.00,0.00,0.00,0.69,0.00,0.69,0.69,0.69,ar ARG,"MF,FW",Newell's OB,Copa de la Liga,20,2003,0.9,0,2,0,0.0,2.14,0.00,0.00,0,10.9,0,0,0,0.6,0.6,0.32,-0.6,-0.6,ar ARG,"MF,FW",Newell's OB,Copa de la Liga,20,2003,0.9,8,15,53.3,129,11,6,8,75.0,1,3,33.3,1,2,50.0,0,0.0,0.0,0.0,0,0,0,0,1,ar ARG,"MF,FW",Newell's OB,Copa de la Liga,20,2003,0.9,15,14,1,0,0,1,1,1,0,0,0,0,8,0,2,ar ARG,"MF,FW",Newell's OB,Copa de la Liga,20,2003,0.9,1,1.07,1,0,0,0,0,0,0,0.00,0,0,0,0,0,0,ar ARG,"MF,FW",Newell's OB,Copa de la Liga,20,2003,0.9,1,0,1,0,0,1,1,100.0,0,3,0,3,0,1,0,0,ar ARG,"MF,FW",Newell's OB,Copa de la Liga,20,2003,0.9,25,0,2,8,16,5,25,2,1,50.0,1,50.0,11,57,26,1,1,0,2,0,15,7,ar ARG,"MF,FW",Newell's OB,Copa de la Liga,20,2003,3,84,28,6.7,0.9,1,53,0,2,16,6,0.33,0,0,0,0.00,+0.15,1.2,0.2,+1.0,+1.08,+1.17,ar ARG,"MF,FW",Newell's OB,Copa de la Liga,20,2003,0.9,0,0,0,0,0,1,1,0,0,0,0,0,2,0,1,0.0
Francisco Perruzzi,ar ARG,MF,San Lorenzo,Copa de la Liga,22,2001,7,5,362,4.0,0,0,0,0,0,0,1,0,0.1,0.1,0.0,0.1,4,13,1,0.00,0.00,0.00,0.00,0.00,0.01,0.01,0.02,0.01,0.02,ar ARG,MF,San Lorenzo,Copa de la Liga,22,2001,4.0,0,4,0,0.0,0.99,0.00,0.00,0,31.6,0,0,0,0.1,0.1,0.01,-0.1,-0.1,ar ARG,MF,San Lorenzo,Copa de la Liga,22,2001,4.0,107,128,83.6,1700,486,53,59,89.8,40,46,87.0,8,13,61.5,0,0.0,0.1,0.0,2,14,3,0,13,ar ARG,MF,San Lorenzo,Copa de la Liga,22,2001,4.0,128,124,4,4,0,0,1,0,0,0,0,0,107,0,3,ar ARG,MF,San Lorenzo,Copa de la Liga,22,2001,4.0,2,0.50,2,0,0,0,0,0,0,0.00,0,0,0,0,0,0,ar ARG,MF,San Lorenzo,Copa de la Liga,22,2001,4.0,14,8,3,9,2,6,17,35.3,11,5,2,3,6,20,1,0,ar ARG,MF,San Lorenzo,Copa de la Liga,22,2001,4.0,176,3,28,130,18,1,176,5,4,80.0,1,20.0,58,392,211,4,2,0,4,2,80,1,ar ARG,MF,San Lorenzo,Copa de la Liga,22,2001,7,362,52,28.7,4.0,5,64,0,2,21,6,1.43,1,2,-1,-0.25,+0.05,2.3,2.7,-0.4,-0.09,-0.18,ar ARG,MF,San Lorenzo,Copa de la Liga,22,2001,4.0,1,0,0,9,1,0,1,6,8,0,0,0,16,2,1,66.7
Thiago Perugini,0,MF,San Lorenzo,Copa de la Liga,0,0,1,0,24,0.3,0,0,0,0,0,0,0,0,0.0,0.0,0.0,0.0,1,1,1,0.00,0.00,0.00,0.00,0.00,0.07,0.00,0.07,0.07,0.07,0,MF,San Lorenzo,Copa de la Liga,0,0,0.3,0,1,0,0.0,3.75,0.00,0.00,0,29.4,0,0,0,0.0,0.0,0.02,0.0,0.0,0,MF,San Lorenzo,Copa de la Liga,0,0,0.3,3,5,60.0,28,20,3,4,75.0,0,0,0,0,0,0,0,0.0,0.0,0.0,0,1,0,0,1,0,MF,San Lorenzo,Copa de la Liga,0,0,0.3,5,5,0,0,0,0,0,0,0,0,0,0,3,0,0,0,MF,San Lorenzo,Copa de la Liga,0,0,0.3,0,0.00,0,0,0,0,0,0,0,0.00,0,0,0,0,0,0,0,MF,San Lorenzo,Copa de la Liga,0,0,0.3,2,2,0,1,1,2,2,100.0,0,0,0,0,0,2,0,0,0,MF,San Lorenzo,Copa de la Liga,0,0,0.3,7,0,0,4,3,0,7,0,0,0,0,0,2,14,13,1,1,0,0,0,5,1,0,MF,San Lorenzo,Copa de la Liga,0,0,1,24,24,1.9,0.3,0,0,0,1,24,4,0.00,0,0,0,0.00,+0.29,0.1,0.0,+0.1,+0.35,+0.32,0,MF,San Lorenzo,Copa de la Liga,0,0,0.3,0,0,0,2,0,0,0,0,2,0,0,0,0,0,0,0
Francisco Petrasso,ar ARG,DF,Ind. Rivadavia,Copa de la Liga,21,2002,12,12,989,11.0,0,0,0,0,0,0,5,1,0.4,0.4,0.4,0.8,7,31,19,0.00,0.00,0.00,0.00,0.00,0.04,0.04,0.07,0.04,0.07,ar ARG,DF,Ind. Rivadavia,Copa de la Liga,21,2002,11.0,0,6,2,33.3,0.55,0.18,0.00,0.00,12.1,0,0,0,0.4,0.4,0.07,-0.4,-0.4,ar ARG,DF,Ind. Rivadavia,Copa de la Liga,21,2002,11.0,301,437,68.9,5805,2267,118,133,88.7,139,178,78.1,38,111,34.2,0,0.4,0.8,-0.4,4,24,3,3,31,ar ARG,DF,Ind. Rivadavia,Copa de la Liga,21,2002,11.0,437,378,57,11,0,5,8,46,0,0,0,0,301,2,3,ar ARG,DF,Ind. Rivadavia,Copa de la Liga,21,2002,11.0,10,0.91,8,1,0,1,0,0,0,0.00,0,0,0,0,0,0,ar ARG,DF,Ind. Rivadavia,Copa de la Liga,21,2002,11.0,27,19,20,7,0,9,15,60.0,6,9,4,5,13,40,46,0,ar ARG,DF,Ind. Rivadavia,Copa de la Liga,21,2002,11.0,547,49,243,243,63,8,547,10,6,60.0,3,30.0,237,1511,918,7,9,0,6,3,285,19,ar ARG,DF,Ind. Rivadavia,Copa de la Liga,21,2002,12,989,82,78.5,11.0,12,82,9,0,0,1,0.67,11,17,-6,-0.55,+1.45,9.6,16.5,-6.9,-0.63,+0.11,ar ARG,DF,Ind. Rivadavia,Copa de la Liga,21,2002,11.0,5,1,1,12,12,1,8,13,19,0,0,0,40,28,15,65.1
Franco Petroli,ar ARG,GK,Godoy Cruz,Copa de la Liga,25,1998,12,12,"1,080",12.0,0,0,0,0,0,0,1,0,0.0,0.0,0.0,0.0,0,0,0,0.00,0.00,0.00,0.00,0.00,0.00,0.00,0.00,0.00,0.00,ar ARG,GK,Godoy Cruz,Copa de la Liga,25,1998,12.0,0,0,0,0,0.00,0.00,0,0,0,0,0,0,0.0,0.0,0,0.0,0.0,ar ARG,GK,Godoy Cruz,Copa de la Liga,25,1998,12.0,330,437,75.5,10741,7999,37,37,100.0,155,156,99.4,138,243,56.8,0,0.0,0.0,0.0,0,15,0,0,0,ar ARG,GK,Godoy Cruz,Copa de la Liga,25,1998,12.0,437,297,139,38,0,3,0,0,0,0,0,0,330,1,0,ar ARG,GK,Godoy Cruz,Copa de la Liga,25,1998,12.0,2,0.17,1,1,0,0,0,0,0,0.00,0,0,0,0,0,0,ar ARG,GK,Godoy Cruz,Copa de la Liga,25,1998,12.0,0,0,0,0,0,0,0,0,0,0,0,0,1,1,2,2,ar ARG,GK,Godoy Cruz,Copa de la Liga,25,1998,12.0,456,334,453,3,0,0,456,0,0,0,0,0,241,1225,703,0,0,0,1,0,183,0,ar ARG,GK,Godoy Cruz,Copa de la Liga,25,1998,12,"1,080",90,85.7,12.0,12,90,12,0,0,2,2.00,13,4,+9,+0.75,+0.25,13.9,8.8,+5.1,+0.43,+0.75,ar ARG,GK,Godoy Cruz,Copa de la Liga,25,1998,12.0,1,0,0,0,2,0,0,1,0,0,0,0,7,5,1,83.3
Pablo Piatti,ar ARG,"FW,MF",Estudiantes–LP,Copa de la Liga,34,1989,7,0,157,1.7,0,2,2,0,0,0,1,0,0.5,0.5,0.6,1.2,2,7,15,0.00,1.15,1.15,0.00,1.15,0.31,0.36,0.66,0.31,0.66,ar ARG,"FW,MF",Estudiantes–LP,Copa de la Liga,34,1989,1.7,0,6,3,50.0,3.44,1.72,0.00,0.00,17.3,0,0,0,0.5,0.5,0.09,-0.5,-0.5,ar ARG,"FW,MF",Estudiantes–LP,Copa de la Liga,34,1989,1.7,44,66,66.7,770,309,18,22,81.8,18,24,75.0,6,11,54.5,2,0.6,0.6,+1.4,8,3,0,0,7,ar ARG,"FW,MF",Estudiantes–LP,Copa de la Liga,34,1989,1.7,66,53,13,4,1,0,11,2,7,1,5,0,44,0,4,ar ARG,"FW,MF",Estudiantes–LP,Copa de la Liga,34,1989,1.7,10,5.73,5,5,0,0,0,0,3,1.72,1,2,0,0,0,0,ar ARG,"FW,MF",Estudiantes–LP,Copa de la Liga,34,1989,1.7,2,2,0,2,0,1,6,16.7,5,2,1,1,2,4,1,0,ar ARG,"FW,MF",Estudiantes–LP,Copa de la Liga,34,1989,1.7,85,1,8,42,38,6,85,8,4,50.0,3,37.5,50,175,89,2,0,0,3,3,57,15,ar ARG,"FW,MF",Estudiantes–LP,Copa de la Liga,34,1989,7,157,22,12.5,1.7,0,0,0,7,22,5,2.56,7,0,+7,+4.01,+3.77,4.4,0.7,+3.7,+2.12,+1.75,ar ARG,"FW,MF",Estudiantes–LP,Copa de la Liga,34,1989,1.7,1,0,0,3,4,2,11,2,2,0,0,0,14,2,3,40.0
Leonel Picco,ar ARG,"DF,MF",Platense,Copa de la Liga,24,1999,13,13,"1,092",12.1,0,0,0,0,0,0,1,0,1.0,1.0,0.3,1.3,2,40,5,0.00,0.00,0.00,0.00,0.00,0.08,0.03,0.11,0.08,0.11,ar ARG,"DF,MF",Platense,Copa de la Liga,24,1999,12.1,0,6,1,16.7,0.49,0.08,0.00,0.00,19.0,0,0,0,1.0,1.0,0.16,-1.0,-1.0,ar ARG,"DF,MF",Platense,Copa de la Liga,24,1999,12.1,356,439,81.1,6246,2617,150,176,85.2,160,183,87.4,31,53,58.5,0,0.3,0.2,-0.3,9,26,2,0,40,ar ARG,"DF,MF",Platense,Copa de la Liga,24,1999,12.1,439,420,18,13,0,2,1,1,0,0,0,0,356,1,6,ar ARG,"DF,MF",Platense,Copa de la Liga,24,1999,12.1,21,1.73,18,0,0,0,0,3,1,0.08,1,0,0,0,0,0,ar ARG,"DF,MF",Platense,Copa de la Liga,24,1999,12.1,39,21,22,15,2,19,32,59.4,13,12,3,9,17,56,39,0,ar ARG,"DF,MF",Platense,Copa de la Liga,24,1999,12.1,568,43,236,284,50,3,568,8,2,25.0,5,62.5,231,1031,474,2,3,0,12,4,261,5,ar ARG,"DF,MF",Platense,Copa de la Liga,24,1999,13,"1,092",84,86.7,12.1,13,84,8,0,0,1,1.38,8,10,-2,-0.16,+0.91,11.6,12.0,-0.4,-0.03,-0.08,ar ARG,"DF,MF",Platense,Copa de la Liga,24,1999,12.1,1,0,0,9,6,0,1,17,21,0,0,0,72,12,11,52.2
Rodrigo Piñeiro,uy URU,"FW,MF",Vélez Sarsfield,Copa de la Liga,24,1999,8,7,413,4.6,0,1,1,0,0,0,0,0,1.6,1.6,0.8,2.4,24,9,40,0.00,0.22,0.22,0.00,0.22,0.35,0.17,0.52,0.35,0.52,uy URU,"FW,MF",Vélez Sarsfield,Copa de la Liga,24,1999,4.6,0,15,5,33.3,3.27,1.09,0.00,0.00,13.9,0,0,0,1.6,1.6,0.11,-1.6,-1.6,uy URU,"FW,MF",Vélez Sarsfield,Copa de la Liga,24,1999,4.6,122,154,79.2,1657,294,77,86,89.5,34,41,82.9,5,11,45.5,1,0.8,0.3,+0.2,3,2,4,1,9,uy URU,"FW,MF",Vélez Sarsfield,Copa de la Liga,24,1999,4.6,154,153,1,0,0,0,4,1,0,0,0,0,122,0,3,uy URU,"FW,MF",Vélez Sarsfield,Copa de la Liga,24,1999,4.6,12,2.61,9,0,1,1,1,0,1,0.22,1,0,0,0,0,0,uy URU,"FW,MF",Vélez Sarsfield,Copa de la Liga,24,1999,4.6,6,4,2,3,1,1,3,33.3,2,4,0,4,3,9,0,0,uy URU,"FW,MF",Vélez Sarsfield,Copa de la Liga,24,1999,4.6,205,1,15,98,95,17,205,18,7,38.9,11,61.1,139,1159,584,24,19,4,12,7,167,40,uy URU,"FW,MF",Vélez Sarsfield,Copa de la Liga,24,1999,8,413,52,32.8,4.6,7,58,0,1,4,3,2.13,4,3,+1,+0.22,+0.22,5.4,2.5,+2.9,+0.63,+0.42,uy URU,"FW,MF",Vélez Sarsfield,Copa de la Liga,24,1999,4.6,0,0,0,3,5,1,4,3,4,0,0,0,13,8,13,38.1
Martín Pino,ar ARG,FW,Godoy Cruz,Copa de la Liga,25,1998,4,0,112,1.2,0,0,0,0,0,0,0,0,0.4,0.4,0.2,0.5,0,2,11,0.00,0.00,0.00,0.00,0.00,0.29,0.12,0.41,0.29,0.41,ar ARG,FW,Godoy Cruz,Copa de la Liga,25,1998,1.2,0,1,1,100.0,0.80,0.80,0.00,0.00,10.1,0,0,0,0.4,0.4,0.36,-0.4,-0.4,ar ARG,FW,Godoy Cruz,Copa de la Liga,25,1998,1.2,19,24,79.2,261,42,9,13,69.2,5,6,83.3,2,2,100.0,0,0.2,0.2,-0.2,2,3,0,0,2,ar ARG,FW,Godoy Cruz,Copa de la Liga,25,1998,1.2,24,24,0,0,0,0,0,0,0,0,0,0,19,0,0,ar ARG,FW,Godoy Cruz,Copa de la Liga,25,1998,1.2,4,3.21,4,0,0,0,0,0,0,0.00,0,0,0,0,0,0,ar ARG,FW,Godoy Cruz,Copa de la Liga,25,1998,1.2,1,1,0,1,0,1,1,100.0,0,0,0,0,0,1,2,0,ar ARG,FW,Godoy Cruz,Copa de la Liga,25,1998,1.2,36,1,2,14,20,4,36,4,2,50.0,2,50.0,21,60,15,0,0,0,0,1,28,11,ar ARG,FW,Godoy Cruz,Copa de la Liga,25,1998,4,112,28,8.9,1.2,0,0,0,4,28,8,1.00,0,0,0,0.00,-0.78,2.5,0.3,+2.2,+1.76,+1.58,ar ARG,FW,Godoy Cruz,Copa de la Liga,25,1998,1.2,0,0,0,0,2,0,0,0,1,0,0,0,3,2,2,50.0
Juan Pintado,uy URU,DF,Gimnasia–LP,Copa de la Liga,29,1994,12,12,"1,021",11.3,0,0,0,0,0,0,3,0,0.0,0.0,0.6,0.6,46,43,37,0.00,0.00,0.00,0.00,0.00,0.00,0.05,0.06,0.00,0.06,uy URU,DF,Gimnasia–LP,Copa de la Liga,29,1994,11.3,0,2,0,0.0,0.18,0.00,0.00,0,27.8,0,0,0,0.0,0.0,0.02,0.0,0.0,uy URU,DF,Gimnasia–LP,Copa de la Liga,29,1994,11.3,395,557,70.9,7074,3544,181,212,85.4,154,206,74.8,47,104,45.2,0,0.6,1.1,-0.6,12,38,23,17,43,uy URU,DF,Gimnasia–LP,Copa de la Liga,29,1994,11.3,557,442,112,2,0,1,60,110,0,0,0,0,395,3,17,uy URU,DF,Gimnasia–LP,Copa de la Liga,29,1994,11.3,29,2.56,27,2,0,0,0,0,3,0.26,3,0,0,0,0,0,uy URU,DF,Gimnasia–LP,Copa de la Liga,29,1994,11.3,32,21,16,14,2,20,35,57.1,15,21,6,15,7,39,36,0,uy URU,DF,Gimnasia–LP,Copa de la Liga,29,1994,11.3,692,50,213,311,180,5,692,23,15,65.2,6,26.1,323,2271,1479,46,37,2,16,1,334,37,uy URU,DF,Gimnasia–LP,Copa de la Liga,29,1994,12,"1,021",85,81.0,11.3,12,85,9,0,0,0,1.33,14,17,-3,-0.26,+0.49,11.9,15.2,-3.3,-0.29,+0.89,uy URU,DF,Gimnasia–LP,Copa de la Liga,29,1994,11.3,3,0,0,13,7,0,60,7,21,0,0,0,64,13,10,56.5
Bruno Pittón,ar ARG,DF,Unión,Copa de la Liga,30,1993,14,11,902,10.0,1,1,2,1,0,0,0,0,1.2,1.2,1.5,2.7,14,44,65,0.10,0.10,0.20,0.10,0.20,0.12,0.15,0.27,0.12,0.27,ar ARG,DF,Unión,Copa de la Liga,30,1993,10.0,1,14,3,21.4,1.40,0.30,0.07,0.33,15.4,2,0,0,1.2,1.2,0.09,-0.2,-0.2,ar ARG,DF,Unión,Copa de la Liga,30,1993,10.0,269,425,63.3,4755,1798,140,172,81.4,95,131,72.5,28,88,31.8,1,1.5,1.2,-0.5,17,27,13,8,44,ar ARG,DF,Unión,Copa de la Liga,30,1993,10.0,425,345,75,20,0,1,69,37,18,8,7,0,269,5,21,ar ARG,DF,Unión,Copa de la Liga,30,1993,10.0,28,2.80,17,9,2,0,0,0,2,0.20,2,0,0,0,0,0,ar ARG,DF,Unión,Copa de la Liga,30,1993,10.0,20,14,11,8,1,6,13,46.2,7,14,3,11,10,30,19,0,ar ARG,DF,Unión,Copa de la Liga,30,1993,10.0,534,17,112,201,229,29,534,21,11,52.4,8,38.1,253,1375,640,14,9,2,9,9,302,65,ar ARG,DF,Unión,Copa de la Liga,30,1993,14,902,64,71.6,10.0,11,68,0,3,52,0,1.43,12,10,+2,+0.20,+0.20,9.8,10.9,-1.1,-0.11,-0.21,ar ARG,DF,Unión,Copa de la Liga,30,1993,10.0,0,0,0,12,5,2,69,10,14,0,0,0,40,9,14,39.1
Mauro Pittón,ar ARG,MF,Unión,Copa de la Liga,29,1994,14,14,"1,039",11.5,0,2,2,0,0,0,2,0,0.6,0.6,0.7,1.3,11,50,26,0.00,0.17,0.17,0.00,0.17,0.05,0.06,0.11,0.05,0.11,ar ARG,MF,Unión,Copa de la Liga,29,1994,11.5,0,11,3,27.3,0.95,0.26,0.00,0.00,24.0,1,0,0,0.6,0.6,0.05,-0.6,-0.6,ar ARG,MF,Unión,Copa de la Liga,29,1994,11.5,341,470,72.6,5973,1946,164,195,84.1,131,173,75.7,37,74,50.0,2,0.7,0.8,+1.3,9,40,6,3,50,ar ARG,MF,Unión,Copa de la Liga,29,1994,11.5,470,406,63,19,0,2,38,17,27,6,8,1,341,1,13,ar ARG,MF,Unión,Copa de la Liga,29,1994,11.5,26,2.25,18,5,0,2,1,0,3,0.26,1,1,0,1,0,0,ar ARG,MF,Unión,Copa de la Liga,29,1994,11.5,18,10,6,8,4,8,31,25.8,23,23,2,21,18,36,8,0,ar ARG,MF,Unión,Copa de la Liga,29,1994,11.5,591,11,100,314,183,17,591,16,8,50.0,7,43.8,237,1227,503,11,18,2,14,12,288,26,ar ARG,MF,Unión,Copa de la Liga,29,1994,14,"1,039",74,82.5,11.5,14,74,2,0,0,0,1.43,13,12,+1,+0.09,-0.32,11.7,12.1,-0.3,-0.03,+0.14,ar ARG,MF,Unión,Copa de la Liga,29,1994,11.5,2,0,0,23,10,1,38,18,10,0,0,0,66,15,11,57.7
Francisco Pizzini,ar ARG,FW,Vélez Sarsfield,Copa de la Liga,30,1993,12,11,835,9.3,3,1,4,3,0,0,2,0,2.5,2.5,1.7,4.1,29,26,82,0.32,0.11,0.43,0.32,0.43,0.26,0.18,0.44,0.26,0.44,ar ARG,FW,Vélez Sarsfield,Copa de la Liga,30,1993,9.3,3,19,9,47.4,2.05,0.97,0.16,0.33,14.9,0,0,0,2.5,2.5,0.13,+0.5,+0.5,ar ARG,FW,Vélez Sarsfield,Copa de la Liga,30,1993,9.3,183,259,70.7,2556,583,106,128,82.8,66,91,72.5,4,10,40.0,1,1.7,1.5,-0.7,10,11,12,2,26,ar ARG,FW,Vélez Sarsfield,Copa de la Liga,30,1993,9.3,259,253,6,0,1,0,24,2,4,0,0,0,183,0,13,ar ARG,FW,Vélez Sarsfield,Copa de la Liga,30,1993,9.3,19,2.05,12,0,3,1,3,0,2,0.22,1,0,0,1,0,0,ar ARG,FW,Vélez Sarsfield,Copa de la Liga,30,1993,9.3,13,5,2,9,2,3,15,20.0,12,7,0,7,3,16,11,0,ar ARG,FW,Vélez Sarsfield,Copa de la Liga,30,1993,9.3,396,9,37,171,197,48,396,33,12,36.4,19,57.6,262,1912,754,29,30,9,36,13,287,82,ar ARG,FW,Vélez Sarsfield,Copa de la Liga,30,1993,12,835,70,66.3,9.3,11,75,2,1,8,2,2.00,9,6,+3,+0.32,+0.75,10.1,6.2,+4.0,+0.43,+0.24,ar ARG,FW,Vélez Sarsfield,Copa de la Liga,30,1993,9.3,2,0,0,8,21,3,24,3,5,0,0,0,37,8,10,44.4
Vicente Poggi,uy URU,MF,Godoy Cruz,Copa de la Liga,21,2002,10,6,589,6.5,0,0,0,0,0,0,1,0,0.3,0.3,0.2,0.5,10,49,20,0.00,0.00,0.00,0.00,0.00,0.04,0.03,0.07,0.04,0.07,uy URU,MF,Godoy Cruz,Copa de la Liga,21,2002,6.5,0,10,4,40.0,1.53,0.61,0.00,0.00,25.5,0,0,0,0.3,0.3,0.03,-0.3,-0.3,uy URU,MF,Godoy Cruz,Copa de la Liga,21,2002,6.5,239,293,81.6,4105,1421,125,140,89.3,78,94,83.0,29,46,63.0,0,0.2,0.7,-0.2,4,39,12,5,49,uy URU,MF,Godoy Cruz,Copa de la Liga,21,2002,6.5,293,286,7,2,1,4,13,1,4,1,3,0,239,0,4,uy URU,MF,Godoy Cruz,Copa de la Liga,21,2002,6.5,17,2.59,15,0,1,1,0,0,3,0.46,3,0,0,0,0,0,uy URU,MF,Godoy Cruz,Copa de la Liga,21,2002,6.5,23,18,5,17,1,13,20,65.0,7,11,3,8,4,27,11,0,uy URU,MF,Godoy Cruz,Copa de la Liga,21,2002,6.5,378,9,47,240,95,5,378,10,6,60.0,3,30.0,203,953,569,10,10,1,6,15,245,20,uy URU,MF,Godoy Cruz,Copa de la Liga,21,2002,10,589,59,46.7,6.5,6,72,2,4,40,0,1.73,6,4,+2,+0.31,-0.77,6.7,6.3,+0.4,+0.06,-0.48,uy URU,MF,Godoy Cruz,Copa de la Liga,21,2002,6.5,1,0,0,10,6,0,13,4,18,0,0,0,46,7,10,41.2
Tomás Porra,ar ARG,FW,San Lorenzo,Copa de la Liga,20,2004,1,0,31,0.3,0,0,0,0,0,0,0,0,0.0,0.0,0.0,0.0,1,4,1,0.00,0.00,0.00,0.00,0.00,0.00,0.00,0.00,0.00,0.00,ar ARG,FW,San Lorenzo,Copa de la Liga,20,2004,0.3,0,0,0,0,0.00,0.00,0,0,0,0,0,0,0.0,0.0,0,0.0,0.0,ar ARG,FW,San Lorenzo,Copa de la Liga,20,2004,0.3,16,22,72.7,270,116,10,10,100.0,4,5,80.0,2,6,33.3,0,0.0,0.1,0.0,0,2,2,0,4,ar ARG,FW,San Lorenzo,Copa de la Liga,20,2004,0.3,22,20,1,0,0,0,1,1,0,0,0,0,16,1,0,ar ARG,FW,San Lorenzo,Copa de la Liga,20,2004,0.3,0,0.00,0,0,0,0,0,0,0,0.00,0,0,0,0,0,0,ar ARG,FW,San Lorenzo,Copa de la Liga,20,2004,0.3,0,0,0,0,0,0,0,0,0,1,0,1,0,0,0,0,ar ARG,FW,San Lorenzo,Copa de la Liga,20,2004,0.3,23,0,4,10,9,0,23,0,0,0,0,0,13,91,52,1,2,0,0,0,16,1,ar ARG,FW,San Lorenzo,Copa de la Liga,20,2004,1,31,31,2.5,0.3,0,0,0,1,31,13,0.00,0,0,0,0.00,+0.29,0.1,0.2,-0.1,-0.28,-0.33,ar ARG,FW,San Lorenzo,Copa de la Liga,20,2004,0.3,0,0,0,0,0,0,1,0,0,0,0,0,2,0,1,0.0
Juan Portillo,ar ARG,MF,Talleres,Copa de la Liga,23,2000,11,5,564,6.3,0,0,0,0,0,0,2,0,0.2,0.2,0.1,0.3,5,36,8,0.00,0.00,0.00,0.00,0.00,0.03,0.02,0.05,0.03,0.05,ar ARG,MF,Talleres,Copa de la Liga,23,2000,6.3,0,9,2,22.2,1.44,0.32,0.00,0.00,24.8,0,0,0,0.2,0.2,0.02,-0.2,-0.2,ar ARG,MF,Talleres,Copa de la Liga,23,2000,6.3,216,292,74.0,4197,1192,98,116,84.5,78,98,79.6,35,54,64.8,0,0.1,0.2,-0.1,4,39,3,0,36,ar ARG,MF,Talleres,Copa de la Liga,23,2000,6.3,292,286,5,4,1,6,2,1,0,0,0,0,216,1,12,ar ARG,MF,Talleres,Copa de la Liga,23,2000,6.3,16,2.55,11,0,0,1,3,1,0,0.00,0,0,0,0,0,0,ar ARG,MF,Talleres,Copa de la Liga,23,2000,6.3,35,25,12,23,0,12,17,70.6,5,11,2,9,5,40,8,0,ar ARG,MF,Talleres,Copa de la Liga,23,2000,6.3,378,9,87,239,54,7,378,7,4,57.1,2,28.6,196,816,321,5,6,1,13,6,219,8,ar ARG,MF,Talleres,Copa de la Liga,23,2000,11,564,51,44.8,6.3,5,85,4,6,23,3,1.82,10,9,+1,+0.16,-0.75,9.4,6.8,+2.7,+0.42,-0.06,ar ARG,MF,Talleres,Copa de la Liga,23,2000,6.3,2,0,0,11,10,0,2,5,25,0,0,0,37,8,8,50.0
Marcos Portillo,ar ARG,MF,Talleres,Copa de la Liga,24,2000,9,5,400,4.4,1,0,1,1,0,0,3,0,0.2,0.2,0.8,1.1,9,25,8,0.23,0.00,0.23,0.23,0.23,0.06,0.18,0.24,0.06,0.24,ar ARG,MF,Talleres,Copa de la Liga,24,2000,4.4,1,9,5,55.6,2.03,1.13,0.11,0.20,28.2,1,0,0,0.2,0.2,0.03,+0.8,+0.8,ar ARG,MF,Talleres,Copa de la Liga,24,2000,4.4,169,222,76.1,3244,1126,74,84,88.1,71,86,82.6,22,40,55.0,0,0.8,0.5,-0.8,7,27,8,0,25,ar ARG,MF,Talleres,Copa de la Liga,24,2000,4.4,222,211,10,6,4,5,4,2,1,0,0,0,169,1,7,ar ARG,MF,Talleres,Copa de la Liga,24,2000,4.4,21,4.74,13,2,3,1,1,1,0,0.00,0,0,0,0,0,0,ar ARG,MF,Talleres,Copa de la Liga,24,2000,4.4,10,8,4,6,0,4,9,44.4,5,7,2,5,5,15,4,0,ar ARG,MF,Talleres,Copa de la Liga,24,2000,4.4,280,6,42,188,57,3,280,15,9,60.0,5,33.3,152,851,487,9,8,2,8,0,173,8,ar ARG,MF,Talleres,Copa de la Liga,24,2000,9,400,44,31.7,4.4,5,64,0,4,20,4,1.78,10,6,+4,+0.90,+0.48,8.4,5.2,+3.2,+0.72,+0.39,ar ARG,MF,Talleres,Copa de la Liga,24,2000,4.4,3,0,0,8,5,0,4,5,8,0,0,0,38,3,3,50.0
Tomás Pozzo,ar ARG,MF,Godoy Cruz,Copa de la Liga,23,2000,5,1,183,2.0,0,1,1,0,0,0,2,0,0.0,0.0,0.2,0.3,4,8,8,0.00,0.49,0.49,0.00,0.49,0.02,0.11,0.13,0.02,0.13,ar ARG,MF,Godoy Cruz,Copa de la Liga,23,2000,2.0,0,1,0,0.0,0.49,0.00,0.00,0,14.9,0,0,0,0.0,0.0,0.04,0.0,0.0,ar ARG,MF,Godoy Cruz,Copa de la Liga,23,2000,2.0,68,86,79.1,1078,358,33,39,84.6,22,25,88.0,8,11,72.7,1,0.2,0.2,+0.8,5,7,3,2,8,ar ARG,MF,Godoy Cruz,Copa de la Liga,23,2000,2.0,86,84,2,0,0,1,5,0,2,2,0,0,68,0,4,ar ARG,MF,Godoy Cruz,Copa de la Liga,23,2000,2.0,11,5.41,8,1,1,0,1,0,1,0.49,1,0,0,0,0,0,ar ARG,MF,Godoy Cruz,Copa de la Liga,23,2000,2.0,6,4,1,4,1,1,1,100.0,0,1,1,0,0,6,1,0,ar ARG,MF,Godoy Cruz,Copa de la Liga,23,2000,2.0,108,1,16,63,31,4,108,6,3,50.0,2,33.3,66,261,139,4,1,1,6,2,73,8,ar ARG,MF,Godoy Cruz,Copa de la Liga,23,2000,5,183,37,14.5,2.0,1,26,0,4,39,0,2.60,3,0,+3,+1.48,+0.89,2.9,1.7,+1.1,+0.56,+0.28,ar ARG,MF,Godoy Cruz,Copa de la Liga,23,2000,2.0,2,0,0,8,4,0,5,0,4,0,0,0,16,2,3,40.0
Sebastián Prieto,ar ARG,DF,Arg Juniors,Copa de la Liga,30,1993,6,4,437,4.9,0,1,1,0,0,0,1,0,0.1,0.1,0.3,0.4,11,17,14,0.00,0.21,0.21,0.00,0.21,0.01,0.06,0.07,0.01,0.07,ar ARG,DF,Arg Juniors,Copa de la Liga,30,1993,4.9,0,3,1,33.3,0.62,0.21,0.00,0.00,24.0,0,0,0,0.1,0.1,0.02,-0.1,-0.1,ar ARG,DF,Arg Juniors,Copa de la Liga,30,1993,4.9,166,250,66.4,2827,1211,73,83,88.0,68,96,70.8,18,48,37.5,1,0.3,0.4,+0.7,3,10,4,0,17,ar ARG,DF,Arg Juniors,Copa de la Liga,30,1993,4.9,250,211,39,1,0,2,18,36,2,0,2,0,166,0,17,ar ARG,DF,Arg Juniors,Copa de la Liga,30,1993,4.9,8,1.65,6,1,0,0,1,0,1,0.21,1,0,0,0,0,0,ar ARG,DF,Arg Juniors,Copa de la Liga,30,1993,4.9,12,9,7,5,0,6,12,50.0,6,5,2,3,3,15,20,0,ar ARG,DF,Arg Juniors,Copa de la Liga,30,1993,4.9,308,17,99,163,49,2,308,16,9,56.3,7,43.8,139,621,353,11,5,1,3,1,141,14,ar ARG,DF,Arg Juniors,Copa de la Liga,30,1993,6,437,73,34.7,4.9,4,83,3,2,54,8,1.38,7,3,+4,+0.82,+0.06,5.8,5.7,+0.1,+0.02,-0.18,ar ARG,DF,Arg Juniors,Copa de la Liga,30,1993,4.9,1,0,0,3,2,0,18,3,9,0,0,0,38,6,3,66.7
Damián Puebla,ar ARG,"MF,FW",Instituto,Copa de la Liga,21,2002,13,13,976,10.8,6,0,6,3,3,3,1,0,4.0,1.6,1.1,2.7,30,47,54,0.55,0.00,0.55,0.28,0.28,0.37,0.10,0.46,0.15,0.25,ar ARG,"MF,FW",Instituto,Copa de la Liga,21,2002,10.8,6,22,7,31.8,2.03,0.65,0.14,0.43,19.6,3,3,3,4.0,1.6,0.07,+2.0,+1.4,ar ARG,"MF,FW",Instituto,Copa de la Liga,21,2002,10.8,206,293,70.3,3507,1323,96,127,75.6,77,94,81.9,24,44,54.5,0,1.1,1.2,-1.1,14,31,18,6,47,ar ARG,"MF,FW",Instituto,Copa de la Liga,21,2002,10.8,293,284,7,2,1,3,24,1,4,2,1,0,206,2,9,ar ARG,"MF,FW",Instituto,Copa de la Liga,21,2002,10.8,46,4.24,26,2,6,4,8,0,3,0.28,1,0,0,1,1,0,ar ARG,"MF,FW",Instituto,Copa de la Liga,21,2002,10.8,28,22,6,16,6,9,25,36.0,16,13,0,13,5,33,3,0,ar ARG,"MF,FW",Instituto,Copa de la Liga,21,2002,10.8,465,3,45,222,208,25,462,47,19,40.4,25,53.2,290,1842,937,30,30,3,26,20,315,54,ar ARG,"MF,FW",Instituto,Copa de la Liga,21,2002,13,976,75,77.5,10.8,13,75,3,0,0,0,1.31,11,14,-3,-0.28,-1.54,13.8,10.5,+3.3,+0.31,-1.05,ar ARG,"MF,FW",Instituto,Copa de la Liga,21,2002,10.8,1,0,0,14,28,2,24,5,22,1,0,0,47,8,30,21.1
Maximiliano Puig,ar ARG,"MF,FW",Barracas Central,Copa de la Liga,23,2000,1,0,26,0.3,0,0,0,0,0,0,0,0,0.0,0.0,0.0,0.0,0,0,1,0.00,0.00,0.00,0.00,0.00,0.00,0.00,0.00,0.00,0.00,ar ARG,"MF,FW",Barracas Central,Copa de la Liga,23,2000,0.3,0,0,0,0,0.00,0.00,0,0,0,0,0,0,0.0,0.0,0,0.0,0.0,ar ARG,"MF,FW",Barracas Central,Copa de la Liga,23,2000,0.3,5,6,83.3,45,0,4,5,80.0,0,0,0,0,0,0,0,0.0,0.0,0.0,0,0,0,0,0,ar ARG,"MF,FW",Barracas Central,Copa de la Liga,23,2000,0.3,6,6,0,0,0,0,0,0,0,0,0,0,5,0,0,ar ARG,"MF,FW",Barracas Central,Copa de la Liga,23,2000,0.3,0,0.00,0,0,0,0,0,0,0,0.00,0,0,0,0,0,0,ar ARG,"MF,FW",Barracas Central,Copa de la Liga,23,2000,0.3,1,1,1,0,0,1,2,50.0,1,1,0,1,0,1,0,0,ar ARG,"MF,FW",Barracas Central,Copa de la Liga,23,2000,0.3,14,0,4,7,3,0,14,1,1,100.0,0,0.0,3,15,0,0,0,0,3,1,5,1,ar ARG,"MF,FW",Barracas Central,Copa de la Liga,23,2000,1,26,26,2.1,0.3,0,0,0,1,26,3,3.00,0,0,0,0.00,-0.36,0.0,0.3,-0.3,-1.05,-0.88,ar ARG,"MF,FW",Barracas Central,Copa de la Liga,23,2000,0.3,0,0,0,4,1,1,0,0,1,0,0,0,4,0,2,0.0
Ignacio Pussetto,ar ARG,"FW,MF",Huracán,Copa de la Liga,28,1995,13,11,984,10.9,3,0,3,2,1,1,2,0,3.9,3.1,1.0,4.1,20,32,75,0.27,0.00,0.27,0.18,0.18,0.36,0.09,0.45,0.29,0.38,ar ARG,"FW,MF",Huracán,Copa de la Liga,28,1995,10.9,3,40,11,27.5,3.66,1.01,0.05,0.18,18.1,3,1,1,3.9,3.1,0.08,-0.9,-1.1,ar ARG,"FW,MF",Huracán,Copa de la Liga,28,1995,10.9,239,329,72.6,3465,735,146,183,79.8,69,90,76.7,15,30,50.0,0,1.0,0.9,-1.0,14,24,9,0,32,ar ARG,"FW,MF",Huracán,Copa de la Liga,28,1995,10.9,329,313,14,0,3,2,8,4,0,0,0,0,239,2,11,ar ARG,"FW,MF",Huracán,Copa de la Liga,28,1995,10.9,37,3.38,23,0,5,4,5,0,3,0.27,2,0,0,0,1,0,ar ARG,"FW,MF",Huracán,Copa de la Liga,28,1995,10.9,10,5,1,4,5,5,12,41.7,7,10,2,8,3,13,8,0,ar ARG,"FW,MF",Huracán,Copa de la Liga,28,1995,10.9,492,11,27,233,243,55,491,45,22,48.9,22,48.9,261,1507,607,20,21,2,36,24,382,75,ar ARG,"FW,MF",Huracán,Copa de la Liga,28,1995,13,984,76,78.1,10.9,11,83,5,2,33,0,1.23,11,10,+1,+0.09,+0.42,12.0,12.9,-0.9,-0.08,+0.82,ar ARG,"FW,MF",Huracán,Copa de la Liga,28,1995,10.9,2,0,0,19,21,2,8,3,5,0,0,0,27,31,34,47.7
Facundo Quignon,ar ARG,MF,Belgrano,Copa de la Liga,30,1993,3,2,130,1.4,0,0,0,0,0,0,1,0,0.0,0.0,0.0,0.0,0,5,0,0.00,0.00,0.00,0.00,0.00,0.00,0.00,0.00,0.00,0.00,ar ARG,MF,Belgrano,Copa de la Liga,30,1993,1.4,0,0,0,0,0.00,0.00,0,0,0,0,0,0,0.0,0.0,0,0.0,0.0,ar ARG,MF,Belgrano,Copa de la Liga,30,1993,1.4,46,55,83.6,750,178,24,25,96.0,16,19,84.2,5,7,71.4,0,0.0,0.0,0.0,0,5,1,0,5,ar ARG,MF,Belgrano,Copa de la Liga,30,1993,1.4,55,53,2,2,0,0,0,0,0,0,0,0,46,0,0,ar ARG,MF,Belgrano,Copa de la Liga,30,1993,1.4,0,0.00,0,0,0,0,0,0,0,0.00,0,0,0,0,0,0,ar ARG,MF,Belgrano,Copa de la Liga,30,1993,1.4,6,2,5,0,1,6,8,75.0,2,1,0,1,0,6,3,0,ar ARG,MF,Belgrano,Copa de la Liga,30,1993,1.4,68,3,18,40,10,0,68,1,0,0.0,1,100.0,33,133,51,0,0,0,1,0,44,0,ar ARG,MF,Belgrano,Copa de la Liga,30,1993,3,130,43,10.3,1.4,2,58,0,1,14,2,0.33,0,1,-1,-0.69,-0.61,0.7,0.9,-0.2,-0.15,-0.08,ar ARG,MF,Belgrano,Copa de la Liga,30,1993,1.4,1,0,0,4,0,0,0,0,2,0,0,0,4,1,2,33.3
Jhonny Quiñónez,ec ECU,MF,Independiente,Copa de la Liga,25,1998,6,4,327,3.6,1,0,1,0,1,1,1,0,1.0,0.2,0.1,0.3,4,16,12,0.28,0.00,0.28,0.00,0.00,0.27,0.03,0.30,0.06,0.09,ec ECU,MF,Independiente,Copa de la Liga,25,1998,3.6,1,6,3,50.0,1.65,0.83,0.00,0.00,29.0,2,1,1,1.0,0.2,0.03,0.0,-0.2,ec ECU,MF,Independiente,Copa de la Liga,25,1998,3.6,105,147,71.4,1793,628,59,70,84.3,34,42,81.0,9,17,52.9,0,0.1,0.2,-0.1,2,13,4,2,16,ec ECU,MF,Independiente,Copa de la Liga,25,1998,3.6,147,144,1,0,0,5,4,1,0,0,0,0,105,2,6,ec ECU,MF,Independiente,Copa de la Liga,25,1998,3.6,5,1.37,5,0,0,0,0,0,0,0.00,0,0,0,0,0,0,ec ECU,MF,Independiente,Copa de la Liga,25,1998,3.6,8,3,6,1,1,7,8,87.5,1,10,5,5,1,9,6,0,ec ECU,MF,Independiente,Copa de la Liga,25,1998,3.6,203,10,51,106,46,2,202,9,1,11.1,8,88.9,106,381,174,4,1,0,7,0,116,12,ec ECU,MF,Independiente,Copa de la Liga,25,1998,6,327,55,26.0,3.6,4,71,0,2,22,8,2.17,3,0,+3,+0.83,+0.73,3.4,2.2,+1.2,+0.33,-0.17,ec ECU,MF,Independiente,Copa de la Liga,25,1998,3.6,1,0,0,2,2,0,4,1,3,0,0,0,18,1,6,14.3
Carlos Quintana,ar ARG,DF,Rosario Central,Copa de la Liga,35,1988,11,10,884,9.8,1,0,1,1,0,0,4,1,1.0,1.0,0.1,1.1,0,15,6,0.10,0.00,0.10,0.10,0.10,0.10,0.01,0.11,0.10,0.11,ar ARG,DF,Rosario Central,Copa de la Liga,35,1988,9.8,1,10,5,50.0,1.02,0.51,0.10,0.20,11.4,0,0,0,1.0,1.0,0.10,0.0,0.0,ar ARG,DF,Rosario Central,Copa de la Liga,35,1988,9.8,249,312,79.8,5147,2238,72,83,86.7,144,171,84.2,32,52,61.5,0,0.1,0.1,-0.1,1,12,0,0,15,ar ARG,DF,Rosario Central,Copa de la Liga,35,1988,9.8,312,299,12,12,0,1,0,0,0,0,0,0,249,1,1,ar ARG,DF,Rosario Central,Copa de la Liga,35,1988,9.8,5,0.51,3,1,0,1,0,0,0,0.00,0,0,0,0,0,0,ar ARG,DF,Rosario Central,Copa de la Liga,35,1988,9.8,14,9,8,6,0,9,14,64.3,5,13,8,5,8,22,61,0,ar ARG,DF,Rosario Central,Copa de la Liga,35,1988,9.8,421,74,256,146,22,16,421,0,0,0,0,0,193,679,330,0,1,0,2,1,221,6,ar ARG,DF,Rosario Central,Copa de la Liga,35,1988,11,884,80,70.2,9.8,10,85,7,1,36,1,1.36,8,9,-1,-0.10,+1.57,7.7,10.4,-2.6,-0.27,+0.88,ar ARG,DF,Rosario Central,Copa de la Liga,35,1988,9.8,4,1,1,14,2,0,0,8,9,0,0,0,19,49,20,71.0
Juan Quintana,uy URU,MF,Banfield,Copa de la Liga,24,2000,7,0,116,1.3,1,0,1,1,0,0,0,0,0.9,0.9,0.4,1.3,3,1,12,0.78,0.00,0.78,0.78,0.78,0.68,0.29,0.98,0.68,0.98,uy URU,MF,Banfield,Copa de la Liga,24,2000,1.3,1,2,1,50.0,1.55,0.78,0.50,1.00,6.7,0,0,0,0.9,0.9,0.44,+0.1,+0.1,uy URU,MF,Banfield,Copa de la Liga,24,2000,1.3,18,34,52.9,217,83,11,14,78.6,5,13,38.5,0,1,0.0,0,0.4,0.6,-0.4,1,1,1,1,1,uy URU,MF,Banfield,Copa de la Liga,24,2000,1.3,34,32,2,0,0,0,6,2,0,0,0,0,18,0,1,uy URU,MF,Banfield,Copa de la Liga,24,2000,1.3,1,0.78,1,0,0,0,0,0,0,0.00,0,0,0,0,0,0,uy URU,MF,Banfield,Copa de la Liga,24,2000,1.3,3,0,1,2,0,1,6,16.7,5,3,0,3,1,4,0,0,uy URU,MF,Banfield,Copa de la Liga,24,2000,1.3,61,1,7,24,34,7,61,6,1,16.7,4,66.7,33,225,78,3,3,0,6,2,35,12,uy URU,MF,Banfield,Copa de la Liga,24,2000,7,116,17,9.2,1.3,0,0,0,7,17,4,1.29,3,3,0,0.00,+0.08,2.5,3.2,-0.7,-0.52,-0.41,uy URU,MF,Banfield,Copa de la Liga,24,2000,1.3,0,0,0,2,1,0,6,1,0,0,0,0,11,3,1,75.0
Juan Quintero,co COL,"MF,FW",Racing Club,Copa de la Liga,31,1993,13,11,"1,000",11.1,3,3,6,3,0,1,2,0,2.6,1.8,3.2,5.1,22,116,58,0.27,0.27,0.54,0.27,0.54,0.24,0.29,0.53,0.17,0.46,co COL,"MF,FW",Racing Club,Copa de la Liga,31,1993,11.1,3,28,8,28.6,2.52,0.72,0.11,0.38,26.1,11,0,1,2.6,1.8,0.07,+0.4,+1.2,co COL,"MF,FW",Racing Club,Copa de la Liga,31,1993,11.1,514,668,76.9,10495,3577,212,242,87.6,201,253,79.4,93,148,62.8,3,3.2,2.6,-0.2,34,72,36,0,116,co COL,"MF,FW",Racing Club,Copa de la Liga,31,1993,11.1,668,578,85,30,10,20,49,9,36,20,9,0,514,5,8,co COL,"MF,FW",Racing Club,Copa de la Liga,31,1993,11.1,72,6.49,57,8,3,2,2,0,4,0.36,3,1,0,0,0,0,co COL,"MF,FW",Racing Club,Copa de la Liga,31,1993,11.1,15,5,5,8,2,11,23,47.8,12,2,0,2,1,16,0,0,co COL,"MF,FW",Racing Club,Copa de la Liga,31,1993,11.1,742,1,49,423,279,19,741,28,19,67.9,8,28.6,446,2142,1016,22,29,7,19,4,553,58,co COL,"MF,FW",Racing Club,Copa de la Liga,31,1993,13,"1,000",77,79.4,11.1,11,84,6,2,39,0,1.62,14,10,+4,+0.36,-2.76,15.5,9.9,+5.6,+0.50,+0.32,co COL,"MF,FW",Racing Club,Copa de la Liga,31,1993,11.1,2,0,0,6,7,0,49,1,5,0,0,0,50,0,1,0.0
Franco Quinteros,ar ARG,DF,Banfield,Copa de la Liga,25,1998,1,1,69,0.8,0,0,0,0,0,0,0,1,0.0,0.0,0.0,0.0,0,3,0,0.00,0.00,0.00,0.00,0.00,0.00,0.03,0.03,0.00,0.03,ar ARG,DF,Banfield,Copa de la Liga,25,1998,0.8,0,0,0,0,0.00,0.00,0,0,0,0,0,0,0.0,0.0,0,0.0,0.0,ar ARG,DF,Banfield,Copa de la Liga,25,1998,0.8,12,26,46.2,329,249,2,7,28.6,5,9,55.6,5,10,50.0,0,0.0,0.1,0.0,1,5,1,0,3,ar ARG,DF,Banfield,Copa de la Liga,25,1998,0.8,26,18,8,0,0,0,3,8,0,0,0,0,12,0,2,ar ARG,DF,Banfield,Copa de la Liga,25,1998,0.8,1,1.30,1,0,0,0,0,0,0,0.00,0,0,0,0,0,0,ar ARG,DF,Banfield,Copa de la Liga,25,1998,0.8,1,1,1,0,0,0,1,0.0,1,1,0,1,0,1,3,0,ar ARG,DF,Banfield,Copa de la Liga,25,1998,0.8,35,1,12,12,11,0,35,2,0,0.0,2,100.0,15,73,35,0,2,0,0,0,14,0,ar ARG,DF,Banfield,Copa de la Liga,25,1998,1,69,69,5.5,0.8,1,69,0,0,0,11,3.00,2,0,+2,+2.61,+2.84,0.3,0.8,-0.5,-0.61,-0.49,ar ARG,DF,Banfield,Copa de la Liga,25,1998,0.8,0,1,0,1,2,0,3,0,1,0,0,0,1,1,1,50.0
Sergio Quiroga,ar ARG,"MF,FW",Sarmiento,Copa de la Liga,29,1994,13,9,753,8.4,1,1,2,1,0,0,2,1,0.3,0.3,0.8,1.2,18,32,25,0.12,0.12,0.24,0.12,0.24,0.04,0.10,0.14,0.04,0.14,ar ARG,"MF,FW",Sarmiento,Copa de la Liga,29,1994,8.4,1,10,2,20.0,1.20,0.24,0.10,0.50,24.6,0,0,0,0.3,0.3,0.03,+0.7,+0.7,ar ARG,"MF,FW",Sarmiento,Copa de la Liga,29,1994,8.4,171,260,65.8,3350,1268,68,85,80.0,71,98,72.4,29,59,49.2,1,0.8,0.6,+0.2,17,29,4,1,32,ar ARG,"MF,FW",Sarmiento,Copa de la Liga,29,1994,8.4,260,233,25,4,0,5,24,3,17,3,11,0,171,2,6,ar ARG,"MF,FW",Sarmiento,Copa de la Liga,29,1994,8.4,27,3.23,15,9,1,0,0,2,2,0.24,1,0,0,0,0,1,ar ARG,"MF,FW",Sarmiento,Copa de la Liga,29,1994,8.4,20,11,6,9,5,13,25,52.0,12,12,0,12,7,27,7,0,ar ARG,"MF,FW",Sarmiento,Copa de la Liga,29,1994,8.4,369,5,70,178,123,11,369,25,8,32.0,16,64.0,188,960,505,18,10,2,23,11,209,25,ar ARG,"MF,FW",Sarmiento,Copa de la Liga,29,1994,13,753,58,59.8,8.4,9,69,1,4,33,1,0.69,6,11,-5,-0.60,+0.29,5.5,8.5,-3.1,-0.37,+0.30,ar ARG,"MF,FW",Sarmiento,Copa de la Liga,29,1994,8.4,2,1,0,10,20,0,24,7,11,0,0,0,46,2,11,15.4
Aaron Quirós,ar ARG,DF,Banfield,Copa de la Liga,22,2001,9,9,803,8.9,1,1,2,1,0,0,4,0,0.3,0.3,0.3,0.6,2,19,3,0.11,0.11,0.22,0.11,0.22,0.03,0.03,0.06,0.03,0.06,ar ARG,DF,Banfield,Copa de la Liga,22,2001,8.9,1,5,1,20.0,0.56,0.11,0.20,1.00,16.3,1,0,0,0.3,0.3,0.06,+0.7,+0.7,ar ARG,DF,Banfield,Copa de la Liga,22,2001,8.9,264,348,75.9,5897,2283,61,64,95.3,159,180,88.3,42,94,44.7,1,0.3,0.3,+0.7,5,18,3,1,19,ar ARG,DF,Banfield,Copa de la Liga,22,2001,8.9,348,299,47,9,0,3,2,29,0,0,0,0,264,2,4,ar ARG,DF,Banfield,Copa de la Liga,22,2001,8.9,8,0.90,5,2,0,0,1,0,1,0.11,0,1,0,0,0,0,ar ARG,DF,Banfield,Copa de la Liga,22,2001,8.9,8,5,6,1,1,4,9,44.4,5,9,5,4,10,18,35,0,ar ARG,DF,Banfield,Copa de la Liga,22,2001,8.9,424,82,256,138,31,5,424,4,4,100.0,0,0.0,244,1197,741,2,2,0,3,3,249,3,ar ARG,DF,Banfield,Copa de la Liga,22,2001,9,803,89,63.7,8.9,9,89,8,0,0,0,1.67,11,6,+5,+0.56,+1.74,8.0,10.1,-2.1,-0.23,-0.23,ar ARG,DF,Banfield,Copa de la Liga,22,2001,8.9,4,0,0,4,11,2,2,10,5,0,1,0,32,10,6,62.5
Santiago Quiros,ar ARG,DF,Racing Club,Copa de la Liga,20,2003,1,0,45,0.5,0,0,0,0,0,0,0,0,0.0,0.0,0.0,0.0,0,2,0,0.00,0.00,0.00,0.00,0.00,0.00,0.00,0.00,0.00,0.00,ar ARG,DF,Racing Club,Copa de la Liga,20,2003,0.5,0,0,0,0,0.00,0.00,0,0,0,0,0,0,0.0,0.0,0,0.0,0.0,ar ARG,DF,Racing Club,Copa de la Liga,20,2003,0.5,33,45,73.3,672,244,12,13,92.3,13,14,92.9,7,13,53.8,0,0.0,0.0,0.0,0,3,0,0,2,ar ARG,DF,Racing Club,Copa de la Liga,20,2003,0.5,45,44,0,0,0,1,0,0,0,0,0,0,33,1,2,ar ARG,DF,Racing Club,Copa de la Liga,20,2003,0.5,0,0.00,0,0,0,0,0,0,0,0.00,0,0,0,0,0,0,ar ARG,DF,Racing Club,Copa de la Liga,20,2003,0.5,2,0,2,0,0,1,1,100.0,0,2,0,2,3,5,2,0,ar ARG,DF,Racing Club,Copa de la Liga,20,2003,0.5,54,3,19,34,1,0,54,1,1,100.0,0,0.0,30,155,91,0,1,0,0,1,30,0,ar ARG,DF,Racing Club,Copa de la Liga,20,2003,1,45,45,3.6,0.5,0,0,0,1,45,5,0.00,0,0,0,0.00,-0.96,0.4,0.5,-0.1,-0.19,-0.65,ar ARG,DF,Racing Club,Copa de la Liga,20,2003,0.5,0,0,0,0,0,0,0,3,0,0,0,0,5,2,1,66.7
Maico Quiroz,ar ARG,"MF,FW",Sarmiento,Copa de la Liga,22,2001,3,2,149,1.7,0,0,0,0,0,0,0,0,0.1,0.1,0.1,0.2,2,7,5,0.00,0.00,0.00,0.00,0.00,0.07,0.04,0.11,0.07,0.11,ar ARG,"MF,FW",Sarmiento,Copa de la Liga,22,2001,1.7,0,1,0,0.0,0.60,0.00,0.00,0,8.0,0,0,0,0.1,0.1,0.12,-0.1,-0.1,ar ARG,"MF,FW",Sarmiento,Copa de la Liga,22,2001,1.7,25,42,59.5,384,197,14,18,77.8,7,10,70.0,3,8,37.5,0,0.1,0.1,-0.1,2,6,2,1,7,ar ARG,"MF,FW",Sarmiento,Copa de la Liga,22,2001,1.7,42,41,1,0,0,1,1,1,0,0,0,0,25,0,2,ar ARG,"MF,FW",Sarmiento,Copa de la Liga,22,2001,1.7,2,1.21,2,0,0,0,0,0,1,0.60,1,0,0,0,0,0,ar ARG,"MF,FW",Sarmiento,Copa de la Liga,22,2001,1.7,7,5,4,3,0,3,5,60.0,2,3,1,2,2,9,0,0,ar ARG,"MF,FW",Sarmiento,Copa de la Liga,22,2001,1.7,62,0,15,34,13,3,62,4,1,25.0,2,50.0,27,145,79,2,0,0,2,4,26,5,ar ARG,"MF,FW",Sarmiento,Copa de la Liga,22,2001,3,149,50,11.8,1.7,2,68,1,1,14,9,0.67,1,3,-2,-1.21,-0.56,0.7,2.3,-1.7,-1.01,-0.60,ar ARG,"MF,FW",Sarmiento,Copa de la Liga,22,2001,1.7,0,0,0,2,3,0,1,2,5,0,0,0,10,1,1,50.0
Franco Rami,ar ARG,MF,Belgrano,Copa de la Liga,20,2003,1,0,25,0.3,0,0,0,0,0,0,0,0,0.0,0.0,0.0,0.0,0,0,0,0.00,0.00,0.00,0.00,0.00,0.00,0.00,0.00,0.00,0.00,ar ARG,MF,Belgrano,Copa de la Liga,20,2003,0.3,0,0,0,0,0.00,0.00,0,0,0,0,0,0,0.0,0.0,0,0.0,0.0,ar ARG,MF,Belgrano,Copa de la Liga,20,2003,0.3,3,4,75.0,36,0,3,4,75.0,0,0,0,0,0,0,0,0.0,0.0,0.0,0,0,0,0,0,ar ARG,MF,Belgrano,Copa de la Liga,20,2003,0.3,4,2,2,0,0,0,0,0,0,0,0,0,3,0,0,ar ARG,MF,Belgrano,Copa de la Liga,20,2003,0.3,0,0.00,0,0,0,0,0,0,0,0.00,0,0,0,0,0,0,ar ARG,MF,Belgrano,Copa de la Liga,20,2003,0.3,0,0,0,0,0,0,0,0,0,0,0,0,0,0,0,0,ar ARG,MF,Belgrano,Copa de la Liga,20,2003,0.3,5,0,0,4,1,1,5,0,0,0,0,0,2,5,0,0,0,0,0,0,1,0,ar ARG,MF,Belgrano,Copa de la Liga,20,2003,1,25,25,2.0,0.3,0,0,0,1,25,1,0.00,0,2,-2,-7.20,-7.20,0.2,0.6,-0.4,-1.35,-1.29,ar ARG,MF,Belgrano,Copa de la Liga,20,2003,0.3,0,0,0,0,0,0,0,0,0,0,0,0,1,0,3,0.0
Eric Ramírez,ar ARG,"FW,MF",Gimnasia–LP,Copa de la Liga,27,1996,13,7,608,6.8,3,1,4,3,0,0,2,0,2.1,2.1,0.2,2.3,11,12,46,0.44,0.15,0.59,0.44,0.59,0.32,0.03,0.34,0.32,0.34,ar ARG,"FW,MF",Gimnasia–LP,Copa de la Liga,27,1996,6.8,3,21,10,47.6,3.11,1.48,0.14,0.30,16.1,0,0,0,2.1,2.1,0.10,+0.9,+0.9,ar ARG,"FW,MF",Gimnasia–LP,Copa de la Liga,27,1996,6.8,91,146,62.3,1388,420,53,70,75.7,25,42,59.5,8,18,44.4,1,0.2,0.2,+0.8,3,6,5,2,12,ar ARG,"FW,MF",Gimnasia–LP,Copa de la Liga,27,1996,6.8,146,133,13,0,0,3,12,5,0,0,0,0,91,0,5,ar ARG,"FW,MF",Gimnasia–LP,Copa de la Liga,27,1996,6.8,14,2.07,6,0,3,1,4,0,1,0.15,1,0,0,0,0,0,ar ARG,"FW,MF",Gimnasia–LP,Copa de la Liga,27,1996,6.8,15,3,3,9,3,1,5,20.0,4,8,0,8,2,17,4,0,ar ARG,"FW,MF",Gimnasia–LP,Copa de la Liga,27,1996,6.8,241,0,18,104,121,25,241,14,4,28.6,7,50.0,134,603,266,11,2,3,27,6,155,46,ar ARG,"FW,MF",Gimnasia–LP,Copa de la Liga,27,1996,13,608,47,48.3,6.8,7,62,0,6,30,1,1.00,7,11,-4,-0.59,-0.45,5.2,9.4,-4.2,-0.62,-0.32,ar ARG,"FW,MF",Gimnasia–LP,Copa de la Liga,27,1996,6.8,2,0,0,14,14,5,12,2,3,0,0,0,26,17,33,34.0
Juan Ramírez,ar ARG,"MF,FW",Boca Juniors,Copa de la Liga,30,1993,2,1,60,0.7,0,0,0,0,0,0,0,0,0.0,0.0,0.0,0.0,0,2,3,0.00,0.00,0.00,0.00,0.00,0.00,0.00,0.00,0.00,0.00,ar ARG,"MF,FW",Boca Juniors,Copa de la Liga,30,1993,0.7,0,0,0,0,0.00,0.00,0,0,0,0,0,0,0.0,0.0,0,0.0,0.0,ar ARG,"MF,FW",Boca Juniors,Copa de la Liga,30,1993,0.7,15,22,68.2,264,74,5,9,55.6,8,8,100.0,1,2,50.0,0,0.0,0.0,0.0,0,2,0,0,2,ar ARG,"MF,FW",Boca Juniors,Copa de la Liga,30,1993,0.7,22,19,3,3,0,0,1,0,0,0,0,0,15,0,1,ar ARG,"MF,FW",Boca Juniors,Copa de la Liga,30,1993,0.7,0,0.00,0,0,0,0,0,0,0,0.00,0,0,0,0,0,0,ar ARG,"MF,FW",Boca Juniors,Copa de la Liga,30,1993,0.7,3,3,2,0,1,1,2,50.0,1,0,0,0,1,4,0,0,ar ARG,"MF,FW",Boca Juniors,Copa de la Liga,30,1993,0.7,27,0,4,20,4,0,27,1,0,0.0,1,100.0,11,61,32,0,0,0,0,3,19,3,ar ARG,"MF,FW",Boca Juniors,Copa de la Liga,30,1993,2,60,30,4.8,0.7,1,56,0,1,4,5,2.00,0,0,0,0.00,-0.60,0.6,0.8,-0.1,-0.22,-0.89,ar ARG,"MF,FW",Boca Juniors,Copa de la Liga,30,1993,0.7,0,0,0,3,2,0,1,1,3,0,0,0,4,3,1,75.0
Matías Ramírez,ar ARG,"FW,MF",Gimnasia–LP,Copa de la Liga,24,1999,6,2,199,2.2,0,0,0,0,0,0,1,0,0.3,0.3,0.3,0.6,4,7,13,0.00,0.00,0.00,0.00,0.00,0.15,0.14,0.29,0.15,0.29,ar ARG,"FW,MF",Gimnasia–LP,Copa de la Liga,24,1999,2.2,0,7,1,14.3,3.17,0.45,0.00,0.00,21.8,0,0,0,0.3,0.3,0.05,-0.3,-0.3,ar ARG,"FW,MF",Gimnasia–LP,Copa de la Liga,24,1999,2.2,41,56,73.2,658,199,16,20,80.0,14,18,77.8,3,7,42.9,0,0.3,0.2,-0.3,3,6,3,2,7,ar ARG,"FW,MF",Gimnasia–LP,Copa de la Liga,24,1999,2.2,56,55,1,0,0,0,4,1,0,0,0,0,41,0,3,ar ARG,"FW,MF",Gimnasia–LP,Copa de la Liga,24,1999,2.2,7,3.13,5,0,1,1,0,0,0,0.00,0,0,0,0,0,0,ar ARG,"FW,MF",Gimnasia–LP,Copa de la Liga,24,1999,2.2,4,4,3,1,0,2,6,33.3,4,0,0,0,2,6,0,0,ar ARG,"FW,MF",Gimnasia–LP,Copa de la Liga,24,1999,2.2,84,0,9,39,38,5,84,6,4,66.7,2,33.3,50,310,128,4,1,0,7,3,56,13,ar ARG,"FW,MF",Gimnasia–LP,Copa de la Liga,24,1999,6,199,33,15.8,2.2,2,53,0,4,23,8,1.50,1,3,-2,-0.90,-0.65,2.0,2.4,-0.3,-0.15,+0.37,ar ARG,"FW,MF",Gimnasia–LP,Copa de la Liga,24,1999,2.2,1,0,0,8,3,0,4,2,4,0,0,0,12,5,0,100.0
Pedro Ramírez,ar ARG,"DF,MF",Deportivo Riestra,Copa de la Liga,23,2000,9,8,615,6.8,1,0,1,1,0,0,2,0,0.4,0.4,0.3,0.7,1,8,17,0.15,0.00,0.15,0.15,0.15,0.06,0.05,0.11,0.06,0.11,ar ARG,"DF,MF",Deportivo Riestra,Copa de la Liga,23,2000,6.8,1,2,1,50.0,0.29,0.15,0.50,1.00,15.7,0,0,0,0.4,0.4,0.20,+0.6,+0.6,ar ARG,"DF,MF",Deportivo Riestra,Copa de la Liga,23,2000,6.8,96,167,57.5,2072,1070,36,48,75.0,39,58,67.2,20,49,40.8,0,0.3,0.5,-0.3,4,11,3,3,8,ar ARG,"DF,MF",Deportivo Riestra,Copa de la Liga,23,2000,6.8,167,112,55,4,0,1,21,45,6,1,5,0,96,0,7,ar ARG,"DF,MF",Deportivo Riestra,Copa de la Liga,23,2000,6.8,7,1.02,4,1,0,0,1,1,0,0.00,0,0,0,0,0,0,ar ARG,"DF,MF",Deportivo Riestra,Copa de la Liga,23,2000,6.8,15,8,9,5,1,8,15,53.3,7,6,2,4,8,23,21,0,ar ARG,"DF,MF",Deportivo Riestra,Copa de la Liga,23,2000,6.8,251,20,81,95,78,3,251,14,4,28.6,9,64.3,84,438,134,1,4,0,13,12,82,17,ar ARG,"DF,MF",Deportivo Riestra,Copa de la Liga,23,2000,9,615,68,48.8,6.8,8,74,4,1,22,4,1.00,5,10,-5,-0.73,-0.31,4.2,8.8,-4.6,-0.67,+0.23,ar ARG,"DF,MF",Deportivo Riestra,Copa de la Liga,23,2000,6.8,2,0,0,10,1,0,21,8,8,0,0,0,36,15,13,53.6
Roberto Ramírez,ar ARG,GK,Godoy Cruz,Copa de la Liga,27,1996,2,2,180,2.0,0,0,0,0,0,0,0,1,0.0,0.0,0.0,0.0,0,0,0,0.00,0.00,0.00,0.00,0.00,0.00,0.00,0.00,0.00,0.00,ar ARG,GK,Godoy Cruz,Copa de la Liga,27,1996,2.0,0,0,0,0,0.00,0.00,0,0,0,0,0,0,0.0,0.0,0,0.0,0.0,ar ARG,GK,Godoy Cruz,Copa de la Liga,27,1996,2.0,45,66,68.2,1651,1288,4,4,100.0,21,21,100.0,20,41,48.8,0,0.0,0.0,0.0,0,2,0,0,0,ar ARG,GK,Godoy Cruz,Copa de la Liga,27,1996,2.0,66,38,28,10,0,0,0,0,0,0,0,0,45,0,0,ar ARG,GK,Godoy Cruz,Copa de la Liga,27,1996,2.0,1,0.50,0,1,0,0,0,0,0,0.00,0,0,0,0,0,0,ar ARG,GK,Godoy Cruz,Copa de la Liga,27,1996,2.0,0,0,0,0,0,0,0,0,0,1,0,1,0,0,1,0,ar ARG,GK,Godoy Cruz,Copa de la Liga,27,1996,2.0,75,64,73,2,0,0,75,0,0,0,0,0,28,197,110,0,0,0,0,0,20,0,ar ARG,GK,Godoy Cruz,Copa de la Liga,27,1996,2,180,90,14.3,2.0,2,90,2,0,0,10,2.00,4,3,+1,+0.50,-0.25,2.1,2.7,-0.7,-0.33,-0.75,ar ARG,GK,Godoy Cruz,Copa de la Liga,27,1996,2.0,0,1,0,0,0,0,0,0,0,0,0,0,3,0,0,0
Sebastián Ramírez,ar ARG,"FW,MF",Huracán,Copa de la Liga,23,2000,8,1,143,1.6,0,0,0,0,0,0,0,0,0.2,0.2,0.6,0.8,2,2,26,0.00,0.00,0.00,0.00,0.00,0.16,0.35,0.51,0.16,0.51,ar ARG,"FW,MF",Huracán,Copa de la Liga,23,2000,1.6,0,3,1,33.3,1.89,0.63,0.00,0.00,17.3,0,0,0,0.2,0.2,0.09,-0.2,-0.2,ar ARG,"FW,MF",Huracán,Copa de la Liga,23,2000,1.6,38,51,74.5,607,82,24,26,92.3,10,14,71.4,3,9,33.3,0,0.6,0.4,-0.6,1,0,0,0,2,ar ARG,"FW,MF",Huracán,Copa de la Liga,23,2000,1.6,51,51,0,0,0,0,8,0,0,0,0,0,38,0,2,ar ARG,"FW,MF",Huracán,Copa de la Liga,23,2000,1.6,3,1.89,3,0,0,0,0,0,0,0.00,0,0,0,0,0,0,ar ARG,"FW,MF",Huracán,Copa de la Liga,23,2000,1.6,3,0,3,0,0,1,1,100.0,0,1,0,1,2,5,1,0,ar ARG,"FW,MF",Huracán,Copa de la Liga,23,2000,1.6,77,1,9,19,49,9,77,5,0,0.0,4,80.0,53,201,64,2,2,3,8,3,63,26,ar ARG,"FW,MF",Huracán,Copa de la Liga,23,2000,8,143,18,11.3,1.6,1,71,0,7,10,3,1.00,0,2,-2,-1.26,-1.42,1.6,1.8,-0.2,-0.12,+0.16,ar ARG,"FW,MF",Huracán,Copa de la Liga,23,2000,1.6,0,0,0,5,5,1,8,2,0,0,0,0,4,0,1,0.0
Victorio Ramis,ar ARG,"FW,MF",Ind. Rivadavia,Copa de la Liga,29,1994,10,4,342,3.8,2,1,3,2,0,0,1,0,2.1,2.1,0.7,2.8,2,3,14,0.53,0.26,0.79,0.53,0.79,0.56,0.18,0.74,0.56,0.74,ar ARG,"FW,MF",Ind. Rivadavia,Copa de la Liga,29,1994,3.8,2,12,8,66.7,3.16,2.11,0.17,0.25,12.5,0,0,0,2.1,2.1,0.18,-0.1,-0.1,ar ARG,"FW,MF",Ind. Rivadavia,Copa de la Liga,29,1994,3.8,47,72,65.3,557,109,29,40,72.5,13,19,68.4,1,2,50.0,1,0.7,0.5,+0.3,3,3,2,1,3,ar ARG,"FW,MF",Ind. Rivadavia,Copa de la Liga,29,1994,3.8,72,64,8,0,1,0,2,0,0,0,0,0,47,0,2,ar ARG,"FW,MF",Ind. Rivadavia,Copa de la Liga,29,1994,3.8,7,1.85,6,0,1,0,0,0,1,0.26,1,0,0,0,0,0,ar ARG,"FW,MF",Ind. Rivadavia,Copa de la Liga,29,1994,3.8,2,1,0,2,0,1,5,20.0,4,2,0,2,2,4,4,0,ar ARG,"FW,MF",Ind. Rivadavia,Copa de la Liga,29,1994,3.8,119,3,11,58,52,12,119,7,2,28.6,4,57.1,56,290,96,2,4,0,13,4,74,14,ar ARG,"FW,MF",Ind. Rivadavia,Copa de la Liga,29,1994,10,342,34,27.1,3.8,4,69,2,6,11,0,0.60,4,10,-6,-1.58,-0.99,5.4,6.4,-1.1,-0.28,+0.51,ar ARG,"FW,MF",Ind. Rivadavia,Copa de la Liga,29,1994,3.8,1,0,0,6,5,2,2,2,1,0,0,0,10,8,17,32.0
Luciano Ramón Herrera,ar ARG,FW,Defensa y Just,Copa de la Liga,27,1996,13,12,927,10.3,1,0,1,1,0,0,1,0,2.2,2.2,1.8,3.9,33,26,90,0.10,0.00,0.10,0.10,0.10,0.21,0.17,0.38,0.21,0.38,ar ARG,FW,Defensa y Just,Copa de la Liga,27,1996,10.3,1,22,7,31.8,2.14,0.68,0.05,0.14,18.5,0,0,0,2.2,2.2,0.10,-1.2,-1.2,ar ARG,FW,Defensa y Just,Copa de la Liga,27,1996,10.3,181,255,71.0,2803,985,93,120,77.5,64,88,72.7,13,24,54.2,0,1.8,2.3,-1.8,15,21,11,5,26,ar ARG,FW,Defensa y Just,Copa de la Liga,27,1996,10.3,255,246,8,1,1,2,19,7,0,0,0,0,181,1,9,ar ARG,FW,Defensa y Just,Copa de la Liga,27,1996,10.3,41,3.98,27,1,4,5,3,1,2,0.19,2,0,0,0,0,0,ar ARG,FW,Defensa y Just,Copa de la Liga,27,1996,10.3,14,9,3,7,4,5,9,55.6,4,21,2,19,8,22,17,0,ar ARG,FW,Defensa y Just,Copa de la Liga,27,1996,10.3,420,24,55,165,212,45,420,60,22,36.7,33,55.0,248,1830,944,33,28,15,33,11,281,90,ar ARG,FW,Defensa y Just,Copa de la Liga,27,1996,13,927,71,73.6,10.3,12,75,4,1,24,0,1.71,12,12,0,0.00,-1.08,13.8,14.2,-0.4,-0.04,-0.01,ar ARG,FW,Defensa y Just,Copa de la Liga,27,1996,10.3,1,0,0,13,19,2,19,8,9,0,0,0,49,16,19,45.7
Santi Ramos Mingo,ar ARG,DF,Defensa y Just,Copa de la Liga,22,2001,13,13,"1,170",13.0,3,0,3,3,0,0,3,0,1.1,1.1,0.1,1.2,9,35,0,0.23,0.00,0.23,0.23,0.23,0.08,0.00,0.09,0.08,0.09,ar ARG,DF,Defensa y Just,Copa de la Liga,22,2001,13.0,3,6,4,66.7,0.46,0.31,0.50,0.75,7.7,0,0,0,1.1,1.1,0.18,+1.9,+1.9,ar ARG,DF,Defensa y Just,Copa de la Liga,22,2001,13.0,477,562,84.9,9647,4107,163,174,93.7,248,277,89.5,60,93,64.5,0,0.1,0.1,-0.1,1,24,0,0,35,ar ARG,DF,Defensa y Just,Copa de la Liga,22,2001,13.0,562,536,25,25,0,13,0,0,0,0,0,0,477,1,5,ar ARG,DF,Defensa y Just,Copa de la Liga,22,2001,13.0,3,0.23,3,0,0,0,0,0,0,0.00,0,0,0,0,0,0,ar ARG,DF,Defensa y Just,Copa de la Liga,22,2001,13.0,21,13,18,2,1,17,23,73.9,6,17,10,7,19,40,78,0,ar ARG,DF,Defensa y Just,Copa de la Liga,22,2001,13.0,724,130,452,260,13,8,724,5,2,40.0,3,60.0,377,1821,1123,9,4,1,3,1,419,0,ar ARG,DF,Defensa y Just,Copa de la Liga,22,2001,13,"1,170",90,92.9,13.0,13,90,13,0,0,0,1.71,15,13,+2,+0.15,-1.85,14.7,16.3,-1.7,-0.13,-1.26,ar ARG,DF,Defensa y Just,Copa de la Liga,22,2001,13.0,3,0,0,9,5,2,0,19,13,0,1,0,45,26,12,68.4
Federico Rasmussen,ar ARG,DF,Godoy Cruz,Copa de la Liga,31,1992,12,11,"1,001",11.1,0,0,0,0,0,0,3,0,0.2,0.2,0.1,0.2,8,36,3,0.00,0.00,0.00,0.00,0.00,0.01,0.00,0.02,0.01,0.02,ar ARG,DF,Godoy Cruz,Copa de la Liga,31,1992,11.1,0,2,1,50.0,0.18,0.09,0.00,0.00,15.6,0,0,0,0.2,0.2,0.08,-0.2,-0.2,ar ARG,DF,Godoy Cruz,Copa de la Liga,31,1992,11.1,432,508,85.0,8785,3113,127,142,89.4,241,263,91.6,57,83,68.7,0,0.1,0.2,-0.1,2,28,3,0,36,ar ARG,DF,Godoy Cruz,Copa de la Liga,31,1992,11.1,508,495,12,10,0,5,0,1,0,0,0,0,432,1,5,ar ARG,DF,Godoy Cruz,Copa de la Liga,31,1992,11.1,5,0.45,5,0,0,0,0,0,1,0.09,1,0,0,0,0,0,ar ARG,DF,Godoy Cruz,Copa de la Liga,31,1992,11.1,29,14,17,12,0,16,18,88.9,2,15,10,5,14,43,44,0,ar ARG,DF,Godoy Cruz,Copa de la Liga,31,1992,11.1,645,65,319,312,16,6,645,6,4,66.7,2,33.3,309,1323,886,8,3,0,8,3,346,3,ar ARG,DF,Godoy Cruz,Copa de la Liga,31,1992,12,"1,001",83,79.4,11.1,11,90,11,1,11,1,2.00,13,4,+9,+0.81,+0.46,12.8,8.3,+4.5,+0.40,+0.42,ar ARG,DF,Godoy Cruz,Copa de la Liga,31,1992,11.1,3,0,0,12,5,0,0,14,14,0,0,0,63,22,9,71.0
Matías Reali,ar ARG,"FW,MF",Ind. Rivadavia,Copa de la Liga,26,1997,14,14,"1,158",12.9,0,4,4,0,0,0,2,0,0.9,0.9,2.9,3.8,58,21,130,0.00,0.31,0.31,0.00,0.31,0.07,0.23,0.30,0.07,0.30,ar ARG,"FW,MF",Ind. Rivadavia,Copa de la Liga,26,1997,12.9,0,24,9,37.5,1.87,0.70,0.00,0.00,26.2,4,0,0,0.9,0.9,0.04,-0.9,-0.9,ar ARG,"FW,MF",Ind. Rivadavia,Copa de la Liga,26,1997,12.9,275,407,67.6,4333,1078,160,183,87.4,76,111,68.5,29,83,34.9,4,2.9,2.1,+1.1,25,11,19,15,21,ar ARG,"FW,MF",Ind. Rivadavia,Copa de la Liga,26,1997,12.9,407,333,73,16,1,5,107,20,31,12,8,1,275,1,16,ar ARG,"FW,MF",Ind. Rivadavia,Copa de la Liga,26,1997,12.9,55,4.27,24,11,8,4,6,2,6,0.47,3,2,1,0,0,0,ar ARG,"FW,MF",Ind. Rivadavia,Copa de la Liga,26,1997,12.9,23,11,0,16,7,5,22,22.7,17,10,0,10,5,28,3,0,ar ARG,"FW,MF",Ind. Rivadavia,Copa de la Liga,26,1997,12.9,579,4,25,211,352,17,579,77,26,33.8,38,49.4,368,2864,1236,58,38,7,41,17,395,130,ar ARG,"FW,MF",Ind. Rivadavia,Copa de la Liga,26,1997,14,"1,158",83,91.9,12.9,14,83,10,0,0,0,0.57,11,24,-13,-1.01,-1.89,11.4,20.5,-9.1,-0.71,-0.69,ar ARG,"FW,MF",Ind. Rivadavia,Copa de la Liga,26,1997,12.9,2,0,0,11,38,1,107,5,11,0,0,0,44,1,6,14.3
Alejandro Rébola,ar ARG,DF,Belgrano,Copa de la Liga,35,1988,6,4,416,4.6,0,0,0,0,0,0,0,0,0.4,0.4,0.0,0.4,0,7,0,0.00,0.00,0.00,0.00,0.00,0.09,0.00,0.09,0.09,0.09,ar ARG,DF,Belgrano,Copa de la Liga,35,1988,4.6,0,4,2,50.0,0.87,0.43,0.00,0.00,9.5,0,0,0,0.4,0.4,0.11,-0.4,-0.4,ar ARG,DF,Belgrano,Copa de la Liga,35,1988,4.6,113,155,72.9,2393,1054,33,43,76.7,62,73,84.9,18,37,48.6,0,0.0,0.1,0.0,0,5,1,0,7,ar ARG,DF,Belgrano,Copa de la Liga,35,1988,4.6,155,139,16,11,0,3,0,0,0,0,0,0,113,0,2,ar ARG,DF,Belgrano,Copa de la Liga,35,1988,4.6,4,0.86,2,0,0,2,0,0,0,0.00,0,0,0,0,0,0,ar ARG,DF,Belgrano,Copa de la Liga,35,1988,4.6,4,2,2,2,0,4,4,100.0,0,4,3,1,3,7,24,0,ar ARG,DF,Belgrano,Copa de la Liga,35,1988,4.6,197,39,119,73,6,5,197,0,0,0,0,0,71,314,142,0,0,0,0,0,92,0,ar ARG,DF,Belgrano,Copa de la Liga,35,1988,6,416,69,33.0,4.6,4,90,4,2,28,7,0.83,3,6,-3,-0.65,-0.76,5.4,6.2,-0.8,-0.18,-0.15,ar ARG,DF,Belgrano,Copa de la Liga,35,1988,4.6,0,0,0,4,2,1,0,3,2,0,0,0,12,19,14,57.6
Luciano Recalde,ar ARG,DF,Banfield,Copa de la Liga,28,1995,7,5,476,5.3,0,0,0,0,0,0,0,0,0.2,0.2,0.0,0.2,1,8,0,0.00,0.00,0.00,0.00,0.00,0.04,0.00,0.04,0.04,0.04,ar ARG,DF,Banfield,Copa de la Liga,28,1995,5.3,0,5,1,20.0,0.95,0.19,0.00,0.00,15.1,0,0,0,0.2,0.2,0.04,-0.2,-0.2,ar ARG,DF,Banfield,Copa de la Liga,28,1995,5.3,138,184,75.0,3053,1313,36,40,90.0,80,92,87.0,22,48,45.8,0,0.0,0.1,0.0,0,9,2,1,8,ar ARG,DF,Banfield,Copa de la Liga,28,1995,5.3,184,174,9,6,0,2,2,0,0,0,0,0,138,1,0,ar ARG,DF,Banfield,Copa de la Liga,28,1995,5.3,0,0.00,0,0,0,0,0,0,0,0.00,0,0,0,0,0,0,ar ARG,DF,Banfield,Copa de la Liga,28,1995,5.3,3,3,3,0,0,2,2,100.0,0,4,4,0,4,7,13,0,ar ARG,DF,Banfield,Copa de la Liga,28,1995,5.3,222,41,142,71,10,4,222,1,1,100.0,0,0.0,129,685,388,1,1,0,3,1,134,0,ar ARG,DF,Banfield,Copa de la Liga,28,1995,7,476,68,37.8,5.3,5,90,5,2,13,4,0.86,4,9,-5,-0.95,-1.40,5.8,6.2,-0.4,-0.08,+0.12,ar ARG,DF,Banfield,Copa de la Liga,28,1995,5.3,0,0,0,2,1,0,2,4,3,0,0,0,17,9,4,69.2
Eric Remedi,ar ARG,MF,San Lorenzo,Copa de la Liga,28,1995,4,2,211,2.3,0,0,0,0,0,0,3,0,0.0,0.0,0.0,0.1,0,10,2,0.00,0.00,0.00,0.00,0.00,0.01,0.01,0.03,0.01,0.03,ar ARG,MF,San Lorenzo,Copa de la Liga,28,1995,2.3,0,1,0,0.0,0.43,0.00,0.00,0,32.4,0,0,0,0.0,0.0,0.02,0.0,0.0,ar ARG,MF,San Lorenzo,Copa de la Liga,28,1995,2.3,77,98,78.6,1202,423,43,52,82.7,29,35,82.9,4,7,57.1,0,0.0,0.1,0.0,2,7,1,0,10,ar ARG,MF,San Lorenzo,Copa de la Liga,28,1995,2.3,98,94,4,2,0,0,3,0,2,1,1,0,77,0,2,ar ARG,MF,San Lorenzo,Copa de la Liga,28,1995,2.3,7,3.00,5,1,0,0,1,0,0,0.00,0,0,0,0,0,0,ar ARG,MF,San Lorenzo,Copa de la Liga,28,1995,2.3,6,4,2,4,0,3,7,42.9,4,2,1,1,2,8,2,0,ar ARG,MF,San Lorenzo,Copa de la Liga,28,1995,2.3,116,6,21,83,12,0,116,1,0,0.0,1,100.0,53,188,62,0,0,0,2,2,68,2,ar ARG,MF,San Lorenzo,Copa de la Liga,28,1995,4,211,53,16.7,2.3,2,74,1,2,32,1,0.25,0,6,-6,-2.56,-2.73,1.5,3.8,-2.3,-0.97,-1.21,ar ARG,MF,San Lorenzo,Copa de la Liga,28,1995,2.3,3,0,0,6,11,0,3,2,4,0,0,0,10,3,1,75.0
Gonzalo Requena,ar ARG,"DF,MF",Instituto,Copa de la Liga,20,2003,2,0,11,0.1,0,0,0,0,0,0,0,0,0.0,0.0,0.0,0.0,0,0,0,0.00,0.00,0.00,0.00,0.00,0.00,0.00,0.00,0.00,0.00,ar ARG,"DF,MF",Instituto,Copa de la Liga,20,2003,0.1,0,0,0,0,0.00,0.00,0,0,0,0,0,0,0.0,0.0,0,0.0,0.0,ar ARG,"DF,MF",Instituto,Copa de la Liga,20,2003,0.1,3,4,75.0,41,17,2,2,100.0,1,2,50.0,0,0,0,0,0.0,0.0,0.0,0,0,0,0,0,ar ARG,"DF,MF",Instituto,Copa de la Liga,20,2003,0.1,4,4,0,0,0,0,0,0,0,0,0,0,3,0,0,ar ARG,"DF,MF",Instituto,Copa de la Liga,20,2003,0.1,0,0.00,0,0,0,0,0,0,0,0.00,0,0,0,0,0,0,ar ARG,"DF,MF",Instituto,Copa de la Liga,20,2003,0.1,0,0,0,0,0,0,0,0,0,0,0,0,0,0,1,0,ar ARG,"DF,MF",Instituto,Copa de la Liga,20,2003,0.1,5,0,4,1,0,0,5,0,0,0,0,0,0,0,0,0,0,0,0,0,1,0,ar ARG,"DF,MF",Instituto,Copa de la Liga,20,2003,2,11,6,0.9,0.1,0,0,0,2,6,4,3.00,1,0,+1,+8.18,+8.18,1.3,0.1,+1.3,+9.62,+9.16,ar ARG,"DF,MF",Instituto,Copa de la Liga,20,2003,0.1,0,0,0,0,0,0,0,0,0,0,0,0,1,2,0,100.0
Rodrigo Rey,ar ARG,GK,Independiente,Copa de la Liga,32,1991,14,14,"1,260",14.0,0,0,0,0,0,0,2,0,0.0,0.0,0.0,0.0,0,0,0,0.00,0.00,0.00,0.00,0.00,0.00,0.00,0.00,0.00,0.00,ar ARG,GK,Independiente,Copa de la Liga,32,1991,14.0,0,0,0,0,0.00,0.00,0,0,0,0,0,0,0.0,0.0,0,0.0,0.0,ar ARG,GK,Independiente,Copa de la Liga,32,1991,14.0,305,386,79.0,7505,5491,73,73,100.0,149,152,98.0,75,153,49.0,0,0.0,0.0,0.0,1,8,0,0,0,ar ARG,GK,Independiente,Copa de la Liga,32,1991,14.0,386,232,154,39,0,0,0,0,0,0,0,0,305,0,0,ar ARG,GK,Independiente,Copa de la Liga,32,1991,14.0,2,0.14,0,2,0,0,0,0,0,0.00,0,0,0,0,0,0,ar ARG,GK,Independiente,Copa de la Liga,32,1991,14.0,0,0,0,0,0,0,1,0.0,1,0,0,0,0,0,7,0,ar ARG,GK,Independiente,Copa de la Liga,32,1991,14.0,407,323,406,1,0,0,407,0,0,0,0,0,196,1202,801,0,0,0,0,0,135,0,ar ARG,GK,Independiente,Copa de la Liga,32,1991,14,"1,260",90,100.0,14.0,14,90,14,0,0,0,1.64,14,10,+4,+0.29,0,17.5,11.0,+6.4,+0.46,0,ar ARG,GK,Independiente,Copa de la Liga,32,1991,14.0,2,0,0,0,2,0,0,0,0,0,0,0,10,5,0,100.0
Bryan Reyna,pe PER,"FW,MF",Belgrano,Copa de la Liga,25,1998,9,8,616,6.8,2,0,2,2,0,0,1,0,1.9,1.9,0.2,2.1,19,19,56,0.29,0.00,0.29,0.29,0.29,0.28,0.03,0.30,0.28,0.30,pe PER,"FW,MF",Belgrano,Copa de la Liga,25,1998,6.8,2,9,6,66.7,1.31,0.88,0.22,0.33,16.4,0,0,0,1.9,1.9,0.21,+0.1,+0.1,pe PER,"FW,MF",Belgrano,Copa de la Liga,25,1998,6.8,88,138,63.8,1265,429,47,66,71.2,26,40,65.0,7,10,70.0,0,0.2,0.4,-0.2,5,5,10,4,19,pe PER,"FW,MF",Belgrano,Copa de la Liga,25,1998,6.8,138,131,5,0,0,1,11,3,2,2,0,0,88,2,9,pe PER,"FW,MF",Belgrano,Copa de la Liga,25,1998,6.8,21,3.08,10,0,5,2,4,0,3,0.44,0,0,1,1,1,0,pe PER,"FW,MF",Belgrano,Copa de la Liga,25,1998,6.8,9,5,1,4,4,4,6,66.7,2,3,0,3,2,11,2,0,pe PER,"FW,MF",Belgrano,Copa de la Liga,25,1998,6.8,222,2,27,77,123,25,222,45,22,48.9,22,48.9,138,1101,520,19,12,10,17,22,148,56,pe PER,"FW,MF",Belgrano,Copa de la Liga,25,1998,9,616,68,48.9,6.8,8,73,2,1,29,0,1.11,11,11,0,0.00,+0.28,10.3,7.6,+2.7,+0.39,+0.92,pe PER,"FW,MF",Belgrano,Copa de la Liga,25,1998,6.8,1,0,0,10,15,2,11,2,5,0,0,0,24,5,5,50.0
Lautaro Ríos,ar ARG,MF,Banfield,Copa de la Liga,23,2000,4,1,125,1.4,0,0,0,0,0,0,1,0,0.2,0.2,0.1,0.3,5,10,2,0.00,0.00,0.00,0.00,0.00,0.15,0.05,0.20,0.15,0.20,ar ARG,MF,Banfield,Copa de la Liga,23,2000,1.4,0,6,4,66.7,4.32,2.88,0.00,0.00,28.1,0,0,0,0.2,0.2,0.03,-0.2,-0.2,ar ARG,MF,Banfield,Copa de la Liga,23,2000,1.4,33,52,63.5,609,221,12,17,70.6,19,22,86.4,2,9,22.2,0,0.1,0.1,-0.1,2,6,3,1,10,ar ARG,MF,Banfield,Copa de la Liga,23,2000,1.4,52,51,1,0,0,0,7,0,1,1,0,0,33,0,1,ar ARG,MF,Banfield,Copa de la Liga,23,2000,1.4,7,5.04,6,0,0,0,1,0,0,0.00,0,0,0,0,0,0,ar ARG,MF,Banfield,Copa de la Liga,23,2000,1.4,3,2,1,2,0,1,2,50.0,1,1,0,1,0,3,2,0,ar ARG,MF,Banfield,Copa de la Liga,23,2000,1.4,72,2,11,34,27,2,72,3,1,33.3,1,33.3,42,261,179,5,6,0,3,0,39,2,ar ARG,MF,Banfield,Copa de la Liga,23,2000,4,125,31,9.9,1.4,1,62,0,3,21,9,0.25,1,3,-2,-1.44,-1.52,1.6,2.0,-0.5,-0.35,-0.22,ar ARG,MF,Banfield,Copa de la Liga,23,2000,1.4,1,0,0,4,4,0,7,0,2,0,0,0,8,1,3,25.0
Ciro Rius,ar ARG,DF,Platense,Copa de la Liga,35,1988,2,1,106,1.2,0,0,0,0,0,0,0,0,0.2,0.2,0.0,0.3,1,1,5,0.00,0.00,0.00,0.00,0.00,0.21,0.01,0.22,0.21,0.22,ar ARG,DF,Platense,Copa de la Liga,35,1988,1.2,0,1,0,0.0,0.85,0.00,0.00,0,4.5,0,0,0,0.2,0.2,0.25,-0.2,-0.2,ar ARG,DF,Platense,Copa de la Liga,35,1988,1.2,29,38,76.3,377,104,17,18,94.4,8,12,66.7,2,2,100.0,0,0.0,0.0,0.0,1,0,0,0,1,ar ARG,DF,Platense,Copa de la Liga,35,1988,1.2,38,33,5,0,0,0,4,4,1,0,1,0,29,0,3,ar ARG,DF,Platense,Copa de la Liga,35,1988,1.2,2,1.70,0,1,0,0,1,0,0,0.00,0,0,0,0,0,0,ar ARG,DF,Platense,Copa de la Liga,35,1988,1.2,2,2,0,2,0,0,0,0,0,2,0,2,0,2,2,0,ar ARG,DF,Platense,Copa de la Liga,35,1988,1.2,50,2,12,27,11,2,50,2,2,100.0,0,0.0,20,121,30,1,2,1,2,3,27,5,ar ARG,DF,Platense,Copa de la Liga,35,1988,2,106,53,8.4,1.2,1,90,1,1,16,2,0.50,0,0,0,0.00,+0.31,0.8,0.8,0.0,-0.03,-0.01,ar ARG,DF,Platense,Copa de la Liga,35,1988,1.2,0,0,0,0,1,0,4,0,2,0,0,0,8,0,0,0
Geronimo Rivera,ar ARG,MF,Banfield,Copa de la Liga,20,2003,14,7,782,8.7,3,1,4,3,0,0,2,0,2.0,2.0,1.4,3.4,23,16,68,0.35,0.12,0.46,0.35,0.46,0.23,0.16,0.39,0.23,0.39,ar ARG,MF,Banfield,Copa de la Liga,20,2003,8.7,3,16,3,18.8,1.84,0.35,0.19,1.00,18.9,0,0,0,2.0,2.0,0.12,+1.0,+1.0,ar ARG,MF,Banfield,Copa de la Liga,20,2003,8.7,103,197,52.3,1641,693,63,85,74.1,24,51,47.1,14,36,38.9,1,1.4,1.7,-0.4,16,11,8,2,16,ar ARG,MF,Banfield,Copa de la Liga,20,2003,8.7,197,168,27,0,2,1,27,24,3,1,2,0,103,2,13,ar ARG,MF,Banfield,Copa de la Liga,20,2003,8.7,36,4.14,17,2,5,1,8,3,4,0.46,3,0,1,0,0,0,ar ARG,MF,Banfield,Copa de la Liga,20,2003,8.7,12,8,5,1,6,6,14,42.9,8,8,0,8,9,21,4,0,ar ARG,MF,Banfield,Copa de la Liga,20,2003,8.7,334,5,30,116,196,42,334,52,21,40.4,26,50.0,198,1638,713,23,16,12,32,19,207,68,ar ARG,MF,Banfield,Copa de la Liga,20,2003,14,782,56,62.1,8.7,7,83,2,7,29,0,1.21,7,10,-3,-0.35,-0.72,8.2,10.5,-2.3,-0.26,-0.30,ar ARG,MF,Banfield,Copa de la Liga,20,2003,8.7,2,0,0,17,25,5,27,9,8,0,0,0,30,11,11,50.0
Braian Rivero,ar ARG,MF,Platense,Copa de la Liga,27,1996,10,6,451,5.0,0,0,0,0,0,0,3,0,0.1,0.1,0.2,0.2,10,28,10,0.00,0.00,0.00,0.00,0.00,0.02,0.03,0.05,0.02,0.05,ar ARG,MF,Platense,Copa de la Liga,27,1996,5.0,0,2,0,0.0,0.40,0.00,0.00,0,18.9,0,0,0,0.1,0.1,0.04,-0.1,-0.1,ar ARG,MF,Platense,Copa de la Liga,27,1996,5.0,146,190,76.8,2237,628,79,94,84.0,50,62,80.6,10,19,52.6,0,0.2,0.1,-0.2,4,11,2,0,28,ar ARG,MF,Platense,Copa de la Liga,27,1996,5.0,190,187,2,1,0,3,2,0,0,0,0,0,146,1,3,ar ARG,MF,Platense,Copa de la Liga,27,1996,5.0,8,1.60,5,0,0,0,2,1,0,0.00,0,0,0,0,0,0,ar ARG,MF,Platense,Copa de la Liga,27,1996,5.0,15,8,6,7,2,5,18,27.8,13,7,2,5,6,21,5,0,ar ARG,MF,Platense,Copa de la Liga,27,1996,5.0,244,8,46,144,58,1,244,8,4,50.0,3,37.5,120,645,267,10,8,0,5,3,151,10,ar ARG,MF,Platense,Copa de la Liga,27,1996,10,451,45,35.8,5.0,6,62,1,4,19,4,1.50,2,6,-4,-0.80,-0.80,4.7,5.7,-1.1,-0.21,-0.30,ar ARG,MF,Platense,Copa de la Liga,27,1996,5.0,3,0,0,8,12,0,2,6,8,0,0,0,41,0,4,0.0
Blas Riveros,py PAR,DF,Talleres,Copa de la Liga,25,1998,5,4,324,3.6,0,0,0,0,0,0,0,0,0.1,0.1,0.1,0.2,10,26,13,0.00,0.00,0.00,0.00,0.00,0.04,0.03,0.07,0.04,0.07,py PAR,DF,Talleres,Copa de la Liga,25,1998,3.6,0,5,0,0.0,1.39,0.00,0.00,0,28.5,0,0,0,0.1,0.1,0.03,-0.1,-0.1,py PAR,DF,Talleres,Copa de la Liga,25,1998,3.6,146,180,81.1,2648,1030,62,75,82.7,67,76,88.2,15,21,71.4,0,0.1,0.1,-0.1,2,15,3,1,26,py PAR,DF,Talleres,Copa de la Liga,25,1998,3.6,180,144,35,2,0,2,9,33,0,0,0,0,146,1,2,py PAR,DF,Talleres,Copa de la Liga,25,1998,3.6,5,1.39,3,2,0,0,0,0,1,0.28,0,1,0,0,0,0,py PAR,DF,Talleres,Copa de la Liga,25,1998,3.6,2,0,0,2,0,1,2,50.0,1,3,0,3,2,4,7,0,py PAR,DF,Talleres,Copa de la Liga,25,1998,3.6,215,7,57,111,49,5,215,8,4,50.0,3,37.5,102,586,371,10,7,1,4,3,122,13,py PAR,DF,Talleres,Copa de la Liga,25,1998,5,324,65,25.7,3.6,4,70,2,1,45,1,1.60,6,3,+3,+0.83,+0.35,4.9,3.6,+1.4,+0.38,-0.10,py PAR,DF,Talleres,Copa de la Liga,25,1998,3.6,0,0,0,2,5,0,9,2,0,0,0,0,14,3,2,60.0
Andrés Roa,co COL,"FW,MF",Huracán,Copa de la Liga,30,1993,5,3,190,2.1,0,0,0,0,0,0,1,0,0.4,0.4,0.1,0.5,8,11,21,0.00,0.00,0.00,0.00,0.00,0.18,0.07,0.25,0.18,0.25,co COL,"FW,MF",Huracán,Copa de la Liga,30,1993,2.1,0,7,2,28.6,3.32,0.95,0.00,0.00,15.1,0,0,0,0.4,0.4,0.05,-0.4,-0.4,co COL,"FW,MF",Huracán,Copa de la Liga,30,1993,2.1,54,73,74.0,716,214,37,41,90.2,12,20,60.0,3,7,42.9,0,0.1,0.3,-0.1,4,9,5,2,11,co COL,"FW,MF",Huracán,Copa de la Liga,30,1993,2.1,73,70,3,1,1,0,8,0,2,2,0,0,54,0,1,co COL,"FW,MF",Huracán,Copa de la Liga,30,1993,2.1,8,3.79,6,0,1,0,0,1,0,0.00,0,0,0,0,0,0,co COL,"FW,MF",Huracán,Copa de la Liga,30,1993,2.1,2,2,0,1,1,2,2,100.0,0,2,0,2,0,2,0,0,co COL,"FW,MF",Huracán,Copa de la Liga,30,1993,2.1,95,0,1,41,56,14,95,6,4,66.7,2,33.3,60,310,163,8,3,2,4,5,78,21,co COL,"FW,MF",Huracán,Copa de la Liga,30,1993,5,190,38,15.1,2.1,3,58,0,2,9,9,2.00,2,2,0,0.00,0.00,2.8,2.7,+0.1,+0.05,+0.37,co COL,"FW,MF",Huracán,Copa de la Liga,30,1993,2.1,1,0,0,2,1,1,8,0,2,0,0,0,7,1,4,20.0
Agustín Rodríguez,ar ARG,"MF,FW",Lanús,Copa de la Liga,19,2004,6,1,130,1.4,0,0,0,0,0,0,1,0,0.0,0.0,0.0,0.0,7,7,10,0.00,0.00,0.00,0.00,0.00,0.01,0.01,0.03,0.01,0.03,ar ARG,"MF,FW",Lanús,Copa de la Liga,19,2004,1.4,0,1,1,100.0,0.69,0.69,0.00,0.00,32.7,0,0,0,0.0,0.0,0.02,0.0,0.0,ar ARG,"MF,FW",Lanús,Copa de la Liga,19,2004,1.4,35,51,68.6,463,157,23,25,92.0,9,15,60.0,1,7,14.3,0,0.0,0.1,0.0,1,2,3,0,7,ar ARG,"MF,FW",Lanús,Copa de la Liga,19,2004,1.4,51,43,8,0,0,0,7,5,3,0,2,0,35,0,2,ar ARG,"MF,FW",Lanús,Copa de la Liga,19,2004,1.4,7,4.85,4,2,1,0,0,0,2,1.38,2,0,0,0,0,0,ar ARG,"MF,FW",Lanús,Copa de la Liga,19,2004,1.4,2,1,1,1,0,2,5,40.0,3,3,0,3,1,3,3,0,ar ARG,"MF,FW",Lanús,Copa de la Liga,19,2004,1.4,72,2,11,31,30,1,72,9,3,33.3,6,66.7,41,283,130,7,3,2,2,5,47,10,ar ARG,"MF,FW",Lanús,Copa de la Liga,19,2004,6,130,22,10.3,1.4,1,59,0,5,14,8,1.83,4,2,+2,+1.38,+1.07,1.0,1.7,-0.7,-0.48,-1.01,ar ARG,"MF,FW",Lanús,Copa de la Liga,19,2004,1.4,1,0,0,12,5,1,7,1,1,0,0,0,6,0,2,0.0
Alan Rodríguez,py PAR,"DF,FW",Rosario Central,Copa de la Liga,23,2000,10,5,504,5.6,0,0,0,0,0,0,1,0,0.1,0.1,0.3,0.5,9,31,39,0.00,0.00,0.00,0.00,0.00,0.03,0.06,0.09,0.03,0.09,py PAR,"DF,FW",Rosario Central,Copa de la Liga,23,2000,5.6,0,5,1,20.0,0.89,0.18,0.00,0.00,28.4,1,0,0,0.1,0.1,0.03,-0.1,-0.1,py PAR,"DF,FW",Rosario Central,Copa de la Liga,23,2000,5.6,236,318,74.2,3933,1310,121,132,91.7,97,126,77.0,16,44,36.4,0,0.3,0.3,-0.3,8,25,6,4,31,py PAR,"DF,FW",Rosario Central,Copa de la Liga,23,2000,5.6,318,265,53,8,0,3,21,42,3,0,3,0,236,0,11,py PAR,"DF,FW",Rosario Central,Copa de la Liga,23,2000,5.6,12,2.14,8,2,1,1,0,0,0,0.00,0,0,0,0,0,0,py PAR,"DF,FW",Rosario Central,Copa de la Liga,23,2000,5.6,8,7,2,5,1,4,7,57.1,3,5,2,3,3,11,19,0,py PAR,"DF,FW",Rosario Central,Copa de la Liga,23,2000,5.6,372,17,98,174,104,4,372,9,3,33.3,6,66.7,185,642,360,9,8,1,4,2,208,39,py PAR,"DF,FW",Rosario Central,Copa de la Liga,23,2000,10,504,50,40.0,5.6,5,83,4,5,18,4,1.10,4,9,-5,-0.89,-0.54,5.1,8.0,-2.9,-0.52,+0.01,py PAR,"DF,FW",Rosario Central,Copa de la Liga,23,2000,5.6,1,0,0,2,1,0,21,3,7,0,0,0,28,7,3,70.0
Alan Rodríguez,uy URU,"MF,DF",Arg Juniors,Copa de la Liga,24,2000,4,4,314,3.5,1,0,1,1,0,0,1,0,0.7,0.7,0.2,0.9,15,14,13,0.29,0.00,0.29,0.29,0.29,0.20,0.04,0.25,0.20,0.25,py PAR,"DF,FW",Rosario Central,Copa de la Liga,23,2000,5.6,0,5,1,20.0,0.89,0.18,0.00,0.00,28.4,1,0,0,0.1,0.1,0.03,-0.1,-0.1,py PAR,"DF,FW",Rosario Central,Copa de la Liga,23,2000,5.6,236,318,74.2,3933,1310,121,132,91.7,97,126,77.0,16,44,36.4,0,0.3,0.3,-0.3,8,25,6,4,31,py PAR,"DF,FW",Rosario Central,Copa de la Liga,23,2000,5.6,318,265,53,8,0,3,21,42,3,0,3,0,236,0,11,py PAR,"DF,FW",Rosario Central,Copa de la Liga,23,2000,5.6,12,2.14,8,2,1,1,0,0,0,0.00,0,0,0,0,0,0,py PAR,"DF,FW",Rosario Central,Copa de la Liga,23,2000,5.6,8,7,2,5,1,4,7,57.1,3,5,2,3,3,11,19,0,py PAR,"DF,FW",Rosario Central,Copa de la Liga,23,2000,5.6,372,17,98,174,104,4,372,9,3,33.3,6,66.7,185,642,360,9,8,1,4,2,208,39,py PAR,"DF,FW",Rosario Central,Copa de la Liga,23,2000,10,504,50,40.0,5.6,5,83,4,5,18,4,1.10,4,9,-5,-0.89,-0.54,5.1,8.0,-2.9,-0.52,+0.01,py PAR,"DF,FW",Rosario Central,Copa de la Liga,23,2000,5.6,1,0,0,2,1,0,21,3,7,0,0,0,28,7,3,70.0
Gregorio Rodríguez,ar ARG,FW,Instituto,Copa de la Liga,24,2000,1,1,39,0.4,0,0,0,0,0,0,0,1,0.1,0.1,0.0,0.1,1,1,3,0.00,0.00,0.00,0.00,0.00,0.22,0.00,0.22,0.22,0.22,ar ARG,FW,Instituto,Copa de la Liga,24,2000,0.4,0,2,0,0.0,4.62,0.00,0.00,0,16.4,0,0,0,0.1,0.1,0.05,-0.1,-0.1,ar ARG,FW,Instituto,Copa de la Liga,24,2000,0.4,2,8,25.0,18,12,2,2,100.0,0,2,0.0,0,0,0,0,0.0,0.0,0.0,0,0,0,0,1,ar ARG,FW,Instituto,Copa de la Liga,24,2000,0.4,8,7,0,0,0,0,2,0,0,0,0,0,2,1,2,ar ARG,FW,Instituto,Copa de la Liga,24,2000,0.4,0,0.00,0,0,0,0,0,0,0,0.00,0,0,0,0,0,0,ar ARG,FW,Instituto,Copa de la Liga,24,2000,0.4,2,1,1,1,0,1,1,100.0,0,1,0,1,0,2,0,0,ar ARG,FW,Instituto,Copa de la Liga,24,2000,0.4,23,0,5,11,8,1,23,2,0,0.0,2,100.0,8,48,20,1,1,0,4,1,10,3,ar ARG,FW,Instituto,Copa de la Liga,24,2000,1,39,39,3.1,0.4,1,39,0,0,0,8,1.00,0,0,0,0.00,-0.07,0.1,0.0,+0.1,+0.30,-0.25,ar ARG,FW,Instituto,Copa de la Liga,24,2000,0.4,0,1,0,1,0,0,2,0,1,0,0,0,3,0,2,0.0
Ignacio Rodríguez,ar ARG,MF,Banfield,Copa de la Liga,21,2002,14,14,"1,074",11.9,1,1,2,1,0,0,2,0,2.0,2.0,0.9,2.9,25,23,67,0.08,0.08,0.17,0.08,0.17,0.17,0.07,0.24,0.17,0.24,ar ARG,MF,Banfield,Copa de la Liga,21,2002,11.9,1,22,7,31.8,1.84,0.59,0.05,0.14,19.4,2,0,0,2.0,2.0,0.09,-1.0,-1.0,ar ARG,MF,Banfield,Copa de la Liga,21,2002,11.9,261,404,64.6,4369,1316,131,153,85.6,94,144,65.3,26,62,41.9,1,0.9,1.8,+0.1,17,18,5,3,23,ar ARG,MF,Banfield,Copa de la Liga,21,2002,11.9,404,336,67,24,0,0,92,3,38,7,27,0,261,1,26,ar ARG,MF,Banfield,Copa de la Liga,21,2002,11.9,33,2.77,9,19,1,2,1,1,1,0.08,0,1,0,0,0,0,ar ARG,MF,Banfield,Copa de la Liga,21,2002,11.9,26,15,10,14,2,14,28,50.0,14,17,3,14,4,30,7,0,ar ARG,MF,Banfield,Copa de la Liga,21,2002,11.9,541,5,83,237,227,31,541,27,10,37.0,9,33.3,274,1612,796,25,18,6,26,16,284,67,ar ARG,MF,Banfield,Copa de la Liga,21,2002,14,"1,074",77,85.2,11.9,14,77,1,0,0,0,1.21,10,11,-1,-0.08,-0.08,11.6,13.4,-1.8,-0.15,0.00,ar ARG,MF,Banfield,Copa de la Liga,21,2002,11.9,2,0,0,11,11,4,92,4,15,0,0,0,73,15,16,48.4
Juan Rodríguez,ar ARG,DF,Talleres,Copa de la Liga,29,1994,9,7,644,7.2,2,0,2,2,0,0,2,0,1.3,1.3,0.2,1.6,4,25,0,0.28,0.00,0.28,0.28,0.28,0.19,0.03,0.22,0.19,0.22,ar ARG,DF,Talleres,Copa de la Liga,29,1994,7.2,2,10,3,30.0,1.40,0.42,0.20,0.67,12.1,0,0,0,1.3,1.3,0.13,+0.7,+0.7,ar ARG,DF,Talleres,Copa de la Liga,29,1994,7.2,285,348,81.9,6043,2326,82,92,89.1,160,181,88.4,41,68,60.3,0,0.2,0.1,-0.2,1,20,0,0,25,ar ARG,DF,Talleres,Copa de la Liga,29,1994,7.2,348,333,14,13,1,4,0,1,0,0,0,0,285,1,0,ar ARG,DF,Talleres,Copa de la Liga,29,1994,7.2,3,0.42,2,0,0,1,0,0,0,0.00,0,0,0,0,0,0,ar ARG,DF,Talleres,Copa de la Liga,29,1994,7.2,16,9,9,6,1,6,11,54.5,5,13,6,7,10,26,49,0,ar ARG,DF,Talleres,Copa de la Liga,29,1994,7.2,464,65,239,210,17,10,464,1,0,0.0,1,100.0,229,1165,671,4,2,0,6,2,244,0,ar ARG,DF,Talleres,Copa de la Liga,29,1994,9,644,72,51.1,7.2,7,78,5,2,50,3,1.89,10,9,+1,+0.14,-0.88,9.8,7.7,+2.1,+0.30,-0.32,ar ARG,DF,Talleres,Copa de la Liga,29,1994,7.2,2,0,0,8,3,0,0,10,9,0,0,0,31,22,17,56.4
Lucas Rodríguez,ar ARG,"DF,MF",Instituto,Copa de la Liga,30,1993,5,4,301,3.3,0,0,0,0,0,0,3,0,0.1,0.1,0.2,0.2,6,19,20,0.00,0.00,0.00,0.00,0.00,0.02,0.05,0.07,0.02,0.07,ar ARG,"DF,MF",Instituto,Copa de la Liga,30,1993,3.3,0,2,0,0.0,0.60,0.00,0.00,0,23.2,1,0,0,0.1,0.1,0.03,-0.1,-0.1,ar ARG,"DF,MF",Instituto,Copa de la Liga,30,1993,3.3,93,137,67.9,1546,808,57,61,93.4,26,39,66.7,9,29,31.0,0,0.2,0.4,-0.2,6,12,6,1,19,ar ARG,"DF,MF",Instituto,Copa de la Liga,30,1993,3.3,137,98,39,2,0,0,18,29,8,1,7,0,93,0,4,ar ARG,"DF,MF",Instituto,Copa de la Liga,30,1993,3.3,11,3.29,4,7,0,0,0,0,0,0.00,0,0,0,0,0,0,ar ARG,"DF,MF",Instituto,Copa de la Liga,30,1993,3.3,6,2,2,3,1,3,3,100.0,0,4,0,4,3,9,10,0,ar ARG,"DF,MF",Instituto,Copa de la Liga,30,1993,3.3,167,7,43,58,67,2,167,6,3,50.0,2,33.3,63,341,169,6,5,0,0,3,70,20,ar ARG,"DF,MF",Instituto,Copa de la Liga,30,1993,5,301,60,23.9,3.3,4,72,2,1,13,9,1.40,2,2,0,0.00,-0.09,3.3,2.2,+1.0,+0.30,-0.32,ar ARG,"DF,MF",Instituto,Copa de la Liga,30,1993,3.3,3,0,0,4,5,3,18,3,2,0,0,0,12,4,1,80.0
Maximiliano Rodríguez,ar ARG,"DF,MF",Deportivo Riestra,Copa de la Liga,35,1988,12,6,609,6.8,0,0,0,0,0,0,0,0,0.3,0.3,0.5,0.8,2,16,11,0.00,0.00,0.00,0.00,0.00,0.05,0.08,0.13,0.05,0.13,ar ARG,"DF,MF",Deportivo Riestra,Copa de la Liga,35,1988,6.8,0,1,1,100.0,0.15,0.15,0.00,0.00,11.0,0,0,0,0.3,0.3,0.33,-0.3,-0.3,ar ARG,"DF,MF",Deportivo Riestra,Copa de la Liga,35,1988,6.8,119,202,58.9,2408,1315,46,61,75.4,52,77,67.5,20,51,39.2,0,0.5,0.5,-0.5,5,12,3,1,16,ar ARG,"DF,MF",Deportivo Riestra,Copa de la Liga,35,1988,6.8,202,139,63,7,1,0,15,52,4,1,2,0,119,0,11,ar ARG,"DF,MF",Deportivo Riestra,Copa de la Liga,35,1988,6.8,9,1.33,5,4,0,0,0,0,1,0.15,1,0,0,0,0,0,ar ARG,"DF,MF",Deportivo Riestra,Copa de la Liga,35,1988,6.8,15,11,9,5,1,5,9,55.6,4,11,1,10,12,27,13,1,ar ARG,"DF,MF",Deportivo Riestra,Copa de la Liga,35,1988,6.8,276,24,119,93,67,4,276,5,2,40.0,3,60.0,92,437,237,2,5,0,7,6,77,11,ar ARG,"DF,MF",Deportivo Riestra,Copa de la Liga,35,1988,12,609,51,48.3,6.8,6,76,2,6,26,2,1.00,3,10,-7,-1.03,-0.90,4.8,10.8,-6.0,-0.88,-0.19,ar ARG,"DF,MF",Deportivo Riestra,Copa de la Liga,35,1988,6.8,0,0,0,8,2,1,15,12,11,0,0,0,36,4,6,40.0
Salomón Rodríguez,uy URU,FW,Godoy Cruz,Copa de la Liga,23,2000,10,6,420,4.7,0,0,0,0,0,0,0,0,0.7,0.7,0.5,1.1,2,6,22,0.00,0.00,0.00,0.00,0.00,0.14,0.10,0.24,0.14,0.24,uy URU,FW,Godoy Cruz,Copa de la Liga,23,2000,4.7,0,10,4,40.0,2.14,0.86,0.00,0.00,17.7,2,0,0,0.7,0.7,0.07,-0.7,-0.7,uy URU,FW,Godoy Cruz,Copa de la Liga,23,2000,4.7,46,75,61.3,602,124,29,41,70.7,13,18,72.2,2,3,66.7,0,0.5,0.1,-0.5,6,4,1,0,6,uy URU,FW,Godoy Cruz,Copa de la Liga,23,2000,4.7,75,66,9,0,0,0,6,1,0,0,0,0,46,0,8,uy URU,FW,Godoy Cruz,Copa de la Liga,23,2000,4.7,8,1.71,7,0,0,0,1,0,0,0.00,0,0,0,0,0,0,uy URU,FW,Godoy Cruz,Copa de la Liga,23,2000,4.7,7,5,0,5,2,0,1,0.0,1,5,2,3,0,7,5,0,uy URU,FW,Godoy Cruz,Copa de la Liga,23,2000,4.7,133,7,12,49,73,23,133,10,3,30.0,7,70.0,59,279,55,2,0,2,16,5,76,22,uy URU,FW,Godoy Cruz,Copa de la Liga,23,2000,10,420,42,33.3,4.7,6,60,1,4,16,3,2.20,6,2,+4,+0.86,+0.21,5.4,4.1,+1.2,+0.27,-0.08,uy URU,FW,Godoy Cruz,Copa de la Liga,23,2000,4.7,0,0,0,0,3,2,6,0,5,0,0,0,7,10,17,37.0
Santiago Rodriguez,ar ARG,"FW,MF",Instituto,Copa de la Liga,26,1997,11,0,200,2.2,2,0,2,1,1,1,3,0,2.0,1.2,0.6,1.9,14,8,23,0.90,0.00,0.90,0.45,0.45,0.90,0.29,1.19,0.55,0.84,ar ARG,"FW,MF",Instituto,Copa de la Liga,26,1997,2.2,2,10,5,50.0,4.50,2.25,0.10,0.20,19.7,1,1,1,2.0,1.2,0.12,0.0,-0.2,ar ARG,"FW,MF",Instituto,Copa de la Liga,26,1997,2.2,53,92,57.6,929,283,22,35,62.9,21,31,67.7,6,14,42.9,0,0.6,1.2,-0.6,4,6,1,0,8,ar ARG,"FW,MF",Instituto,Copa de la Liga,26,1997,2.2,92,80,11,4,1,1,17,3,4,1,2,1,53,1,7,ar ARG,"FW,MF",Instituto,Copa de la Liga,26,1997,2.2,16,7.16,9,0,1,1,4,1,2,0.90,0,0,0,0,1,1,ar ARG,"FW,MF",Instituto,Copa de la Liga,26,1997,2.2,1,1,0,0,1,0,3,0.0,3,2,0,2,0,1,0,0,ar ARG,"FW,MF",Instituto,Copa de la Liga,26,1997,2.2,123,0,1,45,80,18,122,11,6,54.5,3,27.3,85,615,334,14,7,10,10,3,91,23,ar ARG,"FW,MF",Instituto,Copa de la Liga,26,1997,11,200,18,15.9,2.2,0,0,0,11,18,2,0.92,6,2,+4,+1.80,+2.05,4.8,1.6,+3.3,+1.46,+1.08,ar ARG,"FW,MF",Instituto,Copa de la Liga,26,1997,2.2,3,0,0,2,6,0,17,0,1,1,0,0,12,0,2,0.0
Walter Rodríguez,py PAR,MF,Tigre,Copa de la Liga,28,1995,5,2,156,1.7,0,0,0,0,0,0,2,0,0.0,0.0,0.0,0.1,1,7,0,0.00,0.00,0.00,0.00,0.00,0.00,0.03,0.03,0.00,0.03,py PAR,MF,Tigre,Copa de la Liga,28,1995,1.7,0,1,1,100.0,0.58,0.58,0.00,0.00,52.2,0,0,0,0.0,0.0,0.01,0.0,0.0,py PAR,MF,Tigre,Copa de la Liga,28,1995,1.7,61,81,75.3,1141,398,28,33,84.8,22,28,78.6,9,13,69.2,0,0.0,0.0,0.0,1,5,0,0,7,py PAR,MF,Tigre,Copa de la Liga,28,1995,1.7,81,77,2,2,0,0,0,0,0,0,0,0,61,2,2,py PAR,MF,Tigre,Copa de la Liga,28,1995,1.7,0,0.00,0,0,0,0,0,0,0,0.00,0,0,0,0,0,0,py PAR,MF,Tigre,Copa de la Liga,28,1995,1.7,11,5,6,5,0,4,9,44.4,5,4,2,2,3,14,4,0,py PAR,MF,Tigre,Copa de la Liga,28,1995,1.7,108,3,39,60,9,1,108,2,2,100.0,0,0.0,62,198,72,1,0,0,2,1,64,0,py PAR,MF,Tigre,Copa de la Liga,28,1995,5,156,31,12.4,1.7,2,55,0,3,15,9,0.80,0,4,-4,-2.31,-1.17,1.3,2.2,-1.0,-0.55,+0.20,py PAR,MF,Tigre,Copa de la Liga,28,1995,1.7,2,0,0,9,1,0,0,3,5,0,0,0,16,4,2,66.7
Yonatan Rodríguez,uy URU,MF,Gimnasia–LP,Copa de la Liga,30,1993,10,6,538,6.0,0,0,0,0,0,0,4,0,0.1,0.1,0.2,0.3,2,27,6,0.00,0.00,0.00,0.00,0.00,0.01,0.04,0.05,0.01,0.05,uy URU,MF,Gimnasia–LP,Copa de la Liga,30,1993,6.0,0,3,0,0.0,0.50,0.00,0.00,0,24.8,0,0,0,0.1,0.1,0.03,-0.1,-0.1,uy URU,MF,Gimnasia–LP,Copa de la Liga,30,1993,6.0,164,216,75.9,3404,998,59,74,79.7,69,85,81.2,32,41,78.0,0,0.2,0.2,-0.2,3,22,2,1,27,uy URU,MF,Gimnasia–LP,Copa de la Liga,30,1993,6.0,216,204,12,11,0,10,3,1,0,0,0,0,164,0,6,uy URU,MF,Gimnasia–LP,Copa de la Liga,30,1993,6.0,12,2.01,6,2,0,1,3,0,0,0.00,0,0,0,0,0,0,uy URU,MF,Gimnasia–LP,Copa de la Liga,30,1993,6.0,14,11,5,8,1,6,13,46.2,7,6,2,4,1,15,14,1,uy URU,MF,Gimnasia–LP,Copa de la Liga,30,1993,6.0,277,17,79,165,36,4,277,8,5,62.5,2,25.0,120,609,241,2,1,1,4,10,154,6,uy URU,MF,Gimnasia–LP,Copa de la Liga,30,1993,10,538,54,42.7,6.0,6,78,2,4,17,3,1.60,7,10,-3,-0.50,-0.25,5.2,9.0,-3.8,-0.63,-0.31,uy URU,MF,Gimnasia–LP,Copa de la Liga,30,1993,6.0,4,0,0,13,12,1,3,1,11,0,0,0,32,15,7,68.2
Manuel Roffo,ar ARG,GK,Instituto,Copa de la Liga,23,2000,14,14,"1,260",14.0,0,0,0,0,0,0,1,0,0.0,0.0,0.2,0.2,0,0,0,0.00,0.00,0.00,0.00,0.00,0.00,0.02,0.02,0.00,0.02,ar ARG,GK,Instituto,Copa de la Liga,23,2000,14.0,0,0,0,0,0.00,0.00,0,0,0,0,0,0,0.0,0.0,0,0.0,0.0,ar ARG,GK,Instituto,Copa de la Liga,23,2000,14.0,219,379,57.8,8318,7025,21,22,95.5,85,88,96.6,112,266,42.1,0,0.2,0.1,-0.2,4,14,0,0,0,ar ARG,GK,Instituto,Copa de la Liga,23,2000,14.0,379,229,148,28,0,0,0,0,0,0,0,0,219,2,0,ar ARG,GK,Instituto,Copa de la Liga,23,2000,14.0,7,0.50,3,4,0,0,0,0,0,0.00,0,0,0,0,0,0,ar ARG,GK,Instituto,Copa de la Liga,23,2000,14.0,0,0,0,0,0,0,0,0,0,0,0,0,0,0,6,2,ar ARG,GK,Instituto,Copa de la Liga,23,2000,14.0,406,316,406,0,0,0,406,0,0,0,0,0,200,1261,865,0,0,0,1,0,132,0,ar ARG,GK,Instituto,Copa de la Liga,23,2000,14,"1,260",90,100.0,14.0,14,90,14,0,0,0,1.21,18,17,+1,+0.07,0,20.3,12.6,+7.6,+0.55,0,ar ARG,GK,Instituto,Copa de la Liga,23,2000,14.0,1,0,0,0,0,0,0,0,0,0,0,0,15,7,1,87.5
Ariel Rojas,ar ARG,MF,Belgrano,Copa de la Liga,38,1986,2,1,78,0.9,0,0,0,0,0,0,1,0,0.0,0.0,0.0,0.0,0,2,0,0.00,0.00,0.00,0.00,0.00,0.00,0.00,0.00,0.00,0.00,ar ARG,MF,Belgrano,Copa de la Liga,38,1986,0.9,0,0,0,0,0.00,0.00,0,0,0,0,0,0,0.0,0.0,0,0.0,0.0,ar ARG,MF,Belgrano,Copa de la Liga,38,1986,0.9,13,17,76.5,227,120,5,6,83.3,5,6,83.3,2,2,100.0,0,0.0,0.0,0.0,0,5,0,0,2,ar ARG,MF,Belgrano,Copa de la Liga,38,1986,0.9,17,17,0,0,0,0,0,0,0,0,0,0,13,0,0,ar ARG,MF,Belgrano,Copa de la Liga,38,1986,0.9,0,0.00,0,0,0,0,0,0,0,0.00,0,0,0,0,0,0,ar ARG,MF,Belgrano,Copa de la Liga,38,1986,0.9,0,0,0,0,0,0,3,0.0,3,1,0,1,4,4,4,0,ar ARG,MF,Belgrano,Copa de la Liga,38,1986,0.9,27,5,8,19,0,0,27,1,0,0.0,1,100.0,9,31,1,0,0,0,0,0,8,0,ar ARG,MF,Belgrano,Copa de la Liga,38,1986,2,78,39,6.2,0.9,1,64,0,1,14,12,1.50,3,2,+1,+1.15,+1.38,1.6,1.5,+0.1,+0.11,+0.20,ar ARG,MF,Belgrano,Copa de la Liga,38,1986,0.9,1,0,0,3,0,0,0,4,0,0,0,0,2,1,0,100.0
Gabriel Rojas,ar ARG,DF,Racing Club,Copa de la Liga,26,1997,11,11,904,10.0,0,2,2,0,0,0,0,0,0.3,0.3,1.3,1.6,25,37,63,0.00,0.20,0.20,0.00,0.20,0.03,0.13,0.16,0.03,0.16,ar ARG,DF,Racing Club,Copa de la Liga,26,1997,10.0,0,6,0,0.0,0.60,0.00,0.00,0,20.9,0,0,0,0.3,0.3,0.06,-0.3,-0.3,ar ARG,DF,Racing Club,Copa de la Liga,26,1997,10.0,327,461,70.9,5389,1989,170,195,87.2,124,171,72.5,24,60,40.0,2,1.3,1.0,+0.7,13,24,11,6,37,ar ARG,DF,Racing Club,Copa de la Liga,26,1997,10.0,461,360,98,6,1,4,45,84,8,3,3,0,327,3,18,ar ARG,DF,Racing Club,Copa de la Liga,26,1997,10.0,29,2.89,16,5,4,0,4,0,3,0.30,2,0,1,0,0,0,ar ARG,DF,Racing Club,Copa de la Liga,26,1997,10.0,20,16,11,8,1,11,24,45.8,13,11,2,9,6,26,19,0,ar ARG,DF,Racing Club,Copa de la Liga,26,1997,10.0,563,16,112,242,211,20,563,23,7,30.4,10,43.5,268,1386,777,25,15,5,13,9,321,63,ar ARG,DF,Racing Club,Copa de la Liga,26,1997,11,904,82,71.7,10.0,11,82,5,0,0,1,1.36,15,10,+5,+0.50,-1.52,13.2,8.8,+4.4,+0.44,+0.02,ar ARG,DF,Racing Club,Copa de la Liga,26,1997,10.0,0,0,0,12,22,1,45,6,16,1,0,0,39,10,9,52.6
Marcos Rojo,ar ARG,DF,Boca Juniors,Copa de la Liga,33,1990,4,3,297,3.3,0,0,0,0,0,0,2,0,0.8,0.8,0.0,0.8,0,9,1,0.00,0.00,0.00,0.00,0.00,0.26,0.00,0.26,0.26,0.26,ar ARG,DF,Boca Juniors,Copa de la Liga,33,1990,3.3,0,5,1,20.0,1.52,0.30,0.00,0.00,12.7,0,0,0,0.8,0.8,0.17,-0.8,-0.8,ar ARG,DF,Boca Juniors,Copa de la Liga,33,1990,3.3,163,194,84.0,3059,1143,67,69,97.1,76,89,85.4,17,31,54.8,0,0.0,0.0,0.0,0,3,0,0,9,ar ARG,DF,Boca Juniors,Copa de la Liga,33,1990,3.3,194,189,4,4,0,3,0,0,0,0,0,0,163,1,1,ar ARG,DF,Boca Juniors,Copa de la Liga,33,1990,3.3,0,0.00,0,0,0,0,0,0,0,0.00,0,0,0,0,0,0,ar ARG,DF,Boca Juniors,Copa de la Liga,33,1990,3.3,3,2,2,1,0,3,4,75.0,1,2,0,2,1,4,11,0,ar ARG,DF,Boca Juniors,Copa de la Liga,33,1990,3.3,218,23,119,92,8,4,218,0,0,0,0,0,122,421,253,0,1,0,2,0,152,1,ar ARG,DF,Boca Juniors,Copa de la Liga,33,1990,4,297,74,23.6,3.3,3,77,1,1,65,1,2.17,4,2,+2,+0.61,+0.05,3.4,2.8,+0.6,+0.18,-0.59,ar ARG,DF,Boca Juniors,Copa de la Liga,33,1990,3.3,2,0,0,1,2,1,0,1,2,0,0,0,10,8,5,61.5
Esteban Rolón,ar ARG,MF,Belgrano,Copa de la Liga,28,1995,10,9,659,7.3,0,0,0,0,0,0,2,1,0.4,0.4,0.2,0.6,13,28,14,0.00,0.00,0.00,0.00,0.00,0.05,0.03,0.08,0.05,0.08,ar ARG,MF,Belgrano,Copa de la Liga,28,1995,7.3,0,6,3,50.0,0.82,0.41,0.00,0.00,14.6,0,0,0,0.4,0.4,0.06,-0.4,-0.4,ar ARG,MF,Belgrano,Copa de la Liga,28,1995,7.3,155,220,70.5,2543,690,76,94,80.9,55,70,78.6,18,28,64.3,0,0.2,0.4,-0.2,4,18,6,0,28,ar ARG,MF,Belgrano,Copa de la Liga,28,1995,7.3,220,213,5,4,3,2,7,0,0,0,0,0,155,2,12,ar ARG,MF,Belgrano,Copa de la Liga,28,1995,7.3,21,2.87,16,0,2,1,2,0,1,0.14,1,0,0,0,0,0,ar ARG,MF,Belgrano,Copa de la Liga,28,1995,7.3,17,9,5,9,3,7,13,53.8,6,7,1,6,3,20,7,0,ar ARG,MF,Belgrano,Copa de la Liga,28,1995,7.3,283,9,46,174,65,10,283,12,7,58.3,5,41.7,128,767,421,13,4,1,8,4,165,14,ar ARG,MF,Belgrano,Copa de la Liga,28,1995,10,659,66,52.3,7.3,9,69,0,1,34,2,1.10,10,11,-1,-0.14,+0.01,8.8,11.2,-2.4,-0.32,-0.51,ar ARG,MF,Belgrano,Copa de la Liga,28,1995,7.3,2,1,0,7,4,0,7,3,9,0,1,0,41,7,10,41.2
Jhohan Romaña,co COL,DF,San Lorenzo,Copa de la Liga,25,1998,13,12,"1,109",12.3,0,0,0,0,0,0,3,0,0.5,0.5,0.8,1.3,4,37,3,0.00,0.00,0.00,0.00,0.00,0.04,0.06,0.10,0.04,0.10,co COL,DF,San Lorenzo,Copa de la Liga,25,1998,12.3,0,9,2,22.2,0.73,0.16,0.00,0.00,12.2,0,0,0,0.5,0.5,0.06,-0.5,-0.5,co COL,DF,San Lorenzo,Copa de la Liga,25,1998,12.3,341,423,80.6,6712,2508,110,132,83.3,186,210,88.6,42,66,63.6,0,0.8,0.6,-0.8,6,21,2,2,37,co COL,DF,San Lorenzo,Copa de la Liga,25,1998,12.3,423,402,20,17,1,3,4,3,0,0,0,0,341,1,5,co COL,DF,San Lorenzo,Copa de la Liga,25,1998,12.3,9,0.73,7,0,0,1,1,0,0,0.00,0,0,0,0,0,0,co COL,DF,San Lorenzo,Copa de la Liga,25,1998,12.3,23,12,16,7,0,15,22,68.2,7,15,12,3,19,42,54,0,co COL,DF,San Lorenzo,Copa de la Liga,25,1998,12.3,574,65,292,258,30,17,574,7,5,71.4,2,28.6,233,1259,688,4,4,0,7,5,268,3,co COL,DF,San Lorenzo,Copa de la Liga,25,1998,13,"1,109",85,88.0,12.3,12,89,11,1,45,0,1.23,10,12,-2,-0.16,+1.03,10.7,9.8,+0.9,+0.08,+0.31,co COL,DF,San Lorenzo,Copa de la Liga,25,1998,12.3,3,0,0,15,13,0,4,19,12,0,0,0,60,39,17,69.6
Braian Romero,ar ARG,FW,Vélez Sarsfield,Copa de la Liga,32,1991,14,14,"1,073",11.9,4,1,5,4,0,0,4,0,3.8,3.8,0.3,4.1,13,8,59,0.34,0.08,0.42,0.34,0.42,0.32,0.02,0.34,0.32,0.34,ar ARG,FW,Vélez Sarsfield,Copa de la Liga,32,1991,11.9,4,37,11,29.7,3.10,0.92,0.11,0.36,15.3,0,0,0,3.8,3.8,0.10,+0.2,+0.2,ar ARG,FW,Vélez Sarsfield,Copa de la Liga,32,1991,11.9,103,160,64.4,1299,260,64,91,70.3,26,37,70.3,3,7,42.9,1,0.3,0.3,+0.7,5,6,1,0,8,ar ARG,FW,Vélez Sarsfield,Copa de la Liga,32,1991,11.9,160,143,16,0,0,1,6,3,0,0,0,0,103,1,7,ar ARG,FW,Vélez Sarsfield,Copa de la Liga,32,1991,11.9,14,1.17,6,0,4,3,1,0,1,0.08,1,0,0,0,0,0,ar ARG,FW,Vélez Sarsfield,Copa de la Liga,32,1991,11.9,16,9,3,10,3,3,10,30.0,7,7,1,6,1,17,12,0,ar ARG,FW,Vélez Sarsfield,Copa de la Liga,32,1991,11.9,310,12,24,131,164,59,310,28,9,32.1,18,64.3,178,750,287,13,9,7,42,12,208,59,ar ARG,FW,Vélez Sarsfield,Copa de la Liga,32,1991,14,"1,073",77,85.2,11.9,14,77,2,0,0,0,1.81,8,12,-4,-0.34,-2.74,11.8,9.7,+2.1,+0.17,-1.18,ar ARG,FW,Vélez Sarsfield,Copa de la Liga,32,1991,11.9,4,0,0,12,19,9,6,1,9,0,0,0,21,21,30,41.2
Franco Romero,ar ARG,"MF,FW",Defensa y Just,Copa de la Liga,23,2000,6,1,169,1.9,0,0,0,0,0,0,1,0,0.0,0.0,0.0,0.0,1,4,2,0.00,0.00,0.00,0.00,0.00,0.00,0.00,0.00,0.00,0.00,ar ARG,"MF,FW",Defensa y Just,Copa de la Liga,23,2000,1.9,0,0,0,0,0.00,0.00,0,0,0,0,0,0,0.0,0.0,0,0.0,0.0,ar ARG,"MF,FW",Defensa y Just,Copa de la Liga,23,2000,1.9,60,69,87.0,950,168,31,33,93.9,23,26,88.5,3,5,60.0,0,0.0,0.0,0.0,0,4,0,0,4,ar ARG,"MF,FW",Defensa y Just,Copa de la Liga,23,2000,1.9,69,69,0,0,0,2,0,0,0,0,0,0,60,0,1,ar ARG,"MF,FW",Defensa y Just,Copa de la Liga,23,2000,1.9,3,1.60,3,0,0,0,0,0,0,0.00,0,0,0,0,0,0,ar ARG,"MF,FW",Defensa y Just,Copa de la Liga,23,2000,1.9,6,4,2,4,0,4,7,57.1,3,3,0,3,2,8,6,1,ar ARG,"MF,FW",Defensa y Just,Copa de la Liga,23,2000,1.9,89,5,30,55,5,0,89,1,0,0.0,1,100.0,37,148,72,1,1,0,0,3,45,2,ar ARG,"MF,FW",Defensa y Just,Copa de la Liga,23,2000,6,169,28,13.4,1.9,1,57,0,5,22,8,1.00,0,3,-3,-1.60,-2.18,1.0,2.6,-1.6,-0.83,-0.92,ar ARG,"MF,FW",Defensa y Just,Copa de la Liga,23,2000,1.9,1,0,0,5,2,0,0,2,4,0,0,0,16,0,0,0
José Romero,ar ARG,FW,Talleres,Copa de la Liga,20,2003,3,0,57,0.6,0,0,0,0,0,0,0,0,1.4,1.4,0.0,1.4,1,2,3,0.00,0.00,0.00,0.00,0.00,2.25,0.03,2.28,2.25,2.28,ar ARG,FW,Talleres,Copa de la Liga,20,2003,0.6,0,5,1,20.0,7.89,1.58,0.00,0.00,11.0,0,0,0,1.4,1.4,0.28,-1.4,-1.4,ar ARG,FW,Talleres,Copa de la Liga,20,2003,0.6,12,17,70.6,118,30,7,10,70.0,3,5,60.0,0,0,0,0,0.0,0.0,0.0,1,1,1,0,2,ar ARG,FW,Talleres,Copa de la Liga,20,2003,0.6,17,17,0,0,0,0,0,0,0,0,0,0,12,0,0,ar ARG,FW,Talleres,Copa de la Liga,20,2003,0.6,3,4.74,2,0,0,1,0,0,0,0.00,0,0,0,0,0,0,ar ARG,FW,Talleres,Copa de la Liga,20,2003,0.6,1,0,0,0,1,0,0,0,0,0,0,0,0,1,0,0,ar ARG,FW,Talleres,Copa de la Liga,20,2003,0.6,27,0,1,6,20,8,27,4,2,50.0,2,50.0,14,54,12,1,0,1,2,1,19,3,ar ARG,FW,Talleres,Copa de la Liga,20,2003,3,57,19,4.5,0.6,0,0,0,3,19,5,1.67,0,0,0,0.00,-0.60,2.3,1.2,+1.1,+1.76,+1.36,ar ARG,FW,Talleres,Copa de la Liga,20,2003,0.6,0,0,0,1,0,0,0,0,0,0,0,0,1,5,5,50.0
Maximiliano Romero,ar ARG,FW,Arg Juniors,Copa de la Liga,25,1999,14,13,"1,002",11.1,6,2,8,6,0,0,1,0,4.7,4.7,2.1,6.8,8,15,45,0.54,0.18,0.72,0.54,0.72,0.42,0.19,0.61,0.42,0.61,ar ARG,FW,Arg Juniors,Copa de la Liga,25,1999,11.1,6,26,12,46.2,2.34,1.08,0.23,0.50,16.7,0,0,0,4.7,4.7,0.18,+1.3,+1.3,ar ARG,FW,Arg Juniors,Copa de la Liga,25,1999,11.1,95,136,69.9,1335,433,66,85,77.6,22,27,81.5,5,12,41.7,2,2.1,0.7,-0.1,14,13,6,1,15,ar ARG,FW,Arg Juniors,Copa de la Liga,25,1999,11.1,136,125,9,0,1,0,5,2,0,0,0,0,95,2,5,ar ARG,FW,Arg Juniors,Copa de la Liga,25,1999,11.1,27,2.43,19,0,5,2,1,0,6,0.54,2,0,3,0,1,0,ar ARG,FW,Arg Juniors,Copa de la Liga,25,1999,11.1,6,3,4,1,1,3,12,25.0,9,3,0,3,4,10,12,0,ar ARG,FW,Arg Juniors,Copa de la Liga,25,1999,11.1,217,13,33,92,97,37,217,13,9,69.2,4,30.8,122,709,312,8,4,4,15,7,135,45,ar ARG,FW,Arg Juniors,Copa de la Liga,25,1999,14,"1,002",72,79.5,11.1,13,75,3,1,28,0,1.75,24,8,+16,+1.44,+3.18,16.9,11.8,+5.1,+0.46,+1.54,ar ARG,FW,Arg Juniors,Copa de la Liga,25,1999,11.1,1,0,0,7,9,6,5,4,3,1,1,0,23,10,13,43.5
Nicolás Romero,ar ARG,DF,Atlé Tucumán,Copa de la Liga,20,2003,11,11,984,10.9,0,0,0,0,0,0,5,1,0.2,0.2,0.0,0.3,9,22,2,0.00,0.00,0.00,0.00,0.00,0.02,0.00,0.03,0.02,0.03,ar ARG,DF,Atlé Tucumán,Copa de la Liga,20,2003,10.9,0,5,0,0.0,0.46,0.00,0.00,0,19.6,0,0,0,0.2,0.2,0.05,-0.2,-0.2,ar ARG,DF,Atlé Tucumán,Copa de la Liga,20,2003,10.9,260,395,65.8,6151,2827,61,75,81.3,138,176,78.4,58,128,45.3,0,0.0,0.2,0.0,1,21,2,0,22,ar ARG,DF,Atlé Tucumán,Copa de la Liga,20,2003,10.9,395,367,27,23,0,5,2,4,0,0,0,0,260,1,8,ar ARG,DF,Atlé Tucumán,Copa de la Liga,20,2003,10.9,4,0.37,1,0,1,2,0,0,0,0.00,0,0,0,0,0,0,ar ARG,DF,Atlé Tucumán,Copa de la Liga,20,2003,10.9,12,7,10,2,0,7,19,36.8,12,9,4,5,11,23,41,0,ar ARG,DF,Atlé Tucumán,Copa de la Liga,20,2003,10.9,493,55,274,205,20,11,493,8,4,50.0,4,50.0,227,1103,655,9,3,0,8,1,243,2,ar ARG,DF,Atlé Tucumán,Copa de la Liga,20,2003,11,984,89,78.1,10.9,11,89,10,0,0,1,0.82,7,16,-9,-0.82,+1.13,12.5,12.1,+0.4,+0.04,+0.79,ar ARG,DF,Atlé Tucumán,Copa de la Liga,20,2003,10.9,5,1,1,14,8,1,2,11,7,0,0,0,52,28,17,62.2
Sergio Romero,ar ARG,GK,Boca Juniors,Copa de la Liga,36,1987,11,10,965,10.7,0,0,0,0,0,0,0,0,0.0,0.0,0.0,0.0,0,1,0,0.00,0.00,0.00,0.00,0.00,0.00,0.00,0.00,0.00,0.00,ar ARG,GK,Boca Juniors,Copa de la Liga,36,1987,10.7,0,0,0,0,0.00,0.00,0,0,0,0,0,0,0.0,0.0,0,0.0,0.0,ar ARG,GK,Boca Juniors,Copa de la Liga,36,1987,10.7,262,343,76.4,6964,4815,44,45,97.8,135,139,97.1,81,156,51.9,0,0.0,0.0,0.0,0,4,0,0,1,ar ARG,GK,Boca Juniors,Copa de la Liga,36,1987,10.7,343,274,69,26,0,2,0,0,0,0,0,0,262,0,1,ar ARG,GK,Boca Juniors,Copa de la Liga,36,1987,10.7,3,0.28,2,1,0,0,0,0,2,0.19,1,1,0,0,0,0,ar ARG,GK,Boca Juniors,Copa de la Liga,36,1987,10.7,1,1,1,0,0,1,1,100.0,0,0,0,0,0,1,6,2,ar ARG,GK,Boca Juniors,Copa de la Liga,36,1987,10.7,361,282,359,3,0,0,361,0,0,0,0,0,206,1106,773,0,0,0,0,0,183,0,ar ARG,GK,Boca Juniors,Copa de la Liga,36,1987,11,965,88,76.6,10.7,10,90,10,1,65,0,1.54,11,8,+3,+0.28,-1.25,14.2,7.9,+6.3,+0.59,-0.18,ar ARG,GK,Boca Juniors,Copa de la Liga,36,1987,10.7,0,0,0,0,1,0,0,0,1,0,0,0,6,2,0,100.0
Silvio Romero,ar ARG,"FW,MF",Instituto,Copa de la Liga,35,1988,11,5,441,4.9,0,1,1,0,0,0,0,0,0.7,0.7,0.4,1.1,6,8,36,0.00,0.20,0.20,0.00,0.20,0.14,0.09,0.23,0.14,0.23,ar ARG,"FW,MF",Instituto,Copa de la Liga,35,1988,4.9,0,7,1,14.3,1.43,0.20,0.00,0.00,13.2,1,0,0,0.7,0.7,0.10,-0.7,-0.7,ar ARG,"FW,MF",Instituto,Copa de la Liga,35,1988,4.9,77,114,67.5,1176,307,43,55,78.2,29,38,76.3,3,6,50.0,1,0.4,0.6,+0.6,5,7,4,0,8,ar ARG,"FW,MF",Instituto,Copa de la Liga,35,1988,4.9,114,106,6,1,0,0,6,1,0,0,0,0,77,2,5,ar ARG,"FW,MF",Instituto,Copa de la Liga,35,1988,4.9,10,2.03,6,0,1,1,2,0,1,0.20,1,0,0,0,0,0,ar ARG,"FW,MF",Instituto,Copa de la Liga,35,1988,4.9,4,2,4,0,0,1,3,33.3,2,1,0,1,0,4,3,0,ar ARG,"FW,MF",Instituto,Copa de la Liga,35,1988,4.9,168,2,16,77,80,19,168,19,9,47.4,8,42.1,104,539,208,6,6,3,15,9,119,36,ar ARG,"FW,MF",Instituto,Copa de la Liga,35,1988,11,441,40,35.0,4.9,5,65,0,6,19,3,1.00,6,4,+2,+0.41,+0.52,4.2,2.8,+1.4,+0.28,-0.41,ar ARG,"FW,MF",Instituto,Copa de la Liga,35,1988,4.9,0,0,0,2,7,2,6,0,2,0,0,0,23,6,5,54.5
Zaid Romero,ar ARG,DF,Estudiantes–LP,Copa de la Liga,24,1999,12,12,"1,079",12.0,1,0,1,1,0,0,1,1,0.4,0.4,0.1,0.5,7,49,2,0.08,0.00,0.08,0.08,0.08,0.03,0.01,0.04,0.03,0.04,ar ARG,DF,Estudiantes–LP,Copa de la Liga,24,1999,12.0,1,9,1,11.1,0.75,0.08,0.11,1.00,17.5,0,0,0,0.4,0.4,0.04,+0.6,+0.6,ar ARG,DF,Estudiantes–LP,Copa de la Liga,24,1999,12.0,518,598,86.6,10006,4202,169,182,92.9,291,319,91.2,53,75,70.7,0,0.1,0.1,-0.1,1,29,1,0,49,ar ARG,DF,Estudiantes–LP,Copa de la Liga,24,1999,12.0,598,576,20,17,0,2,1,3,0,0,0,0,518,2,11,ar ARG,DF,Estudiantes–LP,Copa de la Liga,24,1999,12.0,9,0.75,9,0,0,0,0,0,1,0.08,1,0,0,0,0,0,ar ARG,DF,Estudiantes–LP,Copa de la Liga,24,1999,12.0,21,16,11,9,1,10,14,71.4,4,12,8,4,16,37,48,0,ar ARG,DF,Estudiantes–LP,Copa de la Liga,24,1999,12.0,718,84,341,349,32,9,718,10,7,70.0,2,20.0,408,2501,1477,7,7,0,10,4,447,2,ar ARG,DF,Estudiantes–LP,Copa de la Liga,24,1999,12,"1,079",90,85.6,12.0,12,90,11,0,0,1,1.93,16,6,+10,+0.83,+0.83,16.1,7.9,+8.1,+0.68,+0.61,ar ARG,DF,Estudiantes–LP,Copa de la Liga,24,1999,12.0,1,1,0,6,6,0,1,16,16,0,0,0,71,23,11,67.6
Siro Rosane,ar ARG,MF,Barracas Central,Copa de la Liga,23,2000,14,14,"1,115",12.4,1,1,2,1,0,0,1,0,0.7,0.7,0.2,0.9,6,38,10,0.08,0.08,0.16,0.08,0.16,0.06,0.01,0.07,0.06,0.07,ar ARG,MF,Barracas Central,Copa de la Liga,23,2000,12.4,1,22,5,22.7,1.78,0.40,0.05,0.20,23.6,3,0,0,0.7,0.7,0.03,+0.3,+0.3,ar ARG,MF,Barracas Central,Copa de la Liga,23,2000,12.4,416,490,84.9,6986,2261,204,222,91.9,161,179,89.9,38,56,67.9,1,0.2,0.2,+0.8,3,21,4,0,38,ar ARG,MF,Barracas Central,Copa de la Liga,23,2000,12.4,490,464,24,23,0,7,2,1,0,0,0,0,416,2,14,ar ARG,MF,Barracas Central,Copa de la Liga,23,2000,12.4,17,1.37,9,0,3,3,2,0,3,0.24,1,0,0,2,0,0,ar ARG,MF,Barracas Central,Copa de la Liga,23,2000,12.4,25,13,11,13,1,11,27,40.7,16,17,6,11,11,36,17,1,ar ARG,MF,Barracas Central,Copa de la Liga,23,2000,12.4,622,33,187,389,60,9,622,28,22,78.6,4,14.3,347,1752,637,6,6,0,11,18,382,10,ar ARG,MF,Barracas Central,Copa de la Liga,23,2000,14,"1,115",80,88.5,12.4,14,80,6,0,0,0,1.73,19,13,+6,+0.48,+1.10,14.4,16.8,-2.3,-0.19,+0.01,ar ARG,MF,Barracas Central,Copa de la Liga,23,2000,12.4,1,0,0,14,23,0,2,11,13,0,0,0,87,12,13,48.0
Agustín Ruberto,ar ARG,FW,River Plate,Copa de la Liga,18,2006,7,0,153,1.7,1,0,1,1,0,0,0,0,1.6,1.6,0.0,1.7,2,1,4,0.59,0.00,0.59,0.59,0.59,0.95,0.03,0.97,0.95,0.97,ar ARG,FW,River Plate,Copa de la Liga,18,2006,1.7,1,6,3,50.0,3.53,1.76,0.17,0.33,11.2,0,0,0,1.6,1.6,0.27,-0.6,-0.6,ar ARG,FW,River Plate,Copa de la Liga,18,2006,1.7,14,21,66.7,173,32,10,14,71.4,3,3,100.0,0,1,0.0,0,0.0,0.1,0.0,1,0,0,0,1,ar ARG,FW,River Plate,Copa de la Liga,18,2006,1.7,21,19,2,0,0,0,0,0,0,0,0,0,14,0,1,ar ARG,FW,River Plate,Copa de la Liga,18,2006,1.7,1,0.58,1,0,0,0,0,0,0,0.00,0,0,0,0,0,0,ar ARG,FW,River Plate,Copa de la Liga,18,2006,1.7,0,0,0,0,0,0,2,0.0,2,2,0,2,0,0,0,0,ar ARG,FW,River Plate,Copa de la Liga,18,2006,1.7,35,0,1,12,22,11,35,2,0,0.0,2,100.0,19,80,34,2,0,2,3,0,23,4,ar ARG,FW,River Plate,Copa de la Liga,18,2006,7,153,22,12.1,1.7,0,0,0,7,22,4,2.14,4,2,+2,+1.18,+0.04,4.1,2.2,+1.9,+1.09,+0.13,ar ARG,FW,River Plate,Copa de la Liga,18,2006,1.7,0,0,0,3,0,0,0,0,0,0,0,0,5,3,7,30.0
Tobías Rubio,ar ARG,DF,Racing Club,Copa de la Liga,19,2004,9,6,589,6.5,0,0,0,0,0,0,4,0,0.0,0.0,0.0,0.0,1,11,6,0.00,0.00,0.00,0.00,0.00,0.01,0.00,0.01,0.01,0.01,ar ARG,DF,Racing Club,Copa de la Liga,19,2004,6.5,0,1,0,0.0,0.15,0.00,0.00,0,30.0,0,0,0,0.0,0.0,0.04,0.0,0.0,ar ARG,DF,Racing Club,Copa de la Liga,19,2004,6.5,208,258,80.6,3752,1266,93,96,96.9,85,104,81.7,24,40,60.0,0,0.0,0.0,0.0,0,8,0,0,11,ar ARG,DF,Racing Club,Copa de la Liga,19,2004,6.5,258,225,32,2,0,4,2,30,0,0,0,0,208,1,7,ar ARG,DF,Racing Club,Copa de la Liga,19,2004,6.5,3,0.46,2,0,1,0,0,0,0,0.00,0,0,0,0,0,0,ar ARG,DF,Racing Club,Copa de la Liga,19,2004,6.5,11,9,8,3,0,8,18,44.4,10,6,2,4,9,20,18,0,ar ARG,DF,Racing Club,Copa de la Liga,19,2004,6.5,318,19,146,155,19,0,318,6,3,50.0,3,50.0,127,553,280,1,2,0,4,3,165,6,ar ARG,DF,Racing Club,Copa de la Liga,19,2004,9,589,65,46.7,6.5,6,83,5,3,31,5,1.89,13,4,+9,+1.38,+0.84,8.1,5.7,+2.4,+0.37,-0.13,ar ARG,DF,Racing Club,Copa de la Liga,19,2004,6.5,4,0,0,4,2,0,2,9,9,0,0,0,37,7,8,46.7
Matías Ruíz Díaz,ar ARG,"DF,FW",Ind. Rivadavia,Copa de la Liga,27,1996,7,6,523,5.8,0,0,0,0,0,0,2,0,0.1,0.1,0.1,0.2,6,18,26,0.00,0.00,0.00,0.00,0.00,0.01,0.02,0.03,0.01,0.03,ar ARG,"DF,FW",Ind. Rivadavia,Copa de la Liga,27,1996,5.8,0,3,0,0.0,0.52,0.00,0.00,0,23.0,0,0,0,0.1,0.1,0.02,-0.1,-0.1,ar ARG,"DF,FW",Ind. Rivadavia,Copa de la Liga,27,1996,5.8,153,229,66.8,2473,1126,88,106,83.0,47,65,72.3,14,39,35.9,0,0.1,0.1,-0.1,2,17,1,1,18,ar ARG,"DF,FW",Ind. Rivadavia,Copa de la Liga,27,1996,5.8,229,195,33,0,0,0,25,33,0,0,0,0,153,1,10,ar ARG,"DF,FW",Ind. Rivadavia,Copa de la Liga,27,1996,5.8,7,1.20,5,0,0,0,2,0,0,0.00,0,0,0,0,0,0,ar ARG,"DF,FW",Ind. Rivadavia,Copa de la Liga,27,1996,5.8,10,4,8,2,0,4,9,44.4,5,7,3,4,2,12,12,0,ar ARG,"DF,FW",Ind. Rivadavia,Copa de la Liga,27,1996,5.8,279,15,77,123,81,3,279,4,4,100.0,0,0.0,147,692,374,6,5,0,9,4,158,26,ar ARG,"DF,FW",Ind. Rivadavia,Copa de la Liga,27,1996,7,523,75,41.5,5.8,6,80,3,1,45,2,0.29,6,10,-4,-0.69,+0.29,5.0,8.6,-3.6,-0.61,+0.07,ar ARG,"DF,FW",Ind. Rivadavia,Copa de la Liga,27,1996,5.8,2,0,0,3,8,0,25,2,4,0,0,0,25,9,7,56.3
Javier Ruiz,ar ARG,MF,Independiente,Copa de la Liga,19,2004,3,1,107,1.2,0,0,0,0,0,0,0,1,0.0,0.0,0.0,0.0,2,4,17,0.00,0.00,0.00,0.00,0.00,0.00,0.01,0.01,0.00,0.01,ar ARG,MF,Independiente,Copa de la Liga,19,2004,1.2,0,0,0,0,0.00,0.00,0,0,0,0,0,0,0.0,0.0,0,0.0,0.0,ar ARG,MF,Independiente,Copa de la Liga,19,2004,1.2,29,42,69.0,401,74,20,22,90.9,7,12,58.3,2,3,66.7,0,0.0,0.5,0.0,1,2,1,0,4,ar ARG,MF,Independiente,Copa de la Liga,19,2004,1.2,42,39,3,1,1,0,2,2,0,0,0,0,29,0,4,ar ARG,MF,Independiente,Copa de la Liga,19,2004,1.2,8,6.67,4,0,1,0,3,0,0,0.00,0,0,0,0,0,0,ar ARG,MF,Independiente,Copa de la Liga,19,2004,1.2,3,1,0,0,3,0,1,0.0,1,0,0,0,0,3,0,0,ar ARG,MF,Independiente,Copa de la Liga,19,2004,1.2,67,0,1,38,29,1,67,15,7,46.7,6,40.0,49,310,122,2,2,0,7,1,46,17,ar ARG,MF,Independiente,Copa de la Liga,19,2004,3,107,36,8.5,1.2,1,54,0,2,27,5,0.33,0,1,-1,-0.84,-1.23,1.1,0.6,+0.5,+0.41,-0.05,ar ARG,MF,Independiente,Copa de la Liga,19,2004,1.2,0,1,0,4,8,0,2,0,1,0,0,0,7,1,1,50.0
Ramiro Ruiz,ar ARG,FW,Talleres,Copa de la Liga,23,2000,5,2,163,1.8,0,1,1,0,0,0,0,0,0.5,0.5,1.0,1.5,6,6,12,0.00,0.55,0.55,0.00,0.55,0.26,0.58,0.84,0.26,0.84,ar ARG,FW,Talleres,Copa de la Liga,23,2000,1.8,0,4,0,0.0,2.21,0.00,0.00,0,16.8,0,0,0,0.5,0.5,0.12,-0.5,-0.5,ar ARG,FW,Talleres,Copa de la Liga,23,2000,1.8,24,41,58.5,454,146,13,20,65.0,7,13,53.8,4,6,66.7,1,1.0,0.7,0.0,3,3,3,2,6,ar ARG,FW,Talleres,Copa de la Liga,23,2000,1.8,41,40,1,0,0,1,5,1,0,0,0,0,24,0,0,ar ARG,FW,Talleres,Copa de la Liga,23,2000,1.8,8,4.42,6,0,1,0,1,0,2,1.10,1,0,0,0,1,0,ar ARG,FW,Talleres,Copa de la Liga,23,2000,1.8,1,0,0,1,0,0,1,0.0,1,1,0,1,3,4,5,0,ar ARG,FW,Talleres,Copa de la Liga,23,2000,1.8,66,2,11,28,29,8,66,6,2,33.3,3,50.0,40,274,117,6,3,2,2,2,39,12,ar ARG,FW,Talleres,Copa de la Liga,23,2000,5,163,33,12.9,1.8,2,66,0,3,11,8,1.00,2,2,0,0.00,-0.66,2.7,2.1,+0.6,+0.32,-0.16,ar ARG,FW,Talleres,Copa de la Liga,23,2000,1.8,0,0,0,0,1,1,5,3,0,0,0,0,12,4,2,66.7
Facundo Russo,ar ARG,"MF,FW",Platense,Copa de la Liga,23,2000,4,3,218,2.4,0,0,0,0,0,0,0,0,0.3,0.3,0.1,0.4,7,6,22,0.00,0.00,0.00,0.00,0.00,0.12,0.06,0.18,0.12,0.18,ar ARG,"MF,FW",Platense,Copa de la Liga,23,2000,2.4,0,2,1,50.0,0.83,0.41,0.00,0.00,17.3,0,0,0,0.3,0.3,0.15,-0.3,-0.3,ar ARG,"MF,FW",Platense,Copa de la Liga,23,2000,2.4,35,60,58.3,525,155,20,26,76.9,9,18,50.0,4,8,50.0,0,0.1,0.2,-0.1,3,4,2,2,6,ar ARG,"MF,FW",Platense,Copa de la Liga,23,2000,2.4,60,60,0,0,0,0,16,0,0,0,0,0,35,0,5,ar ARG,"MF,FW",Platense,Copa de la Liga,23,2000,2.4,5,2.06,5,0,0,0,0,0,0,0.00,0,0,0,0,0,0,ar ARG,"MF,FW",Platense,Copa de la Liga,23,2000,2.4,8,4,2,3,3,3,3,100.0,0,0,0,0,0,8,0,0,ar ARG,"MF,FW",Platense,Copa de la Liga,23,2000,2.4,79,0,4,27,52,7,79,7,4,57.1,2,28.6,45,286,162,7,3,2,4,1,47,22,ar ARG,"MF,FW",Platense,Copa de la Liga,23,2000,4,218,55,17.3,2.4,3,58,0,1,45,6,1.50,3,5,-2,-0.83,-0.65,2.1,3.0,-0.8,-0.34,-0.39,ar ARG,"MF,FW",Platense,Copa de la Liga,23,2000,2.4,0,0,0,1,1,3,16,0,4,0,0,0,9,0,4,0.0
Ignacio Russo,ar ARG,"FW,MF",Instituto,Copa de la Liga,23,2000,13,6,591,6.6,1,0,1,1,0,0,1,0,2.5,2.5,0.8,3.3,6,16,31,0.15,0.00,0.15,0.15,0.15,0.38,0.12,0.50,0.38,0.50,ar ARG,"FW,MF",Instituto,Copa de la Liga,23,2000,6.6,1,20,3,15.0,3.05,0.46,0.05,0.33,13.7,0,0,0,2.5,2.5,0.12,-1.5,-1.5,ar ARG,"FW,MF",Instituto,Copa de la Liga,23,2000,6.6,68,120,56.7,1058,290,31,50,62.0,27,43,62.8,5,8,62.5,0,0.8,0.4,-0.8,7,8,5,2,16,ar ARG,"FW,MF",Instituto,Copa de la Liga,23,2000,6.6,120,117,1,0,0,0,12,1,0,0,0,0,68,2,6,ar ARG,"FW,MF",Instituto,Copa de la Liga,23,2000,6.6,15,2.28,9,0,0,5,1,0,0,0.00,0,0,0,0,0,0,ar ARG,"FW,MF",Instituto,Copa de la Liga,23,2000,6.6,3,1,0,2,1,0,7,0.0,7,4,1,3,5,8,5,0,ar ARG,"FW,MF",Instituto,Copa de la Liga,23,2000,6.6,192,5,7,66,119,31,192,16,3,18.8,12,75.0,91,383,129,6,4,4,14,2,140,31,ar ARG,"FW,MF",Instituto,Copa de la Liga,23,2000,13,591,45,46.9,6.6,6,76,1,7,19,1,1.23,8,10,-2,-0.30,-0.71,12.0,6.7,+5.3,+0.80,+0.49,ar ARG,"FW,MF",Instituto,Copa de la Liga,23,2000,6.6,1,0,0,10,19,3,12,5,1,0,0,0,9,21,15,58.3
Juan Saborido,ar ARG,DF,Platense,Copa de la Liga,25,1998,10,10,869,9.7,1,1,2,1,0,0,2,0,0.4,0.4,0.6,1.0,15,23,30,0.10,0.10,0.21,0.10,0.21,0.04,0.06,0.10,0.04,0.10,ar ARG,DF,Platense,Copa de la Liga,25,1998,9.7,1,8,3,37.5,0.83,0.31,0.13,0.33,17.7,0,0,0,0.4,0.4,0.05,+0.6,+0.6,ar ARG,DF,Platense,Copa de la Liga,25,1998,9.7,218,364,59.9,3250,1858,120,157,76.4,77,138,55.8,13,41,31.7,1,0.6,0.3,+0.4,6,21,6,2,23,ar ARG,DF,Platense,Copa de la Liga,25,1998,9.7,364,254,106,3,0,2,27,103,0,0,0,0,218,4,10,ar ARG,DF,Platense,Copa de la Liga,25,1998,9.7,13,1.35,9,3,0,1,0,0,1,0.10,1,0,0,0,0,0,ar ARG,DF,Platense,Copa de la Liga,25,1998,9.7,27,15,14,10,3,9,20,45.0,11,16,3,13,6,33,25,0,ar ARG,DF,Platense,Copa de la Liga,25,1998,9.7,505,29,137,212,163,13,505,24,9,37.5,15,62.5,180,1073,536,15,11,1,19,11,187,30,ar ARG,DF,Platense,Copa de la Liga,25,1998,10,869,87,69.0,9.7,10,87,5,0,0,0,1.40,8,8,0,0.00,+0.92,8.6,10.0,-1.5,-0.15,-0.42,ar ARG,DF,Platense,Copa de la Liga,25,1998,9.7,2,0,0,11,4,0,27,6,15,0,0,0,44,12,15,44.4
Maximiliano Salas,ar ARG,FW,Racing Club,Copa de la Liga,26,1997,14,10,862,9.6,1,0,1,1,0,0,2,0,1.3,1.3,0.9,2.2,22,17,62,0.10,0.00,0.10,0.10,0.10,0.14,0.09,0.23,0.14,0.23,ar ARG,FW,Racing Club,Copa de la Liga,26,1997,9.6,1,17,6,35.3,1.77,0.63,0.06,0.17,16.6,1,0,0,1.3,1.3,0.08,-0.3,-0.3,ar ARG,FW,Racing Club,Copa de la Liga,26,1997,9.6,137,206,66.5,2264,435,86,113,76.1,31,58,53.4,16,22,72.7,0,0.9,0.6,-0.9,8,8,9,2,17,ar ARG,FW,Racing Club,Copa de la Liga,26,1997,9.6,206,196,9,1,1,4,25,2,1,0,0,0,137,1,4,ar ARG,FW,Racing Club,Copa de la Liga,26,1997,9.6,23,2.40,15,0,1,4,3,0,4,0.42,3,0,0,1,0,0,ar ARG,FW,Racing Club,Copa de la Liga,26,1997,9.6,17,13,4,8,5,9,15,60.0,6,12,1,11,1,18,12,0,ar ARG,FW,Racing Club,Copa de la Liga,26,1997,9.6,320,15,26,122,179,38,320,29,11,37.9,16,55.2,196,1138,517,22,13,10,26,14,226,62,ar ARG,FW,Racing Club,Copa de la Liga,26,1997,14,862,62,68.4,9.6,10,77,3,4,24,0,1.71,17,7,+10,+1.04,+0.37,13.4,8.8,+4.6,+0.48,+0.15,ar ARG,FW,Racing Club,Copa de la Liga,26,1997,9.6,2,0,0,19,16,7,25,1,13,0,0,0,29,7,19,26.9
Emiliano Saliadarre,ar ARG,MF,Ind. Rivadavia,Copa de la Liga,21,2002,1,0,24,0.3,0,0,0,0,0,0,0,0,0.3,0.3,0.0,0.3,0,0,2,0.00,0.00,0.00,0.00,0.00,1.06,0.00,1.06,1.06,1.06,ar ARG,MF,Ind. Rivadavia,Copa de la Liga,21,2002,0.3,0,1,0,0.0,3.75,0.00,0.00,0,6.9,0,0,0,0.3,0.3,0.28,-0.3,-0.3,ar ARG,MF,Ind. Rivadavia,Copa de la Liga,21,2002,0.3,1,3,33.3,11,0,1,1,100.0,0,1,0.0,0,1,0.0,0,0.0,0.0,0.0,0,0,0,0,0,ar ARG,MF,Ind. Rivadavia,Copa de la Liga,21,2002,0.3,3,3,0,0,0,0,0,0,0,0,0,0,1,0,0,ar ARG,MF,Ind. Rivadavia,Copa de la Liga,21,2002,0.3,0,0.00,0,0,0,0,0,0,0,0.00,0,0,0,0,0,0,ar ARG,MF,Ind. Rivadavia,Copa de la Liga,21,2002,0.3,0,0,0,0,0,0,1,0.0,1,0,0,0,0,0,0,0,ar ARG,MF,Ind. Rivadavia,Copa de la Liga,21,2002,0.3,5,0,0,2,3,1,5,0,0,0,0,0,3,11,6,0,0,0,1,0,4,2,ar ARG,MF,Ind. Rivadavia,Copa de la Liga,21,2002,1,24,24,1.9,0.3,0,0,0,1,24,4,0.00,0,1,-1,-3.75,-2.95,0.6,0.7,-0.2,-0.59,+0.06,ar ARG,MF,Ind. Rivadavia,Copa de la Liga,21,2002,0.3,0,0,0,0,0,0,0,0,0,0,0,0,0,0,3,0.0
Oscar Salomón,ar ARG,DF,Platense,Copa de la Liga,24,1999,4,2,192,2.1,0,0,0,0,0,0,1,0,0.1,0.1,0.2,0.4,3,9,1,0.00,0.00,0.00,0.00,0.00,0.07,0.10,0.17,0.07,0.17,ar ARG,DF,Platense,Copa de la Liga,24,1999,2.1,0,1,0,0.0,0.47,0.00,0.00,0,7.7,0,0,0,0.1,0.1,0.15,-0.1,-0.1,ar ARG,DF,Platense,Copa de la Liga,24,1999,2.1,74,98,75.5,1196,542,42,49,85.7,28,39,71.8,4,8,50.0,0,0.2,0.0,-0.2,1,5,0,0,9,ar ARG,DF,Platense,Copa de la Liga,24,1999,2.1,98,96,2,2,1,1,0,0,0,0,0,0,74,0,1,ar ARG,DF,Platense,Copa de la Liga,24,1999,2.1,2,0.94,0,0,0,1,1,0,0,0.00,0,0,0,0,0,0,ar ARG,DF,Platense,Copa de la Liga,24,1999,2.1,7,3,6,1,0,4,8,50.0,4,3,2,1,2,9,10,0,ar ARG,DF,Platense,Copa de la Liga,24,1999,2.1,122,15,59,61,3,1,122,1,1,100.0,0,0.0,74,404,233,3,1,0,1,2,78,1,ar ARG,DF,Platense,Copa de la Liga,24,1999,4,192,48,15.2,2.1,2,90,2,2,6,10,1.75,1,3,-2,-0.94,-0.77,2.5,2.9,-0.3,-0.16,-0.17,ar ARG,DF,Platense,Copa de la Liga,24,1999,2.1,1,0,0,1,1,0,0,2,3,1,0,0,13,2,3,40.0
Brian Salvareschi,ar ARG,DF,Godoy Cruz,Copa de la Liga,24,1999,3,3,270,3.0,0,0,0,0,0,0,2,0,0.0,0.0,0.0,0.0,1,7,1,0.00,0.00,0.00,0.00,0.00,0.01,0.00,0.01,0.01,0.01,ar ARG,DF,Godoy Cruz,Copa de la Liga,24,1999,3.0,0,1,0,0.0,0.33,0.00,0.00,0,32.9,0,0,0,0.0,0.0,0.02,0.0,0.0,ar ARG,DF,Godoy Cruz,Copa de la Liga,24,1999,3.0,79,111,71.2,1914,849,21,24,87.5,37,48,77.1,21,36,58.3,0,0.0,0.1,0.0,0,9,2,0,7,ar ARG,DF,Godoy Cruz,Copa de la Liga,24,1999,3.0,111,105,6,5,0,5,1,1,0,0,0,0,79,0,1,ar ARG,DF,Godoy Cruz,Copa de la Liga,24,1999,3.0,4,1.33,3,0,0,0,0,1,1,0.33,1,0,0,0,0,0,ar ARG,DF,Godoy Cruz,Copa de la Liga,24,1999,3.0,9,7,7,2,0,3,8,37.5,5,4,1,3,8,17,17,1,ar ARG,DF,Godoy Cruz,Copa de la Liga,24,1999,3.0,154,19,91,56,8,3,154,0,0,0,0,0,60,272,159,1,0,0,2,0,76,1,ar ARG,DF,Godoy Cruz,Copa de la Liga,24,1999,3,270,90,21.4,3.0,3,90,3,0,0,9,1.33,3,2,+1,+0.33,-0.48,3.3,3.2,+0.1,+0.03,-0.37,ar ARG,DF,Godoy Cruz,Copa de la Liga,24,1999,3.0,2,0,0,5,0,0,1,8,7,0,0,0,5,8,8,50.0
Mateo Sanabria,ar ARG,"MF,FW",Cen. Córdoba–SdE,Copa de la Liga,19,2004,12,5,535,5.9,0,0,0,0,0,0,1,0,1.2,1.2,0.9,2.1,26,8,40,0.00,0.00,0.00,0.00,0.00,0.21,0.14,0.35,0.21,0.35,ar ARG,"MF,FW",Cen. Córdoba–SdE,Copa de la Liga,19,2004,5.9,0,12,3,25.0,2.02,0.50,0.00,0.00,19.8,0,0,0,1.2,1.2,0.10,-1.2,-1.2,ar ARG,"MF,FW",Cen. Córdoba–SdE,Copa de la Liga,19,2004,5.9,56,107,52.3,790,329,31,43,72.1,17,34,50.0,5,17,29.4,0,0.9,0.5,-0.9,6,7,3,2,8,ar ARG,"MF,FW",Cen. Córdoba–SdE,Copa de la Liga,19,2004,5.9,107,106,1,0,0,0,23,1,0,0,0,0,56,0,9,ar ARG,"MF,FW",Cen. Córdoba–SdE,Copa de la Liga,19,2004,5.9,20,3.36,10,0,6,0,4,0,0,0.00,0,0,0,0,0,0,ar ARG,"MF,FW",Cen. Córdoba–SdE,Copa de la Liga,19,2004,5.9,11,10,2,5,4,5,18,27.8,13,11,0,11,3,14,1,0,ar ARG,"MF,FW",Cen. Córdoba–SdE,Copa de la Liga,19,2004,5.9,203,0,22,90,98,16,203,46,20,43.5,20,43.5,153,1234,706,26,14,7,21,11,135,40,ar ARG,"MF,FW",Cen. Córdoba–SdE,Copa de la Liga,19,2004,12,535,45,42.5,5.9,5,71,0,7,26,2,0.67,3,7,-4,-0.67,+0.07,5.5,7.5,-1.9,-0.32,+0.77,ar ARG,"MF,FW",Cen. Córdoba–SdE,Copa de la Liga,19,2004,5.9,1,0,0,7,20,3,23,3,10,0,0,0,35,2,3,40.0
Carlos Sánchez,co COL,"DF,MF",San Lorenzo,Copa de la Liga,37,1986,4,4,345,3.8,0,0,0,0,0,0,0,0,0.1,0.1,0.3,0.5,0,9,1,0.00,0.00,0.00,0.00,0.00,0.04,0.09,0.13,0.04,0.13,co COL,"DF,MF",San Lorenzo,Copa de la Liga,37,1986,3.8,0,3,0,0.0,0.78,0.00,0.00,0,18.2,0,0,0,0.1,0.1,0.05,-0.1,-0.1,co COL,"DF,MF",San Lorenzo,Copa de la Liga,37,1986,3.8,106,132,80.3,2051,809,41,46,89.1,46,52,88.5,15,28,53.6,0,0.3,0.0,-0.3,1,6,1,0,9,co COL,"DF,MF",San Lorenzo,Copa de la Liga,37,1986,3.8,132,125,7,7,0,3,0,0,0,0,0,0,106,0,2,co COL,"DF,MF",San Lorenzo,Copa de la Liga,37,1986,3.8,4,1.04,2,1,0,1,0,0,0,0.00,0,0,0,0,0,0,co COL,"DF,MF",San Lorenzo,Copa de la Liga,37,1986,3.8,7,5,5,2,0,1,4,25.0,3,4,3,1,3,10,13,1,co COL,"DF,MF",San Lorenzo,Copa de la Liga,37,1986,3.8,165,16,62,97,7,2,165,0,0,0,0,0,78,241,108,0,1,0,3,1,86,1,co COL,"DF,MF",San Lorenzo,Copa de la Liga,37,1986,4,345,86,27.4,3.8,4,86,3,0,0,10,0.25,2,8,-6,-1.57,-1.76,2.9,5.0,-2.1,-0.55,-0.81,co COL,"DF,MF",San Lorenzo,Copa de la Liga,37,1986,3.8,0,0,0,1,1,0,0,3,5,0,0,0,12,5,4,55.6
Felipe Sánchez,ar ARG,DF,Gimnasia–LP,Copa de la Liga,19,2004,9,8,754,8.4,3,0,3,3,0,0,1,0,0.7,0.7,0.0,0.8,2,20,2,0.36,0.00,0.36,0.36,0.36,0.09,0.00,0.09,0.09,0.09,ar ARG,DF,Gimnasia–LP,Copa de la Liga,19,2004,8.4,3,7,5,71.4,0.84,0.60,0.43,0.60,9.2,0,0,0,0.7,0.7,0.10,+2.3,+2.3,ar ARG,DF,Gimnasia–LP,Copa de la Liga,19,2004,8.4,235,311,75.6,4617,1876,86,99,86.9,109,126,86.5,37,77,48.1,0,0.0,0.1,0.0,2,21,0,0,20,ar ARG,DF,Gimnasia–LP,Copa de la Liga,19,2004,8.4,311,299,12,10,0,6,2,2,0,0,0,0,235,0,3,ar ARG,DF,Gimnasia–LP,Copa de la Liga,19,2004,8.4,5,0.60,5,0,0,0,0,0,1,0.12,1,0,0,0,0,0,ar ARG,DF,Gimnasia–LP,Copa de la Liga,19,2004,8.4,17,11,15,2,0,13,19,68.4,6,13,8,5,6,23,33,1,ar ARG,DF,Gimnasia–LP,Copa de la Liga,19,2004,8.4,390,53,181,195,19,9,390,2,1,50.0,1,50.0,142,685,332,2,0,0,3,1,170,2,ar ARG,DF,Gimnasia–LP,Copa de la Liga,19,2004,9,754,84,59.8,8.4,8,88,7,1,50,5,0.78,11,14,-3,-0.36,0.00,8.5,11.9,-3.4,-0.40,+0.13,ar ARG,DF,Gimnasia–LP,Copa de la Liga,19,2004,8.4,1,0,0,9,3,0,2,6,11,0,1,0,42,20,6,76.9
Juan Sánchez Miño,ar ARG,"DF,FW",Tigre,Copa de la Liga,34,1990,8,8,615,6.8,0,1,1,0,0,0,1,0,0.1,0.1,0.5,0.6,9,33,32,0.00,0.15,0.15,0.00,0.15,0.01,0.08,0.09,0.01,0.09,ar ARG,"DF,FW",Tigre,Copa de la Liga,34,1990,6.8,0,2,0,0.0,0.29,0.00,0.00,0,17.8,0,0,0,0.1,0.1,0.03,-0.1,-0.1,ar ARG,"DF,FW",Tigre,Copa de la Liga,34,1990,6.8,296,408,72.5,5229,2309,146,171,85.4,117,152,77.0,29,66,43.9,1,0.5,0.4,+0.5,10,32,6,3,33,ar ARG,"DF,FW",Tigre,Copa de la Liga,34,1990,6.8,408,317,89,13,0,8,19,74,2,0,2,0,296,2,9,ar ARG,"DF,FW",Tigre,Copa de la Liga,34,1990,6.8,15,2.20,11,4,0,0,0,0,1,0.15,1,0,0,0,0,0,ar ARG,"DF,FW",Tigre,Copa de la Liga,34,1990,6.8,30,20,18,11,1,18,32,56.3,14,9,2,7,4,34,7,1,ar ARG,"DF,FW",Tigre,Copa de la Liga,34,1990,6.8,484,10,140,251,97,5,484,14,7,50.0,7,50.0,224,965,566,9,5,0,8,4,260,32,ar ARG,"DF,FW",Tigre,Copa de la Liga,34,1990,8,615,77,48.8,6.8,8,77,4,0,0,0,0.13,2,14,-12,-1.76,-0.92,4.0,8.8,-4.8,-0.71,+0.04,ar ARG,"DF,FW",Tigre,Copa de la Liga,34,1990,6.8,1,0,0,4,6,0,19,4,20,0,0,0,38,4,9,30.8
Ulises Sánchez,ar ARG,"MF,FW",Belgrano,Copa de la Liga,25,1998,12,11,995,11.1,4,3,7,4,0,0,0,0,1.8,1.8,2.7,4.4,19,58,39,0.36,0.27,0.63,0.36,0.63,0.16,0.24,0.40,0.16,0.40,ar ARG,"MF,FW",Belgrano,Copa de la Liga,25,1998,11.1,4,23,7,30.4,2.08,0.63,0.17,0.57,20.1,1,0,0,1.8,1.8,0.08,+2.2,+2.2,ar ARG,"MF,FW",Belgrano,Copa de la Liga,25,1998,11.1,241,368,65.5,5095,2026,86,105,81.9,96,136,70.6,53,94,56.4,3,2.7,2.7,+0.3,22,33,14,3,58,ar ARG,"MF,FW",Belgrano,Copa de la Liga,25,1998,11.1,368,302,60,25,7,4,58,12,23,3,16,0,241,6,15,ar ARG,"MF,FW",Belgrano,Copa de la Liga,25,1998,11.1,38,3.44,19,12,3,1,3,0,6,0.54,2,3,0,0,1,0,ar ARG,"MF,FW",Belgrano,Copa de la Liga,25,1998,11.1,22,14,10,10,2,13,38,34.2,25,10,2,8,7,29,8,0,ar ARG,"MF,FW",Belgrano,Copa de la Liga,25,1998,11.1,488,21,82,232,184,21,488,46,25,54.3,18,39.1,224,1517,723,19,11,1,9,22,254,39,ar ARG,"MF,FW",Belgrano,Copa de la Liga,25,1998,12,995,83,79.0,11.1,11,86,7,1,45,0,0.92,16,15,+1,+0.09,+1.11,13.1,14.2,-1.1,-0.10,-0.09,ar ARG,"MF,FW",Belgrano,Copa de la Liga,25,1998,11.1,0,0,0,4,15,1,58,7,14,0,0,0,67,4,5,44.4
Agustín Sández,py PAR,DF,Rosario Central,Copa de la Liga,23,2001,12,11,949,10.5,0,0,0,0,0,0,5,0,0.7,0.7,0.0,0.7,11,44,25,0.00,0.00,0.00,0.00,0.00,0.06,0.00,0.07,0.06,0.07,py PAR,DF,Rosario Central,Copa de la Liga,23,2001,10.5,0,11,2,18.2,1.04,0.19,0.00,0.00,14.8,0,0,0,0.7,0.7,0.06,-0.7,-0.7,py PAR,DF,Rosario Central,Copa de la Liga,23,2001,10.5,366,496,73.8,5674,2672,196,220,89.1,144,199,72.4,20,49,40.8,0,0.0,0.1,0.0,2,26,3,1,44,py PAR,DF,Rosario Central,Copa de la Liga,23,2001,10.5,496,357,138,8,0,0,18,129,1,0,0,0,366,1,22,py PAR,DF,Rosario Central,Copa de la Liga,23,2001,10.5,6,0.57,3,3,0,0,0,0,1,0.09,1,0,0,0,0,0,py PAR,DF,Rosario Central,Copa de la Liga,23,2001,10.5,26,14,16,5,5,16,21,76.2,5,13,1,12,10,36,29,0,py PAR,DF,Rosario Central,Copa de la Liga,23,2001,10.5,612,36,209,274,132,11,612,10,5,50.0,4,40.0,259,1232,638,11,4,0,12,7,303,25,py PAR,DF,Rosario Central,Copa de la Liga,23,2001,12,949,79,75.3,10.5,11,83,8,1,36,1,1.25,8,15,-7,-0.66,-0.37,8.4,14.4,-6.0,-0.57,-0.17,py PAR,DF,Rosario Central,Copa de la Liga,23,2001,10.5,5,0,0,8,7,0,18,10,14,0,0,0,37,18,16,52.9
Nicolás Sansotre,ar ARG,DF,Deportivo Riestra,Copa de la Liga,30,1993,8,8,720,8.0,0,0,0,0,0,0,0,0,0.0,0.0,0.3,0.3,8,16,11,0.00,0.00,0.00,0.00,0.00,0.00,0.04,0.04,0.00,0.04,ar ARG,DF,Deportivo Riestra,Copa de la Liga,30,1993,8.0,0,0,0,0,0.00,0.00,0,0,0,0,0,0,0.0,0.0,0,0.0,0.0,ar ARG,DF,Deportivo Riestra,Copa de la Liga,30,1993,8.0,142,239,59.4,2493,1243,61,82,74.4,63,102,61.8,14,45,31.1,0,0.3,0.4,-0.3,4,15,4,1,16,ar ARG,DF,Deportivo Riestra,Copa de la Liga,30,1993,8.0,239,173,66,0,0,0,12,65,0,0,0,0,142,0,5,ar ARG,DF,Deportivo Riestra,Copa de la Liga,30,1993,8.0,8,1.00,5,2,1,0,0,0,0,0.00,0,0,0,0,0,0,ar ARG,DF,Deportivo Riestra,Copa de la Liga,30,1993,8.0,8,5,5,3,0,6,7,85.7,1,8,5,3,4,12,34,0,ar ARG,DF,Deportivo Riestra,Copa de la Liga,30,1993,8.0,313,44,146,110,61,4,313,6,5,83.3,0,0.0,101,528,293,8,6,0,8,0,103,11,ar ARG,DF,Deportivo Riestra,Copa de la Liga,30,1993,8,720,90,57.1,8.0,8,90,8,0,0,0,1.13,6,8,-2,-0.25,+0.75,5.5,11.1,-5.7,-0.71,+0.17,ar ARG,DF,Deportivo Riestra,Copa de la Liga,30,1993,8.0,0,0,0,3,1,0,12,4,5,0,0,0,31,7,17,29.2
Agustín Sant'Anna,uy URU,DF,River Plate,Copa de la Liga,26,1997,4,0,109,1.2,0,0,0,0,0,0,0,0,0.1,0.1,0.9,1.0,4,6,13,0.00,0.00,0.00,0.00,0.00,0.11,0.71,0.83,0.11,0.83,uy URU,DF,River Plate,Copa de la Liga,26,1997,1.2,0,4,2,50.0,3.30,1.65,0.00,0.00,22.3,0,0,0,0.1,0.1,0.03,-0.1,-0.1,uy URU,DF,River Plate,Copa de la Liga,26,1997,1.2,51,71,71.8,1052,545,15,18,83.3,29,33,87.9,7,18,38.9,0,0.9,0.5,-0.9,4,7,3,2,6,uy URU,DF,River Plate,Copa de la Liga,26,1997,1.2,71,60,11,0,0,1,10,11,0,0,0,0,51,0,2,uy URU,DF,River Plate,Copa de la Liga,26,1997,1.2,8,6.61,7,1,0,0,0,0,0,0.00,0,0,0,0,0,0,uy URU,DF,River Plate,Copa de la Liga,26,1997,1.2,2,1,1,0,1,2,4,50.0,2,2,0,2,1,3,7,0,uy URU,DF,River Plate,Copa de la Liga,26,1997,1.2,88,6,36,23,30,4,88,1,1,100.0,0,0.0,44,198,132,4,4,0,2,0,46,13,uy URU,DF,Defensa y Just,Copa de la Liga,26,1997,0,0,0,0,0,0,0,0,0,0,1,0,0,0,0,0,0,0,0,0,0,0,uy URU,DF,River Plate,Copa de la Liga,26,1997,1.2,0,0,0,0,1,0,10,1,1,0,0,0,12,1,3,25.0
Thiago Santamaría,ar ARG,DF,Arg Juniors,Copa de la Liga,20,2003,10,9,736,8.2,1,0,1,1,0,0,1,0,0.1,0.1,0.3,0.3,10,32,15,0.12,0.00,0.12,0.12,0.12,0.01,0.03,0.04,0.01,0.04,ar ARG,DF,Arg Juniors,Copa de la Liga,20,2003,8.2,1,3,1,33.3,0.37,0.12,0.33,1.00,25.8,0,0,0,0.1,0.1,0.02,+0.9,+0.9,ar ARG,DF,Arg Juniors,Copa de la Liga,20,2003,8.2,263,374,70.3,4371,1791,135,166,81.3,110,142,77.5,15,52,28.8,0,0.3,0.5,-0.3,8,25,7,5,32,ar ARG,DF,Arg Juniors,Copa de la Liga,20,2003,8.2,374,299,75,5,2,2,14,70,0,0,0,0,263,0,8,ar ARG,DF,Arg Juniors,Copa de la Liga,20,2003,8.2,12,1.45,10,0,1,0,0,1,1,0.12,0,0,1,0,0,0,ar ARG,DF,Arg Juniors,Copa de la Liga,20,2003,8.2,27,17,18,7,2,20,34,58.8,14,10,3,7,11,38,24,0,ar ARG,DF,Arg Juniors,Copa de la Liga,20,2003,8.2,489,30,173,224,94,5,489,9,3,33.3,6,66.7,186,956,536,10,7,1,20,4,221,15,ar ARG,DF,Arg Juniors,Copa de la Liga,20,2003,10,736,74,58.4,8.2,9,79,5,1,25,2,2.30,14,4,+10,+1.22,+1.05,11.5,8.6,+3.0,+0.36,+0.54,ar ARG,DF,Arg Juniors,Copa de la Liga,20,2003,8.2,1,0,0,11,9,0,14,11,17,0,0,0,42,7,10,41.2
Mariano Santiago,ar ARG,MF,Godoy Cruz,Copa de la Liga,22,2001,3,0,43,0.5,1,0,1,1,0,0,0,0,0.3,0.3,0.4,0.7,0,8,3,2.09,0.00,2.09,2.09,2.09,0.64,0.83,1.47,0.64,1.47,ar ARG,MF,Godoy Cruz,Copa de la Liga,22,2001,0.5,1,2,1,50.0,4.19,2.09,0.50,1.00,15.7,0,0,0,0.3,0.3,0.15,+0.7,+0.7,ar ARG,MF,Godoy Cruz,Copa de la Liga,22,2001,0.5,32,35,91.4,543,195,15,15,100.0,15,16,93.8,1,2,50.0,0,0.4,0.1,-0.4,3,7,2,1,8,ar ARG,MF,Godoy Cruz,Copa de la Liga,22,2001,0.5,35,35,0,0,0,0,1,0,0,0,0,0,32,0,0,ar ARG,MF,Godoy Cruz,Copa de la Liga,22,2001,0.5,6,12.56,5,0,1,0,0,0,0,0.00,0,0,0,0,0,0,ar ARG,MF,Godoy Cruz,Copa de la Liga,22,2001,0.5,1,0,0,1,0,0,1,0.0,1,0,0,0,0,1,0,0,ar ARG,MF,Godoy Cruz,Copa de la Liga,22,2001,0.5,41,0,2,25,14,1,41,2,2,100.0,0,0.0,29,124,41,0,0,0,2,0,32,3,ar ARG,MF,Godoy Cruz,Copa de la Liga,22,2001,3,43,14,3.4,0.5,0,0,0,3,14,2,1.50,1,0,+1,+2.09,+1.43,1.8,0.1,+1.7,+3.51,+3.31,ar ARG,MF,Godoy Cruz,Copa de la Liga,22,2001,0.5,0,0,0,0,0,0,1,0,0,0,0,0,4,0,0,0
Marcelo Saracchi,uy URU,DF,Boca Juniors,Copa de la Liga,25,1998,4,2,209,2.3,0,0,0,0,0,0,1,0,0.0,0.0,0.0,0.0,4,11,16,0.00,0.00,0.00,0.00,0.00,0.02,0.00,0.02,0.02,0.02,uy URU,DF,Boca Juniors,Copa de la Liga,25,1998,2.3,0,1,1,100.0,0.43,0.43,0.00,0.00,18.8,0,0,0,0.0,0.0,0.05,0.0,0.0,uy URU,DF,Boca Juniors,Copa de la Liga,25,1998,2.3,104,144,72.2,1871,465,53,64,82.8,33,44,75.0,14,23,60.9,0,0.0,0.1,0.0,0,6,2,2,11,uy URU,DF,Boca Juniors,Copa de la Liga,25,1998,2.3,144,122,22,2,0,2,11,20,0,0,0,0,104,0,7,uy URU,DF,Boca Juniors,Copa de la Liga,25,1998,2.3,1,0.43,1,0,0,0,0,0,0,0.00,0,0,0,0,0,0,uy URU,DF,Boca Juniors,Copa de la Liga,25,1998,2.3,2,2,1,1,0,1,5,20.0,4,4,0,4,5,7,12,0,uy URU,DF,Boca Juniors,Copa de la Liga,25,1998,2.3,170,10,60,61,51,1,170,2,1,50.0,1,50.0,75,398,182,4,6,0,2,2,90,16,uy URU,DF,Boca Juniors,Copa de la Liga,25,1998,4,209,52,16.6,2.3,2,87,1,2,18,8,2.25,2,3,-1,-0.43,-1.20,2.0,2.4,-0.4,-0.17,-0.96,uy URU,DF,Boca Juniors,Copa de la Liga,25,1998,2.3,1,0,0,4,2,0,11,5,2,0,0,0,15,2,1,66.7
Jabes Saralegui,ar ARG,MF,Boca Juniors,Copa de la Liga,21,2003,12,4,431,4.8,0,0,0,0,0,0,0,0,0.4,0.4,0.7,1.1,6,19,22,0.00,0.00,0.00,0.00,0.00,0.09,0.14,0.23,0.09,0.23,ar ARG,MF,Boca Juniors,Copa de la Liga,21,2003,4.8,0,7,2,28.6,1.46,0.42,0.00,0.00,23.9,0,0,0,0.4,0.4,0.06,-0.4,-0.4,ar ARG,MF,Boca Juniors,Copa de la Liga,21,2003,4.8,143,201,71.1,2633,713,68,89,76.4,49,67,73.1,23,32,71.9,0,0.7,0.4,-0.7,7,10,4,2,19,ar ARG,MF,Boca Juniors,Copa de la Liga,21,2003,4.8,201,187,13,5,0,2,16,3,5,0,4,0,143,1,4,ar ARG,MF,Boca Juniors,Copa de la Liga,21,2003,4.8,17,3.54,12,2,1,1,1,0,1,0.21,1,0,0,0,0,0,ar ARG,MF,Boca Juniors,Copa de la Liga,21,2003,4.8,6,3,3,2,1,1,8,12.5,7,7,1,6,4,10,7,0,ar ARG,MF,Boca Juniors,Copa de la Liga,21,2003,4.8,254,5,34,142,79,6,254,11,5,45.5,6,54.5,129,595,340,6,3,1,11,2,172,22,ar ARG,MF,Boca Juniors,Copa de la Liga,21,2003,12,431,36,34.2,4.8,4,56,0,8,26,2,2.08,5,5,0,0.00,-0.87,4.9,3.6,+1.3,+0.27,-0.55,ar ARG,MF,Boca Juniors,Copa de la Liga,21,2003,4.8,0,0,0,4,5,0,16,4,3,0,0,0,22,2,3,40.0
Rodrigo Saravia,uy URU,MF,Gimnasia–LP,Copa de la Liga,23,2000,12,11,930,10.3,1,0,1,1,0,0,2,0,0.5,0.5,0.1,0.6,5,38,16,0.10,0.00,0.10,0.10,0.10,0.05,0.01,0.06,0.05,0.06,uy URU,MF,Gimnasia–LP,Copa de la Liga,23,2000,10.3,1,11,1,9.1,1.06,0.10,0.09,1.00,28.3,0,0,0,0.5,0.5,0.05,+0.5,+0.5,uy URU,MF,Gimnasia–LP,Copa de la Liga,23,2000,10.3,305,371,82.2,5179,1535,146,170,85.9,111,129,86.0,34,48,70.8,0,0.1,0.2,-0.1,4,26,2,0,38,uy URU,MF,Gimnasia–LP,Copa de la Liga,23,2000,10.3,371,356,14,11,1,3,1,1,0,0,0,0,305,1,6,uy URU,MF,Gimnasia–LP,Copa de la Liga,23,2000,10.3,14,1.36,13,0,0,1,0,0,0,0.00,0,0,0,0,0,0,uy URU,MF,Gimnasia–LP,Copa de la Liga,23,2000,10.3,15,6,5,10,0,7,23,30.4,16,11,2,9,7,22,10,0,uy URU,MF,Gimnasia–LP,Copa de la Liga,23,2000,10.3,455,16,92,287,82,6,455,13,5,38.5,7,53.8,202,906,396,5,6,1,14,11,244,16,uy URU,MF,Gimnasia–LP,Copa de la Liga,23,2000,12,930,78,73.8,10.3,11,82,7,1,26,1,0.83,12,17,-5,-0.48,-0.48,10.4,14.5,-4.2,-0.40,+0.21,uy URU,MF,Gimnasia–LP,Copa de la Liga,23,2000,10.3,2,0,0,13,7,0,1,7,6,0,0,0,83,12,9,57.1
Alejo Sarco,ar ARG,FW,Vélez Sarsfield,Copa de la Liga,18,2006,2,0,38,0.4,0,0,0,0,0,0,0,0,0.3,0.3,0.1,0.4,1,0,3,0.00,0.00,0.00,0.00,0.00,0.63,0.26,0.89,0.63,0.89,ar ARG,FW,Vélez Sarsfield,Copa de la Liga,18,2006,0.4,0,2,1,50.0,4.74,2.37,0.00,0.00,12.3,0,0,0,0.3,0.3,0.13,-0.3,-0.3,ar ARG,FW,Vélez Sarsfield,Copa de la Liga,18,2006,0.4,8,12,66.7,99,9,4,5,80.0,3,3,100.0,0,1,0.0,0,0.1,0.0,-0.1,3,1,0,0,0,ar ARG,FW,Vélez Sarsfield,Copa de la Liga,18,2006,0.4,12,11,0,0,0,0,0,0,0,0,0,0,8,1,1,ar ARG,FW,Vélez Sarsfield,Copa de la Liga,18,2006,0.4,3,7.11,3,0,0,0,0,0,0,0.00,0,0,0,0,0,0,ar ARG,FW,Vélez Sarsfield,Copa de la Liga,18,2006,0.4,0,0,0,0,0,0,0,0,0,1,0,1,0,0,0,0,ar ARG,FW,Vélez Sarsfield,Copa de la Liga,18,2006,0.4,21,0,3,10,10,5,21,3,1,33.3,2,66.7,14,56,25,1,0,1,2,1,14,3,ar ARG,FW,Vélez Sarsfield,Copa de la Liga,18,2006,2,38,19,3.0,0.4,0,0,0,2,19,5,1.75,0,0,0,0.00,-0.07,0.7,0.2,+0.5,+1.09,+0.76,ar ARG,FW,Vélez Sarsfield,Copa de la Liga,18,2006,0.4,0,0,0,3,0,0,0,0,0,0,0,0,1,1,1,50.0
Fabrizio Sartori,ar ARG,FW,Ind. Rivadavia,Copa de la Liga,21,2002,4,1,105,1.2,1,0,1,1,0,0,0,0,0.0,0.0,0.1,0.1,2,1,7,0.86,0.00,0.86,0.86,0.86,0.02,0.06,0.09,0.02,0.09,ar ARG,FW,Ind. Rivadavia,Copa de la Liga,21,2002,1.2,1,2,1,50.0,1.71,0.86,0.50,1.00,19.6,0,0,0,0.0,0.0,0.01,+1.0,+1.0,ar ARG,FW,Ind. Rivadavia,Copa de la Liga,21,2002,1.2,21,29,72.4,252,24,12,15,80.0,7,10,70.0,0,0,0,0,0.1,0.0,-0.1,1,1,0,0,1,ar ARG,FW,Ind. Rivadavia,Copa de la Liga,21,2002,1.2,29,29,0,0,0,0,2,0,0,0,0,0,21,0,2,ar ARG,FW,Ind. Rivadavia,Copa de la Liga,21,2002,1.2,3,2.57,2,0,1,0,0,0,0,0.00,0,0,0,0,0,0,ar ARG,FW,Ind. Rivadavia,Copa de la Liga,21,2002,1.2,2,1,0,0,2,1,1,100.0,0,3,0,3,0,2,0,0,ar ARG,FW,Ind. Rivadavia,Copa de la Liga,21,2002,1.2,48,0,0,24,24,3,48,4,1,25.0,3,75.0,25,148,20,2,1,1,6,0,38,7,ar ARG,FW,Ind. Rivadavia,Copa de la Liga,21,2002,4,105,26,8.3,1.2,1,58,0,3,16,1,0.50,3,2,+1,+0.86,+1.87,0.5,2.5,-2.0,-1.68,-1.12,ar ARG,FW,Ind. Rivadavia,Copa de la Liga,21,2002,1.2,0,0,0,4,0,1,2,0,1,0,0,0,6,1,0,100.0
Benjamín Schamine,ar ARG,"MF,FW",Defensa y Just,Copa de la Liga,20,2003,5,0,31,0.3,0,0,0,0,0,0,0,1,0.0,0.0,0.0,0.0,0,0,1,0.00,0.00,0.00,0.00,0.00,0.08,0.00,0.08,0.08,0.08,ar ARG,"MF,FW",Defensa y Just,Copa de la Liga,20,2003,0.3,0,1,0,0.0,2.90,0.00,0.00,0,21.7,0,0,0,0.0,0.0,0.03,0.0,0.0,ar ARG,"MF,FW",Defensa y Just,Copa de la Liga,20,2003,0.3,2,7,28.6,50,7,0,2,0.0,1,3,33.3,1,1,100.0,0,0.0,0.0,0.0,0,0,0,0,0,ar ARG,"MF,FW",Defensa y Just,Copa de la Liga,20,2003,0.3,7,7,0,0,0,0,0,0,0,0,0,0,2,0,2,ar ARG,"MF,FW",Defensa y Just,Copa de la Liga,20,2003,0.3,0,0.00,0,0,0,0,0,0,0,0.00,0,0,0,0,0,0,ar ARG,"MF,FW",Defensa y Just,Copa de la Liga,20,2003,0.3,0,0,0,0,0,0,2,0.0,2,0,0,0,0,0,1,0,ar ARG,"MF,FW",Defensa y Just,Copa de la Liga,20,2003,0.3,11,1,5,1,5,1,11,0,0,0,0,0,3,13,4,0,0,0,1,1,6,1,ar ARG,"MF,FW",Defensa y Just,Copa de la Liga,20,2003,5,31,6,2.5,0.3,0,0,0,5,6,7,2.20,0,0,0,0.00,-0.29,0.7,0.1,+0.6,+1.63,+1.71,ar ARG,"MF,FW",Defensa y Just,Copa de la Liga,20,2003,0.3,0,1,0,3,0,0,0,0,0,0,0,0,2,2,0,100.0
Nicolás Schiappacasse,uy URU,FW,Belgrano,Copa de la Liga,25,1999,1,0,21,0.2,0,0,0,0,0,0,0,0,0.0,0.0,0.0,0.0,0,1,2,0.00,0.00,0.00,0.00,0.00,0.00,0.00,0.00,0.00,0.00,uy URU,FW,Belgrano,Copa de la Liga,25,1999,0.2,0,0,0,0,0.00,0.00,0,0,0,0,0,0,0.0,0.0,0,0.0,0.0,uy URU,FW,Belgrano,Copa de la Liga,25,1999,0.2,4,7,57.1,43,13,3,4,75.0,1,2,50.0,0,1,0.0,0,0.0,0.0,0.0,0,0,0,0,1,uy URU,FW,Belgrano,Copa de la Liga,25,1999,0.2,7,7,0,0,0,0,0,0,0,0,0,0,4,0,0,uy URU,FW,Belgrano,Copa de la Liga,25,1999,0.2,0,0.00,0,0,0,0,0,0,0,0.00,0,0,0,0,0,0,uy URU,FW,Belgrano,Copa de la Liga,25,1999,0.2,0,0,0,0,0,0,2,0.0,2,0,0,0,0,0,0,0,uy URU,FW,Belgrano,Copa de la Liga,25,1999,0.2,11,0,1,4,6,2,11,1,0,0.0,1,100.0,9,55,0,0,0,0,3,1,12,2,uy URU,FW,Belgrano,Copa de la Liga,25,1999,1,21,21,1.7,0.2,0,0,0,1,21,3,3.00,1,0,+1,+4.29,+4.50,0.3,0.1,+0.2,+0.70,+0.79,uy URU,FW,Belgrano,Copa de la Liga,25,1999,0.2,0,0,0,0,1,0,0,0,0,0,0,0,0,0,0,0
Ignacio Schor,ar ARG,"FW,MF",Newell's OB,Copa de la Liga,23,2000,8,2,277,3.1,0,0,0,0,0,0,1,0,0.2,0.2,0.0,0.2,9,8,29,0.00,0.00,0.00,0.00,0.00,0.07,0.00,0.07,0.07,0.07,ar ARG,"FW,MF",Newell's OB,Copa de la Liga,23,2000,3.1,0,5,2,40.0,1.62,0.65,0.00,0.00,14.5,0,0,0,0.2,0.2,0.04,-0.2,-0.2,ar ARG,"FW,MF",Newell's OB,Copa de la Liga,23,2000,3.1,62,89,69.7,892,316,40,44,90.9,14,19,73.7,4,10,40.0,0,0.0,0.1,0.0,0,6,3,0,8,ar ARG,"FW,MF",Newell's OB,Copa de la Liga,23,2000,3.1,89,88,1,0,0,0,10,0,1,1,0,0,62,0,9,ar ARG,"FW,MF",Newell's OB,Copa de la Liga,23,2000,3.1,5,1.62,3,0,2,0,0,0,0,0.00,0,0,0,0,0,0,ar ARG,"FW,MF",Newell's OB,Copa de la Liga,23,2000,3.1,7,5,2,2,3,2,7,28.6,5,9,1,8,5,12,7,0,ar ARG,"FW,MF",Newell's OB,Copa de la Liga,23,2000,3.1,141,5,30,45,70,7,141,11,7,63.6,3,27.3,81,585,299,9,10,4,10,1,84,29,ar ARG,"FW,MF",Newell's OB,Copa de la Liga,23,2000,8,277,35,22.0,3.1,2,58,0,6,27,4,2.13,1,1,0,0.00,+0.18,1.8,2.2,-0.4,-0.12,-0.13,ar ARG,"FW,MF",Newell's OB,Copa de la Liga,23,2000,3.1,1,0,0,6,4,1,10,5,5,0,0,0,13,3,7,30.0
Augusto Schott,ar ARG,"DF,MF",Newell's OB,Copa de la Liga,24,2000,4,1,116,1.3,0,0,0,0,0,0,1,0,0.0,0.0,0.2,0.2,3,1,6,0.00,0.00,0.00,0.00,0.00,0.00,0.19,0.19,0.00,0.19,ar ARG,"DF,MF",Newell's OB,Copa de la Liga,24,2000,1.3,0,0,0,0,0.00,0.00,0,0,0,0,0,0,0.0,0.0,0,0.0,0.0,ar ARG,"DF,MF",Newell's OB,Copa de la Liga,24,2000,1.3,34,45,75.6,529,289,21,26,80.8,10,13,76.9,3,4,75.0,0,0.2,0.3,-0.2,2,0,1,1,1,ar ARG,"DF,MF",Newell's OB,Copa de la Liga,24,2000,1.3,45,31,14,0,0,0,2,14,0,0,0,0,34,0,0,ar ARG,"DF,MF",Newell's OB,Copa de la Liga,24,2000,1.3,3,2.33,3,0,0,0,0,0,0,0.00,0,0,0,0,0,0,ar ARG,"DF,MF",Newell's OB,Copa de la Liga,24,2000,1.3,1,1,0,1,0,0,1,0.0,1,2,1,1,1,2,1,0,ar ARG,"DF,MF",Newell's OB,Copa de la Liga,24,2000,1.3,57,4,25,16,16,0,57,1,0,0.0,1,100.0,20,127,54,3,2,0,1,1,21,6,ar ARG,"DF,MF",Newell's OB,Copa de la Liga,24,2000,4,116,29,9.2,1.3,1,90,1,3,9,7,1.50,0,1,-1,-0.78,-0.70,1.2,2.7,-1.5,-1.13,-1.23,ar ARG,"DF,MF",Newell's OB,Copa de la Liga,24,2000,1.3,1,0,0,4,0,1,2,1,1,0,0,0,5,2,2,50.0
Bruno Sepúlveda,ar ARG,"FW,MF",Banfield,Copa de la Liga,31,1992,13,8,703,7.8,2,4,6,2,0,0,2,0,3.2,3.2,1.2,4.4,5,17,44,0.26,0.51,0.77,0.26,0.77,0.41,0.16,0.57,0.41,0.57,ar ARG,"FW,MF",Banfield,Copa de la Liga,31,1992,7.8,2,24,5,20.8,3.07,0.64,0.08,0.40,12.3,0,0,0,3.2,3.2,0.13,-1.2,-1.2,ar ARG,"FW,MF",Banfield,Copa de la Liga,31,1992,7.8,105,166,63.3,1533,327,59,84,70.2,38,58,65.5,5,9,55.6,4,1.2,0.8,+2.8,11,10,5,1,17,ar ARG,"FW,MF",Banfield,Copa de la Liga,31,1992,7.8,166,161,5,1,0,1,5,0,0,0,0,0,105,0,4,ar ARG,"FW,MF",Banfield,Copa de la Liga,31,1992,7.8,20,2.56,14,0,1,4,1,0,7,0.89,4,0,1,2,0,0,ar ARG,"FW,MF",Banfield,Copa de la Liga,31,1992,7.8,8,6,3,2,3,4,9,44.4,5,6,0,6,2,10,4,0,ar ARG,"FW,MF",Banfield,Copa de la Liga,31,1992,7.8,260,3,14,111,138,41,260,10,8,80.0,2,20.0,155,716,165,5,7,2,26,14,196,44,ar ARG,"FW,MF",Banfield,Copa de la Liga,31,1992,13,703,54,55.8,7.8,8,77,2,5,18,1,1.23,11,10,+1,+0.13,+0.45,8.6,9.6,-1.0,-0.12,+0.06,ar ARG,"FW,MF",Banfield,Copa de la Liga,31,1992,7.8,2,0,0,11,11,6,5,2,6,0,0,0,22,35,37,48.6
Luis Sequeira,ar ARG,MF,Talleres,Copa de la Liga,21,2003,4,1,121,1.3,0,0,0,0,0,0,0,0,0.2,0.2,0.2,0.4,7,13,7,0.00,0.00,0.00,0.00,0.00,0.16,0.14,0.30,0.16,0.30,ar ARG,MF,Talleres,Copa de la Liga,21,2003,1.3,0,5,1,20.0,3.72,0.74,0.00,0.00,22.9,0,0,0,0.2,0.2,0.04,-0.2,-0.2,ar ARG,MF,Talleres,Copa de la Liga,21,2003,1.3,66,100,66.0,1230,440,32,39,82.1,28,40,70.0,6,18,33.3,0,0.2,0.3,-0.2,3,13,2,2,13,ar ARG,MF,Talleres,Copa de la Liga,21,2003,1.3,100,86,14,9,1,1,15,1,4,3,1,0,66,0,1,ar ARG,MF,Talleres,Copa de la Liga,21,2003,1.3,11,8.18,9,1,0,1,0,0,1,0.74,1,0,0,0,0,0,ar ARG,MF,Talleres,Copa de la Liga,21,2003,1.3,3,1,0,3,0,2,6,33.3,4,5,0,5,0,3,1,0,ar ARG,MF,Talleres,Copa de la Liga,21,2003,1.3,119,1,6,61,52,5,119,4,3,75.0,1,25.0,65,407,226,7,3,1,4,0,80,7,ar ARG,MF,Talleres,Copa de la Liga,21,2003,4,121,30,9.6,1.3,1,71,0,3,17,5,1.00,3,1,+2,+1.49,+1.01,1.8,1.1,+0.7,+0.54,+0.09,ar ARG,MF,Talleres,Copa de la Liga,21,2003,1.3,0,0,0,3,1,0,15,0,1,0,0,0,5,0,2,0.0
Tiago Serrago,ar ARG,DF,Defensa y Just,Copa de la Liga,19,2004,1,0,1,0.0,0,0,0,0,0,0,0,0,0.0,0.0,0.0,0.0,0,0,0,0.00,0.00,0.00,0.00,0.00,0.00,0.00,0.00,0.00,0.00,ar ARG,DF,Defensa y Just,Copa de la Liga,19,2004,0.0,0,0,0,0,0.00,0.00,0,0,0,0,0,0,0.0,0.0,0,0.0,0.0,ar ARG,DF,Defensa y Just,Copa de la Liga,19,2004,0.0,0,0,0,0,0,0,0,0,0,0,0,0,0,0,0,0.0,0.0,0.0,0,0,0,0,0,ar ARG,DF,Defensa y Just,Copa de la Liga,19,2004,0.0,0,0,0,0,0,0,0,0,0,0,0,0,0,0,0,ar ARG,DF,Defensa y Just,Copa de la Liga,19,2004,0.0,0,0.00,0,0,0,0,0,0,0,0.00,0,0,0,0,0,0,ar ARG,DF,Defensa y Just,Copa de la Liga,19,2004,0.0,0,0,0,0,0,0,0,0,0,0,0,0,0,0,0,0,ar ARG,DF,Defensa y Just,Copa de la Liga,19,2004,0.0,0,0,0,0,0,0,0,0,0,0,0,0,0,0,0,0,0,0,0,0,0,0,ar ARG,DF,Defensa y Just,Copa de la Liga,19,2004,1,1,1,0.1,0.0,0,0,0,1,1,4,1.00,0,0,0,0.00,-0.29,0.0,0.0,0.0,0.00,+0.04,ar ARG,DF,Defensa y Just,Copa de la Liga,19,2004,0.0,0,0,0,0,0,0,0,0,0,0,0,0,0,0,0,0
Nicolás Servetto,ar ARG,FW,Atlé Tucumán,Copa de la Liga,27,1996,10,1,175,1.9,0,0,0,0,0,0,0,0,0.2,0.2,0.5,0.6,0,2,13,0.00,0.00,0.00,0.00,0.00,0.08,0.23,0.31,0.08,0.31,ar ARG,FW,Atlé Tucumán,Copa de la Liga,27,1996,1.9,0,5,2,40.0,2.57,1.03,0.00,0.00,17.9,0,0,0,0.2,0.2,0.03,-0.2,-0.2,ar ARG,FW,Atlé Tucumán,Copa de la Liga,27,1996,1.9,34,64,53.1,439,55,21,35,60.0,11,20,55.0,0,2,0.0,0,0.5,0.4,-0.5,3,0,1,0,2,ar ARG,FW,Atlé Tucumán,Copa de la Liga,27,1996,1.9,64,61,3,0,1,0,1,0,0,0,0,0,34,0,2,ar ARG,FW,Atlé Tucumán,Copa de la Liga,27,1996,1.9,5,2.59,3,0,0,0,2,0,0,0.00,0,0,0,0,0,0,ar ARG,FW,Atlé Tucumán,Copa de la Liga,27,1996,1.9,1,1,0,1,0,0,3,0.0,3,3,0,3,0,1,4,0,ar ARG,FW,Atlé Tucumán,Copa de la Liga,27,1996,1.9,97,3,9,44,44,12,97,0,0,0,0,0,53,193,76,0,3,0,11,7,72,13,ar ARG,FW,Atlé Tucumán,Copa de la Liga,27,1996,10,175,18,13.9,1.9,1,53,0,9,14,3,0.50,0,4,-4,-2.06,-1.14,2.0,3.6,-1.6,-0.82,-0.79,ar ARG,FW,Atlé Tucumán,Copa de la Liga,27,1996,1.9,0,0,0,2,6,1,1,0,1,0,0,0,8,10,18,35.7
Leonardo Sigali,ar ARG,DF,Racing Club,Copa de la Liga,36,1987,2,2,117,1.3,0,0,0,0,0,0,0,0,0.0,0.0,0.0,0.0,0,2,0,0.00,0.00,0.00,0.00,0.00,0.04,0.00,0.04,0.04,0.04,ar ARG,DF,Racing Club,Copa de la Liga,36,1987,1.3,0,1,0,0.0,0.77,0.00,0.00,0,13.5,0,0,0,0.0,0.0,0.05,0.0,0.0,ar ARG,DF,Racing Club,Copa de la Liga,36,1987,1.3,31,48,64.6,700,318,7,7,100.0,19,26,73.1,5,14,35.7,0,0.0,0.0,0.0,0,3,0,0,2,ar ARG,DF,Racing Club,Copa de la Liga,36,1987,1.3,48,47,1,1,0,0,0,0,0,0,0,0,31,0,0,ar ARG,DF,Racing Club,Copa de la Liga,36,1987,1.3,0,0.00,0,0,0,0,0,0,0,0.00,0,0,0,0,0,0,ar ARG,DF,Racing Club,Copa de la Liga,36,1987,1.3,3,1,3,0,0,2,2,100.0,0,1,0,1,2,5,2,0,ar ARG,DF,Racing Club,Copa de la Liga,36,1987,1.3,58,3,32,24,2,2,58,0,0,0,0,0,25,80,22,0,0,0,0,0,26,0,ar ARG,DF,Racing Club,Copa de la Liga,36,1987,2,117,59,9.3,1.3,2,59,0,0,0,4,0.50,0,2,-2,-1.54,-2.72,1.5,1.7,-0.2,-0.19,-0.69,ar ARG,DF,Racing Club,Copa de la Liga,36,1987,1.3,0,0,0,1,0,0,0,2,1,0,0,0,7,4,1,80.0
Pablo Siles,uy URU,"MF,FW",Huracán,Copa de la Liga,26,1997,3,0,59,0.7,0,0,0,0,0,0,2,0,0.0,0.0,0.0,0.0,0,4,1,0.00,0.00,0.00,0.00,0.00,0.00,0.00,0.00,0.00,0.00,uy URU,"MF,FW",Huracán,Copa de la Liga,26,1997,0.7,0,0,0,0,0.00,0.00,0,0,0,0,0,0,0.0,0.0,0,0.0,0.0,uy URU,"MF,FW",Huracán,Copa de la Liga,26,1997,0.7,23,28,82.1,349,125,11,12,91.7,7,8,87.5,2,3,66.7,0,0.0,0.0,0.0,0,1,2,0,4,uy URU,"MF,FW",Huracán,Copa de la Liga,26,1997,0.7,28,27,1,1,0,0,0,0,0,0,0,0,23,0,1,uy URU,"MF,FW",Huracán,Copa de la Liga,26,1997,0.7,0,0.00,0,0,0,0,0,0,0,0.00,0,0,0,0,0,0,uy URU,"MF,FW",Huracán,Copa de la Liga,26,1997,0.7,1,1,0,1,0,1,3,33.3,2,1,0,1,2,3,1,0,uy URU,"MF,FW",Huracán,Copa de la Liga,26,1997,0.7,36,1,5,25,6,1,36,0,0,0,0,0,17,60,23,0,0,0,2,0,22,1,uy URU,"MF,FW",Huracán,Copa de la Liga,26,1997,3,59,20,4.7,0.7,0,0,0,3,20,6,1.00,0,2,-2,-3.05,-3.20,0.3,1.3,-1.0,-1.50,-1.29,uy URU,"MF,FW",Huracán,Copa de la Liga,26,1997,0.7,2,0,0,7,2,0,0,2,1,0,0,0,1,0,3,0.0
Santiago Simón,ar ARG,"MF,FW",River Plate,Copa de la Liga,21,2002,4,3,228,2.5,0,0,0,0,0,0,1,0,0.1,0.1,0.3,0.3,6,34,28,0.00,0.00,0.00,0.00,0.00,0.02,0.11,0.13,0.02,0.13,ar ARG,"MF,FW",River Plate,Copa de la Liga,21,2002,2.5,0,3,1,33.3,1.18,0.39,0.00,0.00,27.3,0,0,0,0.1,0.1,0.02,-0.1,-0.1,ar ARG,"MF,FW",River Plate,Copa de la Liga,21,2002,2.5,144,176,81.8,2298,661,70,83,84.3,63,74,85.1,7,9,77.8,0,0.3,0.3,-0.3,10,22,5,0,34,ar ARG,"MF,FW",River Plate,Copa de la Liga,21,2002,2.5,176,170,5,1,0,1,6,3,1,0,0,0,144,1,5,ar ARG,"MF,FW",River Plate,Copa de la Liga,21,2002,2.5,15,5.92,13,1,0,0,0,1,0,0.00,0,0,0,0,0,0,ar ARG,"MF,FW",River Plate,Copa de la Liga,21,2002,2.5,7,4,2,5,0,4,6,66.7,2,3,0,3,1,8,0,0,ar ARG,"MF,FW",River Plate,Copa de la Liga,21,2002,2.5,206,0,14,118,76,1,206,10,4,40.0,6,60.0,122,647,357,6,5,1,6,1,154,28,ar ARG,"MF,FW",River Plate,Copa de la Liga,21,2002,4,228,57,18.1,2.5,3,70,1,1,17,1,1.40,1,3,-2,-0.79,-2.36,3.6,1.4,+2.2,+0.86,-0.14,ar ARG,"MF,FW",River Plate,Copa de la Liga,21,2002,2.5,1,0,0,4,1,0,6,1,4,0,0,0,16,2,0,100.0
Pablo Solari,ar ARG,"FW,MF",River Plate,Copa de la Liga,22,2001,9,6,535,5.9,3,2,5,3,0,0,0,0,3.6,3.6,2.4,6.0,33,16,94,0.50,0.34,0.84,0.50,0.84,0.59,0.41,1.00,0.59,1.00,ar ARG,"FW,MF",River Plate,Copa de la Liga,22,2001,5.9,3,33,13,39.4,5.55,2.19,0.09,0.23,16.4,0,0,0,3.6,3.6,0.11,-0.6,-0.6,ar ARG,"FW,MF",River Plate,Copa de la Liga,22,2001,5.9,101,177,57.1,1419,510,61,84,72.6,28,53,52.8,5,12,41.7,2,2.4,1.7,-0.4,14,2,13,6,16,ar ARG,"FW,MF",River Plate,Copa de la Liga,22,2001,5.9,177,170,6,0,0,0,40,5,0,0,0,0,101,1,12,ar ARG,"FW,MF",River Plate,Copa de la Liga,22,2001,5.9,32,5.36,19,0,8,4,0,1,4,0.67,3,0,0,1,0,0,ar ARG,"FW,MF",River Plate,Copa de la Liga,22,2001,5.9,7,4,3,2,2,4,10,40.0,6,4,1,3,0,7,4,0,ar ARG,"FW,MF",River Plate,Copa de la Liga,22,2001,5.9,285,3,12,65,212,53,285,39,17,43.6,21,53.8,185,1102,620,33,11,17,25,4,210,94,ar ARG,"FW,MF",River Plate,Copa de la Liga,22,2001,9,535,59,42.5,5.9,6,70,0,3,38,0,1.60,12,6,+6,+1.01,-0.23,12.3,3.6,+8.8,+1.47,+0.87,ar ARG,"FW,MF",River Plate,Copa de la Liga,22,2001,5.9,0,0,0,4,2,3,40,0,4,0,0,0,14,6,7,46.2
Santiago Solari,ar ARG,"DF,FW",Racing Club,Copa de la Liga,26,1998,13,10,740,8.2,1,4,5,1,0,0,1,0,1.7,1.7,1.3,3.0,27,21,87,0.12,0.49,0.61,0.12,0.61,0.20,0.16,0.36,0.20,0.36,ar ARG,"DF,FW",Racing Club,Copa de la Liga,26,1998,8.2,1,27,7,25.9,3.28,0.85,0.04,0.14,19.9,0,0,0,1.7,1.7,0.06,-0.7,-0.7,ar ARG,"DF,FW",Racing Club,Copa de la Liga,26,1998,8.2,150,240,62.5,2293,617,86,109,78.9,45,70,64.3,11,30,36.7,4,1.3,0.9,+2.7,7,8,7,2,21,ar ARG,"DF,FW",Racing Club,Copa de la Liga,26,1998,8.2,240,220,20,1,3,0,34,11,7,0,0,0,150,0,12,ar ARG,"DF,FW",Racing Club,Copa de la Liga,26,1998,8.2,31,3.77,14,2,8,3,4,0,7,0.85,4,0,3,0,0,0,ar ARG,"DF,FW",Racing Club,Copa de la Liga,26,1998,8.2,13,6,3,8,2,5,10,50.0,5,11,2,9,1,14,5,0,ar ARG,"DF,FW",Racing Club,Copa de la Liga,26,1998,8.2,345,5,39,118,193,50,345,32,14,43.8,14,43.8,194,1255,549,27,11,14,18,12,219,87,ar ARG,"DF,FW",Racing Club,Copa de la Liga,26,1998,13,740,57,58.7,8.2,10,66,0,3,27,1,1.85,14,4,+10,+1.22,+0.70,11.5,7.8,+3.7,+0.45,+0.05,ar ARG,"DF,FW",Racing Club,Copa de la Liga,26,1998,8.2,1,0,0,8,8,3,34,1,6,0,0,0,36,9,14,39.1
Julio Soler,ar ARG,DF,Lanús,Copa de la Liga,18,2005,12,11,980,10.9,0,1,1,0,0,0,2,0,0.3,0.3,0.9,1.2,33,37,38,0.00,0.09,0.09,0.00,0.09,0.03,0.08,0.11,0.03,0.11,ar ARG,DF,Lanús,Copa de la Liga,18,2005,10.9,0,5,2,40.0,0.46,0.18,0.00,0.00,21.7,0,0,0,0.3,0.3,0.06,-0.3,-0.3,ar ARG,DF,Lanús,Copa de la Liga,18,2005,10.9,367,478,76.8,5946,2498,193,212,91.0,131,171,76.6,30,66,45.5,1,0.9,0.6,+0.1,10,24,12,6,37,ar ARG,DF,Lanús,Copa de la Liga,18,2005,10.9,478,387,90,12,0,6,39,77,1,0,1,0,367,1,11,ar ARG,DF,Lanús,Copa de la Liga,18,2005,10.9,23,2.11,20,1,0,1,1,0,4,0.37,4,0,0,0,0,0,ar ARG,DF,Lanús,Copa de la Liga,18,2005,10.9,19,8,10,6,3,5,12,41.7,7,8,1,7,12,31,29,0,ar ARG,DF,Lanús,Copa de la Liga,18,2005,10.9,616,32,193,293,139,8,616,35,12,34.3,17,48.6,301,1959,1236,33,23,3,28,6,316,38,ar ARG,DF,Lanús,Copa de la Liga,18,2005,12,980,82,77.8,10.9,11,89,10,1,1,2,1.92,18,11,+7,+0.64,+0.96,15.0,9.9,+5.1,+0.47,+0.20,ar ARG,DF,Lanús,Copa de la Liga,18,2005,10.9,2,0,0,8,24,0,39,12,8,0,0,0,79,9,10,47.4
Alan Soñora,us USA,"MF,FW",Huracán,Copa de la Liga,25,1998,7,4,303,3.4,0,1,1,0,0,0,1,0,0.3,0.3,0.4,0.7,9,21,15,0.00,0.30,0.30,0.00,0.30,0.08,0.13,0.20,0.08,0.20,us USA,"MF,FW",Huracán,Copa de la Liga,25,1998,3.4,0,3,1,33.3,0.89,0.30,0.00,0.00,27.4,0,0,0,0.3,0.3,0.09,-0.3,-0.3,us USA,"MF,FW",Huracán,Copa de la Liga,25,1998,3.4,141,176,80.1,2353,826,78,87,89.7,50,61,82.0,12,22,54.5,1,0.4,0.4,+0.6,12,20,1,0,21,us USA,"MF,FW",Huracán,Copa de la Liga,25,1998,3.4,176,159,17,5,1,0,12,1,7,3,3,0,141,0,2,us USA,"MF,FW",Huracán,Copa de la Liga,25,1998,3.4,18,5.36,11,7,0,0,0,0,1,0.30,0,1,0,0,0,0,us USA,"MF,FW",Huracán,Copa de la Liga,25,1998,3.4,5,5,2,2,1,4,5,80.0,1,3,0,3,0,5,4,0,us USA,"MF,FW",Huracán,Copa de la Liga,25,1998,3.4,204,3,27,126,56,3,204,4,1,25.0,2,50.0,122,746,404,9,8,0,7,3,139,15,us USA,"MF,FW",Huracán,Copa de la Liga,25,1998,7,303,43,24.0,3.4,4,69,1,3,9,3,1.00,2,2,0,0.00,0.00,2.1,2.7,-0.7,-0.21,+0.08,us USA,"MF,FW",Huracán,Copa de la Liga,25,1998,3.4,1,0,0,3,2,0,12,0,5,0,0,0,18,2,3,40.0
Joel Soñora,us USA,"MF,DF",Ind. Rivadavia,Copa de la Liga,27,1996,5,3,220,2.4,0,0,0,0,0,0,0,0,0.1,0.1,0.1,0.1,6,18,6,0.00,0.00,0.00,0.00,0.00,0.04,0.02,0.06,0.04,0.06,us USA,"MF,DF",Ind. Rivadavia,Copa de la Liga,27,1996,2.4,0,2,1,50.0,0.82,0.41,0.00,0.00,27.5,0,0,0,0.1,0.1,0.05,-0.1,-0.1,us USA,"MF,DF",Ind. Rivadavia,Copa de la Liga,27,1996,2.4,83,108,76.9,1319,455,36,44,81.8,41,50,82.0,3,7,42.9,0,0.1,0.1,-0.1,3,17,2,0,18,us USA,"MF,DF",Ind. Rivadavia,Copa de la Liga,27,1996,2.4,108,100,7,1,0,0,3,1,3,1,0,0,83,1,3,us USA,"MF,DF",Ind. Rivadavia,Copa de la Liga,27,1996,2.4,10,4.07,9,0,0,0,1,0,1,0.41,1,0,0,0,0,0,us USA,"MF,DF",Ind. Rivadavia,Copa de la Liga,27,1996,2.4,6,2,2,4,0,2,3,66.7,1,1,0,1,2,8,3,0,us USA,"MF,DF",Ind. Rivadavia,Copa de la Liga,27,1996,2.4,126,3,17,67,44,1,126,8,6,75.0,2,25.0,79,507,262,6,4,0,1,5,94,6,us USA,MF,Huracán,Copa de la Liga,27,1996,0,0,0,0,0,0,0,0,0,0,1,0,0,0,0,0,0,0,0,0,0,0,us USA,"MF,DF",Ind. Rivadavia,Copa de la Liga,27,1996,2.4,0,0,0,1,6,0,3,2,2,1,0,0,15,0,0,0
Jesús Soraire,ar ARG,MF,Banfield,Copa de la Liga,35,1988,11,11,798,8.9,0,0,0,0,0,0,1,0,0.1,0.1,0.1,0.2,4,77,14,0.00,0.00,0.00,0.00,0.00,0.01,0.01,0.02,0.01,0.02,ar ARG,MF,Banfield,Copa de la Liga,35,1988,8.9,0,5,1,20.0,0.56,0.11,0.00,0.00,25.6,0,0,0,0.1,0.1,0.02,-0.1,-0.1,ar ARG,MF,Banfield,Copa de la Liga,35,1988,8.9,267,382,69.9,5896,2078,85,102,83.3,121,163,74.2,58,90,64.4,0,0.1,0.3,-0.1,4,58,4,0,77,ar ARG,MF,Banfield,Copa de la Liga,35,1988,8.9,382,363,13,9,1,8,8,1,0,0,0,0,267,6,9,ar ARG,MF,Banfield,Copa de la Liga,35,1988,8.9,18,2.03,16,0,0,0,1,1,1,0.11,0,0,0,0,1,0,ar ARG,MF,Banfield,Copa de la Liga,35,1988,8.9,17,8,2,12,3,9,17,52.9,8,13,1,12,10,27,9,0,ar ARG,MF,Banfield,Copa de la Liga,35,1988,8.9,461,10,69,308,91,1,461,8,4,50.0,4,50.0,240,993,428,4,8,0,8,6,252,14,ar ARG,MF,Banfield,Copa de la Liga,35,1988,11,798,73,63.3,8.9,11,73,1,0,0,0,1.45,8,8,0,0.00,+0.19,9.8,10.8,-1.0,-0.11,+0.10,ar ARG,MF,Banfield,Copa de la Liga,35,1988,8.9,1,0,0,18,12,0,8,10,8,0,0,0,72,13,17,43.3
Elián Sosa,ar ARG,FW,Defensa y Just,Copa de la Liga,20,2003,1,0,13,0.1,0,0,0,0,0,0,0,0,0.0,0.0,0.0,0.0,1,0,0,0.00,0.00,0.00,0.00,0.00,0.00,0.00,0.00,0.00,0.00,ar ARG,FW,Defensa y Just,Copa de la Liga,20,2003,0.1,0,0,0,0,0.00,0.00,0,0,0,0,0,0,0.0,0.0,0,0.0,0.0,ar ARG,FW,Defensa y Just,Copa de la Liga,20,2003,0.1,2,2,100.0,33,0,1,1,100.0,1,1,100.0,0,0,0,0,0.0,0.0,0.0,0,0,0,0,0,ar ARG,FW,Defensa y Just,Copa de la Liga,20,2003,0.1,2,2,0,0,0,0,0,0,0,0,0,0,2,0,0,ar ARG,FW,Defensa y Just,Copa de la Liga,20,2003,0.1,0,0.00,0,0,0,0,0,0,0,0.00,0,0,0,0,0,0,ar ARG,FW,Defensa y Just,Copa de la Liga,20,2003,0.1,1,0,0,0,1,1,1,100.0,0,0,0,0,0,1,0,0,ar ARG,FW,Defensa y Just,Copa de la Liga,20,2003,0.1,4,0,0,2,2,0,4,0,0,0,0,0,2,25,18,1,1,0,0,0,2,0,ar ARG,FW,Defensa y Just,Copa de la Liga,20,2003,1,13,13,1.0,0.1,0,0,0,1,13,6,0.00,0,0,0,0.00,-0.29,0.1,0.0,+0.1,+0.88,+0.93,ar ARG,FW,Defensa y Just,Copa de la Liga,20,2003,0.1,0,0,0,0,0,0,0,0,0,0,0,0,0,0,0,0
José Sosa,ar ARG,"MF,FW",Estudiantes–LP,Copa de la Liga,38,1985,13,10,771,8.6,0,2,2,0,0,0,1,0,0.5,0.5,1.7,2.2,21,82,53,0.00,0.23,0.23,0.00,0.23,0.06,0.19,0.26,0.06,0.26,ar ARG,"MF,FW",Estudiantes–LP,Copa de la Liga,38,1985,8.6,0,10,1,10.0,1.17,0.12,0.00,0.00,31.4,2,0,0,0.5,0.5,0.05,-0.5,-0.5,ar ARG,"MF,FW",Estudiantes–LP,Copa de la Liga,38,1985,8.6,359,510,70.4,6601,2372,162,199,81.4,131,169,77.5,55,104,52.9,2,1.7,2.1,+0.3,21,45,20,3,82,ar ARG,"MF,FW",Estudiantes–LP,Copa de la Liga,38,1985,8.6,510,451,55,19,0,6,61,2,34,16,17,0,359,4,11,ar ARG,"MF,FW",Estudiantes–LP,Copa de la Liga,38,1985,8.6,45,5.26,32,8,2,2,1,0,3,0.35,2,1,0,0,0,0,ar ARG,"MF,FW",Estudiantes–LP,Copa de la Liga,38,1985,8.6,12,8,4,5,3,8,22,36.4,14,12,1,11,2,14,10,0,ar ARG,"MF,FW",Estudiantes–LP,Copa de la Liga,38,1985,8.6,585,10,59,321,216,14,585,12,8,66.7,2,16.7,304,1641,840,21,15,2,16,3,404,53,ar ARG,"MF,FW",Estudiantes–LP,Copa de la Liga,38,1985,13,771,59,61.2,8.6,10,65,0,3,40,0,2.00,8,4,+4,+0.47,-0.64,10.7,5.5,+5.2,+0.61,+0.05,ar ARG,"MF,FW",Estudiantes–LP,Copa de la Liga,38,1985,8.6,1,0,0,9,12,0,61,2,8,0,0,0,50,11,14,44.0
Ramón Sosa,py PAR,FW,Talleres,Copa de la Liga,24,1999,12,12,"1,017",11.3,4,3,7,3,1,1,1,0,3.2,2.4,3.9,6.4,44,30,108,0.35,0.27,0.62,0.27,0.53,0.29,0.35,0.64,0.22,0.57,py PAR,FW,Talleres,Copa de la Liga,24,1999,11.3,4,30,12,40.0,2.65,1.06,0.10,0.25,20.5,0,1,1,3.2,2.4,0.08,+0.8,+0.6,py PAR,FW,Talleres,Copa de la Liga,24,1999,11.3,231,342,67.5,3943,1114,132,161,82.0,65,103,63.1,29,58,50.0,3,3.9,2.6,-0.9,28,17,11,4,30,py PAR,FW,Talleres,Copa de la Liga,24,1999,11.3,342,302,38,8,0,5,52,7,23,6,16,0,231,2,7,py PAR,FW,Talleres,Copa de la Liga,24,1999,11.3,68,6.02,33,13,9,7,5,1,12,1.06,6,1,1,2,2,0,py PAR,FW,Talleres,Copa de la Liga,24,1999,11.3,11,5,4,6,1,5,15,33.3,10,10,3,7,4,15,3,0,py PAR,FW,Talleres,Copa de la Liga,24,1999,11.3,499,5,42,179,287,56,498,69,37,53.6,28,40.6,293,2213,1184,44,30,26,37,11,343,108,py PAR,FW,Talleres,Copa de la Liga,24,1999,12,"1,017",85,80.7,11.3,12,85,8,0,0,0,1.83,21,13,+8,+0.71,+0.71,17.9,10.6,+7.4,+0.65,+1.02,py PAR,FW,Talleres,Copa de la Liga,24,1999,11.3,1,0,0,4,15,7,52,4,5,0,0,0,42,13,11,54.2
Santiago Sosa,ar ARG,"DF,MF",Racing Club,Copa de la Liga,24,1999,13,13,"1,170",13.0,0,0,0,0,0,0,5,0,0.8,0.8,0.2,1.0,10,71,5,0.00,0.00,0.00,0.00,0.00,0.06,0.01,0.07,0.06,0.07,ar ARG,"DF,MF",Racing Club,Copa de la Liga,24,1999,13.0,0,8,0,0.0,0.62,0.00,0.00,0,15.1,0,0,0,0.8,0.8,0.10,-0.8,-0.8,ar ARG,"DF,MF",Racing Club,Copa de la Liga,24,1999,13.0,665,816,81.5,12747,4981,227,260,87.3,347,404,85.9,76,113,67.3,0,0.2,0.3,-0.2,7,55,4,1,71,ar ARG,"DF,MF",Racing Club,Copa de la Liga,24,1999,13.0,816,789,25,17,0,2,4,4,1,0,0,0,665,2,13,ar ARG,"DF,MF",Racing Club,Copa de la Liga,24,1999,13.0,21,1.62,20,1,0,0,0,0,1,0.08,1,0,0,0,0,0,ar ARG,"DF,MF",Racing Club,Copa de la Liga,24,1999,13.0,30,18,20,10,0,16,23,69.6,7,21,7,14,17,47,63,1,ar ARG,"DF,MF",Racing Club,Copa de la Liga,24,1999,13.0,977,86,418,504,61,10,977,4,3,75.0,1,25.0,483,2245,1426,10,9,0,11,2,575,5,ar ARG,MF,San Lorenzo,Copa de la Liga,19,2005,0,0,0,0,0,0,0,0,0,0,1,0,0,0,0,0,0,0,0,0,0,0,ar ARG,"DF,MF",Racing Club,Copa de la Liga,24,1999,13.0,5,0,0,16,2,0,4,17,18,0,0,0,77,51,20,71.8
David Sotelo,ar ARG,MF,Newell's OB,Copa de la Liga,20,2003,1,1,85,0.9,0,0,0,0,0,0,0,0,0.0,0.0,0.1,0.2,0,4,3,0.00,0.00,0.00,0.00,0.00,0.03,0.13,0.16,0.03,0.16,ar ARG,MF,Newell's OB,Copa de la Liga,20,2003,0.9,0,1,0,0.0,1.06,0.00,0.00,0,32.4,0,0,0,0.0,0.0,0.03,0.0,0.0,ar ARG,MF,Newell's OB,Copa de la Liga,20,2003,0.9,28,37,75.7,416,108,16,19,84.2,9,13,69.2,2,3,66.7,0,0.1,0.0,-0.1,1,6,0,0,4,ar ARG,MF,Newell's OB,Copa de la Liga,20,2003,0.9,37,35,1,1,1,0,1,0,0,0,0,0,28,1,0,ar ARG,MF,Newell's OB,Copa de la Liga,20,2003,0.9,2,2.12,1,1,0,0,0,0,0,0.00,0,0,0,0,0,0,ar ARG,MF,Newell's OB,Copa de la Liga,20,2003,0.9,5,3,2,3,0,5,6,83.3,1,2,0,2,0,5,0,0,ar ARG,MF,Newell's OB,Copa de la Liga,20,2003,0.9,50,0,6,36,8,0,50,0,0,0,0,0,35,103,40,0,0,0,2,1,33,3,ar ARG,MF,Newell's OB,Copa de la Liga,20,2003,1,85,85,6.7,0.9,1,85,0,0,0,0,3.00,0,0,0,0.00,+0.15,0.6,0.2,+0.4,+0.41,+0.46,ar ARG,MF,Newell's OB,Copa de la Liga,20,2003,0.9,0,0,0,2,1,0,1,0,3,0,0,0,5,1,0,100.0
Alexis Soto,ar ARG,"DF,MF",Defensa y Just,Copa de la Liga,30,1993,14,14,"1,225",13.6,0,1,1,0,0,0,0,0,0.3,0.3,0.6,0.8,30,76,43,0.00,0.07,0.07,0.00,0.07,0.02,0.04,0.06,0.02,0.06,ar ARG,"DF,MF",Defensa y Just,Copa de la Liga,30,1993,13.6,0,6,1,16.7,0.44,0.07,0.00,0.00,27.3,0,0,0,0.3,0.3,0.05,-0.3,-0.3,ar ARG,"DF,MF",Defensa y Just,Copa de la Liga,30,1993,13.6,614,832,73.8,11835,5224,252,287,87.8,257,326,78.8,97,182,53.3,1,0.6,1.1,+0.4,13,55,18,3,76,ar ARG,"DF,MF",Defensa y Just,Copa de la Liga,30,1993,13.6,832,679,151,26,1,15,35,121,4,3,1,0,614,2,14,ar ARG,"DF,MF",Defensa y Just,Copa de la Liga,30,1993,13.6,32,2.35,22,6,1,1,1,1,3,0.22,2,0,0,1,0,0,ar ARG,"DF,MF",Defensa y Just,Copa de la Liga,30,1993,13.6,30,19,18,10,2,16,40,40.0,24,23,5,18,18,48,32,0,ar ARG,"DF,MF",Defensa y Just,Copa de la Liga,30,1993,13.6,997,52,350,476,195,5,997,32,15,46.9,16,50.0,489,2833,1519,30,23,2,13,22,583,43,ar ARG,"DF,MF",Defensa y Just,Copa de la Liga,30,1993,14,"1,225",88,97.2,13.6,14,88,11,0,0,0,1.80,16,13,+3,+0.22,-2.35,15.2,15.9,-0.7,-0.05,-0.57,ar ARG,"DF,MF",Defensa y Just,Copa de la Liga,30,1993,13.6,0,0,0,16,17,1,35,18,19,0,0,0,86,13,15,46.4
Lucas Souto,ar ARG,DF,Huracán,Copa de la Liga,25,1998,8,7,494,5.5,0,0,0,0,0,0,1,1,0.0,0.0,0.5,0.5,27,36,26,0.00,0.00,0.00,0.00,0.00,0.01,0.09,0.10,0.01,0.10,ar ARG,DF,Huracán,Copa de la Liga,25,1998,5.5,0,2,0,0.0,0.36,0.00,0.00,0,9.5,0,0,0,0.0,0.0,0.02,0.0,0.0,ar ARG,DF,Huracán,Copa de la Liga,25,1998,5.5,224,298,75.2,3556,1609,126,141,89.4,87,113,77.0,11,41,26.8,0,0.5,0.4,-0.5,7,26,7,2,36,ar ARG,DF,Huracán,Copa de la Liga,25,1998,5.5,298,255,42,2,0,0,22,40,0,0,0,0,224,1,3,ar ARG,DF,Huracán,Copa de la Liga,25,1998,5.5,17,3.10,13,1,2,1,0,0,1,0.18,1,0,0,0,0,0,ar ARG,DF,Huracán,Copa de la Liga,25,1998,5.5,9,8,5,3,1,6,11,54.5,5,5,3,2,11,20,8,0,ar ARG,DF,Huracán,Copa de la Liga,25,1998,5.5,353,15,96,163,96,4,353,12,6,50.0,6,50.0,183,1331,877,27,19,0,11,3,218,26,ar ARG,DF,Huracán,Copa de la Liga,25,1998,8,494,62,39.2,5.5,7,67,4,1,24,0,1.50,7,2,+5,+0.91,+1.50,6.1,5.5,+0.6,+0.12,+0.63,ar ARG,DF,Huracán,Copa de la Liga,25,1998,5.5,1,1,0,3,2,1,22,11,8,0,0,0,28,7,6,53.8
Agostino Spina,ar ARG,DF,Huracán,Copa de la Liga,22,2001,1,0,4,0.0,0,0,0,0,0,0,0,0,0.0,0.0,0.0,0.0,0,0,1,0.00,0.00,0.00,0.00,0.00,0.00,0.00,0.00,0.00,0.00,ar ARG,DF,Huracán,Copa de la Liga,22,2001,0.0,0,0,0,0,0.00,0.00,0,0,0,0,0,0,0.0,0.0,0,0.0,0.0,ar ARG,DF,Huracán,Copa de la Liga,22,2001,0.0,2,2,100.0,24,0,2,2,100.0,0,0,0,0,0,0,0,0.0,0.0,0.0,0,0,0,0,0,ar ARG,DF,Huracán,Copa de la Liga,22,2001,0.0,2,2,0,0,0,0,0,0,0,0,0,0,2,0,0,ar ARG,DF,Huracán,Copa de la Liga,22,2001,0.0,0,0.00,0,0,0,0,0,0,0,0.00,0,0,0,0,0,0,ar ARG,DF,Huracán,Copa de la Liga,22,2001,0.0,0,0,0,0,0,0,0,0,0,0,0,0,0,0,0,0,ar ARG,DF,Huracán,Copa de la Liga,22,2001,0.0,3,0,1,0,2,0,3,1,0,0.0,1,100.0,3,13,4,0,0,0,0,0,3,1,ar ARG,DF,Huracán,Copa de la Liga,22,2001,1,4,4,0.3,0.0,0,0,0,1,4,2,0.00,0,0,0,0.00,0.00,0.0,0.1,-0.1,-1.89,-1.63,ar ARG,DF,Huracán,Copa de la Liga,22,2001,0.0,0,0,0,1,0,0,0,0,0,0,0,0,0,0,1,0.0
Adrián Sporle,ar ARG,"DF,MF",Independiente,Copa de la Liga,28,1995,8,4,400,4.4,1,0,1,1,0,0,2,0,0.5,0.5,0.1,0.6,7,23,45,0.23,0.00,0.23,0.23,0.23,0.11,0.02,0.13,0.11,0.13,ar ARG,"DF,MF",Independiente,Copa de la Liga,28,1995,4.4,1,5,2,40.0,1.13,0.45,0.20,0.50,18.6,0,0,0,0.5,0.5,0.09,+0.5,+0.5,ar ARG,"DF,MF",Independiente,Copa de la Liga,28,1995,4.4,159,231,68.8,2747,1209,80,94,85.1,62,93,66.7,16,29,55.2,0,0.1,0.4,-0.1,4,17,6,3,23,ar ARG,"DF,MF",Independiente,Copa de la Liga,28,1995,4.4,231,184,46,6,0,1,35,35,5,0,5,0,159,1,11,ar ARG,"DF,MF",Independiente,Copa de la Liga,28,1995,4.4,10,2.26,5,2,3,0,0,0,1,0.23,1,0,0,0,0,0,ar ARG,"DF,MF",Independiente,Copa de la Liga,28,1995,4.4,6,4,5,1,0,2,3,66.7,1,9,2,7,8,14,7,0,ar ARG,"DF,MF",Independiente,Copa de la Liga,28,1995,4.4,283,7,63,125,100,9,283,17,14,82.4,3,17.6,131,794,415,7,5,2,9,4,146,45,ar ARG,"DF,MF",Independiente,Copa de la Liga,28,1995,8,400,50,31.7,4.4,4,68,0,4,32,6,1.63,5,4,+1,+0.23,-0.09,7.1,4.1,+3.0,+0.68,+0.32,ar ARG,"DF,MF",Independiente,Copa de la Liga,28,1995,4.4,2,0,0,6,2,0,35,8,4,0,0,0,27,2,5,28.6
Facundo Suárez,ar ARG,FW,Instituto,Copa de la Liga,29,1994,14,11,889,9.9,4,1,5,4,0,0,1,0,4.9,4.9,0.9,5.8,10,12,46,0.40,0.10,0.51,0.40,0.51,0.50,0.09,0.58,0.50,0.58,ar ARG,FW,Instituto,Copa de la Liga,29,1994,9.9,4,30,7,23.3,3.04,0.71,0.13,0.57,12.1,0,0,0,4.9,4.9,0.17,-0.9,-0.9,ar ARG,FW,Instituto,Copa de la Liga,29,1994,9.9,93,180,51.7,1188,297,56,90,62.2,28,59,47.5,1,4,25.0,1,0.9,0.5,+0.1,10,7,5,0,12,ar ARG,FW,Instituto,Copa de la Liga,29,1994,9.9,180,173,5,0,1,0,3,0,0,0,0,0,93,2,7,ar ARG,FW,Instituto,Copa de la Liga,29,1994,9.9,21,2.13,13,0,1,4,3,0,4,0.41,1,0,0,1,2,0,ar ARG,FW,Instituto,Copa de la Liga,29,1994,9.9,9,4,0,5,4,2,5,40.0,3,6,1,5,2,11,14,0,ar ARG,FW,Instituto,Copa de la Liga,29,1994,9.9,316,13,24,142,153,55,316,19,5,26.3,13,68.4,138,569,232,10,6,5,30,19,232,46,ar ARG,FW,Instituto,Copa de la Liga,29,1994,14,889,64,70.6,9.9,11,77,3,3,14,0,1.21,12,14,-2,-0.20,-0.93,14.5,10.0,+4.5,+0.46,-0.30,ar ARG,FW,Instituto,Copa de la Liga,29,1994,9.9,1,0,0,14,17,10,3,2,4,2,0,0,18,78,71,52.3
Lucas Suárez,ar ARG,DF,Talleres,Copa de la Liga,28,1995,8,7,654,7.3,0,1,1,0,0,0,1,0,0.2,0.2,0.1,0.4,6,19,4,0.00,0.14,0.14,0.00,0.14,0.03,0.02,0.05,0.03,0.05,ar ARG,DF,Talleres,Copa de la Liga,28,1995,7.3,0,4,0,0.0,0.55,0.00,0.00,0,9.0,0,0,0,0.2,0.2,0.05,-0.2,-0.2,ar ARG,DF,Talleres,Copa de la Liga,28,1995,7.3,264,349,75.6,5543,2045,73,84,86.9,153,187,81.8,36,67,53.7,1,0.1,0.2,+0.9,3,16,2,0,19,ar ARG,DF,Talleres,Copa de la Liga,28,1995,7.3,349,312,36,10,1,3,4,25,0,0,0,0,264,1,5,ar ARG,DF,Talleres,Copa de la Liga,28,1995,7.3,11,1.51,10,0,0,0,0,1,2,0.28,1,0,0,0,0,1,ar ARG,DF,Talleres,Copa de la Liga,28,1995,7.3,18,14,12,6,0,9,13,69.2,4,7,2,5,9,27,33,0,ar ARG,DF,Talleres,Copa de la Liga,28,1995,7.3,423,34,198,197,29,6,423,1,0,0.0,1,100.0,210,962,494,6,1,0,6,4,221,4,ar ARG,DF,Talleres,Copa de la Liga,28,1995,8,654,82,51.9,7.3,7,89,6,1,31,6,1.50,13,8,+5,+0.69,+0.24,10.9,7.6,+3.3,+0.45,-0.01,ar ARG,DF,Talleres,Copa de la Liga,28,1995,7.3,1,0,0,8,6,0,4,9,14,0,0,0,33,28,11,71.8
Matías Suárez,ar ARG,"FW,MF",Belgrano,Copa de la Liga,35,1988,6,1,174,1.9,0,0,0,0,0,0,0,0,0.4,0.4,0.1,0.5,2,6,15,0.00,0.00,0.00,0.00,0.00,0.23,0.04,0.27,0.23,0.27,ar ARG,"FW,MF",Belgrano,Copa de la Liga,35,1988,1.9,0,4,1,25.0,2.07,0.52,0.00,0.00,13.1,0,0,0,0.4,0.4,0.11,-0.4,-0.4,ar ARG,"FW,MF",Belgrano,Copa de la Liga,35,1988,1.9,28,47,59.6,386,105,15,21,71.4,12,17,70.6,0,3,0.0,0,0.1,0.1,-0.1,3,3,3,0,6,ar ARG,"FW,MF",Belgrano,Copa de la Liga,35,1988,1.9,47,45,2,0,1,0,5,0,0,0,0,0,28,0,0,ar ARG,"FW,MF",Belgrano,Copa de la Liga,35,1988,1.9,8,4.14,7,0,0,0,1,0,1,0.52,1,0,0,0,0,0,ar ARG,"FW,MF",Belgrano,Copa de la Liga,35,1988,1.9,2,1,0,0,2,0,1,0.0,1,1,0,1,0,2,2,0,ar ARG,"FW,MF",Belgrano,Copa de la Liga,35,1988,1.9,70,2,5,26,40,6,70,8,3,37.5,4,50.0,45,320,67,2,1,1,7,0,52,15,ar ARG,"FW,MF",Belgrano,Copa de la Liga,35,1988,6,174,29,13.8,1.9,1,64,0,5,22,1,1.00,4,4,0,0.00,+0.17,2.7,2.7,0.0,0.00,+0.09,ar ARG,"FW,MF",Belgrano,Copa de la Liga,35,1988,1.9,0,0,0,1,2,0,5,0,1,0,0,0,5,2,2,50.0
Ian Subiabre,ar ARG,"MF,FW",River Plate,Copa de la Liga,17,2007,2,0,26,0.3,0,0,0,0,0,0,0,0,0.1,0.1,0.0,0.1,2,2,0,0.00,0.00,0.00,0.00,0.00,0.17,0.00,0.17,0.17,0.17,ar ARG,"MF,FW",River Plate,Copa de la Liga,17,2007,0.3,0,1,0,0.0,3.46,0.00,0.00,0,28.5,0,0,0,0.1,0.1,0.05,-0.1,-0.1,ar ARG,"MF,FW",River Plate,Copa de la Liga,17,2007,0.3,6,6,100.0,63,19,5,5,100.0,1,1,100.0,0,0,0,0,0.0,0.0,0.0,0,0,1,0,2,ar ARG,"MF,FW",River Plate,Copa de la Liga,17,2007,0.3,6,6,0,0,0,0,0,0,0,0,0,0,6,0,0,ar ARG,"MF,FW",River Plate,Copa de la Liga,17,2007,0.3,0,0.00,0,0,0,0,0,0,0,0.00,0,0,0,0,0,0,ar ARG,"MF,FW",River Plate,Copa de la Liga,17,2007,0.3,1,0,0,1,0,1,2,50.0,1,0,0,0,1,2,0,0,ar ARG,"MF,FW",River Plate,Copa de la Liga,17,2007,0.3,14,0,0,9,6,0,14,1,0,0.0,1,100.0,9,66,30,2,2,0,2,4,8,0,ar ARG,"MF,FW",River Plate,Copa de la Liga,17,2007,2,26,13,2.1,0.3,0,0,0,2,13,4,3.00,0,0,0,0.00,-1.17,0.2,0.5,-0.3,-0.87,-1.88,ar ARG,"MF,FW",River Plate,Copa de la Liga,17,2007,0.3,0,0,0,1,2,0,0,1,0,0,0,0,2,0,0,0
Gastón Suso,ar ARG,DF,Platense,Copa de la Liga,32,1991,12,12,"1,080",12.0,0,0,0,0,0,0,4,0,0.2,0.2,0.2,0.4,3,37,2,0.00,0.00,0.00,0.00,0.00,0.02,0.02,0.03,0.02,0.03,ar ARG,DF,Platense,Copa de la Liga,32,1991,12.0,0,6,3,50.0,0.50,0.25,0.00,0.00,17.1,0,0,0,0.2,0.2,0.03,-0.2,-0.2,ar ARG,DF,Platense,Copa de la Liga,32,1991,12.0,275,396,69.4,5534,2467,84,113,74.3,154,190,81.1,35,75,46.7,0,0.2,0.2,-0.2,3,22,1,0,37,ar ARG,DF,Platense,Copa de la Liga,32,1991,12.0,396,377,18,14,0,3,0,3,0,0,0,0,275,1,5,ar ARG,DF,Platense,Copa de la Liga,32,1991,12.0,5,0.42,5,0,0,0,0,0,0,0.00,0,0,0,0,0,0,ar ARG,DF,Platense,Copa de la Liga,32,1991,12.0,17,10,12,5,0,9,13,69.2,4,13,6,7,11,28,61,0,ar ARG,DF,Platense,Copa de la Liga,32,1991,12.0,521,61,271,230,21,14,521,0,0,0,0,0,167,863,510,3,1,0,4,1,227,2,ar ARG,DF,Platense,Copa de la Liga,32,1991,12,"1,080",90,85.7,12.0,12,90,12,0,0,2,1.42,10,11,-1,-0.08,+1.42,12.9,12.1,+0.8,+0.07,+0.65,ar ARG,DF,Platense,Copa de la Liga,32,1991,12.0,4,0,0,11,4,0,0,11,10,0,0,0,29,37,16,69.8
Vicente Taborda,ar ARG,MF,Boca Juniors,Copa de la Liga,22,2001,2,0,6,0.1,0,0,0,0,0,0,0,0,0.0,0.0,0.0,0.0,1,0,2,0.00,0.00,0.00,0.00,0.00,0.00,0.00,0.00,0.00,0.00,ar ARG,MF,Boca Juniors,Copa de la Liga,22,2001,0.1,0,0,0,0,0.00,0.00,0,0,0,0,0,0,0.0,0.0,0,0.0,0.0,ar ARG,MF,Boca Juniors,Copa de la Liga,22,2001,0.1,2,3,66.7,10,0,1,1,100.0,0,0,0,0,1,0.0,0,0.0,0.0,0.0,0,1,0,0,0,ar ARG,MF,Boca Juniors,Copa de la Liga,22,2001,0.1,3,2,1,1,0,0,0,0,0,0,0,0,2,0,0,ar ARG,MF,Boca Juniors,Copa de la Liga,22,2001,0.1,0,0.00,0,0,0,0,0,0,0,0.00,0,0,0,0,0,0,ar ARG,MF,Boca Juniors,Copa de la Liga,22,2001,0.1,0,0,0,0,0,0,0,0,0,0,0,0,1,1,0,0,ar ARG,MF,Boca Juniors,Copa de la Liga,22,2001,0.1,8,0,2,1,5,3,8,1,0,0.0,1,100.0,5,20,5,1,0,2,2,0,5,2,ar ARG,MF,Boca Juniors,Copa de la Liga,22,2001,2,6,3,0.5,0.1,0,0,0,2,3,6,1.50,0,1,-1,-15.00,-15.65,0.2,0.0,+0.2,+3.31,+2.69,ar ARG,MF,Boca Juniors,Copa de la Liga,22,2001,0.1,0,0,0,0,0,0,0,1,0,0,0,0,0,0,0,0
Matías Tagliamonte,ar ARG,GK,Tigre,Copa de la Liga,25,1998,13,13,"1,170",13.0,0,0,0,0,0,0,0,0,0.0,0.0,0.0,0.0,0,0,0,0.00,0.00,0.00,0.00,0.00,0.00,0.00,0.00,0.00,0.00,ar ARG,GK,Tigre,Copa de la Liga,25,1998,13.0,0,0,0,0,0.00,0.00,0,0,0,0,0,0,0.0,0.0,0,0.0,0.0,ar ARG,GK,Tigre,Copa de la Liga,25,1998,13.0,270,352,76.7,7629,5633,52,52,100.0,126,127,99.2,90,170,52.9,0,0.0,0.0,0.0,0,3,0,0,0,ar ARG,GK,Tigre,Copa de la Liga,25,1998,13.0,352,205,146,27,0,0,0,0,0,0,0,0,270,1,0,ar ARG,GK,Tigre,Copa de la Liga,25,1998,13.0,0,0.00,0,0,0,0,0,0,0,0.00,0,0,0,0,0,0,ar ARG,GK,Tigre,Copa de la Liga,25,1998,13.0,1,1,1,0,0,1,2,50.0,1,1,0,1,0,1,5,0,ar ARG,GK,Tigre,Copa de la Liga,25,1998,13.0,380,311,380,0,0,0,380,0,0,0,0,0,183,1270,799,0,0,0,0,0,86,0,ar ARG,GK,Tigre,Copa de la Liga,25,1998,13,"1,170",90,92.9,13.0,13,90,13,0,0,1,0.38,7,24,-17,-1.31,-0.31,9.9,19.8,-9.8,-0.76,-0.38,ar ARG,GK,Tigre,Copa de la Liga,25,1998,13.0,0,0,0,0,1,0,0,0,1,0,0,1,4,3,0,100.0
Patricio Tanda,ar ARG,MF,Unión,Copa de la Liga,21,2002,10,2,346,3.8,0,0,0,0,0,0,2,0,0.0,0.0,0.3,0.3,6,29,7,0.00,0.00,0.00,0.00,0.00,0.01,0.07,0.08,0.01,0.08,ar ARG,MF,Unión,Copa de la Liga,21,2002,3.8,0,2,0,0.0,0.52,0.00,0.00,0,33.2,0,0,0,0.0,0.0,0.02,0.0,0.0,ar ARG,MF,Unión,Copa de la Liga,21,2002,3.8,162,191,84.8,2867,1069,75,80,93.8,71,83,85.5,14,21,66.7,0,0.3,0.2,-0.3,3,23,4,1,29,ar ARG,MF,Unión,Copa de la Liga,21,2002,3.8,191,189,2,1,0,1,3,1,0,0,0,0,162,0,1,ar ARG,MF,Unión,Copa de la Liga,21,2002,3.8,13,3.38,13,0,0,0,0,0,1,0.26,1,0,0,0,0,0,ar ARG,MF,Unión,Copa de la Liga,21,2002,3.8,10,6,6,2,2,6,13,46.2,7,11,4,7,4,14,11,0,ar ARG,MF,Unión,Copa de la Liga,21,2002,3.8,244,14,55,157,34,0,244,10,8,80.0,2,20.0,117,632,384,6,7,0,3,2,134,7,ar ARG,MF,Unión,Copa de la Liga,21,2002,10,346,35,27.5,3.8,2,90,2,8,21,3,1.50,8,6,+2,+0.52,+0.52,5.0,5.2,-0.2,-0.06,-0.01,ar ARG,MF,Unión,Copa de la Liga,21,2002,3.8,2,0,0,6,7,0,3,4,6,0,0,0,26,7,7,50.0
Iván Tapia,ar ARG,"MF,FW",San Lorenzo,Copa de la Liga,25,1998,3,1,135,1.5,0,0,0,0,0,0,0,0,0.2,0.2,0.1,0.3,0,6,2,0.00,0.00,0.00,0.00,0.00,0.12,0.09,0.21,0.12,0.21,ar ARG,"MF,FW",San Lorenzo,Copa de la Liga,25,1998,1.5,0,4,1,25.0,2.67,0.67,0.00,0.00,30.3,2,0,0,0.2,0.2,0.05,-0.2,-0.2,ar ARG,"MF,FW",San Lorenzo,Copa de la Liga,25,1998,1.5,51,70,72.9,712,259,30,32,93.8,15,20,75.0,3,10,30.0,0,0.1,0.1,-0.1,3,5,1,0,6,ar ARG,"MF,FW",San Lorenzo,Copa de la Liga,25,1998,1.5,70,58,12,5,0,0,9,0,7,4,2,0,51,0,4,ar ARG,"MF,FW",San Lorenzo,Copa de la Liga,25,1998,1.5,5,3.31,2,2,0,1,0,0,0,0.00,0,0,0,0,0,0,ar ARG,"MF,FW",San Lorenzo,Copa de la Liga,25,1998,1.5,8,7,4,3,1,5,7,71.4,2,0,0,0,1,9,0,0,ar ARG,"MF,FW",San Lorenzo,Copa de la Liga,25,1998,1.5,85,1,17,45,24,0,85,0,0,0,0,0,37,141,59,0,3,0,1,1,46,2,ar ARG,"MF,FW",San Lorenzo,Copa de la Liga,25,1998,3,135,45,10.7,1.5,1,90,1,2,23,10,0.00,1,6,-5,-3.33,-3.41,0.8,2.4,-1.6,-1.08,-1.25,ar ARG,"MF,FW",San Lorenzo,Copa de la Liga,25,1998,1.5,0,0,0,5,1,0,9,1,7,0,0,0,6,0,0,0
Cristian Tarragona,ar ARG,"FW,MF",San Lorenzo,Copa de la Liga,32,1991,11,3,415,4.6,1,0,1,1,0,0,0,0,1.4,1.4,0.1,1.5,5,4,37,0.22,0.00,0.22,0.22,0.22,0.30,0.02,0.32,0.30,0.32,ar ARG,"FW,MF",San Lorenzo,Copa de la Liga,32,1991,4.6,1,14,1,7.1,3.04,0.22,0.07,1.00,16.0,0,0,0,1.4,1.4,0.10,-0.4,-0.4,ar ARG,"FW,MF",San Lorenzo,Copa de la Liga,32,1991,4.6,71,112,63.4,891,129,45,60,75.0,17,26,65.4,3,5,60.0,0,0.1,0.1,-0.1,4,2,2,1,4,ar ARG,"FW,MF",San Lorenzo,Copa de la Liga,32,1991,4.6,112,105,6,0,0,0,5,0,0,0,0,0,71,1,10,ar ARG,"FW,MF",San Lorenzo,Copa de la Liga,32,1991,4.6,8,1.73,6,0,0,0,2,0,0,0.00,0,0,0,0,0,0,ar ARG,"FW,MF",San Lorenzo,Copa de la Liga,32,1991,4.6,11,5,1,7,3,3,5,60.0,2,3,0,3,0,11,1,0,ar ARG,"FW,MF",San Lorenzo,Copa de la Liga,32,1991,4.6,173,2,11,66,98,24,173,6,4,66.7,2,33.3,91,528,167,5,7,1,17,11,131,37,ar ARG,"FW,MF",San Lorenzo,Copa de la Liga,32,1991,11,415,38,32.9,4.6,3,67,1,8,27,3,0.82,3,8,-5,-1.08,-1.19,4.5,5.8,-1.4,-0.29,-0.50,ar ARG,"FW,MF",San Lorenzo,Copa de la Liga,32,1991,4.6,0,0,0,4,6,3,5,0,5,0,0,0,17,13,20,39.4
Diego Tarzia,ar ARG,"FW,MF",Independiente,Copa de la Liga,20,2003,2,0,52,0.6,0,0,0,0,0,0,0,0,0.2,0.2,0.2,0.4,0,0,4,0.00,0.00,0.00,0.00,0.00,0.38,0.39,0.77,0.38,0.77,ar ARG,"FW,MF",Independiente,Copa de la Liga,20,2003,0.6,0,2,1,50.0,3.46,1.73,0.00,0.00,13.8,0,0,0,0.2,0.2,0.11,-0.2,-0.2,ar ARG,"FW,MF",Independiente,Copa de la Liga,20,2003,0.6,13,16,81.3,187,50,6,6,100.0,7,9,77.8,0,1,0.0,0,0.2,0.1,-0.2,2,0,0,0,0,ar ARG,"FW,MF",Independiente,Copa de la Liga,20,2003,0.6,16,16,0,0,0,0,1,0,0,0,0,0,13,0,0,ar ARG,"FW,MF",Independiente,Copa de la Liga,20,2003,0.6,5,8.65,4,0,1,0,0,0,0,0.00,0,0,0,0,0,0,ar ARG,"FW,MF",Independiente,Copa de la Liga,20,2003,0.6,0,0,0,0,0,0,0,0,0,1,0,1,1,1,1,0,ar ARG,"FW,MF",Independiente,Copa de la Liga,20,2003,0.6,30,0,5,11,14,4,30,1,1,100.0,0,0.0,19,76,36,0,0,1,5,0,17,4,ar ARG,"FW,MF",Independiente,Copa de la Liga,20,2003,2,52,26,4.1,0.6,0,0,0,2,26,8,2.00,0,0,0,0.00,-0.30,0.9,0.2,+0.7,+1.24,+0.81,ar ARG,"FW,MF",Independiente,Copa de la Liga,20,2003,0.6,0,0,0,1,0,0,1,1,0,0,0,0,3,0,0,0
Renzo Tesuri,ar ARG,MF,Atlé Tucumán,Copa de la Liga,27,1996,12,10,793,8.8,1,1,2,1,0,0,3,0,1.6,1.6,1.0,2.6,15,32,58,0.11,0.11,0.23,0.11,0.23,0.19,0.11,0.30,0.19,0.30,ar ARG,MF,Atlé Tucumán,Copa de la Liga,27,1996,8.8,1,11,5,45.5,1.25,0.57,0.09,0.20,18.7,0,0,0,1.6,1.6,0.15,-0.6,-0.6,ar ARG,MF,Atlé Tucumán,Copa de la Liga,27,1996,8.8,172,263,65.4,2517,900,106,127,83.5,52,75,69.3,9,32,28.1,1,1.0,0.4,0.0,13,22,7,2,32,ar ARG,MF,Atlé Tucumán,Copa de la Liga,27,1996,8.8,263,247,12,2,0,2,20,8,1,1,0,0,172,4,12,ar ARG,MF,Atlé Tucumán,Copa de la Liga,27,1996,8.8,30,3.40,19,0,4,2,5,0,2,0.23,2,0,0,0,0,0,ar ARG,MF,Atlé Tucumán,Copa de la Liga,27,1996,8.8,15,9,6,7,2,7,19,36.8,12,11,1,10,8,23,4,0,ar ARG,MF,Atlé Tucumán,Copa de la Liga,27,1996,8.8,352,6,49,170,137,25,352,24,12,50.0,9,37.5,206,1111,559,15,8,2,12,5,223,58,ar ARG,MF,Atlé Tucumán,Copa de la Liga,27,1996,12,793,66,62.9,8.8,10,73,1,2,32,2,0.75,6,11,-5,-0.57,+1.36,11.2,10.3,+0.8,+0.10,+0.63,ar ARG,MF,Atlé Tucumán,Copa de la Liga,27,1996,8.8,3,0,0,9,20,2,20,8,9,0,0,0,39,1,12,7.7
Fabricio Tirado,ar ARG,MF,Newell's OB,Copa de la Liga,19,2004,1,0,25,0.3,0,0,0,0,0,0,0,0,0.0,0.0,0.0,0.0,1,1,0,0.00,0.00,0.00,0.00,0.00,0.00,0.00,0.00,0.00,0.00,ar ARG,MF,Newell's OB,Copa de la Liga,19,2004,0.3,0,0,0,0,0.00,0.00,0,0,0,0,0,0,0.0,0.0,0,0.0,0.0,ar ARG,MF,Newell's OB,Copa de la Liga,19,2004,0.3,5,10,50.0,78,24,2,2,100.0,3,3,100.0,0,4,0.0,0,0.0,0.0,0.0,0,0,0,0,1,ar ARG,MF,Newell's OB,Copa de la Liga,19,2004,0.3,10,8,1,1,0,0,0,0,0,0,0,0,5,1,0,ar ARG,MF,Newell's OB,Copa de la Liga,19,2004,0.3,0,0.00,0,0,0,0,0,0,0,0.00,0,0,0,0,0,0,ar ARG,MF,Newell's OB,Copa de la Liga,19,2004,0.3,0,0,0,0,0,0,0,0,0,0,0,0,0,0,0,0,ar ARG,MF,Newell's OB,Copa de la Liga,19,2004,0.3,11,0,2,9,0,0,11,0,0,0,0,0,4,16,8,1,0,0,1,0,8,0,ar ARG,MF,Newell's OB,Copa de la Liga,19,2004,1,25,25,2.0,0.3,0,0,0,1,25,2,3.00,1,0,+1,+3.60,+3.82,0.8,0.4,+0.4,+1.55,+1.60,ar ARG,MF,Newell's OB,Copa de la Liga,19,2004,0.3,0,0,0,0,1,0,0,0,0,0,0,0,1,0,0,0
Fernando Tobio,ar ARG,DF,Huracán,Copa de la Liga,34,1989,11,11,867,9.6,0,0,0,0,0,0,3,0,0.2,0.2,0.0,0.2,2,14,1,0.00,0.00,0.00,0.00,0.00,0.02,0.00,0.02,0.02,0.02,ar ARG,DF,Huracán,Copa de la Liga,34,1989,9.6,0,4,0,0.0,0.42,0.00,0.00,0,10.7,0,0,0,0.2,0.2,0.04,-0.2,-0.2,ar ARG,DF,Huracán,Copa de la Liga,34,1989,9.6,297,371,80.1,6109,2132,88,103,85.4,160,184,87.0,44,70,62.9,0,0.0,0.1,0.0,1,16,0,0,14,ar ARG,DF,Huracán,Copa de la Liga,34,1989,9.6,371,357,14,14,0,2,1,0,0,0,0,0,297,0,4,ar ARG,DF,Huracán,Copa de la Liga,34,1989,9.6,5,0.52,4,0,0,1,0,0,0,0.00,0,0,0,0,0,0,ar ARG,DF,Huracán,Copa de la Liga,34,1989,9.6,10,5,5,5,0,8,12,66.7,4,13,8,5,10,20,29,0,ar ARG,DF,Huracán,Copa de la Liga,34,1989,9.6,443,48,241,196,9,8,443,2,2,100.0,0,0.0,210,1103,757,2,0,0,5,0,246,1,ar ARG,DF,Huracán,Copa de la Liga,34,1989,11,867,79,68.8,9.6,11,79,8,0,0,0,1.09,5,8,-3,-0.31,-1.00,8.9,11.7,-2.8,-0.29,-0.09,ar ARG,DF,Huracán,Copa de la Liga,34,1989,9.6,3,0,0,13,2,0,1,10,5,0,0,0,35,28,19,59.6
Gastón Togni,ar ARG,FW,Defensa y Just,Copa de la Liga,26,1997,12,12,"1,026",11.4,3,3,6,3,0,0,0,0,1.7,1.7,2.5,4.2,34,18,107,0.26,0.26,0.53,0.26,0.53,0.15,0.22,0.37,0.15,0.37,ar ARG,FW,Defensa y Just,Copa de la Liga,26,1997,11.4,3,27,10,37.0,2.37,0.88,0.11,0.30,18.6,2,0,0,1.7,1.7,0.06,+1.3,+1.3,ar ARG,FW,Defensa y Just,Copa de la Liga,26,1997,11.4,175,304,57.6,2625,807,106,133,79.7,43,78,55.1,15,53,28.3,3,2.5,2.0,+0.5,23,12,11,7,18,ar ARG,FW,Defensa y Just,Copa de la Liga,26,1997,11.4,304,252,45,5,1,0,82,7,33,18,9,1,175,7,20,ar ARG,FW,Defensa y Just,Copa de la Liga,26,1997,11.4,39,3.42,26,4,4,2,3,0,3,0.26,3,0,0,0,0,0,ar ARG,FW,Defensa y Just,Copa de la Liga,26,1997,11.4,4,2,1,0,3,2,12,16.7,10,10,0,10,4,8,9,0,ar ARG,FW,Defensa y Just,Copa de la Liga,26,1997,11.4,426,12,51,116,264,54,426,31,14,45.2,17,54.8,253,1326,640,34,12,9,28,15,288,107,ar ARG,FW,Defensa y Just,Copa de la Liga,26,1997,12,"1,026",86,81.4,11.4,12,86,7,0,0,0,1.67,13,13,0,0.00,-1.54,11.4,14.7,-3.3,-0.29,-1.36,ar ARG,FW,Defensa y Just,Copa de la Liga,26,1997,11.4,0,0,0,6,14,7,82,4,2,0,0,0,33,10,13,43.5
Agustín Toledo,ar ARG,MF,Huracán,Copa de la Liga,23,2000,6,2,239,2.7,0,0,0,0,0,0,0,0,0.2,0.2,0.0,0.2,2,19,1,0.00,0.00,0.00,0.00,0.00,0.06,0.00,0.06,0.06,0.06,ar ARG,MF,Huracán,Copa de la Liga,23,2000,2.7,0,3,1,33.3,1.13,0.38,0.00,0.00,24.6,0,0,0,0.2,0.2,0.05,-0.2,-0.2,ar ARG,MF,Huracán,Copa de la Liga,23,2000,2.7,131,151,86.8,2329,918,58,62,93.5,54,62,87.1,16,20,80.0,0,0.0,0.2,0.0,1,12,3,1,19,ar ARG,MF,Huracán,Copa de la Liga,23,2000,2.7,151,149,2,2,0,2,2,0,0,0,0,0,131,0,2,ar ARG,MF,Huracán,Copa de la Liga,23,2000,2.7,4,1.51,4,0,0,0,0,0,0,0.00,0,0,0,0,0,0,ar ARG,MF,Huracán,Copa de la Liga,23,2000,2.7,12,8,7,4,1,7,12,58.3,5,2,0,2,6,18,4,0,ar ARG,MF,Huracán,Copa de la Liga,23,2000,2.7,186,8,43,130,15,1,186,0,0,0,0,0,81,297,156,2,1,1,2,2,113,1,ar ARG,MF,Huracán,Copa de la Liga,23,2000,6,239,40,19.0,2.7,2,74,0,4,23,7,1.17,1,6,-5,-1.88,-2.32,2.8,5.8,-3.0,-1.14,-1.07,ar ARG,MF,Huracán,Copa de la Liga,23,2000,2.7,0,0,0,2,4,0,2,6,8,0,0,0,21,3,6,33.3
Nicolás Tolosa,ar ARG,DF,Barracas Central,Copa de la Liga,22,2001,1,0,4,0.0,1,0,1,1,0,0,0,0,0.2,0.2,0.0,0.2,0,0,1,22.50,0.00,22.50,22.50,22.50,4.34,0.00,4.34,4.34,4.34,ar ARG,DF,Barracas Central,Copa de la Liga,22,2001,0.0,1,1,1,100.0,22.50,22.50,1.00,1.00,12.6,0,0,0,0.2,0.2,0.19,+0.8,+0.8,ar ARG,DF,Barracas Central,Copa de la Liga,22,2001,0.0,1,3,33.3,10,0,1,1,100.0,0,1,0.0,0,0,0,0,0.0,0.0,0.0,0,0,0,0,0,ar ARG,DF,Barracas Central,Copa de la Liga,22,2001,0.0,3,3,0,0,0,0,0,0,0,0,0,0,1,0,1,ar ARG,DF,Barracas Central,Copa de la Liga,22,2001,0.0,0,0.00,0,0,0,0,0,0,0,0.00,0,0,0,0,0,0,ar ARG,DF,Barracas Central,Copa de la Liga,22,2001,0.0,0,0,0,0,0,0,0,0,0,1,0,1,0,0,1,0,ar ARG,DF,Barracas Central,Copa de la Liga,22,2001,0.0,6,1,1,4,1,1,6,0,0,0,0,0,3,31,6,0,1,0,0,1,3,1,ar ARG,DF,Barracas Central,Copa de la Liga,22,2001,1,4,4,0.3,0.0,0,0,0,1,4,13,1.00,1,0,+1,+22.50,+22.21,0.2,0.0,+0.2,+4.34,+4.55,ar ARG,DF,Barracas Central,Copa de la Liga,22,2001,0.0,0,0,0,0,0,0,0,0,0,0,0,0,0,0,0,0
Santiago Toloza,ar ARG,"MF,FW",Independiente,Copa de la Liga,21,2002,8,2,272,3.0,0,2,2,0,0,0,3,1,0.4,0.4,0.6,1.0,10,23,28,0.00,0.66,0.66,0.00,0.66,0.14,0.21,0.34,0.14,0.34,ar ARG,"MF,FW",Independiente,Copa de la Liga,21,2002,3.0,0,5,3,60.0,1.65,0.99,0.00,0.00,23.5,0,0,0,0.4,0.4,0.08,-0.4,-0.4,ar ARG,"MF,FW",Independiente,Copa de la Liga,21,2002,3.0,115,149,77.2,1793,540,62,74,83.8,39,46,84.8,9,15,60.0,2,0.6,0.5,+1.4,7,15,5,1,23,ar ARG,"MF,FW",Independiente,Copa de la Liga,21,2002,3.0,149,137,12,4,0,2,12,2,6,3,2,0,115,0,6,ar ARG,"MF,FW",Independiente,Copa de la Liga,21,2002,3.0,17,5.63,11,3,1,1,1,0,3,0.99,2,1,0,0,0,0,ar ARG,"MF,FW",Independiente,Copa de la Liga,21,2002,3.0,6,3,1,4,1,3,5,60.0,2,1,0,1,0,6,2,0,ar ARG,"MF,FW",Independiente,Copa de la Liga,21,2002,3.0,182,3,10,89,87,3,182,12,6,50.0,4,33.3,118,700,324,10,11,1,2,8,135,28,ar ARG,"MF,FW",Independiente,Copa de la Liga,21,2002,8,272,34,21.6,3.0,2,51,0,6,29,4,1.13,4,1,+3,+0.99,+0.90,4.1,2.1,+2.0,+0.66,+0.26,ar ARG,"MF,FW",Independiente,Copa de la Liga,21,2002,3.0,3,1,1,4,11,0,12,0,3,0,0,0,17,2,0,100.0
Diego Tonetto,ar ARG,MF,Ind. Rivadavia,Copa de la Liga,35,1988,2,2,142,1.6,0,0,0,0,0,0,1,0,0.0,0.0,0.0,0.0,1,3,3,0.00,0.00,0.00,0.00,0.00,0.00,0.00,0.00,0.00,0.00,ar ARG,MF,Ind. Rivadavia,Copa de la Liga,35,1988,1.6,0,0,0,0,0.00,0.00,0,0,0,0,0,0,0.0,0.0,0,0.0,0.0,ar ARG,MF,Ind. Rivadavia,Copa de la Liga,35,1988,1.6,28,42,66.7,467,169,16,22,72.7,9,12,75.0,3,5,60.0,0,0.0,0.0,0.0,0,5,1,0,3,ar ARG,MF,Ind. Rivadavia,Copa de la Liga,35,1988,1.6,42,38,4,1,0,0,1,1,2,0,0,0,28,0,1,ar ARG,MF,Ind. Rivadavia,Copa de la Liga,35,1988,1.6,0,0.00,0,0,0,0,0,0,0,0.00,0,0,0,0,0,0,ar ARG,MF,Ind. Rivadavia,Copa de la Liga,35,1988,1.6,1,1,1,0,0,1,3,33.3,2,4,1,3,1,2,3,0,ar ARG,MF,Ind. Rivadavia,Copa de la Liga,35,1988,1.6,54,5,16,24,14,0,54,2,1,50.0,1,50.0,28,110,44,1,2,0,2,0,28,3,ar ARG,MF,Ind. Rivadavia,Copa de la Liga,35,1988,2,142,71,11.3,1.6,2,71,1,0,0,12,0.50,1,2,-1,-0.63,+0.25,1.2,2.4,-1.1,-0.72,-0.07,ar ARG,MF,Ind. Rivadavia,Copa de la Liga,35,1988,1.6,1,0,0,6,0,0,1,1,1,0,0,0,4,0,3,0.0
Fernando Torrent,ar ARG,"DF,MF",Cen. Córdoba–SdE,Copa de la Liga,32,1991,10,10,783,8.7,0,2,2,0,0,0,4,0,0.0,0.0,0.9,0.9,20,33,51,0.00,0.23,0.23,0.00,0.23,0.01,0.10,0.11,0.01,0.11,ar ARG,"DF,MF",Cen. Córdoba–SdE,Copa de la Liga,32,1991,8.7,0,3,0,0.0,0.34,0.00,0.00,0,29.0,0,0,0,0.0,0.0,0.01,0.0,0.0,ar ARG,"DF,MF",Cen. Córdoba–SdE,Copa de la Liga,32,1991,8.7,249,352,70.7,4637,2087,107,125,85.6,108,138,78.3,30,59,50.8,2,0.9,1.2,+1.1,8,29,10,4,33,ar ARG,"DF,MF",Cen. Córdoba–SdE,Copa de la Liga,32,1991,8.7,352,283,64,3,3,4,26,61,0,0,0,0,249,5,11,ar ARG,"DF,MF",Cen. Córdoba–SdE,Copa de la Liga,32,1991,8.7,15,1.72,12,1,2,0,0,0,3,0.34,3,0,0,0,0,0,ar ARG,"DF,MF",Cen. Córdoba–SdE,Copa de la Liga,32,1991,8.7,18,9,11,7,0,13,21,61.9,8,11,2,9,6,24,19,0,ar ARG,"DF,MF",Cen. Córdoba–SdE,Copa de la Liga,32,1991,8.7,453,28,146,193,123,11,453,31,20,64.5,9,29.0,236,1552,901,20,12,4,15,5,239,51,ar ARG,"DF,MF",Cen. Córdoba–SdE,Copa de la Liga,32,1991,10,783,78,62.1,8.7,10,78,5,0,0,0,1.10,9,14,-5,-0.57,+0.37,7.2,13.6,-6.4,-0.73,+0.10,ar ARG,"DF,MF",Cen. Córdoba–SdE,Copa de la Liga,32,1991,8.7,4,0,0,8,8,0,26,6,9,0,0,0,50,4,5,44.4
Jonathan Torres,ar ARG,FW,Lanús,Copa de la Liga,27,1996,10,1,261,2.9,0,2,2,0,0,0,2,0,0.6,0.6,0.3,0.9,0,5,25,0.00,0.69,0.69,0.00,0.69,0.20,0.12,0.32,0.20,0.32,ar ARG,FW,Lanús,Copa de la Liga,27,1996,2.9,0,9,0,0.0,3.10,0.00,0.00,0,15.9,0,0,0,0.6,0.6,0.06,-0.6,-0.6,ar ARG,FW,Lanús,Copa de la Liga,27,1996,2.9,57,83,68.7,627,173,40,52,76.9,10,13,76.9,1,3,33.3,2,0.3,0.2,+1.7,6,5,2,0,5,ar ARG,FW,Lanús,Copa de la Liga,27,1996,2.9,83,79,4,0,0,0,4,0,0,0,0,0,57,0,7,ar ARG,FW,Lanús,Copa de la Liga,27,1996,2.9,7,2.40,5,0,1,1,0,0,1,0.34,1,0,0,0,0,0,ar ARG,FW,Lanús,Copa de la Liga,27,1996,2.9,2,0,0,1,1,0,1,0.0,1,5,0,5,0,2,4,0,ar ARG,FW,Lanús,Copa de la Liga,27,1996,2.9,133,3,7,42,84,22,133,5,2,40.0,3,60.0,68,241,55,0,3,1,14,4,96,25,ar ARG,FW,Lanús,Copa de la Liga,27,1996,10,261,26,20.7,2.9,1,54,0,9,23,4,1.70,5,5,0,0.00,-0.54,3.1,2.6,+0.5,+0.16,-0.34,ar ARG,FW,Lanús,Copa de la Liga,27,1996,2.9,2,0,0,4,6,0,4,0,0,0,0,0,8,7,26,21.2
Nicolás Tripichio,ar ARG,"DF,MF",Defensa y Just,Copa de la Liga,28,1996,13,12,"1,079",12.0,1,1,2,1,0,0,2,0,0.7,0.7,0.3,1.1,19,67,45,0.08,0.08,0.17,0.08,0.17,0.06,0.03,0.09,0.06,0.09,ar ARG,"DF,MF",Defensa y Just,Copa de la Liga,28,1996,12.0,1,11,2,18.2,0.92,0.17,0.09,0.50,17.3,0,0,0,0.7,0.7,0.06,+0.3,+0.3,ar ARG,"DF,MF",Defensa y Just,Copa de la Liga,28,1996,12.0,380,501,75.8,6378,2705,196,229,85.6,146,185,78.9,32,59,54.2,1,0.3,0.4,+0.7,11,45,10,2,67,ar ARG,"DF,MF",Defensa y Just,Copa de la Liga,28,1996,12.0,501,419,81,6,1,2,8,75,0,0,0,0,380,1,16,ar ARG,"DF,MF",Defensa y Just,Copa de la Liga,28,1996,12.0,28,2.34,16,4,2,2,1,3,1,0.08,1,0,0,0,0,0,ar ARG,"DF,MF",Defensa y Just,Copa de la Liga,28,1996,12.0,32,18,21,8,3,18,35,51.4,17,13,0,13,16,48,24,0,ar ARG,"DF,MF",Defensa y Just,Copa de la Liga,28,1996,12.0,653,35,204,318,139,16,653,22,9,40.9,12,54.5,338,1916,923,19,16,2,30,9,352,45,ar ARG,"DF,MF",Defensa y Just,Copa de la Liga,28,1996,13,"1,079",83,85.6,12.0,12,89,9,1,12,0,1.86,14,12,+2,+0.17,-0.83,13.1,14.8,-1.7,-0.15,-0.74,ar ARG,"DF,MF",Defensa y Just,Copa de la Liga,28,1996,12.0,2,0,0,9,10,2,8,16,18,0,0,0,73,17,16,51.5
Mariano Troilo,ar ARG,DF,Belgrano,Copa de la Liga,20,2003,4,3,281,3.1,0,0,0,0,0,0,0,0,0.0,0.0,0.1,0.1,2,8,1,0.00,0.00,0.00,0.00,0.00,0.00,0.02,0.02,0.00,0.02,ar ARG,DF,Belgrano,Copa de la Liga,20,2003,3.1,0,0,0,0,0.00,0.00,0,0,0,0,0,0,0.0,0.0,0,0.0,0.0,ar ARG,DF,Belgrano,Copa de la Liga,20,2003,3.1,138,162,85.2,2844,1302,39,43,90.7,74,78,94.9,23,38,60.5,0,0.1,0.0,-0.1,2,8,0,0,8,ar ARG,DF,Belgrano,Copa de la Liga,20,2003,3.1,162,145,17,5,0,1,0,2,0,0,0,0,138,0,0,ar ARG,DF,Belgrano,Copa de la Liga,20,2003,3.1,4,1.28,2,2,0,0,0,0,0,0.00,0,0,0,0,0,0,ar ARG,DF,Belgrano,Copa de la Liga,20,2003,3.1,4,3,3,1,0,2,6,33.3,4,5,1,4,2,6,16,0,ar ARG,DF,Belgrano,Copa de la Liga,20,2003,3.1,193,33,107,84,2,0,193,1,1,100.0,0,0.0,101,424,237,2,1,1,4,1,111,1,ar ARG,DF,Belgrano,Copa de la Liga,20,2003,4,281,70,22.3,3.1,3,90,3,1,11,0,1.50,4,6,-2,-0.64,-0.64,3.5,3.7,-0.1,-0.04,+0.05,ar ARG,DF,Belgrano,Copa de la Liga,20,2003,3.1,0,0,0,2,1,0,0,2,3,0,0,0,13,7,6,53.8
Franco Troyansky,ar ARG,FW,Gimnasia–LP,Copa de la Liga,26,1997,11,4,350,3.9,0,0,0,0,0,0,1,0,0.9,0.9,0.0,0.9,4,4,26,0.00,0.00,0.00,0.00,0.00,0.22,0.01,0.23,0.22,0.23,ar ARG,FW,Gimnasia–LP,Copa de la Liga,26,1997,3.9,0,10,3,30.0,2.57,0.77,0.00,0.00,16.4,0,0,0,0.9,0.9,0.09,-0.9,-0.9,ar ARG,FW,Gimnasia–LP,Copa de la Liga,26,1997,3.9,60,93,64.5,689,164,41,54,75.9,11,20,55.0,2,5,40.0,0,0.0,0.2,0.0,1,4,2,0,4,ar ARG,FW,Gimnasia–LP,Copa de la Liga,26,1997,3.9,93,85,6,0,0,1,4,2,1,0,0,0,60,2,4,ar ARG,FW,Gimnasia–LP,Copa de la Liga,26,1997,3.9,7,1.79,2,0,3,1,1,0,0,0.00,0,0,0,0,0,0,ar ARG,FW,Gimnasia–LP,Copa de la Liga,26,1997,3.9,3,1,0,3,0,1,2,50.0,1,3,0,3,0,3,2,0,ar ARG,FW,Gimnasia–LP,Copa de la Liga,26,1997,3.9,144,4,8,68,70,17,144,14,7,50.0,7,50.0,68,337,110,4,4,1,14,5,103,26,ar ARG,FW,Gimnasia–LP,Copa de la Liga,26,1997,11,350,32,27.8,3.9,4,56,0,7,18,3,1.18,2,9,-7,-1.80,-2.00,2.9,7.8,-4.9,-1.25,-1.10,ar ARG,FW,Gimnasia–LP,Copa de la Liga,26,1997,3.9,1,0,0,10,5,6,4,0,1,0,0,0,10,16,25,39.0
Silvio Ulariaga,ar ARG,"FW,MF",Godoy Cruz,Copa de la Liga,21,2002,10,2,266,3.0,0,1,1,0,0,0,2,0,0.7,0.7,0.3,1.1,5,6,17,0.00,0.34,0.34,0.00,0.34,0.25,0.11,0.36,0.25,0.36,ar ARG,"FW,MF",Godoy Cruz,Copa de la Liga,21,2002,3.0,0,10,5,50.0,3.38,1.69,0.00,0.00,15.0,0,0,0,0.7,0.7,0.07,-0.7,-0.7,ar ARG,"FW,MF",Godoy Cruz,Copa de la Liga,21,2002,3.0,35,50,70.0,429,167,20,24,83.3,10,14,71.4,1,3,33.3,1,0.3,0.5,+0.7,4,2,2,0,6,ar ARG,"FW,MF",Godoy Cruz,Copa de la Liga,21,2002,3.0,50,49,0,0,0,0,1,0,0,0,0,0,35,1,3,ar ARG,"FW,MF",Godoy Cruz,Copa de la Liga,21,2002,3.0,4,1.36,4,0,0,0,0,0,2,0.68,2,0,0,0,0,0,ar ARG,"FW,MF",Godoy Cruz,Copa de la Liga,21,2002,3.0,2,1,1,1,0,1,1,100.0,0,6,0,6,2,4,5,0,ar ARG,"FW,MF",Godoy Cruz,Copa de la Liga,21,2002,3.0,96,5,15,36,45,21,96,8,4,50.0,3,37.5,58,236,96,5,0,4,10,6,61,17,ar ARG,"FW,MF",Godoy Cruz,Copa de la Liga,21,2002,10,266,27,21.1,3.0,2,65,0,8,17,4,1.73,5,0,+5,+1.69,+1.24,4.2,1.8,+2.4,+0.80,+0.61,ar ARG,"FW,MF",Godoy Cruz,Copa de la Liga,21,2002,3.0,2,0,0,8,4,0,1,2,1,0,0,0,15,4,16,20.0
Maximiliano Urruti,ar ARG,FW,Platense,Copa de la Liga,32,1991,4,2,180,2.0,0,0,0,0,0,0,0,0,0.2,0.2,0.0,0.2,2,1,13,0.00,0.00,0.00,0.00,0.00,0.12,0.00,0.12,0.12,0.12,ar ARG,FW,Platense,Copa de la Liga,32,1991,2.0,0,4,2,50.0,2.00,1.00,0.00,0.00,19.3,0,0,0,0.2,0.2,0.06,-0.2,-0.2,ar ARG,FW,Platense,Copa de la Liga,32,1991,2.0,13,23,56.5,182,18,7,9,77.8,5,8,62.5,0,1,0.0,0,0.0,0.0,0.0,0,0,0,0,1,ar ARG,FW,Platense,Copa de la Liga,32,1991,2.0,23,19,4,0,0,0,4,0,0,0,0,0,13,0,2,ar ARG,FW,Platense,Copa de la Liga,32,1991,2.0,2,1.01,1,0,0,0,1,0,0,0.00,0,0,0,0,0,0,ar ARG,FW,Platense,Copa de la Liga,32,1991,2.0,3,1,1,2,0,0,0,0,0,1,0,1,0,3,0,0,ar ARG,FW,Platense,Copa de la Liga,32,1991,2.0,43,0,2,21,22,8,43,2,0,0.0,2,100.0,26,143,48,2,1,4,6,3,25,13,ar ARG,FW,Platense,Copa de la Liga,32,1991,4,180,45,14.3,2.0,2,75,1,2,15,3,0.25,1,5,-4,-2.00,-2.00,2.8,3.4,-0.6,-0.32,-0.35,ar ARG,FW,Platense,Copa de la Liga,32,1991,2.0,0,0,0,2,2,1,4,0,1,0,0,0,8,1,8,11.1
Agustín Urzi,ar ARG,"FW,MF",Racing Club,Copa de la Liga,23,2000,6,0,77,0.9,0,0,0,0,0,0,0,0,0.1,0.1,0.0,0.1,7,4,8,0.00,0.00,0.00,0.00,0.00,0.12,0.00,0.12,0.12,0.12,ar ARG,"FW,MF",Racing Club,Copa de la Liga,23,2000,0.9,0,3,3,100.0,3.51,3.51,0.00,0.00,25.8,1,0,0,0.1,0.1,0.03,-0.1,-0.1,ar ARG,"FW,MF",Racing Club,Copa de la Liga,23,2000,0.9,26,34,76.5,333,91,15,16,93.8,8,13,61.5,0,1,0.0,0,0.0,0.0,0.0,0,4,0,0,4,ar ARG,"FW,MF",Racing Club,Copa de la Liga,23,2000,0.9,34,31,3,1,0,0,2,0,2,0,0,0,26,0,1,ar ARG,"FW,MF",Racing Club,Copa de la Liga,23,2000,0.9,2,2.31,2,0,0,0,0,0,0,0.00,0,0,0,0,0,0,ar ARG,"FW,MF",Racing Club,Copa de la Liga,23,2000,0.9,2,0,0,1,1,1,1,100.0,0,1,0,1,1,3,0,0,ar ARG,"FW,MF",Racing Club,Copa de la Liga,23,2000,0.9,50,0,3,28,23,2,50,4,3,75.0,1,25.0,35,285,185,7,5,0,2,5,33,8,ar ARG,"FW,MF",Racing Club,Copa de la Liga,23,2000,6,77,13,6.1,0.9,0,0,0,6,13,4,2.17,3,1,+2,+2.34,+1.50,1.1,0.6,+0.4,+0.52,+0.09,ar ARG,"FW,MF",Racing Club,Copa de la Liga,23,2000,0.9,0,0,0,0,4,0,2,1,0,0,0,0,6,0,2,0.0
Javier Urzúa,cl CHI,"MF,FW",Estudiantes–LP,Copa de la Liga,24,1999,10,9,549,6.1,1,1,2,1,0,0,2,0,1.6,1.6,0.5,2.1,11,27,48,0.16,0.16,0.33,0.16,0.33,0.26,0.08,0.34,0.26,0.34,cl CHI,"MF,FW",Estudiantes–LP,Copa de la Liga,24,1999,6.1,1,12,5,41.7,1.97,0.82,0.08,0.20,21.7,0,0,0,1.6,1.6,0.13,-0.6,-0.6,cl CHI,"MF,FW",Estudiantes–LP,Copa de la Liga,24,1999,6.1,185,241,76.8,2491,673,111,134,82.8,52,64,81.3,9,16,56.3,1,0.5,1.1,+0.5,11,20,5,1,27,cl CHI,"MF,FW",Estudiantes–LP,Copa de la Liga,24,1999,6.1,241,237,2,1,4,0,4,0,1,0,0,0,185,2,9,cl CHI,"MF,FW",Estudiantes–LP,Copa de la Liga,24,1999,6.1,25,4.09,18,0,4,3,0,0,3,0.49,2,0,1,0,0,0,cl CHI,"MF,FW",Estudiantes–LP,Copa de la Liga,24,1999,6.1,27,13,5,18,4,13,27,48.1,14,8,0,8,1,28,6,0,cl CHI,"MF,FW",Estudiantes–LP,Copa de la Liga,24,1999,6.1,341,2,41,177,126,23,341,35,19,54.3,15,42.9,187,984,480,11,17,3,15,13,238,48,cl CHI,"MF,FW",Estudiantes–LP,Copa de la Liga,24,1999,10,549,55,43.6,6.1,9,57,0,1,32,1,2.10,5,3,+2,+0.33,-0.68,7.5,4.4,+3.2,+0.52,-0.13,cl CHI,"MF,FW",Estudiantes–LP,Copa de la Liga,24,1999,6.1,2,0,0,9,4,0,4,1,13,0,0,0,26,2,8,20.0
Sebastián Valdez,ar ARG,DF,Cen. Córdoba–SdE,Copa de la Liga,28,1995,13,13,"1,170",13.0,0,0,0,0,0,0,3,0,0.1,0.1,0.1,0.1,16,47,6,0.00,0.00,0.00,0.00,0.00,0.00,0.01,0.01,0.00,0.01,ar ARG,DF,Cen. Córdoba–SdE,Copa de la Liga,28,1995,13.0,0,2,0,0.0,0.15,0.00,0.00,0,19.7,0,0,0,0.1,0.1,0.03,-0.1,-0.1,ar ARG,DF,Cen. Córdoba–SdE,Copa de la Liga,28,1995,13.0,509,619,82.2,10012,4209,184,203,90.6,245,293,83.6,75,103,72.8,0,0.1,0.1,-0.1,2,31,2,1,47,ar ARG,DF,Cen. Córdoba–SdE,Copa de la Liga,28,1995,13.0,619,573,46,20,0,4,3,18,0,0,0,0,509,0,7,ar ARG,DF,Cen. Córdoba–SdE,Copa de la Liga,28,1995,13.0,7,0.54,7,0,0,0,0,0,0,0.00,0,0,0,0,0,0,ar ARG,DF,Cen. Córdoba–SdE,Copa de la Liga,28,1995,13.0,26,13,21,5,0,15,26,57.7,11,20,10,10,13,39,67,0,ar ARG,DF,Cen. Córdoba–SdE,Copa de la Liga,28,1995,13.0,758,103,425,312,24,7,758,3,3,100.0,0,0.0,370,2180,1426,16,4,0,6,3,406,6,ar ARG,DF,Cen. Córdoba–SdE,Copa de la Liga,28,1995,13,"1,170",90,92.9,13.0,13,90,13,0,0,0,0.77,10,20,-10,-0.77,-0.77,9.7,20.7,-11.0,-0.85,-1.10,ar ARG,DF,Cen. Córdoba–SdE,Copa de la Liga,28,1995,13.0,3,0,0,9,3,1,3,13,13,0,0,0,76,17,14,54.8
Gonzalo Valdivia,ar ARG,"DF,MF",Platense,Copa de la Liga,22,2001,4,1,134,1.5,0,0,0,0,0,0,0,0,0.0,0.0,0.0,0.0,1,2,10,0.00,0.00,0.00,0.00,0.00,0.00,0.03,0.03,0.00,0.03,ar ARG,"DF,MF",Platense,Copa de la Liga,22,2001,1.5,0,0,0,0,0.00,0.00,0,0,0,0,0,0,0.0,0.0,0,0.0,0.0,ar ARG,"DF,MF",Platense,Copa de la Liga,22,2001,1.5,37,54,68.5,580,182,24,25,96.0,8,15,53.3,4,9,44.4,0,0.0,0.1,0.0,1,1,2,1,2,ar ARG,"DF,MF",Platense,Copa de la Liga,22,2001,1.5,54,47,7,1,0,1,7,6,0,0,0,0,37,0,3,ar ARG,"DF,MF",Platense,Copa de la Liga,22,2001,1.5,2,1.34,2,0,0,0,0,0,0,0.00,0,0,0,0,0,0,ar ARG,"DF,MF",Platense,Copa de la Liga,22,2001,1.5,3,2,1,1,1,3,4,75.0,1,5,1,4,0,3,6,0,ar ARG,"DF,MF",Platense,Copa de la Liga,22,2001,1.5,77,5,16,36,26,2,77,1,1,100.0,0,0.0,27,89,47,1,1,0,7,2,37,10,ar ARG,"DF,MF",Platense,Copa de la Liga,22,2001,4,134,34,10.6,1.5,1,66,0,3,23,9,0.75,0,3,-3,-2.01,-1.93,0.8,2.0,-1.3,-0.85,-0.93,ar ARG,"DF,MF",Platense,Copa de la Liga,22,2001,1.5,0,0,0,1,0,1,7,0,2,0,0,0,7,3,4,42.9
Nicolás Valentini,ar ARG,DF,Boca Juniors,Copa de la Liga,22,2001,7,4,345,3.8,1,0,1,1,0,0,1,0,0.1,0.1,0.0,0.1,3,10,2,0.26,0.00,0.26,0.26,0.26,0.03,0.00,0.03,0.03,0.03,ar ARG,DF,Boca Juniors,Copa de la Liga,22,2001,3.8,1,2,1,50.0,0.52,0.26,0.50,1.00,7.9,0,0,0,0.1,0.1,0.06,+0.9,+0.9,ar ARG,DF,Boca Juniors,Copa de la Liga,22,2001,3.8,111,157,70.7,2149,886,38,43,88.4,50,58,86.2,16,46,34.8,0,0.0,0.7,0.0,1,9,3,0,10,ar ARG,DF,Boca Juniors,Copa de la Liga,22,2001,3.8,157,140,17,6,0,3,0,0,0,0,0,0,111,0,3,ar ARG,DF,Boca Juniors,Copa de la Liga,22,2001,3.8,1,0.26,1,0,0,0,0,0,0,0.00,0,0,0,0,0,0,ar ARG,DF,Boca Juniors,Copa de la Liga,22,2001,3.8,3,2,1,2,0,3,4,75.0,1,3,2,1,1,4,18,0,ar ARG,DF,Boca Juniors,Copa de la Liga,22,2001,3.8,188,29,101,74,14,5,188,0,0,0,0,0,83,496,281,3,0,0,1,0,103,2,ar ARG,DF,Boca Juniors,Copa de la Liga,22,2001,7,345,49,27.4,3.8,4,74,3,3,17,1,1.86,9,6,+3,+0.78,+0.29,7.0,3.2,+3.8,+0.98,+0.48,ar ARG,DF,Boca Juniors,Copa de la Liga,22,2001,3.8,1,0,0,7,2,0,0,1,2,0,0,0,8,7,4,63.6
Jeremías Vallejos,ar ARG,DF,Sarmiento,Copa de la Liga,20,2003,4,3,270,3.0,0,0,0,0,0,0,0,0,0.1,0.1,0.1,0.1,2,3,9,0.00,0.00,0.00,0.00,0.00,0.02,0.02,0.04,0.02,0.04,ar ARG,DF,Sarmiento,Copa de la Liga,20,2003,3.0,0,3,1,33.3,1.00,0.33,0.00,0.00,28.0,0,0,0,0.1,0.1,0.02,-0.1,-0.1,ar ARG,DF,Sarmiento,Copa de la Liga,20,2003,3.0,82,131,62.6,1529,702,35,43,81.4,38,55,69.1,9,24,37.5,0,0.1,0.2,-0.1,2,4,2,2,3,ar ARG,DF,Sarmiento,Copa de la Liga,20,2003,3.0,131,82,48,2,0,1,12,45,1,0,1,0,82,1,6,ar ARG,DF,Sarmiento,Copa de la Liga,20,2003,3.0,3,1.00,1,2,0,0,0,0,0,0.00,0,0,0,0,0,0,ar ARG,DF,Sarmiento,Copa de la Liga,20,2003,3.0,8,5,4,4,0,6,9,66.7,3,3,0,3,5,13,8,0,ar ARG,DF,Sarmiento,Copa de la Liga,20,2003,3.0,175,10,53,86,37,1,175,9,4,44.4,5,55.6,55,284,123,2,5,0,5,3,64,9,ar ARG,DF,Sarmiento,Copa de la Liga,20,2003,4,270,68,21.4,3.0,3,75,2,1,45,2,0.25,1,6,-5,-1.67,-1.21,1.3,3.9,-2.6,-0.87,-0.49,ar ARG,DF,Sarmiento,Copa de la Liga,20,2003,3.0,0,0,0,2,4,1,12,5,5,0,0,0,18,4,5,44.4
Leonel Vangioni,ar ARG,"DF,MF",Newell's OB,Copa de la Liga,36,1987,7,1,164,1.8,0,0,0,0,0,0,1,0,0.0,0.0,0.1,0.1,1,11,4,0.00,0.00,0.00,0.00,0.00,0.00,0.03,0.03,0.00,0.03,ar ARG,"DF,MF",Newell's OB,Copa de la Liga,36,1987,1.8,0,0,0,0,0.00,0.00,0,0,0,0,0,0,0.0,0.0,0,0.0,0.0,ar ARG,"DF,MF",Newell's OB,Copa de la Liga,36,1987,1.8,91,109,83.5,1801,727,29,31,93.5,40,48,83.3,16,23,69.6,0,0.1,0.1,-0.1,1,11,1,0,11,ar ARG,"DF,MF",Newell's OB,Copa de la Liga,36,1987,1.8,109,100,9,6,0,1,1,1,0,0,0,0,91,0,2,ar ARG,"DF,MF",Newell's OB,Copa de la Liga,36,1987,1.8,1,0.55,1,0,0,0,0,0,0,0.00,0,0,0,0,0,0,ar ARG,"DF,MF",Newell's OB,Copa de la Liga,36,1987,1.8,3,2,2,1,0,1,4,25.0,3,1,1,0,3,6,10,0,ar ARG,"DF,MF",Newell's OB,Copa de la Liga,36,1987,1.8,134,16,53,69,13,1,134,7,3,42.9,4,57.1,74,342,141,1,3,1,6,1,83,4,ar ARG,"DF,MF",Newell's OB,Copa de la Liga,36,1987,7,164,23,13.0,1.8,1,90,1,6,12,6,2.57,2,3,-1,-0.55,-0.47,2.5,2.9,-0.4,-0.25,-0.26,ar ARG,"DF,MF",Newell's OB,Copa de la Liga,36,1987,1.8,1,0,0,1,4,0,1,3,2,0,0,0,11,6,3,66.7
Ignacio Vázquez,ar ARG,DF,Platense,Copa de la Liga,26,1997,13,13,"1,112",12.4,0,0,0,0,0,0,1,1,0.7,0.7,0.2,0.9,8,36,2,0.00,0.00,0.00,0.00,0.00,0.05,0.01,0.07,0.05,0.07,ar ARG,DF,Platense,Copa de la Liga,26,1997,12.4,0,14,3,21.4,1.13,0.24,0.00,0.00,14.6,0,0,0,0.7,0.7,0.05,-0.7,-0.7,ar ARG,DF,Platense,Copa de la Liga,26,1997,12.4,351,516,68.0,7147,3290,107,142,75.4,188,230,81.7,52,117,44.4,0,0.2,0.3,-0.2,3,24,5,2,36,ar ARG,DF,Platense,Copa de la Liga,26,1997,12.4,516,472,43,28,0,1,10,11,0,0,0,0,351,1,8,ar ARG,DF,Platense,Copa de la Liga,26,1997,12.4,9,0.73,8,0,0,1,0,0,0,0.00,0,0,0,0,0,0,ar ARG,DF,Platense,Copa de la Liga,26,1997,12.4,33,25,15,17,1,19,37,51.4,18,18,6,12,21,54,55,1,ar ARG,DF,Platense,Copa de la Liga,26,1997,12.4,669,82,315,317,39,16,669,5,2,40.0,2,40.0,258,1199,814,8,6,0,7,3,290,2,ar ARG,DF,Platense,Copa de la Liga,26,1997,13,"1,112",86,88.3,12.4,13,86,12,0,0,0,1.15,7,12,-5,-0.40,-1.01,11.9,13.3,-1.3,-0.11,-0.73,ar ARG,DF,Platense,Copa de la Liga,26,1997,12.4,1,1,0,11,17,0,10,21,25,0,0,0,57,48,19,71.6
Kevin Vázquez,ar ARG,MF,Cen. Córdoba–SdE,Copa de la Liga,22,2001,8,4,317,3.5,0,1,1,0,0,0,1,0,0.1,0.1,0.2,0.3,1,12,1,0.00,0.28,0.28,0.00,0.28,0.02,0.06,0.08,0.02,0.08,ar ARG,MF,Cen. Córdoba–SdE,Copa de la Liga,22,2001,3.5,0,1,1,100.0,0.28,0.28,0.00,0.00,29.2,1,0,0,0.1,0.1,0.09,-0.1,-0.1,ar ARG,MF,Cen. Córdoba–SdE,Copa de la Liga,22,2001,3.5,141,165,85.5,2925,808,51,55,92.7,56,62,90.3,27,34,79.4,1,0.2,0.1,+0.8,2,12,3,1,12,ar ARG,MF,Cen. Córdoba–SdE,Copa de la Liga,22,2001,3.5,165,158,6,6,0,5,1,0,0,0,0,0,141,1,4,ar ARG,MF,Cen. Córdoba–SdE,Copa de la Liga,22,2001,3.5,4,1.13,3,0,0,1,0,0,1,0.28,1,0,0,0,0,0,ar ARG,MF,Cen. Córdoba–SdE,Copa de la Liga,22,2001,3.5,6,4,3,2,1,2,6,33.3,4,5,1,4,4,10,3,1,ar ARG,MF,Cen. Córdoba–SdE,Copa de la Liga,22,2001,3.5,186,7,51,121,16,0,186,2,2,100.0,0,0.0,95,362,171,1,2,0,1,2,120,1,ar ARG,MF,Cen. Córdoba–SdE,Copa de la Liga,22,2001,8,317,40,25.2,3.5,4,71,2,4,8,3,1.25,5,5,0,0.00,+0.95,3.1,5.2,-2.1,-0.58,+0.25,ar ARG,MF,Cen. Córdoba–SdE,Copa de la Liga,22,2001,3.5,1,0,0,5,2,0,1,4,4,0,0,0,21,1,5,16.7
Thiago Vecino,uy URU,"FW,MF",Vélez Sarsfield,Copa de la Liga,24,1999,6,0,106,1.2,0,0,0,0,0,0,1,0,1.3,1.3,0.1,1.4,4,2,5,0.00,0.00,0.00,0.00,0.00,1.13,0.07,1.20,1.13,1.20,uy URU,"FW,MF",Vélez Sarsfield,Copa de la Liga,24,1999,1.2,0,12,5,41.7,10.19,4.25,0.00,0.00,16.6,0,0,0,1.3,1.3,0.11,-1.3,-1.3,uy URU,"FW,MF",Vélez Sarsfield,Copa de la Liga,24,1999,1.2,14,31,45.2,184,27,11,18,61.1,3,9,33.3,0,1,0.0,0,0.1,0.0,-0.1,1,1,1,0,2,uy URU,"FW,MF",Vélez Sarsfield,Copa de la Liga,24,1999,1.2,31,31,0,0,0,0,0,0,0,0,0,0,14,0,1,uy URU,"FW,MF",Vélez Sarsfield,Copa de la Liga,24,1999,1.2,7,5.94,3,0,0,3,1,0,1,0.85,0,0,0,1,0,0,uy URU,"FW,MF",Vélez Sarsfield,Copa de la Liga,24,1999,1.2,1,1,0,0,1,0,1,0.0,1,1,0,1,0,1,1,0,uy URU,"FW,MF",Vélez Sarsfield,Copa de la Liga,24,1999,1.2,58,1,3,25,32,14,58,0,0,0,0,0,41,159,99,4,3,3,4,2,45,5,uy URU,"FW,MF",Vélez Sarsfield,Copa de la Liga,24,1999,6,106,18,8.4,1.2,0,0,0,6,18,3,1.88,3,0,+3,+2.55,+2.70,3.4,1.1,+2.3,+1.97,+1.77,uy URU,"FW,MF",Vélez Sarsfield,Copa de la Liga,24,1999,1.2,1,0,0,5,3,1,0,0,1,0,0,0,4,4,13,23.5
Román Vega,ar ARG,DF,Arg Juniors,Copa de la Liga,20,2004,11,10,895,9.9,0,1,1,0,0,0,1,0,0.1,0.1,1.2,1.3,32,23,31,0.00,0.10,0.10,0.00,0.10,0.01,0.12,0.13,0.01,0.13,ar ARG,DF,Arg Juniors,Copa de la Liga,20,2004,9.9,0,4,1,25.0,0.40,0.10,0.00,0.00,30.7,1,0,0,0.1,0.1,0.02,-0.1,-0.1,ar ARG,DF,Arg Juniors,Copa de la Liga,20,2004,9.9,406,563,72.1,7755,2392,171,189,90.5,179,244,73.4,56,111,50.5,1,1.2,1.3,-0.2,15,19,14,11,23,ar ARG,DF,Arg Juniors,Copa de la Liga,20,2004,9.9,563,452,110,9,0,6,68,91,9,0,9,0,406,1,16,ar ARG,DF,Arg Juniors,Copa de la Liga,20,2004,9.9,28,2.82,21,5,1,0,1,0,2,0.20,2,0,0,0,0,0,ar ARG,DF,Arg Juniors,Copa de la Liga,20,2004,9.9,23,13,15,7,1,10,19,52.6,9,12,6,6,11,34,30,1,ar ARG,DF,Arg Juniors,Copa de la Liga,20,2004,9.9,674,38,231,315,135,4,674,12,6,50.0,6,50.0,352,2413,1269,32,30,1,13,6,377,31,ar ARG,DF,Arg Juniors,Copa de la Liga,20,2004,11,895,81,71.0,9.9,10,87,8,1,30,2,1.85,21,10,+11,+1.11,+1.11,16.0,11.7,+4.2,+0.42,+0.98,ar ARG,DF,Arg Juniors,Copa de la Liga,20,2004,9.9,1,0,0,8,13,0,68,11,13,0,0,0,45,8,4,66.7
Gustavo Velásquez,py PAR,DF,Newell's OB,Copa de la Liga,32,1991,14,14,"1,260",14.0,1,1,2,1,0,0,0,0,0.4,0.4,0.3,0.6,10,53,1,0.07,0.07,0.14,0.07,0.14,0.03,0.02,0.05,0.03,0.05,py PAR,DF,Newell's OB,Copa de la Liga,32,1991,14.0,1,8,1,12.5,0.57,0.07,0.13,1.00,17.1,0,0,0,0.4,0.4,0.05,+0.6,+0.6,py PAR,DF,Newell's OB,Copa de la Liga,32,1991,14.0,451,564,80.0,9677,3946,128,148,86.5,236,268,88.1,79,130,60.8,1,0.3,0.6,+0.7,3,42,3,1,53,py PAR,DF,Newell's OB,Copa de la Liga,32,1991,14.0,564,540,24,21,0,12,1,1,0,0,0,0,451,0,6,py PAR,DF,Newell's OB,Copa de la Liga,32,1991,14.0,13,0.93,12,0,0,0,1,0,2,0.14,2,0,0,0,0,0,py PAR,DF,Newell's OB,Copa de la Liga,32,1991,14.0,15,11,12,3,0,11,17,64.7,6,16,12,4,15,30,90,0,py PAR,DF,Newell's OB,Copa de la Liga,32,1991,14.0,738,115,397,312,33,20,738,3,2,66.7,1,33.3,326,1989,1295,10,1,0,11,7,356,1,py PAR,DF,Newell's OB,Copa de la Liga,32,1991,14,"1,260",90,100.0,14.0,14,90,14,0,0,0,1.50,13,15,-2,-0.14,0,14.2,14.4,-0.3,-0.02,0,py PAR,DF,Newell's OB,Copa de la Liga,32,1991,14.0,0,0,0,4,12,0,1,15,11,0,0,0,76,39,19,67.2
Pedro Velurtas,ar ARG,"DF,FW",Barracas Central,Copa de la Liga,22,2001,4,0,59,0.7,0,0,0,0,0,0,0,0,0.0,0.0,0.0,0.0,2,1,0,0.00,0.00,0.00,0.00,0.00,0.00,0.00,0.00,0.00,0.00,ar ARG,"DF,FW",Barracas Central,Copa de la Liga,22,2001,0.7,0,0,0,0,0.00,0.00,0,0,0,0,0,0,0.0,0.0,0,0.0,0.0,ar ARG,"DF,FW",Barracas Central,Copa de la Liga,22,2001,0.7,14,17,82.4,144,105,10,10,100.0,2,3,66.7,0,2,0.0,0,0.0,0.0,0.0,0,0,0,0,1,ar ARG,"DF,FW",Barracas Central,Copa de la Liga,22,2001,0.7,17,13,4,1,0,0,1,3,0,0,0,0,14,0,0,ar ARG,"DF,FW",Barracas Central,Copa de la Liga,22,2001,0.7,0,0.00,0,0,0,0,0,0,0,0.00,0,0,0,0,0,0,ar ARG,"DF,FW",Barracas Central,Copa de la Liga,22,2001,0.7,2,1,0,2,0,1,1,100.0,0,1,0,1,0,2,0,0,ar ARG,"DF,FW",Barracas Central,Copa de la Liga,22,2001,0.7,23,2,10,10,4,0,23,1,1,100.0,0,0.0,9,88,39,2,1,0,2,0,11,0,ar ARG,"DF,FW",Barracas Central,Copa de la Liga,22,2001,4,59,15,4.7,0.7,0,0,0,4,15,8,3.00,0,2,-2,-3.05,-3.58,0.6,1.0,-0.4,-0.54,-0.37,ar ARG,"DF,FW",Barracas Central,Copa de la Liga,22,2001,0.7,0,0,0,1,1,0,1,0,1,0,0,0,4,0,2,0.0
Federico Vera,ar ARG,DF,Unión,Copa de la Liga,25,1998,13,12,"1,016",11.3,0,0,0,0,0,0,5,0,0.3,0.3,1.0,1.3,29,29,51,0.00,0.00,0.00,0.00,0.00,0.02,0.09,0.12,0.02,0.12,ar ARG,DF,Unión,Copa de la Liga,25,1998,11.3,0,7,0,0.0,0.62,0.00,0.00,0,22.4,0,0,0,0.3,0.3,0.04,-0.3,-0.3,ar ARG,DF,Unión,Copa de la Liga,25,1998,11.3,288,431,66.8,5714,2433,98,129,76.0,136,179,76.0,45,82,54.9,0,1.0,1.3,-1.0,11,21,14,11,29,ar ARG,DF,Unión,Copa de la Liga,25,1998,11.3,431,335,95,4,0,6,53,91,0,0,0,0,288,1,27,ar ARG,DF,Unión,Copa de la Liga,25,1998,11.3,28,2.48,15,5,5,0,3,0,2,0.18,1,0,0,0,1,0,ar ARG,DF,Unión,Copa de la Liga,25,1998,11.3,29,17,12,14,3,10,30,33.3,20,14,0,14,16,45,12,0,ar ARG,DF,Unión,Copa de la Liga,25,1998,11.3,588,16,123,248,230,10,588,50,24,48.0,22,44.0,273,1859,774,29,19,2,34,16,282,51,ar ARG,DF,Unión,Copa de la Liga,25,1998,13,"1,016",78,80.6,11.3,12,82,6,1,36,0,1.31,13,10,+3,+0.27,+0.63,11.8,12.5,-0.7,-0.06,-0.03,ar ARG,DF,Unión,Copa de la Liga,25,1998,11.3,5,0,0,19,21,0,53,16,17,0,0,0,79,4,9,30.8
Lionel Verde,ar ARG,MF,Unión,Copa de la Liga,19,2004,5,0,60,0.7,0,0,0,0,0,0,0,0,0.1,0.1,0.0,0.1,4,6,2,0.00,0.00,0.00,0.00,0.00,0.12,0.00,0.12,0.12,0.12,ar ARG,MF,Unión,Copa de la Liga,19,2004,0.7,0,3,0,0.0,4.50,0.00,0.00,0,29.5,0,0,0,0.1,0.1,0.03,-0.1,-0.1,ar ARG,MF,Unión,Copa de la Liga,19,2004,0.7,15,24,62.5,339,177,7,9,77.8,4,6,66.7,4,8,50.0,0,0.0,0.1,0.0,0,5,2,0,6,ar ARG,MF,Unión,Copa de la Liga,19,2004,0.7,24,18,6,3,0,0,4,1,2,1,1,0,15,0,1,ar ARG,MF,Unión,Copa de la Liga,19,2004,0.7,2,3.00,0,1,0,1,0,0,0,0.00,0,0,0,0,0,0,ar ARG,MF,Unión,Copa de la Liga,19,2004,0.7,1,0,1,0,0,0,0,0,0,0,0,0,0,1,1,0,ar ARG,MF,Unión,Copa de la Liga,19,2004,0.7,37,1,5,19,14,0,37,3,2,66.7,1,33.3,21,130,81,4,3,0,4,6,22,2,ar ARG,MF,Unión,Copa de la Liga,19,2004,5,60,12,4.8,0.7,0,0,0,5,12,6,1.00,0,0,0,0.00,-0.15,0.5,0.4,0.0,+0.05,+0.11,ar ARG,MF,Unión,Copa de la Liga,19,2004,0.7,0,0,0,1,2,0,4,0,0,0,0,0,4,0,0,0
Gastón Verón,ar ARG,FW,Arg Juniors,Copa de la Liga,22,2001,12,8,685,7.6,2,2,4,1,1,1,2,0,1.4,0.6,1.3,1.8,13,23,39,0.26,0.26,0.53,0.13,0.39,0.18,0.16,0.34,0.07,0.24,ar ARG,FW,Arg Juniors,Copa de la Liga,22,2001,7.6,2,10,5,50.0,1.31,0.66,0.10,0.20,18.3,0,1,1,1.4,0.6,0.06,+0.6,+0.4,ar ARG,FW,Arg Juniors,Copa de la Liga,22,2001,7.6,121,177,68.4,1622,507,64,86,74.4,46,60,76.7,2,5,40.0,2,1.3,0.4,+0.7,8,18,13,0,23,ar ARG,FW,Arg Juniors,Copa de la Liga,22,2001,7.6,177,171,4,2,0,1,5,1,0,0,0,0,121,2,7,ar ARG,FW,Arg Juniors,Copa de la Liga,22,2001,7.6,23,3.03,14,0,2,1,6,0,3,0.39,1,0,1,0,1,0,ar ARG,FW,Arg Juniors,Copa de la Liga,22,2001,7.6,9,8,1,4,4,4,11,36.4,7,11,4,7,1,10,10,0,ar ARG,FW,Arg Juniors,Copa de la Liga,22,2001,7.6,300,11,27,145,131,23,299,30,11,36.7,14,46.7,191,1059,394,13,13,2,26,23,213,39,ar ARG,FW,Arg Juniors,Copa de la Liga,22,2001,12,685,57,54.4,7.6,8,72,1,4,27,2,1.71,12,8,+4,+0.53,-0.57,10.6,10.9,-0.2,-0.03,-0.38,ar ARG,FW,Arg Juniors,Copa de la Liga,22,2001,7.6,2,0,0,28,16,3,5,1,8,1,0,0,25,26,37,41.3
Camilo Viganoni,ar ARG,FW,Cen. Córdoba–SdE,Copa de la Liga,20,2003,6,0,73,0.8,1,0,1,1,0,0,0,0,0.2,0.2,0.0,0.2,1,2,3,1.23,0.00,1.23,1.23,1.23,0.22,0.00,0.22,0.22,0.22,ar ARG,FW,Cen. Córdoba–SdE,Copa de la Liga,20,2003,0.8,1,1,1,100.0,1.23,1.23,1.00,1.00,7.9,0,0,0,0.2,0.2,0.18,+0.8,+0.8,ar ARG,FW,Cen. Córdoba–SdE,Copa de la Liga,20,2003,0.8,10,15,66.7,104,15,6,8,75.0,3,5,60.0,0,1,0.0,0,0.0,0.0,0.0,0,0,0,0,2,ar ARG,FW,Cen. Córdoba–SdE,Copa de la Liga,20,2003,0.8,15,14,1,0,1,0,0,0,0,0,0,0,10,0,0,ar ARG,FW,Cen. Córdoba–SdE,Copa de la Liga,20,2003,0.8,0,0.00,0,0,0,0,0,0,0,0.00,0,0,0,0,0,0,ar ARG,FW,Cen. Córdoba–SdE,Copa de la Liga,20,2003,0.8,0,0,0,0,0,0,0,0,0,0,0,0,0,0,1,0,ar ARG,FW,Cen. Córdoba–SdE,Copa de la Liga,20,2003,0.8,21,1,1,12,9,3,21,1,0,0.0,1,100.0,9,40,11,1,1,0,3,1,13,3,ar ARG,FW,Cen. Córdoba–SdE,Copa de la Liga,20,2003,6,73,12,5.8,0.8,0,0,0,6,12,3,0.67,1,1,0,0.00,+0.76,0.6,2.0,-1.4,-1.72,-1.01,ar ARG,FW,Cen. Córdoba–SdE,Copa de la Liga,20,2003,0.8,0,0,0,2,1,2,0,0,0,0,0,0,3,2,3,40.0
Alex Vigo,ar ARG,DF,Talleres,Copa de la Liga,24,1999,3,2,138,1.5,0,0,0,0,0,0,0,0,0.0,0.0,0.0,0.0,3,6,12,0.00,0.00,0.00,0.00,0.00,0.00,0.00,0.00,0.00,0.00,ar ARG,DF,Talleres,Copa de la Liga,24,1999,1.5,0,0,0,0,0.00,0.00,0,0,0,0,0,0,0.0,0.0,0,0.0,0.0,ar ARG,DF,Talleres,Copa de la Liga,24,1999,1.5,76,90,84.4,1217,297,40,46,87.0,29,33,87.9,5,8,62.5,0,0.0,0.0,0.0,0,6,0,0,6,ar ARG,DF,Talleres,Copa de la Liga,24,1999,1.5,90,75,15,1,0,1,3,14,0,0,0,0,76,0,1,ar ARG,DF,Talleres,Copa de la Liga,24,1999,1.5,1,0.65,1,0,0,0,0,0,0,0.00,0,0,0,0,0,0,ar ARG,DF,Talleres,Copa de la Liga,24,1999,1.5,3,2,0,2,1,1,4,25.0,3,2,1,1,2,5,0,0,ar ARG,DF,Talleres,Copa de la Liga,24,1999,1.5,103,1,17,69,18,0,103,2,1,50.0,1,50.0,58,233,78,3,1,0,4,1,69,12,ar ARG,DF,Talleres,Copa de la Liga,24,1999,3,138,46,11.0,1.5,2,68,0,1,2,11,2.33,1,2,-1,-0.65,-1.37,1.0,2.3,-1.3,-0.88,-1.50,ar ARG,DF,Talleres,Copa de la Liga,24,1999,1.5,0,0,0,1,1,0,3,2,2,0,0,0,7,1,0,100.0
Rodrigo Villagra,ar ARG,MF,River Plate,Copa de la Liga,22,2001,9,6,531,5.9,0,0,0,0,0,0,0,0,0.1,0.1,0.0,0.1,7,27,3,0.00,0.00,0.00,0.00,0.00,0.01,0.00,0.01,0.01,0.01,ar ARG,MF,River Plate,Copa de la Liga,22,2001,5.9,0,2,0,0.0,0.34,0.00,0.00,0,23.9,0,0,0,0.1,0.1,0.03,-0.1,-0.1,ar ARG,MF,River Plate,Copa de la Liga,22,2001,5.9,290,325,89.2,5365,1506,132,148,89.2,121,134,90.3,35,39,89.7,0,0.0,0.1,0.0,0,23,1,0,27,ar ARG,MF,River Plate,Copa de la Liga,22,2001,5.9,325,314,11,10,0,5,0,1,0,0,0,0,290,0,0,ar ARG,MF,River Plate,Copa de la Liga,22,2001,5.9,6,1.02,5,0,0,0,0,1,0,0.00,0,0,0,0,0,0,ar ARG,MF,River Plate,Copa de la Liga,22,2001,5.9,12,8,6,6,0,3,9,33.3,6,1,0,1,5,17,7,0,ar ARG,MF,River Plate,Copa de la Liga,22,2001,5.9,365,7,85,253,31,1,365,4,3,75.0,1,25.0,212,969,444,7,3,0,8,7,248,3,ar ARG,MF,River Plate,Copa de la Liga,22,2001,9,531,59,42.1,5.9,6,76,2,3,26,3,1.60,12,5,+7,+1.19,+0.08,12.0,4.8,+7.2,+1.23,+0.44,ar ARG,MF,River Plate,Copa de la Liga,22,2001,5.9,0,0,0,9,5,0,0,5,8,0,1,0,35,9,4,69.2
Carlos Villalba,ar ARG,MF,Platense,Copa de la Liga,25,1998,12,8,770,8.6,0,0,0,0,0,0,3,0,0.1,0.1,0.5,0.6,2,26,4,0.00,0.00,0.00,0.00,0.00,0.01,0.06,0.07,0.01,0.07,ar ARG,MF,Platense,Copa de la Liga,25,1998,8.6,0,3,1,33.3,0.35,0.12,0.00,0.00,21.4,0,0,0,0.1,0.1,0.02,-0.1,-0.1,ar ARG,MF,Platense,Copa de la Liga,25,1998,8.6,213,293,72.7,3680,1228,115,137,83.9,76,97,78.4,21,43,48.8,0,0.5,0.3,-0.5,11,19,1,0,26,ar ARG,MF,Platense,Copa de la Liga,25,1998,8.6,293,269,20,10,0,3,9,2,6,0,6,0,213,4,6,ar ARG,MF,Platense,Copa de la Liga,25,1998,8.6,18,2.10,12,4,0,1,1,0,0,0.00,0,0,0,0,0,0,ar ARG,MF,Platense,Copa de la Liga,25,1998,8.6,25,20,10,14,1,16,26,61.5,10,16,5,11,14,39,16,0,ar ARG,MF,Platense,Copa de la Liga,25,1998,8.6,393,21,92,259,47,4,393,13,7,53.8,6,46.2,139,639,326,2,2,1,6,3,153,4,ar ARG,MF,Platense,Copa de la Liga,25,1998,12,770,64,61.1,8.6,8,86,5,4,21,1,1.38,8,5,+3,+0.35,+1.64,6.6,8.6,-2.0,-0.24,-0.55,ar ARG,MF,Platense,Copa de la Liga,25,1998,8.6,3,0,0,18,6,0,9,14,20,0,0,0,56,13,8,61.9
Tomás Villoldo,ar ARG,DF,Deportivo Riestra,Copa de la Liga,28,1995,2,1,59,0.7,0,0,0,0,0,0,1,0,0.0,0.0,0.0,0.0,0,0,0,0.00,0.00,0.00,0.00,0.00,0.00,0.02,0.02,0.00,0.02,ar ARG,DF,Deportivo Riestra,Copa de la Liga,28,1995,0.7,0,0,0,0,0.00,0.00,0,0,0,0,0,0,0.0,0.0,0,0.0,0.0,ar ARG,DF,Deportivo Riestra,Copa de la Liga,28,1995,0.7,8,16,50.0,152,127,2,4,50.0,6,9,66.7,0,2,0.0,0,0.0,0.0,0.0,1,0,1,1,0,ar ARG,DF,Deportivo Riestra,Copa de la Liga,28,1995,0.7,16,9,7,0,0,0,1,7,0,0,0,0,8,0,1,ar ARG,DF,Deportivo Riestra,Copa de la Liga,28,1995,0.7,1,1.53,1,0,0,0,0,0,0,0.00,0,0,0,0,0,0,ar ARG,DF,Deportivo Riestra,Copa de la Liga,28,1995,0.7,2,1,2,0,0,2,3,66.7,1,0,0,0,1,3,1,0,ar ARG,DF,Deportivo Riestra,Copa de la Liga,28,1995,0.7,22,1,13,5,4,0,22,1,0,0.0,1,100.0,4,15,12,0,0,0,1,0,3,0,ar ARG,DF,Deportivo Riestra,Copa de la Liga,28,1995,2,59,30,4.7,0.7,1,25,0,1,34,3,0.50,0,1,-1,-1.53,-1.00,0.2,1.3,-1.1,-1.71,-0.97,ar ARG,DF,Deportivo Riestra,Copa de la Liga,28,1995,0.7,1,0,0,1,0,0,1,1,1,0,1,0,2,0,0,0
Galván Vittar,ar ARG,DF,Cen. Córdoba–SdE,Copa de la Liga,19,2004,1,1,90,1.0,0,0,0,0,0,0,0,0,0.0,0.0,0.0,0.0,0,0,0,0.00,0.00,0.00,0.00,0.00,0.00,0.00,0.00,0.00,0.00,ar ARG,DF,Cen. Córdoba–SdE,Copa de la Liga,19,2004,1.0,0,0,0,0,0.00,0.00,0,0,0,0,0,0,0.0,0.0,0,0.0,0.0,ar ARG,DF,Cen. Córdoba–SdE,Copa de la Liga,19,2004,1.0,11,21,52.4,195,94,4,5,80.0,7,9,77.8,0,7,0.0,0,0.0,0.0,0.0,0,0,0,0,0,ar ARG,DF,Cen. Córdoba–SdE,Copa de la Liga,19,2004,1.0,21,21,0,0,0,0,0,0,0,0,0,0,11,0,0,ar ARG,DF,Cen. Córdoba–SdE,Copa de la Liga,19,2004,1.0,0,0.00,0,0,0,0,0,0,0,0.00,0,0,0,0,0,0,ar ARG,DF,Cen. Córdoba–SdE,Copa de la Liga,19,2004,1.0,1,1,1,0,0,1,2,50.0,1,2,2,0,0,1,3,0,ar ARG,DF,Cen. Córdoba–SdE,Copa de la Liga,19,2004,1.0,29,7,17,11,1,0,29,0,0,0,0,0,11,38,22,0,0,0,0,1,10,0,ar ARG,DF,Cen. Córdoba–SdE,Copa de la Liga,19,2004,1,90,90,7.1,1.0,1,90,1,0,0,0,1.00,0,0,0,0.00,+0.77,0.9,0.6,+0.3,+0.25,+1.10,ar ARG,DF,Cen. Córdoba–SdE,Copa de la Liga,19,2004,1.0,0,0,0,0,0,0,0,0,1,0,0,0,2,3,5,37.5
Emiliano Viveros,ar ARG,MF,Arg Juniors,Copa de la Liga,21,2002,7,1,198,2.2,0,0,0,0,0,0,0,0,0.1,0.1,0.5,0.6,1,8,9,0.00,0.00,0.00,0.00,0.00,0.05,0.25,0.29,0.05,0.29,ar ARG,MF,Arg Juniors,Copa de la Liga,21,2002,2.2,0,2,0,0.0,0.91,0.00,0.00,0,28.6,0,0,0,0.1,0.1,0.05,-0.1,-0.1,ar ARG,MF,Arg Juniors,Copa de la Liga,21,2002,2.2,65,92,70.7,845,231,46,53,86.8,17,22,77.3,1,6,16.7,0,0.5,0.6,-0.5,4,6,3,0,8,ar ARG,MF,Arg Juniors,Copa de la Liga,21,2002,2.2,92,86,3,0,3,1,5,0,3,0,2,0,65,3,4,ar ARG,MF,Arg Juniors,Copa de la Liga,21,2002,2.2,6,2.73,5,0,0,0,0,1,0,0.00,0,0,0,0,0,0,ar ARG,MF,Arg Juniors,Copa de la Liga,21,2002,2.2,6,5,3,3,0,2,6,33.3,4,8,1,7,1,7,3,0,ar ARG,MF,Arg Juniors,Copa de la Liga,21,2002,2.2,126,2,23,66,39,3,126,10,4,40.0,6,60.0,67,330,100,1,5,0,6,2,77,9,ar ARG,MF,Arg Juniors,Copa de la Liga,21,2002,7,198,28,15.7,2.2,1,65,0,6,22,3,2.00,1,5,-4,-1.82,-3.09,2.2,4.2,-2.0,-0.90,-1.24,ar ARG,MF,Arg Juniors,Copa de la Liga,21,2002,2.2,0,0,0,7,5,0,5,1,5,0,0,0,15,4,2,66.7
Franco Watson,ar ARG,MF,Lanús,Copa de la Liga,24,2000,1,1,45,0.5,0,0,0,0,0,0,0,0,0.0,0.0,0.0,0.0,0,0,2,0.00,0.00,0.00,0.00,0.00,0.00,0.00,0.00,0.00,0.00,ar ARG,MF,Lanús,Copa de la Liga,24,2000,0.5,0,0,0,0,0.00,0.00,0,0,0,0,0,0,0.0,0.0,0,0.0,0.0,ar ARG,MF,Lanús,Copa de la Liga,24,2000,0.5,7,9,77.8,104,26,1,2,50.0,5,5,100.0,0,0,0,0,0.0,0.0,0.0,0,1,0,0,0,ar ARG,MF,Lanús,Copa de la Liga,24,2000,0.5,9,8,0,0,0,0,0,0,0,0,0,0,7,1,0,ar ARG,MF,Lanús,Copa de la Liga,24,2000,0.5,0,0.00,0,0,0,0,0,0,0,0.00,0,0,0,0,0,0,ar ARG,MF,Lanús,Copa de la Liga,24,2000,0.5,0,0,0,0,0,0,2,0.0,2,1,0,1,0,0,0,0,ar ARG,MF,Lanús,Copa de la Liga,24,2000,0.5,14,0,3,9,2,0,14,1,0,0.0,0,0.0,8,29,21,0,0,0,2,0,10,2,ar ARG,MF,Lanús,Copa de la Liga,24,2000,1,45,45,3.6,0.5,1,45,0,0,0,10,0.00,0,0,0,0.00,-0.44,0.2,0.7,-0.5,-0.97,-1.45,ar ARG,MF,Lanús,Copa de la Liga,24,2000,0.5,0,0,0,1,2,0,0,0,0,0,0,0,4,1,2,33.3
Axel Werner,ar ARG,GK,Rosario Central,Copa de la Liga,27,1996,1,1,90,1.0,0,0,0,0,0,0,0,0,0.0,0.0,0.0,0.0,0,0,0,0.00,0.00,0.00,0.00,0.00,0.00,0.00,0.00,0.00,0.00,ar ARG,GK,Rosario Central,Copa de la Liga,27,1996,1.0,0,0,0,0,0.00,0.00,0,0,0,0,0,0,0.0,0.0,0,0.0,0.0,ar ARG,GK,Rosario Central,Copa de la Liga,27,1996,1.0,7,31,22.6,303,264,0,0,0,2,2,100.0,5,29,17.2,0,0.0,0.0,0.0,0,0,0,0,0,ar ARG,GK,Rosario Central,Copa de la Liga,27,1996,1.0,31,13,18,5,0,0,0,0,0,0,0,0,7,0,0,ar ARG,GK,Rosario Central,Copa de la Liga,27,1996,1.0,0,0.00,0,0,0,0,0,0,0,0.00,0,0,0,0,0,0,ar ARG,GK,Rosario Central,Copa de la Liga,27,1996,1.0,0,0,0,0,0,0,0,0,0,0,0,0,0,0,0,0,ar ARG,GK,Rosario Central,Copa de la Liga,27,1996,1.0,33,27,31,2,0,0,33,0,0,0,0,0,14,96,82,0,0,0,0,0,7,0,ar ARG,GK,Rosario Central,Copa de la Liga,27,1996,1,90,90,7.1,1.0,1,90,1,0,0,13,0.00,1,2,-1,-1.00,-0.46,0.1,2.4,-2.2,-2.23,-1.83,ar ARG,GK,Rosario Central,Copa de la Liga,27,1996,1.0,0,0,0,0,1,0,0,0,0,0,0,0,0,0,0,0
Daniel Zabala,ar ARG,DF,River Plate,Copa de la Liga,21,2003,2,1,135,1.5,0,0,0,0,0,0,0,0,0.0,0.0,0.1,0.1,0,6,0,0.00,0.00,0.00,0.00,0.00,0.00,0.04,0.04,0.00,0.04,ar ARG,DF,River Plate,Copa de la Liga,21,2003,1.5,0,0,0,0,0.00,0.00,0,0,0,0,0,0,0.0,0.0,0,0.0,0.0,ar ARG,DF,River Plate,Copa de la Liga,21,2003,1.5,83,86,96.5,1484,735,30,31,96.8,46,47,97.9,5,5,100.0,0,0.1,0.0,-0.1,1,0,0,0,6,ar ARG,DF,River Plate,Copa de la Liga,21,2003,1.5,86,84,2,2,0,1,0,0,0,0,0,0,83,0,1,ar ARG,DF,River Plate,Copa de la Liga,21,2003,1.5,1,0.67,1,0,0,0,0,0,0,0.00,0,0,0,0,0,0,ar ARG,DF,River Plate,Copa de la Liga,21,2003,1.5,6,6,4,2,0,3,3,100.0,0,1,0,1,2,8,11,0,ar ARG,DF,River Plate,Copa de la Liga,21,2003,1.5,110,14,58,51,3,1,110,1,1,100.0,0,0.0,73,360,223,0,0,0,1,1,67,0,ar ARG,DF,River Plate,Copa de la Liga,21,2003,2,135,68,10.7,1.5,1,90,1,1,45,5,1.50,3,1,+2,+1.33,+0.21,2.8,0.7,+2.2,+1.44,+0.53,ar ARG,DF,River Plate,Copa de la Liga,21,2003,1.5,0,0,0,3,1,1,0,2,6,0,0,0,10,2,1,66.7
David Zalazar,ar ARG,MF,Gimnasia–LP,Copa de la Liga,21,2002,5,1,140,1.6,1,1,2,1,0,0,0,0,0.4,0.4,0.1,0.5,3,3,7,0.64,0.64,1.29,0.64,1.29,0.24,0.09,0.33,0.24,0.33,ar ARG,MF,Gimnasia–LP,Copa de la Liga,21,2002,1.6,1,10,3,30.0,6.43,1.93,0.10,0.33,25.1,1,0,0,0.4,0.4,0.04,+0.6,+0.6,ar ARG,MF,Gimnasia–LP,Copa de la Liga,21,2002,1.6,37,54,68.5,568,204,21,24,87.5,12,15,80.0,3,8,37.5,1,0.1,0.2,+0.9,1,3,3,3,3,ar ARG,MF,Gimnasia–LP,Copa de la Liga,21,2002,1.6,54,50,4,2,0,1,9,0,2,1,0,0,37,0,5,ar ARG,MF,Gimnasia–LP,Copa de la Liga,21,2002,1.6,8,5.14,3,0,3,1,1,0,2,1.29,1,0,1,0,0,0,ar ARG,MF,Gimnasia–LP,Copa de la Liga,21,2002,1.6,6,3,1,3,2,1,4,25.0,3,3,0,3,1,7,3,0,ar ARG,MF,Gimnasia–LP,Copa de la Liga,21,2002,1.6,89,1,9,41,40,4,89,13,7,53.8,6,46.2,48,221,99,3,4,1,4,3,52,7,ar ARG,MF,Gimnasia–LP,Copa de la Liga,21,2002,5,140,28,11.1,1.6,1,37,0,4,26,4,1.20,2,4,-2,-1.29,-1.04,1.4,2.2,-0.8,-0.50,-0.05,ar ARG,MF,Gimnasia–LP,Copa de la Liga,21,2002,1.6,0,0,0,0,2,1,9,1,3,0,0,0,7,2,3,40.0
Maximiliano Zalazar,ar ARG,FW,Barracas Central,Copa de la Liga,22,2001,14,12,902,10.0,4,3,7,4,0,0,1,0,3.1,3.1,1.4,4.5,36,24,74,0.40,0.30,0.70,0.40,0.70,0.31,0.14,0.45,0.31,0.45,ar ARG,FW,Barracas Central,Copa de la Liga,22,2001,10.0,4,31,14,45.2,3.09,1.40,0.13,0.29,24.2,0,0,0,3.1,3.1,0.10,+0.9,+0.9,ar ARG,FW,Barracas Central,Copa de la Liga,22,2001,10.0,127,204,62.3,2199,742,67,88,76.1,42,64,65.6,15,34,44.1,3,1.4,1.5,+1.6,13,21,5,2,24,ar ARG,FW,Barracas Central,Copa de la Liga,22,2001,10.0,204,189,10,4,2,6,29,1,3,1,1,0,127,5,7,ar ARG,FW,Barracas Central,Copa de la Liga,22,2001,10.0,26,2.59,18,2,1,4,0,1,3,0.30,3,0,0,0,0,0,ar ARG,FW,Barracas Central,Copa de la Liga,22,2001,10.0,6,4,5,1,0,2,12,16.7,10,6,1,5,7,13,4,0,ar ARG,FW,Barracas Central,Copa de la Liga,22,2001,10.0,316,5,35,145,145,34,316,35,12,34.3,21,60.0,207,1568,926,36,21,15,20,11,220,74,ar ARG,FW,Barracas Central,Copa de la Liga,22,2001,14,902,64,71.6,10.0,12,70,0,2,30,0,1.73,18,11,+7,+0.70,+1.20,13.4,14.4,-0.9,-0.09,+0.34,ar ARG,FW,Barracas Central,Copa de la Liga,22,2001,10.0,1,0,0,9,2,3,29,7,4,0,0,0,24,2,5,28.6
Yorman Zapata,co COL,MF,Defensa y Just,Copa de la Liga,23,2000,1,0,19,0.2,0,0,0,0,0,0,0,0,0.3,0.3,0.0,0.3,0,1,5,0.00,0.00,0.00,0.00,0.00,1.44,0.11,1.55,1.44,1.55,co COL,MF,Defensa y Just,Copa de la Liga,23,2000,0.2,0,1,0,0.0,4.74,0.00,0.00,0,7.8,0,0,0,0.3,0.3,0.30,-0.3,-0.3,co COL,MF,Defensa y Just,Copa de la Liga,23,2000,0.2,8,10,80.0,114,13,6,7,85.7,1,2,50.0,1,1,100.0,0,0.0,0.0,0.0,1,0,0,0,1,co COL,MF,Defensa y Just,Copa de la Liga,23,2000,0.2,10,10,0,0,0,0,0,0,0,0,0,0,8,0,0,co COL,MF,Defensa y Just,Copa de la Liga,23,2000,0.2,1,4.74,1,0,0,0,0,0,0,0.00,0,0,0,0,0,0,co COL,MF,Defensa y Just,Copa de la Liga,23,2000,0.2,1,1,0,1,0,0,1,0.0,1,0,0,0,0,1,0,0,co COL,MF,Defensa y Just,Copa de la Liga,23,2000,0.2,13,0,0,3,10,1,13,0,0,0,0,0,11,127,11,0,0,0,1,0,12,5,co COL,MF,Defensa y Just,Copa de la Liga,23,2000,1,19,19,1.5,0.2,0,0,0,1,19,8,1.00,0,0,0,0.00,-0.29,0.5,0.0,+0.5,+2.16,+2.23,co COL,MF,Defensa y Just,Copa de la Liga,23,2000,0.2,0,0,0,0,0,1,0,0,1,0,0,0,1,0,0,0
Franco Zapiola,ar ARG,"MF,FW",Estudiantes–LP,Copa de la Liga,22,2001,9,3,296,3.3,0,1,1,0,0,0,1,0,0.3,0.3,0.7,1.0,9,15,43,0.00,0.30,0.30,0.00,0.30,0.09,0.21,0.30,0.09,0.30,ar ARG,"MF,FW",Estudiantes–LP,Copa de la Liga,22,2001,3.3,0,8,2,25.0,2.43,0.61,0.00,0.00,18.5,1,0,0,0.3,0.3,0.04,-0.3,-0.3,ar ARG,"MF,FW",Estudiantes–LP,Copa de la Liga,22,2001,3.3,110,158,69.6,1799,560,53,60,88.3,33,53,62.3,14,28,50.0,1,0.7,0.7,+0.3,7,12,3,3,15,ar ARG,"MF,FW",Estudiantes–LP,Copa de la Liga,22,2001,3.3,158,145,13,4,1,1,26,4,5,1,3,0,110,0,3,ar ARG,"MF,FW",Estudiantes–LP,Copa de la Liga,22,2001,3.3,12,3.64,8,1,2,1,0,0,1,0.30,1,0,0,0,0,0,ar ARG,"MF,FW",Estudiantes–LP,Copa de la Liga,22,2001,3.3,6,3,0,6,0,2,6,33.3,4,7,1,6,4,10,3,0,ar ARG,"MF,FW",Estudiantes–LP,Copa de la Liga,22,2001,3.3,211,4,24,93,95,10,211,12,3,25.0,9,75.0,117,525,294,9,9,2,6,5,132,43,ar ARG,"MF,FW",Estudiantes–LP,Copa de la Liga,22,2001,9,296,33,23.5,3.3,3,59,0,6,20,4,1.78,6,2,+4,+1.22,+0.66,3.7,2.3,+1.3,+0.41,-0.24,ar ARG,"MF,FW",Estudiantes–LP,Copa de la Liga,22,2001,3.3,1,0,0,2,7,0,26,4,3,0,0,0,22,7,1,87.5
Sebastián Zeballos,ar ARG,"MF,DF",Ind. Rivadavia,Copa de la Liga,22,2001,6,0,154,1.7,0,0,0,0,0,0,0,0,0.3,0.3,0.1,0.4,12,3,28,0.00,0.00,0.00,0.00,0.00,0.20,0.06,0.26,0.20,0.26,ar ARG,"MF,DF",Ind. Rivadavia,Copa de la Liga,22,2001,1.7,0,8,1,12.5,4.68,0.58,0.00,0.00,18.9,0,0,0,0.3,0.3,0.04,-0.3,-0.3,ar ARG,"MF,DF",Ind. Rivadavia,Copa de la Liga,22,2001,1.7,38,54,70.4,609,97,22,28,78.6,13,16,81.3,3,8,37.5,0,0.1,0.0,-0.1,2,1,0,0,3,ar ARG,"MF,DF",Ind. Rivadavia,Copa de la Liga,22,2001,1.7,54,54,0,0,0,1,9,0,0,0,0,0,38,0,2,ar ARG,"MF,DF",Ind. Rivadavia,Copa de la Liga,22,2001,1.7,5,2.87,3,0,0,2,0,0,0,0.00,0,0,0,0,0,0,ar ARG,"MF,DF",Ind. Rivadavia,Copa de la Liga,22,2001,1.7,0,0,0,0,0,0,0,0,0,0,0,0,0,0,0,0,ar ARG,"MF,DF",Ind. Rivadavia,Copa de la Liga,22,2001,1.7,80,0,6,21,55,7,80,14,6,42.9,7,50.0,59,617,387,12,14,3,2,1,64,28,ar ARG,"MF,DF",Ind. Rivadavia,Copa de la Liga,22,2001,6,154,26,12.2,1.7,0,0,0,6,26,4,0.00,0,4,-4,-2.34,-1.69,1.6,3.1,-1.5,-0.87,-0.25,ar ARG,"MF,DF",Ind. Rivadavia,Copa de la Liga,22,2001,1.7,0,0,0,1,3,0,9,0,0,0,0,0,4,0,1,0.0
Felipe Zenobio,ar ARG,GK,Tigre,Copa de la Liga,23,2000,1,1,90,1.0,0,0,0,0,0,0,0,0,0.0,0.0,0.0,0.0,0,0,0,0.00,0.00,0.00,0.00,0.00,0.00,0.00,0.00,0.00,0.00,ar ARG,GK,Tigre,Copa de la Liga,23,2000,1.0,0,0,0,0,0.00,0.00,0,0,0,0,0,0,0.0,0.0,0,0.0,0.0,ar ARG,GK,Tigre,Copa de la Liga,23,2000,1.0,25,36,69.4,703,455,4,4,100.0,13,13,100.0,8,19,42.1,0,0.0,0.0,0.0,0,0,0,0,0,ar ARG,GK,Tigre,Copa de la Liga,23,2000,1.0,36,26,10,2,0,0,0,0,0,0,0,0,25,0,0,ar ARG,GK,Tigre,Copa de la Liga,23,2000,1.0,0,0.00,0,0,0,0,0,0,0,0.00,0,0,0,0,0,0,ar ARG,GK,Tigre,Copa de la Liga,23,2000,1.0,0,0,0,0,0,0,0,0,0,0,0,0,0,0,1,0,ar ARG,GK,Tigre,Copa de la Liga,23,2000,1.0,38,35,38,0,0,0,38,0,0,0,0,0,22,117,95,0,0,0,0,0,11,0,ar ARG,GK,Tigre,Copa de la Liga,23,2000,1,90,90,7.1,1.0,1,90,1,0,0,13,0.00,0,1,-1,-1.00,+0.31,0.3,0.6,-0.4,-0.38,+0.38,ar ARG,GK,Tigre,Copa de la Liga,23,2000,1.0,0,0,0,0,1,0,0,0,0,0,0,0,1,0,0,0
Kevin Zenon,ar ARG,MF,Boca Juniors,Copa de la Liga,22,2001,14,13,"1,189",13.2,2,3,5,2,0,0,1,0,2.9,2.9,5.4,8.3,56,95,97,0.15,0.23,0.38,0.15,0.38,0.22,0.41,0.62,0.22,0.62,ar ARG,MF,Boca Juniors,Copa de la Liga,22,2001,13.2,2,32,12,37.5,2.42,0.91,0.06,0.17,24.9,5,0,0,2.9,2.9,0.09,-0.9,-0.9,ar ARG,MF,Boca Juniors,Copa de la Liga,22,2001,13.2,402,617,65.2,7133,2743,192,222,86.5,143,207,69.1,54,126,42.9,3,5.4,4.6,-2.4,27,67,28,9,95,ar ARG,MF,Boca Juniors,Copa de la Liga,22,2001,13.2,617,532,74,28,9,5,112,5,40,12,25,0,402,11,25,ar ARG,MF,Boca Juniors,Copa de la Liga,22,2001,13.2,61,4.62,34,11,4,7,5,0,7,0.53,4,0,0,3,0,0,ar ARG,MF,Boca Juniors,Copa de la Liga,22,2001,13.2,9,4,4,5,0,4,11,36.4,7,10,1,9,3,12,2,0,ar ARG,MF,Boca Juniors,Copa de la Liga,22,2001,13.2,781,7,74,405,322,35,781,73,32,43.8,36,49.3,496,2964,1819,56,42,5,36,18,556,97,ar ARG,MF,Boca Juniors,Copa de la Liga,22,2001,14,"1,189",85,94.4,13.2,13,89,9,1,34,0,1.81,20,11,+9,+0.68,+1.95,19.2,10.1,+9.1,+0.69,+1.10,ar ARG,MF,Boca Juniors,Copa de la Liga,22,2001,13.2,1,0,0,9,21,0,112,3,4,0,0,0,83,8,9,47.1
Juan Zozaya,ar ARG,GK,Estudiantes–LP,Copa de la Liga,22,2001,1,1,90,1.0,0,0,0,0,0,0,0,0,0.0,0.0,0.0,0.0,0,0,0,0.00,0.00,0.00,0.00,0.00,0.00,0.00,0.00,0.00,0.00,ar ARG,GK,Estudiantes–LP,Copa de la Liga,22,2001,1.0,0,0,0,0,0.00,0.00,0,0,0,0,0,0,0.0,0.0,0,0.0,0.0,ar ARG,GK,Estudiantes–LP,Copa de la Liga,22,2001,1.0,22,24,91.7,561,428,4,4,100.0,12,13,92.3,6,6,100.0,0,0.0,0.0,0.0,0,0,0,0,0,ar ARG,GK,Estudiantes–LP,Copa de la Liga,22,2001,1.0,24,16,7,2,0,0,0,0,0,0,0,0,22,1,0,ar ARG,GK,Estudiantes–LP,Copa de la Liga,22,2001,1.0,0,0.00,0,0,0,0,0,0,0,0.00,0,0,0,0,0,0,ar ARG,GK,Estudiantes–LP,Copa de la Liga,22,2001,1.0,0,0,0,0,0,0,0,0,0,0,0,0,0,0,0,0,ar ARG,GK,Estudiantes–LP,Copa de la Liga,22,2001,1.0,24,23,24,0,0,0,24,0,0,0,0,0,16,56,36,0,0,0,0,0,9,0,ar ARG,GK,Estudiantes–LP,Copa de la Liga,22,2001,1,90,90,7.1,1.0,1,90,1,0,0,13,3.00,1,0,+1,+1.00,+0.31,2.1,1.3,+0.9,+0.85,+0.28,ar ARG,GK,Estudiantes–LP,Copa de la Liga,22,2001,1.0,0,0,0,0,0,0,0,0,0,0,0,0,1,0,0,0
Bruno Zuculini,ar ARG,MF,Racing Club,Copa de la Liga,30,1993,12,12,927,10.3,1,2,3,1,0,0,5,0,1.2,1.2,1.2,2.4,12,49,15,0.10,0.19,0.29,0.10,0.29,0.12,0.11,0.23,0.12,0.23,ar ARG,MF,Racing Club,Copa de la Liga,30,1993,10.3,1,9,2,22.2,0.87,0.19,0.11,0.50,21.6,0,0,0,1.2,1.2,0.13,-0.2,-0.2,ar ARG,MF,Racing Club,Copa de la Liga,30,1993,10.3,356,420,84.8,5835,1936,181,208,87.0,133,152,87.5,33,42,78.6,2,1.2,0.6,+0.8,7,53,2,0,49,ar ARG,MF,Racing Club,Copa de la Liga,30,1993,10.3,420,416,4,2,1,2,1,1,0,0,0,0,356,0,4,ar ARG,MF,Racing Club,Copa de la Liga,30,1993,10.3,21,2.04,16,0,1,2,0,2,3,0.29,2,0,0,1,0,0,ar ARG,MF,Racing Club,Copa de la Liga,30,1993,10.3,37,20,17,19,1,17,41,41.5,24,16,2,14,9,46,19,2,ar ARG,MF,Racing Club,Copa de la Liga,30,1993,10.3,534,22,130,354,54,8,534,11,8,72.7,3,27.3,261,1270,544,12,9,2,12,7,320,15,ar ARG,MF,Racing Club,Copa de la Liga,30,1993,12,927,77,73.6,10.3,12,77,5,0,0,1,1.75,19,6,+13,+1.26,+1.26,14.3,9.2,+5.1,+0.50,+0.24,ar ARG,MF,Racing Club,Copa de la Liga,30,1993,10.3,5,0,0,13,5,1,1,9,20,0,0,0,70,14,14,50.0
Fernando Zuqui,ar ARG,MF,Estudiantes–LP,Copa de la Liga,32,1991,11,5,490,5.4,0,0,0,0,0,0,2,0,0.1,0.1,0.6,0.7,8,59,5,0.00,0.00,0.00,0.00,0.00,0.02,0.11,0.12,0.02,0.12,ar ARG,MF,Estudiantes–LP,Copa de la Liga,32,1991,5.4,0,3,1,33.3,0.55,0.18,0.00,0.00,21.3,0,0,0,0.1,0.1,0.03,-0.1,-0.1,ar ARG,MF,Estudiantes–LP,Copa de la Liga,32,1991,5.4,299,359,83.3,5632,2085,128,140,91.4,111,132,84.1,48,65,73.8,0,0.6,0.8,-0.6,11,46,9,1,59,ar ARG,MF,Estudiantes–LP,Copa de la Liga,32,1991,5.4,359,319,38,29,2,3,17,0,9,3,4,0,299,2,6,ar ARG,MF,Estudiantes–LP,Copa de la Liga,32,1991,5.4,20,3.69,15,3,0,1,1,0,1,0.18,1,0,0,0,0,0,ar ARG,MF,Estudiantes–LP,Copa de la Liga,32,1991,5.4,11,8,6,4,1,6,20,30.0,14,7,3,4,5,16,9,0,ar ARG,MF,Estudiantes–LP,Copa de la Liga,32,1991,5.4,421,8,72,289,65,3,421,12,9,75.0,3,25.0,227,1205,664,8,10,1,10,1,281,5,ar ARG,MF,Estudiantes–LP,Copa de la Liga,32,1991,11,490,45,38.9,5.4,5,70,3,6,23,3,2.14,9,4,+5,+0.92,+0.33,6.0,4.0,+1.9,+0.35,-0.39,ar ARG,MF,Estudiantes–LP,Copa de la Liga,32,1991,5.4,2,0,0,17,12,0,17,5,8,0,0,0,39,3,6,33.3
