Player,stats_Nation,stats_Pos,stats_Squad,stats_Comp,stats_Age,stats_Born,stats_MP,stats_Starts,stats_Min,stats_90s,stats_Gls,stats_Ast,stats_G+A,stats_G-PK,stats_PK,stats_PKatt,stats_CrdY,stats_CrdR,stats_xG,stats_npxG,stats_xAG,stats_npxG+xAG,stats_PrgC,stats_PrgP,stats_PrgR,stats_Gls,stats_Ast,stats_G+A,stats_G-PK,stats_G+A-PK,stats_xG,stats_xAG,stats_xG+xAG,stats_npxG,stats_npxG+xAG,shooting_Nation,shooting_Pos,shooting_Squad,shooting_Comp,shooting_Age,shooting_Born,shooting_90s,shooting_Gls,shooting_Sh,shooting_SoT,shooting_SoT%,shooting_Sh/90,shooting_SoT/90,shooting_G/Sh,shooting_G/SoT,shooting_Dist,shooting_FK,shooting_PK,shooting_PKatt,shooting_xG,shooting_npxG,shooting_npxG/Sh,shooting_G-xG,shooting_np:G-xG,passing_Nation,passing_Pos,passing_Squad,passing_Comp,passing_Age,passing_Born,passing_90s,passing_Cmp,passing_Att,passing_Cmp%,passing_TotDist,passing_PrgDist,passing_Cmp,passing_Att,passing_Cmp%,passing_Cmp,passing_Att,passing_Cmp%,passing_Cmp,passing_Att,passing_Cmp%,passing_Ast,passing_xAG,passing_xA,passing_A-xAG,passing_KP,passing_1/3,passing_PPA,passing_CrsPA,passing_PrgP,passing_types_Nation,passing_types_Pos,passing_types_Squad,passing_types_Comp,passing_types_Age,passing_types_Born,passing_types_90s,passing_types_Att,passing_types_Live,passing_types_Dead,passing_types_FK,passing_types_TB,passing_types_Sw,passing_types_Crs,passing_types_TI,passing_types_CK,passing_types_In,passing_types_Out,passing_types_Str,passing_types_Cmp,passing_types_Off,passing_types_Blocks,gca_Nation,gca_Pos,gca_Squad,gca_Comp,gca_Age,gca_Born,gca_90s,gca_SCA,gca_SCA90,gca_PassLive,gca_PassDead,gca_TO,gca_Sh,gca_Fld,gca_Def,gca_GCA,gca_GCA90,gca_PassLive,gca_PassDead,gca_TO,gca_Sh,gca_Fld,gca_Def,defense_Nation,defense_Pos,defense_Squad,defense_Comp,defense_Age,defense_Born,defense_90s,defense_Tkl,defense_TklW,defense_Def 3rd,defense_Mid 3rd,defense_Att 3rd,defense_Tkl,defense_Att,defense_Tkl%,defense_Lost,defense_Blocks,defense_Sh,defense_Pass,defense_Int,defense_Tkl+Int,defense_Clr,defense_Err,possession_Nation,possession_Pos,possession_Squad,possession_Comp,possession_Age,possession_Born,possession_90s,possession_Touches,possession_Def Pen,possession_Def 3rd,possession_Mid 3rd,possession_Att 3rd,possession_Att Pen,possession_Live,possession_Att,possession_Succ,possession_Succ%,possession_Tkld,possession_Tkld%,possession_Carries,possession_TotDist,possession_PrgDist,possession_PrgC,possession_1/3,possession_CPA,possession_Mis,possession_Dis,possession_Rec,possession_PrgR,playingtime_Nation,playingtime_Pos,playingtime_Squad,playingtime_Comp,playingtime_Age,playingtime_Born,playingtime_MP,playingtime_Min,playingtime_Mn/MP,playingtime_Min%,playingtime_90s,playingtime_Starts,playingtime_Mn/Start,playingtime_Compl,playingtime_Subs,playingtime_Mn/Sub,playingtime_unSub,playingtime_PPM,playingtime_onG,playingtime_onGA,playingtime_+/-,playingtime_+/-90,playingtime_On-Off,playingtime_onxG,playingtime_onxGA,playingtime_xG+/-,playingtime_xG+/-90,playingtime_On-Off,misc_Nation,misc_Pos,misc_Squad,misc_Comp,misc_Age,misc_Born,misc_90s,misc_CrdY,misc_CrdR,misc_2CrdY,misc_Fls,misc_Fld,misc_Off,misc_Crs,misc_Int,misc_TklW,misc_PKwon,misc_PKcon,misc_OG,misc_Recov,misc_Won,misc_Lost,misc_Won%
Matías Abaldo,uy URU,"MF,FW",Gimnasia–LP,Copa de la Liga,18,2004,11,9,769,8.5,2,1,3,2,0,0,1,0,1.4,1.4,1.5,2.9,23,19,41,0.23,0.12,0.35,0.23,0.35,0.16,0.18,0.34,0.16,0.34,uy URU,"MF,FW",Gimnasia–LP,Copa de la Liga,18,2004,8.5,2,10,7,70.0,1.17,0.82,0.20,0.29,16.9,0,0,0,1.4,1.4,0.14,+0.6,+0.6,uy URU,"MF,FW",Gimnasia–LP,Copa de la Liga,18,2004,8.5,123,211,58.3,1729,609,74,103,71.8,35,58,60.3,8,27,29.6,1,1.5,1.0,-0.5,8,14,7,2,19,uy URU,"MF,FW",Gimnasia–LP,Copa de la Liga,18,2004,8.5,211,202,7,1,2,0,25,4,2,0,2,0,123,2,11,uy URU,"MF,FW",Gimnasia–LP,Copa de la Liga,18,2004,8.5,22,2.58,14,2,2,1,3,0,2,0.23,1,0,0,1,0,0,uy URU,"MF,FW",Gimnasia–LP,Copa de la Liga,18,2004,8.5,17,8,6,9,2,5,20,25.0,15,14,0,14,6,23,5,0,uy URU,"MF,FW",Gimnasia–LP,Copa de la Liga,18,2004,8.5,339,4,54,130,162,24,339,41,12,29.3,27,65.9,213,1452,518,23,15,10,23,17,205,41,uy URU,"MF,FW",Gimnasia–LP,Copa de la Liga,18,2004,11,769,70,61.0,8.5,9,75,1,2,45,0,1.36,10,8,+2,+0.23,+2.07,9.3,8.7,+0.5,+0.06,+0.77,uy URU,"MF,FW",Gimnasia–LP,Copa de la Liga,18,2004,8.5,1,0,0,3,11,0,25,6,8,0,0,0,64,6,16,27.3
Ramón Ábila,ar ARG,FW,Colón,Copa de la Liga,33,1989,13,11,859,9.5,4,2,6,4,0,1,2,0,4.1,3.3,2.4,5.8,16,18,74,0.42,0.21,0.63,0.42,0.63,0.43,0.26,0.69,0.35,0.61,ar ARG,FW,Colón,Copa de la Liga,33,1989,9.5,4,21,11,52.4,2.20,1.15,0.19,0.36,13.0,0,0,1,4.1,3.3,0.16,-0.1,+0.7,ar ARG,FW,Colón,Copa de la Liga,33,1989,9.5,140,194,72.2,1996,364,75,101,74.3,46,58,79.3,7,11,63.6,2,2.4,1.4,-0.4,19,12,6,0,18,ar ARG,FW,Colón,Copa de la Liga,33,1989,9.5,194,170,23,1,0,0,2,0,0,0,0,0,140,1,6,ar ARG,FW,Colón,Copa de la Liga,33,1989,9.5,34,3.57,24,1,3,4,2,0,5,0.53,2,0,1,2,0,0,ar ARG,FW,Colón,Copa de la Liga,33,1989,9.5,2,0,0,1,1,1,2,50.0,1,3,3,0,0,2,7,0,ar ARG,FW,Colón,Copa de la Liga,33,1989,9.5,271,10,11,113,149,46,270,19,8,42.1,8,42.1,142,630,292,16,11,6,20,9,204,74,ar ARG,FW,Colón,Copa de la Liga,33,1989,13,859,66,68.2,9.5,11,73,2,2,29,1,1.31,15,13,+2,+0.21,+0.21,13.1,11.1,+2.0,+0.21,+0.26,ar ARG,FW,Colón,Copa de la Liga,33,1989,9.5,2,0,0,7,7,13,2,0,0,0,0,0,13,11,17,39.3
Jonás Acevedo,ar ARG,"MF,FW",Instituto,Copa de la Liga,25,1997,12,9,706,7.8,2,1,3,2,0,0,2,0,0.9,0.9,1.6,2.5,17,29,44,0.25,0.13,0.38,0.25,0.38,0.12,0.20,0.32,0.12,0.32,ar ARG,"MF,FW",Instituto,Copa de la Liga,25,1997,7.8,2,11,6,54.5,1.40,0.76,0.18,0.33,21.8,1,0,0,0.9,0.9,0.08,+1.1,+1.1,ar ARG,"MF,FW",Instituto,Copa de la Liga,25,1997,7.8,182,283,64.3,2670,828,102,122,83.6,53,81,65.4,16,49,32.7,1,1.6,1.2,-0.6,14,16,5,2,29,ar ARG,"MF,FW",Instituto,Copa de la Liga,25,1997,7.8,283,248,33,7,0,1,51,3,21,7,12,0,182,2,13,ar ARG,"MF,FW",Instituto,Copa de la Liga,25,1997,7.8,31,3.95,17,8,2,1,3,0,2,0.25,1,1,0,0,0,0,ar ARG,"MF,FW",Instituto,Copa de la Liga,25,1997,7.8,13,9,2,3,8,3,12,25.0,9,10,0,10,6,19,1,0,ar ARG,"MF,FW",Instituto,Copa de la Liga,25,1997,7.8,398,1,36,175,193,11,398,34,15,44.1,19,55.9,216,1235,483,17,19,3,30,21,246,44,ar ARG,"MF,FW",Instituto,Copa de la Liga,25,1997,12,706,59,56.0,7.8,9,71,0,3,23,0,1.33,8,5,+3,+0.38,+0.22,9.0,5.8,+3.2,+0.41,+0.75,ar ARG,"MF,FW",Instituto,Copa de la Liga,25,1997,7.8,2,0,0,11,11,3,51,6,9,0,0,0,50,1,14,6.7
Guillermo Acosta,ar ARG,MF,Atlé Tucumán,Copa de la Liga,34,1988,11,11,797,8.9,0,0,0,0,0,0,5,0,0.7,0.7,0.3,1.0,5,41,13,0.00,0.00,0.00,0.00,0.00,0.07,0.03,0.11,0.07,0.11,ar ARG,MF,Atlé Tucumán,Copa de la Liga,34,1988,8.9,0,3,0,0.0,0.34,0.00,0.00,0,23.9,0,0,0,0.7,0.7,0.22,-0.7,-0.7,ar ARG,MF,Atlé Tucumán,Copa de la Liga,34,1988,8.9,315,389,81.0,5648,1870,131,151,86.8,130,158,82.3,41,55,74.5,0,0.3,0.4,-0.3,5,33,4,0,41,ar ARG,MF,Atlé Tucumán,Copa de la Liga,34,1988,8.9,389,366,20,17,1,1,2,3,0,0,0,0,315,3,6,ar ARG,MF,Atlé Tucumán,Copa de la Liga,34,1988,8.9,11,1.24,8,1,0,1,1,0,0,0.00,0,0,0,0,0,0,ar ARG,MF,Atlé Tucumán,Copa de la Liga,34,1988,8.9,14,9,8,6,0,6,12,50.0,6,9,2,7,10,24,19,0,ar ARG,MF,Atlé Tucumán,Copa de la Liga,34,1988,8.9,469,24,110,319,42,1,469,7,2,28.6,3,42.9,246,1115,493,5,4,0,10,3,247,13,ar ARG,MF,Atlé Tucumán,Copa de la Liga,34,1988,11,797,72,63.3,8.9,11,72,1,0,0,0,1.18,7,8,-1,-0.11,+0.28,9.1,6.0,+3.1,+0.35,+0.88,ar ARG,MF,Atlé Tucumán,Copa de la Liga,34,1988,8.9,5,0,0,13,14,0,2,10,9,0,0,0,85,11,8,57.9
Lautaro Acosta,ar ARG,"FW,MF",Lanús,Copa de la Liga,34,1988,9,6,421,4.7,1,0,1,1,0,0,1,0,0.6,0.6,0.3,0.9,4,15,19,0.21,0.00,0.21,0.21,0.21,0.14,0.06,0.19,0.14,0.19,ar ARG,"FW,MF",Lanús,Copa de la Liga,34,1988,4.7,1,5,1,20.0,1.07,0.21,0.20,1.00,13.6,0,0,0,0.6,0.6,0.13,+0.4,+0.4,ar ARG,"FW,MF",Lanús,Copa de la Liga,34,1988,4.7,90,135,66.7,1255,441,47,75,62.7,32,37,86.5,4,5,80.0,0,0.3,0.4,-0.3,5,12,2,0,15,ar ARG,"FW,MF",Lanús,Copa de la Liga,34,1988,4.7,135,133,2,0,0,0,3,1,0,0,0,0,90,0,2,ar ARG,"FW,MF",Lanús,Copa de la Liga,34,1988,4.7,10,2.14,9,0,0,0,1,0,0,0.00,0,0,0,0,0,0,ar ARG,"FW,MF",Lanús,Copa de la Liga,34,1988,4.7,10,5,6,4,0,3,10,30.0,7,5,0,5,1,11,1,0,ar ARG,"FW,MF",Lanús,Copa de la Liga,34,1988,4.7,193,0,33,99,63,10,193,9,2,22.2,6,66.7,99,502,224,4,8,0,11,6,121,19,ar ARG,"FW,MF",Lanús,Copa de la Liga,34,1988,9,421,47,33.4,4.7,6,58,0,3,25,2,1.11,3,5,-2,-0.43,-0.11,3.3,2.2,+1.1,+0.23,+0.08,ar ARG,"FW,MF",Lanús,Copa de la Liga,34,1988,4.7,1,0,0,10,11,1,3,1,5,0,0,0,30,10,10,50.0
Lucas Acosta,ar ARG,GK,Lanús,Copa de la Liga,27,1995,6,6,540,6.0,0,0,0,0,0,0,0,0,0.0,0.0,0.0,0.0,0,0,0,0.00,0.00,0.00,0.00,0.00,0.00,0.00,0.00,0.00,0.00,ar ARG,GK,Lanús,Copa de la Liga,27,1995,6.0,0,0,0,0,0.00,0.00,0,0,0,0,0,0,0.0,0.0,0,0.0,0.0,ar ARG,GK,Lanús,Copa de la Liga,27,1995,6.0,141,231,61.0,4591,3368,21,21,100.0,65,65,100.0,55,143,38.5,0,0.0,0.0,0.0,0,4,0,0,0,ar ARG,GK,Lanús,Copa de la Liga,27,1995,6.0,231,156,73,28,0,1,0,0,0,0,0,0,141,2,0,ar ARG,GK,Lanús,Copa de la Liga,27,1995,6.0,1,0.17,0,1,0,0,0,0,0,0.00,0,0,0,0,0,0,ar ARG,GK,Lanús,Copa de la Liga,27,1995,6.0,0,0,0,0,0,0,0,0,0,1,0,1,0,0,3,0,ar ARG,GK,Lanús,Copa de la Liga,27,1995,6.0,247,168,242,5,0,0,247,0,0,0,0,0,147,924,531,0,0,0,0,0,100,0,ar ARG,GK,Lanús,Copa de la Liga,27,1995,6,540,90,42.9,6.0,6,90,6,0,0,8,1.50,5,4,+1,+0.17,+0.92,5.4,5.9,-0.6,-0.09,-0.46,ar ARG,GK,Lanús,Copa de la Liga,27,1995,6.0,0,0,0,0,0,0,0,0,0,0,0,0,5,4,0,100.0
Luis Advíncula,pe PER,"DF,FW",Boca Juniors,Copa de la Liga,32,1990,7,5,424,4.7,0,0,0,0,0,0,0,0,0.2,0.2,0.1,0.4,13,9,25,0.00,0.00,0.00,0.00,0.00,0.05,0.03,0.08,0.05,0.08,pe PER,"DF,FW",Boca Juniors,Copa de la Liga,32,1990,4.7,0,4,0,0.0,0.85,0.00,0.00,0,18.1,0,0,0,0.2,0.2,0.06,-0.2,-0.2,pe PER,"DF,FW",Boca Juniors,Copa de la Liga,32,1990,4.7,163,204,79.9,2872,675,73,80,91.3,71,88,80.7,15,26,57.7,0,0.1,0.6,-0.1,2,10,5,4,9,pe PER,"DF,FW",Boca Juniors,Copa de la Liga,32,1990,4.7,204,171,32,0,0,5,11,32,0,0,0,0,163,1,2,pe PER,"DF,FW",Boca Juniors,Copa de la Liga,32,1990,4.7,7,1.48,5,0,1,0,0,1,0,0.00,0,0,0,0,0,0,pe PER,"DF,FW",Boca Juniors,Copa de la Liga,32,1990,4.7,6,6,5,1,0,3,6,50.0,3,4,1,3,3,9,5,0,pe PER,"DF,FW",Boca Juniors,Copa de la Liga,32,1990,4.7,239,8,74,110,58,5,239,9,8,88.9,1,11.1,117,686,430,13,7,1,5,6,150,25,pe PER,"DF,FW",Boca Juniors,Copa de la Liga,32,1990,7,424,61,33.7,4.7,5,78,3,2,17,3,1.57,4,2,+2,+0.42,+0.53,5.7,3.9,+1.8,+0.37,+0.15,pe PER,"DF,FW",Boca Juniors,Copa de la Liga,32,1990,4.7,0,0,0,4,10,0,11,3,6,0,0,0,29,4,3,57.1
Facundo Aguero,ar ARG,DF,Rosario Central,Copa de la Liga,28,1995,4,2,245,2.7,0,0,0,0,0,0,0,0,0.0,0.0,0.0,0.0,0,6,1,0.00,0.00,0.00,0.00,0.00,0.01,0.00,0.01,0.01,0.01,ar ARG,DF,Rosario Central,Copa de la Liga,28,1995,2.7,0,1,0,0.0,0.37,0.00,0.00,0,13.4,0,0,0,0.0,0.0,0.03,0.0,0.0,ar ARG,DF,Rosario Central,Copa de la Liga,28,1995,2.7,64,96,66.7,1410,649,15,20,75.0,38,50,76.0,11,23,47.8,0,0.0,0.0,0.0,0,2,0,0,6,ar ARG,DF,Rosario Central,Copa de la Liga,28,1995,2.7,96,93,3,3,0,0,0,0,0,0,0,0,64,0,2,ar ARG,DF,Rosario Central,Copa de la Liga,28,1995,2.7,1,0.37,1,0,0,0,0,0,1,0.37,1,0,0,0,0,0,ar ARG,DF,Rosario Central,Copa de la Liga,28,1995,2.7,0,0,0,0,0,0,3,0.0,3,3,2,1,3,3,15,0,ar ARG,DF,Rosario Central,Copa de la Liga,28,1995,2.7,125,22,81,42,2,2,125,1,0,0.0,1,100.0,60,290,145,0,0,0,1,0,62,1,ar ARG,DF,Rosario Central,Copa de la Liga,28,1995,4,245,61,19.4,2.7,2,90,2,2,33,9,1.25,3,4,-1,-0.37,-0.81,1.6,5.3,-3.7,-1.37,-1.29,ar ARG,DF,Rosario Central,Copa de la Liga,28,1995,2.7,0,0,0,0,0,0,0,3,0,0,0,0,12,11,8,57.9
Alan Aguerre,ar ARG,GK,Lanús,Copa de la Liga,32,1990,8,8,720,8.0,0,0,0,0,0,0,1,0,0.0,0.0,0.0,0.0,0,0,0,0.00,0.00,0.00,0.00,0.00,0.00,0.00,0.00,0.00,0.00,ar ARG,GK,Lanús,Copa de la Liga,32,1990,8.0,0,0,0,0,0.00,0.00,0,0,0,0,0,0,0.0,0.0,0,0.0,0.0,ar ARG,GK,Lanús,Copa de la Liga,32,1990,8.0,184,251,73.3,4433,3093,48,48,100.0,94,95,98.9,42,106,39.6,0,0.0,0.0,0.0,0,2,0,0,0,ar ARG,GK,Lanús,Copa de la Liga,32,1990,8.0,251,160,90,28,0,0,0,0,0,0,0,0,184,1,1,ar ARG,GK,Lanús,Copa de la Liga,32,1990,8.0,1,0.12,1,0,0,0,0,0,0,0.00,0,0,0,0,0,0,ar ARG,GK,Lanús,Copa de la Liga,32,1990,8.0,0,0,0,0,0,0,1,0.0,1,0,0,0,0,0,3,1,ar ARG,GK,Lanús,Copa de la Liga,32,1990,8.0,266,198,262,5,0,0,266,0,0,0,0,0,138,854,539,0,0,0,0,0,112,0,ar ARG,GK,Lanús,Copa de la Liga,32,1990,8,720,90,57.1,8.0,8,90,8,0,0,6,0.38,4,10,-6,-0.75,-0.92,10.0,7.0,+3.0,+0.37,+0.46,ar ARG,GK,Lanús,Copa de la Liga,32,1990,8.0,1,0,0,0,1,0,0,0,0,0,0,0,12,0,0,0
Brian Aguilar,ar ARG,"DF,MF",Lanús,Copa de la Liga,19,2003,2,1,135,1.5,0,0,0,0,0,0,0,0,0.1,0.1,0.0,0.1,0,0,0,0.00,0.00,0.00,0.00,0.00,0.06,0.00,0.06,0.06,0.06,ar ARG,"DF,MF",Lanús,Copa de la Liga,19,2003,1.5,0,3,2,66.7,2.00,1.33,0.00,0.00,34.6,0,0,0,0.1,0.1,0.03,-0.1,-0.1,ar ARG,"DF,MF",Lanús,Copa de la Liga,19,2003,1.5,20,26,76.9,392,115,2,2,100.0,16,19,84.2,1,4,25.0,0,0.0,0.0,0.0,0,0,0,0,0,ar ARG,"DF,MF",Lanús,Copa de la Liga,19,2003,1.5,26,24,2,2,0,0,0,0,0,0,0,0,20,0,0,ar ARG,"DF,MF",Lanús,Copa de la Liga,19,2003,1.5,1,0.67,0,0,0,1,0,0,0,0.00,0,0,0,0,0,0,ar ARG,"DF,MF",Lanús,Copa de la Liga,19,2003,1.5,1,0,0,1,0,0,1,0.0,1,2,1,1,2,3,10,0,ar ARG,"DF,MF",Lanús,Copa de la Liga,19,2003,1.5,43,17,25,16,2,2,43,0,0,0,0,0,19,120,49,0,0,0,1,0,18,0,ar ARG,"DF,MF",Lanús,Copa de la Liga,19,2003,2,135,68,10.7,1.5,1,90,1,1,45,9,0.50,1,1,0,0.00,+0.40,1.7,3.2,-1.4,-0.95,-1.25,ar ARG,"DF,MF",Lanús,Copa de la Liga,19,2003,1.5,0,0,0,2,0,0,0,2,0,0,0,0,5,4,2,66.7
Felipe Aguilar,co COL,DF,Independiente,Copa de la Liga,30,1993,9,5,565,6.3,0,0,0,0,0,0,3,0,0.0,0.0,0.2,0.2,2,14,3,0.00,0.00,0.00,0.00,0.00,0.00,0.03,0.03,0.00,0.03,co COL,DF,Independiente,Copa de la Liga,30,1993,6.3,0,0,0,0,0.00,0.00,0,0,0,0,0,0,0.0,0.0,0,0.0,0.0,co COL,DF,Independiente,Copa de la Liga,30,1993,6.3,239,308,77.6,5052,1737,56,72,77.8,150,170,88.2,32,55,58.2,0,0.2,0.0,-0.2,1,7,0,0,14,co COL,DF,Independiente,Copa de la Liga,30,1993,6.3,308,296,12,12,0,0,0,0,0,0,0,0,239,0,5,co COL,DF,Independiente,Copa de la Liga,30,1993,6.3,0,0.00,0,0,0,0,0,0,0,0.00,0,0,0,0,0,0,co COL,DF,Independiente,Copa de la Liga,30,1993,6.3,17,10,10,7,0,10,14,71.4,4,7,4,3,7,24,41,0,co COL,DF,Independiente,Copa de la Liga,30,1993,6.3,387,57,227,160,4,3,387,1,1,100.0,0,0.0,219,892,388,2,1,0,5,1,193,3,co COL,DF,Independiente,Copa de la Liga,30,1993,9,565,63,44.8,6.3,5,81,4,4,40,5,1.44,2,4,-2,-0.32,-1.10,6.9,5.1,+1.8,+0.29,-0.47,co COL,DF,Independiente,Copa de la Liga,30,1993,6.3,3,0,0,6,8,0,0,7,10,0,0,0,48,23,10,69.7
Emanuel Aguilera,ar ARG,"DF,MF",Tigre,Copa de la Liga,33,1989,3,1,147,1.6,0,0,0,0,0,0,0,0,0.0,0.0,0.0,0.0,1,8,0,0.00,0.00,0.00,0.00,0.00,0.00,0.00,0.00,0.00,0.00,ar ARG,"DF,MF",Tigre,Copa de la Liga,33,1989,1.6,0,0,0,0,0.00,0.00,0,0,0,0,0,0,0.0,0.0,0,0.0,0.0,ar ARG,"DF,MF",Tigre,Copa de la Liga,33,1989,1.6,80,108,74.1,1643,682,22,25,88.0,43,49,87.8,13,27,48.1,0,0.0,0.0,0.0,0,11,0,0,8,ar ARG,"DF,MF",Tigre,Copa de la Liga,33,1989,1.6,108,101,6,6,0,2,0,0,0,0,0,0,80,1,1,ar ARG,"DF,MF",Tigre,Copa de la Liga,33,1989,1.6,1,0.61,1,0,0,0,0,0,0,0.00,0,0,0,0,0,0,ar ARG,"DF,MF",Tigre,Copa de la Liga,33,1989,1.6,1,0,0,1,0,1,4,25.0,3,1,1,0,2,3,0,0,ar ARG,"DF,MF",Tigre,Copa de la Liga,33,1989,1.6,110,1,33,74,4,0,110,1,1,100.0,0,0.0,61,334,214,1,0,0,0,0,66,0,ar ARG,"DF,MF",Tigre,Copa de la Liga,33,1989,3,147,49,11.7,1.6,1,90,1,2,29,9,1.00,0,4,-4,-2.45,-2.37,1.4,2.1,-0.7,-0.41,-0.67,ar ARG,"DF,MF",Tigre,Copa de la Liga,33,1989,1.6,0,0,0,1,2,0,0,2,0,0,0,0,17,3,2,60.0
Braian Aguirre,ar ARG,DF,Lanús,Copa de la Liga,22,2000,12,11,991,11.0,0,1,1,0,0,0,3,0,0.4,0.4,1.2,1.6,13,39,50,0.00,0.09,0.09,0.00,0.09,0.04,0.11,0.15,0.04,0.15,ar ARG,DF,Lanús,Copa de la Liga,22,2000,11.0,0,12,2,16.7,1.09,0.18,0.00,0.00,26.2,0,0,0,0.4,0.4,0.03,-0.4,-0.4,ar ARG,DF,Lanús,Copa de la Liga,22,2000,11.0,341,482,70.7,6152,2410,142,175,81.1,157,205,76.6,33,72,45.8,1,1.2,0.7,-0.2,5,26,7,5,39,ar ARG,DF,Lanús,Copa de la Liga,22,2000,11.0,482,391,89,10,1,5,33,77,2,0,2,0,341,2,13,ar ARG,DF,Lanús,Copa de la Liga,22,2000,11.0,16,1.45,11,2,2,0,1,0,2,0.18,2,0,0,0,0,0,ar ARG,DF,Lanús,Copa de la Liga,22,2000,11.0,26,17,15,5,6,16,26,61.5,10,11,1,10,14,40,24,0,ar ARG,DF,Lanús,Copa de la Liga,22,2000,11.0,603,25,152,279,179,12,603,27,12,44.4,15,55.6,251,1285,760,13,17,2,14,3,308,50,ar ARG,DF,Lanús,Copa de la Liga,22,2000,12,991,83,78.7,11.0,11,89,10,1,7,1,0.83,7,10,-3,-0.27,+0.40,12.1,10.2,+1.9,+0.17,+0.02,ar ARG,DF,Lanús,Copa de la Liga,22,2000,11.0,3,0,0,11,5,1,33,14,17,0,0,0,70,10,9,52.6
Brian Aguirre,ar ARG,"FW,MF",Newell's OB,Copa de la Liga,19,2003,10,10,816,9.1,1,0,1,1,0,0,1,0,1.7,1.7,0.8,2.5,49,17,87,0.11,0.00,0.11,0.11,0.11,0.18,0.09,0.28,0.18,0.28,ar ARG,"FW,MF",Newell's OB,Copa de la Liga,19,2003,9.1,1,25,6,24.0,2.76,0.66,0.04,0.17,20.8,1,0,0,1.7,1.7,0.07,-0.7,-0.7,ar ARG,"FW,MF",Newell's OB,Copa de la Liga,19,2003,9.1,98,187,52.4,1680,549,46,66,69.7,39,69,56.5,11,26,42.3,0,0.8,0.7,-0.8,15,10,7,3,17,ar ARG,"FW,MF",Newell's OB,Copa de la Liga,19,2003,9.1,187,168,18,2,1,0,34,7,9,2,2,2,98,1,15,ar ARG,"FW,MF",Newell's OB,Copa de la Liga,19,2003,9.1,31,3.43,21,2,5,2,1,0,0,0.00,0,0,0,0,0,0,ar ARG,"FW,MF",Newell's OB,Copa de la Liga,19,2003,9.1,12,5,3,1,8,5,14,35.7,9,12,0,12,1,13,3,0,ar ARG,"FW,MF",Newell's OB,Copa de la Liga,19,2003,9.1,334,3,26,97,221,41,334,63,31,49.2,26,41.3,227,2096,995,49,21,17,46,12,235,87,ar ARG,"FW,MF",Newell's OB,Copa de la Liga,19,2003,10,816,82,64.8,9.1,10,82,6,0,0,1,1.50,7,5,+2,+0.22,-0.18,7.0,5.9,+1.2,+0.13,+0.02,ar ARG,"FW,MF",Newell's OB,Copa de la Liga,19,2003,9.1,1,0,0,12,7,1,34,1,5,0,0,0,27,4,6,40.0
Nicolás Aguirre,ar ARG,MF,Arsenal,Copa de la Liga,32,1990,3,0,44,0.5,0,0,0,0,0,0,1,1,0.0,0.0,0.1,0.1,0,2,3,0.00,0.00,0.00,0.00,0.00,0.00,0.15,0.15,0.00,0.15,ar ARG,MF,Arsenal,Copa de la Liga,32,1990,0.5,0,0,0,0,0.00,0.00,0,0,0,0,0,0,0.0,0.0,0,0.0,0.0,ar ARG,MF,Arsenal,Copa de la Liga,32,1990,0.5,20,34,58.8,449,164,7,10,70.0,6,9,66.7,6,11,54.5,0,0.1,0.2,-0.1,2,1,0,0,2,ar ARG,MF,Arsenal,Copa de la Liga,32,1990,0.5,34,25,9,5,0,0,9,1,3,3,0,0,20,0,1,ar ARG,MF,Arsenal,Copa de la Liga,32,1990,0.5,3,6.14,1,2,0,0,0,0,0,0.00,0,0,0,0,0,0,ar ARG,MF,Arsenal,Copa de la Liga,32,1990,0.5,1,1,1,0,0,0,1,0.0,1,0,0,0,1,2,1,0,ar ARG,MF,Arsenal,Copa de la Liga,32,1990,0.5,37,2,6,19,13,0,37,1,0,0.0,1,100.0,14,56,22,0,2,0,0,0,16,3,ar ARG,MF,Arsenal,Copa de la Liga,32,1990,3,44,15,3.5,0.5,0,0,0,3,15,2,0.33,0,0,0,0.00,+0.37,0.2,0.1,+0.1,+0.11,+0.20,ar ARG,MF,Arsenal,Copa de la Liga,32,1990,0.5,1,1,0,1,1,0,9,1,1,0,0,0,4,3,0,100.0
Manuel Agustín Duarte,ar ARG,"FW,MF",Defensa y Just,Copa de la Liga,21,2001,8,5,370,4.1,1,0,1,1,0,0,0,0,1.2,1.2,0.2,1.4,8,19,31,0.24,0.00,0.24,0.24,0.24,0.29,0.05,0.35,0.29,0.35,ar ARG,"FW,MF",Defensa y Just,Copa de la Liga,21,2001,4.1,1,11,4,36.4,2.68,0.97,0.09,0.25,22.0,0,0,0,1.2,1.2,0.11,-0.2,-0.2,ar ARG,"FW,MF",Defensa y Just,Copa de la Liga,21,2001,4.1,85,115,73.9,1368,425,52,60,86.7,29,36,80.6,4,8,50.0,0,0.2,0.2,-0.2,7,8,12,4,19,ar ARG,"FW,MF",Defensa y Just,Copa de la Liga,21,2001,4.1,115,111,3,1,1,1,8,0,2,0,1,0,85,1,7,ar ARG,"FW,MF",Defensa y Just,Copa de la Liga,21,2001,4.1,14,3.41,13,0,0,1,0,0,0,0.00,0,0,0,0,0,0,ar ARG,"FW,MF",Defensa y Just,Copa de la Liga,21,2001,4.1,13,7,6,5,2,5,13,38.5,8,5,0,5,2,15,3,0,ar ARG,"FW,MF",Defensa y Just,Copa de la Liga,21,2001,4.1,174,2,24,75,82,5,174,12,4,33.3,7,58.3,85,496,261,8,5,1,8,2,101,31,ar ARG,"FW,MF",Defensa y Just,Copa de la Liga,21,2001,8,370,46,29.4,4.1,5,57,0,3,28,5,1.13,1,5,-4,-0.97,-0.97,2.8,3.9,-1.2,-0.28,+0.46,ar ARG,"FW,MF",Defensa y Just,Copa de la Liga,21,2001,4.1,0,0,0,3,5,3,8,2,7,0,0,0,26,4,7,36.4
Jorge Agustín Rodríguez,ar ARG,MF,Estudiantes–LP,Copa de la Liga,27,1995,12,12,997,11.1,0,1,1,0,0,0,0,0,0.2,0.2,1.2,1.4,13,71,12,0.00,0.09,0.09,0.00,0.09,0.01,0.11,0.12,0.01,0.12,ar ARG,MF,Estudiantes–LP,Copa de la Liga,27,1995,11.1,0,4,0,0.0,0.36,0.00,0.00,0,13.6,0,0,0,0.2,0.2,0.04,-0.2,-0.2,ar ARG,MF,Estudiantes–LP,Copa de la Liga,27,1995,11.1,563,692,81.4,11278,4301,206,237,86.9,273,311,87.8,79,115,68.7,1,1.2,1.3,-0.2,6,56,6,2,71,ar ARG,MF,Estudiantes–LP,Copa de la Liga,27,1995,11.1,692,664,28,27,2,10,3,0,0,0,0,0,563,0,10,ar ARG,MF,Estudiantes–LP,Copa de la Liga,27,1995,11.1,15,1.35,15,0,0,0,0,0,1,0.09,1,0,0,0,0,0,ar ARG,MF,Estudiantes–LP,Copa de la Liga,27,1995,11.1,36,20,12,19,5,16,30,53.3,14,10,1,9,12,48,18,1,ar ARG,MF,Estudiantes–LP,Copa de la Liga,27,1995,11.1,796,36,192,563,46,5,796,7,5,71.4,2,28.6,410,1765,989,13,7,0,9,6,511,12,ar ARG,MF,Estudiantes–LP,Copa de la Liga,27,1995,12,997,83,79.1,11.1,12,83,7,0,0,0,1.33,9,9,0,0.00,+0.68,13.8,9.7,+4.1,+0.37,+0.19,ar ARG,MF,Estudiantes–LP,Copa de la Liga,27,1995,11.1,0,0,0,5,13,0,3,12,20,0,0,0,103,26,18,59.1
Gabriel Alanís,ar ARG,MF,Defensa y Just,Copa de la Liga,28,1994,2,0,38,0.4,0,0,0,0,0,0,1,0,0.1,0.1,0.0,0.1,2,1,3,0.00,0.00,0.00,0.00,0.00,0.12,0.00,0.12,0.12,0.12,ar ARG,MF,Defensa y Just,Copa de la Liga,28,1994,0.4,0,1,0,0.0,2.37,0.00,0.00,0,10.5,0,0,0,0.1,0.1,0.05,-0.1,-0.1,ar ARG,MF,Defensa y Just,Copa de la Liga,28,1994,0.4,11,12,91.7,243,40,4,5,80.0,5,5,100.0,2,2,100.0,0,0.0,0.0,0.0,0,0,0,0,1,ar ARG,MF,Defensa y Just,Copa de la Liga,28,1994,0.4,12,12,0,0,0,0,0,0,0,0,0,0,11,0,0,ar ARG,MF,Defensa y Just,Copa de la Liga,28,1994,0.4,0,0.00,0,0,0,0,0,0,0,0.00,0,0,0,0,0,0,ar ARG,MF,Defensa y Just,Copa de la Liga,28,1994,0.4,1,1,1,0,0,1,1,100.0,0,2,0,2,0,1,0,0,ar ARG,MF,Defensa y Just,Copa de la Liga,28,1994,0.4,26,0,4,15,7,2,26,4,1,25.0,3,75.0,14,134,78,2,1,0,3,2,15,3,ar ARG,MF,Defensa y Just,Copa de la Liga,28,1994,2,38,19,3.0,0.4,0,0,0,2,19,0,1.50,2,0,+2,+4.74,+5.18,0.8,0.6,+0.1,+0.33,+0.97,ar ARG,MF,Defensa y Just,Copa de la Liga,28,1994,0.4,1,0,0,2,1,0,0,0,1,0,0,0,4,0,0,0
Fernando Alarcón,ar ARG,DF,Instituto,Copa de la Liga,28,1994,14,14,"1,260",14.0,0,0,0,0,0,0,5,0,0.4,0.4,0.1,0.6,6,34,3,0.00,0.00,0.00,0.00,0.00,0.03,0.01,0.04,0.03,0.04,ar ARG,DF,Instituto,Copa de la Liga,28,1994,14.0,0,7,1,14.3,0.50,0.07,0.00,0.00,12.0,0,0,0,0.4,0.4,0.06,-0.4,-0.4,ar ARG,DF,Instituto,Copa de la Liga,28,1994,14.0,270,439,61.5,5548,2790,102,136,75.0,113,165,68.5,49,111,44.1,0,0.1,0.2,-0.1,4,32,1,0,34,ar ARG,DF,Instituto,Copa de la Liga,28,1994,14.0,439,412,24,21,0,3,3,0,0,0,0,0,270,3,7,ar ARG,DF,Instituto,Copa de la Liga,28,1994,14.0,8,0.57,6,0,0,2,0,0,1,0.07,1,0,0,0,0,0,ar ARG,DF,Instituto,Copa de la Liga,28,1994,14.0,22,15,21,0,1,14,19,73.7,5,17,13,4,18,40,102,0,ar ARG,DF,Instituto,Copa de la Liga,28,1994,14.0,646,120,366,251,32,18,646,4,4,100.0,0,0.0,201,879,479,6,3,1,5,1,222,3,ar ARG,DF,Instituto,Copa de la Liga,28,1994,14,"1,260",90,100.0,14.0,14,90,14,0,0,0,1.43,11,7,+4,+0.29,0,13.2,12.0,+1.1,+0.08,0,ar ARG,DF,Instituto,Copa de la Liga,28,1994,14.0,5,0,0,11,3,1,3,18,15,0,0,0,69,74,49,60.2
William Alarcón,cl CHI,MF,Huracán,Copa de la Liga,22,2000,12,10,874,9.7,0,0,0,0,0,0,1,0,0.2,0.2,0.1,0.4,6,63,16,0.00,0.00,0.00,0.00,0.00,0.02,0.01,0.04,0.02,0.04,cl CHI,MF,Huracán,Copa de la Liga,22,2000,9.7,0,7,1,14.3,0.72,0.10,0.00,0.00,23.7,1,0,0,0.2,0.2,0.03,-0.2,-0.2,cl CHI,MF,Huracán,Copa de la Liga,22,2000,9.7,350,430,81.4,6326,2212,159,168,94.6,148,174,85.1,40,75,53.3,0,0.1,0.7,-0.1,7,50,8,3,63,cl CHI,MF,Huracán,Copa de la Liga,22,2000,9.7,430,400,27,9,0,6,20,3,15,1,13,0,350,3,3,cl CHI,MF,Huracán,Copa de la Liga,22,2000,9.7,20,2.06,12,6,1,0,0,1,2,0.21,2,0,0,0,0,0,cl CHI,MF,Huracán,Copa de la Liga,22,2000,9.7,12,5,8,4,0,4,7,57.1,3,2,1,1,8,20,10,0,cl CHI,MF,Huracán,Copa de la Liga,22,2000,9.7,484,13,88,299,99,4,484,8,7,87.5,1,12.5,299,1302,607,6,7,0,9,5,322,16,cl CHI,MF,Huracán,Copa de la Liga,22,2000,12,874,73,69.4,9.7,10,80,5,2,38,0,1.62,14,9,+5,+0.51,-0.18,8.7,7.2,+1.5,+0.16,+0.66,cl CHI,MF,Huracán,Copa de la Liga,22,2000,9.7,1,0,0,4,6,1,20,8,5,0,0,0,45,5,8,38.5
Lucas Albertengo,ar ARG,"FW,MF",Instituto,Copa de la Liga,32,1991,4,2,119,1.3,1,0,1,1,0,0,0,0,0.8,0.8,0.0,0.8,1,2,8,0.76,0.00,0.76,0.76,0.76,0.58,0.00,0.58,0.58,0.58,ar ARG,"FW,MF",Instituto,Copa de la Liga,32,1991,1.3,1,6,2,33.3,4.54,1.51,0.17,0.50,10.7,0,0,0,0.8,0.8,0.13,+0.2,+0.2,ar ARG,"FW,MF",Instituto,Copa de la Liga,32,1991,1.3,13,20,65.0,144,30,9,12,75.0,3,4,75.0,0,0,0,0,0.0,0.1,0.0,0,1,1,0,2,ar ARG,"FW,MF",Instituto,Copa de la Liga,32,1991,1.3,20,20,0,0,0,0,0,0,0,0,0,0,13,0,0,ar ARG,"FW,MF",Instituto,Copa de la Liga,32,1991,1.3,2,1.51,1,0,0,0,1,0,0,0.00,0,0,0,0,0,0,ar ARG,"FW,MF",Instituto,Copa de la Liga,32,1991,1.3,4,4,1,3,0,0,2,0.0,2,2,0,2,0,4,1,0,ar ARG,"FW,MF",Instituto,Copa de la Liga,32,1991,1.3,46,0,7,11,29,7,46,2,1,50.0,1,50.0,20,63,16,1,1,1,6,3,27,8,ar ARG,"FW,MF",Instituto,Copa de la Liga,32,1991,4,119,30,9.4,1.3,2,37,0,2,23,1,1.50,2,1,+1,+0.76,+0.52,1.6,1.4,+0.2,+0.15,+0.08,ar ARG,"FW,MF",Instituto,Copa de la Liga,32,1991,1.3,0,0,0,3,2,0,0,0,4,0,0,0,6,10,8,55.6
Brahian Alemán,uy URU,MF,Banfield,Copa de la Liga,33,1989,2,2,156,1.7,0,1,1,0,0,0,2,0,0.1,0.1,0.7,0.8,2,2,4,0.00,0.58,0.58,0.00,0.58,0.05,0.43,0.48,0.05,0.48,uy URU,MF,Banfield,Copa de la Liga,33,1989,1.7,0,4,1,25.0,2.31,0.58,0.00,0.00,28.7,1,0,0,0.1,0.1,0.02,-0.1,-0.1,uy URU,MF,Banfield,Copa de la Liga,33,1989,1.7,26,52,50.0,687,323,6,13,46.2,10,18,55.6,9,16,56.3,1,0.7,0.7,+0.3,4,3,1,1,2,uy URU,MF,Banfield,Copa de la Liga,33,1989,1.7,52,37,13,5,0,1,12,0,6,3,3,0,26,2,2,uy URU,MF,Banfield,Copa de la Liga,33,1989,1.7,6,3.46,2,2,1,0,1,0,1,0.58,0,1,0,0,0,0,uy URU,MF,Banfield,Copa de la Liga,33,1989,1.7,10,8,4,6,0,1,3,33.3,2,1,1,0,0,10,3,0,uy URU,MF,Banfield,Copa de la Liga,33,1989,1.7,77,4,16,37,25,0,77,4,3,75.0,0,0.0,29,154,74,2,1,0,4,2,26,4,uy URU,MF,Banfield,Copa de la Liga,33,1989,2,156,78,12.4,1.7,2,78,0,0,0,0,3.00,3,0,+3,+1.73,+1.57,1.6,1.6,0.0,+0.02,+0.12,uy URU,MF,Banfield,Copa de la Liga,33,1989,1.7,2,0,0,2,4,0,12,0,8,0,0,0,13,5,2,71.4
Franco Alfonso,ar ARG,"MF,FW",Huracán,Copa de la Liga,20,2002,12,4,399,4.4,2,1,3,2,0,0,2,0,0.6,0.6,0.2,0.9,9,13,40,0.45,0.23,0.68,0.45,0.68,0.14,0.05,0.19,0.14,0.19,ar ARG,"MF,FW",Huracán,Copa de la Liga,20,2002,4.4,2,8,4,50.0,1.80,0.90,0.25,0.50,21.0,0,0,0,0.6,0.6,0.08,+1.4,+1.4,ar ARG,"MF,FW",Huracán,Copa de la Liga,20,2002,4.4,107,163,65.6,1744,650,66,80,82.5,28,43,65.1,11,27,40.7,1,0.2,0.4,+0.8,7,10,5,2,13,ar ARG,"MF,FW",Huracán,Copa de la Liga,20,2002,4.4,163,148,14,4,2,0,24,2,8,3,5,0,107,1,5,ar ARG,"MF,FW",Huracán,Copa de la Liga,20,2002,4.4,13,2.94,1,7,1,2,1,1,2,0.45,0,1,0,1,0,0,ar ARG,"MF,FW",Huracán,Copa de la Liga,20,2002,4.4,7,5,4,3,0,5,10,50.0,5,3,0,3,4,11,2,0,ar ARG,"MF,FW",Huracán,Copa de la Liga,20,2002,4.4,225,2,26,101,101,16,225,22,10,45.5,12,54.5,154,757,255,9,9,3,9,8,146,40,ar ARG,"MF,FW",Huracán,Copa de la Liga,20,2002,12,399,33,31.7,4.4,4,68,0,8,16,2,1.85,8,5,+3,+0.68,+0.15,5.4,5.5,0.0,-0.01,+0.06,ar ARG,"MF,FW",Huracán,Copa de la Liga,20,2002,4.4,2,0,0,10,8,1,24,4,5,0,1,0,38,3,7,30.0
Rodrigo Aliendro,ar ARG,MF,River Plate,Copa de la Liga,31,1991,8,4,327,3.6,0,0,0,0,0,0,3,0,0.3,0.3,0.1,0.4,2,21,13,0.00,0.00,0.00,0.00,0.00,0.09,0.02,0.12,0.09,0.12,ar ARG,MF,River Plate,Copa de la Liga,31,1991,3.6,0,7,0,0.0,1.93,0.00,0.00,0,22.2,0,0,0,0.3,0.3,0.05,-0.3,-0.3,ar ARG,MF,River Plate,Copa de la Liga,31,1991,3.6,150,189,79.4,2382,699,72,87,82.8,62,72,86.1,10,16,62.5,0,0.1,0.2,-0.1,2,14,3,1,21,ar ARG,MF,River Plate,Copa de la Liga,31,1991,3.6,189,184,3,1,0,0,2,2,0,0,0,0,150,2,3,ar ARG,MF,River Plate,Copa de la Liga,31,1991,3.6,7,1.92,7,0,0,0,0,0,0,0.00,0,0,0,0,0,0,ar ARG,MF,River Plate,Copa de la Liga,31,1991,3.6,6,5,1,5,0,3,12,25.0,9,10,1,9,6,12,2,1,ar ARG,MF,River Plate,Copa de la Liga,31,1991,3.6,251,5,46,137,72,5,251,14,9,64.3,4,28.6,144,493,179,2,9,0,12,5,162,13,ar ARG,MF,River Plate,Copa de la Liga,31,1991,8,327,41,26.0,3.6,4,58,0,4,24,2,1.78,5,6,-1,-0.28,-1.14,5.2,4.2,+1.0,+0.28,-0.45,ar ARG,MF,River Plate,Copa de la Liga,31,1991,3.6,3,0,0,7,1,0,2,6,5,0,0,0,30,2,9,18.2
Tadeo Allende,ar ARG,"FW,MF",Godoy Cruz,Copa de la Liga,23,1999,13,10,973,10.8,4,1,5,4,0,0,1,0,2.5,2.5,1.5,4.0,20,25,67,0.37,0.09,0.46,0.37,0.46,0.23,0.14,0.37,0.23,0.37,ar ARG,"FW,MF",Godoy Cruz,Copa de la Liga,23,1999,10.8,4,26,9,34.6,2.40,0.83,0.15,0.44,20.8,0,0,0,2.5,2.5,0.10,+1.5,+1.5,ar ARG,"FW,MF",Godoy Cruz,Copa de la Liga,23,1999,10.8,196,328,59.8,2915,827,118,160,73.8,51,88,58.0,16,39,41.0,1,1.5,1.4,-0.5,8,14,6,2,25,ar ARG,"FW,MF",Godoy Cruz,Copa de la Liga,23,1999,10.8,328,320,7,1,1,6,20,5,1,0,1,0,196,1,17,ar ARG,"FW,MF",Godoy Cruz,Copa de la Liga,23,1999,10.8,23,2.13,13,1,8,1,0,0,4,0.37,2,0,2,0,0,0,ar ARG,"FW,MF",Godoy Cruz,Copa de la Liga,23,1999,10.8,7,2,4,1,2,4,16,25.0,12,13,1,12,9,16,10,0,ar ARG,"FW,MF",Godoy Cruz,Copa de la Liga,23,1999,10.8,476,15,61,235,188,27,476,45,22,48.9,23,51.1,251,1574,649,20,21,5,37,19,334,67,ar ARG,"FW,MF",Godoy Cruz,Copa de la Liga,23,1999,13,973,75,77.2,10.8,10,88,7,3,31,0,1.53,11,6,+5,+0.46,+0.46,12.4,9.2,+3.1,+0.29,0.00,ar ARG,"FW,MF",Godoy Cruz,Copa de la Liga,23,1999,10.8,1,0,0,8,8,4,20,9,2,0,0,0,64,30,19,61.2
Agustín Almendra,ar ARG,"MF,FW",Racing Club,Copa de la Liga,22,2000,12,5,519,5.8,0,3,3,0,0,0,2,0,0.7,0.7,0.7,1.3,4,32,25,0.00,0.52,0.52,0.00,0.52,0.12,0.12,0.23,0.12,0.23,ar ARG,"MF,FW",Racing Club,Copa de la Liga,22,2000,5.8,0,13,7,53.8,2.25,1.21,0.00,0.00,22.7,0,0,0,0.7,0.7,0.05,-0.7,-0.7,ar ARG,"MF,FW",Racing Club,Copa de la Liga,22,2000,5.8,203,255,79.6,3538,826,102,122,83.6,75,88,85.2,22,33,66.7,3,0.7,0.6,+2.3,6,22,7,0,32,ar ARG,"MF,FW",Racing Club,Copa de la Liga,22,2000,5.8,255,241,12,3,2,3,6,6,3,3,0,0,203,2,3,ar ARG,"MF,FW",Racing Club,Copa de la Liga,22,2000,5.8,14,2.43,12,0,2,0,0,0,4,0.69,4,0,0,0,0,0,ar ARG,"MF,FW",Racing Club,Copa de la Liga,22,2000,5.8,13,6,6,6,1,5,11,45.5,6,8,1,7,6,19,4,0,ar ARG,"MF,FW",Racing Club,Copa de la Liga,22,2000,5.8,322,5,44,195,87,10,322,15,10,66.7,5,33.3,193,854,375,4,7,1,13,10,224,25,ar ARG,"MF,FW",Racing Club,Copa de la Liga,22,2000,12,519,43,41.2,5.8,5,63,0,7,29,1,1.69,10,10,0,0.00,-0.73,6.1,7.5,-1.5,-0.25,-0.56,ar ARG,"MF,FW",Racing Club,Copa de la Liga,22,2000,5.8,2,0,0,9,9,3,6,6,6,0,0,0,36,3,5,37.5
Facundo Altamira,0,FW,Godoy Cruz,Copa de la Liga,0,0,2,0,28,0.3,0,0,0,0,0,0,1,0,0.0,0.0,0.0,0.0,0,0,3,0.00,0.00,0.00,0.00,0.00,0.07,0.00,0.07,0.07,0.07,0,FW,Godoy Cruz,Copa de la Liga,0,0,0.3,0,1,0,0.0,3.21,0.00,0.00,0,13.4,0,0,0,0.0,0.0,0.02,0.0,0.0,0,FW,Godoy Cruz,Copa de la Liga,0,0,0.3,3,5,60.0,29,0,3,3,100.0,0,2,0.0,0,0,0,0,0.0,0.0,0.0,0,0,0,0,0,0,FW,Godoy Cruz,Copa de la Liga,0,0,0.3,5,5,0,0,0,0,0,0,0,0,0,0,3,0,0,0,FW,Godoy Cruz,Copa de la Liga,0,0,0.3,0,0.00,0,0,0,0,0,0,0,0.00,0,0,0,0,0,0,0,FW,Godoy Cruz,Copa de la Liga,0,0,0.3,2,2,2,0,0,1,1,100.0,0,1,0,1,0,2,0,0,0,FW,Godoy Cruz,Copa de la Liga,0,0,0.3,13,0,2,10,1,1,13,1,0,0.0,1,100.0,5,14,0,0,0,0,3,0,6,3,0,FW,Godoy Cruz,Copa de la Liga,0,0,2,28,14,2.2,0.3,0,0,0,2,14,3,0.50,0,0,0,0.00,-0.37,0.1,0.1,0.0,+0.01,-0.29,0,FW,Godoy Cruz,Copa de la Liga,0,0,0.3,1,0,0,2,0,0,0,0,2,0,0,0,0,1,1,50.0
Agustín Álvarez,ar ARG,DF,Arsenal,Copa de la Liga,19,2004,1,1,90,1.0,0,0,0,0,0,0,0,0,0.0,0.0,0.0,0.0,1,2,0,0.00,0.00,0.00,0.00,0.00,0.02,0.00,0.02,0.02,0.02,ar ARG,DF,Arsenal,Copa de la Liga,19,2004,1.0,0,1,1,100.0,1.00,1.00,0.00,0.00,31.6,0,0,0,0.0,0.0,0.02,0.0,0.0,ar ARG,DF,Arsenal,Copa de la Liga,19,2004,1.0,23,39,59.0,504,279,5,9,55.6,15,22,68.2,3,7,42.9,0,0.0,0.0,0.0,0,1,0,0,2,ar ARG,DF,Arsenal,Copa de la Liga,19,2004,1.0,39,30,9,3,0,1,0,6,0,0,0,0,23,0,0,ar ARG,DF,Arsenal,Copa de la Liga,19,2004,1.0,0,0.00,0,0,0,0,0,0,0,0.00,0,0,0,0,0,0,ar ARG,DF,Arsenal,Copa de la Liga,19,2004,1.0,1,0,0,1,0,1,1,100.0,0,2,2,0,1,2,6,0,ar ARG,DF,Arsenal,Copa de la Liga,19,2004,1.0,54,5,22,25,7,0,54,0,0,0,0,0,14,95,70,1,1,0,0,1,19,0,ar ARG,DF,Arsenal,Copa de la Liga,19,2004,1,90,90,7.1,1.0,1,90,1,0,0,9,0.00,1,2,-1,-1.00,-0.69,0.9,1.5,-0.6,-0.59,-0.55,ar ARG,DF,Arsenal,Copa de la Liga,19,2004,1.0,0,0,0,0,0,0,0,1,0,0,0,0,4,2,2,50.0
Fabio Álvarez,ar ARG,MF,Colón,Copa de la Liga,30,1993,14,11,956,10.6,0,1,1,0,0,0,2,0,1.3,1.3,0.8,2.1,14,65,24,0.00,0.09,0.09,0.00,0.09,0.12,0.08,0.20,0.12,0.20,ar ARG,MF,Colón,Copa de la Liga,30,1993,10.6,0,13,4,30.8,1.22,0.38,0.00,0.00,19.6,0,0,0,1.3,1.3,0.10,-1.3,-1.3,ar ARG,MF,Colón,Copa de la Liga,30,1993,10.6,452,577,78.3,7775,2918,213,251,84.9,171,205,83.4,48,83,57.8,1,0.8,2.0,+0.2,15,50,16,0,65,ar ARG,MF,Colón,Copa de la Liga,30,1993,10.6,577,530,45,34,11,9,11,4,7,2,2,0,452,2,9,ar ARG,MF,Colón,Copa de la Liga,30,1993,10.6,42,3.95,35,3,0,2,1,1,2,0.19,1,1,0,0,0,0,ar ARG,MF,Colón,Copa de la Liga,30,1993,10.6,21,16,9,11,1,14,27,51.9,13,11,2,9,6,27,12,0,ar ARG,MF,Colón,Copa de la Liga,30,1993,10.6,675,18,132,425,128,14,675,18,11,61.1,4,22.2,360,1684,794,14,19,1,11,12,435,24,ar ARG,MF,Colón,Copa de la Liga,30,1993,14,956,68,75.9,10.6,11,76,4,3,40,0,1.43,18,12,+6,+0.56,+1.75,15.0,11.7,+3.3,+0.31,+0.75,ar ARG,MF,Colón,Copa de la Liga,30,1993,10.6,2,0,0,13,13,0,11,6,16,0,0,0,92,17,19,47.2
Francisco Álvarez,ar ARG,DF,Barracas Central,Copa de la Liga,22,2000,14,14,"1,215",13.5,1,0,1,1,0,0,2,0,1.1,1.1,0.0,1.1,10,22,3,0.07,0.00,0.07,0.07,0.07,0.08,0.00,0.08,0.08,0.08,ar ARG,DF,Barracas Central,Copa de la Liga,22,2000,13.5,1,13,3,23.1,0.96,0.22,0.08,0.33,17.9,0,0,0,1.1,1.1,0.08,-0.1,-0.1,ar ARG,DF,Barracas Central,Copa de la Liga,22,2000,13.5,522,606,86.1,10719,3610,133,155,85.8,326,356,91.6,60,85,70.6,0,0.0,0.1,0.0,0,16,0,0,22,ar ARG,DF,Barracas Central,Copa de la Liga,22,2000,13.5,606,569,36,29,0,3,1,3,0,0,0,0,522,1,4,ar ARG,DF,Barracas Central,Copa de la Liga,22,2000,13.5,6,0.44,4,0,0,2,0,0,0,0.00,0,0,0,0,0,0,ar ARG,DF,Barracas Central,Copa de la Liga,22,2000,13.5,17,10,14,3,0,6,21,28.6,15,13,6,7,16,33,49,0,ar ARG,DF,Barracas Central,Copa de la Liga,22,2000,13.5,738,84,391,333,20,14,738,5,2,40.0,3,60.0,397,2321,1365,10,2,0,6,2,407,3,ar ARG,DF,Barracas Central,Copa de la Liga,22,2000,14,"1,215",87,96.4,13.5,14,87,13,0,0,0,1.00,10,20,-10,-0.74,+1.26,11.2,12.6,-1.5,-0.11,+1.87,ar ARG,DF,Barracas Central,Copa de la Liga,22,2000,13.5,2,0,0,8,8,0,1,16,10,0,0,1,87,29,29,50.0
Juan Álvarez,ar ARG,"MF,FW",Banfield,Copa de la Liga,26,1996,11,10,865,9.6,1,1,2,1,0,0,1,0,1.7,1.7,1.0,2.7,34,21,74,0.10,0.10,0.21,0.10,0.21,0.17,0.10,0.28,0.17,0.28,ar ARG,"MF,FW",Banfield,Copa de la Liga,26,1996,9.6,1,20,7,35.0,2.08,0.73,0.05,0.14,17.1,0,0,0,1.7,1.7,0.08,-0.7,-0.7,ar ARG,"MF,FW",Banfield,Copa de la Liga,26,1996,9.6,132,239,55.2,2339,793,66,86,76.7,49,80,61.3,16,50,32.0,1,1.0,1.0,0.0,11,7,9,4,21,ar ARG,"MF,FW",Banfield,Copa de la Liga,26,1996,9.6,239,206,32,7,1,1,62,4,20,0,16,0,132,1,18,ar ARG,"MF,FW",Banfield,Copa de la Liga,26,1996,9.6,26,2.70,17,5,2,1,1,0,2,0.21,1,1,0,0,0,0,ar ARG,"MF,FW",Banfield,Copa de la Liga,26,1996,9.6,9,6,4,5,0,5,16,31.3,11,10,0,10,10,19,7,0,ar ARG,"MF,FW",Banfield,Copa de la Liga,26,1996,9.6,350,8,56,122,180,23,350,39,16,41.0,21,53.8,188,1479,633,34,12,9,17,12,194,74,ar ARG,"MF,FW",Banfield,Copa de la Liga,26,1996,11,865,79,68.7,9.6,10,83,1,1,34,0,1.58,7,5,+2,+0.21,-0.48,7.4,8.8,-1.4,-0.14,-0.18,ar ARG,"MF,FW",Banfield,Copa de la Liga,26,1996,9.6,1,0,0,1,5,4,62,10,6,0,0,0,52,9,10,47.4
Gonzalo Álvez,ar ARG,"MF,FW",Cen. Córdoba–SdE,Copa de la Liga,19,2003,7,0,162,1.8,0,1,1,0,0,0,0,0,0.0,0.0,0.6,0.6,7,3,13,0.00,0.56,0.56,0.00,0.56,0.02,0.32,0.34,0.02,0.34,ar ARG,"MF,FW",Cen. Córdoba–SdE,Copa de la Liga,19,2003,1.8,0,2,0,0.0,1.11,0.00,0.00,0,35.9,0,0,0,0.0,0.0,0.02,0.0,0.0,ar ARG,"MF,FW",Cen. Córdoba–SdE,Copa de la Liga,19,2003,1.8,42,64,65.6,680,187,24,29,82.8,10,17,58.8,5,13,38.5,1,0.6,0.2,+0.4,4,2,2,0,3,ar ARG,"MF,FW",Cen. Córdoba–SdE,Copa de la Liga,19,2003,1.8,64,49,14,4,0,1,12,2,7,0,2,0,42,1,2,ar ARG,"MF,FW",Cen. Córdoba–SdE,Copa de la Liga,19,2003,1.8,8,4.44,4,2,1,0,1,0,0,0.00,0,0,0,0,0,0,ar ARG,"MF,FW",Cen. Córdoba–SdE,Copa de la Liga,19,2003,1.8,3,3,2,1,0,2,3,66.7,1,3,0,3,2,5,2,0,ar ARG,"MF,FW",Cen. Córdoba–SdE,Copa de la Liga,19,2003,1.8,93,3,13,37,46,4,93,6,4,66.7,1,16.7,45,279,179,7,6,2,6,1,47,13,ar ARG,"MF,FW",Cen. Córdoba–SdE,Copa de la Liga,19,2003,7,162,23,12.9,1.8,0,0,0,7,23,2,1.86,2,4,-2,-1.11,-1.03,2.1,1.6,+0.5,+0.26,+0.23,ar ARG,"MF,FW",Cen. Córdoba–SdE,Copa de la Liga,19,2003,1.8,0,0,0,2,5,0,12,2,3,0,0,0,10,1,3,25.0
Alfredo Amarilla,py PAR,MF,Arsenal,Copa de la Liga,21,2001,9,1,218,2.4,0,0,0,0,0,0,2,0,0.1,0.1,0.0,0.1,4,10,11,0.00,0.00,0.00,0.00,0.00,0.03,0.00,0.03,0.03,0.03,py PAR,MF,Arsenal,Copa de la Liga,21,2001,2.4,0,5,1,20.0,2.06,0.41,0.00,0.00,35.6,0,0,0,0.1,0.1,0.02,-0.1,-0.1,py PAR,MF,Arsenal,Copa de la Liga,21,2001,2.4,74,101,73.3,1130,408,38,50,76.0,32,38,84.2,2,6,33.3,0,0.0,0.1,0.0,0,6,1,0,10,py PAR,MF,Arsenal,Copa de la Liga,21,2001,2.4,101,93,8,2,1,1,2,5,0,0,0,0,74,0,2,py PAR,MF,Arsenal,Copa de la Liga,21,2001,2.4,2,0.83,0,0,0,1,0,1,0,0.00,0,0,0,0,0,0,py PAR,MF,Arsenal,Copa de la Liga,21,2001,2.4,9,7,5,3,1,5,9,55.6,4,4,0,4,3,12,2,0,py PAR,MF,Arsenal,Copa de la Liga,21,2001,2.4,144,2,23,85,37,0,144,14,6,42.9,8,57.1,74,308,128,4,4,0,7,5,67,11,py PAR,MF,Arsenal,Copa de la Liga,21,2001,9,218,24,17.3,2.4,1,45,0,8,22,5,1.11,3,2,+1,+0.41,+0.93,3.1,1.9,+1.3,+0.53,+0.74,py PAR,MF,Arsenal,Copa de la Liga,21,2001,2.4,2,0,0,13,3,1,2,3,7,0,0,0,25,3,4,42.9
Fabricio Amato,ar ARG,DF,Estudiantes–LP,Copa de la Liga,18,2004,1,0,28,0.3,0,0,0,0,0,0,0,0,0.0,0.0,0.0,0.0,0,1,0,0.00,0.00,0.00,0.00,0.00,0.00,0.00,0.00,0.00,0.00,ar ARG,DF,Estudiantes–LP,Copa de la Liga,18,2004,0.3,0,0,0,0,0.00,0.00,0,0,0,0,0,0,0.0,0.0,0,0.0,0.0,ar ARG,DF,Estudiantes–LP,Copa de la Liga,18,2004,0.3,4,5,80.0,53,25,4,4,100.0,0,0,0,0,1,0.0,0,0.0,0.0,0.0,0,0,0,0,1,ar ARG,DF,Estudiantes–LP,Copa de la Liga,18,2004,0.3,5,5,0,0,0,0,0,0,0,0,0,0,4,0,0,ar ARG,DF,Estudiantes–LP,Copa de la Liga,18,2004,0.3,1,3.21,1,0,0,0,0,0,0,0.00,0,0,0,0,0,0,ar ARG,DF,Estudiantes–LP,Copa de la Liga,18,2004,0.3,1,1,1,0,0,0,0,0,0,0,0,0,1,2,2,0,ar ARG,DF,Estudiantes–LP,Copa de la Liga,18,2004,0.3,11,1,3,7,1,0,11,0,0,0,0,0,5,27,7,0,0,0,1,0,4,0,ar ARG,DF,Estudiantes–LP,Copa de la Liga,18,2004,1,28,28,2.2,0.3,0,0,0,1,28,1,3.00,0,0,0,0.00,+0.15,0.7,0.6,+0.1,+0.33,0.00,ar ARG,DF,Estudiantes–LP,Copa de la Liga,18,2004,0.3,0,0,0,1,1,0,0,1,1,0,0,0,1,0,0,0
Juan Andrada,ar ARG,MF,Godoy Cruz,Copa de la Liga,28,1995,2,2,121,1.3,0,0,0,0,0,0,1,0,0.0,0.0,0.0,0.0,0,6,4,0.00,0.00,0.00,0.00,0.00,0.00,0.00,0.00,0.00,0.00,ar ARG,MF,Godoy Cruz,Copa de la Liga,28,1995,1.3,0,0,0,0,0.00,0.00,0,0,0,0,0,0,0.0,0.0,0,0.0,0.0,ar ARG,MF,Godoy Cruz,Copa de la Liga,28,1995,1.3,47,59,79.7,855,210,21,26,80.8,17,20,85.0,6,7,85.7,0,0.0,0.0,0.0,0,7,0,0,6,ar ARG,MF,Godoy Cruz,Copa de la Liga,28,1995,1.3,59,59,0,0,0,0,0,0,0,0,0,0,47,0,1,ar ARG,MF,Godoy Cruz,Copa de la Liga,28,1995,1.3,3,2.25,2,0,0,0,1,0,0,0.00,0,0,0,0,0,0,ar ARG,MF,Godoy Cruz,Copa de la Liga,28,1995,1.3,3,2,1,2,0,0,1,0.0,1,2,0,2,1,4,1,0,ar ARG,MF,Godoy Cruz,Copa de la Liga,28,1995,1.3,74,3,8,54,13,0,74,5,3,60.0,0,0.0,25,154,60,0,2,0,2,1,46,4,ar ARG,MF,Godoy Cruz,Copa de la Liga,28,1995,2,121,61,9.6,1.3,2,61,0,0,0,0,2.00,2,1,+1,+0.74,+0.43,2.0,1.3,+0.6,+0.48,+0.21,ar ARG,MF,Godoy Cruz,Copa de la Liga,28,1995,1.3,1,0,0,2,3,0,0,1,2,0,0,0,9,0,0,0
Mariano Andújar,ar ARG,GK,Estudiantes–LP,Copa de la Liga,39,1983,14,14,"1,260",14.0,0,0,0,0,0,0,3,0,0.0,0.0,0.0,0.0,0,0,0,0.00,0.00,0.00,0.00,0.00,0.00,0.00,0.00,0.00,0.00,ar ARG,GK,Estudiantes–LP,Copa de la Liga,39,1983,14.0,0,0,0,0,0.00,0.00,0,0,0,0,0,0,0.0,0.0,0,0.0,0.0,ar ARG,GK,Estudiantes–LP,Copa de la Liga,39,1983,14.0,301,416,72.4,8430,6573,42,42,100.0,165,165,100.0,93,205,45.4,0,0.0,0.0,0.0,0,5,0,0,0,ar ARG,GK,Estudiantes–LP,Copa de la Liga,39,1983,14.0,416,252,163,33,0,0,0,0,0,0,0,0,301,1,1,ar ARG,GK,Estudiantes–LP,Copa de la Liga,39,1983,14.0,2,0.14,1,1,0,0,0,0,0,0.00,0,0,0,0,0,0,ar ARG,GK,Estudiantes–LP,Copa de la Liga,39,1983,14.0,0,0,0,0,0,0,0,0,0,0,0,0,0,0,2,2,ar ARG,GK,Estudiantes–LP,Copa de la Liga,39,1983,14.0,433,365,432,2,0,0,433,0,0,0,0,0,200,1061,749,0,0,0,1,0,124,0,ar ARG,GK,Estudiantes–LP,Copa de la Liga,39,1983,14,"1,260",90,100.0,14.0,14,90,14,0,0,0,1.21,11,13,-2,-0.14,0,16.9,12.3,+4.6,+0.33,0,ar ARG,GK,Estudiantes–LP,Copa de la Liga,39,1983,14.0,3,0,0,0,3,0,0,0,0,0,0,0,13,1,0,100.0
Miguel Ángel Torrén,ar ARG,DF,Arg Juniors,Copa de la Liga,34,1988,11,9,840,9.3,0,0,0,0,0,0,6,0,0.0,0.0,0.0,0.0,2,38,0,0.00,0.00,0.00,0.00,0.00,0.00,0.00,0.00,0.00,0.00,ar ARG,DF,Arg Juniors,Copa de la Liga,34,1988,9.3,0,0,0,0,0.00,0.00,0,0,0,0,0,0,0.0,0.0,0,0.0,0.0,ar ARG,DF,Arg Juniors,Copa de la Liga,34,1988,9.3,564,652,86.5,12356,4407,127,141,90.1,346,377,91.8,87,126,69.0,0,0.0,0.2,0.0,1,30,2,0,38,ar ARG,DF,Arg Juniors,Copa de la Liga,34,1988,9.3,652,627,25,24,0,6,0,1,0,0,0,0,564,0,4,ar ARG,DF,Arg Juniors,Copa de la Liga,34,1988,9.3,7,0.75,7,0,0,0,0,0,2,0.21,2,0,0,0,0,0,ar ARG,DF,Arg Juniors,Copa de la Liga,34,1988,9.3,18,16,14,4,0,12,15,80.0,3,5,0,5,11,29,35,0,ar ARG,DF,Arg Juniors,Copa de la Liga,34,1988,9.3,733,65,369,365,1,0,733,1,1,100.0,0,0.0,435,2510,1533,2,0,0,6,1,466,0,ar ARG,DF,Arg Juniors,Copa de la Liga,34,1988,11,840,76,66.7,9.3,9,88,8,2,26,0,1.00,13,14,-1,-0.11,+0.54,11.0,9.6,+1.4,+0.15,+1.10,ar ARG,DF,Arg Juniors,Copa de la Liga,34,1988,9.3,6,0,0,5,4,0,0,11,16,0,0,0,66,9,17,34.6
Lucas Angelini,ar ARG,"DF,FW",Cen. Córdoba–SdE,Copa de la Liga,28,1995,5,5,339,3.8,1,0,1,1,0,0,1,0,0.3,0.3,0.0,0.3,4,16,12,0.27,0.00,0.27,0.27,0.27,0.08,0.00,0.09,0.08,0.09,ar ARG,"DF,FW",Cen. Córdoba–SdE,Copa de la Liga,28,1995,3.8,1,7,2,28.6,1.86,0.53,0.14,0.50,24.2,2,0,0,0.3,0.3,0.05,+0.7,+0.7,ar ARG,"DF,FW",Cen. Córdoba–SdE,Copa de la Liga,28,1995,3.8,128,208,61.5,2195,1104,64,79,81.0,46,81,56.8,16,41,39.0,0,0.0,0.2,0.0,1,17,3,1,16,ar ARG,"DF,FW",Cen. Córdoba–SdE,Copa de la Liga,28,1995,3.8,208,158,50,4,1,2,8,46,0,0,0,0,128,0,3,ar ARG,"DF,FW",Cen. Córdoba–SdE,Copa de la Liga,28,1995,3.8,4,1.07,4,0,0,0,0,0,0,0.00,0,0,0,0,0,0,ar ARG,"DF,FW",Cen. Córdoba–SdE,Copa de la Liga,28,1995,3.8,7,6,3,4,0,4,9,44.4,5,7,2,5,3,10,8,0,ar ARG,"DF,FW",Cen. Córdoba–SdE,Copa de la Liga,28,1995,3.8,257,13,73,136,50,5,257,8,3,37.5,4,50.0,94,335,177,4,2,2,5,0,110,12,ar ARG,"DF,FW",Cen. Córdoba–SdE,Copa de la Liga,28,1995,5,339,68,26.9,3.8,5,68,3,0,0,3,1.80,4,6,-2,-0.53,-0.43,2.7,3.6,-1.0,-0.25,-0.43,ar ARG,"DF,FW",Cen. Córdoba–SdE,Copa de la Liga,28,1995,3.8,1,0,0,4,2,1,8,3,6,0,0,0,35,2,4,33.3
Luis Angulo,co COL,FW,Talleres,Copa de la Liga,18,2004,3,1,85,0.9,0,0,0,0,0,0,0,0,0.0,0.0,0.0,0.0,5,3,7,0.00,0.00,0.00,0.00,0.00,0.00,0.05,0.05,0.00,0.05,co COL,FW,Talleres,Copa de la Liga,18,2004,0.9,0,0,0,0,0.00,0.00,0,0,0,0,0,0,0.0,0.0,0,0.0,0.0,co COL,FW,Talleres,Copa de la Liga,18,2004,0.9,17,23,73.9,238,53,12,14,85.7,3,4,75.0,1,1,100.0,0,0.0,0.0,0.0,2,3,1,0,3,co COL,FW,Talleres,Copa de la Liga,18,2004,0.9,23,22,1,0,0,0,2,0,1,0,0,0,17,0,2,co COL,FW,Talleres,Copa de la Liga,18,2004,0.9,4,4.24,3,1,0,0,0,0,0,0.00,0,0,0,0,0,0,co COL,FW,Talleres,Copa de la Liga,18,2004,0.9,3,1,1,2,0,3,3,100.0,0,1,0,1,1,4,1,0,co COL,FW,Talleres,Copa de la Liga,18,2004,0.9,42,0,4,18,21,4,42,8,1,12.5,3,37.5,30,191,78,5,0,2,7,1,27,7,co COL,FW,Talleres,Copa de la Liga,18,2004,3,85,28,6.7,0.9,1,58,0,2,14,5,3.00,3,0,+3,+3.18,+3.41,1.2,0.6,+0.6,+0.68,+0.57,co COL,FW,Talleres,Copa de la Liga,18,2004,0.9,0,0,0,3,3,0,2,1,1,0,0,0,6,0,0,0
Aaron Anselmino,ar ARG,DF,Boca Juniors,Copa de la Liga,17,2005,3,3,251,2.8,0,0,0,0,0,0,2,0,0.0,0.0,0.0,0.0,0,5,0,0.00,0.00,0.00,0.00,0.00,0.00,0.00,0.00,0.00,0.00,ar ARG,DF,Boca Juniors,Copa de la Liga,17,2005,2.8,0,0,0,0,0.00,0.00,0,0,0,0,0,0,0.0,0.0,0,0.0,0.0,ar ARG,DF,Boca Juniors,Copa de la Liga,17,2005,2.8,129,151,85.4,2468,835,47,50,94.0,66,71,93.0,14,24,58.3,0,0.0,0.0,0.0,0,4,0,0,5,ar ARG,DF,Boca Juniors,Copa de la Liga,17,2005,2.8,151,148,3,3,0,2,0,0,0,0,0,0,129,0,2,ar ARG,DF,Boca Juniors,Copa de la Liga,17,2005,2.8,2,0.72,2,0,0,0,0,0,0,0.00,0,0,0,0,0,0,ar ARG,DF,Boca Juniors,Copa de la Liga,17,2005,2.8,8,4,6,2,0,2,3,66.7,1,2,1,1,3,11,7,0,ar ARG,DF,Boca Juniors,Copa de la Liga,17,2005,2.8,173,15,102,70,1,1,173,2,1,50.0,0,0.0,112,488,265,0,0,0,0,0,119,0,ar ARG,DF,Boca Juniors,Copa de la Liga,17,2005,3,251,84,19.9,2.8,3,84,2,0,0,4,1.33,1,2,-1,-0.36,-0.54,2.9,1.6,+1.3,+0.48,+0.26,ar ARG,DF,Boca Juniors,Copa de la Liga,17,2005,2.8,2,0,0,3,3,0,0,3,4,0,0,0,11,5,4,55.6
Mauro Antonio Burruchaga,ar ARG,MF,Arsenal,Copa de la Liga,24,1998,6,0,48,0.5,0,0,0,0,0,0,1,0,0.0,0.0,0.4,0.4,0,9,1,0.00,0.00,0.00,0.00,0.00,0.09,0.75,0.83,0.09,0.83,ar ARG,MF,Arsenal,Copa de la Liga,24,1998,0.5,0,1,0,0.0,1.87,0.00,0.00,0,31.7,1,0,0,0.0,0.0,0.05,0.0,0.0,ar ARG,MF,Arsenal,Copa de la Liga,24,1998,0.5,52,68,76.5,880,361,27,29,93.1,20,23,87.0,5,12,41.7,0,0.4,0.4,-0.4,2,14,2,0,9,ar ARG,MF,Arsenal,Copa de la Liga,24,1998,0.5,68,62,6,4,2,0,5,0,2,0,2,0,52,0,2,ar ARG,MF,Arsenal,Copa de la Liga,24,1998,0.5,6,11.25,5,0,0,0,1,0,0,0.00,0,0,0,0,0,0,ar ARG,MF,Arsenal,Copa de la Liga,24,1998,0.5,4,3,0,4,0,1,4,25.0,3,0,0,0,1,5,4,0,ar ARG,MF,Arsenal,Copa de la Liga,24,1998,0.5,76,4,19,49,10,0,76,2,1,50.0,1,50.0,39,152,62,0,0,0,1,0,40,1,ar ARG,MF,Arsenal,Copa de la Liga,24,1998,6,48,8,3.8,0.5,0,0,0,6,8,2,1.00,1,0,+1,+1.87,+2.32,1.3,0.9,+0.4,+0.79,+0.91,ar ARG,MF,Arsenal,Copa de la Liga,24,1998,0.5,1,0,0,3,1,0,5,1,3,0,0,0,10,3,0,100.0
Claudio Aquino,ar ARG,"MF,FW",Vélez Sarsfield,Copa de la Liga,31,1991,13,12,"1,004",11.2,5,3,8,5,0,0,2,0,0.9,0.9,1.9,2.8,38,84,51,0.45,0.27,0.72,0.45,0.72,0.08,0.17,0.25,0.08,0.25,ar ARG,"MF,FW",Vélez Sarsfield,Copa de la Liga,31,1991,11.2,5,19,11,57.9,1.70,0.99,0.26,0.45,24.3,7,0,0,0.9,0.9,0.05,+4.1,+4.1,ar ARG,"MF,FW",Vélez Sarsfield,Copa de la Liga,31,1991,11.2,403,593,68.0,7485,2781,175,216,81.0,162,222,73.0,57,121,47.1,3,1.9,1.8,+1.1,25,46,20,5,84,ar ARG,"MF,FW",Vélez Sarsfield,Copa de la Liga,31,1991,11.2,593,467,125,39,2,7,59,50,28,5,19,0,403,1,16,ar ARG,"MF,FW",Vélez Sarsfield,Copa de la Liga,31,1991,11.2,55,4.94,33,16,3,0,3,0,7,0.63,5,1,1,0,0,0,ar ARG,"MF,FW",Vélez Sarsfield,Copa de la Liga,31,1991,11.2,12,9,3,6,3,7,13,53.8,6,7,0,7,4,16,7,0,ar ARG,"MF,FW",Vélez Sarsfield,Copa de la Liga,31,1991,11.2,694,9,81,363,261,16,694,27,14,51.9,12,44.4,390,2348,1236,38,32,3,24,18,454,51,ar ARG,"MF,FW",Vélez Sarsfield,Copa de la Liga,31,1991,13,"1,004",77,79.7,11.2,12,81,3,1,30,1,1.46,16,11,+5,+0.45,+1.15,8.2,10.6,-2.4,-0.21,-0.41,ar ARG,"MF,FW",Vélez Sarsfield,Copa de la Liga,31,1991,11.2,2,0,0,10,27,0,59,4,9,0,0,0,69,9,12,42.9
Dylan Aquino,ar ARG,"DF,FW",Lanús,Copa de la Liga,17,2005,2,0,62,0.7,0,0,0,0,0,0,0,0,0.0,0.0,0.0,0.0,1,0,7,0.00,0.00,0.00,0.00,0.00,0.00,0.00,0.00,0.00,0.00,ar ARG,"DF,FW",Lanús,Copa de la Liga,17,2005,0.7,0,0,0,0,0.00,0.00,0,0,0,0,0,0,0.0,0.0,0,0.0,0.0,ar ARG,"DF,FW",Lanús,Copa de la Liga,17,2005,0.7,9,20,45.0,146,24,5,7,71.4,4,7,57.1,0,3,0.0,0,0.0,0.0,0.0,0,0,0,0,0,ar ARG,"DF,FW",Lanús,Copa de la Liga,17,2005,0.7,20,18,2,0,0,0,2,1,1,1,0,0,9,0,2,ar ARG,"DF,FW",Lanús,Copa de la Liga,17,2005,0.7,0,0.00,0,0,0,0,0,0,0,0.00,0,0,0,0,0,0,ar ARG,"DF,FW",Lanús,Copa de la Liga,17,2005,0.7,1,1,0,1,0,1,1,100.0,0,1,0,1,0,1,2,0,ar ARG,"DF,FW",Lanús,Copa de la Liga,17,2005,0.7,26,0,3,12,11,1,26,2,2,100.0,0,0.0,15,106,30,1,2,0,2,0,18,7,ar ARG,"DF,FW",Lanús,Copa de la Liga,17,2005,2,62,31,4.9,0.7,0,0,0,2,31,3,0.00,0,2,-2,-2.90,-2.68,0.2,1.4,-1.2,-1.67,-1.94,ar ARG,"DF,FW",Lanús,Copa de la Liga,17,2005,0.7,0,0,0,1,0,0,2,0,1,0,0,0,1,1,1,50.0
Carlos Arce,ar ARG,MF,Barracas Central,Copa de la Liga,32,1990,12,10,832,9.2,1,0,1,1,0,0,3,0,0.1,0.1,0.1,0.2,2,54,2,0.11,0.00,0.11,0.11,0.11,0.01,0.01,0.03,0.01,0.03,ar ARG,MF,Barracas Central,Copa de la Liga,32,1990,9.2,1,2,1,50.0,0.22,0.11,0.50,1.00,22.7,0,0,0,0.1,0.1,0.06,+0.9,+0.9,ar ARG,MF,Barracas Central,Copa de la Liga,32,1990,9.2,338,447,75.6,6393,2369,136,155,87.7,156,191,81.7,44,83,53.0,0,0.1,0.2,-0.1,4,43,3,0,54,ar ARG,MF,Barracas Central,Copa de la Liga,32,1990,9.2,447,438,9,7,0,2,3,2,0,0,0,0,338,0,11,ar ARG,MF,Barracas Central,Copa de la Liga,32,1990,9.2,8,0.86,7,0,1,0,0,0,0,0.00,0,0,0,0,0,0,ar ARG,MF,Barracas Central,Copa de la Liga,32,1990,9.2,23,11,9,13,1,10,23,43.5,13,13,3,10,13,36,20,1,ar ARG,MF,Barracas Central,Copa de la Liga,32,1990,9.2,547,21,124,380,51,2,547,8,5,62.5,3,37.5,222,802,346,2,4,0,7,5,288,2,ar ARG,MF,Barracas Central,Copa de la Liga,32,1990,12,832,69,66.0,9.2,10,78,2,2,26,2,1.00,7,15,-8,-0.87,-0.23,6.8,8.0,-1.2,-0.13,+0.12,ar ARG,MF,Barracas Central,Copa de la Liga,32,1990,9.2,3,0,0,19,10,0,3,13,11,0,0,0,94,6,12,33.3
Lucas Arce,ar ARG,DF,Godoy Cruz,Copa de la Liga,25,1997,14,14,"1,192",13.2,0,2,2,0,0,0,2,0,0.1,0.1,1.6,1.7,27,45,37,0.00,0.15,0.15,0.00,0.15,0.01,0.12,0.13,0.01,0.13,ar ARG,DF,Godoy Cruz,Copa de la Liga,25,1997,13.2,0,5,1,20.0,0.38,0.08,0.00,0.00,22.2,0,0,0,0.1,0.1,0.03,-0.1,-0.1,ar ARG,DF,Godoy Cruz,Copa de la Liga,25,1997,13.2,493,664,74.2,8491,4590,224,266,84.2,207,269,77.0,47,84,56.0,2,1.6,1.0,+0.4,17,32,9,4,45,ar ARG,DF,Godoy Cruz,Copa de la Liga,25,1997,13.2,664,481,182,1,0,2,27,181,0,0,0,0,493,1,16,ar ARG,DF,Godoy Cruz,Copa de la Liga,25,1997,13.2,29,2.19,17,9,2,0,1,0,2,0.15,2,0,0,0,0,0,ar ARG,DF,Godoy Cruz,Copa de la Liga,25,1997,13.2,32,19,19,13,0,23,39,59.0,16,32,3,29,17,49,28,0,ar ARG,DF,Godoy Cruz,Copa de la Liga,25,1997,13.2,808,41,253,393,169,7,808,14,8,57.1,6,42.9,268,1354,797,27,12,3,14,7,336,37,ar ARG,DF,Godoy Cruz,Copa de la Liga,25,1997,14,"1,192",85,94.6,13.2,14,85,12,0,0,0,1.50,14,8,+6,+0.45,+1.78,16.0,11.9,+4.1,+0.31,+0.42,ar ARG,DF,Godoy Cruz,Copa de la Liga,25,1997,13.2,2,0,0,14,5,1,27,17,19,0,0,0,94,20,15,57.1
Gabriel Arias,cl CHI,GK,Racing Club,Copa de la Liga,35,1987,12,12,"1,080",12.0,0,0,0,0,0,0,1,0,0.0,0.0,0.0,0.0,0,0,0,0.00,0.00,0.00,0.00,0.00,0.00,0.00,0.00,0.00,0.00,cl CHI,GK,Racing Club,Copa de la Liga,35,1987,12.0,0,0,0,0,0.00,0.00,0,0,0,0,0,0,0.0,0.0,0,0.0,0.0,cl CHI,GK,Racing Club,Copa de la Liga,35,1987,12.0,258,314,82.2,5523,3883,80,80,100.0,134,134,100.0,40,96,41.7,0,0.0,0.0,0.0,0,3,0,0,0,cl CHI,GK,Racing Club,Copa de la Liga,35,1987,12.0,314,204,110,20,0,0,0,0,0,0,0,0,258,0,0,cl CHI,GK,Racing Club,Copa de la Liga,35,1987,12.0,1,0.08,0,1,0,0,0,0,0,0.00,0,0,0,0,0,0,cl CHI,GK,Racing Club,Copa de la Liga,35,1987,12.0,1,0,1,0,0,1,2,50.0,1,0,0,0,0,1,4,1,cl CHI,GK,Racing Club,Copa de la Liga,35,1987,12.0,336,278,333,3,0,0,336,0,0,0,0,0,172,776,522,0,0,0,0,0,134,0,cl CHI,GK,Racing Club,Copa de la Liga,35,1987,12,"1,080",90,85.7,12.0,12,90,12,0,0,0,1.62,19,14,+5,+0.42,-0.08,16.0,14.4,+1.6,+0.13,+0.39,cl CHI,GK,Racing Club,Copa de la Liga,35,1987,12.0,1,0,0,0,3,0,0,0,0,0,0,0,15,2,0,100.0
Franco Armani,ar ARG,GK,River Plate,Copa de la Liga,36,1986,13,13,"1,170",13.0,0,0,0,0,0,0,1,0,0.0,0.0,0.0,0.0,0,0,0,0.00,0.00,0.00,0.00,0.00,0.00,0.00,0.00,0.00,0.00,ar ARG,GK,River Plate,Copa de la Liga,36,1986,13.0,0,0,0,0,0.00,0.00,0,0,0,0,0,0,0.0,0.0,0,0.0,0.0,ar ARG,GK,River Plate,Copa de la Liga,36,1986,13.0,286,345,82.9,7034,4455,57,58,98.3,161,162,99.4,67,124,54.0,0,0.0,0.0,0.0,0,2,0,0,0,ar ARG,GK,River Plate,Copa de la Liga,36,1986,13.0,345,220,125,29,0,0,0,0,0,0,0,0,286,0,0,ar ARG,GK,River Plate,Copa de la Liga,36,1986,13.0,2,0.15,1,1,0,0,0,0,0,0.00,0,0,0,0,0,0,ar ARG,GK,River Plate,Copa de la Liga,36,1986,13.0,1,1,1,0,0,1,1,100.0,0,0,0,0,0,1,8,0,ar ARG,GK,River Plate,Copa de la Liga,36,1986,13.0,377,330,377,0,0,0,377,0,0,0,0,0,169,725,433,0,0,0,1,0,131,0,ar ARG,GK,River Plate,Copa de la Liga,36,1986,13,"1,170",90,92.9,13.0,13,90,13,0,0,0,1.80,22,14,+8,+0.62,+0.62,19.7,11.3,+8.4,+0.65,+0.45,ar ARG,GK,River Plate,Copa de la Liga,36,1986,13.0,1,0,0,0,1,0,0,0,1,0,0,0,19,1,0,100.0
Blas Armoa,py PAR,FW,Tigre,Copa de la Liga,22,2000,11,3,318,3.5,0,0,0,0,0,0,0,0,0.7,0.7,0.1,0.8,10,4,43,0.00,0.00,0.00,0.00,0.00,0.19,0.03,0.22,0.19,0.22,py PAR,FW,Tigre,Copa de la Liga,22,2000,3.5,0,10,1,10.0,2.83,0.28,0.00,0.00,16.9,0,0,0,0.7,0.7,0.07,-0.7,-0.7,py PAR,FW,Tigre,Copa de la Liga,22,2000,3.5,39,69,56.5,517,82,26,37,70.3,7,16,43.8,3,7,42.9,0,0.1,0.1,-0.1,4,4,1,0,4,py PAR,FW,Tigre,Copa de la Liga,22,2000,3.5,69,66,2,0,0,0,13,1,0,0,0,0,39,1,4,py PAR,FW,Tigre,Copa de la Liga,22,2000,3.5,16,4.53,8,1,1,2,4,0,0,0.00,0,0,0,0,0,0,py PAR,FW,Tigre,Copa de la Liga,22,2000,3.5,1,1,0,1,0,0,0,0,0,1,0,1,0,1,3,0,py PAR,FW,Tigre,Copa de la Liga,22,2000,3.5,113,3,6,31,78,20,113,8,2,25.0,5,62.5,78,396,139,10,3,6,16,4,89,43,py PAR,FW,Tigre,Copa de la Liga,22,2000,11,318,29,25.2,3.5,3,61,0,8,17,3,0.91,1,4,-3,-0.85,-0.66,3.1,2.6,+0.5,+0.15,-0.04,py PAR,FW,Tigre,Copa de la Liga,22,2000,3.5,0,0,0,2,8,2,13,0,1,0,0,0,13,10,13,43.5
Carlos Arrua,py PAR,MF,Colón,Copa de la Liga,25,1997,1,0,29,0.3,0,0,0,0,0,0,0,0,0.0,0.0,0.0,0.0,2,3,1,0.00,0.00,0.00,0.00,0.00,0.00,0.13,0.13,0.00,0.13,py PAR,MF,Colón,Copa de la Liga,25,1997,0.3,0,0,0,0,0.00,0.00,0,0,0,0,0,0,0.0,0.0,0,0.0,0.0,py PAR,MF,Colón,Copa de la Liga,25,1997,0.3,20,25,80.0,338,96,6,7,85.7,12,12,100.0,1,4,25.0,0,0.0,0.0,0.0,1,2,1,0,3,py PAR,MF,Colón,Copa de la Liga,25,1997,0.3,25,23,1,0,0,0,1,0,1,1,0,0,20,1,0,py PAR,MF,Colón,Copa de la Liga,25,1997,0.3,1,3.10,1,0,0,0,0,0,0,0.00,0,0,0,0,0,0,py PAR,MF,Colón,Copa de la Liga,25,1997,0.3,0,0,0,0,0,0,0,0,0,0,0,0,0,0,0,0,py PAR,MF,Colón,Copa de la Liga,25,1997,0.3,25,0,1,20,5,0,25,1,0,0.0,0,0.0,15,66,45,2,0,0,0,0,21,1,py PAR,MF,Colón,Copa de la Liga,25,1997,1,29,29,2.3,0.3,0,0,0,1,29,10,0.00,0,0,0,0.00,-0.15,0.2,0.1,0.0,+0.15,+0.02,py PAR,MF,Colón,Copa de la Liga,25,1997,0.3,0,0,0,0,0,0,1,0,0,0,0,0,2,0,0,0
Santiago Ascacíbar,ar ARG,MF,Estudiantes–LP,Copa de la Liga,25,1997,9,9,793,8.8,0,0,0,0,0,0,4,0,0.9,0.9,0.2,1.1,9,71,17,0.00,0.00,0.00,0.00,0.00,0.10,0.02,0.12,0.10,0.12,ar ARG,MF,Estudiantes–LP,Copa de la Liga,25,1997,8.8,0,12,6,50.0,1.36,0.68,0.00,0.00,15.9,0,0,0,0.9,0.9,0.07,-0.9,-0.9,ar ARG,MF,Estudiantes–LP,Copa de la Liga,25,1997,8.8,392,477,82.2,7097,2342,160,179,89.4,189,217,87.1,37,52,71.2,0,0.2,0.6,-0.2,6,50,4,1,71,ar ARG,MF,Estudiantes–LP,Copa de la Liga,25,1997,8.8,477,462,12,11,0,7,3,1,0,0,0,0,392,3,14,ar ARG,MF,Estudiantes–LP,Copa de la Liga,25,1997,8.8,13,1.48,11,0,0,2,0,0,1,0.11,1,0,0,0,0,0,ar ARG,MF,Estudiantes–LP,Copa de la Liga,25,1997,8.8,39,26,19,18,2,20,31,64.5,11,12,0,12,11,50,12,1,ar ARG,MF,Estudiantes–LP,Copa de la Liga,25,1997,8.8,582,17,126,375,84,17,582,8,5,62.5,3,37.5,252,1195,639,9,8,1,5,8,359,17,ar ARG,MF,Estudiantes–LP,Copa de la Liga,25,1997,9,793,88,62.9,8.8,9,88,7,0,0,1,1.00,6,8,-2,-0.23,-0.23,10.7,7.0,+3.7,+0.42,+0.23,ar ARG,MF,Estudiantes–LP,Copa de la Liga,25,1997,8.8,4,0,0,15,7,0,3,11,26,0,1,0,60,16,12,57.1
Axel Atum,ar ARG,"MF,FW",Estudiantes–LP,Copa de la Liga,17,2006,7,1,174,1.9,0,0,0,0,0,0,0,0,0.5,0.5,0.1,0.5,0,8,14,0.00,0.00,0.00,0.00,0.00,0.25,0.03,0.28,0.25,0.28,ar ARG,"MF,FW",Estudiantes–LP,Copa de la Liga,17,2006,1.9,0,6,3,50.0,3.10,1.55,0.00,0.00,21.7,0,0,0,0.5,0.5,0.08,-0.5,-0.5,ar ARG,"MF,FW",Estudiantes–LP,Copa de la Liga,17,2006,1.9,60,71,84.5,931,247,29,32,90.6,28,33,84.8,2,3,66.7,0,0.1,0.1,-0.1,1,4,2,0,8,ar ARG,"MF,FW",Estudiantes–LP,Copa de la Liga,17,2006,1.9,71,68,3,0,1,0,3,1,2,0,0,0,60,0,1,ar ARG,"MF,FW",Estudiantes–LP,Copa de la Liga,17,2006,1.9,6,3.10,3,0,0,2,1,0,1,0.52,0,0,0,1,0,0,ar ARG,"MF,FW",Estudiantes–LP,Copa de la Liga,17,2006,1.9,2,2,0,2,0,1,4,25.0,3,2,0,2,0,2,0,0,ar ARG,"MF,FW",Estudiantes–LP,Copa de la Liga,17,2006,1.9,101,0,8,56,38,6,101,7,3,42.9,3,42.9,72,392,117,0,3,0,8,3,76,14,ar ARG,"MF,FW",Estudiantes–LP,Copa de la Liga,17,2006,7,174,25,13.8,1.9,1,45,0,6,22,7,1.29,2,2,0,0.00,+0.17,2.3,1.3,+0.9,+0.49,+0.18,ar ARG,"MF,FW",Estudiantes–LP,Copa de la Liga,17,2006,1.9,0,0,0,2,5,0,3,0,2,0,0,0,10,0,5,0.0
Luciano Aued,ar ARG,MF,Instituto,Copa de la Liga,35,1987,10,1,224,2.5,0,0,0,0,0,0,1,0,0.0,0.0,0.0,0.0,0,18,1,0.00,0.00,0.00,0.00,0.00,0.00,0.00,0.00,0.00,0.00,ar ARG,MF,Instituto,Copa de la Liga,35,1987,2.5,0,0,0,0,0.00,0.00,0,0,0,0,0,0,0.0,0.0,0,0.0,0.0,ar ARG,MF,Instituto,Copa de la Liga,35,1987,2.5,64,102,62.7,1085,441,28,36,77.8,28,40,70.0,7,19,36.8,0,0.0,0.0,0.0,0,13,0,0,18,ar ARG,MF,Instituto,Copa de la Liga,35,1987,2.5,102,98,3,3,0,0,3,0,0,0,0,0,64,1,1,ar ARG,MF,Instituto,Copa de la Liga,35,1987,2.5,3,1.20,3,0,0,0,0,0,0,0.00,0,0,0,0,0,0,ar ARG,MF,Instituto,Copa de la Liga,35,1987,2.5,6,2,0,5,1,2,5,40.0,3,4,2,2,1,7,5,0,ar ARG,MF,Instituto,Copa de la Liga,35,1987,2.5,130,7,28,84,18,2,130,2,1,50.0,1,50.0,39,112,42,0,0,0,5,0,50,1,ar ARG,MF,Instituto,Copa de la Liga,35,1987,10,224,22,17.8,2.5,1,68,0,9,17,4,1.70,4,1,+3,+1.21,+1.12,3.1,2.7,+0.4,+0.16,+0.09,ar ARG,MF,Instituto,Copa de la Liga,35,1987,2.5,1,0,0,3,1,0,3,1,2,0,0,0,15,12,9,57.1
Carlos Auzqui,ar ARG,"FW,MF",San Lorenzo,Copa de la Liga,31,1991,5,1,146,1.6,0,0,0,0,0,0,1,0,0.3,0.3,0.0,0.3,2,8,6,0.00,0.00,0.00,0.00,0.00,0.21,0.00,0.21,0.21,0.21,ar ARG,"FW,MF",San Lorenzo,Copa de la Liga,31,1991,1.6,0,2,1,50.0,1.23,0.62,0.00,0.00,8.5,0,0,0,0.3,0.3,0.17,-0.3,-0.3,ar ARG,"FW,MF",San Lorenzo,Copa de la Liga,31,1991,1.6,33,53,62.3,455,133,22,29,75.9,7,10,70.0,2,7,28.6,0,0.0,0.1,0.0,0,5,1,0,8,ar ARG,"FW,MF",San Lorenzo,Copa de la Liga,31,1991,1.6,53,50,3,0,0,0,2,3,0,0,0,0,33,0,3,ar ARG,"FW,MF",San Lorenzo,Copa de la Liga,31,1991,1.6,4,2.48,3,0,0,1,0,0,2,1.24,1,0,0,1,0,0,ar ARG,"FW,MF",San Lorenzo,Copa de la Liga,31,1991,1.6,6,3,3,3,0,1,4,25.0,3,3,0,3,0,6,1,0,ar ARG,"FW,MF",San Lorenzo,Copa de la Liga,31,1991,1.6,68,0,11,30,30,5,68,2,0,0.0,1,50.0,36,120,60,2,3,0,0,2,41,6,ar ARG,"FW,MF",San Lorenzo,Copa de la Liga,31,1991,5,146,29,11.6,1.6,1,45,0,4,25,4,1.20,3,0,+3,+1.85,+2.09,2.9,1.6,+1.2,+0.76,+1.01,ar ARG,"FW,MF",San Lorenzo,Copa de la Liga,31,1991,1.6,1,0,0,2,0,0,2,0,3,0,0,0,7,9,7,56.3
Gabriel Ávalos,py PAR,FW,Arg Juniors,Copa de la Liga,32,1990,11,9,840,9.3,5,1,6,3,2,2,0,0,3.3,1.8,1.1,2.9,8,25,80,0.54,0.11,0.64,0.32,0.43,0.36,0.12,0.48,0.19,0.31,py PAR,FW,Arg Juniors,Copa de la Liga,32,1990,9.3,5,23,6,26.1,2.46,0.64,0.13,0.50,16.9,0,2,2,3.3,1.8,0.08,+1.7,+1.2,py PAR,FW,Arg Juniors,Copa de la Liga,32,1990,9.3,149,257,58.0,2219,468,82,134,61.2,54,76,71.1,8,16,50.0,1,1.1,1.0,-0.1,10,11,8,2,25,py PAR,FW,Arg Juniors,Copa de la Liga,32,1990,9.3,257,234,22,0,1,2,8,0,0,0,0,0,149,1,14,py PAR,FW,Arg Juniors,Copa de la Liga,32,1990,9.3,22,2.36,19,0,2,0,1,0,4,0.43,1,0,2,0,1,0,py PAR,FW,Arg Juniors,Copa de la Liga,32,1990,9.3,4,1,0,2,2,1,8,12.5,7,9,0,9,0,4,5,0,py PAR,FW,Arg Juniors,Copa de la Liga,32,1990,9.3,354,6,13,150,195,69,352,21,8,38.1,13,61.9,188,827,272,8,11,3,28,12,268,80,py PAR,FW,Arg Juniors,Copa de la Liga,32,1990,11,840,76,66.7,9.3,9,85,7,2,38,1,0.82,15,17,-2,-0.21,+0.21,12.4,14.1,-1.7,-0.18,+0.11,py PAR,FW,Arg Juniors,Copa de la Liga,32,1990,9.3,0,0,0,7,9,2,8,0,1,1,0,0,21,36,13,73.5
Tomás Badaloni,ar ARG,FW,Tigre,Copa de la Liga,22,2000,4,4,286,3.2,0,0,0,0,0,0,0,0,0.4,0.4,0.1,0.5,4,3,22,0.00,0.00,0.00,0.00,0.00,0.12,0.02,0.15,0.12,0.15,ar ARG,FW,Tigre,Copa de la Liga,22,2000,3.2,0,11,3,27.3,3.46,0.94,0.00,0.00,16.4,0,0,0,0.4,0.4,0.04,-0.4,-0.4,ar ARG,FW,Tigre,Copa de la Liga,22,2000,3.2,39,61,63.9,478,37,27,39,69.2,7,13,53.8,1,2,50.0,0,0.1,0.1,-0.1,3,2,0,0,3,ar ARG,FW,Tigre,Copa de la Liga,22,2000,3.2,61,54,7,0,0,0,3,0,0,0,0,0,39,0,0,ar ARG,FW,Tigre,Copa de la Liga,22,2000,3.2,8,2.52,4,0,0,3,1,0,1,0.31,0,0,0,1,0,0,ar ARG,FW,Tigre,Copa de la Liga,22,2000,3.2,1,1,0,1,0,0,2,0.0,2,0,0,0,1,2,5,0,ar ARG,FW,Tigre,Copa de la Liga,22,2000,3.2,93,6,7,44,42,19,93,3,1,33.3,2,66.7,57,278,85,4,1,2,6,5,75,22,ar ARG,FW,Tigre,Copa de la Liga,22,2000,4,286,72,22.7,3.2,4,72,0,0,0,0,1.00,2,3,-1,-0.31,+0.05,3.4,2.1,+1.3,+0.41,+0.29,ar ARG,FW,Tigre,Copa de la Liga,22,2000,3.2,0,0,0,2,5,4,3,1,1,0,0,0,4,13,18,41.9
Cristian Báez,py PAR,DF,Independiente,Copa de la Liga,32,1990,13,13,"1,169",13.0,1,0,1,1,0,0,4,0,0.5,0.5,0.7,1.2,4,59,11,0.08,0.00,0.08,0.08,0.08,0.04,0.05,0.09,0.04,0.09,py PAR,DF,Independiente,Copa de la Liga,32,1990,13.0,1,3,1,33.3,0.23,0.08,0.33,1.00,10.4,0,0,0,0.5,0.5,0.16,+0.5,+0.5,py PAR,DF,Independiente,Copa de la Liga,32,1990,13.0,585,738,79.3,13000,5752,158,177,89.3,313,351,89.2,114,199,57.3,0,0.7,0.4,-0.7,5,56,5,1,59,py PAR,DF,Independiente,Copa de la Liga,32,1990,13.0,738,645,92,35,0,18,8,57,0,0,0,0,585,1,9,py PAR,DF,Independiente,Copa de la Liga,32,1990,13.0,10,0.77,9,1,0,0,0,0,0,0.00,0,0,0,0,0,0,py PAR,DF,Independiente,Copa de la Liga,32,1990,13.0,20,16,10,9,1,11,16,68.8,5,10,6,4,26,46,38,0,py PAR,DF,Independiente,Copa de la Liga,32,1990,13.0,846,62,406,407,44,9,846,1,0,0.0,0,0.0,527,2032,1080,4,1,2,5,3,511,11,py PAR,DF,Independiente,Copa de la Liga,32,1990,13,"1,169",90,92.8,13.0,13,90,12,0,0,1,1.77,15,10,+5,+0.38,+1.37,17.7,8.3,+9.4,+0.72,+2.34,py PAR,DF,Independiente,Copa de la Liga,32,1990,13.0,4,0,0,12,5,0,8,26,16,0,0,0,56,20,10,66.7
Agustín Baldi,ar ARG,DF,Tigre,Copa de la Liga,20,2002,1,0,22,0.2,0,0,0,0,0,0,0,0,0.0,0.0,0.0,0.0,1,0,0,0.00,0.00,0.00,0.00,0.00,0.00,0.06,0.06,0.00,0.06,ar ARG,DF,Tigre,Copa de la Liga,20,2002,0.2,0,0,0,0,0.00,0.00,0,0,0,0,0,0,0.0,0.0,0,0.0,0.0,ar ARG,DF,Tigre,Copa de la Liga,20,2002,0.2,20,20,100.0,288,145,10,10,100.0,10,10,100.0,0,0,0,0,0.0,0.0,0.0,1,1,0,0,0,ar ARG,DF,Tigre,Copa de la Liga,20,2002,0.2,20,19,1,1,0,0,0,0,0,0,0,0,20,0,0,ar ARG,DF,Tigre,Copa de la Liga,20,2002,0.2,1,4.09,1,0,0,0,0,0,0,0.00,0,0,0,0,0,0,ar ARG,DF,Tigre,Copa de la Liga,20,2002,0.2,1,0,0,1,0,1,1,100.0,0,0,0,0,0,1,1,0,ar ARG,DF,Tigre,Copa de la Liga,20,2002,0.2,23,1,10,13,0,0,23,2,1,50.0,1,50.0,17,95,52,1,0,0,0,0,15,0,ar ARG,DF,Tigre,Copa de la Liga,20,2002,1,22,22,1.7,0.2,0,0,0,1,22,2,0.00,0,0,0,0.00,+0.36,0.1,0.5,-0.4,-1.61,-1.82,ar ARG,DF,Tigre,Copa de la Liga,20,2002,0.2,0,0,0,0,1,0,0,0,0,0,0,0,1,1,1,50.0
Guillermo Balzi,ar ARG,"MF,FW",Newell's OB,Copa de la Liga,21,2001,7,4,401,4.5,0,1,1,0,0,0,1,0,0.3,0.3,0.6,0.9,6,21,15,0.00,0.22,0.22,0.00,0.22,0.08,0.13,0.21,0.08,0.21,ar ARG,"MF,FW",Newell's OB,Copa de la Liga,21,2001,4.5,0,7,3,42.9,1.57,0.67,0.00,0.00,17.4,1,0,0,0.3,0.3,0.05,-0.3,-0.3,ar ARG,"MF,FW",Newell's OB,Copa de la Liga,21,2001,4.5,108,140,77.1,1978,478,45,57,78.9,41,45,91.1,16,25,64.0,1,0.6,0.5,+0.4,5,10,3,0,21,ar ARG,"MF,FW",Newell's OB,Copa de la Liga,21,2001,4.5,140,126,13,10,2,2,9,0,3,1,1,0,108,1,3,ar ARG,"MF,FW",Newell's OB,Copa de la Liga,21,2001,4.5,13,2.91,9,2,0,0,2,0,1,0.22,1,0,0,0,0,0,ar ARG,"MF,FW",Newell's OB,Copa de la Liga,21,2001,4.5,2,0,1,1,0,2,6,33.3,4,3,0,3,5,7,1,0,ar ARG,"MF,FW",Newell's OB,Copa de la Liga,21,2001,4.5,188,0,18,101,70,12,188,13,5,38.5,6,46.2,128,696,307,6,4,1,14,4,140,15,ar ARG,"MF,FW",Newell's OB,Copa de la Liga,21,2001,7,401,57,31.8,4.5,4,69,1,3,42,7,1.14,3,3,0,0.00,-0.42,4.5,3.6,+0.9,+0.20,+0.12,ar ARG,"MF,FW",Newell's OB,Copa de la Liga,21,2001,4.5,1,0,0,5,12,2,9,5,0,0,1,0,22,2,2,50.0
Tiago Banega,ar ARG,MF,Unión,Copa de la Liga,23,1999,9,4,326,3.6,0,0,0,0,0,0,1,0,0.3,0.3,0.6,0.8,6,18,7,0.00,0.00,0.00,0.00,0.00,0.07,0.16,0.23,0.07,0.23,ar ARG,MF,Unión,Copa de la Liga,23,1999,3.6,0,7,0,0.0,1.93,0.00,0.00,0,27.7,0,0,0,0.3,0.3,0.04,-0.3,-0.3,ar ARG,MF,Unión,Copa de la Liga,23,1999,3.6,107,162,66.0,1932,768,42,54,77.8,50,66,75.8,10,20,50.0,0,0.6,0.2,-0.6,8,9,2,1,18,ar ARG,MF,Unión,Copa de la Liga,23,1999,3.6,162,150,11,7,0,1,11,0,4,1,2,0,107,1,14,ar ARG,MF,Unión,Copa de la Liga,23,1999,3.6,9,2.48,5,2,1,0,0,1,0,0.00,0,0,0,0,0,0,ar ARG,MF,Unión,Copa de la Liga,23,1999,3.6,18,16,7,9,2,10,20,50.0,10,10,2,8,4,22,1,0,ar ARG,MF,Unión,Copa de la Liga,23,1999,3.6,216,6,39,123,56,2,216,8,5,62.5,3,37.5,97,474,286,6,7,1,6,2,107,7,ar ARG,MF,Unión,Copa de la Liga,23,1999,9,326,36,25.9,3.6,4,52,0,5,23,4,1.11,1,3,-2,-0.55,-0.46,2.6,3.3,-0.6,-0.17,-0.05,ar ARG,MF,Unión,Copa de la Liga,23,1999,3.6,1,0,0,12,2,1,11,4,16,0,0,0,34,3,10,23.1
David Barbona,ar ARG,"MF,FW",Defensa y Just,Copa de la Liga,27,1995,8,5,434,4.8,0,1,1,0,0,0,0,0,0.1,0.1,1.2,1.4,20,29,30,0.00,0.21,0.21,0.00,0.21,0.03,0.25,0.28,0.03,0.28,ar ARG,"MF,FW",Defensa y Just,Copa de la Liga,27,1995,4.8,0,3,1,33.3,0.62,0.21,0.00,0.00,22.8,0,0,0,0.1,0.1,0.05,-0.1,-0.1,ar ARG,"MF,FW",Defensa y Just,Copa de la Liga,27,1995,4.8,113,173,65.3,1961,750,58,76,76.3,30,50,60.0,21,31,67.7,1,1.2,0.9,-0.2,10,17,8,2,29,ar ARG,"MF,FW",Defensa y Just,Copa de la Liga,27,1995,4.8,173,162,10,4,2,2,14,4,2,0,1,0,113,1,6,ar ARG,"MF,FW",Defensa y Just,Copa de la Liga,27,1995,4.8,12,2.48,8,2,0,2,0,0,1,0.21,1,0,0,0,0,0,ar ARG,"MF,FW",Defensa y Just,Copa de la Liga,27,1995,4.8,4,4,0,1,3,3,7,42.9,4,5,1,4,2,6,1,0,ar ARG,"MF,FW",Defensa y Just,Copa de la Liga,27,1995,4.8,218,0,20,110,92,10,218,11,7,63.6,3,27.3,128,1083,408,20,7,2,15,3,141,30,ar ARG,"MF,FW",Defensa y Just,Copa de la Liga,27,1995,8,434,54,34.4,4.8,5,69,2,3,30,0,0.88,5,5,0,0.00,+0.44,4.9,6.9,-2.0,-0.41,+0.30,ar ARG,"MF,FW",Defensa y Just,Copa de la Liga,27,1995,4.8,0,0,0,4,5,0,14,2,4,0,0,0,39,3,10,23.1
Baltasar Barcia,uy URU,DF,Independiente,Copa de la Liga,21,2001,1,0,22,0.2,0,0,0,0,0,0,0,0,0.0,0.0,0.0,0.0,2,1,2,0.00,0.00,0.00,0.00,0.00,0.00,0.00,0.00,0.00,0.00,uy URU,DF,Independiente,Copa de la Liga,21,2001,0.2,0,0,0,0,0.00,0.00,0,0,0,0,0,0,0.0,0.0,0,0.0,0.0,uy URU,DF,Independiente,Copa de la Liga,21,2001,0.2,6,12,50.0,87,38,4,6,66.7,2,5,40.0,0,0,0,0,0.0,0.0,0.0,0,0,1,0,1,uy URU,DF,Independiente,Copa de la Liga,21,2001,0.2,12,12,0,0,0,0,4,0,0,0,0,0,6,0,0,uy URU,DF,Independiente,Copa de la Liga,21,2001,0.2,0,0.00,0,0,0,0,0,0,0,0.00,0,0,0,0,0,0,uy URU,DF,Independiente,Copa de la Liga,21,2001,0.2,1,1,0,1,0,1,1,100.0,0,1,0,1,0,1,0,0,uy URU,DF,Independiente,Copa de la Liga,21,2001,0.2,17,0,0,9,10,0,17,3,1,33.3,2,66.7,12,105,42,2,2,0,1,0,10,2,uy URU,DF,Independiente,Copa de la Liga,21,2001,1,22,22,1.7,0.2,0,0,0,1,22,3,1.00,0,0,0,0.00,-0.29,0.3,0.1,+0.3,+1.17,+0.62,uy URU,DF,Independiente,Copa de la Liga,21,2001,0.2,0,0,0,0,0,0,4,0,1,0,0,0,2,1,1,50.0
Ezequiel Barco,ar ARG,"FW,MF",River Plate,Copa de la Liga,23,1999,14,13,"1,081",12.0,2,3,5,2,0,1,2,0,2.2,1.3,2.4,3.7,74,100,101,0.17,0.25,0.42,0.17,0.42,0.18,0.20,0.38,0.11,0.30,ar ARG,"FW,MF",River Plate,Copa de la Liga,23,1999,12.0,2,27,7,25.9,2.25,0.58,0.07,0.29,21.8,0,0,1,2.2,1.3,0.05,-0.2,+0.7,ar ARG,"FW,MF",River Plate,Copa de la Liga,23,1999,12.0,622,731,85.1,9715,2302,352,395,89.1,202,235,86.0,48,61,78.7,3,2.4,1.9,+0.6,37,61,25,2,100,ar ARG,"FW,MF",River Plate,Copa de la Liga,23,1999,12.0,731,683,44,14,4,3,27,12,14,6,3,0,622,4,8,ar ARG,"FW,MF",River Plate,Copa de la Liga,23,1999,12.0,69,5.75,59,4,2,4,0,0,7,0.58,6,0,0,1,0,0,ar ARG,"FW,MF",River Plate,Copa de la Liga,23,1999,12.0,11,8,4,5,2,7,16,43.8,9,10,0,10,4,15,1,0,ar ARG,"FW,MF",River Plate,Copa de la Liga,23,1999,12.0,847,2,53,391,423,39,846,53,30,56.6,17,32.1,591,4162,2282,74,66,16,25,11,675,101,ar ARG,"FW,MF",River Plate,Copa de la Liga,23,1999,14,"1,081",77,85.8,12.0,13,81,6,1,33,0,1.75,20,14,+6,+0.50,-0.51,18.6,10.6,+8.0,+0.67,+0.35,ar ARG,"FW,MF",River Plate,Copa de la Liga,23,1999,12.0,2,0,0,5,23,0,27,4,8,0,0,0,64,1,5,16.7
Valentín Barco,ar ARG,"MF,FW",Boca Juniors,Copa de la Liga,18,2004,9,7,598,6.6,0,2,2,0,0,0,1,0,0.8,0.8,1.0,1.8,18,44,40,0.00,0.30,0.30,0.00,0.30,0.12,0.16,0.27,0.12,0.27,ar ARG,"MF,FW",Boca Juniors,Copa de la Liga,18,2004,6.6,0,10,2,20.0,1.51,0.30,0.00,0.00,22.5,0,0,0,0.8,0.8,0.08,-0.8,-0.8,ar ARG,"MF,FW",Boca Juniors,Copa de la Liga,18,2004,6.6,298,419,71.1,5087,1768,152,177,85.9,100,140,71.4,37,78,47.4,2,1.0,1.5,+1.0,15,21,14,6,44,ar ARG,"MF,FW",Boca Juniors,Copa de la Liga,18,2004,6.6,419,363,52,19,1,3,57,7,26,11,9,1,298,4,6,ar ARG,"MF,FW",Boca Juniors,Copa de la Liga,18,2004,6.6,29,4.36,14,13,1,0,1,0,4,0.60,2,2,0,0,0,0,ar ARG,"MF,FW",Boca Juniors,Copa de la Liga,18,2004,6.6,10,2,4,5,1,3,5,60.0,2,7,0,7,4,14,2,0,ar ARG,"MF,FW",Boca Juniors,Copa de la Liga,18,2004,6.6,513,2,52,281,182,12,513,31,17,54.8,9,29.0,317,1737,951,18,22,5,33,10,395,40,ar ARG,"MF,FW",Boca Juniors,Copa de la Liga,18,2004,9,598,66,47.5,6.6,7,75,2,2,38,2,1.33,9,8,+1,+0.15,+0.15,8.6,7.1,+1.5,+0.23,-0.08,ar ARG,"MF,FW",Boca Juniors,Copa de la Liga,18,2004,6.6,1,0,0,4,14,0,57,4,2,0,0,0,31,1,5,16.7
Adam Bareiro,py PAR,FW,San Lorenzo,Copa de la Liga,26,1996,12,11,"1,019",11.3,7,1,8,5,2,2,7,1,3.6,2.0,1.9,3.9,11,13,51,0.62,0.09,0.71,0.44,0.53,0.31,0.17,0.48,0.18,0.34,py PAR,FW,San Lorenzo,Copa de la Liga,26,1996,11.3,7,19,11,57.9,1.68,0.97,0.26,0.45,15.4,1,2,2,3.6,2.0,0.10,+3.4,+3.0,py PAR,FW,San Lorenzo,Copa de la Liga,26,1996,11.3,164,252,65.1,2233,340,105,150,70.0,44,66,66.7,6,8,75.0,1,1.9,0.8,-0.9,8,10,3,0,13,py PAR,FW,San Lorenzo,Copa de la Liga,26,1996,11.3,252,229,20,1,0,2,2,1,0,0,0,0,164,3,6,py PAR,FW,San Lorenzo,Copa de la Liga,26,1996,11.3,18,1.59,9,1,3,1,4,0,2,0.18,0,0,1,1,0,0,py PAR,FW,San Lorenzo,Copa de la Liga,26,1996,11.3,7,2,0,5,2,2,9,22.2,7,11,4,7,4,11,9,0,py PAR,FW,San Lorenzo,Copa de la Liga,26,1996,11.3,399,15,33,182,187,54,397,26,12,46.2,14,53.8,209,813,274,11,8,3,44,25,286,51,py PAR,FW,San Lorenzo,Copa de la Liga,26,1996,12,"1,019",85,80.9,11.3,11,89,7,1,45,0,1.17,8,10,-2,-0.18,-0.92,8.7,10.2,-1.5,-0.13,+0.03,py PAR,FW,San Lorenzo,Copa de la Liga,26,1996,11.3,7,1,1,39,18,4,2,4,2,0,0,0,25,46,56,45.1
Juan Barinaga,ar ARG,DF,Belgrano,Copa de la Liga,22,2000,14,14,"1,132",12.6,3,2,5,3,0,0,3,0,0.6,0.6,1.0,1.6,18,22,46,0.24,0.16,0.40,0.24,0.40,0.05,0.08,0.13,0.05,0.13,ar ARG,DF,Belgrano,Copa de la Liga,22,2000,12.6,3,12,6,50.0,0.95,0.48,0.25,0.50,21.2,0,0,0,0.6,0.6,0.05,+2.4,+2.4,ar ARG,DF,Belgrano,Copa de la Liga,22,2000,12.6,328,477,68.8,5736,2309,140,153,91.5,154,204,75.5,26,95,27.4,2,1.0,1.3,+1.0,12,19,16,11,22,ar ARG,DF,Belgrano,Copa de la Liga,22,2000,12.6,477,346,131,3,0,2,36,128,0,0,0,0,328,0,11,ar ARG,DF,Belgrano,Copa de la Liga,22,2000,12.6,26,2.07,16,4,2,2,1,1,3,0.24,2,1,0,0,0,0,ar ARG,DF,Belgrano,Copa de la Liga,22,2000,12.6,43,26,32,10,1,26,40,65.0,14,17,4,13,9,52,34,0,ar ARG,DF,Belgrano,Copa de la Liga,22,2000,12.6,646,36,226,260,169,14,646,38,17,44.7,17,44.7,255,1388,717,18,12,2,16,11,269,46,ar ARG,DF,Belgrano,Copa de la Liga,22,2000,14,"1,132",81,89.8,12.6,14,81,7,0,0,0,1.40,18,13,+5,+0.40,+2.51,11.6,14.8,-3.2,-0.26,-0.02,ar ARG,DF,Belgrano,Copa de la Liga,22,2000,12.6,3,0,0,14,16,1,36,9,26,0,0,0,74,11,15,42.3
Daniel Barrea,ar ARG,FW,Belgrano,Copa de la Liga,21,2001,1,0,26,0.3,0,0,0,0,0,0,0,0,0.0,0.0,0.0,0.0,0,0,0,0.00,0.00,0.00,0.00,0.00,0.00,0.00,0.00,0.00,0.00,ar ARG,FW,Belgrano,Copa de la Liga,21,2001,0.3,0,0,0,0,0.00,0.00,0,0,0,0,0,0,0.0,0.0,0,0.0,0.0,ar ARG,FW,Belgrano,Copa de la Liga,21,2001,0.3,2,3,66.7,24,0,1,1,100.0,1,1,100.0,0,0,0,0,0.0,0.0,0.0,0,0,0,0,0,ar ARG,FW,Belgrano,Copa de la Liga,21,2001,0.3,3,3,0,0,0,0,0,0,0,0,0,0,2,0,0,ar ARG,FW,Belgrano,Copa de la Liga,21,2001,0.3,0,0.00,0,0,0,0,0,0,0,0.00,0,0,0,0,0,0,ar ARG,FW,Belgrano,Copa de la Liga,21,2001,0.3,0,0,0,0,0,0,2,0.0,2,0,0,0,0,0,0,0,ar ARG,FW,Belgrano,Copa de la Liga,21,2001,0.3,7,0,2,4,2,0,7,4,1,25.0,3,75.0,2,12,4,0,1,0,0,1,0,0,ar ARG,FW,Belgrano,Copa de la Liga,21,2001,1,26,26,2.1,0.3,0,0,0,1,26,0,3.00,0,0,0,0.00,-0.15,0.0,0.1,-0.1,-0.21,+0.04,ar ARG,FW,Belgrano,Copa de la Liga,21,2001,0.3,0,0,0,1,0,0,0,0,0,0,0,0,2,0,0,0
Daniel Barrea,ar ARG,FW,Godoy Cruz,Copa de la Liga,21,2001,10,6,539,6.0,1,0,1,1,0,0,3,0,0.7,0.7,0.4,1.1,10,4,34,0.17,0.00,0.17,0.17,0.17,0.12,0.07,0.19,0.12,0.19,ar ARG,FW,Belgrano,Copa de la Liga,21,2001,0.3,0,0,0,0,0.00,0.00,0,0,0,0,0,0,0.0,0.0,0,0.0,0.0,ar ARG,FW,Belgrano,Copa de la Liga,21,2001,0.3,2,3,66.7,24,0,1,1,100.0,1,1,100.0,0,0,0,0,0.0,0.0,0.0,0,0,0,0,0,ar ARG,FW,Belgrano,Copa de la Liga,21,2001,0.3,3,3,0,0,0,0,0,0,0,0,0,0,2,0,0,ar ARG,FW,Belgrano,Copa de la Liga,21,2001,0.3,0,0.00,0,0,0,0,0,0,0,0.00,0,0,0,0,0,0,ar ARG,FW,Belgrano,Copa de la Liga,21,2001,0.3,0,0,0,0,0,0,2,0.0,2,0,0,0,0,0,0,0,ar ARG,FW,Belgrano,Copa de la Liga,21,2001,0.3,7,0,2,4,2,0,7,4,1,25.0,3,75.0,2,12,4,0,1,0,0,1,0,0,ar ARG,FW,Belgrano,Copa de la Liga,21,2001,1,26,26,2.1,0.3,0,0,0,1,26,0,3.00,0,0,0,0.00,-0.15,0.0,0.1,-0.1,-0.21,+0.04,ar ARG,FW,Belgrano,Copa de la Liga,21,2001,0.3,0,0,0,1,0,0,0,0,0,0,0,0,2,0,0,0
Diego Barrera,ar ARG,FW,Talleres,Copa de la Liga,18,2004,5,1,155,1.7,0,2,2,0,0,0,1,0,0.2,0.2,0.7,0.9,9,4,19,0.00,1.16,1.16,0.00,1.16,0.14,0.39,0.53,0.14,0.53,ar ARG,FW,Talleres,Copa de la Liga,18,2004,1.7,0,3,1,33.3,1.74,0.58,0.00,0.00,17.5,0,0,0,0.2,0.2,0.08,-0.2,-0.2,ar ARG,FW,Talleres,Copa de la Liga,18,2004,1.7,37,49,75.5,586,155,20,22,90.9,13,16,81.3,2,3,66.7,2,0.7,0.1,+1.3,3,3,2,1,4,ar ARG,FW,Talleres,Copa de la Liga,18,2004,1.7,49,48,1,0,0,0,8,1,0,0,0,0,37,0,5,ar ARG,FW,Talleres,Copa de la Liga,18,2004,1.7,4,2.32,3,0,0,1,0,0,3,1.74,2,0,0,1,0,0,ar ARG,FW,Talleres,Copa de la Liga,18,2004,1.7,2,2,0,1,1,0,1,0.0,1,2,0,2,1,3,0,0,ar ARG,FW,Talleres,Copa de la Liga,18,2004,1.7,74,1,6,27,41,7,74,8,4,50.0,4,50.0,51,466,237,9,3,2,6,2,54,19,ar ARG,FW,Talleres,Copa de la Liga,18,2004,5,155,31,12.3,1.7,1,67,0,4,22,5,2.00,4,2,+2,+1.16,+1.32,3.5,2.0,+1.5,+0.88,+0.84,ar ARG,FW,Talleres,Copa de la Liga,18,2004,1.7,1,0,0,3,2,1,8,1,2,0,0,0,10,1,4,20.0
Nicolás Barrientos,ar ARG,"MF,FW",Instituto,Copa de la Liga,27,1995,5,0,59,0.7,1,0,1,1,0,0,1,0,0.7,0.7,0.0,0.8,0,3,6,1.53,0.00,1.53,1.53,1.53,1.09,0.08,1.17,1.09,1.17,ar ARG,"MF,FW",Instituto,Copa de la Liga,27,1995,0.7,1,2,1,50.0,3.05,1.53,0.50,1.00,12.6,0,0,0,0.7,0.7,0.35,+0.3,+0.3,ar ARG,"MF,FW",Instituto,Copa de la Liga,27,1995,0.7,22,41,53.7,384,134,9,18,50.0,9,13,69.2,3,5,60.0,0,0.0,0.1,0.0,1,2,1,0,3,ar ARG,"MF,FW",Instituto,Copa de la Liga,27,1995,0.7,41,38,3,1,0,0,6,0,2,1,1,0,22,0,3,ar ARG,"MF,FW",Instituto,Copa de la Liga,27,1995,0.7,1,1.55,0,1,0,0,0,0,0,0.00,0,0,0,0,0,0,ar ARG,"MF,FW",Instituto,Copa de la Liga,27,1995,0.7,3,1,0,2,1,1,1,100.0,0,1,0,1,1,4,2,0,ar ARG,"MF,FW",Instituto,Copa de la Liga,27,1995,0.7,52,2,8,19,25,4,52,2,1,50.0,1,50.0,22,144,32,0,1,0,0,0,27,6,ar ARG,"MF,FW",Instituto,Copa de la Liga,27,1995,5,59,12,4.7,0.7,0,0,0,5,12,7,1.00,1,2,-1,-1.53,-1.90,0.9,1.4,-0.5,-0.77,-0.89,ar ARG,"MF,FW",Instituto,Copa de la Liga,27,1995,0.7,1,0,0,1,1,0,6,1,1,0,0,0,6,0,1,0.0
Nahuel Barrios,ar ARG,"MF,FW",San Lorenzo,Copa de la Liga,24,1998,12,12,796,8.8,0,2,2,0,0,0,1,0,0.8,0.8,0.9,1.6,31,40,46,0.00,0.23,0.23,0.00,0.23,0.09,0.10,0.18,0.09,0.18,ar ARG,"MF,FW",San Lorenzo,Copa de la Liga,24,1998,8.8,0,6,3,50.0,0.68,0.34,0.00,0.00,20.4,0,0,0,0.8,0.8,0.13,-0.8,-0.8,ar ARG,"MF,FW",San Lorenzo,Copa de la Liga,24,1998,8.8,291,378,77.0,4524,1402,175,198,88.4,78,101,77.2,31,46,67.4,2,0.9,1.0,+1.1,12,33,12,7,40,ar ARG,"MF,FW",San Lorenzo,Copa de la Liga,24,1998,8.8,378,344,32,10,2,5,29,11,10,5,4,0,291,2,14,ar ARG,"MF,FW",San Lorenzo,Copa de la Liga,24,1998,8.8,26,2.94,17,4,2,1,1,1,3,0.34,2,0,0,0,1,0,ar ARG,"MF,FW",San Lorenzo,Copa de la Liga,24,1998,8.8,13,10,2,6,5,5,15,33.3,10,6,0,6,5,18,5,0,ar ARG,"MF,FW",San Lorenzo,Copa de la Liga,24,1998,8.8,506,7,54,267,202,22,506,70,27,38.6,30,42.9,344,2650,1168,31,37,10,29,24,368,46,ar ARG,"MF,FW",San Lorenzo,Copa de la Liga,24,1998,12,796,66,63.2,8.8,12,66,4,0,0,0,1.33,7,4,+3,+0.34,+0.92,7.2,6.2,+1.0,+0.12,+0.69,ar ARG,"MF,FW",San Lorenzo,Copa de la Liga,24,1998,8.8,1,0,0,8,31,2,29,5,10,0,0,0,63,0,3,0.0
Pier Barrios,ar ARG,DF,Godoy Cruz,Copa de la Liga,32,1990,14,14,"1,260",14.0,1,1,2,1,0,0,2,0,0.5,0.5,0.6,1.1,9,43,5,0.07,0.07,0.14,0.07,0.14,0.03,0.04,0.08,0.03,0.08,ar ARG,DF,Godoy Cruz,Copa de la Liga,32,1990,14.0,1,13,3,23.1,0.93,0.21,0.08,0.33,18.7,0,0,0,0.5,0.5,0.04,+0.5,+0.5,ar ARG,DF,Godoy Cruz,Copa de la Liga,32,1990,14.0,363,496,73.2,8008,3991,97,113,85.8,203,242,83.9,62,125,49.6,1,0.6,0.2,+0.4,6,37,1,1,43,ar ARG,DF,Godoy Cruz,Copa de la Liga,32,1990,14.0,496,464,31,25,0,3,4,6,0,0,0,0,363,1,12,ar ARG,DF,Godoy Cruz,Copa de la Liga,32,1990,14.0,10,0.71,6,0,2,2,0,0,0,0.00,0,0,0,0,0,0,ar ARG,DF,Godoy Cruz,Copa de la Liga,32,1990,14.0,24,17,16,6,2,13,22,59.1,9,12,7,5,10,34,74,0,ar ARG,DF,Godoy Cruz,Copa de la Liga,32,1990,14.0,666,88,364,269,39,15,666,9,5,55.6,4,44.4,261,1520,954,9,2,0,13,1,319,5,ar ARG,DF,Godoy Cruz,Copa de la Liga,32,1990,14,"1,260",90,100.0,14.0,14,90,14,0,0,0,1.50,14,9,+5,+0.36,0,16.4,12.3,+4.1,+0.29,0,ar ARG,DF,Godoy Cruz,Copa de la Liga,32,1990,14.0,2,0,0,11,13,0,4,10,17,0,0,0,76,33,16,67.3
Bautista Barros Schelotto,ar ARG,DF,Gimnasia–LP,Copa de la Liga,23,2000,3,3,203,2.3,0,0,0,0,0,0,0,0,0.0,0.0,0.0,0.0,4,7,3,0.00,0.00,0.00,0.00,0.00,0.00,0.00,0.00,0.00,0.00,ar ARG,DF,Gimnasia–LP,Copa de la Liga,23,2000,2.3,0,0,0,0,0.00,0.00,0,0,0,0,0,0,0.0,0.0,0,0.0,0.0,ar ARG,DF,Gimnasia–LP,Copa de la Liga,23,2000,2.3,64,104,61.5,1058,581,31,36,86.1,30,48,62.5,3,14,21.4,0,0.0,0.0,0.0,0,3,2,1,7,ar ARG,DF,Gimnasia–LP,Copa de la Liga,23,2000,2.3,104,66,37,0,0,0,7,37,0,0,0,0,64,1,3,ar ARG,DF,Gimnasia–LP,Copa de la Liga,23,2000,2.3,2,0.89,2,0,0,0,0,0,0,0.00,0,0,0,0,0,0,ar ARG,DF,Gimnasia–LP,Copa de la Liga,23,2000,2.3,4,2,2,2,0,3,4,75.0,1,3,2,1,1,5,4,0,ar ARG,DF,Gimnasia–LP,Copa de la Liga,23,2000,2.3,119,6,32,59,28,0,119,1,1,100.0,0,0.0,44,206,117,4,2,0,0,0,44,3,ar ARG,DF,Gimnasia–LP,Copa de la Liga,23,2000,3,203,68,16.1,2.3,3,68,1,0,0,7,0.00,0,4,-4,-1.77,-1.43,1.6,3.0,-1.4,-0.62,-0.46,ar ARG,DF,Gimnasia–LP,Copa de la Liga,23,2000,2.3,0,0,0,4,1,0,7,1,2,0,0,0,8,3,5,37.5
Bruno Barticciotto,cl CHI,"FW,MF",Talleres,Copa de la Liga,21,2001,7,3,266,3.0,0,0,0,0,0,0,0,0,1.0,1.0,0.1,1.0,5,3,21,0.00,0.00,0.00,0.00,0.00,0.32,0.03,0.35,0.32,0.35,cl CHI,"FW,MF",Talleres,Copa de la Liga,21,2001,3.0,0,7,3,42.9,2.37,1.02,0.00,0.00,13.2,0,0,0,1.0,1.0,0.14,-1.0,-1.0,cl CHI,"FW,MF",Talleres,Copa de la Liga,21,2001,3.0,25,47,53.2,315,41,18,23,78.3,5,13,38.5,1,4,25.0,0,0.1,0.1,-0.1,1,1,1,0,3,cl CHI,"FW,MF",Talleres,Copa de la Liga,21,2001,3.0,47,47,0,0,0,1,4,0,0,0,0,0,25,0,5,cl CHI,"FW,MF",Talleres,Copa de la Liga,21,2001,3.0,7,2.37,6,0,0,0,1,0,0,0.00,0,0,0,0,0,0,cl CHI,"FW,MF",Talleres,Copa de la Liga,21,2001,3.0,2,2,0,1,1,1,1,100.0,0,2,0,2,0,2,4,0,cl CHI,"FW,MF",Talleres,Copa de la Liga,21,2001,3.0,85,2,8,30,48,18,85,8,2,25.0,6,75.0,48,238,69,5,3,2,8,2,58,21,cl CHI,"FW,MF",Talleres,Copa de la Liga,21,2001,7,266,38,21.1,3.0,3,59,0,4,22,0,1.29,3,3,0,0.00,0.00,4.8,4.5,+0.2,+0.08,-0.07,cl CHI,"FW,MF",Talleres,Copa de la Liga,21,2001,3.0,0,0,0,2,2,1,4,0,2,0,0,0,8,2,8,20.0
Augusto Batalla,ar ARG,GK,San Lorenzo,Copa de la Liga,26,1996,14,14,"1,260",14.0,0,0,0,0,0,0,1,0,0.0,0.0,0.0,0.0,0,0,0,0.00,0.00,0.00,0.00,0.00,0.00,0.00,0.00,0.00,0.00,ar ARG,GK,San Lorenzo,Copa de la Liga,26,1996,14.0,0,0,0,0,0.00,0.00,0,0,0,0,0,0,0.0,0.0,0,0.0,0.0,ar ARG,GK,San Lorenzo,Copa de la Liga,26,1996,14.0,257,462,55.6,11101,9769,13,14,92.9,64,64,100.0,180,379,47.5,0,0.0,0.0,0.0,0,19,0,0,0,ar ARG,GK,San Lorenzo,Copa de la Liga,26,1996,14.0,462,246,213,69,0,2,0,0,0,0,0,0,257,3,1,ar ARG,GK,San Lorenzo,Copa de la Liga,26,1996,14.0,2,0.14,1,1,0,0,0,0,0,0.00,0,0,0,0,0,0,ar ARG,GK,San Lorenzo,Copa de la Liga,26,1996,14.0,0,0,0,0,0,0,0,0,0,0,0,0,0,0,4,2,ar ARG,GK,San Lorenzo,Copa de la Liga,26,1996,14.0,494,394,483,12,0,0,494,2,2,100.0,0,0.0,203,1411,867,0,0,0,1,0,127,0,ar ARG,GK,San Lorenzo,Copa de la Liga,26,1996,14,"1,260",90,100.0,14.0,14,90,14,0,0,0,1.29,11,11,0,0.00,0,11.0,12.9,-1.9,-0.13,0,ar ARG,GK,San Lorenzo,Copa de la Liga,26,1996,14.0,1,0,0,0,4,0,0,0,0,0,0,0,14,2,0,100.0
Damián Batallini,ar ARG,"FW,MF",Colón,Copa de la Liga,26,1996,7,7,514,5.7,1,1,2,1,0,0,3,0,0.7,0.7,0.2,0.9,11,14,26,0.18,0.18,0.35,0.18,0.35,0.12,0.03,0.15,0.12,0.15,ar ARG,"FW,MF",Colón,Copa de la Liga,26,1996,5.7,1,8,3,37.5,1.40,0.53,0.13,0.33,17.0,0,0,0,0.7,0.7,0.08,+0.3,+0.3,ar ARG,"FW,MF",Colón,Copa de la Liga,26,1996,5.7,153,187,81.8,1946,491,104,117,88.9,34,41,82.9,6,15,40.0,1,0.2,0.4,+0.8,6,8,5,4,14,ar ARG,"FW,MF",Colón,Copa de la Liga,26,1996,5.7,187,176,11,2,3,1,14,7,2,1,0,0,153,0,3,ar ARG,"FW,MF",Colón,Copa de la Liga,26,1996,5.7,12,2.10,8,1,1,0,1,1,1,0.17,1,0,0,0,0,0,ar ARG,"FW,MF",Colón,Copa de la Liga,26,1996,5.7,7,3,3,3,1,2,12,16.7,10,8,1,7,3,10,3,0,ar ARG,"FW,MF",Colón,Copa de la Liga,26,1996,5.7,256,4,27,128,106,11,256,12,5,41.7,7,58.3,142,708,281,11,13,1,15,13,177,26,ar ARG,"FW,MF",Colón,Copa de la Liga,26,1996,7,514,73,40.8,5.7,7,73,2,0,0,0,1.57,8,6,+2,+0.35,+0.35,7.0,4.7,+2.3,+0.40,+0.45,ar ARG,"FW,MF",Colón,Copa de la Liga,26,1996,5.7,3,0,0,15,17,1,14,3,3,0,0,0,28,7,14,33.3
Juan Bautista Cejas,ar ARG,"MF,FW",Arsenal,Copa de la Liga,24,1998,13,7,780,8.7,4,1,5,1,3,3,2,0,3.4,1.0,1.6,2.6,18,29,55,0.46,0.12,0.58,0.12,0.23,0.39,0.18,0.57,0.12,0.30,ar ARG,"MF,FW",Arsenal,Copa de la Liga,24,1998,8.7,4,25,12,48.0,2.88,1.38,0.04,0.08,26.0,1,3,3,3.4,1.0,0.04,+0.6,0.0,ar ARG,"MF,FW",Arsenal,Copa de la Liga,24,1998,8.7,219,309,70.9,3797,1147,115,130,88.5,61,74,82.4,36,71,50.7,1,1.6,1.3,-0.6,19,24,9,5,29,ar ARG,"MF,FW",Arsenal,Copa de la Liga,24,1998,8.7,309,247,61,18,1,1,65,5,30,13,16,0,219,1,15,ar ARG,"MF,FW",Arsenal,Copa de la Liga,24,1998,8.7,32,3.69,12,16,1,3,0,0,2,0.23,1,1,0,0,0,0,ar ARG,"MF,FW",Arsenal,Copa de la Liga,24,1998,8.7,18,11,7,6,5,6,15,40.0,9,16,2,14,2,20,5,0,ar ARG,"MF,FW",Arsenal,Copa de la Liga,24,1998,8.7,440,3,41,188,218,13,437,32,9,28.1,20,62.5,238,1737,706,18,17,3,19,19,277,55,ar ARG,"MF,FW",Arsenal,Copa de la Liga,24,1998,13,780,60,61.9,8.7,7,81,3,6,35,0,1.00,7,4,+3,+0.35,+1.85,9.1,8.4,+0.7,+0.08,+0.43,ar ARG,"MF,FW",Arsenal,Copa de la Liga,24,1998,8.7,2,0,0,9,7,3,65,2,11,0,0,0,43,9,11,45.0
Jonathan Bay,ar ARG,DF,Instituto,Copa de la Liga,29,1993,7,5,429,4.8,0,1,1,0,0,0,2,0,0.1,0.1,0.9,1.0,3,15,13,0.00,0.21,0.21,0.00,0.21,0.02,0.18,0.20,0.02,0.20,ar ARG,DF,Instituto,Copa de la Liga,29,1993,4.8,0,4,0,0.0,0.84,0.00,0.00,0,27.4,0,0,0,0.1,0.1,0.02,-0.1,-0.1,ar ARG,DF,Instituto,Copa de la Liga,29,1993,4.8,122,208,58.7,2199,1245,46,57,80.7,62,90,68.9,11,39,28.2,1,0.9,1.0,+0.1,3,10,4,3,15,ar ARG,DF,Instituto,Copa de la Liga,29,1993,4.8,208,129,78,2,0,0,20,74,2,0,2,0,122,1,11,ar ARG,DF,Instituto,Copa de la Liga,29,1993,4.8,9,1.89,3,4,0,0,2,0,2,0.42,1,1,0,0,0,0,ar ARG,DF,Instituto,Copa de la Liga,29,1993,4.8,12,9,5,4,3,5,11,45.5,6,7,3,4,9,21,15,0,ar ARG,DF,Instituto,Copa de la Liga,29,1993,4.8,275,16,96,109,76,2,275,7,3,42.9,3,42.9,67,276,128,3,4,0,8,2,82,13,ar ARG,DF,Instituto,Copa de la Liga,29,1993,7,429,61,34.0,4.8,5,75,2,2,27,2,1.71,7,3,+4,+0.84,+0.84,5.7,3.3,+2.4,+0.50,+0.64,ar ARG,DF,Instituto,Copa de la Liga,29,1993,4.8,2,0,0,6,6,0,20,9,9,0,0,0,28,9,6,60.0
Gastón Benavídez,ar ARG,DF,Talleres,Copa de la Liga,27,1995,14,14,"1,259",14.0,0,1,1,0,0,0,2,0,0.6,0.6,1.9,2.5,45,65,69,0.00,0.07,0.07,0.00,0.07,0.04,0.14,0.18,0.04,0.18,ar ARG,DF,Talleres,Copa de la Liga,27,1995,14.0,0,14,4,28.6,1.00,0.29,0.00,0.00,11.7,0,0,0,0.6,0.6,0.05,-0.6,-0.6,ar ARG,DF,Talleres,Copa de la Liga,27,1995,14.0,564,755,74.7,9943,3991,258,307,84.0,249,325,76.6,54,93,58.1,1,1.9,1.2,-0.9,16,54,13,5,65,ar ARG,DF,Talleres,Copa de la Liga,27,1995,14.0,755,576,177,16,0,10,27,161,0,0,0,0,564,2,18,ar ARG,DF,Talleres,Copa de la Liga,27,1995,14.0,28,2.00,18,5,0,3,1,1,2,0.14,1,1,0,0,0,0,ar ARG,DF,Talleres,Copa de la Liga,27,1995,14.0,30,20,16,13,1,18,30,60.0,12,18,1,17,24,54,35,0,ar ARG,DF,Talleres,Copa de la Liga,27,1995,14.0,897,50,263,416,228,29,897,11,5,45.5,5,45.5,405,2329,1379,45,25,5,18,4,450,69,ar ARG,DF,Talleres,Copa de la Liga,27,1995,14,"1,259",90,99.9,14.0,14,90,13,0,0,0,1.21,15,15,0,0.00,0.00,17.9,15.9,+2.0,+0.14,-1.82,ar ARG,DF,Talleres,Copa de la Liga,27,1995,14.0,2,0,0,6,6,5,27,24,20,0,0,0,85,22,16,57.9
Gastón Benedetti,ar ARG,DF,Estudiantes–LP,Copa de la Liga,21,2001,12,11,809,9.0,0,0,0,0,0,0,3,0,0.3,0.3,0.6,0.9,14,45,57,0.00,0.00,0.00,0.00,0.00,0.03,0.07,0.10,0.03,0.10,ar ARG,DF,Estudiantes–LP,Copa de la Liga,21,2001,9.0,0,4,0,0.0,0.44,0.00,0.00,0,17.4,0,0,0,0.3,0.3,0.07,-0.3,-0.3,ar ARG,DF,Estudiantes–LP,Copa de la Liga,21,2001,9.0,335,468,71.6,6535,2511,118,141,83.7,168,216,77.8,47,98,48.0,0,0.6,0.6,-0.6,8,31,7,5,45,ar ARG,DF,Estudiantes–LP,Copa de la Liga,21,2001,9.0,468,367,98,3,0,4,33,95,0,0,0,0,335,3,9,ar ARG,DF,Estudiantes–LP,Copa de la Liga,21,2001,9.0,17,1.89,14,1,0,1,0,1,0,0.00,0,0,0,0,0,0,ar ARG,DF,Estudiantes–LP,Copa de la Liga,21,2001,9.0,24,13,12,10,2,9,14,64.3,5,8,0,8,7,31,20,0,ar ARG,DF,Estudiantes–LP,Copa de la Liga,21,2001,9.0,578,14,148,266,170,9,578,27,16,59.3,10,37.0,272,1493,720,14,19,0,14,4,312,57,ar ARG,DF,Estudiantes–LP,Copa de la Liga,21,2001,12,809,67,64.2,9.0,11,72,6,1,18,1,1.33,6,7,-1,-0.11,+0.09,11.0,7.9,+3.1,+0.35,+0.05,ar ARG,DF,Estudiantes–LP,Copa de la Liga,21,2001,9.0,3,0,0,4,3,0,33,7,13,0,0,0,53,5,6,45.5
Nehuén Benedetti,ar ARG,FW,Estudiantes–LP,Copa de la Liga,17,2005,1,0,17,0.2,0,0,0,0,0,0,0,0,0.0,0.0,0.0,0.0,1,0,0,0.00,0.00,0.00,0.00,0.00,0.00,0.00,0.00,0.00,0.00,ar ARG,FW,Estudiantes–LP,Copa de la Liga,17,2005,0.2,0,0,0,0,0.00,0.00,0,0,0,0,0,0,0.0,0.0,0,0.0,0.0,ar ARG,FW,Estudiantes–LP,Copa de la Liga,17,2005,0.2,3,3,100.0,68,29,0,0,0,3,3,100.0,0,0,0,0,0.0,0.0,0.0,0,0,0,0,0,ar ARG,FW,Estudiantes–LP,Copa de la Liga,17,2005,0.2,3,3,0,0,0,0,0,0,0,0,0,0,3,0,0,ar ARG,FW,Estudiantes–LP,Copa de la Liga,17,2005,0.2,1,5.63,1,0,0,0,0,0,0,0.00,0,0,0,0,0,0,ar ARG,FW,Estudiantes–LP,Copa de la Liga,17,2005,0.2,0,0,0,0,0,0,0,0,0,0,0,0,0,0,1,0,ar ARG,FW,Estudiantes–LP,Copa de la Liga,17,2005,0.2,6,1,1,4,2,0,6,2,1,50.0,1,50.0,6,79,39,1,2,0,1,1,5,0,ar ARG,FW,Estudiantes–LP,Copa de la Liga,17,2005,1,17,17,1.3,0.2,0,0,0,1,17,0,3.00,0,0,0,0.00,+0.14,0.6,0.5,0.0,+0.27,-0.06,ar ARG,FW,Estudiantes–LP,Copa de la Liga,17,2005,0.2,0,0,0,0,0,1,0,0,0,0,0,0,1,0,0,0
Darío Benedetto,ar ARG,FW,Boca Juniors,Copa de la Liga,32,1990,12,5,441,4.9,2,1,3,2,0,1,0,0,2.5,1.7,0.1,1.9,4,6,32,0.41,0.20,0.61,0.41,0.61,0.51,0.03,0.54,0.35,0.38,ar ARG,FW,Boca Juniors,Copa de la Liga,32,1990,4.9,2,16,5,31.3,3.27,1.02,0.13,0.40,15.7,0,0,1,2.5,1.7,0.11,-0.5,+0.3,ar ARG,FW,Boca Juniors,Copa de la Liga,32,1990,4.9,70,114,61.4,1153,152,38,50,76.0,23,35,65.7,6,13,46.2,1,0.1,0.3,+0.9,4,7,2,0,6,ar ARG,FW,Boca Juniors,Copa de la Liga,32,1990,4.9,114,98,14,0,2,2,3,3,0,0,0,0,70,2,8,ar ARG,FW,Boca Juniors,Copa de la Liga,32,1990,4.9,7,1.43,7,0,0,0,0,0,2,0.41,2,0,0,0,0,0,ar ARG,FW,Boca Juniors,Copa de la Liga,32,1990,4.9,1,0,0,1,0,1,1,100.0,0,5,0,5,2,3,4,0,ar ARG,FW,Boca Juniors,Copa de la Liga,32,1990,4.9,167,4,9,80,79,24,166,11,4,36.4,6,54.5,89,408,111,4,3,1,12,7,122,32,ar ARG,FW,Boca Juniors,Copa de la Liga,32,1990,12,441,37,35.0,4.9,5,64,3,7,17,0,1.17,7,8,-1,-0.20,-0.42,6.5,5.9,+0.6,+0.13,-0.23,ar ARG,FW,Boca Juniors,Copa de la Liga,32,1990,4.9,0,0,0,4,6,3,3,2,0,0,0,0,8,8,12,40.0
Guillermo Benítez,ar ARG,DF,Huracán,Copa de la Liga,29,1993,11,9,688,7.6,0,1,1,0,0,0,2,0,0.3,0.3,0.4,0.7,9,23,38,0.00,0.13,0.13,0.00,0.13,0.03,0.05,0.09,0.03,0.09,ar ARG,DF,Huracán,Copa de la Liga,29,1993,7.6,0,7,2,28.6,0.92,0.26,0.00,0.00,23.5,0,0,0,0.3,0.3,0.04,-0.3,-0.3,ar ARG,DF,Huracán,Copa de la Liga,29,1993,7.6,210,296,70.9,3185,1329,119,142,83.8,77,112,68.8,9,23,39.1,1,0.4,0.3,+0.6,4,12,6,3,23,ar ARG,DF,Huracán,Copa de la Liga,29,1993,7.6,296,216,79,2,0,0,19,77,0,0,0,0,210,1,8,ar ARG,DF,Huracán,Copa de la Liga,29,1993,7.6,8,1.05,5,1,0,0,1,1,2,0.26,2,0,0,0,0,0,ar ARG,DF,Huracán,Copa de la Liga,29,1993,7.6,17,14,8,7,2,6,18,33.3,12,8,2,6,12,29,20,0,ar ARG,DF,Huracán,Copa de la Liga,29,1993,7.6,397,27,114,163,125,12,397,13,2,15.4,10,76.9,164,771,405,9,10,4,12,7,172,38,ar ARG,DF,Huracán,Copa de la Liga,29,1993,11,688,63,54.6,7.6,9,72,3,2,22,2,1.91,12,9,+3,+0.39,-0.39,8.8,7.6,+1.2,+0.16,+0.45,ar ARG,DF,Huracán,Copa de la Liga,29,1993,7.6,2,0,0,11,6,1,19,12,14,0,0,0,33,14,12,53.8
Jorge Benítez,py PAR,FW,Colón,Copa de la Liga,30,1992,9,3,301,3.3,1,0,1,1,0,0,0,0,1.1,1.1,0.3,1.4,7,9,25,0.30,0.00,0.30,0.30,0.30,0.33,0.08,0.41,0.33,0.41,py PAR,FW,Colón,Copa de la Liga,30,1992,3.3,1,10,6,60.0,2.99,1.79,0.10,0.17,16.3,0,0,0,1.1,1.1,0.11,-0.1,-0.1,py PAR,FW,Colón,Copa de la Liga,30,1992,3.3,76,113,67.3,782,201,54,74,73.0,13,19,68.4,0,1,0.0,0,0.3,0.1,-0.3,2,7,0,0,9,py PAR,FW,Colón,Copa de la Liga,30,1992,3.3,113,106,5,0,0,0,4,0,0,0,0,0,76,2,5,py PAR,FW,Colón,Copa de la Liga,30,1992,3.3,5,1.49,2,0,1,1,1,0,0,0.00,0,0,0,0,0,0,py PAR,FW,Colón,Copa de la Liga,30,1992,3.3,5,0,0,4,1,1,6,16.7,5,3,2,1,1,6,1,0,py PAR,FW,Colón,Copa de la Liga,30,1992,3.3,165,3,9,75,82,26,165,16,9,56.3,6,37.5,102,528,208,7,7,4,10,6,126,25,py PAR,FW,Colón,Copa de la Liga,30,1992,9,301,33,23.9,3.3,3,66,0,6,17,3,1.44,3,3,0,0.00,-0.19,2.5,3.4,-0.9,-0.27,-0.52,py PAR,FW,Colón,Copa de la Liga,30,1992,3.3,0,0,0,3,8,0,4,1,0,0,0,0,9,13,14,48.1
Marcelo Benitez,ar ARG,"DF,MF",Cen. Córdoba–SdE,Copa de la Liga,32,1991,2,0,54,0.6,0,0,0,0,0,0,0,0,0.0,0.0,0.2,0.2,1,4,1,0.00,0.00,0.00,0.00,0.00,0.00,0.26,0.26,0.00,0.26,ar ARG,"DF,MF",Cen. Córdoba–SdE,Copa de la Liga,32,1991,0.6,0,0,0,0,0.00,0.00,0,0,0,0,0,0,0.0,0.0,0,0.0,0.0,ar ARG,"DF,MF",Cen. Córdoba–SdE,Copa de la Liga,32,1991,0.6,39,49,79.6,684,218,18,20,90.0,17,20,85.0,4,7,57.1,0,0.2,0.2,-0.2,2,3,1,0,4,ar ARG,"DF,MF",Cen. Córdoba–SdE,Copa de la Liga,32,1991,0.6,49,42,7,0,1,0,2,7,0,0,0,0,39,0,1,ar ARG,"DF,MF",Cen. Córdoba–SdE,Copa de la Liga,32,1991,0.6,2,3.27,2,0,0,0,0,0,0,0.00,0,0,0,0,0,0,ar ARG,"DF,MF",Cen. Córdoba–SdE,Copa de la Liga,32,1991,0.6,1,0,0,1,0,1,2,50.0,1,0,0,0,0,1,0,0,ar ARG,"DF,MF",Cen. Córdoba–SdE,Copa de la Liga,32,1991,0.6,53,0,9,36,9,0,53,1,1,100.0,0,0.0,31,171,99,1,3,0,0,0,33,1,ar ARG,"DF,MF",Cen. Córdoba–SdE,Copa de la Liga,32,1991,2,54,27,4.3,0.6,0,0,0,2,27,12,1.50,0,1,-1,-1.67,-1.52,0.3,0.3,0.0,-0.01,-0.07,ar ARG,"DF,MF",Cen. Córdoba–SdE,Copa de la Liga,32,1991,0.6,0,0,0,1,2,0,2,0,0,0,0,0,7,0,1,0.0
Jonathan Berón,ar ARG,"FW,MF",Defensa y Just,Copa de la Liga,20,2002,9,4,368,4.1,1,1,2,1,0,0,2,0,1.0,1.0,0.1,1.2,4,13,12,0.24,0.24,0.49,0.24,0.49,0.25,0.03,0.29,0.25,0.29,ar ARG,"FW,MF",Defensa y Just,Copa de la Liga,20,2002,4.1,1,6,2,33.3,1.47,0.49,0.17,0.50,22.0,0,0,0,1.0,1.0,0.17,0.0,0.0,ar ARG,"FW,MF",Defensa y Just,Copa de la Liga,20,2002,4.1,61,93,65.6,1103,208,26,36,72.2,27,32,84.4,7,15,46.7,1,0.1,0.2,+0.9,4,3,3,0,13,ar ARG,"FW,MF",Defensa y Just,Copa de la Liga,20,2002,4.1,93,88,4,0,1,2,9,1,0,0,0,0,61,1,7,ar ARG,"FW,MF",Defensa y Just,Copa de la Liga,20,2002,4.1,8,1.96,6,0,1,0,1,0,3,0.73,1,0,1,0,1,0,ar ARG,"FW,MF",Defensa y Just,Copa de la Liga,20,2002,4.1,7,5,1,5,1,1,6,16.7,5,7,0,7,2,9,3,0,ar ARG,"FW,MF",Defensa y Just,Copa de la Liga,20,2002,4.1,149,0,24,59,68,9,149,14,7,50.0,7,50.0,77,506,161,4,7,1,14,7,88,12,ar ARG,"FW,MF",Defensa y Just,Copa de la Liga,20,2002,9,368,41,29.2,4.1,4,65,0,5,22,5,0.89,5,8,-3,-0.73,-0.63,3.7,7.5,-3.8,-0.93,-0.46,ar ARG,"FW,MF",Defensa y Just,Copa de la Liga,20,2002,4.1,2,0,0,8,2,1,9,2,5,0,0,0,17,1,8,11.1
Gonzalo Bettini,ar ARG,DF,Sarmiento,Copa de la Liga,30,1992,14,14,"1,129",12.5,0,0,0,0,0,0,1,0,0.4,0.4,0.1,0.6,13,46,36,0.00,0.00,0.00,0.00,0.00,0.03,0.01,0.05,0.03,0.05,ar ARG,DF,Sarmiento,Copa de la Liga,30,1992,12.5,0,6,3,50.0,0.48,0.24,0.00,0.00,19.2,0,0,0,0.4,0.4,0.07,-0.4,-0.4,ar ARG,DF,Sarmiento,Copa de la Liga,30,1992,12.5,383,604,63.4,6583,3490,178,220,80.9,167,263,63.5,32,94,34.0,0,0.1,0.4,-0.1,2,36,7,4,46,ar ARG,DF,Sarmiento,Copa de la Liga,30,1992,12.5,604,424,177,12,0,1,27,165,0,0,0,0,383,3,9,ar ARG,DF,Sarmiento,Copa de la Liga,30,1992,12.5,14,1.12,8,3,1,0,1,1,1,0.08,1,0,0,0,0,0,ar ARG,DF,Sarmiento,Copa de la Liga,30,1992,12.5,26,17,16,10,0,18,35,51.4,17,6,1,5,17,43,37,0,ar ARG,DF,Sarmiento,Copa de la Liga,30,1992,12.5,716,36,265,330,127,4,716,10,8,80.0,1,10.0,240,1040,518,13,8,2,9,7,279,36,ar ARG,DF,Sarmiento,Copa de la Liga,30,1992,14,"1,129",81,89.6,12.5,14,81,8,0,0,0,1.14,7,6,+1,+0.08,+0.77,7.7,13.3,-5.6,-0.45,+0.12,ar ARG,DF,Sarmiento,Copa de la Liga,30,1992,12.5,1,0,0,4,7,1,27,17,17,0,0,0,71,13,26,33.3
Bruno Bianchi,ar ARG,DF,Atlé Tucumán,Copa de la Liga,33,1989,13,13,"1,170",13.0,0,0,0,0,0,0,2,0,0.3,0.3,0.0,0.3,1,25,2,0.00,0.00,0.00,0.00,0.00,0.02,0.00,0.02,0.02,0.02,ar ARG,DF,Atlé Tucumán,Copa de la Liga,33,1989,13.0,0,6,2,33.3,0.46,0.15,0.00,0.00,15.2,0,0,0,0.3,0.3,0.05,-0.3,-0.3,ar ARG,DF,Atlé Tucumán,Copa de la Liga,33,1989,13.0,317,431,73.5,6932,3315,88,97,90.7,173,200,86.5,53,119,44.5,0,0.0,0.1,0.0,0,17,0,0,25,ar ARG,DF,Atlé Tucumán,Copa de la Liga,33,1989,13.0,431,405,25,23,0,3,2,2,0,0,0,0,317,1,9,ar ARG,DF,Atlé Tucumán,Copa de la Liga,33,1989,13.0,4,0.31,4,0,0,0,0,0,0,0.00,0,0,0,0,0,0,ar ARG,DF,Atlé Tucumán,Copa de la Liga,33,1989,13.0,24,13,18,6,0,13,27,48.1,14,15,10,5,21,45,73,1,ar ARG,DF,Atlé Tucumán,Copa de la Liga,33,1989,13.0,575,94,368,197,15,8,575,3,2,66.7,1,33.3,286,1260,673,1,1,0,0,1,264,2,ar ARG,DF,Atlé Tucumán,Copa de la Liga,33,1989,13,"1,170",90,92.9,13.0,13,90,13,0,0,0,1.23,9,12,-3,-0.23,-0.23,13.8,13.1,+0.7,+0.05,+0.36,ar ARG,DF,Atlé Tucumán,Copa de la Liga,33,1989,13.0,2,0,0,7,6,0,2,21,13,0,0,0,71,26,18,59.1
Octavio Bianchi,ar ARG,FW,Rosario Central,Copa de la Liga,27,1995,5,4,310,3.4,0,1,1,0,0,0,1,0,0.4,0.4,0.9,1.3,2,1,11,0.00,0.29,0.29,0.00,0.29,0.11,0.26,0.37,0.11,0.37,ar ARG,FW,Rosario Central,Copa de la Liga,27,1995,3.4,0,5,3,60.0,1.45,0.87,0.00,0.00,9.2,0,0,0,0.4,0.4,0.08,-0.4,-0.4,ar ARG,FW,Rosario Central,Copa de la Liga,27,1995,3.4,26,53,49.1,371,126,14,26,53.8,4,12,33.3,4,6,66.7,1,0.9,0.6,+0.1,5,2,0,0,1,ar ARG,FW,Rosario Central,Copa de la Liga,27,1995,3.4,53,45,7,0,0,0,2,0,0,0,0,0,26,1,1,ar ARG,FW,Rosario Central,Copa de la Liga,27,1995,3.4,7,2.04,5,0,0,0,2,0,1,0.29,1,0,0,0,0,0,ar ARG,FW,Rosario Central,Copa de la Liga,27,1995,3.4,0,0,0,0,0,0,1,0.0,1,2,0,2,0,0,2,0,ar ARG,FW,Rosario Central,Copa de la Liga,27,1995,3.4,78,2,8,39,31,13,78,2,1,50.0,1,50.0,37,122,24,2,0,1,9,3,60,11,ar ARG,FW,Rosario Central,Copa de la Liga,27,1995,5,310,62,24.6,3.4,4,73,1,1,17,6,1.50,3,4,-1,-0.29,-0.76,4.1,4.7,-0.6,-0.17,+0.21,ar ARG,FW,Rosario Central,Copa de la Liga,27,1995,3.4,1,0,0,9,7,0,2,0,0,1,0,0,2,19,21,47.5
Juan Bisanz,ar ARG,"MF,FW",Banfield,Copa de la Liga,21,2001,14,14,"1,173",13.0,1,0,1,1,0,0,3,0,1.6,1.6,0.8,2.4,29,23,68,0.08,0.00,0.08,0.08,0.08,0.12,0.06,0.18,0.12,0.18,ar ARG,"MF,FW",Banfield,Copa de la Liga,21,2001,13.0,1,22,6,27.3,1.69,0.46,0.05,0.17,19.5,1,0,0,1.6,1.6,0.07,-0.6,-0.6,ar ARG,"MF,FW",Banfield,Copa de la Liga,21,2001,13.0,143,231,61.9,2408,568,74,98,75.5,47,73,64.4,15,34,44.1,0,0.8,0.6,-0.8,13,9,11,4,23,ar ARG,"MF,FW",Banfield,Copa de la Liga,21,2001,13.0,231,226,5,0,0,4,31,2,1,0,1,0,143,0,10,ar ARG,"MF,FW",Banfield,Copa de la Liga,21,2001,13.0,25,1.92,15,0,5,0,3,2,1,0.08,0,0,0,0,1,0,ar ARG,"MF,FW",Banfield,Copa de la Liga,21,2001,13.0,17,13,7,6,4,6,23,26.1,17,19,1,18,10,27,16,0,ar ARG,"MF,FW",Banfield,Copa de la Liga,21,2001,13.0,403,17,63,178,178,28,403,38,20,52.6,15,39.5,230,1668,781,29,23,7,38,27,249,68,ar ARG,"MF,FW",Banfield,Copa de la Liga,21,2001,14,"1,173",84,93.1,13.0,14,84,3,0,0,0,1.60,9,5,+4,+0.31,-0.73,9.7,10.8,-1.1,-0.08,+0.05,ar ARG,"MF,FW",Banfield,Copa de la Liga,21,2001,13.0,3,0,0,20,19,5,31,10,13,1,0,0,57,15,28,34.9
Mariano Bíttolo,ar ARG,DF,Arg Juniors,Copa de la Liga,32,1990,6,4,360,4.0,0,1,1,0,0,0,0,0,0.1,0.1,1.0,1.0,5,19,28,0.00,0.25,0.25,0.00,0.25,0.02,0.24,0.26,0.02,0.26,ar ARG,DF,Arg Juniors,Copa de la Liga,32,1990,4.0,0,2,1,50.0,0.50,0.25,0.00,0.00,17.8,0,0,0,0.1,0.1,0.04,-0.1,-0.1,ar ARG,DF,Arg Juniors,Copa de la Liga,32,1990,4.0,184,266,69.2,3432,1196,75,84,89.3,82,102,80.4,23,60,38.3,1,1.0,0.7,0.0,8,9,6,3,19,ar ARG,DF,Arg Juniors,Copa de la Liga,32,1990,4.0,266,207,59,2,0,0,25,50,7,0,6,0,184,0,14,ar ARG,DF,Arg Juniors,Copa de la Liga,32,1990,4.0,14,3.50,7,5,2,0,0,0,1,0.25,0,1,0,0,0,0,ar ARG,DF,Arg Juniors,Copa de la Liga,32,1990,4.0,3,3,1,1,1,1,2,50.0,1,6,0,6,3,6,5,0,ar ARG,DF,Arg Juniors,Copa de la Liga,32,1990,4.0,296,8,57,145,95,3,296,6,4,66.7,2,33.3,138,561,269,5,1,2,4,0,169,28,ar ARG,DF,Arg Juniors,Copa de la Liga,32,1990,6,360,60,28.6,4.0,4,78,1,2,25,5,1.33,4,7,-3,-0.75,-0.65,4.3,4.9,-0.6,-0.15,+0.10,ar ARG,DF,Arg Juniors,Copa de la Liga,32,1990,4.0,0,0,0,3,6,0,25,3,3,0,0,0,22,1,3,25.0
Nicolás Blandi,ar ARG,"FW,MF",San Lorenzo,Copa de la Liga,33,1990,4,0,48,0.5,0,0,0,0,0,0,0,0,0.1,0.1,0.0,0.1,0,1,3,0.00,0.00,0.00,0.00,0.00,0.18,0.00,0.18,0.18,0.18,ar ARG,"FW,MF",San Lorenzo,Copa de la Liga,33,1990,0.5,0,1,1,100.0,1.87,1.87,0.00,0.00,24.3,0,0,0,0.1,0.1,0.10,-0.1,-0.1,ar ARG,"FW,MF",San Lorenzo,Copa de la Liga,33,1990,0.5,5,10,50.0,112,7,0,4,0.0,5,5,100.0,0,0,0,0,0.0,0.0,0.0,0,1,0,0,1,ar ARG,"FW,MF",San Lorenzo,Copa de la Liga,33,1990,0.5,10,10,0,0,0,0,1,0,0,0,0,0,5,0,1,ar ARG,"FW,MF",San Lorenzo,Copa de la Liga,33,1990,0.5,1,1.84,0,0,0,0,1,0,0,0.00,0,0,0,0,0,0,ar ARG,"FW,MF",San Lorenzo,Copa de la Liga,33,1990,0.5,0,0,0,0,0,0,0,0,0,1,1,0,0,0,0,0,ar ARG,"FW,MF",San Lorenzo,Copa de la Liga,33,1990,0.5,14,1,1,7,6,2,14,0,0,0,0,0,7,34,11,0,0,0,0,1,9,3,ar ARG,"FW,MF",San Lorenzo,Copa de la Liga,33,1990,4,48,12,3.8,0.5,0,0,0,4,12,7,1.25,2,0,+2,+3.75,+3.90,0.6,0.4,+0.1,+0.26,+0.41,ar ARG,"FW,MF",San Lorenzo,Copa de la Liga,33,1990,0.5,0,0,0,0,2,0,1,0,0,0,0,0,4,0,4,0.0
Brian Blasi,ar ARG,DF,Cen. Córdoba–SdE,Copa de la Liga,26,1996,3,2,178,2.0,0,0,0,0,0,0,1,0,0.1,0.1,0.0,0.1,3,5,1,0.00,0.00,0.00,0.00,0.00,0.03,0.00,0.03,0.03,0.03,ar ARG,DF,Cen. Córdoba–SdE,Copa de la Liga,26,1996,2.0,0,2,0,0.0,1.01,0.00,0.00,0,27.3,0,0,0,0.1,0.1,0.03,-0.1,-0.1,ar ARG,DF,Cen. Córdoba–SdE,Copa de la Liga,26,1996,2.0,56,92,60.9,1029,484,31,38,81.6,17,30,56.7,8,22,36.4,0,0.0,0.0,0.0,0,3,0,0,5,ar ARG,DF,Cen. Córdoba–SdE,Copa de la Liga,26,1996,2.0,92,72,20,4,0,2,2,16,0,0,0,0,56,0,1,ar ARG,DF,Cen. Córdoba–SdE,Copa de la Liga,26,1996,2.0,2,1.02,1,1,0,0,0,0,0,0.00,0,0,0,0,0,0,ar ARG,DF,Cen. Córdoba–SdE,Copa de la Liga,26,1996,2.0,6,4,4,2,0,5,6,83.3,1,2,2,0,4,10,4,0,ar ARG,DF,Cen. Córdoba–SdE,Copa de la Liga,26,1996,2.0,122,9,43,63,17,0,122,2,1,50.0,1,50.0,42,285,155,3,1,0,4,0,44,1,ar ARG,DF,Cen. Córdoba–SdE,Copa de la Liga,26,1996,3,178,59,14.1,2.0,2,64,0,1,50,9,1.33,3,4,-1,-0.51,-0.34,1.7,1.8,0.0,-0.02,-0.09,ar ARG,DF,Cen. Córdoba–SdE,Copa de la Liga,26,1996,2.0,1,0,0,1,3,0,2,4,4,0,0,0,17,4,1,80.0
Pablo de Blasis,ar ARG,MF,Gimnasia–LP,Copa de la Liga,34,1988,14,8,774,8.6,0,1,1,0,0,0,0,0,0.6,0.6,1.0,1.5,6,58,17,0.00,0.12,0.12,0.00,0.12,0.07,0.11,0.18,0.07,0.18,ar ARG,MF,Gimnasia–LP,Copa de la Liga,34,1988,8.6,0,8,4,50.0,0.93,0.47,0.00,0.00,22.8,3,0,0,0.6,0.6,0.07,-0.6,-0.6,ar ARG,MF,Gimnasia–LP,Copa de la Liga,34,1988,8.6,326,468,69.7,6352,2261,130,170,76.5,137,171,80.1,52,100,52.0,1,1.0,1.6,0.0,16,44,8,4,58,ar ARG,MF,Gimnasia–LP,Copa de la Liga,34,1988,8.6,468,414,53,25,4,7,38,7,21,7,9,0,326,1,14,ar ARG,MF,Gimnasia–LP,Copa de la Liga,34,1988,8.6,33,3.83,17,11,5,0,0,0,2,0.23,1,1,0,0,0,0,ar ARG,MF,Gimnasia–LP,Copa de la Liga,34,1988,8.6,30,16,14,11,5,16,35,45.7,19,17,1,16,12,42,10,0,ar ARG,MF,Gimnasia–LP,Copa de la Liga,34,1988,8.6,584,23,109,328,155,6,584,12,8,66.7,4,33.3,290,1075,503,6,8,1,17,9,292,17,ar ARG,MF,Gimnasia–LP,Copa de la Liga,34,1988,14,774,55,61.4,8.6,8,82,3,6,20,0,1.07,8,13,-5,-0.58,-0.03,7.4,9.6,-2.1,-0.25,-0.02,ar ARG,MF,Gimnasia–LP,Copa de la Liga,34,1988,8.6,0,0,0,13,6,0,38,12,16,0,0,0,86,14,14,50.0
Lucas Blondel,ch SUI,"DF,MF",Boca Juniors,Copa de la Liga,26,1996,8,7,597,6.6,1,0,1,1,0,0,1,0,0.5,0.5,0.4,0.8,11,59,23,0.15,0.00,0.15,0.15,0.15,0.07,0.05,0.12,0.07,0.12,ch SUI,"DF,MF",Boca Juniors,Copa de la Liga,26,1996,6.6,1,11,2,18.2,1.66,0.30,0.09,0.50,30.4,0,0,0,0.5,0.5,0.04,+0.5,+0.5,ch SUI,"DF,MF",Boca Juniors,Copa de la Liga,26,1996,6.6,374,489,76.5,5985,2438,216,251,86.1,114,149,76.5,35,59,59.3,0,0.4,1.1,-0.4,7,45,7,1,59,ch SUI,"DF,MF",Boca Juniors,Copa de la Liga,26,1996,6.6,489,430,58,5,2,5,15,51,1,0,1,0,374,1,12,ch SUI,"DF,MF",Boca Juniors,Copa de la Liga,26,1996,6.6,9,1.36,7,2,0,0,0,0,2,0.30,2,0,0,0,0,0,ch SUI,"DF,MF",Boca Juniors,Copa de la Liga,26,1996,6.6,17,11,9,8,0,12,21,57.1,9,5,1,4,9,26,16,0,ch SUI,"DF,MF",Boca Juniors,Copa de la Liga,26,1996,6.6,573,15,155,324,104,9,573,11,5,45.5,5,45.5,267,1317,808,11,14,2,12,2,358,23,ch SUI,"DF,MF",Boca Juniors,Copa de la Liga,26,1996,8,597,75,47.4,6.6,7,81,5,1,32,5,1.38,10,9,+1,+0.15,+0.15,8.5,5.9,+2.6,+0.39,+0.22,ch SUI,"DF,MF",Boca Juniors,Copa de la Liga,26,1996,6.6,1,0,0,5,0,0,15,9,11,0,0,0,55,15,4,78.9
Roberto Bochi,ar ARG,MF,Instituto,Copa de la Liga,33,1989,8,4,382,4.2,0,0,0,0,0,0,0,0,0.0,0.0,0.0,0.1,2,10,1,0.00,0.00,0.00,0.00,0.00,0.00,0.01,0.01,0.00,0.01,ar ARG,MF,Instituto,Copa de la Liga,33,1989,4.2,0,1,0,0.0,0.24,0.00,0.00,0,35.9,0,0,0,0.0,0.0,0.01,0.0,0.0,ar ARG,MF,Instituto,Copa de la Liga,33,1989,4.2,96,134,71.6,1407,484,50,60,83.3,37,51,72.5,4,11,36.4,0,0.0,0.2,0.0,1,9,2,0,10,ar ARG,MF,Instituto,Copa de la Liga,33,1989,4.2,134,131,1,1,0,0,1,0,0,0,0,0,96,2,2,ar ARG,MF,Instituto,Copa de la Liga,33,1989,4.2,5,1.18,5,0,0,0,0,0,2,0.47,2,0,0,0,0,0,ar ARG,MF,Instituto,Copa de la Liga,33,1989,4.2,17,7,5,12,0,8,15,53.3,7,8,3,5,7,24,10,0,ar ARG,MF,Instituto,Copa de la Liga,33,1989,4.2,184,15,59,114,15,0,184,2,2,100.0,0,0.0,52,203,78,2,2,0,3,0,52,1,ar ARG,MF,Instituto,Copa de la Liga,33,1989,8,382,48,30.3,4.2,4,89,3,4,7,6,1.75,4,1,+3,+0.71,+0.60,4.7,4.7,+0.1,+0.02,-0.09,ar ARG,MF,Instituto,Copa de la Liga,33,1989,4.2,0,0,0,10,1,0,1,7,7,0,0,0,33,8,7,53.3
Giovanni Bogado,py PAR,MF,Rosario Central,Copa de la Liga,21,2001,3,0,89,1.0,0,0,0,0,0,0,0,0,0.0,0.0,0.0,0.0,2,8,3,0.00,0.00,0.00,0.00,0.00,0.00,0.00,0.00,0.00,0.00,py PAR,MF,Rosario Central,Copa de la Liga,21,2001,1.0,0,0,0,0,0.00,0.00,0,0,0,0,0,0,0.0,0.0,0,0.0,0.0,py PAR,MF,Rosario Central,Copa de la Liga,21,2001,1.0,53,59,89.8,842,155,26,28,92.9,20,22,90.9,6,7,85.7,0,0.0,0.0,0.0,0,7,0,0,8,py PAR,MF,Rosario Central,Copa de la Liga,21,2001,1.0,59,58,1,1,0,0,0,0,0,0,0,0,53,0,1,py PAR,MF,Rosario Central,Copa de la Liga,21,2001,1.0,4,4.00,2,0,0,0,2,0,0,0.00,0,0,0,0,0,0,py PAR,MF,Rosario Central,Copa de la Liga,21,2001,1.0,1,0,0,1,0,1,4,25.0,3,1,0,1,0,1,0,0,py PAR,MF,Rosario Central,Copa de la Liga,21,2001,1.0,68,1,10,46,12,0,68,2,1,50.0,0,0.0,48,282,132,2,1,0,2,1,59,3,py PAR,MF,Rosario Central,Copa de la Liga,21,2001,3,89,30,7.1,1.0,0,0,0,3,30,10,0.67,1,2,-1,-1.01,-1.40,0.7,2.1,-1.4,-1.43,-1.19,py PAR,MF,Rosario Central,Copa de la Liga,21,2001,1.0,0,0,0,1,7,0,0,0,0,0,0,0,4,1,1,50.0
Rodrigo Bogarín,py PAR,MF,Defensa y Just,Copa de la Liga,25,1997,10,9,684,7.6,0,0,0,0,0,0,0,0,0.4,0.4,0.4,0.8,12,38,25,0.00,0.00,0.00,0.00,0.00,0.05,0.06,0.11,0.05,0.11,py PAR,MF,Defensa y Just,Copa de la Liga,25,1997,7.6,0,9,3,33.3,1.18,0.39,0.00,0.00,20.5,0,0,0,0.4,0.4,0.04,-0.4,-0.4,py PAR,MF,Defensa y Just,Copa de la Liga,25,1997,7.6,224,313,71.6,3785,1005,119,142,83.8,74,96,77.1,24,44,54.5,0,0.4,0.8,-0.4,8,29,6,0,38,py PAR,MF,Defensa y Just,Copa de la Liga,25,1997,7.6,313,286,25,6,1,3,20,0,17,4,11,0,224,2,16,py PAR,MF,Defensa y Just,Copa de la Liga,25,1997,7.6,19,2.51,14,2,1,1,0,1,0,0.00,0,0,0,0,0,0,py PAR,MF,Defensa y Just,Copa de la Liga,25,1997,7.6,16,10,6,6,4,8,17,47.1,9,14,2,12,4,20,12,1,py PAR,MF,Defensa y Just,Copa de la Liga,25,1997,7.6,399,12,49,237,117,11,399,15,9,60.0,5,33.3,222,1146,561,12,16,3,8,5,263,25,py PAR,MF,Defensa y Just,Copa de la Liga,25,1997,10,684,68,54.3,7.6,9,74,2,1,18,4,0.50,3,10,-7,-0.92,-1.39,5.2,11.4,-6.2,-0.81,-0.45,py PAR,MF,Defensa y Just,Copa de la Liga,25,1997,7.6,0,0,0,3,12,0,20,4,10,0,0,0,43,4,5,44.4
Luciano Boggio,it ITA,"MF,FW",Lanús,Copa de la Liga,23,1999,11,6,513,5.7,1,2,3,1,0,0,0,0,0.3,0.3,1.2,1.6,21,26,26,0.18,0.35,0.53,0.18,0.53,0.06,0.22,0.28,0.06,0.28,it ITA,"MF,FW",Lanús,Copa de la Liga,23,1999,5.7,1,8,3,37.5,1.40,0.53,0.13,0.33,22.7,2,0,0,0.3,0.3,0.04,+0.7,+0.7,it ITA,"MF,FW",Lanús,Copa de la Liga,23,1999,5.7,193,253,76.3,3360,1115,93,109,85.3,72,85,84.7,23,48,47.9,2,1.2,0.7,+0.8,10,22,2,0,26,it ITA,"MF,FW",Lanús,Copa de la Liga,23,1999,5.7,253,221,31,11,0,1,26,2,17,8,9,0,193,1,3,it ITA,"MF,FW",Lanús,Copa de la Liga,23,1999,5.7,21,3.68,11,5,0,1,4,0,4,0.70,0,1,0,1,2,0,it ITA,"MF,FW",Lanús,Copa de la Liga,23,1999,5.7,12,7,3,6,3,7,18,38.9,11,9,1,8,5,17,3,0,it ITA,"MF,FW",Lanús,Copa de la Liga,23,1999,5.7,331,4,50,198,90,8,331,17,7,41.2,7,41.2,179,1178,633,21,4,3,19,6,190,26,it ITA,"MF,FW",Lanús,Copa de la Liga,23,1999,11,513,47,40.7,5.7,6,76,0,5,12,3,0.82,6,4,+2,+0.35,+1.19,8.4,5.6,+2.7,+0.48,+0.52,it ITA,"MF,FW",Lanús,Copa de la Liga,23,1999,5.7,0,0,0,5,9,0,26,5,7,0,0,0,45,5,9,35.7
Agustín Bolívar,ar ARG,MF,Gimnasia–LP,Copa de la Liga,27,1996,8,6,490,5.4,0,1,1,0,0,0,3,0,0.0,0.0,0.6,0.6,2,28,2,0.00,0.18,0.18,0.00,0.18,0.00,0.11,0.11,0.00,0.11,ar ARG,MF,Gimnasia–LP,Copa de la Liga,27,1996,5.4,0,1,0,0.0,0.18,0.00,0.00,0,32.7,0,0,0,0.0,0.0,0.02,0.0,0.0,ar ARG,MF,Gimnasia–LP,Copa de la Liga,27,1996,5.4,115,183,62.8,2463,1123,38,59,64.4,48,69,69.6,25,44,56.8,1,0.6,0.3,+0.4,2,31,2,1,28,ar ARG,MF,Gimnasia–LP,Copa de la Liga,27,1996,5.4,183,178,4,4,1,2,2,0,0,0,0,0,115,1,3,ar ARG,MF,Gimnasia–LP,Copa de la Liga,27,1996,5.4,4,0.73,4,0,0,0,0,0,1,0.18,1,0,0,0,0,0,ar ARG,MF,Gimnasia–LP,Copa de la Liga,27,1996,5.4,7,2,1,6,0,5,11,45.5,6,6,1,5,6,13,13,0,ar ARG,MF,Gimnasia–LP,Copa de la Liga,27,1996,5.4,231,11,43,170,19,0,231,1,1,100.0,0,0.0,101,404,193,2,2,0,8,1,99,2,ar ARG,MF,Gimnasia–LP,Copa de la Liga,27,1996,8,490,61,38.9,5.4,6,75,3,2,20,5,1.38,4,7,-3,-0.55,+0.03,5.9,7.2,-1.4,-0.25,-0.02,ar ARG,MF,Gimnasia–LP,Copa de la Liga,27,1996,5.4,3,0,0,13,7,0,2,6,2,0,0,0,33,11,12,47.8
Enrique Bologna,ar ARG,GK,Defensa y Just,Copa de la Liga,40,1982,8,8,675,7.5,0,0,0,0,0,0,1,0,0.0,0.0,0.1,0.1,0,0,0,0.00,0.00,0.00,0.00,0.00,0.00,0.02,0.02,0.00,0.02,ar ARG,GK,Defensa y Just,Copa de la Liga,40,1982,7.5,0,0,0,0,0.00,0.00,0,0,0,0,0,0,0.0,0.0,0,0.0,0.0,ar ARG,GK,Defensa y Just,Copa de la Liga,40,1982,7.5,167,227,73.6,5090,3875,31,31,100.0,68,69,98.6,67,125,53.6,0,0.1,0.0,-0.1,1,5,1,0,0,ar ARG,GK,Defensa y Just,Copa de la Liga,40,1982,7.5,227,128,98,13,0,1,0,0,0,0,0,0,167,1,0,ar ARG,GK,Defensa y Just,Copa de la Liga,40,1982,7.5,3,0.40,2,1,0,0,0,0,0,0.00,0,0,0,0,0,0,ar ARG,GK,Defensa y Just,Copa de la Liga,40,1982,7.5,0,0,0,0,0,0,0,0,0,0,0,0,0,0,3,0,ar ARG,GK,Defensa y Just,Copa de la Liga,40,1982,7.5,243,218,242,1,0,0,243,0,0,0,0,0,122,747,619,0,0,0,0,0,63,0,ar ARG,GK,Defensa y Just,Copa de la Liga,40,1982,8,675,84,53.6,7.5,8,84,7,0,0,3,1.50,7,5,+2,+0.27,+1.19,7.8,10.4,-2.6,-0.34,+0.57,ar ARG,GK,Defensa y Just,Copa de la Liga,40,1982,7.5,1,0,0,0,0,0,0,0,0,0,0,0,7,1,0,100.0
Ezequiel Bonifacio,ar ARG,DF,Banfield,Copa de la Liga,28,1994,1,0,21,0.2,0,0,0,0,0,0,0,0,0.0,0.0,0.0,0.0,0,2,1,0.00,0.00,0.00,0.00,0.00,0.00,0.04,0.04,0.00,0.04,ar ARG,DF,Banfield,Copa de la Liga,28,1994,0.2,0,0,0,0,0.00,0.00,0,0,0,0,0,0,0.0,0.0,0,0.0,0.0,ar ARG,DF,Banfield,Copa de la Liga,28,1994,0.2,10,13,76.9,252,73,3,4,75.0,4,5,80.0,3,4,75.0,0,0.0,0.0,0.0,1,1,1,1,2,ar ARG,DF,Banfield,Copa de la Liga,28,1994,0.2,13,12,1,0,0,0,1,1,0,0,0,0,10,0,0,ar ARG,DF,Banfield,Copa de la Liga,28,1994,0.2,1,4.29,1,0,0,0,0,0,0,0.00,0,0,0,0,0,0,ar ARG,DF,Banfield,Copa de la Liga,28,1994,0.2,1,1,0,1,0,0,0,0,0,0,0,0,1,2,0,0,ar ARG,DF,Banfield,Copa de la Liga,28,1994,0.2,15,1,3,8,5,0,15,0,0,0,0,0,7,33,28,0,0,0,1,0,7,1,ar ARG,DF,Banfield,Copa de la Liga,28,1994,1,21,21,1.7,0.2,0,0,0,1,21,13,0.00,0,0,0,0.00,-0.36,0.0,0.4,-0.3,-1.48,-1.42,ar ARG,DF,Banfield,Copa de la Liga,28,1994,0.2,0,0,0,0,0,0,1,1,1,0,0,0,3,1,0,100.0
Miguel Borja,co COL,FW,River Plate,Copa de la Liga,30,1993,12,8,669,7.4,6,1,7,5,1,1,1,0,2.9,2.1,0.9,3.0,10,9,51,0.81,0.13,0.94,0.67,0.81,0.39,0.11,0.50,0.28,0.40,co COL,FW,River Plate,Copa de la Liga,30,1993,7.4,6,22,10,45.5,2.96,1.35,0.23,0.50,16.1,0,1,1,2.9,2.1,0.10,+3.1,+2.9,co COL,FW,River Plate,Copa de la Liga,30,1993,7.4,81,138,58.7,1091,150,46,67,68.7,26,39,66.7,2,6,33.3,1,0.9,0.7,+0.1,10,5,1,0,9,co COL,FW,River Plate,Copa de la Liga,30,1993,7.4,138,126,12,0,1,2,0,2,0,0,0,0,81,0,9,co COL,FW,River Plate,Copa de la Liga,30,1993,7.4,20,2.69,16,0,2,1,1,0,1,0.13,1,0,0,0,0,0,co COL,FW,River Plate,Copa de la Liga,30,1993,7.4,6,4,2,4,0,0,5,0.0,5,5,0,5,0,6,11,0,co COL,FW,River Plate,Copa de la Liga,30,1993,7.4,225,13,19,93,113,42,224,11,3,27.3,6,54.5,116,451,212,10,5,4,22,10,162,51,co COL,FW,River Plate,Copa de la Liga,30,1993,12,669,56,53.1,7.4,8,73,2,4,21,2,1.75,12,10,+2,+0.27,-0.64,9.8,7.1,+2.7,+0.36,-0.54,co COL,FW,River Plate,Copa de la Liga,30,1993,7.4,1,0,0,1,7,7,0,0,4,1,0,0,10,17,15,53.1
Mauro Boselli,ar ARG,FW,Estudiantes–LP,Copa de la Liga,37,1985,9,6,529,5.9,4,0,4,2,2,2,0,0,4.2,2.6,0.2,2.8,1,2,26,0.68,0.00,0.68,0.34,0.34,0.71,0.03,0.74,0.44,0.47,ar ARG,FW,Estudiantes–LP,Copa de la Liga,37,1985,5.9,4,12,5,41.7,2.04,0.85,0.17,0.40,13.0,0,2,2,4.2,2.6,0.22,-0.2,-0.6,ar ARG,FW,Estudiantes–LP,Copa de la Liga,37,1985,5.9,67,101,66.3,921,67,36,55,65.5,20,24,83.3,5,6,83.3,0,0.2,0.1,-0.2,1,1,2,0,2,ar ARG,FW,Estudiantes–LP,Copa de la Liga,37,1985,5.9,101,85,16,0,0,0,0,0,0,0,0,0,67,0,5,ar ARG,FW,Estudiantes–LP,Copa de la Liga,37,1985,5.9,4,0.68,2,0,0,0,2,0,0,0.00,0,0,0,0,0,0,ar ARG,FW,Estudiantes–LP,Copa de la Liga,37,1985,5.9,0,0,0,0,0,0,0,0,0,2,0,2,0,0,7,0,ar ARG,FW,Estudiantes–LP,Copa de la Liga,37,1985,5.9,135,7,7,74,54,18,133,0,0,0,0,0,67,192,97,1,0,1,6,6,100,26,ar ARG,FW,Estudiantes–LP,Copa de la Liga,37,1985,9,529,59,42.0,5.9,6,71,3,3,34,1,0.89,4,10,-6,-1.02,-1.51,8.8,7.3,+1.5,+0.25,-0.14,ar ARG,FW,Estudiantes–LP,Copa de la Liga,37,1985,5.9,0,0,0,2,6,2,0,0,0,0,0,0,4,12,17,41.4
Rubén Botta,ar ARG,"MF,FW",Colón,Copa de la Liga,33,1990,14,14,"1,216",13.5,3,1,4,1,2,2,4,0,3.0,1.4,2.7,4.1,44,74,98,0.22,0.07,0.30,0.07,0.15,0.22,0.20,0.42,0.11,0.30,ar ARG,"MF,FW",Colón,Copa de la Liga,33,1990,13.5,3,26,15,57.7,1.92,1.11,0.04,0.07,23.6,6,2,2,3.0,1.4,0.06,0.0,-0.4,ar ARG,"MF,FW",Colón,Copa de la Liga,33,1990,13.5,326,524,62.2,5774,2377,143,178,80.3,122,196,62.2,44,104,42.3,1,2.7,3.1,-1.7,22,46,16,5,74,ar ARG,"MF,FW",Colón,Copa de la Liga,33,1990,13.5,524,427,91,34,9,4,78,19,34,20,13,0,326,6,13,ar ARG,"MF,FW",Colón,Copa de la Liga,33,1990,13.5,56,4.15,27,9,11,4,5,0,4,0.30,1,0,2,0,1,0,ar ARG,"MF,FW",Colón,Copa de la Liga,33,1990,13.5,13,8,4,5,4,8,19,42.1,11,9,0,9,5,18,3,0,ar ARG,"MF,FW",Colón,Copa de la Liga,33,1990,13.5,718,1,41,347,344,30,716,99,45,45.5,48,48.5,454,2888,1431,44,32,13,46,44,515,98,ar ARG,"MF,FW",Colón,Copa de la Liga,33,1990,14,"1,216",87,96.5,13.5,14,87,9,0,0,0,1.43,19,16,+3,+0.22,+2.27,16.4,14.9,+1.5,+0.11,-0.40,ar ARG,"MF,FW",Colón,Copa de la Liga,33,1990,13.5,4,0,0,22,34,1,78,5,8,0,0,0,54,11,24,31.4
Walter Bou,ar ARG,"MF,FW",Vélez Sarsfield,Copa de la Liga,29,1993,5,2,149,1.7,0,0,0,0,0,0,0,0,0.8,0.8,0.0,0.8,2,8,11,0.00,0.00,0.00,0.00,0.00,0.47,0.01,0.48,0.47,0.48,ar ARG,"MF,FW",Vélez Sarsfield,Copa de la Liga,29,1993,1.7,0,5,3,60.0,3.02,1.81,0.00,0.00,12.7,0,0,0,0.8,0.8,0.16,-0.8,-0.8,ar ARG,"MF,FW",Vélez Sarsfield,Copa de la Liga,29,1993,1.7,38,62,61.3,657,184,20,28,71.4,11,17,64.7,6,9,66.7,0,0.0,0.0,0.0,1,3,1,0,8,ar ARG,"MF,FW",Vélez Sarsfield,Copa de la Liga,29,1993,1.7,62,54,8,1,1,0,4,1,3,0,3,0,38,0,4,ar ARG,"MF,FW",Vélez Sarsfield,Copa de la Liga,29,1993,1.7,3,1.81,1,1,0,1,0,0,0,0.00,0,0,0,0,0,0,ar ARG,"MF,FW",Vélez Sarsfield,Copa de la Liga,29,1993,1.7,2,1,0,1,1,0,1,0.0,1,5,0,5,0,2,2,0,ar ARG,"MF,FW",Vélez Sarsfield,Copa de la Liga,29,1993,1.7,91,3,10,42,40,6,91,5,1,20.0,4,80.0,48,179,59,2,1,0,7,3,57,11,ar ARG,"MF,FW",Vélez Sarsfield,Copa de la Liga,29,1993,5,149,30,11.8,1.7,2,59,0,3,10,9,1.20,1,2,-1,-0.60,-0.93,1.0,0.5,+0.5,+0.31,+0.50,ar ARG,"MF,FW",Vélez Sarsfield,Copa de la Liga,29,1993,1.7,0,0,0,0,0,1,4,0,1,0,0,0,12,9,5,64.3
Genaro Bracamonte,ar ARG,FW,Belgrano,Copa de la Liga,20,2003,1,0,4,0.0,0,1,1,0,0,0,0,0,0.0,0.0,0.5,0.5,1,0,2,0.00,22.50,22.50,0.00,22.50,0.00,12.03,12.03,0.00,12.03,ar ARG,FW,Belgrano,Copa de la Liga,20,2003,0.0,0,0,0,0,0.00,0.00,0,0,0,0,0,0,0.0,0.0,0,0.0,0.0,ar ARG,FW,Belgrano,Copa de la Liga,20,2003,0.0,1,2,50.0,20,11,0,0,0,1,1,100.0,0,1,0.0,1,0.5,0.6,+0.5,1,0,0,0,0,ar ARG,FW,Belgrano,Copa de la Liga,20,2003,0.0,2,2,0,0,0,0,1,0,0,0,0,0,1,0,0,ar ARG,FW,Belgrano,Copa de la Liga,20,2003,0.0,1,22.50,1,0,0,0,0,0,1,22.50,1,0,0,0,0,0,ar ARG,FW,Belgrano,Copa de la Liga,20,2003,0.0,0,0,0,0,0,0,0,0,0,0,0,0,0,0,0,0,ar ARG,FW,Belgrano,Copa de la Liga,20,2003,0.0,2,0,0,0,2,1,2,0,0,0,0,0,2,12,9,1,0,1,0,0,2,2,ar ARG,FW,Belgrano,Copa de la Liga,20,2003,1,4,4,0.3,0.0,0,0,0,1,4,0,3.00,1,0,+1,+22.50,+22.43,0.5,0.0,+0.5,+12.03,+12.32,ar ARG,FW,Belgrano,Copa de la Liga,20,2003,0.0,0,0,0,0,0,0,1,0,0,0,0,0,0,0,0,0
Diego Braghieri,ar ARG,DF,Lanús,Copa de la Liga,35,1987,5,5,379,4.2,0,0,0,0,0,0,0,0,0.0,0.0,0.0,0.1,3,15,1,0.00,0.00,0.00,0.00,0.00,0.01,0.01,0.02,0.01,0.02,ar ARG,DF,Lanús,Copa de la Liga,35,1987,4.2,0,1,0,0.0,0.24,0.00,0.00,0,11.2,0,0,0,0.0,0.0,0.03,0.0,0.0,ar ARG,DF,Lanús,Copa de la Liga,35,1987,4.2,187,235,79.6,3938,1089,46,54,85.2,115,134,85.8,25,40,62.5,0,0.0,0.0,0.0,2,8,1,0,15,ar ARG,DF,Lanús,Copa de la Liga,35,1987,4.2,235,230,5,4,0,2,0,0,0,0,0,0,187,0,0,ar ARG,DF,Lanús,Copa de la Liga,35,1987,4.2,3,0.71,3,0,0,0,0,0,0,0.00,0,0,0,0,0,0,ar ARG,DF,Lanús,Copa de la Liga,35,1987,4.2,0,0,0,0,0,0,5,0.0,5,2,1,1,3,3,23,2,ar ARG,DF,Lanús,Copa de la Liga,35,1987,4.2,273,25,123,144,7,2,273,2,2,100.0,0,0.0,158,713,482,3,2,0,4,1,188,1,ar ARG,DF,Lanús,Copa de la Liga,35,1987,5,379,76,30.1,4.2,5,76,3,0,0,5,1.60,5,5,0,0.00,+0.51,5.8,2.5,+3.3,+0.77,+0.86,ar ARG,DF,Lanús,Copa de la Liga,35,1987,4.2,0,0,0,0,4,0,0,3,0,0,0,0,17,13,8,61.9
Malcom Braida,ar ARG,"DF,MF",San Lorenzo,Copa de la Liga,25,1997,14,13,"1,215",13.5,0,0,0,0,0,0,3,0,0.5,0.5,0.8,1.3,32,45,69,0.00,0.00,0.00,0.00,0.00,0.03,0.06,0.09,0.03,0.09,ar ARG,"DF,MF",San Lorenzo,Copa de la Liga,25,1997,13.5,0,12,4,33.3,0.89,0.30,0.00,0.00,20.5,0,0,0,0.5,0.5,0.04,-0.5,-0.5,ar ARG,"DF,MF",San Lorenzo,Copa de la Liga,25,1997,13.5,428,621,68.9,6227,3089,242,286,84.6,132,215,61.4,24,57,42.1,0,0.8,1.0,-0.8,9,35,13,6,45,ar ARG,"DF,MF",San Lorenzo,Copa de la Liga,25,1997,13.5,621,485,133,2,0,5,35,131,0,0,0,0,428,3,16,ar ARG,"DF,MF",San Lorenzo,Copa de la Liga,25,1997,13.5,25,1.85,17,4,2,1,1,0,0,0.00,0,0,0,0,0,0,ar ARG,"DF,MF",San Lorenzo,Copa de la Liga,25,1997,13.5,35,24,16,15,4,17,30,56.7,13,23,3,20,24,59,26,1,ar ARG,"DF,MF",San Lorenzo,Copa de la Liga,25,1997,13.5,804,31,198,391,223,19,804,40,19,47.5,13,32.5,376,1934,1049,32,18,1,32,10,398,69,ar ARG,"DF,MF",San Lorenzo,Copa de la Liga,25,1997,14,"1,215",87,96.4,13.5,13,90,13,1,45,0,1.29,11,11,0,0.00,0.00,11.0,12.3,-1.3,-0.09,+1.12,ar ARG,"DF,MF",San Lorenzo,Copa de la Liga,25,1997,13.5,3,0,0,17,24,0,35,24,24,0,0,0,86,20,13,60.6
Néstor Breitenbruch,ar ARG,DF,Arsenal,Copa de la Liga,27,1995,13,13,"1,155",12.8,1,0,1,1,0,0,4,1,0.3,0.3,0.2,0.6,11,31,4,0.08,0.00,0.08,0.08,0.08,0.03,0.02,0.04,0.03,0.04,ar ARG,DF,Arsenal,Copa de la Liga,27,1995,12.8,1,9,3,33.3,0.70,0.23,0.11,0.33,22.4,1,0,0,0.3,0.3,0.04,+0.7,+0.7,ar ARG,DF,Arsenal,Copa de la Liga,27,1995,12.8,341,523,65.2,7338,3556,111,138,80.4,167,212,78.8,62,149,41.6,0,0.2,0.1,-0.2,2,27,3,1,31,ar ARG,DF,Arsenal,Copa de la Liga,27,1995,12.8,523,468,54,31,0,8,9,23,0,0,0,0,341,1,12,ar ARG,DF,Arsenal,Copa de la Liga,27,1995,12.8,8,0.62,6,0,0,1,0,1,1,0.08,1,0,0,0,0,0,ar ARG,DF,Arsenal,Copa de la Liga,27,1995,12.8,26,14,19,7,0,16,21,76.2,5,20,8,12,9,35,67,1,ar ARG,DF,Arsenal,Copa de la Liga,27,1995,12.8,670,88,363,268,44,9,670,8,5,62.5,3,37.5,284,1427,884,11,5,0,7,3,281,4,ar ARG,DF,Arsenal,Copa de la Liga,27,1995,13,"1,155",89,91.7,12.8,13,89,12,0,0,0,1.00,9,13,-4,-0.31,+0.55,12.5,12.7,-0.2,-0.01,+0.85,ar ARG,DF,Arsenal,Copa de la Liga,27,1995,12.8,4,1,0,13,3,0,9,9,14,0,1,0,80,39,20,66.1
Facundo Brestt,ar ARG,MF,Arsenal,Copa de la Liga,18,2004,1,0,16,0.2,0,0,0,0,0,0,0,0,0.0,0.0,0.0,0.0,0,0,1,0.00,0.00,0.00,0.00,0.00,0.00,0.00,0.00,0.00,0.00,ar ARG,MF,Arsenal,Copa de la Liga,18,2004,0.2,0,0,0,0,0.00,0.00,0,0,0,0,0,0,0.0,0.0,0,0.0,0.0,ar ARG,MF,Arsenal,Copa de la Liga,18,2004,0.2,2,4,50.0,29,6,1,2,50.0,1,1,100.0,0,0,0,0,0.0,0.0,0.0,0,0,0,0,0,ar ARG,MF,Arsenal,Copa de la Liga,18,2004,0.2,4,4,0,0,0,0,0,0,0,0,0,0,2,0,0,ar ARG,MF,Arsenal,Copa de la Liga,18,2004,0.2,0,0.00,0,0,0,0,0,0,0,0.00,0,0,0,0,0,0,ar ARG,MF,Arsenal,Copa de la Liga,18,2004,0.2,0,0,0,0,0,0,0,0,0,1,1,0,0,0,0,0,ar ARG,MF,Arsenal,Copa de la Liga,18,2004,0.2,5,0,1,2,2,0,5,0,0,0,0,0,3,23,17,0,0,0,0,1,3,1,ar ARG,MF,Arsenal,Copa de la Liga,18,2004,1,16,16,1.3,0.2,0,0,0,1,16,4,0.00,0,0,0,0.00,+0.36,0.0,0.5,-0.4,-2.32,-2.27,ar ARG,MF,Arsenal,Copa de la Liga,18,2004,0.2,0,0,0,0,0,0,0,0,0,0,0,0,0,0,0,0
Norberto Briasco,am ARM,"FW,MF",Boca Juniors,Copa de la Liga,26,1996,5,2,173,1.9,0,1,1,0,0,0,0,0,0.1,0.1,0.4,0.5,15,10,28,0.00,0.52,0.52,0.00,0.52,0.03,0.20,0.24,0.03,0.24,am ARM,"FW,MF",Boca Juniors,Copa de la Liga,26,1996,1.9,0,3,1,33.3,1.56,0.52,0.00,0.00,16.1,0,0,0,0.1,0.1,0.02,-0.1,-0.1,am ARM,"FW,MF",Boca Juniors,Copa de la Liga,26,1996,1.9,40,64,62.5,542,199,29,32,90.6,9,22,40.9,2,6,33.3,1,0.4,0.4,+0.6,3,4,7,2,10,am ARM,"FW,MF",Boca Juniors,Copa de la Liga,26,1996,1.9,64,62,2,1,0,0,17,0,1,0,1,0,40,0,3,am ARM,"FW,MF",Boca Juniors,Copa de la Liga,26,1996,1.9,7,3.62,6,0,1,0,0,0,1,0.52,1,0,0,0,0,0,am ARM,"FW,MF",Boca Juniors,Copa de la Liga,26,1996,1.9,2,1,1,1,0,1,1,100.0,0,1,0,1,0,2,3,0,am ARM,"FW,MF",Boca Juniors,Copa de la Liga,26,1996,1.9,89,0,8,32,49,7,89,9,5,55.6,4,44.4,57,501,214,15,4,5,7,3,71,28,am ARM,"FW,MF",Boca Juniors,Copa de la Liga,26,1996,5,173,35,13.7,1.9,2,59,0,3,18,2,1.40,1,0,+1,+0.52,+0.52,2.1,1.0,+1.1,+0.56,+0.33,am ARM,"FW,MF",Boca Juniors,Copa de la Liga,26,1996,1.9,0,0,0,2,2,1,17,0,1,0,0,0,8,0,3,0.0
Miguel Brizuela,ar ARG,"DF,FW",Vélez Sarsfield,Copa de la Liga,26,1997,6,0,67,0.7,0,0,0,0,0,0,0,0,0.0,0.0,0.0,0.0,0,7,1,0.00,0.00,0.00,0.00,0.00,0.00,0.00,0.00,0.00,0.00,ar ARG,"DF,FW",Vélez Sarsfield,Copa de la Liga,26,1997,0.7,0,0,0,0,0.00,0.00,0,0,0,0,0,0,0.0,0.0,0,0.0,0.0,ar ARG,"DF,FW",Vélez Sarsfield,Copa de la Liga,26,1997,0.7,42,48,87.5,732,344,18,19,94.7,19,21,90.5,4,7,57.1,0,0.0,0.0,0.0,0,3,0,0,7,ar ARG,"DF,FW",Vélez Sarsfield,Copa de la Liga,26,1997,0.7,48,47,1,1,0,1,0,0,0,0,0,0,42,0,0,ar ARG,"DF,FW",Vélez Sarsfield,Copa de la Liga,26,1997,0.7,0,0.00,0,0,0,0,0,0,0,0.00,0,0,0,0,0,0,ar ARG,"DF,FW",Vélez Sarsfield,Copa de la Liga,26,1997,0.7,0,0,0,0,0,0,1,0.0,1,0,0,0,2,2,6,0,ar ARG,"DF,FW",Vélez Sarsfield,Copa de la Liga,26,1997,0.7,58,10,24,35,0,0,58,0,0,0,0,0,28,134,67,0,0,0,1,0,31,1,ar ARG,"DF,FW",Vélez Sarsfield,Copa de la Liga,26,1997,6,67,11,5.3,0.7,0,0,0,6,11,6,1.50,0,2,-2,-2.69,-3.06,0.6,1.3,-0.7,-0.99,-0.91,ar ARG,"DF,FW",Vélez Sarsfield,Copa de la Liga,26,1997,0.7,0,0,0,1,0,0,0,2,0,0,0,0,7,5,3,62.5
Lucas Brochero,ar ARG,"MF,DF",Arsenal,Copa de la Liga,24,1999,11,10,760,8.4,2,1,3,2,0,0,2,0,2.0,2.0,0.6,2.6,21,25,50,0.24,0.12,0.36,0.24,0.36,0.23,0.07,0.31,0.23,0.31,ar ARG,"MF,DF",Arsenal,Copa de la Liga,24,1999,8.4,2,12,4,33.3,1.42,0.47,0.17,0.50,21.4,0,0,0,2.0,2.0,0.16,0.0,0.0,ar ARG,"MF,DF",Arsenal,Copa de la Liga,24,1999,8.4,165,271,60.9,2647,940,92,122,75.4,55,92,59.8,13,33,39.4,1,0.6,0.7,+0.4,11,19,10,4,25,ar ARG,"MF,DF",Arsenal,Copa de la Liga,24,1999,8.4,271,242,28,7,1,1,46,16,5,1,4,0,165,1,12,ar ARG,"MF,DF",Arsenal,Copa de la Liga,24,1999,8.4,25,2.97,18,1,4,0,1,1,1,0.12,1,0,0,0,0,0,ar ARG,"MF,DF",Arsenal,Copa de la Liga,24,1999,8.4,17,9,3,8,6,6,20,30.0,14,10,3,7,7,24,8,0,ar ARG,"MF,DF",Arsenal,Copa de la Liga,24,1999,8.4,367,9,59,160,159,13,367,20,7,35.0,12,60.0,174,1057,540,21,19,3,17,5,193,50,ar ARG,"MF,DF",Arsenal,Copa de la Liga,24,1999,11,760,69,60.3,8.4,10,73,4,1,33,0,0.73,6,13,-7,-0.83,-1.19,7.7,9.4,-1.6,-0.19,-0.27,ar ARG,"MF,DF",Arsenal,Copa de la Liga,24,1999,8.4,2,0,0,11,7,1,46,7,9,0,0,0,55,8,13,38.1
Jorge Broun,ar ARG,GK,Rosario Central,Copa de la Liga,36,1986,14,14,"1,260",14.0,0,0,0,0,0,0,0,0,0.0,0.0,0.2,0.2,0,0,0,0.00,0.00,0.00,0.00,0.00,0.00,0.01,0.01,0.00,0.01,ar ARG,GK,Rosario Central,Copa de la Liga,36,1986,14.0,0,0,0,0,0.00,0.00,0,0,0,0,0,0,0.0,0.0,0,0.0,0.0,ar ARG,GK,Rosario Central,Copa de la Liga,36,1986,14.0,287,414,69.3,9575,7249,10,12,83.3,147,148,99.3,130,253,51.4,0,0.2,0.0,-0.2,1,9,0,0,0,ar ARG,GK,Rosario Central,Copa de la Liga,36,1986,14.0,414,239,175,32,0,1,0,0,0,0,0,0,287,0,0,ar ARG,GK,Rosario Central,Copa de la Liga,36,1986,14.0,3,0.21,2,1,0,0,0,0,0,0.00,0,0,0,0,0,0,ar ARG,GK,Rosario Central,Copa de la Liga,36,1986,14.0,0,0,0,0,0,0,0,0,0,1,0,1,2,2,3,2,ar ARG,GK,Rosario Central,Copa de la Liga,36,1986,14.0,437,382,436,1,0,0,437,0,0,0,0,0,219,1537,1100,0,0,0,0,0,115,0,ar ARG,GK,Rosario Central,Copa de la Liga,36,1986,14,"1,260",90,100.0,14.0,14,90,14,0,0,0,1.65,17,13,+4,+0.29,0,14.0,18.5,-4.5,-0.32,0,ar ARG,GK,Rosario Central,Copa de la Liga,36,1986,14.0,0,0,0,0,0,0,0,2,0,0,0,0,13,0,0,0
Julio Buffarini,ar ARG,DF,Independiente,Copa de la Liga,34,1988,6,2,159,1.8,0,0,0,0,0,0,1,0,0.0,0.0,0.2,0.2,2,6,12,0.00,0.00,0.00,0.00,0.00,0.00,0.13,0.13,0.00,0.13,ar ARG,DF,Independiente,Copa de la Liga,34,1988,1.8,0,0,0,0,0.00,0.00,0,0,0,0,0,0,0.0,0.0,0,0.0,0.0,ar ARG,DF,Independiente,Copa de la Liga,34,1988,1.8,64,90,71.1,895,418,40,47,85.1,21,24,87.5,1,12,8.3,0,0.2,0.1,-0.2,2,0,4,2,6,ar ARG,DF,Independiente,Copa de la Liga,34,1988,1.8,90,74,16,0,0,1,13,15,1,0,1,0,64,0,4,ar ARG,DF,Independiente,Copa de la Liga,34,1988,1.8,2,1.14,2,0,0,0,0,0,0,0.00,0,0,0,0,0,0,ar ARG,DF,Independiente,Copa de la Liga,34,1988,1.8,2,2,1,1,0,2,3,66.7,1,3,0,3,2,4,3,0,ar ARG,DF,Independiente,Copa de la Liga,34,1988,1.8,111,4,29,47,38,1,111,3,3,100.0,0,0.0,65,274,105,2,6,0,3,4,59,12,ar ARG,DF,Independiente,Copa de la Liga,34,1988,6,159,27,12.6,1.8,2,67,0,4,6,5,1.50,2,3,-1,-0.57,-0.97,2.4,1.2,+1.2,+0.69,+0.15,ar ARG,DF,Independiente,Copa de la Liga,34,1988,1.8,1,0,0,0,3,0,13,2,2,0,0,0,10,2,2,50.0
Ezequiel Bullaude,ar ARG,MF,Boca Juniors,Copa de la Liga,22,2000,11,4,389,4.3,0,0,0,0,0,0,2,0,0.2,0.2,0.3,0.5,8,22,23,0.00,0.00,0.00,0.00,0.00,0.06,0.07,0.13,0.06,0.13,ar ARG,MF,Boca Juniors,Copa de la Liga,22,2000,4.3,0,4,0,0.0,0.93,0.00,0.00,0,15.8,0,0,0,0.2,0.2,0.06,-0.2,-0.2,ar ARG,MF,Boca Juniors,Copa de la Liga,22,2000,4.3,151,175,86.3,2277,441,89,96,92.7,47,55,85.5,10,12,83.3,0,0.3,0.4,-0.3,6,17,5,0,22,ar ARG,MF,Boca Juniors,Copa de la Liga,22,2000,4.3,175,172,3,0,0,1,1,3,0,0,0,0,151,0,4,ar ARG,MF,Boca Juniors,Copa de la Liga,22,2000,4.3,10,2.31,8,0,1,0,1,0,0,0.00,0,0,0,0,0,0,ar ARG,MF,Boca Juniors,Copa de la Liga,22,2000,4.3,4,2,0,2,2,1,8,12.5,7,2,1,1,3,7,3,0,ar ARG,MF,Boca Juniors,Copa de la Liga,22,2000,4.3,230,3,19,138,76,14,230,18,9,50.0,8,44.4,136,669,332,8,7,3,15,8,160,23,ar ARG,MF,Boca Juniors,Copa de la Liga,22,2000,11,389,35,30.9,4.3,4,68,1,7,17,3,1.36,2,3,-1,-0.23,-0.44,4.1,3.2,+0.8,+0.19,-0.12,ar ARG,MF,Boca Juniors,Copa de la Liga,22,2000,4.3,2,0,0,8,6,1,1,3,2,0,0,0,33,4,5,44.4
Leonardo Burián,uy URU,GK,Vélez Sarsfield,Copa de la Liga,39,1984,2,2,180,2.0,0,0,0,0,0,0,0,0,0.0,0.0,0.0,0.0,0,0,0,0.00,0.00,0.00,0.00,0.00,0.00,0.00,0.00,0.00,0.00,uy URU,GK,Vélez Sarsfield,Copa de la Liga,39,1984,2.0,0,0,0,0,0.00,0.00,0,0,0,0,0,0,0.0,0.0,0,0.0,0.0,uy URU,GK,Vélez Sarsfield,Copa de la Liga,39,1984,2.0,31,44,70.5,1322,1092,0,0,0,8,8,100.0,23,35,65.7,0,0.0,0.0,0.0,0,2,0,0,0,uy URU,GK,Vélez Sarsfield,Copa de la Liga,39,1984,2.0,44,27,16,5,0,0,0,0,0,0,0,0,31,1,0,uy URU,GK,Vélez Sarsfield,Copa de la Liga,39,1984,2.0,1,0.50,0,1,0,0,0,0,0,0.00,0,0,0,0,0,0,uy URU,GK,Vélez Sarsfield,Copa de la Liga,39,1984,2.0,0,0,0,0,0,0,0,0,0,0,0,0,0,0,0,0,uy URU,GK,Vélez Sarsfield,Copa de la Liga,39,1984,2.0,47,40,47,0,0,0,47,0,0,0,0,0,22,126,89,0,0,0,0,0,16,0,uy URU,GK,Vélez Sarsfield,Copa de la Liga,39,1984,2,180,90,14.3,2.0,2,90,2,0,0,5,1.50,2,2,0,0.00,-0.25,2.0,1.4,+0.6,+0.31,+0.52,uy URU,GK,Vélez Sarsfield,Copa de la Liga,39,1984,2.0,0,0,0,0,0,0,0,0,0,0,0,0,1,0,0,0
Nahuel Bustos,ar ARG,FW,Talleres,Copa de la Liga,24,1998,12,8,700,7.8,3,0,3,3,0,0,2,0,3.6,3.6,0.5,4.2,8,12,34,0.39,0.00,0.39,0.39,0.39,0.47,0.07,0.54,0.47,0.54,ar ARG,FW,Talleres,Copa de la Liga,24,1998,7.8,3,23,6,26.1,2.96,0.77,0.13,0.50,20.0,4,0,0,3.6,3.6,0.16,-0.6,-0.6,ar ARG,FW,Talleres,Copa de la Liga,24,1998,7.8,123,183,67.2,1873,342,68,97,70.1,29,44,65.9,15,19,78.9,0,0.5,0.3,-0.5,8,7,3,1,12,ar ARG,FW,Talleres,Copa de la Liga,24,1998,7.8,183,161,22,2,0,2,6,2,4,0,4,0,123,0,7,ar ARG,FW,Talleres,Copa de la Liga,24,1998,7.8,18,2.32,9,3,1,3,2,0,0,0.00,0,0,0,0,0,0,ar ARG,FW,Talleres,Copa de la Liga,24,1998,7.8,3,2,1,2,0,0,3,0.0,3,7,2,5,0,3,8,0,ar ARG,FW,Talleres,Copa de la Liga,24,1998,7.8,272,9,19,145,111,25,272,15,5,33.3,9,60.0,143,489,199,8,6,4,28,4,187,34,ar ARG,FW,Talleres,Copa de la Liga,24,1998,12,700,58,55.6,7.8,8,65,0,4,45,0,1.17,5,9,-4,-0.51,-1.16,9.7,9.5,+0.2,+0.03,-0.26,ar ARG,FW,Talleres,Copa de la Liga,24,1998,7.8,2,0,0,9,7,2,6,0,2,0,0,0,23,7,9,43.8
Rodrigo Cabral,ar ARG,"MF,DF",Arg Juniors,Copa de la Liga,22,2000,3,0,19,0.2,0,0,0,0,0,0,0,0,0.1,0.1,0.0,0.2,2,0,7,0.00,0.00,0.00,0.00,0.00,0.71,0.16,0.87,0.71,0.87,ar ARG,"MF,DF",Arg Juniors,Copa de la Liga,22,2000,0.2,0,2,1,50.0,9.47,4.74,0.00,0.00,18.8,0,0,0,0.1,0.1,0.07,-0.1,-0.1,ar ARG,"MF,DF",Arg Juniors,Copa de la Liga,22,2000,0.2,3,16,18.8,55,14,2,5,40.0,0,2,0.0,1,6,16.7,0,0.0,0.0,0.0,1,0,1,1,0,ar ARG,"MF,DF",Arg Juniors,Copa de la Liga,22,2000,0.2,16,14,2,0,0,0,8,0,2,0,2,0,3,0,3,ar ARG,"MF,DF",Arg Juniors,Copa de la Liga,22,2000,0.2,2,9.47,1,0,1,0,0,0,0,0.00,0,0,0,0,0,0,ar ARG,"MF,DF",Arg Juniors,Copa de la Liga,22,2000,0.2,0,0,0,0,0,0,0,0,0,1,0,1,0,0,0,0,ar ARG,"MF,DF",Arg Juniors,Copa de la Liga,22,2000,0.2,21,0,1,2,18,1,21,4,1,25.0,1,25.0,15,72,24,2,0,1,1,1,15,7,ar ARG,"MF,DF",Arg Juniors,Copa de la Liga,22,2000,3,19,6,1.5,0.2,0,0,0,3,6,2,1.33,0,0,0,0.00,+0.29,0.5,0.3,+0.2,+1.07,+1.31,ar ARG,"MF,DF",Arg Juniors,Copa de la Liga,22,2000,0.2,0,0,0,1,2,0,8,0,0,0,0,0,3,0,0,0
Yonathan Cabral,ar ARG,DF,Gimnasia–LP,Copa de la Liga,30,1992,12,12,"1,080",12.0,1,0,1,1,0,0,3,0,0.3,0.3,0.0,0.4,3,24,1,0.08,0.00,0.08,0.08,0.08,0.03,0.00,0.03,0.03,0.03,ar ARG,DF,Gimnasia–LP,Copa de la Liga,30,1992,12.0,1,8,2,25.0,0.67,0.17,0.13,0.50,12.2,0,0,0,0.3,0.3,0.04,+0.7,+0.7,ar ARG,DF,Gimnasia–LP,Copa de la Liga,30,1992,12.0,219,338,64.8,4530,2289,62,90,68.9,120,161,74.5,35,72,48.6,0,0.0,0.1,0.0,2,14,1,0,24,ar ARG,DF,Gimnasia–LP,Copa de la Liga,30,1992,12.0,338,318,20,18,0,1,1,2,0,0,0,0,219,0,6,ar ARG,DF,Gimnasia–LP,Copa de la Liga,30,1992,12.0,4,0.33,3,1,0,0,0,0,0,0.00,0,0,0,0,0,0,ar ARG,DF,Gimnasia–LP,Copa de la Liga,30,1992,12.0,23,11,11,11,1,11,18,61.1,7,18,9,9,16,39,71,0,ar ARG,DF,Gimnasia–LP,Copa de la Liga,30,1992,12.0,496,92,273,211,19,14,496,1,1,100.0,0,0.0,177,964,550,3,2,2,9,4,161,1,ar ARG,DF,Atlé Tucumán,Copa de la Liga,30,1992,0,0,0,0,0,0,0,0,0,0,1,0,0,0,0,0,0,0,0,0,0,0,ar ARG,DF,Gimnasia–LP,Copa de la Liga,30,1992,12.0,3,0,0,13,1,0,1,16,11,0,0,1,59,48,21,69.6
Elías Cabrera,ar ARG,"MF,FW",Vélez Sarsfield,Copa de la Liga,19,2003,3,0,75,0.8,0,0,0,0,0,0,0,0,0.0,0.0,0.6,0.6,2,4,3,0.00,0.00,0.00,0.00,0.00,0.00,0.68,0.68,0.00,0.68,ar ARG,"MF,FW",Vélez Sarsfield,Copa de la Liga,19,2003,0.8,0,0,0,0,0.00,0.00,0,0,0,0,0,0,0.0,0.0,0,0.0,0.0,ar ARG,"MF,FW",Vélez Sarsfield,Copa de la Liga,19,2003,0.8,26,40,65.0,364,123,12,14,85.7,10,14,71.4,1,5,20.0,0,0.6,0.3,-0.6,3,2,1,0,4,ar ARG,"MF,FW",Vélez Sarsfield,Copa de la Liga,19,2003,0.8,40,35,4,1,1,0,6,0,3,1,2,0,26,1,3,ar ARG,"MF,FW",Vélez Sarsfield,Copa de la Liga,19,2003,0.8,3,3.55,3,0,0,0,0,0,0,0.00,0,0,0,0,0,0,ar ARG,"MF,FW",Vélez Sarsfield,Copa de la Liga,19,2003,0.8,3,2,2,1,0,2,2,100.0,0,0,0,0,0,3,0,0,ar ARG,"MF,FW",Vélez Sarsfield,Copa de la Liga,19,2003,0.8,54,0,6,30,18,2,54,4,2,50.0,2,50.0,21,102,53,2,1,0,3,3,26,3,ar ARG,"MF,FW",Vélez Sarsfield,Copa de la Liga,19,2003,3,75,25,6.0,0.8,0,0,0,3,25,10,1.00,0,1,-1,-1.20,-1.50,0.9,0.5,+0.4,+0.51,+0.67,ar ARG,"MF,FW",Vélez Sarsfield,Copa de la Liga,19,2003,0.8,0,0,0,1,0,0,6,0,2,0,0,0,9,2,6,25.0
Iván Cabrera,ar ARG,"DF,MF",Arsenal,Copa de la Liga,19,2003,4,1,119,1.3,0,0,0,0,0,0,1,0,0.0,0.0,0.0,0.0,1,10,2,0.00,0.00,0.00,0.00,0.00,0.01,0.01,0.02,0.01,0.02,ar ARG,"DF,MF",Arsenal,Copa de la Liga,19,2003,1.3,0,1,1,100.0,0.76,0.76,0.00,0.00,16.6,0,0,0,0.0,0.0,0.01,0.0,0.0,ar ARG,"DF,MF",Arsenal,Copa de la Liga,19,2003,1.3,44,69,63.8,1039,459,7,10,70.0,27,37,73.0,9,21,42.9,0,0.0,0.0,0.0,1,11,0,0,10,ar ARG,"DF,MF",Arsenal,Copa de la Liga,19,2003,1.3,69,54,15,0,0,1,9,15,0,0,0,0,44,0,0,ar ARG,"DF,MF",Arsenal,Copa de la Liga,19,2003,1.3,2,1.51,1,0,0,0,1,0,0,0.00,0,0,0,0,0,0,ar ARG,"DF,MF",Arsenal,Copa de la Liga,19,2003,1.3,4,0,3,1,0,3,4,75.0,1,1,1,0,1,5,8,1,ar ARG,"DF,MF",Arsenal,Copa de la Liga,19,2003,1.3,93,8,34,45,15,1,93,1,1,100.0,0,0.0,37,171,81,1,0,0,2,2,42,2,ar ARG,"DF,MF",Arsenal,Copa de la Liga,19,2003,4,119,30,9.4,1.3,1,90,1,3,10,9,1.00,1,3,-2,-1.51,-1.28,0.9,1.6,-0.7,-0.50,-0.45,ar ARG,"DF,MF",Arsenal,Copa de la Liga,19,2003,1.3,1,0,0,2,1,0,9,1,0,0,0,0,7,3,2,60.0
Javier Cabrera,uy URU,DF,Arg Juniors,Copa de la Liga,30,1992,12,9,812,9.0,0,1,1,0,0,0,0,0,0.3,0.3,2.2,2.5,38,33,93,0.00,0.11,0.11,0.00,0.11,0.04,0.24,0.28,0.04,0.28,uy URU,DF,Arg Juniors,Copa de la Liga,30,1992,9.0,0,6,2,33.3,0.67,0.22,0.00,0.00,21.2,0,0,0,0.3,0.3,0.05,-0.3,-0.3,uy URU,DF,Arg Juniors,Copa de la Liga,30,1992,9.0,324,491,66.0,5675,2165,153,186,82.3,128,186,68.8,37,83,44.6,1,2.2,2.0,-1.2,22,21,15,11,33,uy URU,DF,Arg Juniors,Copa de la Liga,30,1992,9.0,491,381,109,10,0,0,89,75,24,3,15,0,324,1,25,uy URU,DF,Arg Juniors,Copa de la Liga,30,1992,9.0,33,3.66,19,10,2,1,0,1,2,0.22,0,2,0,0,0,0,uy URU,DF,Arg Juniors,Copa de la Liga,30,1992,9.0,13,8,6,4,3,9,28,32.1,19,15,1,14,6,19,8,0,uy URU,DF,Arg Juniors,Copa de la Liga,30,1992,9.0,572,11,91,230,261,24,572,28,16,57.1,10,35.7,281,1521,801,38,18,5,18,9,331,93,uy URU,DF,Arg Juniors,Copa de la Liga,30,1992,12,812,68,64.4,9.0,9,79,4,3,32,0,1.08,15,12,+3,+0.33,+1.74,11.2,10.7,+0.5,+0.05,+0.75,uy URU,DF,Arg Juniors,Copa de la Liga,30,1992,9.0,0,0,0,4,6,1,89,6,8,0,0,0,54,4,8,33.3
Víctor Cabrera,ar ARG,DF,Tigre,Copa de la Liga,29,1993,4,2,172,1.9,0,0,0,0,0,0,0,0,0.0,0.0,0.0,0.0,0,1,0,0.00,0.00,0.00,0.00,0.00,0.02,0.00,0.02,0.02,0.02,ar ARG,DF,Tigre,Copa de la Liga,29,1993,1.9,0,1,0,0.0,0.52,0.00,0.00,0,21.9,0,0,0,0.0,0.0,0.04,0.0,0.0,ar ARG,DF,Tigre,Copa de la Liga,29,1993,1.9,57,67,85.1,1281,616,15,18,83.3,30,34,88.2,12,14,85.7,0,0.0,0.0,0.0,0,0,0,0,1,ar ARG,DF,Tigre,Copa de la Liga,29,1993,1.9,67,63,3,3,0,1,0,0,0,0,0,0,57,1,0,ar ARG,DF,Tigre,Copa de la Liga,29,1993,1.9,0,0.00,0,0,0,0,0,0,0,0.00,0,0,0,0,0,0,ar ARG,DF,Tigre,Copa de la Liga,29,1993,1.9,4,2,2,2,0,1,2,50.0,1,0,0,0,4,8,12,0,ar ARG,DF,Tigre,Copa de la Liga,29,1993,1.9,91,13,58,32,1,0,91,0,0,0,0,0,48,238,117,0,0,0,0,0,47,0,ar ARG,DF,Tigre,Copa de la Liga,29,1993,4,172,43,13.7,1.9,2,56,1,2,30,7,2.00,2,0,+2,+1.05,+1.63,1.1,0.7,+0.4,+0.19,+0.01,ar ARG,DF,Tigre,Copa de la Liga,29,1993,1.9,0,0,0,2,1,0,0,4,2,0,0,0,9,3,3,50.0
Jerónimo Cacciabue,ar ARG,MF,Platense,Copa de la Liga,25,1998,3,0,19,0.2,0,0,0,0,0,0,0,0,0.0,0.0,0.0,0.0,0,2,0,0.00,0.00,0.00,0.00,0.00,0.00,0.06,0.06,0.00,0.06,ar ARG,MF,Platense,Copa de la Liga,25,1998,0.2,0,0,0,0,0.00,0.00,0,0,0,0,0,0,0.0,0.0,0,0.0,0.0,ar ARG,MF,Platense,Copa de la Liga,25,1998,0.2,12,18,66.7,208,71,3,4,75.0,8,12,66.7,0,1,0.0,0,0.0,0.0,0.0,1,0,0,0,2,ar ARG,MF,Platense,Copa de la Liga,25,1998,0.2,18,17,1,0,0,0,1,0,1,1,0,0,12,0,0,ar ARG,MF,Platense,Copa de la Liga,25,1998,0.2,1,4.50,1,0,0,0,0,0,0,0.00,0,0,0,0,0,0,ar ARG,MF,Platense,Copa de la Liga,25,1998,0.2,1,1,0,0,1,1,1,100.0,0,0,0,0,0,1,0,0,ar ARG,MF,Platense,Copa de la Liga,25,1998,0.2,20,0,2,12,6,0,20,0,0,0,0,0,11,35,6,0,1,0,1,0,11,0,ar ARG,MF,Platense,Copa de la Liga,25,1998,3,19,6,1.5,0.2,0,0,0,3,6,11,1.25,0,1,-1,-4.74,-4.59,0.2,1.2,-1.1,-4.79,-4.71,ar ARG,MF,Platense,Copa de la Liga,25,1998,0.2,0,0,0,0,1,0,1,0,1,0,0,0,3,0,1,0.0
Darío Cáceres,py PAR,DF,Defensa y Just,Copa de la Liga,25,1998,12,10,873,9.7,0,0,0,0,0,0,4,0,0.2,0.2,1.0,1.2,32,46,51,0.00,0.00,0.00,0.00,0.00,0.02,0.10,0.12,0.02,0.12,py PAR,DF,Defensa y Just,Copa de la Liga,25,1998,9.7,0,2,1,50.0,0.21,0.10,0.00,0.00,17.8,0,0,0,0.2,0.2,0.08,-0.2,-0.2,py PAR,DF,Defensa y Just,Copa de la Liga,25,1998,9.7,377,517,72.9,6479,2843,181,205,88.3,152,209,72.7,36,74,48.6,0,1.0,0.6,-1.0,9,30,12,8,46,py PAR,DF,Defensa y Just,Copa de la Liga,25,1998,9.7,517,433,83,1,1,6,27,81,1,0,0,0,377,1,14,py PAR,DF,Defensa y Just,Copa de la Liga,25,1998,9.7,15,1.55,13,2,0,0,0,0,0,0.00,0,0,0,0,0,0,py PAR,DF,Defensa y Just,Copa de la Liga,25,1998,9.7,10,6,5,5,0,6,11,54.5,5,16,2,14,20,30,26,1,py PAR,DF,Defensa y Just,Copa de la Liga,25,1998,9.7,619,36,186,298,144,7,619,16,12,75.0,4,25.0,296,2115,1365,32,32,1,18,0,333,51,py PAR,DF,Defensa y Just,Copa de la Liga,25,1998,12,873,73,69.3,9.7,10,85,8,2,12,2,1.17,10,13,-3,-0.31,-0.08,9.2,15.0,-5.8,-0.60,+0.03,py PAR,DF,Defensa y Just,Copa de la Liga,25,1998,9.7,4,0,0,11,6,0,27,20,6,0,1,0,71,7,14,33.3
Juan Cáceres,py PAR,DF,Lanús,Copa de la Liga,22,2000,10,9,794,8.8,1,0,1,1,0,0,2,2,0.3,0.3,0.1,0.5,10,25,21,0.11,0.00,0.11,0.11,0.11,0.04,0.02,0.05,0.04,0.05,py PAR,DF,Lanús,Copa de la Liga,22,2000,8.8,1,7,3,42.9,0.79,0.34,0.14,0.33,18.8,0,0,0,0.3,0.3,0.05,+0.7,+0.7,py PAR,DF,Lanús,Copa de la Liga,22,2000,8.8,269,413,65.1,4833,2086,125,152,82.2,109,156,69.9,30,68,44.1,0,0.1,0.2,-0.1,5,24,7,5,25,py PAR,DF,Lanús,Copa de la Liga,22,2000,8.8,413,324,88,5,0,2,21,83,0,0,0,0,269,1,18,py PAR,DF,Lanús,Copa de la Liga,22,2000,8.8,13,1.47,8,1,1,1,1,1,0,0.00,0,0,0,0,0,0,py PAR,DF,Lanús,Copa de la Liga,22,2000,8.8,39,30,21,15,3,23,38,60.5,15,12,1,11,14,53,37,0,py PAR,DF,Lanús,Copa de la Liga,22,2000,8.8,534,30,190,259,92,11,534,10,7,70.0,3,30.0,213,942,512,10,8,0,10,0,222,21,py PAR,DF,Lanús,Copa de la Liga,22,2000,10,794,79,63.0,8.8,9,86,7,1,19,1,1.00,8,8,0,0.00,+0.97,9.4,8.5,+0.8,+0.09,-0.21,py PAR,DF,Lanús,Copa de la Liga,22,2000,8.8,2,2,1,8,8,0,21,14,30,0,0,1,55,23,9,71.9
Diego Calcaterra,ar ARG,"MF,DF",Sarmiento,Copa de la Liga,21,2001,12,11,"1,007",11.2,1,0,1,1,0,0,7,0,0.4,0.4,0.3,0.7,3,32,4,0.09,0.00,0.09,0.09,0.09,0.04,0.02,0.06,0.04,0.06,ar ARG,"MF,DF",Sarmiento,Copa de la Liga,21,2001,11.2,1,6,2,33.3,0.54,0.18,0.17,0.50,27.1,0,0,0,0.4,0.4,0.07,+0.6,+0.6,ar ARG,"MF,DF",Sarmiento,Copa de la Liga,21,2001,11.2,320,436,73.4,6521,2238,99,134,73.9,163,189,86.2,52,86,60.5,0,0.3,0.5,-0.3,4,23,0,0,32,ar ARG,"MF,DF",Sarmiento,Copa de la Liga,21,2001,11.2,436,419,14,10,0,6,4,0,0,0,0,0,320,3,10,ar ARG,"MF,DF",Sarmiento,Copa de la Liga,21,2001,11.2,12,1.07,7,0,3,1,1,0,1,0.09,1,0,0,0,0,0,ar ARG,"MF,DF",Sarmiento,Copa de la Liga,21,2001,11.2,31,19,12,17,2,16,35,45.7,19,22,5,17,13,44,31,0,ar ARG,"MF,DF",Sarmiento,Copa de la Liga,21,2001,11.2,561,57,234,304,29,6,561,9,5,55.6,4,44.4,233,878,405,3,4,0,3,5,264,4,ar ARG,"MF,DF",Sarmiento,Copa de la Liga,21,2001,12,"1,007",84,79.9,11.2,11,85,9,1,77,1,1.25,8,7,+1,+0.09,+0.45,6.3,12.9,-6.6,-0.59,-0.65,ar ARG,"MF,DF",Sarmiento,Copa de la Liga,21,2001,11.2,7,0,0,18,11,0,4,13,19,0,0,0,66,28,17,62.2
Brian Calderara,ar ARG,MF,Barracas Central,Copa de la Liga,24,1998,9,7,491,5.5,0,1,1,0,0,0,1,0,0.7,0.7,0.7,1.4,12,16,32,0.00,0.18,0.18,0.00,0.18,0.12,0.14,0.26,0.12,0.26,ar ARG,MF,Barracas Central,Copa de la Liga,24,1998,5.5,0,11,3,27.3,2.02,0.55,0.00,0.00,19.1,0,0,0,0.7,0.7,0.06,-0.7,-0.7,ar ARG,MF,Barracas Central,Copa de la Liga,24,1998,5.5,70,128,54.7,1138,392,35,55,63.6,24,38,63.2,8,20,40.0,1,0.7,0.7,+0.3,5,11,4,2,16,ar ARG,MF,Barracas Central,Copa de la Liga,24,1998,5.5,128,125,3,0,0,1,14,3,0,0,0,0,70,0,7,ar ARG,MF,Barracas Central,Copa de la Liga,24,1998,5.5,9,1.65,6,0,0,1,2,0,1,0.18,0,0,0,1,0,0,ar ARG,MF,Barracas Central,Copa de la Liga,24,1998,5.5,13,10,2,11,0,7,13,53.8,6,8,1,7,8,21,4,0,ar ARG,MF,Barracas Central,Copa de la Liga,24,1998,5.5,220,3,22,108,95,16,220,35,15,42.9,18,51.4,130,778,287,12,11,3,19,11,135,32,ar ARG,MF,Barracas Central,Copa de la Liga,24,1998,9,491,55,39.0,5.5,7,65,1,2,19,1,0.67,4,9,-5,-0.92,-0.21,4.0,5.5,-1.5,-0.27,-0.16,ar ARG,MF,Barracas Central,Copa de la Liga,24,1998,5.5,1,0,0,5,8,0,14,8,10,0,0,0,33,5,5,50.0
Franco Calderón,ar ARG,DF,Unión,Copa de la Liga,24,1998,11,11,927,10.3,0,0,0,0,0,0,6,1,0.2,0.2,0.1,0.2,2,18,4,0.00,0.00,0.00,0.00,0.00,0.02,0.01,0.02,0.02,0.02,ar ARG,DF,Unión,Copa de la Liga,24,1998,10.3,0,4,2,50.0,0.39,0.19,0.00,0.00,13.4,0,0,0,0.2,0.2,0.04,-0.2,-0.2,ar ARG,DF,Unión,Copa de la Liga,24,1998,10.3,292,349,83.7,6011,2518,77,85,90.6,179,195,91.8,35,58,60.3,0,0.1,0.0,-0.1,1,7,0,0,18,ar ARG,DF,Unión,Copa de la Liga,24,1998,10.3,349,328,21,21,0,3,2,0,0,0,0,0,292,0,4,ar ARG,DF,Unión,Copa de la Liga,24,1998,10.3,4,0.39,2,0,0,1,0,1,1,0.10,1,0,0,0,0,0,ar ARG,DF,Unión,Copa de la Liga,24,1998,10.3,15,8,7,7,1,3,12,25.0,9,16,11,5,11,26,57,0,ar ARG,DF,Unión,Copa de la Liga,24,1998,10.3,469,86,279,172,21,8,469,0,0,0,0,0,217,1047,487,2,2,0,5,0,230,4,ar ARG,DF,Unión,Copa de la Liga,24,1998,11,927,84,73.6,10.3,11,84,10,0,0,0,1.09,8,11,-3,-0.29,-0.29,7.6,9.2,-1.6,-0.16,-0.10,ar ARG,DF,Unión,Copa de la Liga,24,1998,10.3,6,1,0,10,6,0,2,11,8,0,0,0,52,19,26,42.2
Yvo Calleros,uy URU,MF,Banfield,Copa de la Liga,24,1998,8,1,171,1.9,0,0,0,0,0,0,0,0,0.0,0.0,0.0,0.0,0,6,0,0.00,0.00,0.00,0.00,0.00,0.01,0.00,0.01,0.01,0.01,uy URU,MF,Banfield,Copa de la Liga,24,1998,1.9,0,1,0,0.0,0.53,0.00,0.00,0,29.2,0,0,0,0.0,0.0,0.03,0.0,0.0,uy URU,MF,Banfield,Copa de la Liga,24,1998,1.9,42,73,57.5,912,401,5,13,38.5,30,44,68.2,6,12,50.0,0,0.0,0.0,0.0,0,6,0,0,6,uy URU,MF,Banfield,Copa de la Liga,24,1998,1.9,73,73,0,0,0,1,0,0,0,0,0,0,42,0,2,uy URU,MF,Banfield,Copa de la Liga,24,1998,1.9,0,0.00,0,0,0,0,0,0,0,0.00,0,0,0,0,0,0,uy URU,MF,Banfield,Copa de la Liga,24,1998,1.9,9,5,3,4,2,5,8,62.5,3,2,2,0,7,16,9,0,uy URU,MF,Banfield,Copa de la Liga,24,1998,1.9,106,8,41,60,6,0,106,0,0,0,0,0,28,129,38,0,0,0,3,4,26,0,uy URU,MF,Banfield,Copa de la Liga,24,1998,8,171,21,13.6,1.9,1,90,1,7,12,3,1.89,3,1,+2,+1.05,+0.80,3.5,1.1,+2.4,+1.25,+1.54,uy URU,MF,Banfield,Copa de la Liga,24,1998,1.9,0,0,0,2,3,0,0,7,5,0,0,0,21,5,10,33.3
Facundo Cambeses,ar ARG,GK,Banfield,Copa de la Liga,25,1997,14,14,"1,260",14.0,0,1,1,0,0,0,2,0,0.0,0.0,0.8,0.8,0,0,0,0.00,0.07,0.07,0.00,0.07,0.00,0.06,0.06,0.00,0.06,ar ARG,GK,Banfield,Copa de la Liga,25,1997,14.0,0,0,0,0,0.00,0.00,0,0,0,0,0,0,0.0,0.0,0,0.0,0.0,ar ARG,GK,Banfield,Copa de la Liga,25,1997,14.0,194,325,59.7,7059,5754,32,32,100.0,73,73,100.0,89,220,40.5,1,0.8,0.1,+0.2,3,10,1,0,0,ar ARG,GK,Banfield,Copa de la Liga,25,1997,14.0,325,154,171,56,0,0,0,0,0,0,0,0,194,0,0,ar ARG,GK,Banfield,Copa de la Liga,25,1997,14.0,8,0.57,3,5,0,0,0,0,1,0.07,0,1,0,0,0,0,ar ARG,GK,Banfield,Copa de la Liga,25,1997,14.0,0,0,0,0,0,0,0,0,0,1,0,1,0,0,2,0,ar ARG,GK,Banfield,Copa de la Liga,25,1997,14.0,346,281,343,3,0,0,346,0,0,0,0,0,142,1041,565,0,0,0,0,0,60,0,ar ARG,GK,Banfield,Copa de la Liga,25,1997,14,"1,260",90,100.0,14.0,14,90,14,0,0,0,1.60,11,6,+5,+0.36,0,11.1,12.3,-1.2,-0.09,0,ar ARG,GK,Banfield,Copa de la Liga,25,1997,14.0,2,0,0,0,4,0,0,0,0,0,0,0,8,5,0,100.0
Jaminton Campaz,co COL,FW,Rosario Central,Copa de la Liga,22,2000,14,14,"1,167",13.0,5,3,8,5,0,0,3,0,2.3,2.3,4.4,6.7,64,56,123,0.39,0.23,0.62,0.39,0.62,0.17,0.34,0.51,0.17,0.51,co COL,FW,Rosario Central,Copa de la Liga,22,2000,13.0,5,26,11,42.3,2.01,0.85,0.19,0.45,19.4,0,0,0,2.3,2.3,0.09,+2.7,+2.7,co COL,FW,Rosario Central,Copa de la Liga,22,2000,13.0,271,428,63.3,4239,1438,161,201,80.1,85,138,61.6,20,53,37.7,3,4.4,3.2,-1.4,21,37,22,5,56,co COL,FW,Rosario Central,Copa de la Liga,22,2000,13.0,428,384,42,8,2,6,65,29,5,1,2,0,271,2,21,co COL,FW,Rosario Central,Copa de la Liga,22,2000,13.0,54,4.16,31,2,12,5,4,0,6,0.46,5,0,1,0,0,0,co COL,FW,Rosario Central,Copa de la Liga,22,2000,13.0,22,11,10,8,4,7,22,31.8,15,11,0,11,6,28,3,0,co COL,FW,Rosario Central,Copa de la Liga,22,2000,13.0,614,3,45,256,330,43,614,112,57,50.9,49,43.8,403,3066,1674,64,42,16,28,28,426,123,co COL,FW,Rosario Central,Copa de la Liga,22,2000,14,"1,167",83,92.6,13.0,14,83,10,0,0,0,1.65,16,12,+4,+0.31,+0.31,13.3,18.1,-4.8,-0.37,-0.67,co COL,FW,Rosario Central,Copa de la Liga,22,2000,13.0,3,0,0,9,29,5,65,6,11,0,0,0,61,6,19,24.0
Gastón Campi,ar ARG,DF,San Lorenzo,Copa de la Liga,31,1991,9,8,703,7.8,0,0,0,0,0,0,2,0,0.1,0.1,0.3,0.4,1,16,3,0.00,0.00,0.00,0.00,0.00,0.01,0.03,0.05,0.01,0.05,ar ARG,DF,San Lorenzo,Copa de la Liga,31,1991,7.8,0,4,2,50.0,0.51,0.26,0.00,0.00,25.1,0,0,0,0.1,0.1,0.03,-0.1,-0.1,ar ARG,DF,San Lorenzo,Copa de la Liga,31,1991,7.8,207,261,79.3,4385,2087,50,62,80.6,118,136,86.8,37,57,64.9,0,0.3,0.3,-0.3,1,15,1,0,16,ar ARG,DF,San Lorenzo,Copa de la Liga,31,1991,7.8,261,248,12,7,0,0,2,5,0,0,0,0,207,1,1,ar ARG,DF,San Lorenzo,Copa de la Liga,31,1991,7.8,2,0.26,2,0,0,0,0,0,0,0.00,0,0,0,0,0,0,ar ARG,DF,San Lorenzo,Copa de la Liga,31,1991,7.8,9,4,8,1,0,4,7,57.1,3,8,3,5,11,20,34,0,ar ARG,DF,San Lorenzo,Copa de la Liga,31,1991,7.8,333,38,179,136,19,6,333,0,0,0,0,0,152,678,293,1,2,0,1,0,169,3,ar ARG,DF,San Lorenzo,Copa de la Liga,31,1991,9,703,78,55.8,7.8,8,84,6,1,29,1,1.22,6,7,-1,-0.13,-0.29,5.8,7.7,-1.9,-0.25,-0.26,ar ARG,DF,San Lorenzo,Copa de la Liga,31,1991,7.8,2,0,0,7,1,2,2,11,4,0,0,0,39,21,6,77.8
Dante Campisi,ar ARG,GK,Unión,Copa de la Liga,26,1996,2,2,180,2.0,0,0,0,0,0,0,0,0,0.0,0.0,0.0,0.0,0,0,0,0.00,0.00,0.00,0.00,0.00,0.00,0.00,0.00,0.00,0.00,ar ARG,GK,Unión,Copa de la Liga,26,1996,2.0,0,0,0,0,0.00,0.00,0,0,0,0,0,0,0.0,0.0,0,0.0,0.0,ar ARG,GK,Unión,Copa de la Liga,26,1996,2.0,33,46,71.7,1010,623,4,4,100.0,14,14,100.0,15,28,53.6,0,0.0,0.0,0.0,0,0,0,0,0,ar ARG,GK,Unión,Copa de la Liga,26,1996,2.0,46,23,23,7,0,0,0,0,0,0,0,0,33,0,0,ar ARG,GK,Unión,Copa de la Liga,26,1996,2.0,0,0.00,0,0,0,0,0,0,0,0.00,0,0,0,0,0,0,ar ARG,GK,Unión,Copa de la Liga,26,1996,2.0,0,0,0,0,0,0,0,0,0,0,0,0,0,0,0,0,ar ARG,GK,Unión,Copa de la Liga,26,1996,2.0,50,39,50,0,0,0,50,0,0,0,0,0,20,110,72,0,0,0,0,0,14,0,ar ARG,GK,Unión,Copa de la Liga,26,1996,2,180,90,14.3,2.0,2,90,2,0,0,10,2.00,1,0,+1,+0.50,+0.83,1.8,1.2,+0.6,+0.29,+0.49,ar ARG,GK,Unión,Copa de la Liga,26,1996,2.0,0,0,0,0,0,0,0,0,0,0,0,0,1,0,0,0
Jorman Campuzano,co COL,MF,Boca Juniors,Copa de la Liga,26,1996,13,9,655,7.3,0,0,0,0,0,0,3,0,0.0,0.0,0.0,0.0,5,31,4,0.00,0.00,0.00,0.00,0.00,0.00,0.00,0.00,0.00,0.00,co COL,MF,Boca Juniors,Copa de la Liga,26,1996,7.3,0,0,0,0,0.00,0.00,0,0,0,0,0,0,0.0,0.0,0,0.0,0.0,co COL,MF,Boca Juniors,Copa de la Liga,26,1996,7.3,442,474,93.2,7950,1708,181,191,94.8,217,223,97.3,40,49,81.6,0,0.0,0.1,0.0,1,20,2,0,31,co COL,MF,Boca Juniors,Copa de la Liga,26,1996,7.3,474,452,22,17,0,8,0,5,0,0,0,0,442,0,5,co COL,MF,Boca Juniors,Copa de la Liga,26,1996,7.3,7,0.96,7,0,0,0,0,0,0,0.00,0,0,0,0,0,0,co COL,MF,Boca Juniors,Copa de la Liga,26,1996,7.3,21,12,13,8,0,11,24,45.8,13,10,4,6,2,23,5,0,co COL,MF,Boca Juniors,Copa de la Liga,26,1996,7.3,526,14,159,353,18,1,526,9,4,44.4,3,33.3,316,1751,911,5,4,0,2,7,350,4,co COL,MF,Boca Juniors,Copa de la Liga,26,1996,13,655,50,52.0,7.3,9,63,1,4,23,1,1.38,8,10,-2,-0.27,-0.72,7.8,7.1,+0.7,+0.10,-0.36,co COL,MF,Boca Juniors,Copa de la Liga,26,1996,7.3,3,0,0,12,15,0,0,2,12,0,0,0,66,9,12,42.9
Alexis Canelo,ar ARG,FW,Independiente,Copa de la Liga,30,1992,14,14,"1,180",13.1,4,2,6,4,0,0,3,0,4.5,4.5,2.5,7.0,28,26,101,0.31,0.15,0.46,0.31,0.46,0.34,0.19,0.53,0.34,0.53,ar ARG,FW,Independiente,Copa de la Liga,30,1992,13.1,4,24,14,58.3,1.83,1.07,0.17,0.29,13.6,0,0,0,4.5,4.5,0.19,-0.5,-0.5,ar ARG,FW,Independiente,Copa de la Liga,30,1992,13.1,191,310,61.6,2563,588,124,179,69.3,47,73,64.4,10,14,71.4,2,2.5,2.7,-0.5,15,13,10,5,26,ar ARG,FW,Independiente,Copa de la Liga,30,1992,13.1,310,303,6,1,1,4,27,3,0,0,0,0,191,1,25,ar ARG,FW,Independiente,Copa de la Liga,30,1992,13.1,35,2.67,23,0,3,2,4,3,4,0.31,2,0,1,0,1,0,ar ARG,FW,Independiente,Copa de la Liga,30,1992,13.1,21,11,2,9,10,6,12,50.0,6,5,0,5,1,22,15,0,ar ARG,FW,Independiente,Copa de la Liga,30,1992,13.1,482,15,41,182,264,72,482,33,9,27.3,22,66.7,336,1723,678,28,21,14,41,15,359,101,ar ARG,FW,Independiente,Copa de la Liga,30,1992,14,"1,180",84,93.7,13.1,14,84,10,0,0,0,1.64,12,8,+4,+0.31,+0.31,16.1,8.8,+7.3,+0.56,+0.04,ar ARG,FW,Independiente,Copa de la Liga,30,1992,13.1,3,0,0,22,26,10,27,1,11,0,0,0,41,33,43,43.4
Ezequiel Cañete,ar ARG,MF,Banfield,Copa de la Liga,23,1999,12,11,780,8.7,0,0,0,0,0,0,1,0,0.5,0.5,0.3,0.8,7,38,12,0.00,0.00,0.00,0.00,0.00,0.06,0.04,0.09,0.06,0.09,ar ARG,MF,Banfield,Copa de la Liga,23,1999,8.7,0,13,5,38.5,1.50,0.58,0.00,0.00,23.7,2,0,0,0.5,0.5,0.04,-0.5,-0.5,ar ARG,MF,Banfield,Copa de la Liga,23,1999,8.7,238,333,71.5,4406,1382,99,127,78.0,96,124,77.4,35,62,56.5,0,0.3,0.7,-0.3,8,31,5,3,38,ar ARG,MF,Banfield,Copa de la Liga,23,1999,8.7,333,311,21,6,1,2,27,3,9,1,8,0,238,1,3,ar ARG,MF,Banfield,Copa de la Liga,23,1999,8.7,21,2.43,11,6,1,2,1,0,0,0.00,0,0,0,0,0,0,ar ARG,MF,Banfield,Copa de la Liga,23,1999,8.7,21,13,7,13,1,9,23,39.1,14,20,4,16,10,31,12,0,ar ARG,MF,Banfield,Copa de la Liga,23,1999,8.7,434,18,83,271,84,9,434,2,2,100.0,0,0.0,174,924,492,7,3,0,17,4,199,12,ar ARG,MF,Banfield,Copa de la Liga,23,1999,12,780,65,61.9,8.7,11,71,1,1,4,1,1.62,3,4,-1,-0.12,-1.24,5.5,6.8,-1.2,-0.14,-0.15,ar ARG,MF,Banfield,Copa de la Liga,23,1999,8.7,1,0,0,10,10,0,27,10,13,0,0,0,56,18,33,35.3
Ezequiel Cannavo,ar ARG,DF,Defensa y Just,Copa de la Liga,20,2002,1,0,23,0.3,0,0,0,0,0,0,0,0,0.0,0.0,0.0,0.0,0,0,0,0.00,0.00,0.00,0.00,0.00,0.00,0.00,0.00,0.00,0.00,ar ARG,DF,Defensa y Just,Copa de la Liga,20,2002,0.3,0,0,0,0,0.00,0.00,0,0,0,0,0,0,0.0,0.0,0,0.0,0.0,ar ARG,DF,Defensa y Just,Copa de la Liga,20,2002,0.3,1,1,100.0,11,0,1,1,100.0,0,0,0,0,0,0,0,0.0,0.0,0.0,0,0,0,0,0,ar ARG,DF,Defensa y Just,Copa de la Liga,20,2002,0.3,1,1,0,0,0,0,0,0,0,0,0,0,1,0,0,ar ARG,DF,Defensa y Just,Copa de la Liga,20,2002,0.3,0,0.00,0,0,0,0,0,0,0,0.00,0,0,0,0,0,0,ar ARG,DF,Defensa y Just,Copa de la Liga,20,2002,0.3,0,0,0,0,0,0,1,0.0,1,0,0,0,1,1,1,0,ar ARG,DF,Defensa y Just,Copa de la Liga,20,2002,0.3,4,1,3,1,0,0,4,0,0,0,0,0,2,8,2,0,0,0,0,0,1,0,ar ARG,DF,Defensa y Just,Copa de la Liga,20,2002,1,23,23,1.8,0.3,0,0,0,1,23,3,3.00,2,0,+2,+7.83,+8.26,0.9,0.2,+0.7,+2.88,+3.56,ar ARG,DF,Defensa y Just,Copa de la Liga,20,2002,0.3,0,0,0,0,0,0,0,1,0,0,0,0,0,1,1,50.0
Ramón Cansinos,ar ARG,FW,Cen. Córdoba–SdE,Copa de la Liga,20,2002,1,0,18,0.2,0,0,0,0,0,0,0,0,0.0,0.0,0.0,0.0,0,0,1,0.00,0.00,0.00,0.00,0.00,0.00,0.00,0.00,0.00,0.00,ar ARG,FW,Cen. Córdoba–SdE,Copa de la Liga,20,2002,0.2,0,0,0,0,0.00,0.00,0,0,0,0,0,0,0.0,0.0,0,0.0,0.0,ar ARG,FW,Cen. Córdoba–SdE,Copa de la Liga,20,2002,0.2,4,4,100.0,44,9,2,2,100.0,1,1,100.0,0,0,0,0,0.0,0.0,0.0,0,0,0,0,0,ar ARG,FW,Cen. Córdoba–SdE,Copa de la Liga,20,2002,0.2,4,3,1,0,0,0,0,1,0,0,0,0,4,0,0,ar ARG,FW,Cen. Córdoba–SdE,Copa de la Liga,20,2002,0.2,0,0.00,0,0,0,0,0,0,0,0.00,0,0,0,0,0,0,ar ARG,FW,Cen. Córdoba–SdE,Copa de la Liga,20,2002,0.2,1,0,0,1,0,1,1,100.0,0,1,0,1,0,1,0,0,ar ARG,FW,Cen. Córdoba–SdE,Copa de la Liga,20,2002,0.2,10,0,1,9,0,0,10,0,0,0,0,0,8,41,19,0,0,0,3,1,7,1,ar ARG,FW,Cen. Córdoba–SdE,Copa de la Liga,20,2002,1,18,18,1.4,0.2,0,0,0,1,18,2,0.00,0,0,0,0.00,+0.22,0.1,0.2,-0.1,-0.53,-0.60,ar ARG,FW,Cen. Córdoba–SdE,Copa de la Liga,20,2002,0.2,0,0,0,1,1,0,0,0,0,0,0,0,2,0,0,0
Alan Cantero,ar ARG,"FW,MF",Barracas Central,Copa de la Liga,24,1998,5,0,108,1.2,0,0,0,0,0,0,0,0,0.1,0.1,0.0,0.1,3,0,3,0.00,0.00,0.00,0.00,0.00,0.08,0.00,0.08,0.08,0.08,ar ARG,"FW,MF",Barracas Central,Copa de la Liga,24,1998,1.2,0,3,0,0.0,2.50,0.00,0.00,0,21.7,0,0,0,0.1,0.1,0.03,-0.1,-0.1,ar ARG,"FW,MF",Barracas Central,Copa de la Liga,24,1998,1.2,10,20,50.0,104,13,9,13,69.2,1,5,20.0,0,0,0,0,0.0,0.0,0.0,0,0,0,0,0,ar ARG,"FW,MF",Barracas Central,Copa de la Liga,24,1998,1.2,20,20,0,0,0,0,3,0,0,0,0,0,10,0,1,ar ARG,"FW,MF",Barracas Central,Copa de la Liga,24,1998,1.2,0,0.00,0,0,0,0,0,0,0,0.00,0,0,0,0,0,0,ar ARG,"FW,MF",Barracas Central,Copa de la Liga,24,1998,1.2,3,3,2,0,1,0,1,0.0,1,1,0,1,0,3,2,0,ar ARG,"FW,MF",Barracas Central,Copa de la Liga,24,1998,1.2,43,0,9,16,21,5,43,4,1,25.0,2,50.0,29,247,117,3,3,2,5,3,31,3,ar ARG,"FW,MF",Barracas Central,Copa de la Liga,24,1998,5,108,22,8.6,1.2,0,0,0,5,22,6,1.00,0,1,-1,-0.83,-0.05,0.7,1.8,-1.1,-0.94,-0.84,ar ARG,"FW,MF",Barracas Central,Copa de la Liga,24,1998,1.2,0,0,0,1,5,0,3,0,3,0,0,0,5,4,3,57.1
Gustavo Canto,ar ARG,DF,Cen. Córdoba–SdE,Copa de la Liga,28,1994,14,14,"1,215",13.5,0,0,0,0,0,0,4,0,0.2,0.2,0.1,0.4,16,77,22,0.00,0.00,0.00,0.00,0.00,0.02,0.01,0.03,0.02,0.03,ar ARG,DF,Cen. Córdoba–SdE,Copa de la Liga,28,1994,13.5,0,4,2,50.0,0.30,0.15,0.00,0.00,14.2,0,0,0,0.2,0.2,0.06,-0.2,-0.2,ar ARG,DF,Cen. Córdoba–SdE,Copa de la Liga,28,1994,13.5,514,709,72.5,9011,4247,231,263,87.8,234,299,78.3,42,113,37.2,0,0.1,0.2,-0.1,4,45,2,0,77,ar ARG,DF,Cen. Córdoba–SdE,Copa de la Liga,28,1994,13.5,709,632,74,21,0,8,16,53,0,0,0,0,514,3,15,ar ARG,DF,Cen. Córdoba–SdE,Copa de la Liga,28,1994,13.5,10,0.74,9,0,1,0,0,0,0,0.00,0,0,0,0,0,0,ar ARG,DF,Cen. Córdoba–SdE,Copa de la Liga,28,1994,13.5,39,29,25,12,2,23,32,71.9,9,22,9,13,24,63,52,0,ar ARG,DF,Cen. Córdoba–SdE,Copa de la Liga,28,1994,13.5,882,57,339,456,97,10,882,16,6,37.5,10,62.5,418,2481,1519,16,11,0,10,5,450,22,ar ARG,DF,Cen. Córdoba–SdE,Copa de la Liga,28,1994,14,"1,215",87,96.4,13.5,14,87,13,0,0,0,1.36,11,14,-3,-0.22,-0.22,10.9,10.0,+1.0,+0.07,+0.29,ar ARG,DF,Cen. Córdoba–SdE,Copa de la Liga,28,1994,13.5,4,0,0,19,10,1,16,24,29,0,0,1,102,37,20,64.9
Nicolás Capraro,ar ARG,DF,Barracas Central,Copa de la Liga,24,1998,13,12,"1,125",12.5,0,1,1,0,0,0,1,0,1.1,1.1,0.2,1.3,3,38,4,0.00,0.08,0.08,0.00,0.08,0.09,0.02,0.10,0.09,0.10,ar ARG,DF,Barracas Central,Copa de la Liga,24,1998,12.5,0,7,4,57.1,0.56,0.32,0.00,0.00,9.5,0,0,0,1.1,1.1,0.16,-1.1,-1.1,ar ARG,DF,Barracas Central,Copa de la Liga,24,1998,12.5,424,580,73.1,9093,4444,123,146,84.2,221,271,81.5,78,139,56.1,1,0.2,0.2,+0.8,3,27,3,0,38,ar ARG,DF,Barracas Central,Copa de la Liga,24,1998,12.5,580,544,35,27,1,7,6,8,0,0,0,0,424,1,12,ar ARG,DF,Barracas Central,Copa de la Liga,24,1998,12.5,11,0.88,9,0,0,1,0,1,1,0.08,1,0,0,0,0,0,ar ARG,DF,Barracas Central,Copa de la Liga,24,1998,12.5,40,18,24,16,0,19,33,57.6,14,15,3,12,24,64,32,0,ar ARG,DF,Barracas Central,Copa de la Liga,24,1998,12.5,723,50,337,359,33,12,723,8,6,75.0,1,12.5,352,1611,949,3,4,0,12,5,397,4,ar ARG,DF,Barracas Central,Copa de la Liga,24,1998,13,"1,125",87,89.3,12.5,12,90,12,1,45,1,1.08,9,18,-9,-0.72,+0.61,9.2,12.4,-3.1,-0.25,-0.70,ar ARG,DF,Barracas Central,Copa de la Liga,24,1998,12.5,1,0,0,15,13,1,6,24,18,0,0,0,99,18,20,47.4
Johan Carbonero,co COL,FW,Racing Club,Copa de la Liga,23,1999,1,0,6,0.1,0,0,0,0,0,0,0,0,0.1,0.1,0.0,0.1,0,1,3,0.00,0.00,0.00,0.00,0.00,0.81,0.00,0.81,0.81,0.81,co COL,FW,Racing Club,Copa de la Liga,23,1999,0.1,0,1,0,0.0,15.00,0.00,0.00,0,9.8,0,0,0,0.1,0.1,0.06,-0.1,-0.1,co COL,FW,Racing Club,Copa de la Liga,23,1999,0.1,2,4,50.0,33,15,1,2,50.0,1,1,100.0,0,0,0,0,0.0,0.0,0.0,0,0,0,0,1,co COL,FW,Racing Club,Copa de la Liga,23,1999,0.1,4,4,0,0,0,0,1,0,0,0,0,0,2,0,1,co COL,FW,Racing Club,Copa de la Liga,23,1999,0.1,0,0.00,0,0,0,0,0,0,0,0.00,0,0,0,0,0,0,co COL,FW,Racing Club,Copa de la Liga,23,1999,0.1,0,0,0,0,0,0,0,0,0,0,0,0,0,0,0,0,co COL,FW,Racing Club,Copa de la Liga,23,1999,0.1,6,0,1,0,5,2,6,0,0,0,0,0,4,30,14,0,0,0,0,0,3,3,co COL,FW,Racing Club,Copa de la Liga,23,1999,1,6,6,0.5,0.1,0,0,0,1,6,0,1.00,0,1,-1,-15.00,-15.50,0.1,0.2,-0.1,-1.48,-1.57,co COL,FW,Racing Club,Copa de la Liga,23,1999,0.1,0,0,0,0,0,0,1,0,0,0,0,0,1,0,0,0
Tomás Cardona,ar ARG,DF,Defensa y Just,Copa de la Liga,27,1995,7,6,521,5.8,1,0,1,0,1,1,3,0,0.9,0.1,0.1,0.2,6,33,1,0.17,0.00,0.17,0.00,0.00,0.16,0.01,0.17,0.02,0.03,ar ARG,DF,Defensa y Just,Copa de la Liga,27,1995,5.8,1,2,1,50.0,0.35,0.17,0.00,0.00,22.2,0,1,1,0.9,0.1,0.07,+0.1,-0.1,ar ARG,DF,Defensa y Just,Copa de la Liga,27,1995,5.8,227,289,78.5,5386,2486,61,70,87.1,111,130,85.4,54,84,64.3,0,0.1,0.1,-0.1,1,29,0,0,33,ar ARG,DF,Defensa y Just,Copa de la Liga,27,1995,5.8,289,277,12,11,0,10,0,1,0,0,0,0,227,0,1,ar ARG,DF,Defensa y Just,Copa de la Liga,27,1995,5.8,2,0.35,2,0,0,0,0,0,0,0.00,0,0,0,0,0,0,ar ARG,DF,Defensa y Just,Copa de la Liga,27,1995,5.8,4,4,4,0,0,2,3,66.7,1,7,6,1,10,14,44,0,ar ARG,DF,Defensa y Just,Copa de la Liga,27,1995,5.8,359,64,189,165,7,3,358,3,3,100.0,0,0.0,207,1397,979,6,1,0,2,0,202,1,ar ARG,DF,Defensa y Just,Copa de la Liga,27,1995,7,521,74,41.3,5.8,6,84,5,1,16,3,0.86,5,9,-4,-0.69,-0.69,5.7,10.3,-4.6,-0.80,-0.33,ar ARG,DF,Defensa y Just,Copa de la Liga,27,1995,5.8,3,0,0,7,2,1,0,10,4,0,0,0,34,16,15,51.6
Agustín Cardozo,ar ARG,MF,Tigre,Copa de la Liga,25,1997,10,6,602,6.7,0,1,1,0,0,0,0,0,0.1,0.1,0.1,0.1,6,23,0,0.00,0.15,0.15,0.00,0.15,0.01,0.01,0.02,0.01,0.02,ar ARG,MF,Tigre,Copa de la Liga,25,1997,6.7,0,3,1,33.3,0.45,0.15,0.00,0.00,29.8,0,0,0,0.1,0.1,0.02,-0.1,-0.1,ar ARG,MF,Tigre,Copa de la Liga,25,1997,6.7,240,288,83.3,3978,1307,117,135,86.7,107,115,93.0,14,24,58.3,1,0.1,0.2,+0.9,4,14,2,0,23,ar ARG,MF,Tigre,Copa de la Liga,25,1997,6.7,288,278,10,10,1,0,1,0,0,0,0,0,240,0,3,ar ARG,MF,Tigre,Copa de la Liga,25,1997,6.7,15,2.24,9,1,1,0,2,2,2,0.30,2,0,0,0,0,0,ar ARG,MF,Tigre,Copa de la Liga,25,1997,6.7,14,7,6,7,1,8,15,53.3,7,8,2,6,7,21,9,0,ar ARG,MF,Tigre,Copa de la Liga,25,1997,6.7,338,15,91,233,19,0,338,7,6,85.7,0,0.0,171,945,501,6,4,0,5,3,183,0,ar ARG,MF,Tigre,Copa de la Liga,25,1997,10,602,60,47.8,6.7,6,89,5,4,17,4,1.20,6,5,+1,+0.15,+0.97,5.6,4.6,+0.9,+0.14,-0.07,ar ARG,MF,Tigre,Copa de la Liga,25,1997,6.7,0,0,0,7,7,0,1,7,7,0,0,0,59,13,8,61.9
Ángel Cardozo,py PAR,MF,Colón,Copa de la Liga,28,1994,10,6,514,5.7,0,0,0,0,0,0,1,0,0.2,0.2,0.1,0.3,3,27,5,0.00,0.00,0.00,0.00,0.00,0.03,0.02,0.05,0.03,0.05,py PAR,MF,Colón,Copa de la Liga,28,1994,5.7,0,4,1,25.0,0.70,0.18,0.00,0.00,20.9,0,0,0,0.2,0.2,0.04,-0.2,-0.2,py PAR,MF,Colón,Copa de la Liga,28,1994,5.7,236,282,83.7,4107,1367,105,113,92.9,99,115,86.1,23,40,57.5,0,0.1,0.3,-0.1,5,29,5,1,27,py PAR,MF,Colón,Copa de la Liga,28,1994,5.7,282,269,12,11,1,2,2,1,0,0,0,0,236,1,4,py PAR,MF,Colón,Copa de la Liga,28,1994,5.7,13,2.28,13,0,0,0,0,0,3,0.53,3,0,0,0,0,0,py PAR,MF,Colón,Copa de la Liga,28,1994,5.7,15,8,7,8,0,9,19,47.4,10,12,4,8,7,22,12,0,py PAR,MF,Colón,Copa de la Liga,28,1994,5.7,349,8,85,239,28,3,349,2,0,0.0,2,100.0,175,715,321,3,1,0,6,5,214,5,py PAR,MF,Colón,Copa de la Liga,28,1994,10,514,51,40.8,5.7,6,71,1,4,23,1,1.40,7,7,0,0.00,-0.24,8.0,6.9,+1.1,+0.18,+0.09,py PAR,MF,Colón,Copa de la Liga,28,1994,5.7,1,0,0,11,11,0,2,7,8,0,0,0,36,5,10,33.3
Facundo Cardozo,ar ARG,DF,Arsenal,Copa de la Liga,27,1995,3,2,161,1.8,0,0,0,0,0,0,0,0,0.0,0.0,0.0,0.0,2,6,2,0.00,0.00,0.00,0.00,0.00,0.02,0.00,0.02,0.02,0.02,ar ARG,DF,Arsenal,Copa de la Liga,27,1995,1.8,0,1,0,0.0,0.56,0.00,0.00,0,11.1,0,0,0,0.0,0.0,0.03,0.0,0.0,ar ARG,DF,Arsenal,Copa de la Liga,27,1995,1.8,41,66,62.1,807,290,16,19,84.2,19,24,79.2,6,18,33.3,0,0.0,0.0,0.0,0,2,1,0,6,ar ARG,DF,Arsenal,Copa de la Liga,27,1995,1.8,66,62,4,3,0,0,2,1,0,0,0,0,41,0,3,ar ARG,DF,Arsenal,Copa de la Liga,27,1995,1.8,2,1.12,2,0,0,0,0,0,1,0.56,1,0,0,0,0,0,ar ARG,DF,Arsenal,Copa de la Liga,27,1995,1.8,4,4,1,2,1,2,2,100.0,0,1,1,0,4,8,7,1,ar ARG,DF,Arsenal,Copa de la Liga,27,1995,1.8,85,9,34,42,11,2,85,5,5,100.0,0,0.0,38,220,93,2,3,0,3,1,38,2,ar ARG,DF,Arsenal,Copa de la Liga,27,1995,3,161,54,12.8,1.8,2,75,1,1,11,10,1.00,4,4,0,0.00,+0.41,2.9,1.8,+1.1,+0.59,+0.77,ar ARG,DF,Arsenal,Copa de la Liga,27,1995,1.8,0,0,0,2,1,0,2,4,4,0,0,0,13,9,3,75.0
Julian Carrasco,ar ARG,"MF,FW",Atlé Tucumán,Copa de la Liga,20,2002,4,0,51,0.6,0,0,0,0,0,0,0,0,0.3,0.3,0.0,0.3,1,2,9,0.00,0.00,0.00,0.00,0.00,0.56,0.00,0.56,0.56,0.56,ar ARG,"MF,FW",Atlé Tucumán,Copa de la Liga,20,2002,0.6,0,2,1,50.0,3.53,1.76,0.00,0.00,14.0,0,0,0,0.3,0.3,0.16,-0.3,-0.3,ar ARG,"MF,FW",Atlé Tucumán,Copa de la Liga,20,2002,0.6,18,24,75.0,233,39,13,16,81.3,4,5,80.0,0,2,0.0,0,0.0,0.0,0.0,0,0,0,0,2,ar ARG,"MF,FW",Atlé Tucumán,Copa de la Liga,20,2002,0.6,24,24,0,0,0,1,2,0,0,0,0,0,18,0,0,ar ARG,"MF,FW",Atlé Tucumán,Copa de la Liga,20,2002,0.6,0,0.00,0,0,0,0,0,0,0,0.00,0,0,0,0,0,0,ar ARG,"MF,FW",Atlé Tucumán,Copa de la Liga,20,2002,0.6,1,0,0,0,1,0,1,0.0,1,1,0,1,1,2,0,0,ar ARG,"MF,FW",Atlé Tucumán,Copa de la Liga,20,2002,0.6,37,0,6,16,16,2,37,1,0,0.0,1,100.0,28,125,56,1,5,0,5,3,31,9,ar ARG,"MF,FW",Atlé Tucumán,Copa de la Liga,20,2002,4,51,13,4.0,0.6,0,0,0,4,13,8,0.25,0,1,-1,-1.76,-1.62,1.2,1.5,-0.3,-0.55,-0.60,ar ARG,"MF,FW",Atlé Tucumán,Copa de la Liga,20,2002,0.6,0,0,0,1,1,0,2,1,0,0,0,0,5,2,2,50.0
Ramiro Carrera,ar ARG,MF,Atlé Tucumán,Copa de la Liga,29,1993,10,9,688,7.6,1,1,2,1,0,0,5,1,0.8,0.8,0.9,1.7,19,36,23,0.13,0.13,0.26,0.13,0.26,0.10,0.12,0.22,0.10,0.22,ar ARG,MF,Atlé Tucumán,Copa de la Liga,29,1993,7.6,1,15,4,26.7,1.96,0.52,0.07,0.25,27.3,1,0,0,0.8,0.8,0.05,+0.2,+0.2,ar ARG,MF,Atlé Tucumán,Copa de la Liga,29,1993,7.6,177,300,59.0,3074,1331,81,108,75.0,69,109,63.3,21,55,38.2,1,0.9,1.0,+0.1,13,28,7,1,36,ar ARG,MF,Atlé Tucumán,Copa de la Liga,29,1993,7.6,300,266,33,11,4,1,38,4,17,5,11,1,177,1,12,ar ARG,MF,Atlé Tucumán,Copa de la Liga,29,1993,7.6,23,3.01,16,4,2,0,1,0,1,0.13,1,0,0,0,0,0,ar ARG,MF,Atlé Tucumán,Copa de la Liga,29,1993,7.6,19,9,5,11,3,4,10,40.0,6,8,1,7,3,22,10,0,ar ARG,MF,Atlé Tucumán,Copa de la Liga,29,1993,7.6,414,9,63,217,137,14,414,17,8,47.1,8,47.1,223,1303,628,19,16,2,24,16,254,23,ar ARG,MF,Atlé Tucumán,Copa de la Liga,29,1993,10,688,69,54.6,7.6,9,71,0,1,45,0,1.30,6,3,+3,+0.39,+1.34,7.1,6.3,+0.9,+0.11,+0.20,ar ARG,MF,Atlé Tucumán,Copa de la Liga,29,1993,7.6,5,1,1,16,13,1,38,3,9,0,0,0,44,21,24,46.7
Guido Carrillo,ar ARG,FW,Estudiantes–LP,Copa de la Liga,31,1991,4,2,228,2.5,1,1,2,1,0,0,0,0,0.2,0.2,0.4,0.7,3,5,17,0.39,0.39,0.79,0.39,0.79,0.09,0.17,0.26,0.09,0.26,ar ARG,FW,Estudiantes–LP,Copa de la Liga,31,1991,2.5,1,3,1,33.3,1.18,0.39,0.33,1.00,12.4,0,0,0,0.2,0.2,0.07,+0.8,+0.8,ar ARG,FW,Estudiantes–LP,Copa de la Liga,31,1991,2.5,56,80,70.0,768,81,34,41,82.9,12,22,54.5,3,3,100.0,1,0.4,0.2,+0.6,8,2,1,0,5,ar ARG,FW,Estudiantes–LP,Copa de la Liga,31,1991,2.5,80,76,4,0,0,2,1,0,0,0,0,0,56,0,2,ar ARG,FW,Estudiantes–LP,Copa de la Liga,31,1991,2.5,10,3.93,8,0,0,0,1,1,1,0.39,1,0,0,0,0,0,ar ARG,FW,Estudiantes–LP,Copa de la Liga,31,1991,2.5,3,3,0,2,1,1,1,100.0,0,1,0,1,0,3,6,0,ar ARG,FW,Estudiantes–LP,Copa de la Liga,31,1991,2.5,110,5,7,60,44,8,110,7,3,42.9,4,57.1,58,243,84,3,0,2,9,6,90,17,ar ARG,FW,Estudiantes–LP,Copa de la Liga,31,1991,4,228,57,18.1,2.5,2,80,0,2,35,2,2.50,4,2,+2,+0.79,+1.14,3.9,2.1,+1.8,+0.71,+0.46,ar ARG,FW,Estudiantes–LP,Copa de la Liga,31,1991,2.5,0,0,0,4,2,1,1,0,3,0,0,0,5,17,11,60.7
Lucas Carrizo,ar ARG,"DF,MF",Huracán,Copa de la Liga,25,1997,12,12,"1,079",12.0,0,0,0,0,0,0,2,1,0.2,0.2,0.3,0.5,14,61,10,0.00,0.00,0.00,0.00,0.00,0.02,0.03,0.04,0.02,0.04,ar ARG,"DF,MF",Huracán,Copa de la Liga,25,1997,12.0,0,9,0,0.0,0.75,0.00,0.00,0,28.0,1,0,0,0.2,0.2,0.02,-0.2,-0.2,ar ARG,"DF,MF",Huracán,Copa de la Liga,25,1997,12.0,581,777,74.8,12707,5364,189,220,85.9,273,316,86.4,112,213,52.6,0,0.3,0.7,-0.3,12,63,11,6,61,ar ARG,"DF,MF",Huracán,Copa de la Liga,25,1997,12.0,777,660,111,46,0,18,29,37,11,2,9,0,581,6,11,ar ARG,"DF,MF",Huracán,Copa de la Liga,25,1997,12.0,20,1.67,10,5,0,3,1,1,1,0.08,0,0,0,0,0,1,ar ARG,"DF,MF",Huracán,Copa de la Liga,25,1997,12.0,44,26,29,13,2,24,34,70.6,10,24,9,15,16,60,44,1,ar ARG,"DF,MF",Huracán,Copa de la Liga,25,1997,12.0,930,94,436,434,72,1,930,12,6,50.0,6,50.0,452,2452,1599,14,12,0,9,5,517,10,ar ARG,"DF,MF",Huracán,Copa de la Liga,25,1997,12,"1,079",90,85.6,12.0,12,90,11,0,0,0,1.85,16,7,+9,+0.75,+1.25,10.6,11.6,-1.0,-0.09,-0.27,ar ARG,"DF,MF",Huracán,Copa de la Liga,25,1997,12.0,2,1,0,22,16,0,29,16,26,0,0,0,107,17,16,51.5
Milton Casco,ar ARG,DF,River Plate,Copa de la Liga,34,1988,10,10,749,8.3,0,0,0,0,0,0,2,0,0.2,0.2,0.4,0.6,12,50,58,0.00,0.00,0.00,0.00,0.00,0.02,0.05,0.07,0.02,0.07,ar ARG,DF,River Plate,Copa de la Liga,34,1988,8.3,0,3,1,33.3,0.36,0.12,0.00,0.00,17.9,0,0,0,0.2,0.2,0.05,-0.2,-0.2,ar ARG,DF,River Plate,Copa de la Liga,34,1988,8.3,463,572,80.9,7559,2687,233,259,90.0,188,239,78.7,33,55,60.0,0,0.4,0.8,-0.4,10,44,13,6,50,ar ARG,DF,River Plate,Copa de la Liga,34,1988,8.3,572,497,73,7,0,3,25,66,0,0,0,0,463,2,4,ar ARG,DF,River Plate,Copa de la Liga,34,1988,8.3,23,2.76,22,1,0,0,0,0,2,0.24,2,0,0,0,0,0,ar ARG,DF,River Plate,Copa de la Liga,34,1988,8.3,10,6,7,1,2,3,10,30.0,7,1,0,1,4,14,10,0,ar ARG,DF,River Plate,Copa de la Liga,34,1988,8.3,618,16,141,309,171,10,618,11,8,72.7,2,18.2,354,1279,734,12,10,0,8,6,425,58,ar ARG,DF,River Plate,Copa de la Liga,34,1988,10,749,75,59.4,8.3,10,75,5,0,0,3,1.70,15,10,+5,+0.60,+0.07,12.6,6.1,+6.5,+0.78,+0.40,ar ARG,DF,River Plate,Copa de la Liga,34,1988,8.3,2,0,0,12,7,0,25,4,6,0,1,0,47,7,6,53.8
Santiago Cáseres,ar ARG,MF,Vélez Sarsfield,Copa de la Liga,25,1997,7,4,300,3.3,0,0,0,0,0,0,3,0,0.0,0.0,0.0,0.0,2,15,0,0.00,0.00,0.00,0.00,0.00,0.00,0.01,0.01,0.00,0.01,ar ARG,MF,Vélez Sarsfield,Copa de la Liga,25,1997,3.3,0,0,0,0,0.00,0.00,0,0,0,0,0,0,0.0,0.0,0,0.0,0.0,ar ARG,MF,Vélez Sarsfield,Copa de la Liga,25,1997,3.3,157,179,87.7,3217,857,43,49,87.8,94,102,92.2,19,25,76.0,0,0.0,0.0,0.0,2,8,0,0,15,ar ARG,MF,Vélez Sarsfield,Copa de la Liga,25,1997,3.3,179,170,9,9,0,2,1,0,0,0,0,0,157,0,0,ar ARG,MF,Vélez Sarsfield,Copa de la Liga,25,1997,3.3,4,1.20,4,0,0,0,0,0,0,0.00,0,0,0,0,0,0,ar ARG,MF,Vélez Sarsfield,Copa de la Liga,25,1997,3.3,7,4,4,2,1,6,8,75.0,2,4,0,4,1,8,9,0,ar ARG,MF,Vélez Sarsfield,Copa de la Liga,25,1997,3.3,203,11,68,133,6,0,203,2,2,100.0,0,0.0,116,650,323,2,1,0,2,0,115,0,ar ARG,MF,Vélez Sarsfield,Copa de la Liga,25,1997,7,300,43,23.8,3.3,4,67,0,3,10,4,1.29,6,3,+3,+0.90,+0.90,2.3,2.2,0.0,+0.01,+0.17,ar ARG,MF,Vélez Sarsfield,Copa de la Liga,25,1997,3.3,3,0,0,7,1,0,1,1,4,0,0,0,25,14,5,73.7
Gonzalo Castellani,ar ARG,"MF,DF",Defensa y Just,Copa de la Liga,35,1987,11,3,431,4.8,0,0,0,0,0,0,3,0,0.1,0.1,0.1,0.2,10,36,5,0.00,0.00,0.00,0.00,0.00,0.02,0.02,0.03,0.02,0.03,ar ARG,"MF,DF",Defensa y Just,Copa de la Liga,35,1987,4.8,0,2,1,50.0,0.42,0.21,0.00,0.00,25.2,0,0,0,0.1,0.1,0.04,-0.1,-0.1,ar ARG,"MF,DF",Defensa y Just,Copa de la Liga,35,1987,4.8,272,330,82.4,4718,1279,117,132,88.6,122,134,91.0,27,39,69.2,0,0.1,0.3,-0.1,3,25,6,1,36,ar ARG,"MF,DF",Defensa y Just,Copa de la Liga,35,1987,4.8,330,303,26,20,0,2,4,6,0,0,0,0,272,1,9,ar ARG,"MF,DF",Defensa y Just,Copa de la Liga,35,1987,4.8,9,1.88,5,1,1,1,0,1,0,0.00,0,0,0,0,0,0,ar ARG,"MF,DF",Defensa y Just,Copa de la Liga,35,1987,4.8,13,7,5,7,1,8,16,50.0,8,8,1,7,5,18,5,0,ar ARG,"MF,DF",Defensa y Just,Copa de la Liga,35,1987,4.8,383,5,77,258,52,4,383,8,5,62.5,2,25.0,203,1185,623,10,5,1,11,6,261,5,ar ARG,"MF,DF",Defensa y Just,Copa de la Liga,35,1987,11,431,39,34.2,4.8,3,75,1,8,26,2,1.09,6,6,0,0.00,+0.43,4.5,7.5,-3.0,-0.63,-0.03,ar ARG,"MF,DF",Defensa y Just,Copa de la Liga,35,1987,4.8,3,0,0,13,12,0,4,5,7,0,0,0,40,5,6,45.5
Rodrigo Castillo,ar ARG,"FW,MF",Gimnasia–LP,Copa de la Liga,23,1999,4,0,25,0.3,0,0,0,0,0,0,0,0,0.0,0.0,0.0,0.0,0,0,3,0.00,0.00,0.00,0.00,0.00,0.00,0.00,0.00,0.00,0.00,ar ARG,"FW,MF",Gimnasia–LP,Copa de la Liga,23,1999,0.3,0,0,0,0,0.00,0.00,0,0,0,0,0,0,0.0,0.0,0,0.0,0.0,ar ARG,"FW,MF",Gimnasia–LP,Copa de la Liga,23,1999,0.3,7,10,70.0,73,0,5,7,71.4,1,1,100.0,0,0,0,0,0.0,0.0,0.0,0,0,0,0,0,ar ARG,"FW,MF",Gimnasia–LP,Copa de la Liga,23,1999,0.3,10,9,1,0,0,0,0,0,0,0,0,0,7,0,0,ar ARG,"FW,MF",Gimnasia–LP,Copa de la Liga,23,1999,0.3,1,3.60,0,0,0,0,1,0,0,0.00,0,0,0,0,0,0,ar ARG,"FW,MF",Gimnasia–LP,Copa de la Liga,23,1999,0.3,0,0,0,0,0,0,0,0,0,0,0,0,1,1,3,0,ar ARG,"FW,MF",Gimnasia–LP,Copa de la Liga,23,1999,0.3,18,2,2,10,6,0,18,2,0,0.0,1,50.0,10,30,11,0,0,0,2,1,12,3,ar ARG,"FW,MF",Gimnasia–LP,Copa de la Liga,23,1999,4,25,6,2.0,0.3,0,0,0,4,6,5,0.00,1,3,-2,-7.20,-6.76,0.2,0.7,-0.5,-1.95,-1.74,ar ARG,"FW,MF",Gimnasia–LP,Copa de la Liga,23,1999,0.3,0,0,0,2,1,0,0,1,0,0,0,0,0,1,1,50.0
Alexis Castro,ar ARG,"MF,FW",Tigre,Copa de la Liga,28,1994,11,7,661,7.3,0,1,1,0,0,0,0,0,1.3,1.3,0.8,2.1,16,31,49,0.00,0.14,0.14,0.00,0.14,0.18,0.11,0.29,0.18,0.29,ar ARG,"MF,FW",Tigre,Copa de la Liga,28,1994,7.3,0,18,3,16.7,2.45,0.41,0.00,0.00,19.3,3,0,0,1.3,1.3,0.07,-1.3,-1.3,ar ARG,"MF,FW",Tigre,Copa de la Liga,28,1994,7.3,239,346,69.1,3939,1398,133,155,85.8,73,121,60.3,27,53,50.9,1,0.8,1.1,+0.2,17,26,4,2,31,ar ARG,"MF,FW",Tigre,Copa de la Liga,28,1994,7.3,346,311,32,14,0,1,42,3,15,0,15,0,239,3,3,ar ARG,"MF,FW",Tigre,Copa de la Liga,28,1994,7.3,31,4.22,14,10,2,1,2,2,1,0.14,0,1,0,0,0,0,ar ARG,"MF,FW",Tigre,Copa de la Liga,28,1994,7.3,21,14,9,11,1,8,17,47.1,9,11,1,10,3,24,2,0,ar ARG,"MF,FW",Tigre,Copa de la Liga,28,1994,7.3,438,4,50,221,175,27,438,31,21,67.7,8,25.8,224,1077,535,16,13,0,10,6,266,49,ar ARG,"MF,FW",Tigre,Copa de la Liga,28,1994,11,661,60,52.5,7.3,7,80,3,4,25,2,0.73,2,8,-6,-0.82,-0.97,7.2,5.5,+1.8,+0.24,+0.13,ar ARG,"MF,FW",Tigre,Copa de la Liga,28,1994,7.3,0,0,0,16,7,0,42,3,14,0,0,0,50,13,9,59.1
Lucas Castro,ar ARG,"MF,FW",Gimnasia–LP,Copa de la Liga,33,1989,13,1,234,2.6,0,1,1,0,0,0,2,0,0.3,0.3,0.5,0.7,5,19,12,0.00,0.38,0.38,0.00,0.38,0.11,0.18,0.29,0.11,0.29,ar ARG,"MF,FW",Gimnasia–LP,Copa de la Liga,33,1989,2.6,0,2,1,50.0,0.77,0.38,0.00,0.00,22.2,0,0,0,0.3,0.3,0.14,-0.3,-0.3,ar ARG,"MF,FW",Gimnasia–LP,Copa de la Liga,33,1989,2.6,90,143,62.9,1241,435,56,66,84.8,25,41,61.0,5,22,22.7,1,0.5,0.4,+0.5,3,10,3,2,19,ar ARG,"MF,FW",Gimnasia–LP,Copa de la Liga,33,1989,2.6,143,138,4,0,1,0,9,2,0,0,0,0,90,1,8,ar ARG,"MF,FW",Gimnasia–LP,Copa de la Liga,33,1989,2.6,6,2.31,3,0,1,2,0,0,1,0.38,1,0,0,0,0,0,ar ARG,"MF,FW",Gimnasia–LP,Copa de la Liga,33,1989,2.6,15,6,4,9,2,9,12,75.0,3,4,0,4,4,19,2,0,ar ARG,"MF,FW",Gimnasia–LP,Copa de la Liga,33,1989,2.6,198,6,32,114,55,4,198,15,7,46.7,8,53.3,111,436,195,5,2,0,13,5,116,12,ar ARG,"MF,FW",Gimnasia–LP,Copa de la Liga,33,1989,13,234,18,18.6,2.6,1,54,0,12,15,1,1.15,2,7,-5,-1.92,-1.66,2.5,3.8,-1.3,-0.50,-0.32,ar ARG,"MF,FW",Gimnasia–LP,Copa de la Liga,33,1989,2.6,2,0,0,8,9,0,9,4,6,0,0,0,32,7,6,53.8
Nicolás Castro,ar ARG,MF,Platense,Copa de la Liga,32,1990,13,12,"1,011",11.2,2,0,2,1,1,1,3,0,1.7,0.9,0.3,1.3,8,37,26,0.18,0.00,0.18,0.09,0.09,0.15,0.03,0.18,0.08,0.11,ar ARG,MF,Platense,Copa de la Liga,32,1990,11.2,2,19,7,36.8,1.69,0.62,0.05,0.14,21.1,2,1,1,1.7,0.9,0.05,+0.3,+0.1,ar ARG,MF,Platense,Copa de la Liga,32,1990,11.2,211,336,62.8,3710,1279,100,133,75.2,75,112,67.0,26,57,45.6,0,0.3,0.4,-0.3,6,29,4,1,37,ar ARG,MF,Platense,Copa de la Liga,32,1990,11.2,336,321,15,6,0,4,20,1,4,0,4,0,211,0,10,ar ARG,MF,Platense,Copa de la Liga,32,1990,11.2,28,2.49,19,2,1,2,3,1,2,0.18,1,0,0,1,0,0,ar ARG,MF,Platense,Copa de la Liga,32,1990,11.2,31,20,8,20,3,14,27,51.9,13,20,4,16,11,42,12,0,ar ARG,MF,Platense,Copa de la Liga,32,1990,11.2,497,17,79,282,141,20,496,29,9,31.0,14,48.3,194,910,307,8,12,0,23,8,234,26,ar ARG,MF,Platense,Copa de la Liga,32,1990,13,"1,011",78,80.2,11.2,12,81,4,1,45,0,1.38,12,10,+2,+0.18,+1.99,10.1,9.9,+0.1,+0.01,+0.89,ar ARG,MF,Platense,Copa de la Liga,32,1990,11.2,3,0,0,14,11,1,20,11,20,0,0,0,75,11,15,42.3
Santiago Castro,ar ARG,"FW,MF",Vélez Sarsfield,Copa de la Liga,18,2004,14,12,960,10.7,6,0,6,6,0,0,4,0,2.9,2.9,0.5,3.4,16,13,58,0.56,0.00,0.56,0.56,0.56,0.27,0.05,0.32,0.27,0.32,ar ARG,"FW,MF",Vélez Sarsfield,Copa de la Liga,18,2004,10.7,6,25,11,44.0,2.34,1.03,0.24,0.55,15.1,0,0,0,2.9,2.9,0.12,+3.1,+3.1,ar ARG,"FW,MF",Vélez Sarsfield,Copa de la Liga,18,2004,10.7,118,185,63.8,1941,249,66,99,66.7,38,55,69.1,10,16,62.5,0,0.5,0.5,-0.5,11,9,1,0,13,ar ARG,"FW,MF",Vélez Sarsfield,Copa de la Liga,18,2004,10.7,185,179,5,1,0,5,10,1,0,0,0,0,118,1,4,ar ARG,"FW,MF",Vélez Sarsfield,Copa de la Liga,18,2004,10.7,21,1.97,15,0,1,0,4,1,0,0.00,0,0,0,0,0,0,ar ARG,"FW,MF",Vélez Sarsfield,Copa de la Liga,18,2004,10.7,11,7,5,5,1,2,5,40.0,3,6,0,6,3,14,15,0,ar ARG,"FW,MF",Vélez Sarsfield,Copa de la Liga,18,2004,10.7,339,11,36,159,151,42,339,26,7,26.9,18,69.2,205,1185,397,16,13,4,37,18,236,58,ar ARG,"FW,MF",Vélez Sarsfield,Copa de la Liga,18,2004,14,960,69,76.2,10.7,12,77,4,2,16,0,1.57,16,10,+6,+0.56,+1.46,8.0,9.2,-1.2,-0.11,+0.06,ar ARG,"FW,MF",Vélez Sarsfield,Copa de la Liga,18,2004,10.7,4,0,0,30,18,8,10,3,7,0,0,0,49,24,37,39.3
Tomás Castro,ar ARG,MF,Atlé Tucumán,Copa de la Liga,21,2001,7,1,135,1.5,0,0,0,0,0,0,1,0,0.0,0.0,0.0,0.0,1,2,8,0.00,0.00,0.00,0.00,0.00,0.00,0.01,0.01,0.00,0.01,ar ARG,MF,Atlé Tucumán,Copa de la Liga,21,2001,1.5,0,0,0,0,0.00,0.00,0,0,0,0,0,0,0.0,0.0,0,0.0,0.0,ar ARG,MF,Atlé Tucumán,Copa de la Liga,21,2001,1.5,22,33,66.7,269,91,18,21,85.7,3,5,60.0,1,5,20.0,0,0.0,0.0,0.0,1,4,0,0,2,ar ARG,MF,Atlé Tucumán,Copa de la Liga,21,2001,1.5,33,32,1,0,0,0,1,1,0,0,0,0,22,0,1,ar ARG,MF,Atlé Tucumán,Copa de la Liga,21,2001,1.5,1,0.66,1,0,0,0,0,0,0,0.00,0,0,0,0,0,0,ar ARG,MF,Atlé Tucumán,Copa de la Liga,21,2001,1.5,1,1,1,0,0,0,7,0.0,7,4,1,3,0,1,4,0,ar ARG,MF,Atlé Tucumán,Copa de la Liga,21,2001,1.5,52,7,15,23,15,2,52,5,2,40.0,3,60.0,26,136,26,1,1,0,3,3,22,8,ar ARG,MF,Atlé Tucumán,Copa de la Liga,21,2001,7,135,19,10.7,1.5,1,55,0,6,13,3,1.29,0,4,-4,-2.67,-2.75,1.0,2.4,-1.4,-0.92,-1.06,ar ARG,MF,Atlé Tucumán,Copa de la Liga,21,2001,1.5,1,0,0,5,0,0,1,0,1,0,0,0,8,7,4,63.6
Tomas Castro,ar ARG,"MF,FW",Belgrano,Copa de la Liga,20,2002,3,0,46,0.5,0,0,0,0,0,0,1,0,0.0,0.0,0.0,0.0,2,3,0,0.00,0.00,0.00,0.00,0.00,0.00,0.00,0.00,0.00,0.00,ar ARG,"MF,FW",Belgrano,Copa de la Liga,20,2002,0.5,0,0,0,0,0.00,0.00,0,0,0,0,0,0,0.0,0.0,0,0.0,0.0,ar ARG,"MF,FW",Belgrano,Copa de la Liga,20,2002,0.5,11,15,73.3,211,64,5,6,83.3,4,6,66.7,2,3,66.7,0,0.0,0.0,0.0,0,1,0,0,3,ar ARG,"MF,FW",Belgrano,Copa de la Liga,20,2002,0.5,15,14,1,0,0,0,0,1,0,0,0,0,11,0,0,ar ARG,"MF,FW",Belgrano,Copa de la Liga,20,2002,0.5,0,0.00,0,0,0,0,0,0,0,0.00,0,0,0,0,0,0,ar ARG,"MF,FW",Belgrano,Copa de la Liga,20,2002,0.5,2,1,0,1,1,2,2,100.0,0,1,0,1,1,3,3,0,ar ARG,"MF,FW",Belgrano,Copa de la Liga,20,2002,0.5,25,3,6,15,4,0,25,2,1,50.0,1,50.0,8,87,60,2,0,0,0,0,10,0,ar ARG,"MF,FW",Belgrano,Copa de la Liga,20,2002,3,46,15,3.7,0.5,0,0,0,3,15,1,1.67,0,1,-1,-1.96,-2.18,0.3,0.6,-0.3,-0.59,-0.34,ar ARG,"MF,FW",Belgrano,Copa de la Liga,20,2002,0.5,1,0,0,2,0,0,0,1,1,0,0,0,3,0,0,0
Matías Catalán,cl CHI,DF,Talleres,Copa de la Liga,30,1992,8,7,609,6.8,0,0,0,0,0,0,0,0,0.2,0.2,0.0,0.2,0,36,3,0.00,0.00,0.00,0.00,0.00,0.03,0.00,0.03,0.03,0.03,cl CHI,DF,Talleres,Copa de la Liga,30,1992,6.8,0,3,0,0.0,0.44,0.00,0.00,0,11.8,0,0,0,0.2,0.2,0.06,-0.2,-0.2,cl CHI,DF,Talleres,Copa de la Liga,30,1992,6.8,288,377,76.4,7087,3062,61,74,82.4,148,174,85.1,77,120,64.2,0,0.0,0.1,0.0,1,40,0,0,36,cl CHI,DF,Talleres,Copa de la Liga,30,1992,6.8,377,361,16,12,0,14,3,4,0,0,0,0,288,0,3,cl CHI,DF,Talleres,Copa de la Liga,30,1992,6.8,6,0.89,6,0,0,0,0,0,1,0.15,1,0,0,0,0,0,cl CHI,DF,Talleres,Copa de la Liga,30,1992,6.8,6,4,2,2,2,3,3,100.0,0,6,2,4,6,12,33,0,cl CHI,DF,Talleres,Copa de la Liga,30,1992,6.8,440,51,236,194,16,7,440,9,4,44.4,3,33.3,239,1187,717,0,0,0,2,0,261,3,cl CHI,DF,Talleres,Copa de la Liga,30,1992,8,609,76,48.3,6.8,7,87,6,1,1,1,1.38,9,9,0,0.00,0.00,9.9,8.1,+1.8,+0.27,+0.25,cl CHI,DF,Talleres,Copa de la Liga,30,1992,6.8,0,0,0,5,4,0,3,6,4,0,0,0,46,31,13,70.5
Martín Cauteruccio,uy URU,"FW,DF",Independiente,Copa de la Liga,35,1987,8,2,240,2.7,0,0,0,0,0,0,0,0,0.1,0.1,0.1,0.2,3,2,17,0.00,0.00,0.00,0.00,0.00,0.05,0.03,0.08,0.05,0.08,uy URU,"FW,DF",Independiente,Copa de la Liga,35,1987,2.7,0,2,1,50.0,0.75,0.37,0.00,0.00,17.1,0,0,0,0.1,0.1,0.07,-0.1,-0.1,uy URU,"FW,DF",Independiente,Copa de la Liga,35,1987,2.7,31,45,68.9,370,47,21,28,75.0,7,10,70.0,1,1,100.0,0,0.1,0.1,-0.1,2,2,1,0,2,uy URU,"FW,DF",Independiente,Copa de la Liga,35,1987,2.7,45,42,3,0,0,0,0,0,0,0,0,0,31,0,1,uy URU,"FW,DF",Independiente,Copa de la Liga,35,1987,2.7,5,1.87,4,0,0,0,1,0,1,0.37,0,0,0,0,1,0,uy URU,"FW,DF",Independiente,Copa de la Liga,35,1987,2.7,2,2,2,0,0,1,2,50.0,1,0,0,0,1,3,5,0,uy URU,"FW,DF",Independiente,Copa de la Liga,35,1987,2.7,70,5,14,31,25,7,70,5,0,0.0,4,80.0,41,171,59,3,1,1,5,1,46,17,uy URU,"FW,DF",Independiente,Copa de la Liga,35,1987,8,240,30,19.0,2.7,2,72,1,6,16,0,1.75,3,3,0,0.00,-0.35,3.5,3.5,0.0,+0.01,-0.67,uy URU,"FW,DF",Independiente,Copa de la Liga,35,1987,2.7,0,0,0,1,1,1,0,1,2,1,0,0,3,6,10,37.5
Juan Cavallaro,ar ARG,FW,Arsenal,Copa de la Liga,28,1994,10,4,434,4.8,1,0,1,1,0,0,1,0,1.1,1.1,0.3,1.4,12,18,35,0.21,0.00,0.21,0.21,0.21,0.23,0.05,0.28,0.23,0.28,ar ARG,FW,Arsenal,Copa de la Liga,28,1994,4.8,1,10,4,40.0,2.07,0.83,0.10,0.25,18.5,0,0,0,1.1,1.1,0.11,-0.1,-0.1,ar ARG,FW,Arsenal,Copa de la Liga,28,1994,4.8,82,110,74.5,1218,275,47,54,87.0,25,34,73.5,6,8,75.0,0,0.3,0.2,-0.3,5,4,0,0,18,ar ARG,FW,Arsenal,Copa de la Liga,28,1994,4.8,110,105,5,3,1,0,5,0,0,0,0,0,82,0,4,ar ARG,FW,Arsenal,Copa de la Liga,28,1994,4.8,12,2.48,10,0,2,0,0,0,2,0.41,2,0,0,0,0,0,ar ARG,FW,Arsenal,Copa de la Liga,28,1994,4.8,5,3,1,3,1,0,2,0.0,2,5,0,5,1,6,3,0,ar ARG,FW,Arsenal,Copa de la Liga,28,1994,4.8,179,2,9,72,107,20,179,21,9,42.9,9,42.9,112,704,325,12,12,4,18,6,127,35,ar ARG,FW,Arsenal,Copa de la Liga,28,1994,10,434,43,34.4,4.8,4,67,0,6,28,3,0.60,4,8,-4,-0.83,-0.72,5.8,4.6,+1.2,+0.24,+0.50,ar ARG,FW,Arsenal,Copa de la Liga,28,1994,4.8,1,0,0,6,9,0,5,1,3,0,0,0,20,5,12,29.4
Edinson Cavani,uy URU,FW,Boca Juniors,Copa de la Liga,35,1987,8,7,570,6.3,1,0,1,1,0,0,1,0,1.2,1.2,0.7,1.9,4,10,32,0.16,0.00,0.16,0.16,0.16,0.19,0.11,0.29,0.19,0.29,uy URU,FW,Boca Juniors,Copa de la Liga,35,1987,6.3,1,9,4,44.4,1.42,0.63,0.11,0.25,14.2,2,0,0,1.2,1.2,0.13,-0.2,-0.2,uy URU,FW,Boca Juniors,Copa de la Liga,35,1987,6.3,120,151,79.5,1964,246,57,65,87.7,50,60,83.3,8,13,61.5,0,0.7,0.2,-0.7,6,7,5,0,10,uy URU,FW,Boca Juniors,Copa de la Liga,35,1987,6.3,151,133,16,1,1,4,0,3,0,0,0,0,120,2,0,uy URU,FW,Boca Juniors,Copa de la Liga,35,1987,6.3,12,1.89,9,0,0,2,1,0,2,0.32,1,0,0,1,0,0,uy URU,FW,Boca Juniors,Copa de la Liga,35,1987,6.3,5,4,4,1,0,1,1,100.0,0,5,1,4,1,6,6,0,uy URU,FW,Boca Juniors,Copa de la Liga,35,1987,6.3,197,7,28,96,78,25,197,2,2,100.0,0,0.0,115,480,194,4,5,0,15,2,142,32,uy URU,FW,Boca Juniors,Copa de la Liga,35,1987,8,570,71,45.2,6.3,7,78,3,1,21,1,1.38,5,7,-2,-0.32,-0.71,5.7,6.7,-0.9,-0.15,-0.77,uy URU,FW,Boca Juniors,Copa de la Liga,35,1987,6.3,1,0,0,6,7,7,0,1,4,0,0,0,14,2,10,16.7
Ezequiel Centurión,ar ARG,GK,River Plate,Copa de la Liga,25,1997,1,1,90,1.0,0,0,0,0,0,0,0,0,0.0,0.0,0.0,0.0,0,0,0,0.00,0.00,0.00,0.00,0.00,0.00,0.00,0.00,0.00,0.00,ar ARG,GK,River Plate,Copa de la Liga,25,1997,1.0,0,0,0,0,0.00,0.00,0,0,0,0,0,0,0.0,0.0,0,0.0,0.0,ar ARG,GK,River Plate,Copa de la Liga,25,1997,1.0,14,16,87.5,403,303,2,2,100.0,7,7,100.0,5,7,71.4,0,0.0,0.0,0.0,0,0,0,0,0,ar ARG,GK,River Plate,Copa de la Liga,25,1997,1.0,16,10,6,4,0,0,0,0,0,0,0,0,14,0,0,ar ARG,GK,River Plate,Copa de la Liga,25,1997,1.0,0,0.00,0,0,0,0,0,0,0,0.00,0,0,0,0,0,0,ar ARG,GK,River Plate,Copa de la Liga,25,1997,1.0,0,0,0,0,0,0,0,0,0,0,0,0,0,0,1,0,ar ARG,GK,River Plate,Copa de la Liga,25,1997,1.0,20,16,20,0,0,0,20,0,0,0,0,0,6,22,14,0,0,0,0,0,6,0,ar ARG,GK,River Plate,Copa de la Liga,25,1997,1,90,90,7.1,1.0,1,90,1,0,0,13,1.00,2,2,0,0.00,-0.62,1.3,1.1,+0.2,+0.20,-0.45,ar ARG,GK,River Plate,Copa de la Liga,25,1997,1.0,0,0,0,0,0,0,0,0,0,0,0,0,2,0,0,0
Maximiliano Centurión,ar ARG,DF,Arsenal,Copa de la Liga,23,1999,1,1,68,0.8,0,0,0,0,0,0,0,0,0.0,0.0,0.0,0.0,0,4,0,0.00,0.00,0.00,0.00,0.00,0.00,0.04,0.04,0.00,0.04,ar ARG,DF,Arsenal,Copa de la Liga,23,1999,0.8,0,0,0,0,0.00,0.00,0,0,0,0,0,0,0.0,0.0,0,0.0,0.0,ar ARG,DF,Arsenal,Copa de la Liga,23,1999,0.8,24,38,63.2,607,338,3,7,42.9,15,19,78.9,6,9,66.7,0,0.0,0.0,0.0,1,3,0,0,4,ar ARG,DF,Arsenal,Copa de la Liga,23,1999,0.8,38,34,1,1,0,0,0,0,0,0,0,0,24,3,0,ar ARG,DF,Arsenal,Copa de la Liga,23,1999,0.8,0,0.00,0,0,0,0,0,0,0,0.00,0,0,0,0,0,0,ar ARG,DF,Arsenal,Copa de la Liga,23,1999,0.8,0,0,0,0,0,0,1,0.0,1,2,1,1,1,1,2,0,ar ARG,DF,Arsenal,Copa de la Liga,23,1999,0.8,45,6,27,18,1,1,45,0,0,0,0,0,18,103,63,0,0,0,0,0,21,0,ar ARG,DF,Arsenal,Copa de la Liga,23,1999,1,68,68,5.4,0.8,1,68,0,0,0,0,0.00,0,1,-1,-1.32,-1.02,0.7,0.9,-0.2,-0.30,-0.23,ar ARG,DF,Arsenal,Copa de la Liga,23,1999,0.8,0,0,0,0,1,0,0,1,0,0,0,0,1,5,3,62.5
Giuliano Cerato,ar ARG,DF,Instituto,Copa de la Liga,24,1998,2,2,180,2.0,0,0,0,0,0,0,1,0,0.0,0.0,0.7,0.8,3,10,15,0.00,0.00,0.00,0.00,0.00,0.01,0.37,0.38,0.01,0.38,ar ARG,DF,Instituto,Copa de la Liga,24,1998,2.0,0,1,0,0.0,0.50,0.00,0.00,0,26.5,0,0,0,0.0,0.0,0.02,0.0,0.0,ar ARG,DF,Instituto,Copa de la Liga,24,1998,2.0,61,109,56.0,1165,646,31,40,77.5,18,31,58.1,11,35,31.4,0,0.7,0.4,-0.7,4,9,3,3,10,ar ARG,DF,Instituto,Copa de la Liga,24,1998,2.0,109,82,27,0,1,0,12,27,0,0,0,0,61,0,0,ar ARG,DF,Instituto,Copa de la Liga,24,1998,2.0,7,3.50,5,1,0,0,1,0,0,0.00,0,0,0,0,0,0,ar ARG,DF,Instituto,Copa de la Liga,24,1998,2.0,9,7,7,2,0,4,7,57.1,3,2,0,2,2,11,7,0,ar ARG,DF,Instituto,Copa de la Liga,24,1998,2.0,138,4,48,46,44,2,138,1,0,0.0,1,100.0,45,259,92,3,2,0,1,0,58,15,ar ARG,DF,Instituto,Copa de la Liga,24,1998,2,180,90,14.3,2.0,2,90,2,0,0,12,1.00,0,0,0,0.00,-0.33,2.0,1.0,+1.0,+0.49,+0.48,ar ARG,DF,Instituto,Copa de la Liga,24,1998,2.0,1,0,0,3,1,0,12,2,7,0,0,0,17,0,1,0.0
Lautaro Cerato,ar ARG,"MF,FW",Sarmiento,Copa de la Liga,22,2000,5,0,44,0.5,0,0,0,0,0,0,1,0,0.0,0.0,0.0,0.0,0,2,1,0.00,0.00,0.00,0.00,0.00,0.07,0.00,0.07,0.07,0.07,ar ARG,"MF,FW",Sarmiento,Copa de la Liga,22,2000,0.5,0,1,1,100.0,2.05,2.05,0.00,0.00,32.8,0,0,0,0.0,0.0,0.03,0.0,0.0,ar ARG,"MF,FW",Sarmiento,Copa de la Liga,22,2000,0.5,10,16,62.5,121,43,5,7,71.4,4,8,50.0,0,0,0,0,0.0,0.0,0.0,0,1,0,0,2,ar ARG,"MF,FW",Sarmiento,Copa de la Liga,22,2000,0.5,16,16,0,0,0,0,0,0,0,0,0,0,10,0,0,ar ARG,"MF,FW",Sarmiento,Copa de la Liga,22,2000,0.5,1,2.05,1,0,0,0,0,0,0,0.00,0,0,0,0,0,0,ar ARG,"MF,FW",Sarmiento,Copa de la Liga,22,2000,0.5,2,2,0,2,0,0,2,0.0,2,2,1,1,0,2,0,0,ar ARG,"MF,FW",Sarmiento,Copa de la Liga,22,2000,0.5,27,0,3,19,5,0,27,2,1,50.0,1,50.0,11,68,10,0,1,0,4,1,17,1,ar ARG,"MF,FW",Sarmiento,Copa de la Liga,22,2000,5,44,9,3.5,0.5,0,0,0,5,9,6,0.60,0,0,0,0.00,0.00,0.1,0.8,-0.7,-1.42,-1.00,ar ARG,"MF,FW",Sarmiento,Copa de la Liga,22,2000,0.5,1,0,0,1,0,0,0,0,2,0,0,0,4,5,8,38.5
Tobías Cervera,sy SYR,FW,Rosario Central,Copa de la Liga,20,2002,10,9,575,6.4,2,0,2,2,0,0,0,0,2.5,2.5,0.1,2.6,4,5,29,0.31,0.00,0.31,0.31,0.31,0.39,0.01,0.40,0.39,0.40,sy SYR,FW,Rosario Central,Copa de la Liga,20,2002,6.4,2,7,2,28.6,1.10,0.31,0.29,1.00,9.5,0,0,0,2.5,2.5,0.36,-0.5,-0.5,sy SYR,FW,Rosario Central,Copa de la Liga,20,2002,6.4,61,103,59.2,862,142,36,57,63.2,12,19,63.2,6,9,66.7,0,0.1,0.0,-0.1,3,6,0,0,5,sy SYR,FW,Rosario Central,Copa de la Liga,20,2002,6.4,103,91,12,0,0,1,2,0,0,0,0,0,61,0,5,sy SYR,FW,Rosario Central,Copa de la Liga,20,2002,6.4,5,0.78,3,0,0,0,2,0,0,0.00,0,0,0,0,0,0,sy SYR,FW,Rosario Central,Copa de la Liga,20,2002,6.4,6,2,1,4,1,0,3,0.0,3,10,0,10,1,7,3,0,sy SYR,FW,Rosario Central,Copa de la Liga,20,2002,6.4,199,7,11,109,80,18,199,18,11,61.1,5,27.8,117,521,143,4,4,1,33,14,130,29,sy SYR,FW,Rosario Central,Copa de la Liga,20,2002,10,575,58,45.6,6.4,9,62,1,1,15,1,1.60,6,6,0,0.00,-0.53,6.4,8.3,-1.9,-0.30,+0.05,sy SYR,FW,Rosario Central,Copa de la Liga,20,2002,6.4,0,0,0,6,11,1,2,1,2,0,0,0,17,11,34,24.4
Pablo Chavarría,ar ARG,"FW,MF",Belgrano,Copa de la Liga,35,1988,6,0,81,0.9,0,1,1,0,0,0,0,0,0.3,0.3,1.1,1.4,3,2,7,0.00,1.11,1.11,0.00,1.11,0.38,1.18,1.56,0.38,1.56,ar ARG,"FW,MF",Belgrano,Copa de la Liga,35,1988,0.9,0,3,1,33.3,3.33,1.11,0.00,0.00,11.0,0,0,0,0.3,0.3,0.11,-0.3,-0.3,ar ARG,"FW,MF",Belgrano,Copa de la Liga,35,1988,0.9,20,28,71.4,233,34,13,16,81.3,4,8,50.0,1,1,100.0,1,1.1,0.7,-0.1,4,1,0,0,2,ar ARG,"FW,MF",Belgrano,Copa de la Liga,35,1988,0.9,28,28,0,0,0,0,0,0,0,0,0,0,20,0,0,ar ARG,"FW,MF",Belgrano,Copa de la Liga,35,1988,0.9,4,4.44,2,0,0,1,0,1,1,1.11,1,0,0,0,0,0,ar ARG,"FW,MF",Belgrano,Copa de la Liga,35,1988,0.9,2,2,0,1,1,1,1,100.0,0,0,0,0,0,2,2,0,ar ARG,"FW,MF",Belgrano,Copa de la Liga,35,1988,0.9,41,2,4,17,20,6,41,0,0,0,0,0,20,94,46,3,2,1,4,1,29,7,ar ARG,"FW,MF",Belgrano,Copa de la Liga,35,1988,6,81,14,6.4,0.9,0,0,0,6,14,1,1.67,1,0,+1,+1.11,+1.03,1.7,0.7,+1.0,+1.14,+1.49,ar ARG,"FW,MF",Belgrano,Copa de la Liga,35,1988,0.9,0,0,0,4,0,1,0,0,2,0,0,0,2,7,6,53.8
Lucas Chávez,ar ARG,GK,Huracán,Copa de la Liga,27,1995,14,14,"1,260",14.0,0,0,0,0,0,0,2,0,0.0,0.0,0.0,0.0,0,1,0,0.00,0.00,0.00,0.00,0.00,0.00,0.00,0.00,0.00,0.00,ar ARG,GK,Huracán,Copa de la Liga,27,1995,14.0,0,0,0,0,0.00,0.00,0,0,0,0,0,0,0.0,0.0,0,0.0,0.0,ar ARG,GK,Huracán,Copa de la Liga,27,1995,14.0,376,496,75.8,10512,7585,45,46,97.8,212,214,99.1,119,233,51.1,0,0.0,0.0,0.0,0,12,0,0,1,ar ARG,GK,Huracán,Copa de la Liga,27,1995,14.0,496,372,122,36,0,2,0,0,0,0,0,0,376,2,1,ar ARG,GK,Huracán,Copa de la Liga,27,1995,14.0,2,0.14,1,1,0,0,0,0,0,0.00,0,0,0,0,0,0,ar ARG,GK,Huracán,Copa de la Liga,27,1995,14.0,0,0,0,0,0,0,0,0,0,0,0,0,1,1,5,2,ar ARG,GK,Huracán,Copa de la Liga,27,1995,14.0,519,349,502,19,0,0,519,0,0,0,0,0,335,2075,1542,0,0,0,1,1,244,0,ar ARG,GK,Huracán,Copa de la Liga,27,1995,14,"1,260",90,100.0,14.0,14,90,14,0,0,0,1.80,19,11,+8,+0.57,0,13.5,14.1,-0.6,-0.05,0,ar ARG,GK,Huracán,Copa de la Liga,27,1995,14.0,2,0,0,0,4,0,0,1,0,0,0,0,14,3,0,100.0
Giovani Chiaverano,ar ARG,MF,Newell's OB,Copa de la Liga,17,2005,2,0,11,0.1,0,0,0,0,0,0,1,0,0.0,0.0,0.0,0.1,2,0,4,0.00,0.00,0.00,0.00,0.00,0.30,0.28,0.57,0.30,0.57,ar ARG,MF,Newell's OB,Copa de la Liga,17,2005,0.1,0,1,0,0.0,8.18,0.00,0.00,0,14.0,0,0,0,0.0,0.0,0.04,0.0,0.0,ar ARG,MF,Newell's OB,Copa de la Liga,17,2005,0.1,3,5,60.0,48,25,2,2,100.0,1,3,33.3,0,0,0,0,0.0,0.0,0.0,1,0,1,1,0,ar ARG,MF,Newell's OB,Copa de la Liga,17,2005,0.1,5,5,0,0,0,0,2,0,0,0,0,0,3,0,0,ar ARG,MF,Newell's OB,Copa de la Liga,17,2005,0.1,1,7.50,1,0,0,0,0,0,0,0.00,0,0,0,0,0,0,ar ARG,MF,Newell's OB,Copa de la Liga,17,2005,0.1,0,0,0,0,0,0,0,0,0,1,0,1,0,0,0,0,ar ARG,MF,Newell's OB,Copa de la Liga,17,2005,0.1,11,0,1,4,6,1,11,4,1,25.0,3,75.0,6,53,26,2,0,0,0,0,7,4,ar ARG,MF,Newell's OB,Copa de la Liga,17,2005,2,11,6,0.9,0.1,0,0,0,2,6,5,2.00,0,0,0,0.00,-0.29,0.2,0.3,-0.1,-0.79,-0.92,ar ARG,MF,Newell's OB,Copa de la Liga,17,2005,0.1,1,0,0,1,1,0,2,0,0,0,0,0,2,1,0,100.0
Ignacio Chicco,ar ARG,GK,Colón,Copa de la Liga,26,1996,9,9,810,9.0,0,0,0,0,0,0,2,0,0.0,0.0,0.0,0.0,0,1,0,0.00,0.00,0.00,0.00,0.00,0.00,0.00,0.00,0.00,0.00,ar ARG,GK,Colón,Copa de la Liga,26,1996,9.0,0,0,0,0,0.00,0.00,0,0,0,0,0,0,0.0,0.0,0,0.0,0.0,ar ARG,GK,Colón,Copa de la Liga,26,1996,9.0,168,259,64.9,5024,3961,29,29,100.0,77,78,98.7,61,151,40.4,0,0.0,0.0,0.0,0,3,0,0,1,ar ARG,GK,Colón,Copa de la Liga,26,1996,9.0,259,144,115,17,0,0,0,0,0,0,0,0,168,0,0,ar ARG,GK,Colón,Copa de la Liga,26,1996,9.0,1,0.11,1,0,0,0,0,0,0,0.00,0,0,0,0,0,0,ar ARG,GK,Colón,Copa de la Liga,26,1996,9.0,0,0,0,0,0,0,0,0,0,0,0,0,0,0,2,1,ar ARG,GK,Colón,Copa de la Liga,26,1996,9.0,272,223,271,1,0,0,272,1,1,100.0,0,0.0,117,618,422,0,0,0,0,0,83,0,ar ARG,GK,Colón,Copa de la Liga,26,1996,9,810,90,64.3,9.0,9,90,9,0,0,5,1.56,13,11,+2,+0.22,+0.22,11.9,9.1,+2.8,+0.31,+0.50,ar ARG,GK,Colón,Copa de la Liga,26,1996,9.0,2,0,0,0,2,0,0,0,0,0,0,0,10,3,0,100.0
Cristian Chimino,ar ARG,DF,Arsenal,Copa de la Liga,34,1988,9,9,676,7.5,0,0,0,0,0,0,2,0,0.3,0.3,0.1,0.3,10,27,13,0.00,0.00,0.00,0.00,0.00,0.04,0.01,0.04,0.04,0.04,ar ARG,DF,Arsenal,Copa de la Liga,34,1988,7.5,0,8,2,25.0,1.07,0.27,0.00,0.00,19.9,0,0,0,0.3,0.3,0.03,-0.3,-0.3,ar ARG,DF,Arsenal,Copa de la Liga,34,1988,7.5,183,299,61.2,3035,1756,95,107,88.8,74,128,57.8,11,41,26.8,0,0.1,0.1,-0.1,4,23,2,0,27,ar ARG,DF,Arsenal,Copa de la Liga,34,1988,7.5,299,204,95,3,0,0,15,92,0,0,0,0,183,0,10,ar ARG,DF,Arsenal,Copa de la Liga,34,1988,7.5,8,1.07,5,1,0,2,0,0,0,0.00,0,0,0,0,0,0,ar ARG,DF,Arsenal,Copa de la Liga,34,1988,7.5,21,12,12,7,2,11,20,55.0,9,12,3,9,7,28,15,0,ar ARG,DF,Arsenal,Copa de la Liga,34,1988,7.5,382,30,128,162,94,12,382,11,6,54.5,5,45.5,147,687,344,10,8,1,9,3,133,13,ar ARG,DF,Arsenal,Copa de la Liga,34,1988,9,676,75,53.7,7.5,9,75,6,0,0,2,1.11,4,4,0,0.00,+0.77,6.4,7.6,-1.2,-0.16,-0.17,ar ARG,DF,Arsenal,Copa de la Liga,34,1988,7.5,2,0,0,7,5,0,15,7,12,0,0,0,41,18,8,69.2
Ulises Ciccioli,ar ARG,MF,Rosario Central,Copa de la Liga,19,2003,1,1,45,0.5,0,0,0,0,0,0,0,0,0.0,0.0,0.0,0.0,1,0,1,0.00,0.00,0.00,0.00,0.00,0.00,0.00,0.00,0.00,0.00,ar ARG,MF,Rosario Central,Copa de la Liga,19,2003,0.5,0,0,0,0,0.00,0.00,0,0,0,0,0,0,0.0,0.0,0,0.0,0.0,ar ARG,MF,Rosario Central,Copa de la Liga,19,2003,0.5,5,11,45.5,66,25,4,5,80.0,1,3,33.3,0,3,0.0,0,0.0,0.0,0.0,0,0,0,0,0,ar ARG,MF,Rosario Central,Copa de la Liga,19,2003,0.5,11,7,4,0,0,0,0,4,0,0,0,0,5,0,0,ar ARG,MF,Rosario Central,Copa de la Liga,19,2003,0.5,0,0.00,0,0,0,0,0,0,0,0.00,0,0,0,0,0,0,ar ARG,MF,Rosario Central,Copa de la Liga,19,2003,0.5,1,0,1,0,0,1,2,50.0,1,0,0,0,1,2,2,0,ar ARG,MF,Rosario Central,Copa de la Liga,19,2003,0.5,16,1,9,5,2,1,16,0,0,0,0,0,4,19,14,1,1,0,0,0,5,1,ar ARG,MF,Rosario Central,Copa de la Liga,19,2003,1,45,45,3.6,0.5,1,45,0,0,0,3,0.00,0,1,-1,-2.00,-2.37,0.9,0.4,+0.5,+0.92,+1.29,ar ARG,MF,Rosario Central,Copa de la Liga,19,2003,0.5,0,0,0,0,0,0,0,1,0,0,0,0,2,1,0,100.0
Luciano Cingolani,ar ARG,FW,Godoy Cruz,Copa de la Liga,21,2001,3,0,17,0.2,0,0,0,0,0,0,0,0,0.0,0.0,0.1,0.1,2,3,7,0.00,0.00,0.00,0.00,0.00,0.00,0.32,0.32,0.00,0.32,ar ARG,FW,Godoy Cruz,Copa de la Liga,21,2001,0.2,0,0,0,0,0.00,0.00,0,0,0,0,0,0,0.0,0.0,0,0.0,0.0,ar ARG,FW,Godoy Cruz,Copa de la Liga,21,2001,0.2,10,14,71.4,142,44,6,8,75.0,2,4,50.0,1,1,100.0,0,0.1,0.0,-0.1,1,2,0,0,3,ar ARG,FW,Godoy Cruz,Copa de la Liga,21,2001,0.2,14,13,1,0,0,0,2,0,1,0,0,0,10,0,1,ar ARG,FW,Godoy Cruz,Copa de la Liga,21,2001,0.2,1,5.00,1,0,0,0,0,0,0,0.00,0,0,0,0,0,0,ar ARG,FW,Godoy Cruz,Copa de la Liga,21,2001,0.2,0,0,0,0,0,0,2,0.0,2,0,0,0,1,1,0,0,ar ARG,FW,Godoy Cruz,Copa de la Liga,21,2001,0.2,19,0,1,7,11,0,19,1,0,0.0,1,100.0,12,68,45,2,0,0,2,0,13,7,ar ARG,FW,Godoy Cruz,Copa de la Liga,21,2001,3,17,6,1.3,0.2,0,0,0,3,6,10,1.33,0,0,0,0.00,-0.36,0.4,0.1,+0.2,+1.17,+0.90,ar ARG,FW,Godoy Cruz,Copa de la Liga,21,2001,0.2,0,0,0,0,0,0,2,1,0,0,0,0,2,0,0,0
Matías Cóccaro,uy URU,FW,Huracán,Copa de la Liga,25,1997,13,11,939,10.4,6,1,7,6,0,0,5,0,3.6,3.6,0.3,3.8,14,16,56,0.58,0.10,0.67,0.58,0.67,0.34,0.02,0.37,0.34,0.37,uy URU,FW,Huracán,Copa de la Liga,25,1997,10.4,6,23,9,39.1,2.20,0.86,0.26,0.67,14.1,0,0,0,3.6,3.6,0.16,+2.4,+2.4,uy URU,FW,Huracán,Copa de la Liga,25,1997,10.4,120,217,55.3,1377,349,95,132,72.0,22,52,42.3,0,7,0.0,1,0.3,0.2,+0.7,3,5,4,0,16,uy URU,FW,Huracán,Copa de la Liga,25,1997,10.4,217,200,16,0,0,0,11,3,0,0,0,0,120,1,12,uy URU,FW,Huracán,Copa de la Liga,25,1997,10.4,19,1.82,12,0,1,2,4,0,5,0.48,3,0,1,1,0,0,uy URU,FW,Huracán,Copa de la Liga,25,1997,10.4,10,5,2,5,3,1,5,20.0,4,4,0,4,3,13,4,0,uy URU,FW,Huracán,Copa de la Liga,25,1997,10.4,333,5,22,136,178,47,333,22,9,40.9,12,54.5,172,860,364,14,12,6,27,13,236,56,uy URU,FW,Huracán,Copa de la Liga,25,1997,13,939,72,74.5,10.4,11,82,4,2,20,0,1.71,12,8,+4,+0.38,-0.74,8.5,9.3,-0.8,-0.08,-0.12,uy URU,FW,Huracán,Copa de la Liga,25,1997,10.4,5,0,0,12,24,6,11,3,5,0,0,0,27,44,49,47.3
Nicolás Colazo,ar ARG,"DF,MF",Gimnasia–LP,Copa de la Liga,32,1990,10,9,725,8.1,1,1,2,1,0,0,0,0,0.4,0.4,1.2,1.6,11,37,27,0.12,0.12,0.25,0.12,0.25,0.05,0.15,0.20,0.05,0.20,ar ARG,"DF,MF",Gimnasia–LP,Copa de la Liga,32,1990,8.1,1,4,2,50.0,0.50,0.25,0.25,0.50,21.7,1,0,0,0.4,0.4,0.10,+0.6,+0.6,ar ARG,"DF,MF",Gimnasia–LP,Copa de la Liga,32,1990,8.1,196,324,60.5,3296,1779,103,124,83.1,74,109,67.9,17,68,25.0,1,1.2,1.1,-0.2,10,23,7,4,37,ar ARG,"DF,MF",Gimnasia–LP,Copa de la Liga,32,1990,8.1,324,249,72,12,1,0,39,41,19,7,9,0,196,3,12,ar ARG,"DF,MF",Gimnasia–LP,Copa de la Liga,32,1990,8.1,17,2.11,8,8,1,0,0,0,1,0.12,0,1,0,0,0,0,ar ARG,"DF,MF",Gimnasia–LP,Copa de la Liga,32,1990,8.1,12,9,7,4,1,6,14,42.9,8,9,5,4,14,26,19,0,ar ARG,"DF,MF",Gimnasia–LP,Copa de la Liga,32,1990,8.1,389,24,112,179,103,4,389,7,6,85.7,1,14.3,187,741,400,11,5,0,6,3,181,27,ar ARG,"DF,MF",Gimnasia–LP,Copa de la Liga,32,1990,10,725,73,57.5,8.1,9,78,5,1,20,0,0.90,4,11,-7,-0.87,-0.70,6.1,9.4,-3.4,-0.42,-0.42,ar ARG,"DF,MF",Gimnasia–LP,Copa de la Liga,32,1990,8.1,0,0,0,6,4,0,39,14,9,0,0,0,42,14,14,50.0
Facundo Colidio,ar ARG,"MF,FW",River Plate,Copa de la Liga,23,2000,12,1,359,4.0,0,3,3,0,0,0,1,0,1.9,1.9,0.9,2.8,15,14,36,0.00,0.75,0.75,0.00,0.75,0.48,0.21,0.69,0.48,0.69,ar ARG,"MF,FW",River Plate,Copa de la Liga,23,2000,4.0,0,12,4,33.3,3.01,1.00,0.00,0.00,15.2,0,0,0,1.9,1.9,0.16,-1.9,-1.9,ar ARG,"MF,FW",River Plate,Copa de la Liga,23,2000,4.0,98,137,71.5,1421,370,50,61,82.0,33,43,76.7,5,9,55.6,3,0.9,0.3,+2.1,7,9,5,0,14,ar ARG,"MF,FW",River Plate,Copa de la Liga,23,2000,4.0,137,128,9,3,1,2,7,4,1,1,0,0,98,0,6,ar ARG,"MF,FW",River Plate,Copa de la Liga,23,2000,4.0,15,3.75,10,0,1,2,1,1,4,1.00,2,0,0,2,0,0,ar ARG,"MF,FW",River Plate,Copa de la Liga,23,2000,4.0,6,5,2,2,2,1,5,20.0,4,5,0,5,0,6,0,0,ar ARG,"MF,FW",River Plate,Copa de la Liga,23,2000,4.0,207,2,16,78,117,31,207,22,9,40.9,11,50.0,127,908,435,15,14,5,14,8,143,36,ar ARG,"MF,FW",River Plate,Copa de la Liga,23,2000,12,359,30,28.5,4.0,1,86,0,11,25,2,1.79,8,3,+5,+1.25,+0.95,7.4,3.2,+4.2,+1.05,+0.61,ar ARG,"MF,FW",River Plate,Copa de la Liga,23,2000,4.0,1,0,0,10,7,0,7,0,5,0,0,0,22,6,6,50.0
Lucas Colitto,ar ARG,MF,Barracas Central,Copa de la Liga,28,1994,7,2,236,2.6,1,0,1,1,0,0,1,0,0.2,0.2,0.1,0.3,1,10,23,0.38,0.00,0.38,0.38,0.38,0.08,0.03,0.10,0.08,0.10,ar ARG,MF,Barracas Central,Copa de la Liga,28,1994,2.6,1,4,1,25.0,1.53,0.38,0.25,1.00,21.3,0,0,0,0.2,0.2,0.05,+0.8,+0.8,ar ARG,MF,Barracas Central,Copa de la Liga,28,1994,2.6,80,110,72.7,1164,309,48,62,77.4,21,26,80.8,7,13,53.8,0,0.1,0.3,-0.1,2,9,5,1,10,ar ARG,MF,Barracas Central,Copa de la Liga,28,1994,2.6,110,108,2,1,3,0,8,1,0,0,0,0,80,0,5,ar ARG,MF,Barracas Central,Copa de la Liga,28,1994,2.6,10,3.80,9,0,1,0,0,0,2,0.76,2,0,0,0,0,0,ar ARG,MF,Barracas Central,Copa de la Liga,28,1994,2.6,6,6,1,4,1,1,4,25.0,3,4,0,4,3,9,0,0,ar ARG,MF,Barracas Central,Copa de la Liga,28,1994,2.6,146,1,13,71,62,5,146,10,4,40.0,6,60.0,91,440,100,1,3,2,7,5,112,23,ar ARG,MF,Barracas Central,Copa de la Liga,28,1994,7,236,34,18.7,2.6,2,48,0,5,28,3,0.71,4,2,+2,+0.76,+1.91,2.5,2.2,+0.3,+0.13,+0.38,ar ARG,MF,Barracas Central,Copa de la Liga,28,1994,2.6,1,0,0,3,1,2,8,3,6,0,0,0,9,0,1,0.0
Nazareno Colombo,ar ARG,DF,Racing Club,Copa de la Liga,23,1999,7,6,487,5.4,0,0,0,0,0,0,1,0,0.5,0.5,0.1,0.5,20,52,2,0.00,0.00,0.00,0.00,0.00,0.09,0.01,0.09,0.09,0.09,ar ARG,DF,Racing Club,Copa de la Liga,23,1999,5.4,0,7,1,14.3,1.29,0.18,0.00,0.00,16.9,0,0,0,0.5,0.5,0.07,-0.5,-0.5,ar ARG,DF,Racing Club,Copa de la Liga,23,1999,5.4,333,405,82.2,6309,2654,134,149,89.9,160,181,88.4,38,62,61.3,0,0.1,0.2,-0.1,2,37,3,1,52,ar ARG,DF,Racing Club,Copa de la Liga,23,1999,5.4,405,388,17,12,0,5,2,4,0,0,0,0,333,0,7,ar ARG,DF,Racing Club,Copa de la Liga,23,1999,5.4,6,1.11,5,0,0,1,0,0,1,0.19,1,0,0,0,0,0,ar ARG,DF,Racing Club,Copa de la Liga,23,1999,5.4,14,8,6,7,1,8,13,61.5,5,5,0,5,11,25,20,0,ar ARG,DF,Racing Club,Copa de la Liga,23,1999,5.4,467,29,125,308,37,9,467,6,4,66.7,2,33.3,299,1943,1451,20,9,1,7,2,316,2,ar ARG,DF,Racing Club,Copa de la Liga,23,1999,7,487,70,38.7,5.4,6,81,4,1,4,3,1.88,10,7,+3,+0.55,+0.21,7.6,6.7,+0.9,+0.18,+0.16,ar ARG,DF,Racing Club,Copa de la Liga,23,1999,5.4,1,0,0,7,0,0,2,11,8,0,1,0,30,14,9,60.9
Gastón Comas,ar ARG,MF,Unión,Copa de la Liga,24,1998,1,0,1,0.0,0,0,0,0,0,0,0,0,0.0,0.0,0.0,0.0,0,0,0,0.00,0.00,0.00,0.00,0.00,0.00,0.00,0.00,0.00,0.00,ar ARG,MF,Unión,Copa de la Liga,24,1998,0.0,0,0,0,0,0.00,0.00,0,0,0,0,0,0,0.0,0.0,0,0.0,0.0,ar ARG,MF,Unión,Copa de la Liga,24,1998,0.0,1,2,50.0,26,8,0,0,0,1,1,100.0,0,1,0.0,0,0.0,0.0,0.0,0,0,0,0,0,ar ARG,MF,Unión,Copa de la Liga,24,1998,0.0,2,2,0,0,0,0,0,0,0,0,0,0,1,0,0,ar ARG,MF,Unión,Copa de la Liga,24,1998,0.0,0,0.00,0,0,0,0,0,0,0,0.00,0,0,0,0,0,0,ar ARG,MF,Unión,Copa de la Liga,24,1998,0.0,0,0,0,0,0,0,0,0,0,0,0,0,0,0,0,0,ar ARG,MF,Unión,Copa de la Liga,24,1998,0.0,2,0,1,1,0,0,2,0,0,0,0,0,0,0,0,0,0,0,0,0,0,0,ar ARG,MF,Unión,Copa de la Liga,24,1998,1,1,1,0.1,0.0,0,0,0,1,1,0,1.00,0,0,0,0.00,+0.21,0.1,0.0,+0.1,+11.07,+11.21,ar ARG,MF,Unión,Copa de la Liga,24,1998,0.0,0,0,0,0,0,0,0,0,0,0,0,0,1,0,0,0
Tomás Conechny,ar ARG,FW,Godoy Cruz,Copa de la Liga,24,1998,13,13,"1,127",12.5,3,0,3,3,0,0,4,1,5.2,5.2,1.7,6.8,27,52,94,0.24,0.00,0.24,0.24,0.24,0.41,0.13,0.54,0.41,0.54,ar ARG,FW,Godoy Cruz,Copa de la Liga,24,1998,12.5,3,37,11,29.7,2.95,0.88,0.08,0.27,18.1,1,0,0,5.2,5.2,0.14,-2.2,-2.2,ar ARG,FW,Godoy Cruz,Copa de la Liga,24,1998,12.5,318,462,68.8,4902,1393,177,218,81.2,101,148,68.2,25,45,55.6,0,1.7,1.6,-1.7,14,34,13,1,52,ar ARG,FW,Godoy Cruz,Copa de la Liga,24,1998,12.5,462,448,11,1,2,10,17,9,1,0,0,0,318,3,20,ar ARG,FW,Godoy Cruz,Copa de la Liga,24,1998,12.5,32,2.56,22,0,2,2,5,1,3,0.24,0,0,2,0,1,0,ar ARG,FW,Godoy Cruz,Copa de la Liga,24,1998,12.5,18,10,4,9,5,8,29,27.6,21,25,2,23,12,30,16,0,ar ARG,FW,Godoy Cruz,Copa de la Liga,24,1998,12.5,671,20,65,317,300,48,671,34,14,41.2,15,44.1,363,1881,728,27,24,4,43,30,458,94,ar ARG,FW,Godoy Cruz,Copa de la Liga,24,1998,13,"1,127",87,89.4,12.5,13,87,8,0,0,0,1.40,13,8,+5,+0.40,+0.40,14.1,11.1,+3.1,+0.24,-0.43,ar ARG,FW,Godoy Cruz,Copa de la Liga,24,1998,12.5,4,1,1,23,12,10,17,12,10,0,0,0,79,61,41,59.8
Germán Conti,ar ARG,DF,Colón,Copa de la Liga,28,1994,8,6,560,6.2,0,1,1,0,0,0,2,0,0.5,0.5,0.1,0.6,1,9,4,0.00,0.16,0.16,0.00,0.16,0.08,0.02,0.09,0.08,0.09,ar ARG,DF,Colón,Copa de la Liga,28,1994,6.2,0,6,3,50.0,0.96,0.48,0.00,0.00,8.8,0,0,0,0.5,0.5,0.08,-0.5,-0.5,ar ARG,DF,Colón,Copa de la Liga,28,1994,6.2,146,197,74.1,2823,1155,60,75,80.0,61,78,78.2,23,39,59.0,1,0.1,0.2,+0.9,3,12,1,0,9,ar ARG,DF,Colón,Copa de la Liga,28,1994,6.2,197,186,10,9,0,2,0,1,0,0,0,0,146,1,2,ar ARG,DF,Colón,Copa de la Liga,28,1994,6.2,3,0.48,3,0,0,0,0,0,1,0.16,1,0,0,0,0,0,ar ARG,DF,Colón,Copa de la Liga,28,1994,6.2,10,7,7,3,0,3,3,100.0,0,11,6,5,9,19,40,0,ar ARG,DF,Colón,Copa de la Liga,28,1994,6.2,276,47,165,95,16,10,276,1,1,100.0,0,0.0,102,436,309,1,0,0,1,0,123,4,ar ARG,DF,Colón,Copa de la Liga,28,1994,8,560,70,44.4,6.2,6,89,5,2,12,4,1.50,9,10,-1,-0.16,-0.55,7.5,8.3,-0.8,-0.13,-0.47,ar ARG,DF,Colón,Copa de la Liga,28,1994,6.2,2,0,0,5,0,0,0,9,7,0,0,0,23,22,13,62.9
Sebastián Corda,ar ARG,DF,Instituto,Copa de la Liga,27,1995,3,0,69,0.8,0,0,0,0,0,0,1,0,0.0,0.0,0.0,0.0,1,0,2,0.00,0.00,0.00,0.00,0.00,0.00,0.00,0.00,0.00,0.00,ar ARG,DF,Instituto,Copa de la Liga,27,1995,0.8,0,0,0,0,0.00,0.00,0,0,0,0,0,0,0.0,0.0,0,0.0,0.0,ar ARG,DF,Instituto,Copa de la Liga,27,1995,0.8,10,31,32.3,169,127,4,7,57.1,6,15,40.0,0,9,0.0,0,0.0,0.0,0.0,0,0,0,0,0,ar ARG,DF,Instituto,Copa de la Liga,27,1995,0.8,31,20,11,0,0,0,3,11,0,0,0,0,10,0,0,ar ARG,DF,Instituto,Copa de la Liga,27,1995,0.8,0,0.00,0,0,0,0,0,0,0,0.00,0,0,0,0,0,0,ar ARG,DF,Instituto,Copa de la Liga,27,1995,0.8,1,1,1,0,0,1,1,100.0,0,3,0,3,0,1,7,0,ar ARG,DF,Instituto,Copa de la Liga,27,1995,0.8,39,5,20,11,10,0,39,1,1,100.0,0,0.0,11,39,17,1,1,0,1,0,8,2,ar ARG,DF,Instituto,Copa de la Liga,27,1995,3,69,23,5.5,0.8,0,0,0,3,23,6,1.00,0,0,0,0.00,-0.30,0.1,0.5,-0.4,-0.55,-0.66,ar ARG,DF,Instituto,Copa de la Liga,27,1995,0.8,1,0,0,1,0,0,3,0,1,0,0,0,5,5,3,62.5
Nicolás Cordero,ar ARG,FW,Huracán,Copa de la Liga,23,1999,2,0,47,0.5,1,0,1,0,1,1,0,0,0.9,0.1,0.0,0.1,0,0,1,1.91,0.00,1.91,0.00,0.00,1.78,0.00,1.78,0.27,0.27,ar ARG,FW,Huracán,Copa de la Liga,23,1999,0.5,1,1,1,100.0,1.91,1.91,0.00,0.00,25.8,0,1,1,0.9,0.1,0.14,+0.1,-0.1,ar ARG,FW,Huracán,Copa de la Liga,23,1999,0.5,7,10,70.0,72,11,6,8,75.0,1,2,50.0,0,0,0,0,0.0,0.1,0.0,0,1,0,0,0,ar ARG,FW,Huracán,Copa de la Liga,23,1999,0.5,10,9,1,0,0,0,0,0,0,0,0,0,7,0,0,ar ARG,FW,Huracán,Copa de la Liga,23,1999,0.5,0,0.00,0,0,0,0,0,0,0,0.00,0,0,0,0,0,0,ar ARG,FW,Huracán,Copa de la Liga,23,1999,0.5,2,2,1,1,0,0,1,0.0,1,0,0,0,0,2,0,0,ar ARG,FW,Huracán,Copa de la Liga,23,1999,0.5,23,0,1,17,5,3,22,3,0,0.0,3,100.0,6,20,6,0,0,0,3,0,11,1,ar ARG,FW,Huracán,Copa de la Liga,23,1999,2,47,24,3.7,0.5,0,0,0,2,24,1,1.50,1,1,0,0.00,-0.59,1.3,0.2,+1.1,+2.04,+2.16,ar ARG,FW,Huracán,Copa de la Liga,23,1999,0.5,0,0,0,0,1,0,0,0,2,0,0,0,3,3,7,30.0
Emanuel Coronel,ar ARG,DF,Banfield,Copa de la Liga,25,1997,14,14,"1,239",13.8,0,2,2,0,0,0,2,0,0.6,0.6,1.0,1.6,30,63,37,0.00,0.15,0.15,0.00,0.15,0.05,0.07,0.12,0.05,0.12,ar ARG,DF,Banfield,Copa de la Liga,25,1997,13.8,0,10,1,10.0,0.73,0.07,0.00,0.00,31.0,0,0,0,0.6,0.6,0.06,-0.6,-0.6,ar ARG,DF,Banfield,Copa de la Liga,25,1997,13.8,357,556,64.2,6906,3969,149,180,82.8,155,221,70.1,50,133,37.6,2,1.0,0.4,+1.0,7,50,6,4,63,ar ARG,DF,Banfield,Copa de la Liga,25,1997,13.8,556,402,151,7,1,10,32,144,0,0,0,0,357,3,9,ar ARG,DF,Banfield,Copa de la Liga,25,1997,13.8,30,2.18,25,0,1,2,2,0,3,0.22,1,0,0,1,1,0,ar ARG,DF,Banfield,Copa de la Liga,25,1997,13.8,35,22,19,11,5,18,24,75.0,6,11,4,7,15,50,37,0,ar ARG,DF,Banfield,Copa de la Liga,25,1997,13.8,704,44,216,338,158,5,704,28,13,46.4,14,50.0,289,1859,1057,30,20,1,15,6,289,37,ar ARG,DF,Banfield,Copa de la Liga,25,1997,14,"1,239",89,98.3,13.8,14,89,13,0,0,0,1.60,11,6,+5,+0.36,+0.36,11.1,11.9,-0.8,-0.06,+1.42,ar ARG,DF,Banfield,Copa de la Liga,25,1997,13.8,2,0,0,13,9,0,32,15,22,0,0,0,78,18,16,52.9
Kevin Coronel,ar ARG,DF,Arg Juniors,Copa de la Liga,18,2004,3,3,220,2.4,0,0,0,0,0,0,0,0,0.1,0.1,0.1,0.2,7,10,16,0.00,0.00,0.00,0.00,0.00,0.03,0.05,0.08,0.03,0.08,ar ARG,DF,Arg Juniors,Copa de la Liga,18,2004,2.4,0,1,0,0.0,0.41,0.00,0.00,0,11.9,0,0,0,0.1,0.1,0.07,-0.1,-0.1,ar ARG,DF,Arg Juniors,Copa de la Liga,18,2004,2.4,80,123,65.0,1445,675,34,44,77.3,37,55,67.3,8,19,42.1,0,0.1,0.2,-0.1,3,5,4,3,10,ar ARG,DF,Arg Juniors,Copa de la Liga,18,2004,2.4,123,101,21,2,0,1,15,18,1,0,1,0,80,1,2,ar ARG,DF,Arg Juniors,Copa de la Liga,18,2004,2.4,3,1.23,3,0,0,0,0,0,0,0.00,0,0,0,0,0,0,ar ARG,DF,Arg Juniors,Copa de la Liga,18,2004,2.4,2,2,1,0,1,0,1,0.0,1,1,0,1,2,4,5,0,ar ARG,DF,Arg Juniors,Copa de la Liga,18,2004,2.4,140,6,33,68,39,1,140,2,1,50.0,1,50.0,85,325,160,7,5,0,4,0,91,16,ar ARG,DF,Arg Juniors,Copa de la Liga,18,2004,3,220,73,17.5,2.4,3,73,0,0,0,1,0.67,1,3,-2,-0.82,-0.65,2.1,2.3,-0.2,-0.08,+0.17,ar ARG,DF,Arg Juniors,Copa de la Liga,18,2004,2.4,0,0,0,6,1,0,15,2,2,0,0,0,11,1,0,100.0
Mateo Coronel,ar ARG,"FW,MF",Atlé Tucumán,Copa de la Liga,24,1998,13,12,974,10.8,3,0,3,2,1,1,2,0,3.5,2.8,1.6,4.3,27,17,94,0.28,0.00,0.28,0.18,0.18,0.33,0.14,0.47,0.26,0.40,ar ARG,"FW,MF",Atlé Tucumán,Copa de la Liga,24,1998,10.8,3,35,13,37.1,3.23,1.20,0.06,0.15,22.1,0,1,1,3.5,2.8,0.08,-0.5,-0.8,ar ARG,"FW,MF",Atlé Tucumán,Copa de la Liga,24,1998,10.8,189,260,72.7,2520,502,120,142,84.5,42,64,65.6,11,24,45.8,0,1.6,1.0,-1.6,17,15,4,1,17,ar ARG,"FW,MF",Atlé Tucumán,Copa de la Liga,24,1998,10.8,260,245,15,0,0,3,17,4,7,2,4,0,189,0,10,ar ARG,"FW,MF",Atlé Tucumán,Copa de la Liga,24,1998,10.8,40,3.70,23,3,6,4,2,2,1,0.09,0,0,0,0,1,0,ar ARG,"FW,MF",Atlé Tucumán,Copa de la Liga,24,1998,10.8,12,6,2,7,3,3,8,37.5,5,7,0,7,1,13,3,0,ar ARG,"FW,MF",Atlé Tucumán,Copa de la Liga,24,1998,10.8,406,2,26,178,210,45,405,45,16,35.6,26,57.8,258,1686,738,27,18,14,38,13,287,94,ar ARG,"FW,MF",Atlé Tucumán,Copa de la Liga,24,1998,13,974,75,77.3,10.8,12,80,1,1,19,0,1.08,8,10,-2,-0.18,+0.13,11.6,9.1,+2.6,+0.24,+0.92,ar ARG,"FW,MF",Atlé Tucumán,Copa de la Liga,24,1998,10.8,2,0,0,9,12,9,17,1,6,1,0,0,53,3,9,25.0
Ismael Cortéz,ar ARG,"DF,FW",Rosario Central,Copa de la Liga,21,2002,3,1,117,1.3,0,0,0,0,0,0,0,0,0.0,0.0,0.0,0.0,2,5,4,0.00,0.00,0.00,0.00,0.00,0.00,0.02,0.02,0.00,0.02,ar ARG,"DF,FW",Rosario Central,Copa de la Liga,21,2002,1.3,0,0,0,0,0.00,0.00,0,0,0,0,0,0,0.0,0.0,0,0.0,0.0,ar ARG,"DF,FW",Rosario Central,Copa de la Liga,21,2002,1.3,40,61,65.6,714,296,14,20,70.0,24,33,72.7,2,5,40.0,0,0.0,0.0,0.0,1,3,0,0,5,ar ARG,"DF,FW",Rosario Central,Copa de la Liga,21,2002,1.3,61,46,14,0,0,0,0,14,0,0,0,0,40,1,1,ar ARG,"DF,FW",Rosario Central,Copa de la Liga,21,2002,1.3,1,0.76,0,1,0,0,0,0,0,0.00,0,0,0,0,0,0,ar ARG,"DF,FW",Rosario Central,Copa de la Liga,21,2002,1.3,7,4,4,1,2,6,7,85.7,1,3,3,0,3,10,2,0,ar ARG,"DF,FW",Rosario Central,Copa de la Liga,21,2002,1.3,79,2,22,42,16,2,79,3,1,33.3,2,66.7,27,210,110,2,2,0,2,0,31,4,ar ARG,"DF,FW",Rosario Central,Copa de la Liga,21,2002,3,117,39,9.3,1.3,1,90,1,2,14,10,1.33,0,1,-1,-0.77,-1.16,0.7,1.5,-0.8,-0.62,-0.32,ar ARG,"DF,FW",Rosario Central,Copa de la Liga,21,2002,1.3,0,0,0,1,0,0,0,3,4,0,0,0,7,3,2,60.0
Claudio Corvalán,ar ARG,DF,Unión,Copa de la Liga,33,1989,14,14,"1,260",14.0,0,0,0,0,0,0,3,0,0.5,0.5,0.3,0.7,17,83,30,0.00,0.00,0.00,0.00,0.00,0.03,0.02,0.05,0.03,0.05,ar ARG,DF,Unión,Copa de la Liga,33,1989,14.0,0,13,3,23.1,0.93,0.21,0.00,0.00,15.1,0,0,0,0.5,0.5,0.04,-0.5,-0.5,ar ARG,DF,Unión,Copa de la Liga,33,1989,14.0,518,700,74.0,8870,4819,231,266,86.8,233,302,77.2,40,101,39.6,0,0.3,0.4,-0.3,6,52,8,1,83,ar ARG,DF,Unión,Copa de la Liga,33,1989,14.0,700,603,95,22,0,1,18,73,0,0,0,0,518,2,12,ar ARG,DF,Unión,Copa de la Liga,33,1989,14.0,27,1.93,20,4,0,1,2,0,3,0.21,2,0,0,0,1,0,ar ARG,DF,Unión,Copa de la Liga,33,1989,14.0,30,11,22,7,1,16,29,55.2,13,21,10,11,33,63,68,0,ar ARG,DF,Unión,Copa de la Liga,33,1989,14.0,888,74,355,386,152,20,888,4,3,75.0,0,0.0,417,2190,1497,17,22,2,7,5,466,30,ar ARG,DF,Unión,Copa de la Liga,33,1989,14,"1,260",90,100.0,14.0,14,90,14,0,0,0,1.14,10,13,-3,-0.21,0,11.1,13.0,-1.9,-0.13,0,ar ARG,DF,Unión,Copa de la Liga,33,1989,14.0,3,0,0,16,11,0,18,33,11,0,1,0,72,17,18,48.6
Ayrton Costa,ar ARG,DF,Independiente,Copa de la Liga,23,1999,5,4,312,3.5,0,1,1,0,0,0,0,0,0.0,0.0,0.7,0.7,3,14,12,0.00,0.29,0.29,0.00,0.29,0.00,0.20,0.21,0.00,0.21,ar ARG,DF,Independiente,Copa de la Liga,23,1999,3.5,0,1,0,0.0,0.29,0.00,0.00,0,28.1,0,0,0,0.0,0.0,0.01,0.0,0.0,ar ARG,DF,Independiente,Copa de la Liga,23,1999,3.5,118,159,74.2,2281,1060,45,52,86.5,53,69,76.8,17,29,58.6,1,0.7,0.2,+0.3,4,11,3,1,14,ar ARG,DF,Independiente,Copa de la Liga,23,1999,3.5,159,128,31,2,0,2,6,29,0,0,0,0,118,0,3,ar ARG,DF,Independiente,Copa de la Liga,23,1999,3.5,6,1.73,4,2,0,0,0,0,1,0.29,1,0,0,0,0,0,ar ARG,DF,Independiente,Copa de la Liga,23,1999,3.5,12,10,6,2,4,4,9,44.4,5,11,0,11,11,23,10,0,ar ARG,DF,Independiente,Copa de la Liga,23,1999,3.5,213,16,96,71,47,7,213,4,0,0.0,4,100.0,107,375,173,3,2,1,4,3,96,12,ar ARG,DF,Independiente,Copa de la Liga,23,1999,5,312,62,24.8,3.5,4,73,3,1,19,3,2.40,4,3,+1,+0.29,0.00,3.6,3.9,-0.3,-0.10,-0.87,ar ARG,DF,Independiente,Copa de la Liga,23,1999,3.5,0,0,0,7,3,0,6,11,10,0,0,0,19,4,3,57.1
Juan Cruz Kaprof,ar ARG,FW,Sarmiento,Copa de la Liga,27,1995,5,1,226,2.5,2,0,2,2,0,0,2,0,0.6,0.6,0.5,1.1,2,7,16,0.80,0.00,0.80,0.80,0.80,0.22,0.21,0.43,0.22,0.43,ar ARG,FW,Sarmiento,Copa de la Liga,27,1995,2.5,2,6,4,66.7,2.39,1.59,0.33,0.50,19.2,0,0,0,0.6,0.6,0.09,+1.4,+1.4,ar ARG,FW,Sarmiento,Copa de la Liga,27,1995,2.5,33,60,55.0,510,142,19,30,63.3,11,20,55.0,2,4,50.0,0,0.5,0.3,-0.5,4,2,2,0,7,ar ARG,FW,Sarmiento,Copa de la Liga,27,1995,2.5,60,55,4,0,1,1,0,4,0,0,0,0,33,1,1,ar ARG,FW,Sarmiento,Copa de la Liga,27,1995,2.5,6,2.38,5,0,0,1,0,0,0,0.00,0,0,0,0,0,0,ar ARG,FW,Sarmiento,Copa de la Liga,27,1995,2.5,13,8,1,7,5,5,7,71.4,2,4,1,3,1,14,3,0,ar ARG,FW,Sarmiento,Copa de la Liga,27,1995,2.5,98,3,13,45,41,8,98,2,0,0.0,2,100.0,56,251,56,2,1,0,12,5,63,16,ar ARG,FW,Sarmiento,Copa de la Liga,27,1995,5,226,45,17.9,2.5,1,90,1,4,34,1,1.00,2,2,0,0.00,0.00,1.9,1.9,0.0,+0.01,+0.57,ar ARG,FW,Sarmiento,Copa de la Liga,27,1995,2.5,2,0,0,7,3,0,0,1,8,0,0,0,10,0,8,0.0
Juan Cruz Komar,ar ARG,DF,Rosario Central,Copa de la Liga,26,1996,11,6,646,7.2,1,0,1,1,0,0,3,1,0.9,0.9,0.0,0.9,2,7,0,0.14,0.00,0.14,0.14,0.14,0.13,0.00,0.13,0.13,0.13,ar ARG,DF,Rosario Central,Copa de la Liga,26,1996,7.2,1,6,2,33.3,0.84,0.28,0.17,0.50,9.6,0,0,0,0.9,0.9,0.16,+0.1,+0.1,ar ARG,DF,Rosario Central,Copa de la Liga,26,1996,7.2,171,237,72.2,3411,1195,53,65,81.5,98,117,83.8,20,46,43.5,0,0.0,0.0,0.0,0,8,1,0,7,ar ARG,DF,Rosario Central,Copa de la Liga,26,1996,7.2,237,213,24,8,0,2,0,16,0,0,0,0,171,0,6,ar ARG,DF,Rosario Central,Copa de la Liga,26,1996,7.2,1,0.14,1,0,0,0,0,0,0,0.00,0,0,0,0,0,0,ar ARG,DF,Rosario Central,Copa de la Liga,26,1996,7.2,8,3,7,1,0,6,6,100.0,0,9,5,4,17,25,42,0,ar ARG,DF,Rosario Central,Copa de la Liga,26,1996,7.2,326,58,204,105,20,6,326,1,0,0.0,0,0.0,122,401,220,2,1,0,2,0,150,0,ar ARG,DF,Rosario Central,Copa de la Liga,26,1996,11,646,59,51.3,7.2,6,90,6,5,21,2,1.64,11,10,+1,+0.14,-0.30,8.5,9.9,-1.4,-0.20,+0.26,ar ARG,DF,Rosario Central,Copa de la Liga,26,1996,7.2,3,1,0,5,1,0,0,17,3,0,1,0,29,24,10,70.6
Brian Cuello,ar ARG,"MF,FW",Instituto,Copa de la Liga,25,1997,12,6,575,6.4,1,0,1,1,0,0,0,0,1.4,1.4,0.2,1.6,11,12,49,0.16,0.00,0.16,0.16,0.16,0.22,0.03,0.24,0.22,0.24,ar ARG,"MF,FW",Instituto,Copa de la Liga,25,1997,6.4,1,16,5,31.3,2.50,0.78,0.06,0.20,17.9,0,0,0,1.4,1.4,0.09,-0.4,-0.4,ar ARG,"MF,FW",Instituto,Copa de la Liga,25,1997,6.4,103,168,61.3,1226,273,69,82,84.1,24,44,54.5,1,16,6.3,0,0.2,0.2,-0.2,4,7,3,0,12,ar ARG,"MF,FW",Instituto,Copa de la Liga,25,1997,6.4,168,163,5,0,0,0,12,4,0,0,0,0,103,0,8,ar ARG,"MF,FW",Instituto,Copa de la Liga,25,1997,6.4,9,1.41,6,0,1,0,1,1,1,0.16,0,0,0,0,0,1,ar ARG,"MF,FW",Instituto,Copa de la Liga,25,1997,6.4,14,7,5,5,4,5,12,41.7,7,14,1,13,2,16,6,0,ar ARG,"MF,FW",Instituto,Copa de la Liga,25,1997,6.4,278,6,27,108,147,26,278,22,7,31.8,12,54.5,138,794,306,11,5,2,16,11,159,49,ar ARG,"MF,FW",Instituto,Copa de la Liga,25,1997,12,575,48,45.6,6.4,6,74,1,6,22,1,1.33,5,2,+3,+0.47,+0.34,5.2,3.7,+1.4,+0.23,+0.27,ar ARG,"MF,FW",Instituto,Copa de la Liga,25,1997,6.4,0,0,0,8,13,1,12,2,7,0,0,0,30,12,26,31.6
Jonathan David Gómez,ar ARG,"MF,FW",Racing Club,Copa de la Liga,33,1989,11,6,555,6.2,1,1,2,1,0,0,4,0,0.5,0.5,0.5,1.1,15,44,24,0.16,0.16,0.32,0.16,0.32,0.08,0.09,0.17,0.08,0.17,ar ARG,"MF,FW",Racing Club,Copa de la Liga,33,1989,6.2,1,12,3,25.0,1.95,0.49,0.08,0.33,25.3,0,0,0,0.5,0.5,0.04,+0.5,+0.5,ar ARG,"MF,FW",Racing Club,Copa de la Liga,33,1989,6.2,292,342,85.4,4661,1125,148,163,90.8,125,141,88.7,15,23,65.2,1,0.5,0.5,+0.5,6,27,4,0,44,ar ARG,"MF,FW",Racing Club,Copa de la Liga,33,1989,6.2,342,322,19,6,0,0,6,9,4,3,1,0,292,1,8,ar ARG,"MF,FW",Racing Club,Copa de la Liga,33,1989,6.2,14,2.27,9,1,3,1,0,0,2,0.32,2,0,0,0,0,0,ar ARG,"MF,FW",Racing Club,Copa de la Liga,33,1989,6.2,7,4,4,2,1,5,14,35.7,9,2,0,2,1,8,2,0,ar ARG,"MF,FW",Racing Club,Copa de la Liga,33,1989,6.2,409,3,41,222,153,10,409,23,12,52.2,9,39.1,276,1331,651,15,21,3,12,5,318,24,ar ARG,"MF,FW",Racing Club,Copa de la Liga,33,1989,11,555,50,44.0,6.2,6,78,3,5,17,1,1.73,8,9,-1,-0.16,-1.06,7.6,8.5,-0.9,-0.15,-0.41,ar ARG,"MF,FW",Racing Club,Copa de la Liga,33,1989,6.2,4,0,0,12,14,2,6,1,4,0,0,0,36,2,3,40.0
Héctor David Martínez,py PAR,DF,River Plate,Copa de la Liga,25,1998,2,1,98,1.1,0,0,0,0,0,0,0,0,0.0,0.0,0.0,0.0,1,8,1,0.00,0.00,0.00,0.00,0.00,0.04,0.00,0.04,0.04,0.04,py PAR,DF,River Plate,Copa de la Liga,25,1998,1.1,0,1,0,0.0,0.92,0.00,0.00,0,9.5,0,0,0,0.0,0.0,0.04,0.0,0.0,py PAR,DF,River Plate,Copa de la Liga,25,1998,1.1,57,65,87.7,990,407,27,28,96.4,26,28,92.9,3,4,75.0,0,0.0,0.0,0.0,0,7,0,0,8,py PAR,DF,River Plate,Copa de la Liga,25,1998,1.1,65,64,1,0,0,0,0,1,0,0,0,0,57,0,2,py PAR,DF,River Plate,Copa de la Liga,25,1998,1.1,1,0.92,1,0,0,0,0,0,1,0.92,1,0,0,0,0,0,py PAR,DF,River Plate,Copa de la Liga,25,1998,1.1,5,3,2,1,2,3,3,100.0,0,0,0,0,1,6,5,0,py PAR,DF,River Plate,Copa de la Liga,25,1998,1.1,75,4,33,36,8,1,75,0,0,0,0,0,37,177,124,1,0,0,0,0,41,1,py PAR,DF,River Plate,Copa de la Liga,25,1998,2,98,49,7.8,1.1,1,90,1,1,8,9,2.00,4,2,+2,+1.84,+1.37,2.1,1.1,+1.0,+0.93,+0.34,py PAR,DF,River Plate,Copa de la Liga,25,1998,1.1,0,0,0,0,0,0,0,1,3,0,0,0,15,3,2,60.0
Nicolás De La Cruz,uy URU,MF,River Plate,Copa de la Liga,25,1997,9,8,705,7.8,2,0,2,2,0,0,2,0,1.3,1.3,1.1,2.4,22,82,45,0.26,0.00,0.26,0.26,0.26,0.16,0.14,0.30,0.16,0.30,uy URU,MF,River Plate,Copa de la Liga,25,1997,7.8,2,26,6,23.1,3.32,0.77,0.08,0.33,23.4,2,0,0,1.3,1.3,0.05,+0.7,+0.7,uy URU,MF,River Plate,Copa de la Liga,25,1997,7.8,484,617,78.4,8231,3229,247,291,84.9,177,210,84.3,49,80,61.3,0,1.1,2.1,-1.1,17,73,15,3,82,uy URU,MF,River Plate,Copa de la Liga,25,1997,7.8,617,558,59,38,4,3,37,6,14,4,10,0,484,0,19,uy URU,MF,River Plate,Copa de la Liga,25,1997,7.8,44,5.62,34,4,0,1,5,0,0,0.00,0,0,0,0,0,0,uy URU,MF,River Plate,Copa de la Liga,25,1997,7.8,27,20,10,12,5,15,27,55.6,12,11,1,10,9,36,2,2,uy URU,MF,River Plate,Copa de la Liga,25,1997,7.8,736,7,92,415,240,19,736,30,11,36.7,12,40.0,496,2261,1239,22,24,3,24,9,539,45,uy URU,MF,River Plate,Copa de la Liga,25,1997,9,705,78,56.0,7.8,8,83,4,1,45,0,1.82,13,8,+5,+0.64,+0.15,11.8,6.4,+5.4,+0.69,+0.17,uy URU,MF,River Plate,Copa de la Liga,25,1997,7.8,2,0,0,13,30,0,37,9,20,0,0,0,55,11,11,50.0
Hernán De La Fuente,ar ARG,DF,Atlé Tucumán,Copa de la Liga,26,1997,11,8,702,7.8,0,0,0,0,0,0,1,0,0.0,0.0,0.1,0.1,6,17,22,0.00,0.00,0.00,0.00,0.00,0.01,0.01,0.02,0.01,0.02,ar ARG,DF,Atlé Tucumán,Copa de la Liga,26,1997,7.8,0,2,0,0.0,0.26,0.00,0.00,0,24.9,0,0,0,0.0,0.0,0.02,0.0,0.0,ar ARG,DF,Atlé Tucumán,Copa de la Liga,26,1997,7.8,229,324,70.7,3687,1946,121,135,89.6,82,118,69.5,21,48,43.8,0,0.1,0.2,-0.1,2,16,2,1,17,ar ARG,DF,Atlé Tucumán,Copa de la Liga,26,1997,7.8,324,226,97,2,0,1,13,95,0,0,0,0,229,1,10,ar ARG,DF,Atlé Tucumán,Copa de la Liga,26,1997,7.8,8,1.03,6,2,0,0,0,0,1,0.13,1,0,0,0,0,0,ar ARG,DF,Atlé Tucumán,Copa de la Liga,26,1997,7.8,18,17,12,6,0,12,22,54.5,10,5,2,3,9,27,19,0,ar ARG,DF,Atlé Tucumán,Copa de la Liga,26,1997,7.8,412,23,131,187,96,2,412,19,6,31.6,12,63.2,173,975,419,6,13,1,7,12,185,22,ar ARG,DF,Atlé Tucumán,Copa de la Liga,26,1997,11,702,64,55.7,7.8,8,82,4,3,15,3,1.45,5,5,0,0.00,+0.48,6.1,7.3,-1.2,-0.15,-0.40,ar ARG,DF,Atlé Tucumán,Copa de la Liga,26,1997,7.8,1,0,0,13,10,0,13,9,17,0,0,0,40,10,8,55.6
Pedro De la Vega,ar ARG,"FW,MF",Lanús,Copa de la Liga,21,2001,13,13,"1,069",11.9,0,3,3,0,0,0,2,0,2.7,2.7,2.2,4.8,50,30,96,0.00,0.25,0.25,0.00,0.25,0.22,0.18,0.41,0.22,0.41,ar ARG,"FW,MF",Lanús,Copa de la Liga,21,2001,11.9,0,33,7,21.2,2.78,0.59,0.00,0.00,22.6,2,0,0,2.7,2.7,0.08,-2.7,-2.7,ar ARG,"FW,MF",Lanús,Copa de la Liga,21,2001,11.9,287,413,69.5,4650,1020,146,177,82.5,101,139,72.7,25,48,52.1,3,2.2,1.6,+0.8,19,19,5,1,30,ar ARG,"FW,MF",Lanús,Copa de la Liga,21,2001,11.9,413,384,26,9,3,5,42,8,8,0,7,0,287,3,17,ar ARG,"FW,MF",Lanús,Copa de la Liga,21,2001,11.9,46,3.87,24,5,6,5,4,2,4,0.34,2,1,0,1,0,0,ar ARG,"FW,MF",Lanús,Copa de la Liga,21,2001,11.9,20,17,12,6,2,8,18,44.4,10,24,0,24,8,28,6,0,ar ARG,"FW,MF",Lanús,Copa de la Liga,21,2001,11.9,595,6,78,285,250,39,595,99,51,51.5,34,34.3,382,2848,1248,50,25,15,30,16,395,96,ar ARG,"FW,MF",Lanús,Copa de la Liga,21,2001,13,"1,069",82,84.8,11.9,13,82,9,0,0,0,0.92,8,12,-4,-0.34,+0.13,14.0,11.1,+2.9,+0.24,+0.47,ar ARG,"FW,MF",Lanús,Copa de la Liga,21,2001,11.9,2,0,0,17,18,3,42,8,17,1,0,0,83,14,13,51.9
Mateo Del Blanco,ar ARG,"DF,MF",Unión,Copa de la Liga,19,2003,12,3,387,4.3,0,0,0,0,0,0,0,0,0.3,0.3,0.1,0.4,17,25,12,0.00,0.00,0.00,0.00,0.00,0.07,0.03,0.10,0.07,0.10,ar ARG,"DF,MF",Unión,Copa de la Liga,19,2003,4.3,0,6,2,33.3,1.40,0.47,0.00,0.00,17.8,0,0,0,0.3,0.3,0.05,-0.3,-0.3,ar ARG,"DF,MF",Unión,Copa de la Liga,19,2003,4.3,106,162,65.4,1821,751,63,72,87.5,29,45,64.4,12,29,41.4,0,0.1,0.2,-0.1,3,17,2,1,25,ar ARG,"DF,MF",Unión,Copa de la Liga,19,2003,4.3,162,147,15,0,0,2,13,14,0,0,0,0,106,0,9,ar ARG,"DF,MF",Unión,Copa de la Liga,19,2003,4.3,11,2.56,9,0,1,0,1,0,0,0.00,0,0,0,0,0,0,ar ARG,"DF,MF",Unión,Copa de la Liga,19,2003,4.3,7,5,5,2,0,6,11,54.5,5,6,1,5,1,8,7,0,ar ARG,"DF,MF",Unión,Copa de la Liga,19,2003,4.3,230,9,60,108,71,7,230,41,24,58.5,13,31.7,138,1042,618,17,9,0,11,4,128,12,ar ARG,"DF,MF",Unión,Copa de la Liga,19,2003,12,387,32,30.7,4.3,3,75,2,9,18,2,1.17,2,6,-4,-0.93,-1.03,1.7,5.2,-3.5,-0.82,-1.00,ar ARG,"DF,MF",Unión,Copa de la Liga,19,2003,4.3,0,0,0,5,11,0,13,1,5,0,0,0,38,0,1,0.0
Valentín Depietri,ar ARG,"FW,MF",Talleres,Copa de la Liga,22,2000,12,11,718,8.0,1,0,1,1,0,0,1,0,1.8,1.8,1.8,3.6,42,36,73,0.13,0.00,0.13,0.13,0.13,0.23,0.22,0.45,0.23,0.45,ar ARG,"FW,MF",Talleres,Copa de la Liga,22,2000,8.0,1,22,9,40.9,2.76,1.13,0.05,0.11,17.7,0,0,0,1.8,1.8,0.08,-0.8,-0.8,ar ARG,"FW,MF",Talleres,Copa de la Liga,22,2000,8.0,222,282,78.7,3185,800,133,158,84.2,75,95,78.9,7,8,87.5,0,1.8,1.9,-1.8,18,17,13,3,36,ar ARG,"FW,MF",Talleres,Copa de la Liga,22,2000,8.0,282,267,13,6,3,1,9,4,0,0,0,0,222,2,11,ar ARG,"FW,MF",Talleres,Copa de la Liga,22,2000,8.0,43,5.40,28,0,8,6,1,0,1,0.13,1,0,0,0,0,0,ar ARG,"FW,MF",Talleres,Copa de la Liga,22,2000,8.0,13,9,4,5,4,7,14,50.0,7,8,0,8,2,15,1,0,ar ARG,"FW,MF",Talleres,Copa de la Liga,22,2000,8.0,379,4,27,184,183,26,379,51,36,70.6,13,25.5,236,1980,1140,42,29,7,19,12,275,73,ar ARG,"FW,MF",Talleres,Copa de la Liga,22,2000,12,718,60,57.0,8.0,11,62,0,1,37,1,1.25,8,9,-1,-0.13,-0.29,9.8,8.8,+1.0,+0.13,-0.04,ar ARG,"FW,MF",Talleres,Copa de la Liga,22,2000,8.0,1,0,0,17,7,3,9,2,9,0,0,0,42,9,12,42.9
Andrés Desábato,ar ARG,GK,Barracas Central,Copa de la Liga,32,1990,11,11,930,10.3,0,0,0,0,0,0,1,1,0.0,0.0,0.0,0.0,0,0,0,0.00,0.00,0.00,0.00,0.00,0.00,0.00,0.00,0.00,0.00,ar ARG,GK,Barracas Central,Copa de la Liga,32,1990,10.3,0,0,0,0,0.00,0.00,0,0,0,0,0,0,0.0,0.0,0,0.0,0.0,ar ARG,GK,Barracas Central,Copa de la Liga,32,1990,10.3,239,330,72.4,7234,5414,24,24,100.0,125,129,96.9,88,175,50.3,0,0.0,0.0,0.0,0,5,0,0,0,ar ARG,GK,Barracas Central,Copa de la Liga,32,1990,10.3,330,219,111,30,0,0,0,0,0,0,0,0,239,0,0,ar ARG,GK,Barracas Central,Copa de la Liga,32,1990,10.3,0,0.00,0,0,0,0,0,0,0,0.00,0,0,0,0,0,0,ar ARG,GK,Barracas Central,Copa de la Liga,32,1990,10.3,0,0,0,0,0,0,0,0,0,0,0,0,0,0,3,2,ar ARG,GK,Barracas Central,Copa de la Liga,32,1990,10.3,346,290,346,0,0,0,346,2,2,100.0,0,0.0,162,801,492,0,0,0,1,0,113,0,ar ARG,GK,Barracas Central,Copa de la Liga,32,1990,11,930,85,73.8,10.3,11,85,9,0,0,0,0.91,6,13,-7,-0.68,+0.41,9.0,9.2,-0.2,-0.02,+0.59,ar ARG,GK,Barracas Central,Copa de la Liga,32,1990,10.3,1,1,0,2,1,0,0,0,0,0,0,1,13,0,0,0
José Devecchi,ar ARG,GK,Sarmiento,Copa de la Liga,27,1995,14,14,"1,260",14.0,0,0,0,0,0,0,2,0,0.0,0.0,0.0,0.0,0,0,0,0.00,0.00,0.00,0.00,0.00,0.00,0.00,0.00,0.00,0.00,ar ARG,GK,Sarmiento,Copa de la Liga,27,1995,14.0,0,0,0,0,0.00,0.00,0,0,0,0,0,0,0.0,0.0,0,0.0,0.0,ar ARG,GK,Sarmiento,Copa de la Liga,27,1995,14.0,217,424,51.2,7051,5252,33,34,97.1,85,87,97.7,99,303,32.7,0,0.0,0.0,0.0,1,3,0,0,0,ar ARG,GK,Sarmiento,Copa de la Liga,27,1995,14.0,424,245,179,42,0,1,0,0,0,0,0,0,217,0,0,ar ARG,GK,Sarmiento,Copa de la Liga,27,1995,14.0,2,0.14,1,1,0,0,0,0,1,0.07,1,0,0,0,0,0,ar ARG,GK,Sarmiento,Copa de la Liga,27,1995,14.0,1,1,1,0,0,1,1,100.0,0,0,0,0,0,1,11,0,ar ARG,GK,Sarmiento,Copa de la Liga,27,1995,14.0,469,399,469,1,0,0,469,0,0,0,0,0,202,1191,672,0,0,0,1,0,154,0,ar ARG,GK,Sarmiento,Copa de la Liga,27,1995,14,"1,260",90,100.0,14.0,14,90,14,0,0,0,1.14,8,8,0,0.00,0,8.2,14.7,-6.5,-0.46,0,ar ARG,GK,Sarmiento,Copa de la Liga,27,1995,14.0,2,0,0,1,7,0,0,0,1,0,0,0,7,4,1,80.0
Marco Di Cesare,ar ARG,DF,Arg Juniors,Copa de la Liga,21,2002,12,11,940,10.4,1,1,2,1,0,0,4,0,0.3,0.3,1.1,1.4,10,57,6,0.10,0.10,0.19,0.10,0.19,0.03,0.10,0.13,0.03,0.13,ar ARG,DF,Arg Juniors,Copa de la Liga,21,2002,10.4,1,7,4,57.1,0.67,0.38,0.14,0.25,15.0,0,0,0,0.3,0.3,0.05,+0.7,+0.7,ar ARG,DF,Arg Juniors,Copa de la Liga,21,2002,10.4,520,656,79.3,9736,4248,197,222,88.7,260,304,85.5,58,112,51.8,1,1.1,0.8,-0.1,4,44,2,0,57,ar ARG,DF,Arg Juniors,Copa de la Liga,21,2002,10.4,656,619,37,11,0,1,4,26,0,0,0,0,520,0,6,ar ARG,DF,Arg Juniors,Copa de la Liga,21,2002,10.4,11,1.05,9,0,0,2,0,0,1,0.10,1,0,0,0,0,0,ar ARG,DF,Arg Juniors,Copa de la Liga,21,2002,10.4,17,10,8,7,2,15,28,53.6,13,15,7,8,12,29,29,0,ar ARG,DF,Arg Juniors,Copa de la Liga,21,2002,10.4,761,74,323,379,61,18,761,10,9,90.0,1,10.0,421,1971,1085,10,5,0,10,7,486,6,ar ARG,DF,Arg Juniors,Copa de la Liga,21,2002,12,940,78,74.6,10.4,11,85,9,1,2,2,1.08,14,17,-3,-0.29,-0.01,12.7,16.9,-4.1,-0.40,-0.71,ar ARG,DF,Arg Juniors,Copa de la Liga,21,2002,10.4,4,0,0,17,5,0,4,12,10,0,2,0,69,22,18,55.0
Alan Di Pippa,ar ARG,MF,Banfield,Copa de la Liga,22,2000,1,0,1,0.0,0,0,0,0,0,0,0,0,0.0,0.0,0.0,0.0,0,1,0,0.00,0.00,0.00,0.00,0.00,0.00,0.00,0.00,0.00,0.00,ar ARG,MF,Banfield,Copa de la Liga,22,2000,0.0,0,0,0,0,0.00,0.00,0,0,0,0,0,0,0.0,0.0,0,0.0,0.0,ar ARG,MF,Banfield,Copa de la Liga,22,2000,0.0,2,2,100.0,49,19,0,0,0,1,1,100.0,1,1,100.0,0,0.0,0.0,0.0,0,1,0,0,1,ar ARG,MF,Banfield,Copa de la Liga,22,2000,0.0,2,2,0,0,0,0,0,0,0,0,0,0,2,0,0,ar ARG,MF,Banfield,Copa de la Liga,22,2000,0.0,0,0.00,0,0,0,0,0,0,0,0.00,0,0,0,0,0,0,ar ARG,MF,Banfield,Copa de la Liga,22,2000,0.0,0,0,0,0,0,0,1,0.0,1,0,0,0,0,0,1,0,ar ARG,MF,Banfield,Copa de la Liga,22,2000,0.0,4,0,2,2,0,0,4,0,0,0,0,0,0,0,0,0,0,0,0,0,1,0,ar ARG,MF,Banfield,Copa de la Liga,22,2000,1,1,1,0.1,0.0,0,0,0,1,1,5,1.00,0,0,0,0.00,-0.36,0.0,0.0,0.0,0.00,+0.09,ar ARG,MF,Banfield,Copa de la Liga,22,2000,0.0,0,0,0,0,0,0,0,0,0,0,0,0,0,0,0,0
Lucas Diarte,ar ARG,DF,Belgrano,Copa de la Liga,29,1993,5,3,300,3.3,0,0,0,0,0,0,1,0,0.1,0.1,0.0,0.1,3,11,13,0.00,0.00,0.00,0.00,0.00,0.02,0.01,0.03,0.02,0.03,ar ARG,DF,Belgrano,Copa de la Liga,29,1993,3.3,0,2,0,0.0,0.60,0.00,0.00,0,25.4,0,0,0,0.1,0.1,0.03,-0.1,-0.1,ar ARG,DF,Belgrano,Copa de la Liga,29,1993,3.3,116,166,69.9,2047,1028,54,62,87.1,53,75,70.7,9,17,52.9,0,0.0,0.1,0.0,1,9,2,1,11,ar ARG,DF,Belgrano,Copa de la Liga,29,1993,3.3,166,119,47,2,0,1,9,45,0,0,0,0,116,0,9,ar ARG,DF,Belgrano,Copa de la Liga,29,1993,3.3,4,1.20,3,1,0,0,0,0,0,0.00,0,0,0,0,0,0,ar ARG,DF,Belgrano,Copa de la Liga,29,1993,3.3,1,1,0,1,0,1,4,25.0,3,5,1,4,1,2,9,0,ar ARG,DF,Belgrano,Copa de la Liga,29,1993,3.3,199,7,62,94,44,2,199,2,1,50.0,1,50.0,75,291,186,3,6,0,5,2,93,13,ar ARG,DF,Belgrano,Copa de la Liga,29,1993,5,300,60,23.8,3.3,3,83,1,2,26,6,1.20,4,4,0,0.00,-0.19,3.5,2.4,+1.1,+0.32,+0.76,ar ARG,DF,Belgrano,Copa de la Liga,29,1993,3.3,1,0,0,8,3,0,9,1,1,0,0,0,17,1,7,12.5
Enzo Díaz,ar ARG,DF,River Plate,Copa de la Liga,27,1995,10,6,627,7.0,1,0,1,1,0,0,2,0,1.0,1.0,0.5,1.5,15,33,74,0.14,0.00,0.14,0.14,0.14,0.14,0.07,0.21,0.14,0.21,ar ARG,DF,River Plate,Copa de la Liga,27,1995,7.0,1,6,2,33.3,0.86,0.29,0.17,0.50,10.2,0,0,0,1.0,1.0,0.16,0.0,0.0,ar ARG,DF,River Plate,Copa de la Liga,27,1995,7.0,320,402,79.6,4599,1954,180,203,88.7,108,140,77.1,16,29,55.2,0,0.5,0.7,-0.5,8,24,13,5,33,ar ARG,DF,River Plate,Copa de la Liga,27,1995,7.0,402,337,65,2,0,1,28,63,0,0,0,0,320,0,10,ar ARG,DF,River Plate,Copa de la Liga,27,1995,7.0,19,2.73,17,0,0,0,2,0,2,0.29,2,0,0,0,0,0,ar ARG,DF,River Plate,Copa de la Liga,27,1995,7.0,10,6,6,4,0,5,14,35.7,9,7,2,5,10,20,17,0,ar ARG,DF,River Plate,Copa de la Liga,27,1995,7.0,489,23,148,177,166,10,489,11,6,54.5,4,36.4,269,1226,700,15,11,0,17,7,282,74,ar ARG,DF,River Plate,Copa de la Liga,27,1995,10,627,63,49.8,7.0,6,87,4,4,27,4,1.58,9,9,0,0.00,-1.14,10.3,7.4,+2.9,+0.42,-0.39,ar ARG,DF,River Plate,Copa de la Liga,27,1995,7.0,2,0,0,11,11,1,28,10,6,0,0,0,43,13,11,54.2
Franco Díaz,ar ARG,"MF,FW",Platense,Copa de la Liga,22,2000,13,11,959,10.7,0,0,0,0,0,0,3,0,0.4,0.4,0.5,0.9,17,65,31,0.00,0.00,0.00,0.00,0.00,0.04,0.05,0.08,0.04,0.08,ar ARG,"MF,FW",Platense,Copa de la Liga,22,2000,10.7,0,12,3,25.0,1.13,0.28,0.00,0.00,23.8,0,0,0,0.4,0.4,0.03,-0.4,-0.4,ar ARG,"MF,FW",Platense,Copa de la Liga,22,2000,10.7,296,413,71.7,4941,1840,145,170,85.3,107,141,75.9,33,65,50.8,0,0.5,0.7,-0.5,11,44,3,0,65,ar ARG,"MF,FW",Platense,Copa de la Liga,22,2000,10.7,413,393,18,9,1,6,13,7,0,0,0,0,296,2,13,ar ARG,"MF,FW",Platense,Copa de la Liga,22,2000,10.7,27,2.54,15,1,5,2,4,0,1,0.09,0,0,0,0,1,0,ar ARG,"MF,FW",Platense,Copa de la Liga,22,2000,10.7,22,9,6,13,3,8,28,28.6,20,16,0,16,8,30,5,0,ar ARG,"MF,FW",Platense,Copa de la Liga,22,2000,10.7,578,5,93,349,151,9,578,37,24,64.9,10,27.0,304,1700,804,17,20,4,48,19,313,31,ar ARG,"MF,FW",Platense,Copa de la Liga,22,2000,13,959,74,76.1,10.7,11,84,7,2,19,1,1.31,7,10,-3,-0.28,-0.28,9.2,11.2,-2.0,-0.19,-0.11,ar ARG,"MF,FW",Platense,Copa de la Liga,22,2000,10.7,3,0,0,13,20,1,13,8,9,1,0,0,98,16,14,53.3
Gabriel Díaz,ar ARG,DF,Sarmiento,Copa de la Liga,22,2000,13,13,"1,153",12.8,1,0,1,1,0,0,3,0,0.3,0.3,0.5,0.8,20,30,31,0.08,0.00,0.08,0.08,0.08,0.03,0.04,0.06,0.03,0.06,ar ARG,DF,Sarmiento,Copa de la Liga,22,2000,12.8,1,10,3,30.0,0.78,0.23,0.10,0.33,29.2,2,0,0,0.3,0.3,0.03,+0.7,+0.7,ar ARG,DF,Sarmiento,Copa de la Liga,22,2000,12.8,330,525,62.9,6032,2724,142,176,80.7,148,220,67.3,37,102,36.3,0,0.5,0.7,-0.5,9,28,10,7,30,ar ARG,DF,Sarmiento,Copa de la Liga,22,2000,12.8,525,374,147,19,0,3,41,118,10,1,9,0,330,4,12,ar ARG,DF,Sarmiento,Copa de la Liga,22,2000,12.8,23,1.80,11,6,3,1,2,0,0,0.00,0,0,0,0,0,0,ar ARG,DF,Sarmiento,Copa de la Liga,22,2000,12.8,14,7,9,5,0,5,13,38.5,8,11,4,7,16,30,40,0,ar ARG,DF,Sarmiento,Copa de la Liga,22,2000,12.8,653,47,235,292,132,3,653,18,13,72.2,5,27.8,266,1222,663,20,13,0,15,3,277,31,ar ARG,DF,Sarmiento,Copa de la Liga,22,2000,13,"1,153",89,91.5,12.8,13,89,10,0,0,0,1.23,8,7,+1,+0.08,+0.92,7.4,13.7,-6.3,-0.49,-0.33,ar ARG,DF,Sarmiento,Copa de la Liga,22,2000,12.8,3,0,0,4,8,0,41,16,7,0,0,0,73,6,16,27.3
Leandro Díaz,ar ARG,FW,Lanús,Copa de la Liga,30,1992,9,9,745,8.3,3,0,3,3,0,0,3,0,3.5,3.5,0.4,4.0,8,7,38,0.36,0.00,0.36,0.36,0.36,0.43,0.05,0.48,0.43,0.48,ar ARG,FW,Lanús,Copa de la Liga,30,1992,8.3,3,17,7,41.2,2.05,0.85,0.18,0.43,14.8,0,0,0,3.5,3.5,0.21,-0.5,-0.5,ar ARG,FW,Lanús,Copa de la Liga,30,1992,8.3,102,180,56.7,1275,245,68,95,71.6,17,39,43.6,6,14,42.9,0,0.4,0.6,-0.4,5,2,4,2,7,ar ARG,FW,Lanús,Copa de la Liga,30,1992,8.3,180,163,16,0,1,2,6,1,0,0,0,0,102,1,11,ar ARG,FW,Lanús,Copa de la Liga,30,1992,8.3,16,1.94,9,0,1,3,3,0,0,0.00,0,0,0,0,0,0,ar ARG,FW,Lanús,Copa de la Liga,30,1992,8.3,1,1,0,0,1,0,3,0.0,3,4,0,4,3,4,6,0,ar ARG,FW,Lanús,Copa de la Liga,30,1992,8.3,257,5,18,116,123,30,257,3,2,66.7,1,33.3,135,499,205,8,6,2,21,8,191,38,ar ARG,FW,Lanús,Copa de la Liga,30,1992,9,745,83,59.1,8.3,9,83,4,0,0,0,1.00,8,8,0,0.00,+0.87,9.5,5.9,+3.6,+0.43,+0.64,ar ARG,FW,Lanús,Copa de la Liga,30,1992,8.3,3,0,0,7,8,5,6,3,1,0,0,0,15,17,30,36.2
Paulo Díaz,cl CHI,DF,River Plate,Copa de la Liga,28,1994,10,10,900,10.0,1,0,1,1,0,0,3,0,0.4,0.4,0.1,0.5,11,53,1,0.10,0.00,0.10,0.10,0.10,0.04,0.01,0.05,0.04,0.05,cl CHI,DF,River Plate,Copa de la Liga,28,1994,10.0,1,8,2,25.0,0.80,0.20,0.13,0.50,20.7,0,0,0,0.4,0.4,0.05,+0.6,+0.6,cl CHI,DF,River Plate,Copa de la Liga,28,1994,10.0,545,638,85.4,11336,4975,161,179,89.9,295,331,89.1,85,118,72.0,0,0.1,0.4,-0.1,2,46,1,0,53,cl CHI,DF,River Plate,Copa de la Liga,28,1994,10.0,638,621,17,15,1,7,0,2,0,0,0,0,545,0,2,cl CHI,DF,River Plate,Copa de la Liga,28,1994,10.0,10,1.00,9,0,0,1,0,0,1,0.10,0,0,0,1,0,0,cl CHI,DF,River Plate,Copa de la Liga,28,1994,10.0,15,12,13,2,0,10,15,66.7,5,11,7,4,12,27,64,0,cl CHI,DF,River Plate,Copa de la Liga,28,1994,10.0,765,99,385,351,30,8,765,6,4,66.7,1,16.7,428,2376,1517,11,9,0,4,4,482,1,cl CHI,DF,River Plate,Copa de la Liga,28,1994,10,900,90,71.4,10.0,10,90,10,0,0,0,2.00,15,8,+7,+0.70,+0.45,15.0,8.4,+6.6,+0.66,+0.15,cl CHI,DF,River Plate,Copa de la Liga,28,1994,10.0,3,0,0,10,8,1,0,12,12,0,0,0,50,31,22,58.5
Jerónimo Domina,ar ARG,FW,Unión,Copa de la Liga,17,2005,13,11,888,9.9,0,1,1,0,0,0,2,0,1.2,1.2,1.7,2.9,18,15,64,0.00,0.10,0.10,0.00,0.10,0.12,0.17,0.29,0.12,0.29,ar ARG,FW,Unión,Copa de la Liga,17,2005,9.9,0,15,6,40.0,1.52,0.61,0.00,0.00,15.0,0,0,0,1.2,1.2,0.08,-1.2,-1.2,ar ARG,FW,Unión,Copa de la Liga,17,2005,9.9,106,160,66.3,1365,308,62,88,70.5,27,37,73.0,6,11,54.5,1,1.7,0.7,-0.7,12,8,8,3,15,ar ARG,FW,Unión,Copa de la Liga,17,2005,9.9,160,158,2,0,0,0,13,0,0,0,0,0,106,0,8,ar ARG,FW,Unión,Copa de la Liga,17,2005,9.9,23,2.33,15,0,3,1,4,0,0,0.00,0,0,0,0,0,0,ar ARG,FW,Unión,Copa de la Liga,17,2005,9.9,6,3,0,6,0,4,8,50.0,4,5,0,5,3,9,2,0,ar ARG,FW,Unión,Copa de la Liga,17,2005,9.9,267,3,14,110,150,31,267,31,14,45.2,14,45.2,191,1000,351,18,12,4,34,12,207,64,ar ARG,FW,Unión,Copa de la Liga,17,2005,13,888,68,70.5,9.9,11,76,2,2,24,0,1.23,8,9,-1,-0.10,+0.38,9.6,9.3,+0.3,+0.03,+0.56,ar ARG,FW,Unión,Copa de la Liga,17,2005,9.9,2,0,0,12,20,3,13,3,3,0,0,0,31,9,22,29.0
Alexis Dominguez,ar ARG,FW,Barracas Central,Copa de la Liga,26,1996,12,9,773,8.6,2,1,3,2,0,0,0,0,1.4,1.4,0.8,2.2,9,13,53,0.23,0.12,0.35,0.23,0.35,0.16,0.10,0.25,0.16,0.25,ar ARG,FW,Barracas Central,Copa de la Liga,26,1996,8.6,2,19,6,31.6,2.21,0.70,0.11,0.33,17.1,0,0,0,1.4,1.4,0.07,+0.6,+0.6,ar ARG,FW,Barracas Central,Copa de la Liga,26,1996,8.6,119,189,63.0,1722,259,69,96,71.9,43,62,69.4,5,9,55.6,1,0.8,0.4,+0.2,7,7,3,1,13,ar ARG,FW,Barracas Central,Copa de la Liga,26,1996,8.6,189,179,9,0,0,3,5,0,0,0,0,0,119,1,12,ar ARG,FW,Barracas Central,Copa de la Liga,26,1996,8.6,10,1.16,9,0,0,0,1,0,1,0.12,1,0,0,0,0,0,ar ARG,FW,Barracas Central,Copa de la Liga,26,1996,8.6,8,6,1,4,3,2,4,50.0,2,8,0,8,0,8,4,0,ar ARG,FW,Barracas Central,Copa de la Liga,26,1996,8.6,292,5,8,143,145,24,292,8,4,50.0,4,50.0,144,662,203,9,8,3,35,6,217,53,ar ARG,FW,Barracas Central,Copa de la Liga,26,1996,12,773,64,61.3,8.6,9,79,1,3,21,2,1.17,7,13,-6,-0.70,+0.23,8.7,7.5,+1.1,+0.13,+0.80,ar ARG,FW,Barracas Central,Copa de la Liga,26,1996,8.6,0,0,0,7,8,0,5,0,6,0,0,0,29,34,49,41.0
Benjamín Domínguez,ar ARG,"FW,MF",Gimnasia–LP,Copa de la Liga,19,2003,13,8,824,9.2,0,0,0,0,0,0,0,0,1.6,1.6,0.3,1.9,32,14,71,0.00,0.00,0.00,0.00,0.00,0.18,0.04,0.21,0.18,0.21,ar ARG,"FW,MF",Gimnasia–LP,Copa de la Liga,19,2003,9.2,0,18,7,38.9,1.97,0.76,0.00,0.00,21.9,0,0,0,1.6,1.6,0.09,-1.6,-1.6,ar ARG,"FW,MF",Gimnasia–LP,Copa de la Liga,19,2003,9.2,146,227,64.3,1955,443,91,121,75.2,40,69,58.0,5,11,45.5,0,0.3,0.7,-0.3,6,11,4,2,14,ar ARG,"FW,MF",Gimnasia–LP,Copa de la Liga,19,2003,9.2,227,222,5,0,0,2,22,4,0,0,0,0,146,0,8,ar ARG,"FW,MF",Gimnasia–LP,Copa de la Liga,19,2003,9.2,24,2.62,12,0,5,2,5,0,0,0.00,0,0,0,0,0,0,ar ARG,"FW,MF",Gimnasia–LP,Copa de la Liga,19,2003,9.2,8,4,1,6,1,5,17,29.4,12,8,0,8,3,11,2,0,ar ARG,"FW,MF",Gimnasia–LP,Copa de la Liga,19,2003,9.2,371,1,49,136,205,39,371,74,36,48.6,35,47.3,260,1972,941,32,30,10,36,24,238,71,ar ARG,"FW,MF",Gimnasia–LP,Copa de la Liga,19,2003,13,824,63,65.4,9.2,8,83,3,5,32,1,0.92,9,17,-8,-0.87,-0.87,9.2,11.6,-2.4,-0.26,-0.06,ar ARG,"FW,MF",Gimnasia–LP,Copa de la Liga,19,2003,9.2,0,0,0,9,21,1,22,3,4,0,0,0,70,6,9,40.0
Fabricio Domínguez,uy URU,"DF,MF",Arg Juniors,Copa de la Liga,24,1998,2,0,42,0.5,0,0,0,0,0,0,1,0,0.0,0.0,0.0,0.0,1,1,2,0.00,0.00,0.00,0.00,0.00,0.07,0.00,0.07,0.07,0.07,uy URU,"DF,MF",Arg Juniors,Copa de la Liga,24,1998,0.5,0,1,0,0.0,2.14,0.00,0.00,0,13.9,0,0,0,0.0,0.0,0.03,0.0,0.0,uy URU,"DF,MF",Arg Juniors,Copa de la Liga,24,1998,0.5,9,15,60.0,189,56,3,4,75.0,2,4,50.0,3,4,75.0,0,0.0,0.0,0.0,0,0,0,0,1,uy URU,"DF,MF",Arg Juniors,Copa de la Liga,24,1998,0.5,15,13,2,0,0,0,3,1,1,0,1,0,9,0,1,uy URU,"DF,MF",Arg Juniors,Copa de la Liga,24,1998,0.5,0,0.00,0,0,0,0,0,0,0,0.00,0,0,0,0,0,0,uy URU,"DF,MF",Arg Juniors,Copa de la Liga,24,1998,0.5,1,0,1,0,0,1,1,100.0,0,1,0,1,0,1,0,0,uy URU,"DF,MF",Arg Juniors,Copa de la Liga,24,1998,0.5,24,0,2,11,11,2,24,3,2,66.7,1,33.3,12,68,52,1,1,0,2,0,13,2,uy URU,"DF,MF",Arg Juniors,Copa de la Liga,24,1998,2,42,21,3.3,0.5,0,0,0,2,21,5,1.50,0,2,-2,-4.29,-4.14,0.5,1.4,-0.9,-1.97,-1.81,uy URU,"DF,MF",Arg Juniors,Copa de la Liga,24,1998,0.5,1,0,0,0,1,0,3,0,0,0,0,0,1,3,0,100.0
Jose Domínguez,py PAR,DF,Lanús,Copa de la Liga,26,1996,8,7,645,7.2,0,0,0,0,0,0,2,3,0.2,0.2,0.1,0.3,4,12,1,0.00,0.00,0.00,0.00,0.00,0.03,0.01,0.04,0.03,0.04,py PAR,DF,Lanús,Copa de la Liga,26,1996,7.2,0,5,0,0.0,0.70,0.00,0.00,0,21.2,0,0,0,0.2,0.2,0.05,-0.2,-0.2,py PAR,DF,Lanús,Copa de la Liga,26,1996,7.2,307,354,86.7,6191,2389,88,97,90.7,189,201,94.0,28,50,56.0,0,0.1,0.0,-0.1,2,12,0,0,12,py PAR,DF,Lanús,Copa de la Liga,26,1996,7.2,354,349,4,4,1,8,0,0,0,0,0,0,307,1,1,py PAR,DF,Lanús,Copa de la Liga,26,1996,7.2,5,0.70,2,0,1,1,1,0,0,0.00,0,0,0,0,0,0,py PAR,DF,Lanús,Copa de la Liga,26,1996,7.2,11,5,9,2,0,7,9,77.8,2,7,5,2,14,25,44,1,py PAR,DF,Lanús,Copa de la Liga,26,1996,7.2,448,66,279,157,16,2,448,1,1,100.0,0,0.0,261,1086,505,4,4,0,4,3,278,1,py PAR,DF,Lanús,Copa de la Liga,26,1996,8,645,81,51.2,7.2,7,83,4,1,63,1,0.75,3,5,-2,-0.28,+0.16,5.0,4.6,+0.4,+0.06,-0.23,py PAR,DF,Lanús,Copa de la Liga,26,1996,7.2,2,3,1,6,7,0,0,14,5,0,1,0,45,14,6,70.0
Nicolás Dubersarsky,ar ARG,MF,Instituto,Copa de la Liga,18,2004,1,0,3,0.0,0,0,0,0,0,0,0,0,0.0,0.0,0.0,0.0,0,0,0,0.00,0.00,0.00,0.00,0.00,0.00,0.00,0.00,0.00,0.00,ar ARG,MF,Instituto,Copa de la Liga,18,2004,0.0,0,0,0,0,0.00,0.00,0,0,0,0,0,0,0.0,0.0,0,0.0,0.0,ar ARG,MF,Instituto,Copa de la Liga,18,2004,0.0,0,0,0,0,0,0,0,0,0,0,0,0,0,0,0,0.0,0.0,0.0,0,0,0,0,0,ar ARG,MF,Instituto,Copa de la Liga,18,2004,0.0,0,0,0,0,0,0,0,0,0,0,0,0,0,0,0,ar ARG,MF,Instituto,Copa de la Liga,18,2004,0.0,0,0.00,0,0,0,0,0,0,0,0.00,0,0,0,0,0,0,ar ARG,MF,Instituto,Copa de la Liga,18,2004,0.0,0,0,0,0,0,0,1,0.0,1,0,0,0,0,0,0,0,ar ARG,MF,Instituto,Copa de la Liga,18,2004,0.0,0,0,0,0,0,0,0,0,0,0,0,0,0,0,0,0,0,0,0,0,0,0,ar ARG,MF,Instituto,Copa de la Liga,18,2004,1,3,3,0.2,0.0,0,0,0,1,3,0,1.00,0,0,0,0.00,-0.29,0.0,0.1,-0.1,-1.66,-1.74,ar ARG,MF,Instituto,Copa de la Liga,18,2004,0.0,0,0,0,0,0,0,0,0,0,0,0,0,0,0,0,0
Tomás Durso,ar ARG,GK,Gimnasia–LP,Copa de la Liga,23,1999,14,14,"1,260",14.0,0,0,0,0,0,0,1,0,0.0,0.0,0.0,0.0,0,0,0,0.00,0.00,0.00,0.00,0.00,0.00,0.00,0.00,0.00,0.00,ar ARG,GK,Gimnasia–LP,Copa de la Liga,23,1999,14.0,0,0,0,0,0.00,0.00,0,0,0,0,0,0,0.0,0.0,0,0.0,0.0,ar ARG,GK,Gimnasia–LP,Copa de la Liga,23,1999,14.0,180,328,54.9,7040,6281,30,30,100.0,49,50,98.0,100,247,40.5,0,0.0,0.0,0.0,0,6,0,0,0,ar ARG,GK,Gimnasia–LP,Copa de la Liga,23,1999,14.0,328,155,173,25,0,0,0,0,0,0,0,0,180,0,0,ar ARG,GK,Gimnasia–LP,Copa de la Liga,23,1999,14.0,1,0.07,0,1,0,0,0,0,0,0.00,0,0,0,0,0,0,ar ARG,GK,Gimnasia–LP,Copa de la Liga,23,1999,14.0,1,1,1,0,0,0,0,0,0,1,0,1,0,1,8,0,ar ARG,GK,Gimnasia–LP,Copa de la Liga,23,1999,14.0,356,309,355,1,0,0,356,0,0,0,0,0,147,1114,769,0,0,0,0,0,57,0,ar ARG,GK,Gimnasia–LP,Copa de la Liga,23,1999,14,"1,260",90,100.0,14.0,14,90,14,0,0,0,1.07,13,21,-8,-0.57,0,13.3,16.6,-3.3,-0.24,0,ar ARG,GK,Gimnasia–LP,Copa de la Liga,23,1999,14.0,1,0,0,0,2,0,0,0,1,0,0,0,18,7,0,100.0
Facundo Echevarría,ar ARG,"FW,MF",Defensa y Just,Copa de la Liga,20,2002,5,2,169,1.9,1,0,1,1,0,0,0,0,0.1,0.1,0.3,0.4,2,5,10,0.53,0.00,0.53,0.53,0.53,0.06,0.15,0.21,0.06,0.21,ar ARG,"FW,MF",Defensa y Just,Copa de la Liga,20,2002,1.9,1,2,1,50.0,1.07,0.53,0.50,1.00,15.9,0,0,0,0.1,0.1,0.06,+0.9,+0.9,ar ARG,"FW,MF",Defensa y Just,Copa de la Liga,20,2002,1.9,29,45,64.4,504,179,14,17,82.4,10,15,66.7,4,10,40.0,0,0.3,0.1,-0.3,2,4,2,0,5,ar ARG,"FW,MF",Defensa y Just,Copa de la Liga,20,2002,1.9,45,42,3,0,1,1,4,0,1,0,1,0,29,0,2,ar ARG,"FW,MF",Defensa y Just,Copa de la Liga,20,2002,1.9,5,2.63,4,1,0,0,0,0,1,0.53,1,0,0,0,0,0,ar ARG,"FW,MF",Defensa y Just,Copa de la Liga,20,2002,1.9,3,2,1,2,0,3,4,75.0,1,2,1,1,1,4,1,0,ar ARG,"FW,MF",Defensa y Just,Copa de la Liga,20,2002,1.9,72,1,6,39,27,1,72,5,2,40.0,3,60.0,44,269,74,2,2,0,9,6,54,10,ar ARG,"FW,MF",Defensa y Just,Copa de la Liga,20,2002,5,169,34,13.4,1.9,2,56,0,3,19,3,0.80,1,1,0,0.00,+0.33,1.4,4.6,-3.2,-1.66,-1.22,ar ARG,"FW,MF",Defensa y Just,Copa de la Liga,20,2002,1.9,0,0,0,5,4,2,4,1,2,0,0,0,9,2,4,33.3
Rodrigo Echeverría,cl CHI,MF,Huracán,Copa de la Liga,27,1995,13,13,"1,170",13.0,1,2,3,1,0,0,2,0,1.1,1.1,1.0,2.1,4,51,12,0.08,0.15,0.23,0.08,0.23,0.09,0.08,0.16,0.09,0.16,cl CHI,MF,Huracán,Copa de la Liga,27,1995,13.0,1,9,3,33.3,0.69,0.23,0.11,0.33,16.9,0,0,0,1.1,1.1,0.13,-0.1,-0.1,cl CHI,MF,Huracán,Copa de la Liga,27,1995,13.0,450,565,79.6,8066,3043,193,230,83.9,192,231,83.1,54,70,77.1,2,1.0,0.3,+1.0,3,38,2,1,51,cl CHI,MF,Huracán,Copa de la Liga,27,1995,13.0,565,546,17,10,0,7,2,5,0,0,0,0,450,2,9,cl CHI,MF,Huracán,Copa de la Liga,27,1995,13.0,14,1.08,11,1,0,1,1,0,3,0.23,2,0,0,1,0,0,cl CHI,MF,Huracán,Copa de la Liga,27,1995,13.0,41,20,17,20,4,22,42,52.4,20,19,6,13,15,56,24,0,cl CHI,MF,Huracán,Copa de la Liga,27,1995,13.0,724,41,236,443,51,14,724,12,4,33.3,8,66.7,341,1397,663,4,6,0,10,10,397,12,cl CHI,MF,Huracán,Copa de la Liga,27,1995,13,"1,170",90,92.9,13.0,13,90,13,0,0,1,1.93,19,10,+9,+0.69,+1.69,13.2,12.8,+0.4,+0.03,+1.08,cl CHI,MF,Huracán,Copa de la Liga,27,1995,13.0,2,0,0,17,12,0,2,15,20,0,0,0,90,42,29,59.2
Jorge Eduardo Recalde,py PAR,FW,Newell's OB,Copa de la Liga,30,1992,14,13,"1,005",11.2,1,1,2,1,0,0,3,0,1.7,1.7,0.4,2.2,6,26,46,0.09,0.09,0.18,0.09,0.18,0.16,0.04,0.19,0.16,0.19,py PAR,FW,Newell's OB,Copa de la Liga,30,1992,11.2,1,21,8,38.1,1.88,0.72,0.05,0.13,17.5,2,0,0,1.7,1.7,0.08,-0.7,-0.7,py PAR,FW,Newell's OB,Copa de la Liga,30,1992,11.2,150,220,68.2,2409,515,78,100,78.0,48,71,67.6,15,26,57.7,1,0.4,0.4,+0.6,6,15,1,0,26,py PAR,FW,Newell's OB,Copa de la Liga,30,1992,11.2,220,211,6,0,2,4,4,0,0,0,0,0,150,3,8,py PAR,FW,Newell's OB,Copa de la Liga,30,1992,11.2,18,1.61,16,0,1,0,1,0,2,0.18,2,0,0,0,0,0,py PAR,FW,Newell's OB,Copa de la Liga,30,1992,11.2,9,5,3,3,3,5,9,55.6,4,4,0,4,1,10,17,0,py PAR,FW,Newell's OB,Copa de la Liga,30,1992,11.2,320,17,42,155,127,33,320,9,4,44.4,5,55.6,194,721,185,6,7,1,31,12,240,46,py PAR,FW,Newell's OB,Copa de la Liga,30,1992,14,"1,005",72,79.8,11.2,13,75,4,1,28,0,1.29,11,6,+5,+0.45,+0.80,9.4,6.3,+3.1,+0.28,+0.76,py PAR,FW,Newell's OB,Copa de la Liga,30,1992,11.2,3,0,0,5,3,6,4,1,5,0,0,0,26,21,28,42.9
Jalil Elías,sy SYR,MF,San Lorenzo,Copa de la Liga,26,1996,13,13,"1,170",13.0,1,0,1,1,0,0,6,0,0.1,0.1,0.5,0.6,18,68,21,0.08,0.00,0.08,0.08,0.08,0.01,0.04,0.05,0.01,0.05,sy SYR,MF,San Lorenzo,Copa de la Liga,26,1996,13.0,1,4,2,50.0,0.31,0.15,0.25,0.50,24.4,0,0,0,0.1,0.1,0.04,+0.9,+0.9,sy SYR,MF,San Lorenzo,Copa de la Liga,26,1996,13.0,510,645,79.1,8882,2706,223,256,87.1,222,258,86.0,51,82,62.2,0,0.5,1.2,-0.5,11,60,10,2,68,sy SYR,MF,San Lorenzo,Copa de la Liga,26,1996,13.0,645,585,57,32,3,6,19,21,1,0,1,0,510,3,21,sy SYR,MF,San Lorenzo,Copa de la Liga,26,1996,13.0,25,1.92,21,2,0,1,0,1,0,0.00,0,0,0,0,0,0,sy SYR,MF,San Lorenzo,Copa de la Liga,26,1996,13.0,25,18,9,14,2,16,32,50.0,16,14,5,9,10,35,17,0,sy SYR,MF,San Lorenzo,Copa de la Liga,26,1996,13.0,754,22,116,508,134,8,754,14,6,42.9,7,50.0,371,1996,952,18,10,3,12,7,425,21,sy SYR,MF,San Lorenzo,Copa de la Liga,26,1996,13,"1,170",90,92.9,13.0,13,90,13,0,0,0,1.38,11,10,+1,+0.08,+1.08,10.6,11.0,-0.4,-0.03,+1.45,sy SYR,MF,San Lorenzo,Copa de la Liga,26,1996,13.0,6,0,0,10,6,1,19,10,18,0,0,0,90,11,13,45.8
Edgar Elizalde,uy URU,DF,Independiente,Copa de la Liga,22,2000,2,1,106,1.2,0,0,0,0,0,0,0,0,0.0,0.0,0.0,0.0,3,13,0,0.00,0.00,0.00,0.00,0.00,0.00,0.00,0.00,0.00,0.00,uy URU,DF,Independiente,Copa de la Liga,22,2000,1.2,0,0,0,0,0.00,0.00,0,0,0,0,0,0,0.0,0.0,0,0.0,0.0,uy URU,DF,Independiente,Copa de la Liga,22,2000,1.2,65,82,79.3,1304,635,20,23,87.0,33,41,80.5,11,16,68.8,0,0.0,0.1,0.0,0,7,2,0,13,uy URU,DF,Independiente,Copa de la Liga,22,2000,1.2,82,81,1,1,0,0,1,0,0,0,0,0,65,0,0,uy URU,DF,Independiente,Copa de la Liga,22,2000,1.2,1,0.85,1,0,0,0,0,0,0,0.00,0,0,0,0,0,0,uy URU,DF,Independiente,Copa de la Liga,22,2000,1.2,2,0,0,1,1,1,1,100.0,0,2,0,2,2,4,1,0,uy URU,DF,Independiente,Copa de la Liga,22,2000,1.2,96,7,40,51,5,0,96,1,1,100.0,0,0.0,65,348,233,3,1,0,1,0,61,0,uy URU,DF,Independiente,Copa de la Liga,22,2000,2,106,53,8.4,1.2,1,90,1,1,16,12,1.50,1,2,-1,-0.85,-1.24,1.3,2.3,-1.1,-0.91,-1.60,uy URU,DF,Independiente,Copa de la Liga,22,2000,1.2,0,0,0,3,0,0,1,2,0,0,0,0,7,5,4,55.6
Guillermo Enrique,ar ARG,DF,Gimnasia–LP,Copa de la Liga,22,2000,11,10,851,9.5,0,1,1,0,0,0,3,0,0.3,0.3,0.1,0.4,20,20,18,0.00,0.11,0.11,0.00,0.11,0.03,0.01,0.04,0.03,0.04,ar ARG,DF,Gimnasia–LP,Copa de la Liga,22,2000,9.5,0,9,1,11.1,0.95,0.11,0.00,0.00,20.5,0,0,0,0.3,0.3,0.03,-0.3,-0.3,ar ARG,DF,Gimnasia–LP,Copa de la Liga,22,2000,9.5,173,325,53.2,3631,2263,66,93,71.0,68,119,57.1,35,94,37.2,1,0.1,0.2,+0.9,2,31,6,4,20,ar ARG,DF,Gimnasia–LP,Copa de la Liga,22,2000,9.5,325,220,104,4,0,7,28,100,0,0,0,0,173,1,10,ar ARG,DF,Gimnasia–LP,Copa de la Liga,22,2000,9.5,17,1.80,8,2,2,2,1,2,2,0.21,1,0,0,1,0,0,ar ARG,DF,Gimnasia–LP,Copa de la Liga,22,2000,9.5,35,19,17,13,5,18,29,62.1,11,16,3,13,16,51,40,1,ar ARG,DF,Gimnasia–LP,Copa de la Liga,22,2000,9.5,481,36,192,189,111,6,481,29,11,37.9,13,44.8,167,1127,557,20,18,0,17,8,135,18,ar ARG,DF,Gimnasia–LP,Copa de la Liga,22,2000,11,851,77,67.5,9.5,10,83,7,1,22,0,1.36,10,14,-4,-0.42,+0.46,9.3,11.7,-2.4,-0.26,-0.06,ar ARG,DF,Gimnasia–LP,Copa de la Liga,22,2000,9.5,3,0,0,11,6,0,28,16,19,0,0,0,76,20,9,69.0
Lautaro Escalante,ar ARG,"DF,MF",Defensa y Just,Copa de la Liga,23,1999,6,6,481,5.3,0,0,0,0,0,0,3,0,0.1,0.1,0.5,0.7,6,31,20,0.00,0.00,0.00,0.00,0.00,0.03,0.10,0.13,0.03,0.13,ar ARG,"DF,MF",Defensa y Just,Copa de la Liga,23,1999,5.3,0,7,0,0.0,1.31,0.00,0.00,0,25.8,0,0,0,0.1,0.1,0.02,-0.1,-0.1,ar ARG,"DF,MF",Defensa y Just,Copa de la Liga,23,1999,5.3,204,254,80.3,4193,1408,77,89,86.5,88,103,85.4,38,56,67.9,0,0.5,0.5,-0.5,7,20,6,5,31,ar ARG,"DF,MF",Defensa y Just,Copa de la Liga,23,1999,5.3,254,210,44,7,1,6,18,33,4,1,2,0,204,0,5,ar ARG,"DF,MF",Defensa y Just,Copa de la Liga,23,1999,5.3,13,2.43,12,1,0,0,0,0,0,0.00,0,0,0,0,0,0,ar ARG,"DF,MF",Defensa y Just,Copa de la Liga,23,1999,5.3,16,9,6,8,2,9,14,64.3,5,7,1,6,7,23,5,0,ar ARG,"DF,MF",Defensa y Just,Copa de la Liga,23,1999,5.3,319,7,86,160,74,4,319,7,1,14.3,6,85.7,157,751,404,6,8,1,9,4,177,20,ar ARG,"DF,MF",Defensa y Just,Copa de la Liga,23,1999,6,481,80,38.2,5.3,6,80,4,0,0,8,0.83,3,8,-5,-0.94,-1.05,3.8,9.1,-5.3,-0.99,-0.62,ar ARG,"DF,MF",Defensa y Just,Copa de la Liga,23,1999,5.3,3,0,0,6,8,0,18,7,9,0,0,0,35,2,5,28.6
Gonzalo Escudero,ar ARG,"DF,MF",Racing Club,Copa de la Liga,15,2007,1,0,3,0.0,0,0,0,0,0,0,0,0,0.0,0.0,0.0,0.0,0,0,0,0.00,0.00,0.00,0.00,0.00,0.00,0.00,0.00,0.00,0.00,ar ARG,"DF,MF",Racing Club,Copa de la Liga,15,2007,0.0,0,0,0,0,0.00,0.00,0,0,0,0,0,0,0.0,0.0,0,0.0,0.0,ar ARG,"DF,MF",Racing Club,Copa de la Liga,15,2007,0.0,0,0,0,0,0,0,0,0,0,0,0,0,0,0,0,0.0,0.0,0.0,0,0,0,0,0,ar ARG,"DF,MF",Racing Club,Copa de la Liga,15,2007,0.0,0,0,0,0,0,0,0,0,0,0,0,0,0,0,0,ar ARG,"DF,MF",Racing Club,Copa de la Liga,15,2007,0.0,0,0.00,0,0,0,0,0,0,0,0.00,0,0,0,0,0,0,ar ARG,"DF,MF",Racing Club,Copa de la Liga,15,2007,0.0,0,0,0,0,0,0,0,0,0,0,0,0,0,0,0,0,ar ARG,"DF,MF",Racing Club,Copa de la Liga,15,2007,0.0,0,0,0,0,0,0,0,0,0,0,0,0,0,0,0,0,0,0,0,0,0,0,ar ARG,"DF,MF",Racing Club,Copa de la Liga,15,2007,1,3,3,0.2,0.0,0,0,0,1,3,1,3.00,0,0,0,0.00,-0.43,0.0,0.2,-0.2,-5.47,-5.56,ar ARG,"DF,MF",Racing Club,Copa de la Liga,15,2007,0.0,0,0,0,0,0,0,0,0,0,0,0,0,0,0,1,0.0
Julián Eseiza,ar ARG,FW,Godoy Cruz,Copa de la Liga,20,2002,1,0,1,0.0,0,0,0,0,0,0,0,0,0.0,0.0,0.0,0.0,0,0,0,0.00,0.00,0.00,0.00,0.00,0.00,0.00,0.00,0.00,0.00,ar ARG,FW,Godoy Cruz,Copa de la Liga,20,2002,0.0,0,0,0,0,0.00,0.00,0,0,0,0,0,0,0.0,0.0,0,0.0,0.0,ar ARG,FW,Godoy Cruz,Copa de la Liga,20,2002,0.0,0,0,0,0,0,0,0,0,0,0,0,0,0,0,0,0.0,0.0,0.0,0,0,0,0,0,ar ARG,FW,Godoy Cruz,Copa de la Liga,20,2002,0.0,0,0,0,0,0,0,0,0,0,0,0,0,0,0,0,ar ARG,FW,Godoy Cruz,Copa de la Liga,20,2002,0.0,0,0.00,0,0,0,0,0,0,0,0.00,0,0,0,0,0,0,ar ARG,FW,Godoy Cruz,Copa de la Liga,20,2002,0.0,0,0,0,0,0,0,0,0,0,1,1,0,0,0,0,0,ar ARG,FW,Godoy Cruz,Copa de la Liga,20,2002,0.0,1,1,1,0,0,0,1,0,0,0,0,0,0,0,0,0,0,0,0,0,0,0,ar ARG,FW,Godoy Cruz,Copa de la Liga,20,2002,1,1,1,0.1,0.0,0,0,0,1,1,12,1.00,0,0,0,0.00,-0.36,0.0,0.0,0.0,-1.15,-1.44,ar ARG,FW,Godoy Cruz,Copa de la Liga,20,2002,0.0,0,0,0,0,0,0,0,0,0,0,0,0,0,0,0,0
Matias Espíndola,ar ARG,"DF,FW",Tigre,Copa de la Liga,19,2003,2,0,33,0.4,0,0,0,0,0,0,0,0,0.0,0.0,0.0,0.0,0,1,2,0.00,0.00,0.00,0.00,0.00,0.00,0.00,0.00,0.00,0.00,ar ARG,"DF,FW",Tigre,Copa de la Liga,19,2003,0.4,0,0,0,0,0.00,0.00,0,0,0,0,0,0,0.0,0.0,0,0.0,0.0,ar ARG,"DF,FW",Tigre,Copa de la Liga,19,2003,0.4,11,16,68.8,171,15,7,8,87.5,3,6,50.0,1,1,100.0,0,0.0,0.0,0.0,0,0,0,0,1,ar ARG,"DF,FW",Tigre,Copa de la Liga,19,2003,0.4,16,15,1,0,0,0,0,1,0,0,0,0,11,0,0,ar ARG,"DF,FW",Tigre,Copa de la Liga,19,2003,0.4,1,2.65,1,0,0,0,0,0,0,0.00,0,0,0,0,0,0,ar ARG,"DF,FW",Tigre,Copa de la Liga,19,2003,0.4,1,1,1,0,0,0,1,0.0,1,0,0,0,0,1,0,0,ar ARG,"DF,FW",Tigre,Copa de la Liga,19,2003,0.4,20,0,1,14,5,1,20,2,0,0.0,2,100.0,7,36,9,0,0,0,0,0,9,2,ar ARG,"DF,FW",Tigre,Copa de la Liga,19,2003,2,33,17,2.6,0.4,0,0,0,2,17,7,0.50,0,2,-2,-5.45,-5.23,0.1,1.2,-1.1,-3.02,-3.29,ar ARG,"DF,FW",Tigre,Copa de la Liga,19,2003,0.4,0,0,0,0,1,0,0,0,1,0,0,0,2,2,0,100.0
Alberto Espínola,py PAR,DF,Colón,Copa de la Liga,31,1991,7,7,532,5.9,1,1,2,1,0,0,2,0,1.0,1.0,0.8,1.7,9,13,20,0.17,0.17,0.34,0.17,0.34,0.16,0.13,0.29,0.16,0.29,py PAR,DF,Colón,Copa de la Liga,31,1991,5.9,1,6,3,50.0,1.02,0.51,0.17,0.33,15.2,0,0,0,1.0,1.0,0.16,0.0,0.0,py PAR,DF,Colón,Copa de la Liga,31,1991,5.9,165,234,70.5,3156,1316,65,75,86.7,70,102,68.6,25,38,65.8,1,0.8,0.6,+0.2,4,12,5,2,13,py PAR,DF,Colón,Copa de la Liga,31,1991,5.9,234,180,53,1,0,2,9,52,0,0,0,0,165,1,7,py PAR,DF,Colón,Copa de la Liga,31,1991,5.9,12,2.03,8,0,0,2,1,1,2,0.34,2,0,0,0,0,0,py PAR,DF,Colón,Copa de la Liga,31,1991,5.9,23,11,16,6,1,15,27,55.6,12,11,1,10,7,30,15,1,py PAR,DF,Colón,Copa de la Liga,31,1991,5.9,315,13,100,151,70,14,315,9,4,44.4,5,55.6,131,693,397,9,5,1,9,3,143,20,py PAR,DF,Colón,Copa de la Liga,31,1991,7,532,76,42.2,5.9,7,76,5,0,0,0,1.86,10,5,+5,+0.85,+1.22,9.5,5.9,+3.6,+0.61,+0.83,py PAR,DF,Colón,Copa de la Liga,31,1991,5.9,2,0,0,10,4,1,9,7,11,0,0,0,34,8,6,57.1
Juan Esquivel,ar ARG,"FW,MF",Tigre,Copa de la Liga,22,2000,6,0,129,1.4,0,0,0,0,0,0,0,0,0.3,0.3,0.0,0.3,6,1,14,0.00,0.00,0.00,0.00,0.00,0.18,0.00,0.18,0.18,0.18,ar ARG,"FW,MF",Tigre,Copa de la Liga,22,2000,1.4,0,6,2,33.3,4.19,1.40,0.00,0.00,24.3,0,0,0,0.3,0.3,0.04,-0.3,-0.3,ar ARG,"FW,MF",Tigre,Copa de la Liga,22,2000,1.4,15,29,51.7,207,25,11,17,64.7,2,5,40.0,2,5,40.0,0,0.0,0.0,0.0,0,1,1,0,1,ar ARG,"FW,MF",Tigre,Copa de la Liga,22,2000,1.4,29,28,1,0,0,0,5,1,0,0,0,0,15,0,0,ar ARG,"FW,MF",Tigre,Copa de la Liga,22,2000,1.4,3,2.09,2,0,0,1,0,0,0,0.00,0,0,0,0,0,0,ar ARG,"FW,MF",Tigre,Copa de la Liga,22,2000,1.4,1,1,0,1,0,0,2,0.0,2,0,0,0,0,1,0,0,ar ARG,"FW,MF",Tigre,Copa de la Liga,22,2000,1.4,58,0,1,26,34,5,58,13,5,38.5,8,61.5,44,342,111,6,5,0,10,5,45,14,ar ARG,"FW,MF",Tigre,Copa de la Liga,22,2000,6,129,22,10.2,1.4,0,0,0,6,22,4,0.17,0,3,-3,-2.09,-1.93,1.3,2.6,-1.3,-0.92,-1.22,ar ARG,"FW,MF",Tigre,Copa de la Liga,22,2000,1.4,0,0,0,2,0,1,5,0,1,0,0,0,5,2,2,50.0
Matías Esquivel,ar ARG,"FW,MF",Lanús,Copa de la Liga,23,1999,12,10,699,7.8,0,1,1,0,0,0,2,0,0.9,0.9,1.4,2.3,9,39,48,0.00,0.13,0.13,0.00,0.13,0.11,0.18,0.29,0.11,0.29,ar ARG,"FW,MF",Lanús,Copa de la Liga,23,1999,7.8,0,23,9,39.1,2.96,1.16,0.00,0.00,26.6,2,0,0,0.9,0.9,0.04,-0.9,-0.9,ar ARG,"FW,MF",Lanús,Copa de la Liga,23,1999,7.8,223,329,67.8,4570,1691,95,109,87.2,75,114,65.8,48,81,59.3,1,1.4,1.3,-0.4,23,26,11,6,39,ar ARG,"FW,MF",Lanús,Copa de la Liga,23,1999,7.8,329,267,59,20,2,5,57,13,26,10,15,0,223,3,11,ar ARG,"FW,MF",Lanús,Copa de la Liga,23,1999,7.8,39,5.03,18,16,0,2,2,1,1,0.13,0,1,0,0,0,0,ar ARG,"FW,MF",Lanús,Copa de la Liga,23,1999,7.8,20,9,6,6,8,7,25,28.0,18,13,0,13,4,24,2,0,ar ARG,"FW,MF",Lanús,Copa de la Liga,23,1999,7.8,435,1,44,219,177,7,435,19,10,52.6,7,36.8,215,1165,539,9,7,1,16,7,249,48,ar ARG,"FW,MF",Lanús,Copa de la Liga,23,1999,12,699,58,55.5,7.8,10,65,0,2,25,2,0.67,5,8,-3,-0.39,-0.07,9.9,6.6,+3.3,+0.43,+0.58,ar ARG,"FW,MF",Lanús,Copa de la Liga,23,1999,7.8,2,0,0,13,10,2,57,4,9,0,0,0,41,1,6,14.3
Marcelo Estigarribia,ar ARG,FW,Atlé Tucumán,Copa de la Liga,27,1995,8,8,613,6.8,3,0,3,3,0,0,1,0,2.8,2.8,0.4,3.2,8,12,34,0.44,0.00,0.44,0.44,0.44,0.41,0.06,0.47,0.41,0.47,ar ARG,FW,Atlé Tucumán,Copa de la Liga,27,1995,6.8,3,17,6,35.3,2.50,0.88,0.18,0.50,13.3,1,0,0,2.8,2.8,0.17,+0.2,+0.2,ar ARG,FW,Atlé Tucumán,Copa de la Liga,27,1995,6.8,95,166,57.2,1259,205,56,90,62.2,27,43,62.8,4,11,36.4,0,0.4,0.5,-0.4,3,9,1,0,12,ar ARG,FW,Atlé Tucumán,Copa de la Liga,27,1995,6.8,166,153,13,0,0,2,7,0,0,0,0,0,95,0,7,ar ARG,FW,Atlé Tucumán,Copa de la Liga,27,1995,6.8,17,2.50,11,0,0,3,3,0,0,0.00,0,0,0,0,0,0,ar ARG,FW,Atlé Tucumán,Copa de la Liga,27,1995,6.8,6,6,0,4,2,2,11,18.2,9,7,3,4,2,8,10,0,ar ARG,FW,Atlé Tucumán,Copa de la Liga,27,1995,6.8,240,15,23,109,109,31,240,6,3,50.0,2,33.3,126,485,161,8,6,2,20,5,165,34,ar ARG,FW,Atlé Tucumán,Copa de la Liga,27,1995,8,613,77,48.7,6.8,8,77,2,0,0,0,1.13,6,6,0,0.00,+0.42,8.9,7.0,+1.9,+0.28,+0.49,ar ARG,FW,Atlé Tucumán,Copa de la Liga,27,1995,6.8,1,0,0,6,6,3,7,2,6,0,0,0,17,23,33,41.1
Yair Ezequiel Arismendi,ar ARG,MF,Sarmiento,Copa de la Liga,24,1998,6,4,367,4.1,0,0,0,0,0,0,0,0,0.1,0.1,0.3,0.5,7,5,14,0.00,0.00,0.00,0.00,0.00,0.03,0.08,0.11,0.03,0.11,ar ARG,MF,Sarmiento,Copa de la Liga,24,1998,4.1,0,4,0,0.0,0.98,0.00,0.00,0,24.2,0,0,0,0.1,0.1,0.03,-0.1,-0.1,ar ARG,MF,Sarmiento,Copa de la Liga,24,1998,4.1,60,113,53.1,929,369,29,42,69.0,24,37,64.9,3,19,15.8,0,0.3,0.1,-0.3,3,6,1,1,5,ar ARG,MF,Sarmiento,Copa de la Liga,24,1998,4.1,113,98,15,6,0,0,23,1,8,2,4,0,60,0,10,ar ARG,MF,Sarmiento,Copa de la Liga,24,1998,4.1,8,1.96,5,3,0,0,0,0,0,0.00,0,0,0,0,0,0,ar ARG,MF,Sarmiento,Copa de la Liga,24,1998,4.1,5,3,3,1,1,4,7,57.1,3,5,2,3,2,7,12,0,ar ARG,MF,Sarmiento,Copa de la Liga,24,1998,4.1,166,11,46,73,51,3,166,9,1,11.1,7,77.8,62,305,129,7,5,0,4,4,63,14,ar ARG,MF,Sarmiento,Copa de la Liga,24,1998,6,367,61,29.1,4.1,4,78,2,2,29,1,0.83,2,3,-1,-0.25,-0.35,2.4,3.1,-0.7,-0.18,+0.40,ar ARG,MF,Sarmiento,Copa de la Liga,24,1998,4.1,0,0,0,4,8,0,23,2,3,0,1,0,31,5,10,33.3
Frank Fabra,co COL,DF,Boca Juniors,Copa de la Liga,31,1991,4,3,278,3.1,0,0,0,0,0,0,1,0,0.0,0.0,0.2,0.2,10,21,28,0.00,0.00,0.00,0.00,0.00,0.00,0.06,0.06,0.00,0.06,co COL,DF,Boca Juniors,Copa de la Liga,31,1991,3.1,0,0,0,0,0.00,0.00,0,0,0,0,0,0,0.0,0.0,0,0.0,0.0,co COL,DF,Boca Juniors,Copa de la Liga,31,1991,3.1,191,228,83.8,3147,1045,98,106,92.5,79,88,89.8,12,24,50.0,0,0.2,0.2,-0.2,2,12,3,1,21,co COL,DF,Boca Juniors,Copa de la Liga,31,1991,3.1,228,203,25,6,0,2,13,19,0,0,0,0,191,0,5,co COL,DF,Boca Juniors,Copa de la Liga,31,1991,3.1,8,2.59,7,0,0,0,1,0,0,0.00,0,0,0,0,0,0,co COL,DF,Boca Juniors,Copa de la Liga,31,1991,3.1,4,3,1,2,1,3,7,42.9,4,4,0,4,1,5,2,0,co COL,DF,Boca Juniors,Copa de la Liga,31,1991,3.1,249,4,58,118,73,7,249,4,2,50.0,2,50.0,128,568,361,10,5,0,5,0,171,28,co COL,DF,Boca Juniors,Copa de la Liga,31,1991,4,278,70,22.1,3.1,3,90,3,1,8,5,1.00,3,3,0,0.00,-0.09,3.6,3.4,+0.2,+0.07,-0.26,co COL,DF,Boca Juniors,Copa de la Liga,31,1991,3.1,1,0,0,3,5,2,13,1,3,0,0,0,16,4,2,66.7
Francisco Facello,ar ARG,"DF,MF",Belgrano,Copa de la Liga,20,2003,6,0,113,1.3,0,0,0,0,0,0,0,0,0.0,0.0,0.1,0.1,2,2,5,0.00,0.00,0.00,0.00,0.00,0.00,0.08,0.08,0.00,0.08,ar ARG,"DF,MF",Belgrano,Copa de la Liga,20,2003,1.3,0,0,0,0,0.00,0.00,0,0,0,0,0,0,0.0,0.0,0,0.0,0.0,ar ARG,"DF,MF",Belgrano,Copa de la Liga,20,2003,1.3,40,69,58.0,677,357,22,28,78.6,15,21,71.4,3,16,18.8,0,0.1,0.0,-0.1,2,1,0,0,2,ar ARG,"DF,MF",Belgrano,Copa de la Liga,20,2003,1.3,69,50,19,0,0,0,5,19,0,0,0,0,40,0,2,ar ARG,"DF,MF",Belgrano,Copa de la Liga,20,2003,1.3,2,1.59,1,1,0,0,0,0,0,0.00,0,0,0,0,0,0,ar ARG,"DF,MF",Belgrano,Copa de la Liga,20,2003,1.3,14,7,8,6,0,10,11,90.9,1,2,1,1,1,15,1,0,ar ARG,"DF,MF",Belgrano,Copa de la Liga,20,2003,1.3,90,6,35,35,21,1,90,3,2,66.7,1,33.3,37,154,71,2,1,1,2,0,37,5,ar ARG,"DF,MF",Belgrano,Copa de la Liga,20,2003,6,113,19,9.0,1.3,0,0,0,6,19,8,1.50,2,4,-2,-1.59,-1.91,2.0,2.2,-0.1,-0.09,+0.18,ar ARG,"DF,MF",Belgrano,Copa de la Liga,20,2003,1.3,0,0,0,0,3,0,5,1,7,0,0,0,14,1,1,50.0
Brian Farioli,ar ARG,"MF,FW",Cen. Córdoba–SdE,Copa de la Liga,24,1998,14,13,805,8.9,1,0,1,1,0,0,0,0,0.2,0.2,0.9,1.0,10,32,58,0.11,0.00,0.11,0.11,0.11,0.02,0.10,0.12,0.02,0.12,ar ARG,"MF,FW",Cen. Córdoba–SdE,Copa de la Liga,24,1998,8.9,1,5,1,20.0,0.56,0.11,0.20,1.00,25.4,1,0,0,0.2,0.2,0.04,+0.8,+0.8,ar ARG,"MF,FW",Cen. Córdoba–SdE,Copa de la Liga,24,1998,8.9,261,363,71.9,4727,1341,120,136,88.2,91,121,75.2,37,64,57.8,0,0.9,1.0,-0.9,9,22,15,12,32,ar ARG,"MF,FW",Cen. Córdoba–SdE,Copa de la Liga,24,1998,8.9,363,329,31,9,0,5,51,8,14,3,7,0,261,3,20,ar ARG,"MF,FW",Cen. Córdoba–SdE,Copa de la Liga,24,1998,8.9,23,2.57,17,4,0,0,2,0,2,0.22,1,0,0,0,1,0,ar ARG,"MF,FW",Cen. Córdoba–SdE,Copa de la Liga,24,1998,8.9,16,13,4,8,4,8,15,53.3,7,11,0,11,7,23,2,0,ar ARG,"MF,FW",Cen. Córdoba–SdE,Copa de la Liga,24,1998,8.9,441,1,49,227,173,6,441,7,2,28.6,3,42.9,238,1295,507,10,11,2,17,12,307,58,ar ARG,"MF,FW",Cen. Córdoba–SdE,Copa de la Liga,24,1998,14,805,58,63.9,8.9,13,60,1,1,21,0,1.36,5,4,+1,+0.11,+0.90,5.3,5.7,-0.5,-0.05,-0.31,ar ARG,"MF,FW",Cen. Córdoba–SdE,Copa de la Liga,24,1998,8.9,0,0,0,13,16,0,51,7,13,0,0,0,60,3,8,27.3
Federico Fattori,ar ARG,MF,Huracán,Copa de la Liga,30,1992,9,5,405,4.5,0,0,0,0,0,0,2,1,0.0,0.0,0.0,0.0,1,19,3,0.00,0.00,0.00,0.00,0.00,0.01,0.00,0.01,0.01,0.01,ar ARG,MF,Huracán,Copa de la Liga,30,1992,4.5,0,2,0,0.0,0.44,0.00,0.00,0,28.8,0,0,0,0.0,0.0,0.01,0.0,0.0,ar ARG,MF,Huracán,Copa de la Liga,30,1992,4.5,180,230,78.3,3446,898,65,76,85.5,94,114,82.5,20,30,66.7,0,0.0,0.1,0.0,0,10,2,0,19,ar ARG,MF,Huracán,Copa de la Liga,30,1992,4.5,230,224,4,3,0,1,2,1,0,0,0,0,180,2,1,ar ARG,MF,Huracán,Copa de la Liga,30,1992,4.5,6,1.33,6,0,0,0,0,0,0,0.00,0,0,0,0,0,0,ar ARG,MF,Huracán,Copa de la Liga,30,1992,4.5,8,6,5,3,0,6,8,75.0,2,5,1,4,4,12,5,0,ar ARG,MF,Huracán,Copa de la Liga,30,1992,4.5,267,5,76,167,25,0,267,0,0,0,0,0,119,428,202,1,1,0,3,1,145,3,ar ARG,MF,Huracán,Copa de la Liga,30,1992,9,405,45,32.1,4.5,5,72,2,4,12,0,1.56,4,5,-1,-0.22,-1.17,3.0,6.3,-3.3,-0.74,-1.02,ar ARG,MF,Huracán,Copa de la Liga,30,1992,4.5,2,1,0,3,4,0,2,4,6,0,0,0,37,12,5,70.6
Lautaro Fedele,ar ARG,"FW,MF",Defensa y Just,Copa de la Liga,21,2001,3,1,137,1.5,0,1,1,0,0,0,0,0,0.2,0.2,0.0,0.2,6,3,11,0.00,0.66,0.66,0.00,0.66,0.13,0.02,0.15,0.13,0.15,ar ARG,"FW,MF",Defensa y Just,Copa de la Liga,21,2001,1.5,0,2,2,100.0,1.31,1.31,0.00,0.00,18.0,0,0,0,0.2,0.2,0.10,-0.2,-0.2,ar ARG,"FW,MF",Defensa y Just,Copa de la Liga,21,2001,1.5,24,32,75.0,333,92,14,16,87.5,9,14,64.3,1,1,100.0,1,0.0,0.0,+1.0,2,2,0,0,3,ar ARG,"FW,MF",Defensa y Just,Copa de la Liga,21,2001,1.5,32,31,1,0,0,0,6,1,0,0,0,0,24,0,2,ar ARG,"FW,MF",Defensa y Just,Copa de la Liga,21,2001,1.5,3,1.96,2,0,1,0,0,0,1,0.65,1,0,0,0,0,0,ar ARG,"FW,MF",Defensa y Just,Copa de la Liga,21,2001,1.5,3,1,1,1,1,2,2,100.0,0,2,0,2,0,3,1,0,ar ARG,"FW,MF",Defensa y Just,Copa de la Liga,21,2001,1.5,52,0,9,17,28,8,52,5,1,20.0,4,80.0,30,186,124,6,3,2,6,2,36,11,ar ARG,"FW,MF",Defensa y Just,Copa de la Liga,21,2001,3,137,46,10.9,1.5,1,90,1,2,24,2,0.00,1,3,-2,-1.31,-1.15,1.1,2.5,-1.5,-0.95,-0.39,ar ARG,"FW,MF",Defensa y Just,Copa de la Liga,21,2001,1.5,0,0,0,2,5,0,6,0,1,0,0,0,8,0,6,0.0
Damián Fernández,ar ARG,DF,Vélez Sarsfield,Copa de la Liga,22,2001,1,0,71,0.8,0,0,0,0,0,0,0,0,0.0,0.0,0.0,0.0,0,0,0,0.00,0.00,0.00,0.00,0.00,0.00,0.00,0.00,0.00,0.00,ar ARG,DF,Vélez Sarsfield,Copa de la Liga,22,2001,0.8,0,0,0,0,0.00,0.00,0,0,0,0,0,0,0.0,0.0,0,0.0,0.0,ar ARG,DF,Vélez Sarsfield,Copa de la Liga,22,2001,0.8,11,22,50.0,325,150,1,1,100.0,5,11,45.5,5,8,62.5,0,0.0,0.0,0.0,0,1,0,0,0,ar ARG,DF,Vélez Sarsfield,Copa de la Liga,22,2001,0.8,22,16,6,3,0,1,1,3,0,0,0,0,11,0,1,ar ARG,DF,Vélez Sarsfield,Copa de la Liga,22,2001,0.8,0,0.00,0,0,0,0,0,0,0,0.00,0,0,0,0,0,0,ar ARG,DF,Vélez Sarsfield,Copa de la Liga,22,2001,0.8,1,1,1,0,0,1,1,100.0,0,1,0,1,1,2,5,0,ar ARG,DF,Vélez Sarsfield,Copa de la Liga,22,2001,0.8,32,2,24,7,1,0,32,0,0,0,0,0,10,52,15,0,1,0,0,0,9,0,ar ARG,DF,Vélez Sarsfield,Copa de la Liga,22,2001,1,71,71,5.6,0.8,0,0,0,1,71,6,3.00,0,1,-1,-1.27,-1.57,0.3,1.3,-1.0,-1.20,-1.14,ar ARG,DF,Vélez Sarsfield,Copa de la Liga,22,2001,0.8,0,0,0,0,0,0,1,1,1,0,0,0,4,2,4,33.3
Ezequiél Fernández,ar ARG,MF,Boca Juniors,Copa de la Liga,20,2002,10,8,731,8.1,0,1,1,0,0,0,3,0,0.5,0.5,0.1,0.5,11,59,14,0.00,0.12,0.12,0.00,0.12,0.06,0.01,0.06,0.06,0.06,ar ARG,MF,Boca Juniors,Copa de la Liga,20,2002,8.1,0,6,2,33.3,0.74,0.25,0.00,0.00,18.5,0,0,0,0.5,0.5,0.08,-0.5,-0.5,ar ARG,MF,Boca Juniors,Copa de la Liga,20,2002,8.1,548,607,90.3,9869,2776,233,250,93.2,248,262,94.7,58,75,77.3,1,0.1,0.4,+0.9,2,50,3,0,59,ar ARG,MF,Boca Juniors,Copa de la Liga,20,2002,8.1,607,591,16,12,1,7,0,4,0,0,0,0,548,0,9,ar ARG,MF,Boca Juniors,Copa de la Liga,20,2002,8.1,12,1.48,11,0,0,0,1,0,2,0.25,2,0,0,0,0,0,ar ARG,MF,Boca Juniors,Copa de la Liga,20,2002,8.1,22,11,7,14,1,12,23,52.2,11,7,1,6,4,26,9,1,ar ARG,MF,Boca Juniors,Copa de la Liga,20,2002,8.1,695,23,145,468,86,7,695,20,10,50.0,9,45.0,414,1899,934,11,14,0,16,8,525,14,ar ARG,MF,Boca Juniors,Copa de la Liga,20,2002,10,731,73,58.0,8.1,8,83,4,2,32,1,1.30,15,13,+2,+0.25,+0.42,11.0,9.3,+1.7,+0.21,-0.15,ar ARG,MF,Boca Juniors,Copa de la Liga,20,2002,8.1,3,0,0,9,16,0,0,4,11,0,0,0,79,5,5,50.0
Federico Fernández,ar ARG,DF,Estudiantes–LP,Copa de la Liga,33,1989,8,6,566,6.3,0,0,0,0,0,0,0,0,0.3,0.3,0.0,0.3,2,21,0,0.00,0.00,0.00,0.00,0.00,0.05,0.00,0.05,0.05,0.05,ar ARG,DF,Estudiantes–LP,Copa de la Liga,33,1989,6.3,0,5,1,20.0,0.80,0.16,0.00,0.00,10.9,0,0,0,0.3,0.3,0.06,-0.3,-0.3,ar ARG,DF,Estudiantes–LP,Copa de la Liga,33,1989,6.3,311,347,89.6,6705,2726,54,64,84.4,207,217,95.4,42,54,77.8,0,0.0,0.0,0.0,1,9,0,0,21,ar ARG,DF,Estudiantes–LP,Copa de la Liga,33,1989,6.3,347,335,12,11,0,2,0,1,0,0,0,0,311,0,4,ar ARG,DF,Estudiantes–LP,Copa de la Liga,33,1989,6.3,2,0.32,2,0,0,0,0,0,0,0.00,0,0,0,0,0,0,ar ARG,DF,Estudiantes–LP,Copa de la Liga,33,1989,6.3,3,3,2,1,0,3,5,60.0,2,3,2,1,6,9,33,0,ar ARG,DF,Estudiantes–LP,Copa de la Liga,33,1989,6.3,406,41,196,202,10,8,406,1,1,100.0,0,0.0,214,1097,584,2,0,0,3,0,271,0,ar ARG,DF,Estudiantes–LP,Copa de la Liga,33,1989,8,566,71,44.9,6.3,6,83,5,2,36,1,0.88,3,4,-1,-0.16,-0.03,5.7,3.8,+1.9,+0.30,-0.05,ar ARG,DF,Estudiantes–LP,Copa de la Liga,33,1989,6.3,0,0,0,1,1,0,0,6,3,0,0,0,34,21,11,65.6
Ignacio Fernández,ar ARG,"FW,MF",River Plate,Copa de la Liga,33,1990,14,12,861,9.6,0,3,3,0,0,0,3,0,1.4,1.4,3.0,4.4,8,64,100,0.00,0.31,0.31,0.00,0.31,0.15,0.31,0.46,0.15,0.46,ar ARG,"FW,MF",River Plate,Copa de la Liga,33,1990,9.6,0,19,4,21.1,1.99,0.42,0.00,0.00,20.3,3,0,0,1.4,1.4,0.07,-1.4,-1.4,ar ARG,"FW,MF",River Plate,Copa de la Liga,33,1990,9.6,410,519,79.0,6120,1657,239,267,89.5,123,148,83.1,28,55,50.9,3,3.0,2.5,0.0,27,41,13,0,64,ar ARG,"FW,MF",River Plate,Copa de la Liga,33,1990,9.6,519,473,43,15,5,3,38,5,23,10,4,1,410,3,21,ar ARG,"FW,MF",River Plate,Copa de la Liga,33,1990,9.6,57,5.97,40,9,2,2,4,0,3,0.31,2,1,0,0,0,0,ar ARG,"FW,MF",River Plate,Copa de la Liga,33,1990,9.6,24,11,5,16,3,7,27,25.9,20,13,4,9,6,30,4,0,ar ARG,"FW,MF",River Plate,Copa de la Liga,33,1990,9.6,644,7,53,307,287,30,644,34,15,44.1,14,41.2,395,1262,524,8,15,2,26,17,494,100,ar ARG,"FW,MF",River Plate,Copa de la Liga,33,1990,14,861,62,68.3,9.6,12,68,0,2,21,0,1.80,15,12,+3,+0.31,-0.81,14.2,8.2,+6.0,+0.63,+0.06,ar ARG,"FW,MF",River Plate,Copa de la Liga,33,1990,9.6,3,0,0,9,32,0,38,6,11,0,0,0,40,4,9,30.8
Julián Fernández,ar ARG,MF,Lanús,Copa de la Liga,27,1995,4,3,189,2.1,0,0,0,0,0,0,1,0,0.0,0.0,0.0,0.0,1,10,1,0.00,0.00,0.00,0.00,0.00,0.00,0.02,0.02,0.00,0.02,ar ARG,MF,Lanús,Copa de la Liga,27,1995,2.1,0,0,0,0,0.00,0.00,0,0,0,0,0,0,0.0,0.0,0,0.0,0.0,ar ARG,MF,Lanús,Copa de la Liga,27,1995,2.1,92,109,84.4,1342,462,50,54,92.6,35,41,85.4,2,6,33.3,0,0.0,0.1,0.0,1,7,1,1,10,ar ARG,MF,Lanús,Copa de la Liga,27,1995,2.1,109,106,3,3,0,0,2,0,0,0,0,0,92,0,0,ar ARG,MF,Lanús,Copa de la Liga,27,1995,2.1,1,0.43,1,0,0,0,0,0,0,0.00,0,0,0,0,0,0,ar ARG,MF,Lanús,Copa de la Liga,27,1995,2.1,8,3,3,4,1,6,12,50.0,6,2,0,2,6,14,7,0,ar ARG,MF,Lanús,Copa de la Liga,27,1995,2.1,136,7,42,85,9,0,136,0,0,0,0,0,66,212,97,1,1,0,0,3,77,1,ar ARG,MF,Lanús,Copa de la Liga,27,1995,4,189,47,15.0,2.1,3,62,0,1,2,9,0.60,0,4,-4,-1.90,-1.82,1.1,2.7,-1.6,-0.68,-1.02,ar ARG,MF,Lanús,Copa de la Liga,27,1995,2.1,1,0,0,4,1,0,2,6,3,0,0,0,14,8,2,80.0
Nicolás Fernández,ar ARG,FW,Defensa y Just,Copa de la Liga,26,1996,9,4,413,4.6,1,0,1,1,0,0,0,0,1.6,1.6,0.2,1.9,4,11,21,0.22,0.00,0.22,0.22,0.22,0.36,0.05,0.41,0.36,0.41,ar ARG,FW,Defensa y Just,Copa de la Liga,26,1996,4.6,1,17,4,23.5,3.70,0.87,0.06,0.25,18.1,0,0,0,1.6,1.6,0.10,-0.6,-0.6,ar ARG,FW,Defensa y Just,Copa de la Liga,26,1996,4.6,62,83,74.7,1083,257,31,40,77.5,17,21,81.0,11,13,84.6,0,0.2,0.1,-0.2,4,8,1,0,11,ar ARG,FW,Defensa y Just,Copa de la Liga,26,1996,4.6,83,74,8,1,0,1,1,0,0,0,0,0,62,1,2,ar ARG,FW,Defensa y Just,Copa de la Liga,26,1996,4.6,9,1.96,5,0,1,3,0,0,3,0.65,1,0,0,2,0,0,ar ARG,FW,Defensa y Just,Copa de la Liga,26,1996,4.6,2,2,0,1,1,0,1,0.0,1,1,0,1,0,2,3,0,ar ARG,FW,Defensa y Just,Copa de la Liga,26,1996,4.6,141,3,10,68,66,18,141,8,4,50.0,4,50.0,84,435,143,4,4,2,22,9,102,21,ar ARG,FW,Defensa y Just,Copa de la Liga,26,1996,9,413,46,32.8,4.6,4,72,1,5,25,0,1.22,5,3,+2,+0.44,+1.07,5.3,5.6,-0.4,-0.08,+0.79,ar ARG,FW,Defensa y Just,Copa de la Liga,26,1996,4.6,0,0,0,4,4,3,1,0,2,0,0,0,17,2,6,25.0
Nicolás Fernández,ar ARG,DF,Estudiantes–LP,Copa de la Liga,20,2002,4,4,325,3.6,0,0,0,0,0,0,0,0,0.1,0.1,0.0,0.1,8,17,3,0.00,0.00,0.00,0.00,0.00,0.02,0.00,0.02,0.02,0.02,ar ARG,FW,Defensa y Just,Copa de la Liga,26,1996,4.6,1,17,4,23.5,3.70,0.87,0.06,0.25,18.1,0,0,0,1.6,1.6,0.10,-0.6,-0.6,ar ARG,FW,Defensa y Just,Copa de la Liga,26,1996,4.6,62,83,74.7,1083,257,31,40,77.5,17,21,81.0,11,13,84.6,0,0.2,0.1,-0.2,4,8,1,0,11,ar ARG,FW,Defensa y Just,Copa de la Liga,26,1996,4.6,83,74,8,1,0,1,1,0,0,0,0,0,62,1,2,ar ARG,FW,Defensa y Just,Copa de la Liga,26,1996,4.6,9,1.96,5,0,1,3,0,0,3,0.65,1,0,0,2,0,0,ar ARG,FW,Defensa y Just,Copa de la Liga,26,1996,4.6,2,2,0,1,1,0,1,0.0,1,1,0,1,0,2,3,0,ar ARG,FW,Defensa y Just,Copa de la Liga,26,1996,4.6,141,3,10,68,66,18,141,8,4,50.0,4,50.0,84,435,143,4,4,2,22,9,102,21,ar ARG,FW,Defensa y Just,Copa de la Liga,26,1996,9,413,46,32.8,4.6,4,72,1,5,25,0,1.22,5,3,+2,+0.44,+1.07,5.3,5.6,-0.4,-0.08,+0.79,ar ARG,FW,Defensa y Just,Copa de la Liga,26,1996,4.6,0,0,0,4,4,3,1,0,2,0,0,0,17,2,6,25.0
Thiago Fernández,ar ARG,FW,Vélez Sarsfield,Copa de la Liga,18,2004,3,0,39,0.4,0,0,0,0,0,0,0,0,0.1,0.1,0.0,0.1,2,1,0,0.00,0.00,0.00,0.00,0.00,0.21,0.00,0.21,0.21,0.21,ar ARG,FW,Vélez Sarsfield,Copa de la Liga,18,2004,0.4,0,1,1,100.0,2.31,2.31,0.00,0.00,9.7,0,0,0,0.1,0.1,0.09,-0.1,-0.1,ar ARG,FW,Vélez Sarsfield,Copa de la Liga,18,2004,0.4,7,10,70.0,106,45,2,4,50.0,3,4,75.0,0,0,0,0,0.0,0.0,0.0,0,1,0,0,1,ar ARG,FW,Vélez Sarsfield,Copa de la Liga,18,2004,0.4,10,9,1,0,0,0,0,0,1,0,0,0,7,0,0,ar ARG,FW,Vélez Sarsfield,Copa de la Liga,18,2004,0.4,0,0.00,0,0,0,0,0,0,0,0.00,0,0,0,0,0,0,ar ARG,FW,Vélez Sarsfield,Copa de la Liga,18,2004,0.4,2,2,0,0,2,1,1,100.0,0,0,0,0,0,2,1,0,ar ARG,FW,Vélez Sarsfield,Copa de la Liga,18,2004,0.4,20,0,5,4,11,2,20,4,1,25.0,2,50.0,12,60,11,2,0,0,2,2,11,0,ar ARG,FW,Vélez Sarsfield,Copa de la Liga,18,2004,3,39,13,3.1,0.4,0,0,0,3,13,6,1.67,0,0,0,0.00,-0.22,0.3,0.4,-0.1,-0.16,-0.03,ar ARG,FW,Vélez Sarsfield,Copa de la Liga,18,2004,0.4,0,0,0,2,1,0,0,0,2,0,0,0,4,0,1,0.0
Cristian Ferreira,ar ARG,MF,Newell's OB,Copa de la Liga,23,1999,12,11,825,9.2,2,0,2,2,0,0,5,1,1.3,1.3,0.6,1.9,19,46,32,0.22,0.00,0.22,0.22,0.22,0.14,0.07,0.21,0.14,0.21,ar ARG,MF,Newell's OB,Copa de la Liga,23,1999,9.2,2,16,6,37.5,1.75,0.65,0.13,0.33,22.7,3,0,0,1.3,1.3,0.08,+0.7,+0.7,ar ARG,MF,Newell's OB,Copa de la Liga,23,1999,9.2,230,316,72.8,4731,1648,94,119,79.0,85,101,84.2,48,81,59.3,0,0.6,0.9,-0.6,15,36,4,1,46,ar ARG,MF,Newell's OB,Copa de la Liga,23,1999,9.2,316,268,45,17,0,9,36,4,23,10,10,0,230,3,3,ar ARG,MF,Newell's OB,Copa de la Liga,23,1999,9.2,32,3.50,14,7,6,2,3,0,0,0.00,0,0,0,0,0,0,ar ARG,MF,Newell's OB,Copa de la Liga,23,1999,9.2,8,3,5,3,0,3,12,25.0,9,4,2,2,5,13,4,0,ar ARG,MF,Newell's OB,Copa de la Liga,23,1999,9.2,423,4,66,224,145,9,423,41,19,46.3,17,41.5,263,1619,661,19,16,3,24,14,286,32,ar ARG,MF,Newell's OB,Copa de la Liga,23,1999,12,825,69,65.5,9.2,11,72,2,1,31,0,1.17,6,4,+2,+0.22,-0.20,6.1,6.3,-0.1,-0.01,-0.39,ar ARG,MF,Newell's OB,Copa de la Liga,23,1999,9.2,5,1,1,12,17,1,36,5,3,0,0,0,59,6,10,37.5
Facundo Ferreyra,ar ARG,"MF,FW",Sarmiento,Copa de la Liga,31,1991,2,0,45,0.5,0,0,0,0,0,0,0,0,0.7,0.7,0.0,0.7,0,0,1,0.00,0.00,0.00,0.00,0.00,1.27,0.00,1.27,1.27,1.27,ar ARG,"MF,FW",Sarmiento,Copa de la Liga,31,1991,0.5,0,2,0,0.0,4.00,0.00,0.00,0,13.0,0,0,0,0.7,0.7,0.33,-0.7,-0.7,ar ARG,"MF,FW",Sarmiento,Copa de la Liga,31,1991,0.5,10,14,71.4,100,5,7,7,100.0,2,4,50.0,0,1,0.0,0,0.0,0.0,0.0,0,0,0,0,0,ar ARG,"MF,FW",Sarmiento,Copa de la Liga,31,1991,0.5,14,13,1,0,0,0,0,0,0,0,0,0,10,0,1,ar ARG,"MF,FW",Sarmiento,Copa de la Liga,31,1991,0.5,1,1.96,1,0,0,0,0,0,0,0.00,0,0,0,0,0,0,ar ARG,"MF,FW",Sarmiento,Copa de la Liga,31,1991,0.5,0,0,0,0,0,0,0,0,0,0,0,0,0,0,0,0,ar ARG,"MF,FW",Sarmiento,Copa de la Liga,31,1991,0.5,17,0,2,11,5,2,17,0,0,0,0,0,11,41,9,0,0,0,1,2,16,1,ar ARG,"MF,FW",Sarmiento,Copa de la Liga,31,1991,2,45,23,3.6,0.5,0,0,0,2,23,0,0.50,0,1,-1,-2.00,-2.07,0.9,1.3,-0.4,-0.79,-0.34,ar ARG,"MF,FW",Sarmiento,Copa de la Liga,31,1991,0.5,0,0,0,0,0,2,0,0,0,0,0,0,2,3,1,75.0
Luciano Ferreyra,ar ARG,"MF,FW",Platense,Copa de la Liga,20,2002,12,4,529,5.9,0,1,1,0,0,0,1,0,0.9,0.9,0.5,1.5,20,26,42,0.00,0.17,0.17,0.00,0.17,0.16,0.09,0.25,0.16,0.25,ar ARG,"MF,FW",Platense,Copa de la Liga,20,2002,5.9,0,13,4,30.8,2.21,0.68,0.00,0.00,20.3,1,0,0,0.9,0.9,0.07,-0.9,-0.9,ar ARG,"MF,FW",Platense,Copa de la Liga,20,2002,5.9,108,167,64.7,2091,722,44,55,80.0,37,53,69.8,20,38,52.6,1,0.5,0.6,+0.5,10,23,8,2,26,ar ARG,"MF,FW",Platense,Copa de la Liga,20,2002,5.9,167,144,23,9,2,2,30,2,11,1,9,0,108,0,9,ar ARG,"MF,FW",Platense,Copa de la Liga,20,2002,5.9,19,3.23,12,4,2,0,1,0,2,0.34,2,0,0,0,0,0,ar ARG,"MF,FW",Platense,Copa de la Liga,20,2002,5.9,7,6,2,3,2,2,13,15.4,11,3,0,3,0,7,1,0,ar ARG,"MF,FW",Platense,Copa de la Liga,20,2002,5.9,254,0,19,114,126,17,254,36,15,41.7,15,41.7,157,980,512,20,13,5,27,10,166,42,ar ARG,"MF,FW",Platense,Copa de la Liga,20,2002,12,529,44,42.0,5.9,4,74,1,8,29,2,1.20,6,7,-1,-0.17,+0.08,4.6,4.9,-0.3,-0.05,+0.20,ar ARG,"MF,FW",Platense,Copa de la Liga,20,2002,5.9,1,0,0,6,9,0,30,0,6,0,0,0,25,1,13,7.1
Héctor Fértoli,ar ARG,MF,Huracán,Copa de la Liga,28,1994,11,10,695,7.7,0,1,1,0,0,0,1,0,0.5,0.5,0.9,1.4,14,23,34,0.00,0.13,0.13,0.00,0.13,0.06,0.11,0.18,0.06,0.18,ar ARG,MF,Huracán,Copa de la Liga,28,1994,7.7,0,9,4,44.4,1.17,0.52,0.00,0.00,20.6,2,0,0,0.5,0.5,0.05,-0.5,-0.5,ar ARG,MF,Huracán,Copa de la Liga,28,1994,7.7,202,298,67.8,3796,834,91,112,81.3,77,104,74.0,29,61,47.5,1,0.9,1.4,+0.1,13,15,8,3,23,ar ARG,MF,Huracán,Copa de la Liga,28,1994,7.7,298,276,22,8,1,7,34,6,7,0,6,0,202,0,16,ar ARG,MF,Huracán,Copa de la Liga,28,1994,7.7,24,3.11,10,4,2,4,2,2,2,0.26,1,0,0,0,1,0,ar ARG,MF,Huracán,Copa de la Liga,28,1994,7.7,14,7,2,12,0,3,11,27.3,8,6,3,3,15,29,4,0,ar ARG,MF,Huracán,Copa de la Liga,28,1994,7.7,405,6,69,220,125,11,405,32,15,46.9,14,43.8,234,1271,452,14,11,2,21,19,264,34,ar ARG,MF,Huracán,Copa de la Liga,28,1994,11,695,63,55.2,7.7,10,69,0,1,9,1,1.92,8,4,+4,+0.52,-0.12,6.1,7.6,-1.6,-0.20,-0.35,ar ARG,MF,Huracán,Copa de la Liga,28,1994,7.7,1,0,0,6,19,1,34,15,7,1,0,0,69,4,8,33.3
Cristopher Fiermarin,uy URU,GK,Defensa y Just,Copa de la Liga,25,1998,7,6,585,6.5,0,0,0,0,0,0,0,0,0.0,0.0,0.0,0.0,0,0,0,0.00,0.00,0.00,0.00,0.00,0.00,0.00,0.00,0.00,0.00,uy URU,GK,Defensa y Just,Copa de la Liga,25,1998,6.5,0,0,0,0,0.00,0.00,0,0,0,0,0,0,0.0,0.0,0,0.0,0.0,uy URU,GK,Defensa y Just,Copa de la Liga,25,1998,6.5,183,229,79.9,4948,3249,20,20,100.0,106,108,98.1,57,101,56.4,0,0.0,0.0,0.0,0,1,0,0,0,uy URU,GK,Defensa y Just,Copa de la Liga,25,1998,6.5,229,170,59,3,0,0,0,0,0,0,0,0,183,0,0,uy URU,GK,Defensa y Just,Copa de la Liga,25,1998,6.5,1,0.15,0,1,0,0,0,0,0,0.00,0,0,0,0,0,0,uy URU,GK,Defensa y Just,Copa de la Liga,25,1998,6.5,0,0,0,0,0,0,0,0,0,0,0,0,0,0,3,0,uy URU,GK,Defensa y Just,Copa de la Liga,25,1998,6.5,248,229,248,0,0,0,248,0,0,0,0,0,153,636,390,0,0,0,0,0,111,0,uy URU,GK,Defensa y Just,Copa de la Liga,25,1998,7,585,84,46.4,6.5,6,90,6,1,45,7,0.43,5,11,-6,-0.92,-1.19,5.0,10.9,-5.9,-0.91,-0.57,uy URU,GK,Defensa y Just,Copa de la Liga,25,1998,6.5,0,0,0,1,0,0,0,0,0,0,0,0,8,2,0,100.0
Jorge Figal,ar ARG,DF,Boca Juniors,Copa de la Liga,28,1994,6,6,540,6.0,1,0,1,1,0,0,2,0,0.8,0.8,0.0,0.9,4,10,3,0.17,0.00,0.17,0.17,0.17,0.14,0.00,0.14,0.14,0.14,ar ARG,DF,Boca Juniors,Copa de la Liga,28,1994,6.0,1,5,2,40.0,0.83,0.33,0.20,0.50,18.7,0,0,0,0.8,0.8,0.17,+0.2,+0.2,ar ARG,DF,Boca Juniors,Copa de la Liga,28,1994,6.0,282,355,79.4,5486,1931,96,101,95.0,161,184,87.5,25,67,37.3,0,0.0,0.0,0.0,1,10,0,0,10,ar ARG,DF,Boca Juniors,Copa de la Liga,28,1994,6.0,355,340,15,14,0,7,2,1,0,0,0,0,282,0,3,ar ARG,DF,Boca Juniors,Copa de la Liga,28,1994,6.0,6,1.00,3,0,1,2,0,0,0,0.00,0,0,0,0,0,0,ar ARG,DF,Boca Juniors,Copa de la Liga,28,1994,6.0,16,11,6,9,1,7,12,58.3,5,5,2,3,1,17,16,2,ar ARG,DF,Boca Juniors,Copa de la Liga,28,1994,6.0,406,53,241,157,12,3,406,8,7,87.5,1,12.5,237,1297,780,4,3,0,3,2,288,3,ar ARG,DF,Boca Juniors,Copa de la Liga,28,1994,6,540,90,42.9,6.0,6,90,6,0,0,4,1.83,8,5,+3,+0.50,+0.75,6.6,4.9,+1.7,+0.28,+0.02,ar ARG,DF,Boca Juniors,Copa de la Liga,28,1994,6.0,2,0,0,5,1,0,2,1,11,0,0,0,33,11,12,47.8
Jose Florentín,py PAR,MF,Vélez Sarsfield,Copa de la Liga,26,1996,10,9,790,8.8,1,2,3,1,0,0,2,0,0.8,0.8,0.8,1.6,4,20,16,0.11,0.23,0.34,0.11,0.34,0.09,0.09,0.18,0.09,0.18,py PAR,MF,Vélez Sarsfield,Copa de la Liga,26,1996,8.8,1,15,4,26.7,1.71,0.46,0.07,0.25,14.9,0,0,0,0.8,0.8,0.05,+0.2,+0.2,py PAR,MF,Vélez Sarsfield,Copa de la Liga,26,1996,8.8,179,262,68.3,2940,1209,89,120,74.2,67,91,73.6,17,32,53.1,2,0.8,0.2,+1.2,6,24,2,0,20,py PAR,MF,Vélez Sarsfield,Copa de la Liga,26,1996,8.8,262,259,2,1,0,2,4,1,0,0,0,0,179,1,6,py PAR,MF,Vélez Sarsfield,Copa de la Liga,26,1996,8.8,16,1.82,12,0,0,2,2,0,3,0.34,1,0,0,1,1,0,py PAR,MF,Vélez Sarsfield,Copa de la Liga,26,1996,8.8,15,9,9,4,2,7,22,31.8,15,16,6,10,21,36,32,0,py PAR,MF,Vélez Sarsfield,Copa de la Liga,26,1996,8.8,403,42,143,209,54,20,403,4,2,50.0,2,50.0,154,678,275,4,7,1,17,3,173,16,py PAR,MF,Vélez Sarsfield,Copa de la Liga,26,1996,10,790,79,62.7,8.8,9,86,6,1,14,4,1.90,11,5,+6,+0.68,+1.26,6.3,6.8,-0.4,-0.05,+0.21,py PAR,MF,Vélez Sarsfield,Copa de la Liga,26,1996,8.8,2,0,0,15,12,0,4,21,9,0,0,0,64,39,24,61.9
Francisco Flores,ar ARG,DF,Atlé Tucumán,Copa de la Liga,21,2002,6,4,343,3.8,0,0,0,0,0,0,0,0,0.0,0.0,0.0,0.0,2,6,1,0.00,0.00,0.00,0.00,0.00,0.00,0.00,0.00,0.00,0.00,ar ARG,DF,Atlé Tucumán,Copa de la Liga,21,2002,3.8,0,0,0,0,0.00,0.00,0,0,0,0,0,0,0.0,0.0,0,0.0,0.0,ar ARG,DF,Atlé Tucumán,Copa de la Liga,21,2002,3.8,91,134,67.9,1753,828,33,41,80.5,48,65,73.8,10,22,45.5,0,0.0,0.1,0.0,0,4,2,1,6,ar ARG,DF,Atlé Tucumán,Copa de la Liga,21,2002,3.8,134,104,30,2,0,1,2,28,0,0,0,0,91,0,2,ar ARG,DF,Atlé Tucumán,Copa de la Liga,21,2002,3.8,3,0.79,3,0,0,0,0,0,0,0.00,0,0,0,0,0,0,ar ARG,DF,Atlé Tucumán,Copa de la Liga,21,2002,3.8,5,4,3,2,0,1,5,20.0,4,2,1,1,2,7,20,0,ar ARG,DF,Atlé Tucumán,Copa de la Liga,21,2002,3.8,166,24,93,60,14,0,166,0,0,0,0,0,69,274,151,2,0,0,0,0,77,1,ar ARG,DF,Atlé Tucumán,Copa de la Liga,21,2002,6,343,57,27.2,3.8,4,79,3,2,14,8,1.33,1,2,-1,-0.26,-0.07,3.3,4.3,-1.0,-0.26,-0.40,ar ARG,DF,Atlé Tucumán,Copa de la Liga,21,2002,3.8,0,0,0,1,0,0,2,2,4,0,0,0,12,2,6,25.0
Gonzalo Flores,ar ARG,FW,Tigre,Copa de la Liga,20,2002,1,0,12,0.1,0,0,0,0,0,0,0,0,0.1,0.1,0.0,0.1,0,0,1,0.00,0.00,0.00,0.00,0.00,0.57,0.00,0.57,0.57,0.57,ar ARG,FW,Tigre,Copa de la Liga,20,2002,0.1,0,1,0,0.0,7.50,0.00,0.00,0,12.1,0,0,0,0.1,0.1,0.08,-0.1,-0.1,ar ARG,FW,Tigre,Copa de la Liga,20,2002,0.1,3,4,75.0,43,7,2,2,100.0,1,2,50.0,0,0,0,0,0.0,0.0,0.0,0,0,0,0,0,ar ARG,FW,Tigre,Copa de la Liga,20,2002,0.1,4,4,0,0,0,0,0,0,0,0,0,0,3,0,0,ar ARG,FW,Tigre,Copa de la Liga,20,2002,0.1,0,0.00,0,0,0,0,0,0,0,0.00,0,0,0,0,0,0,ar ARG,FW,Tigre,Copa de la Liga,20,2002,0.1,1,1,0,0,1,1,1,100.0,0,0,0,0,0,1,0,0,ar ARG,FW,Tigre,Copa de la Liga,20,2002,0.1,9,0,0,1,8,1,9,1,1,100.0,0,0.0,7,54,0,0,0,0,2,0,8,1,ar ARG,FW,Tigre,Copa de la Liga,20,2002,1,12,12,1.0,0.1,0,0,0,1,12,4,0.00,0,0,0,0.00,+0.36,0.3,0.0,+0.2,+1.86,+1.70,ar ARG,FW,Tigre,Copa de la Liga,20,2002,0.1,0,0,0,0,0,0,0,0,1,0,0,0,0,0,0,0
Agustín Fontana,ar ARG,FW,Sarmiento,Copa de la Liga,26,1996,11,7,720,8.0,1,0,1,1,0,1,2,0,1.5,0.8,0.8,1.6,7,11,31,0.12,0.00,0.12,0.12,0.12,0.19,0.10,0.30,0.10,0.20,ar ARG,FW,Sarmiento,Copa de la Liga,26,1996,8.0,1,8,4,50.0,1.00,0.50,0.13,0.25,17.4,0,0,1,1.5,0.8,0.09,-0.5,+0.2,ar ARG,FW,Sarmiento,Copa de la Liga,26,1996,8.0,88,139,63.3,1220,263,51,73,69.9,23,33,69.7,5,10,50.0,0,0.8,0.3,-0.8,7,8,3,1,11,ar ARG,FW,Sarmiento,Copa de la Liga,26,1996,8.0,139,132,7,0,0,1,4,1,0,0,0,0,88,0,7,ar ARG,FW,Sarmiento,Copa de la Liga,26,1996,8.0,12,1.50,10,0,0,1,1,0,0,0.00,0,0,0,0,0,0,ar ARG,FW,Sarmiento,Copa de la Liga,26,1996,8.0,6,1,2,3,1,4,5,80.0,1,5,1,4,2,8,12,0,ar ARG,FW,Sarmiento,Copa de la Liga,26,1996,8.0,201,11,31,99,75,16,200,5,2,40.0,2,40.0,112,562,168,7,4,2,17,7,137,31,ar ARG,FW,Sarmiento,Copa de la Liga,26,1996,11,720,65,57.1,8.0,7,80,2,4,39,0,1.09,3,2,+1,+0.12,+0.29,4.8,7.8,-3.0,-0.38,+0.20,ar ARG,FW,Sarmiento,Copa de la Liga,26,1996,8.0,2,0,0,14,14,8,4,2,1,0,0,0,22,11,38,22.4
Ezequiel Forclaz,ar ARG,"FW,MF",Tigre,Copa de la Liga,19,2003,9,6,478,5.3,2,0,2,2,0,0,2,0,0.6,0.6,0.1,0.7,7,14,33,0.38,0.00,0.38,0.38,0.38,0.11,0.02,0.13,0.11,0.13,ar ARG,"FW,MF",Tigre,Copa de la Liga,19,2003,5.3,2,10,4,40.0,1.88,0.75,0.20,0.50,19.4,0,0,0,0.6,0.6,0.06,+1.4,+1.4,ar ARG,"FW,MF",Tigre,Copa de la Liga,19,2003,5.3,96,146,65.8,1265,362,66,85,77.6,23,34,67.6,4,10,40.0,0,0.1,0.5,-0.1,3,10,4,0,14,ar ARG,"FW,MF",Tigre,Copa de la Liga,19,2003,5.3,146,142,4,0,0,0,4,3,0,0,0,0,96,0,10,ar ARG,"FW,MF",Tigre,Copa de la Liga,19,2003,5.3,11,2.07,4,1,4,1,1,0,0,0.00,0,0,0,0,0,0,ar ARG,"FW,MF",Tigre,Copa de la Liga,19,2003,5.3,12,6,2,8,2,8,14,57.1,6,9,0,9,3,15,4,0,ar ARG,"FW,MF",Tigre,Copa de la Liga,19,2003,5.3,245,2,21,117,107,15,245,27,12,44.4,14,51.9,120,547,229,7,1,3,20,12,147,33,ar ARG,"FW,MF",Tigre,Copa de la Liga,19,2003,9,478,53,37.9,5.3,6,74,1,3,12,4,0.89,5,3,+2,+0.38,+1.18,4.8,3.7,+1.2,+0.22,+0.06,ar ARG,"FW,MF",Tigre,Copa de la Liga,19,2003,5.3,2,0,0,10,7,0,4,3,6,0,0,0,23,3,5,37.5
Juan Franco Arrellaga,py PAR,DF,Instituto,Copa de la Liga,30,1992,12,12,"1,070",11.9,0,0,0,0,0,0,5,0,0.1,0.1,0.1,0.2,19,33,34,0.00,0.00,0.00,0.00,0.00,0.01,0.01,0.02,0.01,0.02,py PAR,DF,Instituto,Copa de la Liga,30,1992,11.9,0,4,1,25.0,0.34,0.08,0.00,0.00,24.4,0,0,0,0.1,0.1,0.02,-0.1,-0.1,py PAR,DF,Instituto,Copa de la Liga,30,1992,11.9,220,454,48.5,4105,2373,103,133,77.4,89,188,47.3,28,107,26.2,0,0.1,0.3,-0.1,2,24,4,2,33,py PAR,DF,Instituto,Copa de la Liga,30,1992,11.9,454,286,167,0,0,2,27,167,0,0,0,0,220,1,21,py PAR,DF,Instituto,Copa de la Liga,30,1992,11.9,14,1.18,8,2,3,0,1,0,2,0.17,1,0,0,0,1,0,py PAR,DF,Instituto,Copa de la Liga,30,1992,11.9,32,16,20,9,3,12,21,57.1,9,9,4,5,9,41,25,0,py PAR,DF,Instituto,Copa de la Liga,30,1992,11.9,591,29,182,235,182,5,591,34,17,50.0,16,47.1,199,1449,581,19,17,4,23,7,202,34,py PAR,DF,Instituto,Copa de la Liga,30,1992,12,"1,070",89,84.9,11.9,12,89,10,0,0,1,1.50,10,7,+3,+0.25,-0.22,10.4,10.9,-0.5,-0.05,-0.84,py PAR,DF,Instituto,Copa de la Liga,30,1992,11.9,5,0,0,18,11,0,27,9,16,0,0,0,80,5,15,25.0
Franco Pardo,ar ARG,"DF,MF",Unión,Copa de la Liga,25,1997,7,5,431,4.8,1,0,1,1,0,0,1,0,0.1,0.1,0.0,0.1,2,16,2,0.21,0.00,0.21,0.21,0.21,0.02,0.00,0.02,0.02,0.02,ar ARG,"DF,MF",Unión,Copa de la Liga,25,1997,4.8,1,4,2,50.0,0.84,0.42,0.25,0.50,12.0,0,0,0,0.1,0.1,0.02,+0.9,+0.9,ar ARG,"DF,MF",Unión,Copa de la Liga,25,1997,4.8,166,223,74.4,3859,1660,34,45,75.6,101,115,87.8,31,59,52.5,0,0.0,0.0,0.0,1,12,0,0,16,ar ARG,"DF,MF",Unión,Copa de la Liga,25,1997,4.8,223,209,14,10,0,7,2,4,0,0,0,0,166,0,1,ar ARG,"DF,MF",Unión,Copa de la Liga,25,1997,4.8,3,0.63,2,0,0,1,0,0,0,0.00,0,0,0,0,0,0,ar ARG,"DF,MF",Unión,Copa de la Liga,25,1997,4.8,9,6,7,2,0,4,4,100.0,0,4,2,2,6,15,18,0,ar ARG,"DF,MF",Unión,Copa de la Liga,25,1997,4.8,266,27,121,136,10,5,266,3,1,33.3,0,0.0,135,671,371,2,1,0,3,1,153,2,ar ARG,"DF,MF",Unión,Copa de la Liga,25,1997,7,431,62,34.2,4.8,5,79,2,2,19,5,1.14,2,7,-5,-1.04,-1.26,4.1,6.1,-2.0,-0.43,-0.45,ar ARG,"DF,MF",Unión,Copa de la Liga,25,1997,4.8,1,0,0,4,7,0,2,6,6,0,0,0,28,16,5,76.2
Franco Frías,ar ARG,MF,Barracas Central,Copa de la Liga,20,2002,3,1,123,1.4,0,0,0,0,0,0,0,0,0.1,0.1,0.0,0.1,7,5,6,0.00,0.00,0.00,0.00,0.00,0.06,0.02,0.08,0.06,0.08,ar ARG,MF,Barracas Central,Copa de la Liga,20,2002,1.4,0,2,2,100.0,1.46,1.46,0.00,0.00,17.1,0,0,0,0.1,0.1,0.04,-0.1,-0.1,ar ARG,MF,Barracas Central,Copa de la Liga,20,2002,1.4,23,29,79.3,407,92,10,14,71.4,8,8,100.0,4,6,66.7,0,0.0,0.1,0.0,1,2,3,2,5,ar ARG,MF,Barracas Central,Copa de la Liga,20,2002,1.4,29,29,0,0,0,0,2,0,0,0,0,0,23,0,0,ar ARG,MF,Barracas Central,Copa de la Liga,20,2002,1.4,6,4.39,2,0,1,1,2,0,1,0.73,0,0,0,1,0,0,ar ARG,MF,Barracas Central,Copa de la Liga,20,2002,1.4,5,4,2,2,1,0,1,0.0,1,1,0,1,0,5,1,0,ar ARG,MF,Barracas Central,Copa de la Liga,20,2002,1.4,48,0,5,28,18,1,48,7,3,42.9,4,57.1,30,275,167,7,6,0,4,2,36,6,ar ARG,MF,Barracas Central,Copa de la Liga,20,2002,3,123,41,9.8,1.4,1,67,0,2,28,6,1.00,2,2,0,0.00,+0.87,0.6,0.5,+0.1,+0.06,+0.26,ar ARG,MF,Barracas Central,Copa de la Liga,20,2002,1.4,0,0,0,0,4,0,2,0,4,0,0,0,11,1,3,25.0
Ramiro Funes Mori,ar ARG,DF,River Plate,Copa de la Liga,31,1991,9,6,574,6.4,0,0,0,0,0,0,1,0,0.6,0.6,0.1,0.7,0,26,2,0.00,0.00,0.00,0.00,0.00,0.10,0.02,0.12,0.10,0.12,ar ARG,DF,River Plate,Copa de la Liga,31,1991,6.4,0,3,0,0.0,0.47,0.00,0.00,0,10.3,0,0,0,0.6,0.6,0.21,-0.6,-0.6,ar ARG,DF,River Plate,Copa de la Liga,31,1991,6.4,311,362,85.9,6105,2261,93,101,92.1,182,198,91.9,33,60,55.0,0,0.1,0.2,-0.1,2,21,3,1,26,ar ARG,DF,River Plate,Copa de la Liga,31,1991,6.4,362,356,6,4,0,2,1,2,0,0,0,0,311,0,0,ar ARG,DF,River Plate,Copa de la Liga,31,1991,6.4,4,0.63,4,0,0,0,0,0,0,0.00,0,0,0,0,0,0,ar ARG,DF,River Plate,Copa de la Liga,31,1991,6.4,6,4,1,4,1,4,7,57.1,3,5,4,1,5,11,32,0,ar ARG,DF,River Plate,Copa de la Liga,31,1991,6.4,429,56,224,200,9,4,429,3,2,66.7,0,0.0,265,1360,836,0,1,0,3,1,301,2,ar ARG,DF,River Plate,Copa de la Liga,31,1991,9,574,64,45.6,6.4,6,90,6,3,11,5,2.09,13,8,+5,+0.78,+0.39,11.5,6.4,+5.1,+0.80,+0.33,ar ARG,DF,River Plate,Copa de la Liga,31,1991,6.4,1,0,0,3,3,1,1,5,4,0,0,0,33,10,8,55.6
Juan Gabriel Patiño,py PAR,DF,Cen. Córdoba–SdE,Copa de la Liga,33,1989,4,3,232,2.6,0,0,0,0,0,0,1,0,0.0,0.0,0.0,0.0,1,8,0,0.00,0.00,0.00,0.00,0.00,0.01,0.00,0.01,0.01,0.01,py PAR,DF,Cen. Córdoba–SdE,Copa de la Liga,33,1989,2.6,0,1,0,0.0,0.39,0.00,0.00,0,35.3,1,0,0,0.0,0.0,0.03,0.0,0.0,py PAR,DF,Cen. Córdoba–SdE,Copa de la Liga,33,1989,2.6,57,87,65.5,1365,654,10,15,66.7,34,44,77.3,12,23,52.2,0,0.0,0.0,0.0,0,8,0,0,8,py PAR,DF,Cen. Córdoba–SdE,Copa de la Liga,33,1989,2.6,87,85,2,2,0,3,1,0,0,0,0,0,57,0,2,py PAR,DF,Cen. Córdoba–SdE,Copa de la Liga,33,1989,2.6,0,0.00,0,0,0,0,0,0,0,0.00,0,0,0,0,0,0,py PAR,DF,Cen. Córdoba–SdE,Copa de la Liga,33,1989,2.6,5,1,4,1,0,3,7,42.9,4,4,1,3,10,15,9,1,py PAR,DF,Cen. Córdoba–SdE,Copa de la Liga,33,1989,2.6,127,14,67,56,4,2,127,0,0,0,0,0,54,304,194,1,1,0,5,0,53,0,py PAR,DF,Cen. Córdoba–SdE,Copa de la Liga,33,1989,4,232,58,18.4,2.6,3,75,2,1,7,3,1.75,3,1,+2,+0.78,+1.21,2.1,1.9,+0.2,+0.06,0.00,py PAR,DF,Cen. Córdoba–SdE,Copa de la Liga,33,1989,2.6,1,0,0,1,1,0,1,10,1,0,0,0,15,7,5,58.3
Enzo Gaggi,ar ARG,MF,Godoy Cruz,Copa de la Liga,25,1998,4,1,75,0.8,0,0,0,0,0,0,0,0,0.0,0.0,0.2,0.2,1,1,4,0.00,0.00,0.00,0.00,0.00,0.00,0.19,0.19,0.00,0.19,ar ARG,MF,Godoy Cruz,Copa de la Liga,25,1998,0.8,0,0,0,0,0.00,0.00,0,0,0,0,0,0,0.0,0.0,0,0.0,0.0,ar ARG,MF,Godoy Cruz,Copa de la Liga,25,1998,0.8,18,33,54.5,331,103,8,14,57.1,6,7,85.7,3,6,50.0,0,0.2,0.2,-0.2,3,1,1,1,1,ar ARG,MF,Godoy Cruz,Copa de la Liga,25,1998,0.8,33,26,6,2,0,1,5,1,3,2,1,0,18,1,4,ar ARG,MF,Godoy Cruz,Copa de la Liga,25,1998,0.8,3,3.60,2,1,0,0,0,0,0,0.00,0,0,0,0,0,0,ar ARG,MF,Godoy Cruz,Copa de la Liga,25,1998,0.8,0,0,0,0,0,0,1,0.0,1,4,0,4,2,2,0,0,ar ARG,MF,Godoy Cruz,Copa de la Liga,25,1998,0.8,49,1,6,20,23,0,49,1,1,100.0,0,0.0,18,81,40,1,2,0,4,1,22,4,ar ARG,MF,Godoy Cruz,Copa de la Liga,25,1998,4,75,19,6.0,0.8,1,45,0,3,10,5,1.00,1,2,-1,-1.20,-1.66,1.1,0.6,+0.5,+0.60,+0.33,ar ARG,MF,Godoy Cruz,Copa de la Liga,25,1998,0.8,0,0,0,2,0,0,5,2,0,0,0,0,4,0,2,0.0
Matías Galarza,py PAR,"MF,FW",Talleres,Copa de la Liga,20,2002,9,2,256,2.8,1,0,1,1,0,0,0,0,0.2,0.2,0.1,0.2,6,7,23,0.35,0.00,0.35,0.35,0.35,0.06,0.02,0.09,0.06,0.09,py PAR,"MF,FW",Talleres,Copa de la Liga,20,2002,2.8,1,4,2,50.0,1.41,0.70,0.25,0.50,20.8,0,0,0,0.2,0.2,0.05,+0.8,+0.8,py PAR,"MF,FW",Talleres,Copa de la Liga,20,2002,2.8,74,106,69.8,1097,287,45,51,88.2,24,39,61.5,5,11,45.5,0,0.1,0.1,-0.1,2,9,4,0,7,py PAR,"MF,FW",Talleres,Copa de la Liga,20,2002,2.8,106,103,2,1,1,1,7,1,0,0,0,0,74,1,3,py PAR,"MF,FW",Talleres,Copa de la Liga,20,2002,2.8,5,1.76,4,0,0,1,0,0,0,0.00,0,0,0,0,0,0,py PAR,"MF,FW",Talleres,Copa de la Liga,20,2002,2.8,7,5,4,3,0,4,9,44.4,5,3,1,2,4,11,3,0,py PAR,"MF,FW",Talleres,Copa de la Liga,20,2002,2.8,155,6,28,77,53,9,155,10,1,10.0,9,90.0,75,513,197,6,5,0,9,1,98,23,py PAR,"MF,FW",Talleres,Copa de la Liga,20,2002,9,256,28,20.3,2.8,2,58,0,7,20,2,0.89,3,1,+2,+0.70,+0.88,4.0,2.8,+1.1,+0.39,+0.32,py PAR,"MF,FW",Talleres,Copa de la Liga,20,2002,2.8,0,0,0,2,6,0,7,4,5,0,0,0,16,5,6,45.5
Thomas Galdames,cl CHI,DF,Godoy Cruz,Copa de la Liga,24,1998,9,9,747,8.3,0,2,2,0,0,0,3,1,0.1,0.1,0.7,0.8,14,38,22,0.00,0.24,0.24,0.00,0.24,0.01,0.09,0.09,0.01,0.09,cl CHI,DF,Godoy Cruz,Copa de la Liga,24,1998,8.3,0,4,1,25.0,0.48,0.12,0.00,0.00,31.1,0,0,0,0.1,0.1,0.01,-0.1,-0.1,cl CHI,DF,Godoy Cruz,Copa de la Liga,24,1998,8.3,233,368,63.3,5015,3031,74,96,77.1,113,151,74.8,42,93,45.2,2,0.7,0.6,+1.3,9,31,7,2,38,cl CHI,DF,Godoy Cruz,Copa de la Liga,24,1998,8.3,368,257,107,17,0,3,36,84,6,0,6,0,233,4,15,cl CHI,DF,Godoy Cruz,Copa de la Liga,24,1998,8.3,17,2.05,7,10,0,0,0,0,2,0.24,1,1,0,0,0,0,cl CHI,DF,Godoy Cruz,Copa de la Liga,24,1998,8.3,13,9,4,7,2,9,11,81.8,2,13,3,10,12,25,16,0,cl CHI,DF,Godoy Cruz,Copa de la Liga,24,1998,8.3,438,10,125,215,100,3,438,8,4,50.0,4,50.0,155,828,460,14,10,1,4,6,189,22,cl CHI,DF,Godoy Cruz,Copa de la Liga,24,1998,9,747,83,59.3,8.3,9,83,5,0,0,1,1.36,9,5,+4,+0.48,+0.31,10.1,7.5,+2.7,+0.32,+0.07,cl CHI,DF,Godoy Cruz,Copa de la Liga,24,1998,8.3,3,1,0,12,13,0,36,12,9,0,0,0,51,8,4,66.7
Nahuel Gallardo,ar ARG,"DF,FW",Sarmiento,Copa de la Liga,24,1998,6,1,130,1.4,0,0,0,0,0,0,0,0,0.0,0.0,0.0,0.0,2,3,2,0.00,0.00,0.00,0.00,0.00,0.00,0.03,0.03,0.00,0.03,ar ARG,"DF,FW",Sarmiento,Copa de la Liga,24,1998,1.4,0,0,0,0,0.00,0.00,0,0,0,0,0,0,0.0,0.0,0,0.0,0.0,ar ARG,"DF,FW",Sarmiento,Copa de la Liga,24,1998,1.4,34,52,65.4,703,350,11,14,78.6,19,28,67.9,4,10,40.0,0,0.0,0.0,0.0,1,4,1,0,3,ar ARG,"DF,FW",Sarmiento,Copa de la Liga,24,1998,1.4,52,37,15,0,0,0,0,15,0,0,0,0,34,0,0,ar ARG,"DF,FW",Sarmiento,Copa de la Liga,24,1998,1.4,2,1.38,2,0,0,0,0,0,0,0.00,0,0,0,0,0,0,ar ARG,"DF,FW",Sarmiento,Copa de la Liga,24,1998,1.4,6,3,4,2,0,3,4,75.0,1,1,0,1,2,8,7,0,ar ARG,"DF,FW",Sarmiento,Copa de la Liga,24,1998,1.4,74,6,30,39,6,1,74,2,0,0.0,1,50.0,27,138,72,2,1,0,2,1,27,2,ar ARG,"DF,FW",Sarmiento,Copa de la Liga,24,1998,6,130,22,10.3,1.4,1,79,0,5,10,6,1.17,0,2,-2,-1.38,-1.54,0.8,2.0,-1.2,-0.84,-0.43,ar ARG,"DF,FW",Sarmiento,Copa de la Liga,24,1998,1.4,0,0,0,0,1,0,0,2,3,0,0,0,5,1,3,25.0
Baltasar Gallego,ar ARG,"MF,FW",Racing Club,Copa de la Liga,19,2003,12,8,616,6.8,5,0,5,5,0,0,3,0,1.5,1.5,0.5,2.0,14,31,48,0.73,0.00,0.73,0.73,0.73,0.22,0.07,0.29,0.22,0.29,ar ARG,"MF,FW",Racing Club,Copa de la Liga,19,2003,6.8,5,16,9,56.3,2.34,1.31,0.31,0.56,21.9,0,0,0,1.5,1.5,0.09,+3.5,+3.5,ar ARG,"MF,FW",Racing Club,Copa de la Liga,19,2003,6.8,267,321,83.2,4274,751,150,165,90.9,88,101,87.1,22,33,66.7,0,0.5,0.5,-0.5,9,21,2,0,31,ar ARG,"MF,FW",Racing Club,Copa de la Liga,19,2003,6.8,321,312,8,2,1,2,8,3,3,1,1,0,267,1,10,ar ARG,"MF,FW",Racing Club,Copa de la Liga,19,2003,6.8,21,3.07,15,1,4,0,1,0,1,0.15,1,0,0,0,0,0,ar ARG,"MF,FW",Racing Club,Copa de la Liga,19,2003,6.8,22,16,7,12,3,10,31,32.3,21,12,0,12,7,29,2,0,ar ARG,"MF,FW",Racing Club,Copa de la Liga,19,2003,6.8,437,6,64,223,159,19,437,24,13,54.2,11,45.8,284,1519,662,14,22,2,22,13,293,48,ar ARG,"MF,FW",Racing Club,Copa de la Liga,19,2003,12,616,51,48.9,6.8,8,69,1,4,16,2,1.85,13,4,+9,+1.31,+1.73,9.4,4.5,+4.9,+0.71,+1.24,ar ARG,"MF,FW",Racing Club,Copa de la Liga,19,2003,6.8,3,0,0,16,16,1,8,7,16,0,0,0,66,4,4,50.0
Rodrigo Gallo,ar ARG,DF,Gimnasia–LP,Copa de la Liga,22,2000,9,5,420,4.7,0,0,0,0,0,0,2,0,0.0,0.0,0.3,0.3,7,19,14,0.00,0.00,0.00,0.00,0.00,0.01,0.05,0.06,0.01,0.06,ar ARG,DF,Gimnasia–LP,Copa de la Liga,22,2000,4.7,0,1,0,0.0,0.21,0.00,0.00,0,23.6,1,0,0,0.0,0.0,0.04,0.0,0.0,ar ARG,DF,Gimnasia–LP,Copa de la Liga,22,2000,4.7,150,250,60.0,2995,1740,56,67,83.6,73,109,67.0,21,62,33.9,0,0.3,0.9,-0.3,4,16,8,7,19,ar ARG,DF,Gimnasia–LP,Copa de la Liga,22,2000,4.7,250,180,70,10,0,1,32,56,4,0,3,0,150,0,13,ar ARG,DF,Gimnasia–LP,Copa de la Liga,22,2000,4.7,7,1.50,6,1,0,0,0,0,1,0.21,1,0,0,0,0,0,ar ARG,DF,Gimnasia–LP,Copa de la Liga,22,2000,4.7,18,6,9,7,2,13,21,61.9,8,5,1,4,2,20,7,0,ar ARG,DF,Gimnasia–LP,Copa de la Liga,22,2000,4.7,290,12,79,136,79,1,290,1,1,100.0,0,0.0,121,617,397,7,7,0,7,2,125,14,ar ARG,DF,Gimnasia–LP,Copa de la Liga,22,2000,9,420,47,33.3,4.7,5,76,1,4,10,4,1.33,3,6,-3,-0.64,-0.11,5.1,4.7,+0.4,+0.09,+0.49,ar ARG,DF,Gimnasia–LP,Copa de la Liga,22,2000,4.7,2,0,0,6,1,0,32,2,6,0,0,0,31,4,5,44.4
Ignacio Galván,ar ARG,DF,Racing Club,Copa de la Liga,20,2002,3,1,136,1.5,0,0,0,0,0,0,0,0,0.0,0.0,0.1,0.1,7,2,14,0.00,0.00,0.00,0.00,0.00,0.03,0.06,0.08,0.03,0.08,ar ARG,DF,Racing Club,Copa de la Liga,20,2002,1.5,0,1,0,0.0,0.66,0.00,0.00,0,14.1,0,0,0,0.0,0.0,0.04,0.0,0.0,ar ARG,DF,Racing Club,Copa de la Liga,20,2002,1.5,52,73,71.2,768,256,33,37,89.2,17,26,65.4,2,7,28.6,0,0.1,0.1,-0.1,1,0,2,1,2,ar ARG,DF,Racing Club,Copa de la Liga,20,2002,1.5,73,61,12,1,0,0,7,11,0,0,0,0,52,0,2,ar ARG,DF,Racing Club,Copa de la Liga,20,2002,1.5,4,2.65,1,1,1,0,1,0,1,0.66,1,0,0,0,0,0,ar ARG,DF,Racing Club,Copa de la Liga,20,2002,1.5,0,0,0,0,0,0,0,0,0,1,0,1,0,0,1,0,ar ARG,DF,Racing Club,Copa de la Liga,20,2002,1.5,89,5,26,38,28,2,89,8,3,37.5,5,62.5,47,309,181,7,8,1,5,1,44,14,ar ARG,DF,Racing Club,Copa de la Liga,20,2002,3,136,45,10.8,1.5,1,90,1,2,23,0,1.33,3,1,+2,+1.32,+1.00,2.3,1.8,+0.6,+0.37,+0.32,ar ARG,DF,Racing Club,Copa de la Liga,20,2002,1.5,0,0,0,2,1,0,7,0,0,0,0,0,17,4,2,66.7
Jonathan Galván,ar ARG,DF,Arg Juniors,Copa de la Liga,30,1992,7,6,540,6.0,0,1,1,0,0,0,3,0,0.4,0.4,0.2,0.6,10,51,5,0.00,0.17,0.17,0.00,0.17,0.06,0.03,0.09,0.06,0.09,ar ARG,DF,Arg Juniors,Copa de la Liga,30,1992,6.0,0,4,1,25.0,0.67,0.17,0.00,0.00,8.3,0,0,0,0.4,0.4,0.09,-0.4,-0.4,ar ARG,DF,Arg Juniors,Copa de la Liga,30,1992,6.0,385,475,81.1,8481,3517,102,113,90.3,204,233,87.6,75,121,62.0,1,0.2,0.4,+0.8,3,32,5,2,51,ar ARG,DF,Arg Juniors,Copa de la Liga,30,1992,6.0,475,434,39,12,0,10,8,25,1,0,1,0,385,2,1,ar ARG,DF,Arg Juniors,Copa de la Liga,30,1992,6.0,13,2.17,10,0,0,2,0,1,2,0.33,2,0,0,0,0,0,ar ARG,DF,Arg Juniors,Copa de la Liga,30,1992,6.0,16,10,7,9,0,14,21,66.7,7,4,2,2,7,23,21,1,ar ARG,DF,Arg Juniors,Copa de la Liga,30,1992,6.0,536,52,222,283,33,8,536,5,3,60.0,2,40.0,292,1615,1003,10,2,0,2,1,343,5,ar ARG,DF,Arg Juniors,Copa de la Liga,30,1992,7,540,77,42.9,6.0,6,86,4,1,22,6,0.57,5,10,-5,-0.83,-0.96,6.2,7.8,-1.6,-0.27,-0.09,ar ARG,DF,Arg Juniors,Copa de la Liga,30,1992,6.0,3,0,0,6,4,0,8,7,10,0,0,0,45,21,8,72.4
Tomás Galván,ar ARG,"MF,FW",Colón,Copa de la Liga,22,2000,12,12,894,9.9,5,0,5,5,0,0,0,0,1.8,1.8,0.3,2.1,2,38,21,0.50,0.00,0.50,0.50,0.50,0.19,0.03,0.22,0.19,0.22,ar ARG,"MF,FW",Colón,Copa de la Liga,22,2000,9.9,5,13,5,38.5,1.31,0.50,0.38,1.00,12.6,0,0,0,1.8,1.8,0.14,+3.2,+3.2,ar ARG,"MF,FW",Colón,Copa de la Liga,22,2000,9.9,233,290,80.3,3371,1124,125,147,85.0,83,101,82.2,10,15,66.7,0,0.3,0.2,-0.3,5,23,2,0,38,ar ARG,"MF,FW",Colón,Copa de la Liga,22,2000,9.9,290,286,3,2,1,1,5,1,0,0,0,0,233,1,5,ar ARG,"MF,FW",Colón,Copa de la Liga,22,2000,9.9,15,1.51,12,0,0,2,1,0,1,0.10,0,0,0,1,0,0,ar ARG,"MF,FW",Colón,Copa de la Liga,22,2000,9.9,18,12,8,8,2,6,16,37.5,10,15,0,15,11,29,3,0,ar ARG,"MF,FW",Colón,Copa de la Liga,22,2000,9.9,391,4,66,228,100,23,391,13,5,38.5,6,46.2,220,1084,430,2,5,0,18,8,256,21,ar ARG,"MF,FW",Colón,Copa de la Liga,22,2000,12,894,75,71.0,9.9,12,75,5,0,0,2,1.42,15,11,+4,+0.40,+0.89,11.8,9.7,+2.2,+0.22,+0.32,ar ARG,"MF,FW",Colón,Copa de la Liga,22,2000,9.9,0,0,0,6,19,0,5,11,12,0,0,0,44,3,15,16.7
Lucas Gamba,ar ARG,"FW,MF",Cen. Córdoba–SdE,Copa de la Liga,35,1987,14,11,936,10.4,2,1,3,2,0,0,0,0,1.8,1.8,2.6,4.4,22,27,107,0.19,0.10,0.29,0.19,0.29,0.18,0.25,0.42,0.18,0.42,ar ARG,"FW,MF",Cen. Córdoba–SdE,Copa de la Liga,35,1987,10.4,2,14,3,21.4,1.35,0.29,0.14,0.67,18.5,0,0,0,1.8,1.8,0.13,+0.2,+0.2,ar ARG,"FW,MF",Cen. Córdoba–SdE,Copa de la Liga,35,1987,10.4,230,352,65.3,3273,818,142,173,82.1,55,86,64.0,15,35,42.9,1,2.6,1.6,-1.6,16,14,14,10,27,ar ARG,"FW,MF",Cen. Córdoba–SdE,Copa de la Liga,35,1987,10.4,352,342,9,1,2,7,35,3,0,0,0,0,230,1,26,ar ARG,"FW,MF",Cen. Córdoba–SdE,Copa de la Liga,35,1987,10.4,27,2.60,22,0,1,1,3,0,2,0.19,2,0,0,0,0,0,ar ARG,"FW,MF",Cen. Córdoba–SdE,Copa de la Liga,35,1987,10.4,5,4,0,3,2,1,13,7.7,12,8,1,7,5,10,2,0,ar ARG,"FW,MF",Cen. Córdoba–SdE,Copa de la Liga,35,1987,10.4,457,2,23,181,259,34,457,23,10,43.5,13,56.5,281,1377,610,22,22,6,30,29,371,107,ar ARG,"FW,MF",Cen. Córdoba–SdE,Copa de la Liga,35,1987,14,936,67,74.3,10.4,11,78,4,3,27,0,1.36,9,11,-2,-0.19,+0.09,8.4,8.3,+0.1,+0.01,-0.20,ar ARG,"FW,MF",Cen. Córdoba–SdE,Copa de la Liga,35,1987,10.4,0,0,0,8,12,3,35,5,4,0,0,0,37,9,12,42.9
Martín Garay,ar ARG,DF,Tigre,Copa de la Liga,23,1999,10,10,889,9.9,0,2,2,0,0,0,2,0,0.2,0.2,1.0,1.2,17,48,54,0.00,0.20,0.20,0.00,0.20,0.02,0.10,0.13,0.02,0.13,ar ARG,DF,Tigre,Copa de la Liga,23,1999,9.9,0,5,0,0.0,0.51,0.00,0.00,0,25.9,0,0,0,0.2,0.2,0.04,-0.2,-0.2,ar ARG,DF,Tigre,Copa de la Liga,23,1999,9.9,452,605,74.7,7991,3930,206,240,85.8,196,246,79.7,41,81,50.6,2,1.0,1.0,+1.0,10,44,10,5,48,ar ARG,DF,Tigre,Copa de la Liga,23,1999,9.9,605,480,124,3,1,1,29,121,0,0,0,0,452,1,25,ar ARG,DF,Tigre,Copa de la Liga,23,1999,9.9,19,1.92,15,1,1,0,2,0,1,0.10,1,0,0,0,0,0,ar ARG,DF,Tigre,Copa de la Liga,23,1999,9.9,24,15,14,8,2,15,19,78.9,4,16,1,15,11,35,14,2,ar ARG,DF,Tigre,Copa de la Liga,23,1999,9.9,714,21,194,340,181,5,714,24,13,54.2,10,41.7,342,1609,749,17,20,2,12,11,381,54,ar ARG,DF,Tigre,Copa de la Liga,23,1999,10,889,89,70.6,9.9,10,89,9,0,0,0,1.10,8,10,-2,-0.20,+0.53,9.2,7.3,+1.9,+0.19,+0.03,ar ARG,DF,Tigre,Copa de la Liga,23,1999,9.9,2,0,0,13,7,0,29,11,15,0,0,0,73,4,8,33.3
Nicolás Garayalde,ar ARG,MF,Vélez Sarsfield,Copa de la Liga,23,1999,7,3,282,3.1,0,0,0,0,0,0,0,1,0.1,0.1,0.1,0.2,1,21,4,0.00,0.00,0.00,0.00,0.00,0.02,0.03,0.05,0.02,0.05,ar ARG,MF,Vélez Sarsfield,Copa de la Liga,23,1999,3.1,0,2,0,0.0,0.64,0.00,0.00,0,19.5,0,0,0,0.1,0.1,0.03,-0.1,-0.1,ar ARG,MF,Vélez Sarsfield,Copa de la Liga,23,1999,3.1,153,182,84.1,2708,1018,65,72,90.3,77,89,86.5,11,18,61.1,0,0.1,0.1,-0.1,2,15,2,0,21,ar ARG,MF,Vélez Sarsfield,Copa de la Liga,23,1999,3.1,182,179,3,3,0,0,1,0,0,0,0,0,153,0,0,ar ARG,MF,Vélez Sarsfield,Copa de la Liga,23,1999,3.1,3,0.96,3,0,0,0,0,0,0,0.00,0,0,0,0,0,0,ar ARG,MF,Vélez Sarsfield,Copa de la Liga,23,1999,3.1,8,5,3,5,0,4,9,44.4,5,7,1,6,3,11,9,1,ar ARG,MF,Vélez Sarsfield,Copa de la Liga,23,1999,3.1,226,10,70,135,21,2,226,3,1,33.3,2,66.7,109,453,217,1,2,0,8,1,137,4,ar ARG,MF,Vélez Sarsfield,Copa de la Liga,23,1999,7,282,40,22.4,3.1,3,58,0,4,27,6,1.14,3,5,-2,-0.64,-1.10,1.7,3.8,-2.1,-0.66,-0.69,ar ARG,MF,Vélez Sarsfield,Copa de la Liga,23,1999,3.1,0,1,0,10,4,0,1,3,5,0,0,0,32,7,4,63.6
Facundo Garcés,ar ARG,DF,Colón,Copa de la Liga,23,1999,14,14,"1,260",14.0,0,1,1,0,0,0,3,0,0.5,0.5,0.5,0.9,2,17,2,0.00,0.07,0.07,0.00,0.07,0.03,0.03,0.07,0.03,0.07,ar ARG,DF,Colón,Copa de la Liga,23,1999,14.0,0,6,3,50.0,0.43,0.21,0.00,0.00,14.7,0,0,0,0.5,0.5,0.08,-0.5,-0.5,ar ARG,DF,Colón,Copa de la Liga,23,1999,14.0,321,465,69.0,5767,2483,127,159,79.9,143,187,76.5,39,90,43.3,1,0.5,0.4,+0.5,3,13,1,0,17,ar ARG,DF,Colón,Copa de la Liga,23,1999,14.0,465,450,15,10,0,1,2,5,0,0,0,0,321,0,10,ar ARG,DF,Colón,Copa de la Liga,23,1999,14.0,6,0.43,3,0,0,2,1,0,2,0.14,1,0,0,1,0,0,ar ARG,DF,Colón,Copa de la Liga,23,1999,14.0,27,19,21,6,0,19,29,65.5,10,18,12,6,25,52,62,0,ar ARG,DF,Colón,Copa de la Liga,23,1999,14.0,612,84,365,223,27,16,612,0,0,0,0,0,260,1328,551,2,3,0,6,1,296,2,ar ARG,DF,Colón,Copa de la Liga,23,1999,14,"1,260",90,100.0,14.0,14,90,14,0,0,0,1.43,19,17,+2,+0.14,0,17.2,15.4,+1.8,+0.13,0,ar ARG,DF,Colón,Copa de la Liga,23,1999,14.0,3,0,0,16,6,0,2,25,19,0,0,0,61,32,23,58.2
Joaquín García,ar ARG,"DF,MF",Vélez Sarsfield,Copa de la Liga,21,2001,10,10,899,10.0,1,0,1,1,0,0,1,0,0.7,0.7,0.1,0.9,15,37,24,0.10,0.00,0.10,0.10,0.10,0.07,0.01,0.09,0.07,0.09,ar ARG,"DF,MF",Vélez Sarsfield,Copa de la Liga,21,2001,10.0,1,2,2,100.0,0.20,0.20,0.50,0.50,9.6,0,0,0,0.7,0.7,0.37,+0.3,+0.3,ar ARG,"DF,MF",Vélez Sarsfield,Copa de la Liga,21,2001,10.0,279,416,67.1,4835,2420,126,153,82.4,122,159,76.7,26,76,34.2,0,0.1,0.4,-0.1,6,28,4,3,37,ar ARG,"DF,MF",Vélez Sarsfield,Copa de la Liga,21,2001,10.0,416,338,77,3,0,1,29,74,0,0,0,0,279,1,22,ar ARG,"DF,MF",Vélez Sarsfield,Copa de la Liga,21,2001,10.0,15,1.50,12,0,1,0,0,2,2,0.20,2,0,0,0,0,0,ar ARG,"DF,MF",Vélez Sarsfield,Copa de la Liga,21,2001,10.0,36,25,22,11,3,18,23,78.3,5,20,3,17,11,47,32,0,ar ARG,"DF,MF",Vélez Sarsfield,Copa de la Liga,21,2001,10.0,552,31,212,235,108,6,552,10,7,70.0,2,20.0,222,937,506,15,8,2,17,2,232,24,ar ARG,"DF,MF",Vélez Sarsfield,Copa de la Liga,21,2001,10,899,90,71.3,10.0,10,90,9,0,0,2,1.60,12,8,+4,+0.40,+0.65,7.0,8.1,-1.0,-0.10,+0.09,ar ARG,"DF,MF",Vélez Sarsfield,Copa de la Liga,21,2001,10.0,1,0,0,9,6,0,29,11,25,0,0,0,79,16,19,45.7
Manuel García,ar ARG,MF,Sarmiento,Copa de la Liga,23,1999,11,3,357,4.0,0,0,0,0,0,0,2,0,0.0,0.0,0.1,0.1,0,13,5,0.00,0.00,0.00,0.00,0.00,0.00,0.03,0.03,0.00,0.03,ar ARG,MF,Sarmiento,Copa de la Liga,23,1999,4.0,0,0,0,0,0.00,0.00,0,0,0,0,0,0,0.0,0.0,0,0.0,0.0,ar ARG,MF,Sarmiento,Copa de la Liga,23,1999,4.0,73,115,63.5,1187,516,32,41,78.0,32,48,66.7,6,18,33.3,0,0.1,0.1,-0.1,1,7,2,1,13,ar ARG,MF,Sarmiento,Copa de la Liga,23,1999,4.0,115,114,1,1,0,1,3,0,0,0,0,0,73,0,2,ar ARG,MF,Sarmiento,Copa de la Liga,23,1999,4.0,4,1.01,4,0,0,0,0,0,0,0.00,0,0,0,0,0,0,ar ARG,MF,Sarmiento,Copa de la Liga,23,1999,4.0,16,8,6,9,1,7,14,50.0,7,1,0,1,5,21,9,0,ar ARG,MF,Sarmiento,Copa de la Liga,23,1999,4.0,156,12,52,77,28,4,156,2,1,50.0,1,50.0,64,260,110,0,2,0,6,5,72,5,ar ARG,MF,Sarmiento,Copa de la Liga,23,1999,11,357,32,28.3,4.0,3,70,1,8,19,3,1.36,2,1,+1,+0.25,+0.35,3.3,4.6,-1.3,-0.33,+0.19,ar ARG,MF,Sarmiento,Copa de la Liga,23,1999,4.0,2,0,0,20,1,0,3,5,8,0,0,0,25,6,7,46.2
Matías García,ar ARG,"FW,MF",Belgrano,Copa de la Liga,31,1991,7,0,98,1.1,0,1,1,0,0,0,0,0,0.4,0.4,0.2,0.6,5,14,10,0.00,0.92,0.92,0.00,0.92,0.39,0.19,0.58,0.39,0.58,ar ARG,"FW,MF",Belgrano,Copa de la Liga,31,1991,1.1,0,4,0,0.0,3.67,0.00,0.00,0,26.2,1,0,0,0.4,0.4,0.11,-0.4,-0.4,ar ARG,"FW,MF",Belgrano,Copa de la Liga,31,1991,1.1,53,75,70.7,955,372,25,31,80.6,21,27,77.8,6,12,50.0,1,0.2,0.2,+0.8,1,9,2,0,14,ar ARG,"FW,MF",Belgrano,Copa de la Liga,31,1991,1.1,75,63,10,5,0,2,6,1,3,0,3,0,53,2,0,ar ARG,"FW,MF",Belgrano,Copa de la Liga,31,1991,1.1,5,4.59,4,0,1,0,0,0,2,1.84,2,0,0,0,0,0,ar ARG,"FW,MF",Belgrano,Copa de la Liga,31,1991,1.1,1,1,0,1,0,0,2,0.0,2,2,0,2,3,4,2,0,ar ARG,"FW,MF",Belgrano,Copa de la Liga,31,1991,1.1,92,0,5,64,26,2,92,5,1,20.0,3,60.0,61,335,164,5,2,1,4,3,58,10,ar ARG,"FW,MF",Belgrano,Copa de la Liga,31,1991,7,98,14,7.8,1.1,0,0,0,7,14,0,1.25,2,4,-2,-1.84,-2.15,1.6,2.4,-0.8,-0.75,-0.54,ar ARG,"FW,MF",Belgrano,Copa de la Liga,31,1991,1.1,0,0,0,3,2,0,6,3,1,0,0,0,10,1,5,16.7
Ignacio Gariglio,ar ARG,DF,Arsenal,Copa de la Liga,24,1998,3,1,142,1.6,0,1,1,0,0,0,0,0,0.0,0.0,0.0,0.0,0,7,1,0.00,0.63,0.63,0.00,0.63,0.02,0.00,0.03,0.02,0.03,ar ARG,DF,Arsenal,Copa de la Liga,24,1998,1.6,0,1,0,0.0,0.63,0.00,0.00,0,11.2,0,0,0,0.0,0.0,0.04,0.0,0.0,ar ARG,DF,Arsenal,Copa de la Liga,24,1998,1.6,36,55,65.5,721,328,10,12,83.3,20,22,90.9,4,17,23.5,1,0.0,0.0,+1.0,1,4,0,0,7,ar ARG,DF,Arsenal,Copa de la Liga,24,1998,1.6,55,51,3,1,0,2,0,2,0,0,0,0,36,1,0,ar ARG,DF,Arsenal,Copa de la Liga,24,1998,1.6,2,1.27,2,0,0,0,0,0,1,0.63,1,0,0,0,0,0,ar ARG,DF,Arsenal,Copa de la Liga,24,1998,1.6,6,1,6,0,0,3,5,60.0,2,1,0,1,4,10,9,0,ar ARG,DF,Arsenal,Copa de la Liga,24,1998,1.6,81,14,50,28,3,3,81,0,0,0,0,0,31,138,105,0,0,0,4,0,34,1,ar ARG,DF,Arsenal,Copa de la Liga,24,1998,3,142,47,11.3,1.6,1,90,1,2,26,2,0.00,1,3,-2,-1.27,-1.03,1.5,1.8,-0.2,-0.14,-0.06,ar ARG,DF,Arsenal,Copa de la Liga,24,1998,1.6,0,0,0,2,0,0,0,4,1,0,0,0,10,4,5,44.4
Rodrigo Garro,ar ARG,"MF,FW",Talleres,Copa de la Liga,25,1998,13,12,"1,023",11.4,2,3,5,2,0,1,3,0,2.0,1.2,4.4,5.6,28,100,54,0.18,0.26,0.44,0.18,0.44,0.18,0.38,0.56,0.11,0.49,ar ARG,"MF,FW",Talleres,Copa de la Liga,25,1998,11.4,2,27,9,33.3,2.38,0.79,0.07,0.22,26.0,7,0,1,2.0,1.2,0.05,0.0,+0.8,ar ARG,"MF,FW",Talleres,Copa de la Liga,25,1998,11.4,472,668,70.7,8948,3498,200,245,81.6,188,241,78.0,71,134,53.0,3,4.4,3.5,-1.4,44,85,20,3,100,ar ARG,"MF,FW",Talleres,Copa de la Liga,25,1998,11.4,668,563,98,36,12,13,66,10,44,12,20,7,472,7,16,ar ARG,"MF,FW",Talleres,Copa de la Liga,25,1998,11.4,84,7.39,58,16,4,1,4,1,4,0.35,3,1,0,0,0,0,ar ARG,"MF,FW",Talleres,Copa de la Liga,25,1998,11.4,10,8,3,3,4,5,17,29.4,12,6,1,5,5,15,2,0,ar ARG,"MF,FW",Talleres,Copa de la Liga,25,1998,11.4,793,4,56,457,291,23,792,30,17,56.7,11,36.7,433,2242,1005,28,20,4,35,17,570,54,ar ARG,"MF,FW",Talleres,Copa de la Liga,25,1998,13,"1,023",79,81.2,11.4,12,82,6,1,35,0,1.08,9,11,-2,-0.18,-0.94,13.5,12.9,+0.6,+0.05,-0.47,ar ARG,"MF,FW",Talleres,Copa de la Liga,25,1998,11.4,3,0,0,9,35,0,66,5,8,0,0,0,60,10,14,41.7
Lautaro Garzón,ar ARG,GK,Vélez Sarsfield,Copa de la Liga,19,2003,4,4,360,4.0,0,0,0,0,0,0,0,0,0.0,0.0,0.0,0.0,0,0,0,0.00,0.00,0.00,0.00,0.00,0.00,0.00,0.00,0.00,0.00,ar ARG,GK,Vélez Sarsfield,Copa de la Liga,19,2003,4.0,0,0,0,0,0.00,0.00,0,0,0,0,0,0,0.0,0.0,0,0.0,0.0,ar ARG,GK,Vélez Sarsfield,Copa de la Liga,19,2003,4.0,69,112,61.6,2372,1906,12,14,85.7,26,26,100.0,31,72,43.1,0,0.0,0.0,0.0,0,3,0,0,0,ar ARG,GK,Vélez Sarsfield,Copa de la Liga,19,2003,4.0,112,72,40,10,0,0,0,0,0,0,0,0,69,0,0,ar ARG,GK,Vélez Sarsfield,Copa de la Liga,19,2003,4.0,3,0.75,2,1,0,0,0,0,0,0.00,0,0,0,0,0,0,ar ARG,GK,Vélez Sarsfield,Copa de la Liga,19,2003,4.0,0,0,0,0,0,0,1,0.0,1,0,0,0,0,0,0,0,ar ARG,GK,Vélez Sarsfield,Copa de la Liga,19,2003,4.0,115,95,115,0,0,0,115,0,0,0,0,0,63,381,236,0,0,0,0,0,34,0,ar ARG,GK,Vélez Sarsfield,Copa de la Liga,19,2003,4,360,90,28.6,4.0,4,90,4,0,0,5,2.00,6,3,+3,+0.75,+0.75,2.8,2.7,0.0,+0.01,+0.19,ar ARG,GK,Vélez Sarsfield,Copa de la Liga,19,2003,4.0,0,0,0,0,1,0,0,0,0,0,0,0,3,0,0,0
Juan Gauto,ar ARG,MF,Huracán,Copa de la Liga,18,2004,1,1,62,0.7,0,0,0,0,0,0,0,0,0.0,0.0,0.0,0.0,2,3,3,0.00,0.00,0.00,0.00,0.00,0.00,0.00,0.00,0.00,0.00,ar ARG,MF,Huracán,Copa de la Liga,18,2004,0.7,0,0,0,0,0.00,0.00,0,0,0,0,0,0,0.0,0.0,0,0.0,0.0,ar ARG,MF,Huracán,Copa de la Liga,18,2004,0.7,18,22,81.8,223,44,13,15,86.7,5,7,71.4,0,0,0,0,0.0,0.0,0.0,0,0,1,0,3,ar ARG,MF,Huracán,Copa de la Liga,18,2004,0.7,22,20,2,0,0,0,1,2,0,0,0,0,18,0,0,ar ARG,MF,Huracán,Copa de la Liga,18,2004,0.7,1,1.45,1,0,0,0,0,0,0,0.00,0,0,0,0,0,0,ar ARG,MF,Huracán,Copa de la Liga,18,2004,0.7,0,0,0,0,0,0,0,0,0,1,0,1,0,0,0,0,ar ARG,MF,Huracán,Copa de la Liga,18,2004,0.7,27,0,2,12,13,0,27,1,0,0.0,1,100.0,12,93,43,2,2,0,2,0,18,3,ar ARG,MF,Huracán,Copa de la Liga,18,2004,1,62,62,4.9,0.7,1,62,0,0,0,0,3.00,0,0,0,0.00,-0.60,0.3,0.1,+0.2,+0.24,+0.30,ar ARG,MF,Huracán,Copa de la Liga,18,2004,0.7,0,0,0,2,0,0,1,0,0,0,0,0,4,0,1,0.0
Francisco Gerometta,ar ARG,DF,Unión,Copa de la Liga,23,1999,4,1,89,1.0,0,0,0,0,0,0,0,0,0.0,0.0,0.2,0.2,5,2,4,0.00,0.00,0.00,0.00,0.00,0.00,0.23,0.23,0.00,0.23,ar ARG,DF,Unión,Copa de la Liga,23,1999,1.0,0,0,0,0,0.00,0.00,0,0,0,0,0,0,0.0,0.0,0,0.0,0.0,ar ARG,DF,Unión,Copa de la Liga,23,1999,1.0,20,38,52.6,357,160,9,14,64.3,8,14,57.1,3,7,42.9,0,0.2,0.2,-0.2,1,0,2,2,2,ar ARG,DF,Unión,Copa de la Liga,23,1999,1.0,38,27,11,0,0,1,5,11,0,0,0,0,20,0,2,ar ARG,DF,Unión,Copa de la Liga,23,1999,1.0,6,6.00,4,0,2,0,0,0,0,0.00,0,0,0,0,0,0,ar ARG,DF,Unión,Copa de la Liga,23,1999,1.0,7,3,5,2,0,2,4,50.0,2,0,0,0,0,7,3,0,ar ARG,DF,Unión,Copa de la Liga,23,1999,1.0,56,4,18,19,20,2,56,7,4,57.1,3,42.9,25,223,116,5,5,2,5,0,23,4,ar ARG,DF,Unión,Copa de la Liga,23,1999,4,89,22,7.1,1.0,1,58,0,3,10,1,0.50,0,0,0,0.00,+0.23,1.5,1.1,+0.3,+0.34,+0.51,ar ARG,DF,Unión,Copa de la Liga,23,1999,1.0,0,0,0,0,1,0,5,0,3,0,0,0,5,0,1,0.0
Joaquín Gho,ar ARG,"FW,DF",Sarmiento,Copa de la Liga,19,2003,9,2,305,3.4,0,0,0,0,0,0,0,0,0.1,0.1,0.0,0.1,8,1,15,0.00,0.00,0.00,0.00,0.00,0.02,0.00,0.02,0.02,0.02,ar ARG,"FW,DF",Sarmiento,Copa de la Liga,19,2003,3.4,0,3,1,33.3,0.89,0.30,0.00,0.00,24.5,0,0,0,0.1,0.1,0.03,-0.1,-0.1,ar ARG,"FW,DF",Sarmiento,Copa de la Liga,19,2003,3.4,65,113,57.5,856,191,41,55,74.5,20,37,54.1,1,8,12.5,0,0.0,0.0,0.0,0,3,0,0,1,ar ARG,"FW,DF",Sarmiento,Copa de la Liga,19,2003,3.4,113,102,11,0,0,1,5,8,0,0,0,0,65,0,4,ar ARG,"FW,DF",Sarmiento,Copa de la Liga,19,2003,3.4,1,0.29,0,0,0,0,1,0,0,0.00,0,0,0,0,0,0,ar ARG,"FW,DF",Sarmiento,Copa de la Liga,19,2003,3.4,5,5,3,2,0,0,6,0.0,6,3,0,3,3,8,5,0,ar ARG,"FW,DF",Sarmiento,Copa de la Liga,19,2003,3.4,157,2,34,80,45,5,157,16,6,37.5,8,50.0,88,486,247,8,4,3,4,3,93,15,ar ARG,"FW,DF",Sarmiento,Copa de la Liga,19,2003,9,305,34,24.2,3.4,2,78,0,7,21,5,0.67,1,4,-3,-0.89,-1.17,2.1,3.9,-1.8,-0.53,-0.10,ar ARG,"FW,DF",Sarmiento,Copa de la Liga,19,2003,3.4,0,0,0,7,5,1,5,3,5,1,0,0,21,6,10,37.5
Laurtaro Giaccone,ar ARG,"FW,MF",Rosario Central,Copa de la Liga,21,2001,6,5,411,4.6,0,2,2,0,0,0,0,0,0.3,0.3,0.6,0.8,16,14,23,0.00,0.44,0.44,0.00,0.44,0.06,0.12,0.18,0.06,0.18,ar ARG,"FW,MF",Rosario Central,Copa de la Liga,21,2001,4.6,0,3,1,33.3,0.66,0.22,0.00,0.00,16.9,0,0,0,0.3,0.3,0.09,-0.3,-0.3,ar ARG,"FW,MF",Rosario Central,Copa de la Liga,21,2001,4.6,73,124,58.9,1424,391,34,46,73.9,22,36,61.1,16,27,59.3,2,0.6,0.5,+1.4,8,6,5,0,14,ar ARG,"FW,MF",Rosario Central,Copa de la Liga,21,2001,4.6,124,117,7,1,2,4,20,6,0,0,0,0,73,0,15,ar ARG,"FW,MF",Rosario Central,Copa de la Liga,21,2001,4.6,12,2.63,10,0,2,0,0,0,2,0.44,2,0,0,0,0,0,ar ARG,"FW,MF",Rosario Central,Copa de la Liga,21,2001,4.6,5,3,3,2,0,1,2,50.0,1,2,0,2,3,8,1,0,ar ARG,"FW,MF",Rosario Central,Copa de la Liga,21,2001,4.6,161,2,17,73,75,14,161,16,6,37.5,8,50.0,89,665,381,16,7,5,3,7,112,23,ar ARG,"FW,MF",Rosario Central,Copa de la Liga,21,2001,6,411,69,32.6,4.6,5,73,0,1,45,0,1.14,5,5,0,0.00,-0.42,4.5,8.1,-3.6,-0.78,-0.68,ar ARG,"FW,MF",Rosario Central,Copa de la Liga,21,2001,4.6,0,0,0,1,3,0,20,3,3,0,0,0,15,3,3,50.0
Lautaro Gianetti,ar ARG,DF,Vélez Sarsfield,Copa de la Liga,29,1993,13,13,"1,170",13.0,0,1,1,0,0,0,5,0,0.3,0.3,0.2,0.5,4,15,5,0.00,0.08,0.08,0.00,0.08,0.02,0.02,0.04,0.02,0.04,ar ARG,DF,Vélez Sarsfield,Copa de la Liga,29,1993,13.0,0,6,1,16.7,0.46,0.08,0.00,0.00,11.5,0,0,0,0.3,0.3,0.04,-0.3,-0.3,ar ARG,DF,Vélez Sarsfield,Copa de la Liga,29,1993,13.0,335,434,77.2,6953,3097,99,124,79.8,178,215,82.8,51,82,62.2,1,0.2,0.1,+0.8,2,22,0,0,15,ar ARG,DF,Vélez Sarsfield,Copa de la Liga,29,1993,13.0,434,406,27,23,0,1,0,2,0,0,0,0,335,1,3,ar ARG,DF,Vélez Sarsfield,Copa de la Liga,29,1993,13.0,3,0.23,3,0,0,0,0,0,2,0.15,2,0,0,0,0,0,ar ARG,DF,Vélez Sarsfield,Copa de la Liga,29,1993,13.0,19,15,14,5,0,9,11,81.8,2,17,11,6,22,41,103,0,ar ARG,DF,Vélez Sarsfield,Copa de la Liga,29,1993,13.0,614,126,410,187,21,12,614,1,1,100.0,0,0.0,235,1129,650,4,0,0,4,1,267,5,ar ARG,DF,Vélez Sarsfield,Copa de la Liga,29,1993,13,"1,170",90,92.9,13.0,13,90,13,0,0,0,1.62,16,13,+3,+0.23,+0.23,9.4,11.7,-2.4,-0.18,-0.75,ar ARG,DF,Vélez Sarsfield,Copa de la Liga,29,1993,13.0,5,0,0,14,4,0,0,22,15,0,1,0,56,56,24,70.0
Justo Giani,ar ARG,"MF,FW",Atlé Tucumán,Copa de la Liga,23,1999,12,3,423,4.7,0,1,1,0,0,0,1,0,0.5,0.5,0.3,0.8,4,18,30,0.00,0.21,0.21,0.00,0.21,0.11,0.07,0.17,0.11,0.17,ar ARG,"MF,FW",Atlé Tucumán,Copa de la Liga,23,1999,4.7,0,10,3,30.0,2.13,0.64,0.00,0.00,20.3,0,0,0,0.5,0.5,0.05,-0.5,-0.5,ar ARG,"MF,FW",Atlé Tucumán,Copa de la Liga,23,1999,4.7,128,183,69.9,1636,687,84,107,78.5,30,42,71.4,6,13,46.2,1,0.3,0.2,+0.7,3,12,5,1,18,ar ARG,"MF,FW",Atlé Tucumán,Copa de la Liga,23,1999,4.7,183,178,4,0,2,0,3,4,0,0,0,0,128,1,7,ar ARG,"MF,FW",Atlé Tucumán,Copa de la Liga,23,1999,4.7,5,1.06,3,0,0,0,1,1,2,0.43,2,0,0,0,0,0,ar ARG,"MF,FW",Atlé Tucumán,Copa de la Liga,23,1999,4.7,16,13,5,9,2,8,16,50.0,8,7,1,6,11,27,5,0,ar ARG,"MF,FW",Atlé Tucumán,Copa de la Liga,23,1999,4.7,269,5,37,143,91,10,269,19,11,57.9,8,42.1,149,729,271,4,6,0,19,11,174,30,ar ARG,"MF,FW",Atlé Tucumán,Copa de la Liga,23,1999,12,423,35,33.6,4.7,3,63,0,9,26,1,1.08,3,2,+1,+0.21,+0.64,4.1,5.1,-0.9,-0.20,-0.34,ar ARG,"MF,FW",Atlé Tucumán,Copa de la Liga,23,1999,4.7,1,0,0,4,7,5,3,11,13,0,0,0,43,12,9,57.1
Agustín Giay,ar ARG,"DF,MF",San Lorenzo,Copa de la Liga,19,2004,13,13,949,10.5,0,0,0,0,0,0,0,1,0.4,0.4,0.1,0.5,22,28,38,0.00,0.00,0.00,0.00,0.00,0.04,0.01,0.05,0.04,0.05,ar ARG,"DF,MF",San Lorenzo,Copa de la Liga,19,2004,10.5,0,5,0,0.0,0.47,0.00,0.00,0,19.4,0,0,0,0.4,0.4,0.08,-0.4,-0.4,ar ARG,"DF,MF",San Lorenzo,Copa de la Liga,19,2004,10.5,267,381,70.1,4306,1976,138,170,81.2,98,125,78.4,23,50,46.0,0,0.1,0.3,-0.1,3,25,6,2,28,ar ARG,"DF,MF",San Lorenzo,Copa de la Liga,19,2004,10.5,381,293,88,4,0,0,29,84,0,0,0,0,267,0,26,ar ARG,"DF,MF",San Lorenzo,Copa de la Liga,19,2004,10.5,10,0.95,7,0,1,1,1,0,1,0.09,0,0,0,1,0,0,ar ARG,"DF,MF",San Lorenzo,Copa de la Liga,19,2004,10.5,16,11,11,5,0,8,15,53.3,7,7,1,6,12,28,13,0,ar ARG,"DF,MF",San Lorenzo,Copa de la Liga,19,2004,10.5,482,13,148,223,119,6,482,29,12,41.4,14,48.3,229,1347,754,22,11,2,12,9,224,38,ar ARG,"DF,MF",San Lorenzo,Copa de la Liga,19,2004,13,949,73,75.3,10.5,13,73,3,0,0,0,1.15,5,8,-3,-0.28,-1.15,7.6,9.8,-2.2,-0.21,-0.31,ar ARG,"DF,MF",San Lorenzo,Copa de la Liga,19,2004,10.5,0,1,0,8,14,0,29,12,11,0,0,0,62,4,9,30.8
Matías Giménez,ar ARG,"FW,MF",Independiente,Copa de la Liga,23,1999,14,12,"1,096",12.2,5,0,5,4,1,1,3,0,5.9,5.1,1.4,6.6,18,28,103,0.41,0.00,0.41,0.33,0.33,0.49,0.12,0.60,0.42,0.54,ar ARG,"FW,MF",Independiente,Copa de la Liga,23,1999,12.2,5,39,15,38.5,3.20,1.23,0.10,0.27,15.5,0,1,1,5.9,5.1,0.13,-0.9,-1.1,ar ARG,"FW,MF",Independiente,Copa de la Liga,23,1999,12.2,306,419,73.0,4560,651,172,207,83.1,97,132,73.5,22,30,73.3,0,1.4,1.1,-1.4,13,18,4,0,28,ar ARG,"FW,MF",Independiente,Copa de la Liga,23,1999,12.2,419,404,11,1,2,4,7,2,0,0,0,0,306,4,17,ar ARG,"FW,MF",Independiente,Copa de la Liga,23,1999,12.2,39,3.20,25,0,7,5,2,0,7,0.57,4,0,2,1,0,0,ar ARG,"FW,MF",Independiente,Copa de la Liga,23,1999,12.2,9,5,2,4,3,2,11,18.2,9,11,1,10,2,11,13,0,ar ARG,"FW,MF",Independiente,Copa de la Liga,23,1999,12.2,598,15,39,292,275,65,597,33,20,60.6,13,39.4,426,1752,661,18,14,7,41,31,445,103,ar ARG,"FW,MF",Independiente,Copa de la Liga,23,1999,14,"1,096",78,87.0,12.2,12,87,9,2,26,0,1.64,14,11,+3,+0.25,-0.30,16.1,9.7,+6.4,+0.52,-0.24,ar ARG,"FW,MF",Independiente,Copa de la Liga,23,1999,12.2,3,0,0,9,23,1,7,2,5,0,0,0,64,23,47,32.9
Milton Giménez,ar ARG,FW,Banfield,Copa de la Liga,26,1996,11,10,922,10.2,2,1,3,1,1,1,3,0,2.8,2.1,0.6,2.7,8,20,31,0.20,0.10,0.29,0.10,0.20,0.28,0.06,0.34,0.20,0.26,ar ARG,FW,Banfield,Copa de la Liga,26,1996,10.2,2,27,12,44.4,2.64,1.17,0.04,0.08,18.1,1,1,1,2.8,2.1,0.08,-0.8,-1.1,ar ARG,FW,Banfield,Copa de la Liga,26,1996,10.2,91,171,53.2,1567,394,45,77,58.4,35,65,53.8,9,13,69.2,1,0.6,0.5,+0.4,10,11,0,0,20,ar ARG,FW,Banfield,Copa de la Liga,26,1996,10.2,171,163,7,0,0,4,6,1,0,0,0,0,91,1,8,ar ARG,FW,Banfield,Copa de la Liga,26,1996,10.2,20,1.95,10,0,0,6,2,2,2,0.20,2,0,0,0,0,0,ar ARG,FW,Banfield,Copa de la Liga,26,1996,10.2,12,8,0,5,7,5,12,41.7,7,12,1,11,2,14,17,0,ar ARG,FW,Banfield,Copa de la Liga,26,1996,10.2,321,20,27,143,157,50,320,21,11,52.4,8,38.1,150,748,246,8,6,5,46,17,210,31,ar ARG,FW,Banfield,Copa de la Liga,26,1996,11,922,84,73.2,10.2,10,90,9,1,23,0,1.50,7,4,+3,+0.29,-0.24,8.4,7.9,+0.5,+0.05,+0.50,ar ARG,FW,Banfield,Copa de la Liga,26,1996,10.2,3,0,0,26,11,7,6,2,8,0,0,0,32,47,47,50.0
Federico Girotti,ar ARG,"FW,MF",San Lorenzo,Copa de la Liga,23,1999,13,9,660,7.3,1,0,1,0,1,1,0,0,1.9,1.2,0.1,1.2,3,12,35,0.14,0.00,0.14,0.00,0.00,0.27,0.01,0.28,0.16,0.17,ar ARG,"FW,MF",San Lorenzo,Copa de la Liga,23,1999,7.3,1,17,2,11.8,2.32,0.27,0.00,0.00,23.9,1,1,1,1.9,1.2,0.07,-0.9,-1.2,ar ARG,"FW,MF",San Lorenzo,Copa de la Liga,23,1999,7.3,88,169,52.1,1310,380,52,81,64.2,25,45,55.6,6,21,28.6,0,0.1,0.5,-0.1,3,16,2,0,12,ar ARG,"FW,MF",San Lorenzo,Copa de la Liga,23,1999,7.3,169,164,3,0,0,3,6,1,0,0,0,0,88,2,8,ar ARG,"FW,MF",San Lorenzo,Copa de la Liga,23,1999,7.3,8,1.09,6,0,0,1,0,1,0,0.00,0,0,0,0,0,0,ar ARG,"FW,MF",San Lorenzo,Copa de la Liga,23,1999,7.3,5,4,2,1,2,4,7,57.1,3,6,2,4,3,8,6,0,ar ARG,"FW,MF",San Lorenzo,Copa de la Liga,23,1999,7.3,246,8,23,121,102,20,245,16,5,31.3,11,68.8,119,480,142,3,6,3,17,10,191,35,ar ARG,"FW,MF",San Lorenzo,Copa de la Liga,23,1999,13,660,51,52.4,7.3,9,61,0,4,28,1,1.15,5,6,-1,-0.14,-0.29,4.6,6.9,-2.3,-0.32,-0.38,ar ARG,"FW,MF",San Lorenzo,Copa de la Liga,23,1999,7.3,0,0,0,7,6,7,6,3,4,0,0,0,15,32,38,45.7
Dylan Gissi,ch SUI,DF,Defensa y Just,Copa de la Liga,31,1991,3,1,150,1.7,0,0,0,0,0,0,1,0,0.0,0.0,0.0,0.1,0,3,1,0.00,0.00,0.00,0.00,0.00,0.03,0.01,0.04,0.03,0.04,ch SUI,DF,Defensa y Just,Copa de la Liga,31,1991,1.7,0,2,1,50.0,1.20,0.60,0.00,0.00,24.1,0,0,0,0.0,0.0,0.02,0.0,0.0,ch SUI,DF,Defensa y Just,Copa de la Liga,31,1991,1.7,92,114,80.7,2074,739,24,30,80.0,47,50,94.0,20,31,64.5,0,0.0,0.0,0.0,1,5,0,0,3,ch SUI,DF,Defensa y Just,Copa de la Liga,31,1991,1.7,114,106,7,6,0,1,0,1,0,0,0,0,92,1,1,ch SUI,DF,Defensa y Just,Copa de la Liga,31,1991,1.7,0,0.00,0,0,0,0,0,0,0,0.00,0,0,0,0,0,0,ch SUI,DF,Defensa y Just,Copa de la Liga,31,1991,1.7,1,0,1,0,0,0,0,0,0,2,2,0,3,4,9,0,ch SUI,DF,Defensa y Just,Copa de la Liga,31,1991,1.7,133,18,90,39,5,3,133,0,0,0,0,0,60,241,113,0,0,0,0,1,75,1,ch SUI,DF,Defensa y Just,Copa de la Liga,31,1991,3,150,50,11.9,1.7,1,90,1,2,30,5,1.00,1,3,-2,-1.20,-1.04,0.8,2.1,-1.3,-0.78,-0.20,ch SUI,DF,Defensa y Just,Copa de la Liga,31,1991,1.7,1,0,0,4,1,0,0,3,0,0,1,0,11,7,5,58.3
Ian Glavinovich,ar ARG,DF,Newell's OB,Copa de la Liga,21,2001,7,7,630,7.0,0,0,0,0,0,0,1,0,0.0,0.0,0.0,0.0,5,17,2,0.00,0.00,0.00,0.00,0.00,0.00,0.00,0.00,0.00,0.00,ar ARG,DF,Newell's OB,Copa de la Liga,21,2001,7.0,0,0,0,0,0.00,0.00,0,0,0,0,0,0,0.0,0.0,0,0.0,0.0,ar ARG,DF,Newell's OB,Copa de la Liga,21,2001,7.0,280,355,78.9,5656,2431,91,102,89.2,145,173,83.8,39,68,57.4,0,0.0,0.2,0.0,1,15,0,0,17,ar ARG,DF,Newell's OB,Copa de la Liga,21,2001,7.0,355,337,17,7,2,4,1,0,0,0,0,0,280,1,5,ar ARG,DF,Newell's OB,Copa de la Liga,21,2001,7.0,2,0.29,2,0,0,0,0,0,0,0.00,0,0,0,0,0,0,ar ARG,DF,Newell's OB,Copa de la Liga,21,2001,7.0,12,4,10,2,0,5,7,71.4,2,15,9,6,15,27,37,0,ar ARG,DF,Newell's OB,Copa de la Liga,21,2001,7.0,450,63,282,165,15,6,450,5,2,40.0,3,60.0,234,1459,851,5,2,0,6,2,238,2,ar ARG,DF,Newell's OB,Copa de la Liga,21,2001,7,630,90,50.0,7.0,7,90,7,0,0,4,1.86,8,2,+6,+0.86,+1.14,7.0,5.1,+1.9,+0.27,+0.30,ar ARG,DF,Newell's OB,Copa de la Liga,21,2001,7.0,1,0,0,4,3,0,1,15,4,0,0,0,57,14,9,60.9
Erik Godoy,ar ARG,DF,Belgrano,Copa de la Liga,29,1993,10,10,813,9.0,0,0,0,0,0,0,2,1,0.1,0.1,0.0,0.1,3,21,1,0.00,0.00,0.00,0.00,0.00,0.01,0.00,0.01,0.01,0.01,ar ARG,DF,Belgrano,Copa de la Liga,29,1993,9.0,0,2,0,0.0,0.22,0.00,0.00,0,12.8,0,0,0,0.1,0.1,0.05,-0.1,-0.1,ar ARG,DF,Belgrano,Copa de la Liga,29,1993,9.0,300,372,80.6,6478,2490,60,67,89.6,198,222,89.2,38,74,51.4,0,0.0,0.1,0.0,1,17,0,0,21,ar ARG,DF,Belgrano,Copa de la Liga,29,1993,9.0,372,358,14,13,0,1,2,0,0,0,0,0,300,0,1,ar ARG,DF,Belgrano,Copa de la Liga,29,1993,9.0,5,0.55,5,0,0,0,0,0,1,0.11,1,0,0,0,0,0,ar ARG,DF,Belgrano,Copa de la Liga,29,1993,9.0,16,10,10,6,0,7,9,77.8,2,11,4,7,13,29,42,0,ar ARG,DF,Belgrano,Copa de la Liga,29,1993,9.0,463,65,290,165,8,3,463,1,1,100.0,0,0.0,223,1208,751,3,0,0,1,0,253,1,ar ARG,DF,Belgrano,Copa de la Liga,29,1993,10,813,81,64.5,9.0,10,81,7,0,0,0,1.50,13,6,+7,+0.77,+1.78,9.2,10.7,-1.5,-0.16,+0.27,ar ARG,DF,Belgrano,Copa de la Liga,29,1993,9.0,2,1,0,9,3,0,2,13,10,0,0,0,47,23,11,67.6
Fernando Godoy,ar ARG,MF,Huracán,Copa de la Liga,32,1990,2,0,38,0.4,0,0,0,0,0,0,0,0,0.0,0.0,0.0,0.0,0,0,0,0.00,0.00,0.00,0.00,0.00,0.05,0.00,0.05,0.05,0.05,ar ARG,MF,Huracán,Copa de la Liga,32,1990,0.4,0,1,0,0.0,2.37,0.00,0.00,0,26.5,0,0,0,0.0,0.0,0.02,0.0,0.0,ar ARG,MF,Huracán,Copa de la Liga,32,1990,0.4,10,12,83.3,186,31,4,5,80.0,5,5,100.0,1,2,50.0,0,0.0,0.0,0.0,0,0,0,0,0,ar ARG,MF,Huracán,Copa de la Liga,32,1990,0.4,12,10,2,2,0,0,0,0,0,0,0,0,10,0,0,ar ARG,MF,Huracán,Copa de la Liga,32,1990,0.4,0,0.00,0,0,0,0,0,0,0,0.00,0,0,0,0,0,0,ar ARG,MF,Huracán,Copa de la Liga,32,1990,0.4,1,0,0,1,0,0,0,0,0,0,0,0,0,1,0,0,ar ARG,MF,Huracán,Copa de la Liga,32,1990,0.4,15,0,3,10,3,0,15,0,0,0,0,0,9,28,9,0,0,0,1,0,7,0,ar ARG,MF,Huracán,Copa de la Liga,32,1990,2,38,19,3.0,0.4,0,0,0,2,19,10,3.00,2,0,+2,+4.74,+4.29,1.3,0.9,+0.4,+0.90,+0.98,ar ARG,MF,Huracán,Copa de la Liga,32,1990,0.4,0,0,0,0,1,0,0,0,0,0,0,0,3,0,1,0.0
Leonardo Godoy,ar ARG,DF,Estudiantes–LP,Copa de la Liga,27,1995,11,9,883,9.8,0,1,1,0,0,0,2,0,0.6,0.6,1.8,2.4,18,23,86,0.00,0.10,0.10,0.00,0.10,0.06,0.18,0.24,0.06,0.24,ar ARG,DF,Estudiantes–LP,Copa de la Liga,27,1995,9.8,0,9,1,11.1,0.92,0.10,0.00,0.00,22.3,0,0,0,0.6,0.6,0.07,-0.6,-0.6,ar ARG,DF,Estudiantes–LP,Copa de la Liga,27,1995,9.8,323,457,70.7,6213,2629,125,142,88.0,152,198,76.8,41,96,42.7,1,1.8,1.2,-0.8,10,17,7,3,23,ar ARG,DF,Estudiantes–LP,Copa de la Liga,27,1995,9.8,457,333,122,5,0,2,40,117,0,0,0,0,323,2,7,ar ARG,DF,Estudiantes–LP,Copa de la Liga,27,1995,9.8,28,2.85,17,5,0,1,5,0,3,0.31,1,1,0,0,1,0,ar ARG,DF,Estudiantes–LP,Copa de la Liga,27,1995,9.8,6,4,3,2,1,3,5,60.0,2,7,2,5,4,10,22,0,ar ARG,DF,Estudiantes–LP,Copa de la Liga,27,1995,9.8,552,27,134,237,182,22,552,19,3,15.8,13,68.4,246,1129,590,18,10,4,16,3,303,86,ar ARG,DF,Estudiantes–LP,Copa de la Liga,27,1995,11,883,80,70.1,9.8,9,90,9,2,37,0,1.45,9,8,+1,+0.10,+0.82,14.1,8.4,+5.7,+0.58,+0.83,ar ARG,DF,Estudiantes–LP,Copa de la Liga,27,1995,9.8,2,0,0,14,10,2,40,4,4,1,1,0,41,6,7,46.2
Matías Godoy,ar ARG,"DF,FW",Estudiantes–LP,Copa de la Liga,21,2002,3,1,96,1.1,0,0,0,0,0,0,1,0,0.1,0.1,0.0,0.1,5,1,10,0.00,0.00,0.00,0.00,0.00,0.05,0.00,0.05,0.05,0.05,ar ARG,"DF,FW",Estudiantes–LP,Copa de la Liga,21,2002,1.1,0,1,1,100.0,0.94,0.94,0.00,0.00,11.4,0,0,0,0.1,0.1,0.05,-0.1,-0.1,ar ARG,"DF,FW",Estudiantes–LP,Copa de la Liga,21,2002,1.1,19,35,54.3,261,55,13,20,65.0,5,9,55.6,0,1,0.0,0,0.0,0.0,0.0,0,0,0,0,1,ar ARG,"DF,FW",Estudiantes–LP,Copa de la Liga,21,2002,1.1,35,31,4,1,0,1,1,3,0,0,0,0,19,0,2,ar ARG,"DF,FW",Estudiantes–LP,Copa de la Liga,21,2002,1.1,0,0.00,0,0,0,0,0,0,0,0.00,0,0,0,0,0,0,ar ARG,"DF,FW",Estudiantes–LP,Copa de la Liga,21,2002,1.1,3,2,1,2,0,1,1,100.0,0,0,0,0,0,3,2,0,ar ARG,"DF,FW",Estudiantes–LP,Copa de la Liga,21,2002,1.1,50,1,12,19,19,7,50,2,0,0.0,1,50.0,30,208,91,5,0,4,5,2,34,10,ar ARG,"DF,FW",Estudiantes–LP,Copa de la Liga,21,2002,3,96,32,7.6,1.1,1,55,0,2,21,5,0.00,3,2,+1,+0.94,+1.17,2.4,1.0,+1.4,+1.30,+1.05,ar ARG,"DF,FW",Estudiantes–LP,Copa de la Liga,21,2002,1.1,1,0,0,0,3,0,1,0,2,0,0,0,4,1,1,50.0
Paolo Goltz,ar ARG,DF,Colón,Copa de la Liga,37,1985,9,9,672,7.5,0,0,0,0,0,0,1,1,0.0,0.0,0.0,0.0,1,14,1,0.00,0.00,0.00,0.00,0.00,0.01,0.00,0.01,0.01,0.01,ar ARG,DF,Colón,Copa de la Liga,37,1985,7.5,0,1,1,100.0,0.13,0.13,0.00,0.00,11.6,0,0,0,0.0,0.0,0.04,0.0,0.0,ar ARG,DF,Colón,Copa de la Liga,37,1985,7.5,217,296,73.3,4609,2155,63,79,79.7,115,128,89.8,34,74,45.9,0,0.0,0.2,0.0,0,13,4,0,14,ar ARG,DF,Colón,Copa de la Liga,37,1985,7.5,296,278,17,15,0,0,1,2,0,0,0,0,217,1,8,ar ARG,DF,Colón,Copa de la Liga,37,1985,7.5,5,0.67,5,0,0,0,0,0,0,0.00,0,0,0,0,0,0,ar ARG,DF,Colón,Copa de la Liga,37,1985,7.5,16,9,10,6,0,10,15,66.7,5,8,5,3,8,24,38,0,ar ARG,DF,Colón,Copa de la Liga,37,1985,7.5,380,53,213,152,17,5,380,4,2,50.0,2,50.0,159,819,434,1,1,0,6,1,183,1,ar ARG,DF,Colón,Copa de la Liga,37,1985,9,672,75,53.3,7.5,9,75,4,0,0,2,1.22,9,9,0,0.00,-0.31,7.5,7.3,+0.3,+0.04,-0.19,ar ARG,DF,Colón,Copa de la Liga,37,1985,7.5,1,1,0,5,4,1,1,8,9,0,0,0,45,16,17,48.5
Elías Gómez,ar ARG,DF,Vélez Sarsfield,Copa de la Liga,28,1994,14,14,"1,260",14.0,0,1,1,0,0,0,4,0,0.2,0.2,0.9,1.2,23,45,44,0.00,0.07,0.07,0.00,0.07,0.02,0.07,0.08,0.02,0.08,ar ARG,DF,Vélez Sarsfield,Copa de la Liga,28,1994,14.0,0,9,3,33.3,0.64,0.21,0.00,0.00,24.6,1,0,0,0.2,0.2,0.03,-0.2,-0.2,ar ARG,DF,Vélez Sarsfield,Copa de la Liga,28,1994,14.0,430,645,66.7,8049,3651,190,217,87.6,172,248,69.4,58,145,40.0,1,0.9,1.1,+0.1,14,27,16,13,45,ar ARG,DF,Vélez Sarsfield,Copa de la Liga,28,1994,14.0,645,466,177,34,0,7,76,119,24,3,16,1,430,2,16,ar ARG,DF,Vélez Sarsfield,Copa de la Liga,28,1994,14.0,26,1.86,12,12,0,0,2,0,1,0.07,1,0,0,0,0,0,ar ARG,DF,Vélez Sarsfield,Copa de la Liga,28,1994,14.0,18,11,7,9,2,10,19,52.6,9,18,3,15,13,31,25,0,ar ARG,DF,Vélez Sarsfield,Copa de la Liga,28,1994,14.0,802,37,247,367,198,9,802,41,17,41.5,22,53.7,358,2321,1035,23,16,3,24,20,373,44,ar ARG,DF,Vélez Sarsfield,Copa de la Liga,28,1994,14,"1,260",90,100.0,14.0,14,90,14,0,0,0,1.57,17,14,+3,+0.21,0,10.4,12.2,-1.8,-0.13,0,ar ARG,DF,Vélez Sarsfield,Copa de la Liga,28,1994,14.0,4,0,0,16,25,1,76,13,11,0,0,0,93,23,16,59.0
Gastón Gómez,ar ARG,GK,Vélez Sarsfield,Copa de la Liga,26,1996,8,8,720,8.0,0,0,0,0,0,0,1,0,0.0,0.0,0.0,0.0,0,0,0,0.00,0.00,0.00,0.00,0.00,0.00,0.00,0.00,0.00,0.00,ar ARG,GK,Vélez Sarsfield,Copa de la Liga,26,1996,8.0,0,0,0,0,0.00,0.00,0,0,0,0,0,0,0.0,0.0,0,0.0,0.0,ar ARG,GK,Vélez Sarsfield,Copa de la Liga,26,1996,8.0,155,226,68.6,4466,3397,42,42,100.0,55,56,98.2,57,124,46.0,0,0.0,0.0,0.0,0,2,0,0,0,ar ARG,GK,Vélez Sarsfield,Copa de la Liga,26,1996,8.0,226,120,105,15,0,0,0,0,0,0,0,0,155,1,2,ar ARG,GK,Vélez Sarsfield,Copa de la Liga,26,1996,8.0,1,0.12,0,1,0,0,0,0,0,0.00,0,0,0,0,0,0,ar ARG,GK,Vélez Sarsfield,Copa de la Liga,26,1996,8.0,0,0,0,0,0,0,0,0,0,0,0,0,0,0,6,0,ar ARG,GK,Vélez Sarsfield,Copa de la Liga,26,1996,8.0,241,212,241,0,0,0,241,0,0,0,0,0,112,649,461,0,0,0,0,0,71,0,ar ARG,GK,Vélez Sarsfield,Copa de la Liga,26,1996,8,720,90,57.1,8.0,8,90,8,0,0,1,1.38,9,9,0,0.00,-0.50,5.6,8.1,-2.5,-0.31,-0.42,ar ARG,GK,Vélez Sarsfield,Copa de la Liga,26,1996,8.0,1,0,0,0,0,0,0,0,0,0,0,0,0,1,0,100.0
Iván Gómez,ar ARG,MF,Newell's OB,Copa de la Liga,25,1997,13,12,"1,121",12.5,0,1,1,0,0,0,5,0,0.3,0.3,0.3,0.6,20,55,28,0.00,0.08,0.08,0.00,0.08,0.03,0.02,0.05,0.03,0.05,ar ARG,MF,Newell's OB,Copa de la Liga,25,1997,12.5,0,8,2,25.0,0.64,0.16,0.00,0.00,24.9,0,0,0,0.3,0.3,0.04,-0.3,-0.3,ar ARG,MF,Newell's OB,Copa de la Liga,25,1997,12.5,351,454,77.3,6337,1796,170,200,85.0,129,161,80.1,46,60,76.7,1,0.3,0.4,+0.7,7,44,8,5,55,ar ARG,MF,Newell's OB,Copa de la Liga,25,1997,12.5,454,432,19,11,0,7,7,2,0,0,0,0,351,3,16,ar ARG,MF,Newell's OB,Copa de la Liga,25,1997,12.5,20,1.61,16,0,1,2,0,1,3,0.24,2,0,0,0,0,1,ar ARG,MF,Newell's OB,Copa de la Liga,25,1997,12.5,30,24,11,18,1,14,31,45.2,17,16,3,13,15,45,11,0,ar ARG,MF,Newell's OB,Copa de la Liga,25,1997,12.5,601,24,127,381,102,8,601,34,18,52.9,14,41.2,304,1736,870,20,10,3,27,13,335,28,ar ARG,MF,Newell's OB,Copa de la Liga,25,1997,13,"1,121",86,89.0,12.5,12,90,11,1,45,0,1.15,11,10,+1,+0.08,-1.86,10.5,9.8,+0.7,+0.05,-0.61,ar ARG,MF,Newell's OB,Copa de la Liga,25,1997,12.5,5,0,0,28,15,1,7,15,24,0,0,0,92,22,24,47.8
José Gómez,ar ARG,DF,Cen. Córdoba–SdE,Copa de la Liga,22,2000,14,13,"1,169",13.0,0,0,0,0,0,0,0,0,0.0,0.0,0.3,0.3,10,38,45,0.00,0.00,0.00,0.00,0.00,0.00,0.02,0.02,0.00,0.02,ar ARG,DF,Cen. Córdoba–SdE,Copa de la Liga,22,2000,13.0,0,0,0,0,0.00,0.00,0,0,0,0,0,0,0.0,0.0,0,0.0,0.0,ar ARG,DF,Cen. Córdoba–SdE,Copa de la Liga,22,2000,13.0,392,570,68.8,6150,2431,210,238,88.2,138,200,69.0,29,82,35.4,0,0.3,0.4,-0.3,7,40,10,6,38,ar ARG,DF,Cen. Córdoba–SdE,Copa de la Liga,22,2000,13.0,570,458,112,1,0,1,33,111,0,0,0,0,392,0,26,ar ARG,DF,Cen. Córdoba–SdE,Copa de la Liga,22,2000,13.0,18,1.39,14,2,0,0,0,2,1,0.08,1,0,0,0,0,0,ar ARG,DF,Cen. Córdoba–SdE,Copa de la Liga,22,2000,13.0,32,20,15,14,3,22,34,64.7,12,17,2,15,18,50,29,0,ar ARG,DF,Cen. Córdoba–SdE,Copa de la Liga,22,2000,13.0,706,38,211,345,154,1,706,10,4,40.0,4,40.0,281,1037,487,10,5,2,16,11,327,45,ar ARG,DF,Cen. Córdoba–SdE,Copa de la Liga,22,2000,14,"1,169",84,92.8,13.0,13,86,11,1,45,0,1.36,10,11,-1,-0.08,+1.90,10.8,9.5,+1.4,+0.10,+0.60,ar ARG,DF,Cen. Córdoba–SdE,Copa de la Liga,22,2000,13.0,0,0,0,8,7,2,33,18,20,0,0,0,98,10,7,58.8
Luciano Gómez,ar ARG,"DF,MF",Gimnasia–LP,Copa de la Liga,26,1996,7,1,241,2.7,0,1,1,0,0,0,3,0,0.1,0.1,0.3,0.4,6,10,27,0.00,0.37,0.37,0.00,0.37,0.04,0.11,0.15,0.04,0.15,ar ARG,"DF,MF",Gimnasia–LP,Copa de la Liga,26,1996,2.7,0,1,1,100.0,0.37,0.37,0.00,0.00,17.8,0,0,0,0.1,0.1,0.12,-0.1,-0.1,ar ARG,"DF,MF",Gimnasia–LP,Copa de la Liga,26,1996,2.7,116,167,69.5,2212,1236,49,57,86.0,46,66,69.7,18,30,60.0,1,0.3,0.3,+0.7,4,9,7,5,10,ar ARG,"DF,MF",Gimnasia–LP,Copa de la Liga,26,1996,2.7,167,122,43,6,1,0,16,35,2,0,1,0,116,2,7,ar ARG,"DF,MF",Gimnasia–LP,Copa de la Liga,26,1996,2.7,8,2.99,4,3,1,0,0,0,1,0.37,0,1,0,0,0,0,ar ARG,"DF,MF",Gimnasia–LP,Copa de la Liga,26,1996,2.7,7,4,4,2,1,3,6,50.0,3,2,0,2,2,9,5,0,ar ARG,"DF,MF",Gimnasia–LP,Copa de la Liga,26,1996,2.7,195,5,42,87,68,7,195,10,6,60.0,3,30.0,104,459,232,6,4,1,5,4,103,27,ar ARG,"DF,MF",Gimnasia–LP,Copa de la Liga,26,1996,7,241,34,19.1,2.7,1,77,0,6,27,4,1.14,4,5,-1,-0.37,+0.24,2.6,3.0,-0.4,-0.15,+0.11,ar ARG,"DF,MF",Gimnasia–LP,Copa de la Liga,26,1996,2.7,3,0,0,6,7,0,16,2,4,0,0,0,18,3,3,50.0
Matías Gómez,ar ARG,MF,Huracán,Copa de la Liga,19,2003,2,0,42,0.5,0,0,0,0,0,0,0,0,0.1,0.1,0.0,0.1,1,1,2,0.00,0.00,0.00,0.00,0.00,0.16,0.00,0.16,0.16,0.16,ar ARG,MF,Huracán,Copa de la Liga,19,2003,0.5,0,1,0,0.0,2.14,0.00,0.00,0,16.0,0,0,0,0.1,0.1,0.07,-0.1,-0.1,ar ARG,MF,Huracán,Copa de la Liga,19,2003,0.5,11,14,78.6,183,31,4,5,80.0,7,7,100.0,0,2,0.0,0,0.0,0.0,0.0,0,0,0,0,1,ar ARG,MF,Huracán,Copa de la Liga,19,2003,0.5,14,14,0,0,0,1,0,0,0,0,0,0,11,0,0,ar ARG,MF,Huracán,Copa de la Liga,19,2003,0.5,1,2.14,1,0,0,0,0,0,0,0.00,0,0,0,0,0,0,ar ARG,MF,Huracán,Copa de la Liga,19,2003,0.5,1,0,0,1,0,0,1,0.0,1,0,0,0,0,1,0,0,ar ARG,MF,Huracán,Copa de la Liga,19,2003,0.5,20,0,1,11,10,1,20,3,1,33.3,1,33.3,12,55,26,1,0,0,3,1,12,2,ar ARG,MF,Huracán,Copa de la Liga,19,2003,2,42,21,3.3,0.5,0,0,0,2,21,8,1.33,2,1,+1,+2.14,+1.63,1.8,0.1,+1.7,+3.65,+3.83,ar ARG,MF,Huracán,Copa de la Liga,19,2003,0.5,0,0,0,0,0,0,0,0,0,0,0,0,4,1,3,25.0
Matias Gomez,ar ARG,MF,Talleres,Copa de la Liga,17,2005,8,3,287,3.2,0,0,0,0,0,0,2,0,0.1,0.1,0.0,0.1,3,12,5,0.00,0.00,0.00,0.00,0.00,0.03,0.00,0.03,0.03,0.03,ar ARG,MF,Talleres,Copa de la Liga,17,2005,3.2,0,4,0,0.0,1.25,0.00,0.00,0,28.0,0,0,0,0.1,0.1,0.03,-0.1,-0.1,ar ARG,MF,Talleres,Copa de la Liga,17,2005,3.2,99,137,72.3,1652,446,52,64,81.3,40,54,74.1,5,11,45.5,0,0.0,0.1,0.0,0,13,1,0,12,ar ARG,MF,Talleres,Copa de la Liga,17,2005,3.2,137,133,4,2,0,0,2,1,1,1,0,0,99,0,7,ar ARG,MF,Talleres,Copa de la Liga,17,2005,3.2,2,0.63,2,0,0,0,0,0,0,0.00,0,0,0,0,0,0,ar ARG,MF,Talleres,Copa de la Liga,17,2005,3.2,12,7,4,8,0,5,13,38.5,8,6,0,6,5,17,5,0,ar ARG,MF,Talleres,Copa de la Liga,17,2005,3.2,185,4,29,124,33,2,185,4,0,0.0,3,75.0,96,367,132,3,4,0,5,1,100,5,ar ARG,MF,Talleres,Copa de la Liga,17,2005,8,287,36,22.8,3.2,3,67,1,5,17,6,1.38,5,5,0,0.00,0.00,3.7,4.8,-1.1,-0.36,-0.65,ar ARG,MF,Talleres,Copa de la Liga,17,2005,3.2,2,0,0,8,4,0,2,5,7,0,0,0,16,3,6,33.3
Valentín Gómez,ar ARG,DF,Vélez Sarsfield,Copa de la Liga,19,2003,14,14,"1,215",13.5,1,0,1,1,0,0,4,0,0.7,0.7,0.0,0.7,8,30,2,0.07,0.00,0.07,0.07,0.07,0.05,0.00,0.05,0.05,0.05,ar ARG,DF,Vélez Sarsfield,Copa de la Liga,19,2003,13.5,1,4,4,100.0,0.30,0.30,0.25,0.25,8.5,0,0,0,0.7,0.7,0.17,+0.3,+0.3,ar ARG,DF,Vélez Sarsfield,Copa de la Liga,19,2003,13.5,407,525,77.5,8143,4022,151,170,88.8,198,230,86.1,54,110,49.1,0,0.0,0.1,0.0,0,29,2,1,30,ar ARG,DF,Vélez Sarsfield,Copa de la Liga,19,2003,13.5,525,492,33,23,0,7,2,2,0,0,0,0,407,0,9,ar ARG,DF,Vélez Sarsfield,Copa de la Liga,19,2003,13.5,6,0.44,4,0,0,1,0,1,0,0.00,0,0,0,0,0,0,ar ARG,DF,Vélez Sarsfield,Copa de la Liga,19,2003,13.5,23,16,17,6,0,12,15,80.0,3,14,6,8,25,48,71,0,ar ARG,DF,Vélez Sarsfield,Copa de la Liga,19,2003,13.5,677,91,419,245,17,4,677,3,1,33.3,1,33.3,347,1625,1014,8,4,0,3,2,360,2,ar ARG,DF,Vélez Sarsfield,Copa de la Liga,19,2003,14,"1,215",87,96.4,13.5,14,87,13,0,0,0,1.57,17,12,+5,+0.37,+4.37,10.3,11.2,-0.9,-0.07,+1.70,ar ARG,DF,Vélez Sarsfield,Copa de la Liga,19,2003,13.5,4,0,0,15,6,0,2,25,16,0,0,0,68,23,27,46.0
Luciano Gondou,ar ARG,"FW,MF",Arg Juniors,Copa de la Liga,21,2001,14,13,"1,182",13.1,9,0,9,9,0,0,2,0,5.3,5.3,0.5,5.8,18,38,101,0.69,0.00,0.69,0.69,0.69,0.40,0.04,0.44,0.40,0.44,ar ARG,"FW,MF",Arg Juniors,Copa de la Liga,21,2001,13.1,9,44,16,36.4,3.35,1.22,0.20,0.56,13.2,0,0,0,5.3,5.3,0.12,+3.7,+3.7,ar ARG,"FW,MF",Arg Juniors,Copa de la Liga,21,2001,13.1,228,348,65.5,3162,668,137,184,74.5,70,101,69.3,7,16,43.8,0,0.5,1.3,-0.5,9,14,10,3,38,ar ARG,"FW,MF",Arg Juniors,Copa de la Liga,21,2001,13.1,348,333,13,0,0,4,15,0,0,0,0,0,228,2,19,ar ARG,"FW,MF",Arg Juniors,Copa de la Liga,21,2001,13.1,28,2.13,19,0,3,4,2,0,2,0.15,1,0,0,0,1,0,ar ARG,"FW,MF",Arg Juniors,Copa de la Liga,21,2001,13.1,7,5,1,3,3,3,11,27.3,8,9,0,9,1,8,8,0,ar ARG,"FW,MF",Arg Juniors,Copa de la Liga,21,2001,13.1,516,6,28,233,261,87,516,31,14,45.2,16,51.6,303,1252,451,18,14,4,48,21,391,101,ar ARG,"FW,MF",Arg Juniors,Copa de la Liga,21,2001,14,"1,182",84,93.8,13.1,13,87,9,1,45,0,1.00,19,21,-2,-0.15,+2.16,15.3,16.6,-1.3,-0.10,+1.86,ar ARG,"FW,MF",Arg Juniors,Copa de la Liga,21,2001,13.1,2,0,0,16,19,1,15,1,5,1,0,0,46,33,58,36.3
Gonzalo Goñi,ar ARG,DF,Cen. Córdoba–SdE,Copa de la Liga,24,1998,10,10,834,9.3,0,0,0,0,0,0,1,0,0.1,0.1,0.0,0.1,0,14,0,0.00,0.00,0.00,0.00,0.00,0.01,0.00,0.01,0.01,0.01,ar ARG,DF,Cen. Córdoba–SdE,Copa de la Liga,24,1998,9.3,0,3,1,33.3,0.32,0.11,0.00,0.00,20.5,0,0,0,0.1,0.1,0.02,-0.1,-0.1,ar ARG,DF,Cen. Córdoba–SdE,Copa de la Liga,24,1998,9.3,287,353,81.3,5888,2117,64,85,75.3,199,221,90.0,23,40,57.5,0,0.0,0.0,0.0,0,7,0,0,14,ar ARG,DF,Cen. Córdoba–SdE,Copa de la Liga,24,1998,9.3,353,337,16,13,0,2,0,3,0,0,0,0,287,0,1,ar ARG,DF,Cen. Córdoba–SdE,Copa de la Liga,24,1998,9.3,1,0.11,0,0,0,0,0,1,0,0.00,0,0,0,0,0,0,ar ARG,DF,Cen. Córdoba–SdE,Copa de la Liga,24,1998,9.3,15,12,7,7,1,6,11,54.5,5,10,2,8,15,30,33,1,ar ARG,DF,Cen. Córdoba–SdE,Copa de la Liga,24,1998,9.3,441,40,241,197,8,3,441,1,1,100.0,0,0.0,168,678,279,0,2,0,4,2,214,0,ar ARG,DF,Cen. Córdoba–SdE,Copa de la Liga,24,1998,10,834,83,66.2,9.3,10,83,8,0,0,3,1.30,6,6,0,0.00,+0.63,7.5,6.2,+1.2,+0.13,+0.22,ar ARG,DF,Cen. Córdoba–SdE,Copa de la Liga,24,1998,9.3,1,0,0,9,1,0,0,15,12,0,0,0,45,16,20,44.4
David González,ar ARG,DF,Lanús,Copa de la Liga,18,2004,1,1,90,1.0,0,0,0,0,0,0,0,0,0.0,0.0,0.0,0.0,1,2,0,0.00,0.00,0.00,0.00,0.00,0.00,0.00,0.00,0.00,0.00,ar ARG,DF,Lanús,Copa de la Liga,18,2004,1.0,0,0,0,0,0.00,0.00,0,0,0,0,0,0,0.0,0.0,0,0.0,0.0,ar ARG,DF,Lanús,Copa de la Liga,18,2004,1.0,14,24,58.3,238,100,5,6,83.3,9,10,90.0,0,5,0.0,0,0.0,0.0,0.0,0,3,0,0,2,ar ARG,DF,Lanús,Copa de la Liga,18,2004,1.0,24,23,1,1,1,0,0,0,0,0,0,0,14,0,3,ar ARG,DF,Lanús,Copa de la Liga,18,2004,1.0,0,0.00,0,0,0,0,0,0,0,0.00,0,0,0,0,0,0,ar ARG,DF,Lanús,Copa de la Liga,18,2004,1.0,0,0,0,0,0,0,0,0,0,0,0,0,2,2,3,1,ar ARG,DF,Lanús,Copa de la Liga,18,2004,1.0,31,6,14,17,0,0,31,0,0,0,0,0,17,134,98,1,0,0,1,0,18,0,ar ARG,DF,Lanús,Copa de la Liga,18,2004,1,90,90,7.1,1.0,1,90,1,0,0,6,1.00,1,1,0,0.00,+0.38,1.1,1.7,-0.5,-0.52,-0.75,ar ARG,DF,Lanús,Copa de la Liga,18,2004,1.0,0,0,0,1,0,0,0,2,0,0,0,0,4,0,2,0.0
David González,ar ARG,FW,Racing Club,Copa de la Liga,19,2003,2,0,60,0.7,0,0,0,0,0,0,0,0,0.0,0.0,0.0,0.0,1,0,0,0.00,0.00,0.00,0.00,0.00,0.02,0.00,0.02,0.02,0.02,ar ARG,DF,Lanús,Copa de la Liga,18,2004,1.0,0,0,0,0,0.00,0.00,0,0,0,0,0,0,0.0,0.0,0,0.0,0.0,ar ARG,DF,Lanús,Copa de la Liga,18,2004,1.0,14,24,58.3,238,100,5,6,83.3,9,10,90.0,0,5,0.0,0,0.0,0.0,0.0,0,3,0,0,2,ar ARG,DF,Lanús,Copa de la Liga,18,2004,1.0,24,23,1,1,1,0,0,0,0,0,0,0,14,0,3,ar ARG,DF,Lanús,Copa de la Liga,18,2004,1.0,0,0.00,0,0,0,0,0,0,0,0.00,0,0,0,0,0,0,ar ARG,DF,Lanús,Copa de la Liga,18,2004,1.0,0,0,0,0,0,0,0,0,0,0,0,0,2,2,3,1,ar ARG,DF,Lanús,Copa de la Liga,18,2004,1.0,31,6,14,17,0,0,31,0,0,0,0,0,17,134,98,1,0,0,1,0,18,0,ar ARG,DF,Lanús,Copa de la Liga,18,2004,1,90,90,7.1,1.0,1,90,1,0,0,6,1.00,1,1,0,0.00,+0.38,1.1,1.7,-0.5,-0.52,-0.75,ar ARG,DF,Lanús,Copa de la Liga,18,2004,1.0,0,0,0,1,0,0,0,2,0,0,0,0,4,0,2,0.0
Diego González,ar ARG,MF,Boca Juniors,Copa de la Liga,34,1988,2,1,76,0.8,0,0,0,0,0,0,1,0,0.0,0.0,0.0,0.0,0,5,3,0.00,0.00,0.00,0.00,0.00,0.02,0.00,0.02,0.02,0.02,ar ARG,MF,Boca Juniors,Copa de la Liga,34,1988,0.8,0,1,0,0.0,1.18,0.00,0.00,0,31.4,0,0,0,0.0,0.0,0.02,0.0,0.0,ar ARG,MF,Boca Juniors,Copa de la Liga,34,1988,0.8,54,64,84.4,930,259,22,26,84.6,27,29,93.1,4,6,66.7,0,0.0,0.0,0.0,0,3,0,0,5,ar ARG,MF,Boca Juniors,Copa de la Liga,34,1988,0.8,64,62,2,2,0,0,1,0,0,0,0,0,54,0,0,ar ARG,MF,Boca Juniors,Copa de la Liga,34,1988,0.8,0,0.00,0,0,0,0,0,0,0,0.00,0,0,0,0,0,0,ar ARG,MF,Boca Juniors,Copa de la Liga,34,1988,0.8,1,1,0,1,0,0,2,0.0,2,2,1,1,0,1,1,0,ar ARG,MF,Boca Juniors,Copa de la Liga,34,1988,0.8,73,2,13,55,5,0,73,0,0,0,0,0,38,166,50,0,0,0,0,3,53,3,ar ARG,MF,Boca Juniors,Copa de la Liga,34,1988,2,76,38,6.0,0.8,1,45,0,1,31,4,0.50,0,1,-1,-1.18,-1.34,0.3,0.4,-0.1,-0.14,-0.43,ar ARG,MF,Boca Juniors,Copa de la Liga,34,1988,0.8,1,0,0,2,0,0,1,0,1,0,0,0,8,2,1,66.7
Francisco González,ar ARG,"MF,FW",Newell's OB,Copa de la Liga,21,2001,6,3,356,4.0,2,1,3,2,0,0,0,0,0.9,0.9,0.9,1.8,10,7,33,0.51,0.25,0.76,0.51,0.76,0.23,0.22,0.45,0.23,0.45,ar ARG,"MF,FW",Newell's OB,Copa de la Liga,21,2001,4.0,2,10,6,60.0,2.53,1.52,0.20,0.33,19.6,0,0,0,0.9,0.9,0.09,+1.1,+1.1,ar ARG,"MF,FW",Newell's OB,Copa de la Liga,21,2001,4.0,58,101,57.4,1307,432,15,19,78.9,27,41,65.9,15,33,45.5,1,0.9,0.8,+0.1,14,2,10,6,7,ar ARG,"MF,FW",Newell's OB,Copa de la Liga,21,2001,4.0,101,86,15,3,0,0,37,0,12,4,7,0,58,0,5,ar ARG,"MF,FW",Newell's OB,Copa de la Liga,21,2001,4.0,19,4.79,11,5,0,1,1,1,1,0.25,0,1,0,0,0,0,ar ARG,"MF,FW",Newell's OB,Copa de la Liga,21,2001,4.0,3,3,1,0,2,3,5,60.0,2,3,0,3,0,3,1,0,ar ARG,"MF,FW",Newell's OB,Copa de la Liga,21,2001,4.0,138,2,10,42,89,9,138,8,1,12.5,7,87.5,85,686,223,10,7,2,10,3,92,33,ar ARG,"MF,FW",Newell's OB,Copa de la Liga,21,2001,6,356,59,28.3,4.0,3,85,2,3,34,0,1.17,5,3,+2,+0.51,+0.31,4.9,3.7,+1.2,+0.31,+0.27,ar ARG,"MF,FW",Newell's OB,Copa de la Liga,21,2001,4.0,0,0,0,3,10,1,37,0,3,0,0,0,16,6,4,60.0
Francisco González,ar ARG,"MF,FW",Arg Juniors,Copa de la Liga,25,1997,13,10,769,8.5,0,3,3,0,0,0,0,0,0.7,0.7,1.4,2.1,15,28,60,0.00,0.35,0.35,0.00,0.35,0.08,0.16,0.24,0.08,0.24,ar ARG,"MF,FW",Newell's OB,Copa de la Liga,21,2001,4.0,2,10,6,60.0,2.53,1.52,0.20,0.33,19.6,0,0,0,0.9,0.9,0.09,+1.1,+1.1,ar ARG,"MF,FW",Newell's OB,Copa de la Liga,21,2001,4.0,58,101,57.4,1307,432,15,19,78.9,27,41,65.9,15,33,45.5,1,0.9,0.8,+0.1,14,2,10,6,7,ar ARG,"MF,FW",Newell's OB,Copa de la Liga,21,2001,4.0,101,86,15,3,0,0,37,0,12,4,7,0,58,0,5,ar ARG,"MF,FW",Newell's OB,Copa de la Liga,21,2001,4.0,19,4.79,11,5,0,1,1,1,1,0.25,0,1,0,0,0,0,ar ARG,"MF,FW",Newell's OB,Copa de la Liga,21,2001,4.0,3,3,1,0,2,3,5,60.0,2,3,0,3,0,3,1,0,ar ARG,"MF,FW",Newell's OB,Copa de la Liga,21,2001,4.0,138,2,10,42,89,9,138,8,1,12.5,7,87.5,85,686,223,10,7,2,10,3,92,33,ar ARG,"MF,FW",Newell's OB,Copa de la Liga,21,2001,6,356,59,28.3,4.0,3,85,2,3,34,0,1.17,5,3,+2,+0.51,+0.31,4.9,3.7,+1.2,+0.31,+0.27,ar ARG,"MF,FW",Newell's OB,Copa de la Liga,21,2001,4.0,0,0,0,3,10,1,37,0,3,0,0,0,16,6,4,60.0
Leonel González,ar ARG,DF,Arg Juniors,Copa de la Liga,28,1994,1,0,2,0.0,0,0,0,0,0,0,0,0,0.0,0.0,0.0,0.0,0,0,0,0.00,0.00,0.00,0.00,0.00,0.00,0.00,0.00,0.00,0.00,ar ARG,DF,Arg Juniors,Copa de la Liga,28,1994,0.0,0,0,0,0,0.00,0.00,0,0,0,0,0,0,0.0,0.0,0,0.0,0.0,ar ARG,DF,Arg Juniors,Copa de la Liga,28,1994,0.0,2,2,100.0,43,21,0,0,0,2,2,100.0,0,0,0,0,0.0,0.0,0.0,0,0,0,0,0,ar ARG,DF,Arg Juniors,Copa de la Liga,28,1994,0.0,2,2,0,0,0,0,0,0,0,0,0,0,2,0,0,ar ARG,DF,Arg Juniors,Copa de la Liga,28,1994,0.0,0,0.00,0,0,0,0,0,0,0,0.00,0,0,0,0,0,0,ar ARG,DF,Arg Juniors,Copa de la Liga,28,1994,0.0,0,0,0,0,0,0,0,0,0,0,0,0,0,0,0,0,ar ARG,DF,Arg Juniors,Copa de la Liga,28,1994,0.0,5,0,2,1,2,0,5,1,0,0.0,1,100.0,3,32,1,0,1,0,0,0,3,0,ar ARG,DF,Arg Juniors,Copa de la Liga,28,1994,1,2,2,0.2,0.0,0,0,0,1,2,12,1.00,0,0,0,0.00,+0.29,0.0,0.0,0.0,0.00,+0.22,ar ARG,DF,Arg Juniors,Copa de la Liga,28,1994,0.0,0,0,0,1,0,0,0,0,0,0,0,0,0,0,2,0.0
Lucas González,ar ARG,MF,Independiente,Copa de la Liga,22,2000,10,6,567,6.3,1,0,1,1,0,0,0,0,0.5,0.5,0.4,1.0,19,41,38,0.16,0.00,0.16,0.16,0.16,0.09,0.07,0.15,0.09,0.15,ar ARG,MF,Independiente,Copa de la Liga,22,2000,6.3,1,14,2,14.3,2.22,0.32,0.07,0.50,23.9,0,0,0,0.5,0.5,0.04,+0.5,+0.5,ar ARG,MF,Independiente,Copa de la Liga,22,2000,6.3,208,267,77.9,3333,1085,113,123,91.9,66,77,85.7,21,46,45.7,0,0.4,1.0,-0.4,5,32,11,4,41,ar ARG,MF,Independiente,Copa de la Liga,22,2000,6.3,267,256,10,1,4,5,18,2,7,3,4,0,208,1,8,ar ARG,MF,Independiente,Copa de la Liga,22,2000,6.3,19,3.02,12,2,3,0,1,1,0,0.00,0,0,0,0,0,0,ar ARG,MF,Independiente,Copa de la Liga,22,2000,6.3,11,5,5,5,1,7,14,50.0,7,6,1,5,4,15,2,0,ar ARG,MF,Independiente,Copa de la Liga,22,2000,6.3,356,5,37,191,135,6,356,33,20,60.6,9,27.3,270,1420,649,19,20,1,21,25,259,38,ar ARG,MF,Independiente,Copa de la Liga,22,2000,10,567,57,45.0,6.3,6,61,1,4,51,1,1.50,6,3,+3,+0.48,+0.35,5.7,3.9,+1.8,+0.28,-0.49,ar ARG,MF,Independiente,Copa de la Liga,22,2000,6.3,0,0,0,15,11,0,18,4,5,0,0,0,39,7,6,53.8
Marcelo González,py PAR,"FW,MF",Atlé Tucumán,Copa de la Liga,26,1996,2,0,17,0.2,0,0,0,0,0,0,0,0,0.0,0.0,0.0,0.0,1,1,2,0.00,0.00,0.00,0.00,0.00,0.11,0.00,0.11,0.11,0.11,py PAR,"FW,MF",Atlé Tucumán,Copa de la Liga,26,1996,0.2,0,1,1,100.0,5.29,5.29,0.00,0.00,17.3,0,0,0,0.0,0.0,0.02,0.0,0.0,py PAR,"FW,MF",Atlé Tucumán,Copa de la Liga,26,1996,0.2,2,5,40.0,52,39,0,1,0.0,2,3,66.7,0,1,0.0,0,0.0,0.0,0.0,0,0,0,0,1,py PAR,"FW,MF",Atlé Tucumán,Copa de la Liga,26,1996,0.2,5,5,0,0,0,0,1,0,0,0,0,0,2,0,0,py PAR,"FW,MF",Atlé Tucumán,Copa de la Liga,26,1996,0.2,0,0.00,0,0,0,0,0,0,0,0.00,0,0,0,0,0,0,py PAR,"FW,MF",Atlé Tucumán,Copa de la Liga,26,1996,0.2,0,0,0,0,0,0,1,0.0,1,0,0,0,0,0,0,0,py PAR,"FW,MF",Atlé Tucumán,Copa de la Liga,26,1996,0.2,8,1,3,3,4,2,8,3,2,66.7,1,33.3,6,41,35,1,2,0,1,0,4,2,py PAR,"FW,MF",Atlé Tucumán,Copa de la Liga,26,1996,2,17,9,1.3,0.2,0,0,0,2,9,6,0.50,0,1,-1,-5.29,-5.15,0.3,0.9,-0.6,-3.14,-3.21,py PAR,"FW,MF",Atlé Tucumán,Copa de la Liga,26,1996,0.2,0,0,0,0,0,0,1,0,0,0,0,0,2,0,2,0.0
Matías González,ar ARG,"MF,FW",Banfield,Copa de la Liga,20,2002,3,0,35,0.4,0,0,0,0,0,0,0,0,0.1,0.1,0.0,0.1,2,2,8,0.00,0.00,0.00,0.00,0.00,0.18,0.05,0.23,0.18,0.23,ar ARG,"MF,FW",Banfield,Copa de la Liga,20,2002,0.4,0,1,0,0.0,2.57,0.00,0.00,0,26.3,1,0,0,0.1,0.1,0.07,-0.1,-0.1,ar ARG,"MF,FW",Banfield,Copa de la Liga,20,2002,0.4,21,35,60.0,420,145,11,13,84.6,6,11,54.5,4,10,40.0,0,0.0,0.1,0.0,1,2,1,1,2,ar ARG,"MF,FW",Banfield,Copa de la Liga,20,2002,0.4,35,26,9,3,0,0,9,0,6,2,4,0,21,0,0,ar ARG,"MF,FW",Banfield,Copa de la Liga,20,2002,0.4,2,5.14,0,2,0,0,0,0,0,0.00,0,0,0,0,0,0,ar ARG,"MF,FW",Banfield,Copa de la Liga,20,2002,0.4,1,1,0,0,1,0,1,0.0,1,0,0,0,0,1,0,0,ar ARG,"MF,FW",Banfield,Copa de la Liga,20,2002,0.4,41,1,2,14,26,1,41,6,3,50.0,3,50.0,21,88,50,2,3,0,1,2,26,8,ar ARG,"MF,FW",Banfield,Copa de la Liga,20,2002,3,35,12,2.8,0.4,0,0,0,3,12,11,0.33,0,0,0,0.00,-0.37,0.3,0.8,-0.5,-1.33,-1.28,ar ARG,"MF,FW",Banfield,Copa de la Liga,20,2002,0.4,0,0,0,0,1,0,9,0,1,0,0,0,5,2,0,100.0
Leandro González Pirez,ar ARG,DF,River Plate,Copa de la Liga,30,1992,8,8,715,7.9,0,0,0,0,0,0,1,0,0.1,0.1,0.0,0.1,7,36,0,0.00,0.00,0.00,0.00,0.00,0.01,0.00,0.01,0.01,0.01,ar ARG,DF,River Plate,Copa de la Liga,30,1992,7.9,0,2,0,0.0,0.25,0.00,0.00,0,15.5,0,0,0,0.1,0.1,0.04,-0.1,-0.1,ar ARG,DF,River Plate,Copa de la Liga,30,1992,7.9,342,409,83.6,6828,2805,122,138,88.4,175,194,90.2,43,65,66.2,0,0.0,0.1,0.0,0,28,1,0,36,ar ARG,DF,River Plate,Copa de la Liga,30,1992,7.9,409,391,18,15,0,8,0,3,0,0,0,0,342,0,7,ar ARG,DF,River Plate,Copa de la Liga,30,1992,7.9,4,0.50,4,0,0,0,0,0,2,0.25,2,0,0,0,0,0,ar ARG,DF,River Plate,Copa de la Liga,30,1992,7.9,9,7,4,5,0,6,9,66.7,3,6,2,4,14,23,31,0,ar ARG,DF,River Plate,Copa de la Liga,30,1992,7.9,496,47,239,243,18,2,496,9,5,55.6,4,44.4,239,1218,766,7,8,0,4,2,275,0,ar ARG,DF,River Plate,Copa de la Liga,30,1992,8,715,89,56.7,7.9,8,89,7,0,0,1,1.89,12,7,+5,+0.63,+0.13,11.1,6.7,+4.4,+0.56,-0.13,ar ARG,DF,River Plate,Copa de la Liga,30,1992,7.9,1,0,0,12,7,0,0,14,7,0,0,1,45,23,12,65.7
Tomás González,ar ARG,"FW,MF",Unión,Copa de la Liga,19,2003,2,0,20,0.2,0,0,0,0,0,0,1,0,0.0,0.0,0.0,0.0,1,0,1,0.00,0.00,0.00,0.00,0.00,0.00,0.00,0.00,0.00,0.00,ar ARG,"FW,MF",Unión,Copa de la Liga,19,2003,0.2,0,0,0,0,0.00,0.00,0,0,0,0,0,0,0.0,0.0,0,0.0,0.0,ar ARG,"FW,MF",Unión,Copa de la Liga,19,2003,0.2,4,5,80.0,46,2,3,3,100.0,1,1,100.0,0,1,0.0,0,0.0,0.0,0.0,0,0,0,0,0,ar ARG,"FW,MF",Unión,Copa de la Liga,19,2003,0.2,5,5,0,0,0,0,0,0,0,0,0,0,4,0,0,ar ARG,"FW,MF",Unión,Copa de la Liga,19,2003,0.2,0,0.00,0,0,0,0,0,0,0,0.00,0,0,0,0,0,0,ar ARG,"FW,MF",Unión,Copa de la Liga,19,2003,0.2,0,0,0,0,0,0,0,0,0,0,0,0,0,0,0,0,ar ARG,"FW,MF",Unión,Copa de la Liga,19,2003,0.2,7,0,2,2,3,1,7,0,0,0,0,0,5,47,29,1,0,0,0,2,6,1,ar ARG,"FW,MF",Unión,Copa de la Liga,19,2003,2,20,10,1.6,0.2,0,0,0,2,10,12,0.00,0,0,0,0.00,+0.22,0.1,0.3,-0.2,-1.04,-0.92,ar ARG,"FW,MF",Unión,Copa de la Liga,19,2003,0.2,1,0,0,1,1,0,0,0,0,0,0,0,2,0,1,0.0
Yeison Gordillo,co COL,MF,Vélez Sarsfield,Copa de la Liga,30,1992,8,5,392,4.4,0,0,0,0,0,0,1,0,0.0,0.0,0.0,0.0,1,5,0,0.00,0.00,0.00,0.00,0.00,0.01,0.00,0.01,0.01,0.01,co COL,MF,Vélez Sarsfield,Copa de la Liga,30,1992,4.4,0,1,0,0.0,0.23,0.00,0.00,0,18.6,0,0,0,0.0,0.0,0.02,0.0,0.0,co COL,MF,Vélez Sarsfield,Copa de la Liga,30,1992,4.4,98,129,76.0,1478,422,49,59,83.1,40,46,87.0,3,7,42.9,0,0.0,0.0,0.0,1,3,0,0,5,co COL,MF,Vélez Sarsfield,Copa de la Liga,30,1992,4.4,129,128,1,1,0,1,0,0,0,0,0,0,98,0,4,co COL,MF,Vélez Sarsfield,Copa de la Liga,30,1992,4.4,1,0.23,1,0,0,0,0,0,0,0.00,0,0,0,0,0,0,co COL,MF,Vélez Sarsfield,Copa de la Liga,30,1992,4.4,13,11,10,3,0,7,12,58.3,5,10,0,10,13,26,17,0,co COL,MF,Vélez Sarsfield,Copa de la Liga,30,1992,4.4,199,15,87,102,12,1,199,3,2,66.7,1,33.3,77,353,119,1,0,0,6,3,70,0,co COL,MF,Vélez Sarsfield,Copa de la Liga,30,1992,8,392,49,31.1,4.4,5,72,1,3,11,5,1.38,5,7,-2,-0.46,-0.98,3.8,4.5,-0.6,-0.14,-0.02,co COL,MF,Vélez Sarsfield,Copa de la Liga,30,1992,4.4,1,0,0,8,3,0,0,13,11,0,0,0,34,9,13,40.9
Juan Goyeneche,0,MF,San Lorenzo,Copa de la Liga,22,2001,1,0,9,0.1,0,0,0,0,0,0,2,1,0.0,0.0,0.0,0.0,0,0,0,0.00,0.00,0.00,0.00,0.00,0.00,0.00,0.00,0.00,0.00,0,MF,San Lorenzo,Copa de la Liga,22,2001,0.1,0,0,0,0,0.00,0.00,0,0,0,0,0,0,0.0,0.0,0,0.0,0.0,0,MF,San Lorenzo,Copa de la Liga,22,2001,0.1,1,2,50.0,10,0,1,2,50.0,0,0,0,0,0,0,0,0.0,0.0,0.0,0,0,0,0,0,0,MF,San Lorenzo,Copa de la Liga,22,2001,0.1,2,2,0,0,0,0,0,0,0,0,0,0,1,0,0,0,MF,San Lorenzo,Copa de la Liga,22,2001,0.1,0,0.00,0,0,0,0,0,0,0,0.00,0,0,0,0,0,0,0,MF,San Lorenzo,Copa de la Liga,22,2001,0.1,0,0,0,0,0,0,0,0,0,0,0,0,0,0,0,0,0,MF,San Lorenzo,Copa de la Liga,22,2001,0.1,4,0,0,2,2,0,4,1,0,0.0,1,100.0,2,17,2,0,0,0,0,0,1,0,0,MF,San Lorenzo,Copa de la Liga,22,2001,1,9,9,0.7,0.1,0,0,0,1,9,6,0.00,0,0,0,0.00,0.00,0.0,0.2,-0.2,-1.75,-1.63,0,MF,San Lorenzo,Copa de la Liga,22,2001,0.1,2,1,1,2,0,0,0,0,0,0,0,0,1,0,0,0
Gabriel Graciani,ar ARG,"MF,FW",Instituto,Copa de la Liga,29,1993,14,7,705,7.8,0,1,1,0,0,0,1,0,0.6,0.6,0.4,1.0,18,29,50,0.00,0.13,0.13,0.00,0.13,0.08,0.05,0.13,0.08,0.13,ar ARG,"MF,FW",Instituto,Copa de la Liga,29,1993,7.8,0,12,4,33.3,1.53,0.51,0.00,0.00,13.7,0,0,0,0.6,0.6,0.05,-0.6,-0.6,ar ARG,"MF,FW",Instituto,Copa de la Liga,29,1993,7.8,132,236,55.9,1831,677,83,130,63.8,42,67,62.7,3,17,17.6,1,0.4,0.5,+0.6,8,19,6,3,29,ar ARG,"MF,FW",Instituto,Copa de la Liga,29,1993,7.8,236,234,1,0,0,0,21,1,0,0,0,0,132,1,15,ar ARG,"MF,FW",Instituto,Copa de la Liga,29,1993,7.8,20,2.55,14,0,3,1,1,1,1,0.13,0,0,0,0,1,0,ar ARG,"MF,FW",Instituto,Copa de la Liga,29,1993,7.8,16,13,8,5,3,6,15,40.0,9,18,4,14,4,20,7,0,ar ARG,"MF,FW",Instituto,Copa de la Liga,29,1993,7.8,351,10,63,158,137,29,351,27,12,44.4,13,48.1,153,958,500,18,19,6,19,12,208,50,ar ARG,"MF,FW",Instituto,Copa de la Liga,29,1993,14,705,50,56.0,7.8,7,74,0,7,27,0,1.43,6,4,+2,+0.26,-0.07,8.4,6.0,+2.4,+0.31,+0.52,ar ARG,"MF,FW",Instituto,Copa de la Liga,29,1993,7.8,1,0,0,8,10,1,21,4,13,0,0,0,42,38,31,55.1
Juan Guasone,it ITA,DF,Estudiantes–LP,Copa de la Liga,21,2001,2,2,180,2.0,0,0,0,0,0,0,1,0,0.0,0.0,0.0,0.0,2,7,1,0.00,0.00,0.00,0.00,0.00,0.01,0.00,0.01,0.01,0.01,it ITA,DF,Estudiantes–LP,Copa de la Liga,21,2001,2.0,0,1,0,0.0,0.50,0.00,0.00,0,13.8,0,0,0,0.0,0.0,0.01,0.0,0.0,it ITA,DF,Estudiantes–LP,Copa de la Liga,21,2001,2.0,91,110,82.7,1956,542,23,27,85.2,51,58,87.9,17,23,73.9,0,0.0,0.0,0.0,0,3,0,0,7,it ITA,DF,Estudiantes–LP,Copa de la Liga,21,2001,2.0,110,107,3,3,0,0,0,0,0,0,0,0,91,0,1,it ITA,DF,Estudiantes–LP,Copa de la Liga,21,2001,2.0,1,0.50,1,0,0,0,0,0,0,0.00,0,0,0,0,0,0,it ITA,DF,Estudiantes–LP,Copa de la Liga,21,2001,2.0,0,0,0,0,0,0,0,0,0,2,1,1,8,8,11,0,it ITA,DF,Estudiantes–LP,Copa de la Liga,21,2001,2.0,136,15,62,74,1,1,136,2,1,50.0,0,0.0,73,330,191,2,0,0,1,1,87,1,it ITA,DF,Estudiantes–LP,Copa de la Liga,21,2001,2,180,90,14.3,2.0,2,90,2,0,0,10,0.00,2,5,-3,-1.50,-1.58,1.7,2.8,-1.2,-0.58,-1.06,it ITA,DF,Estudiantes–LP,Copa de la Liga,21,2001,2.0,1,0,0,5,1,0,0,8,0,0,0,0,10,6,3,66.7
Gabriel Gudiño,ar ARG,"FW,MF",Platense,Copa de la Liga,30,1992,3,3,197,2.2,0,0,0,0,0,0,0,0,0.1,0.1,0.3,0.5,3,3,8,0.00,0.00,0.00,0.00,0.00,0.06,0.14,0.21,0.06,0.21,ar ARG,"FW,MF",Platense,Copa de la Liga,30,1992,2.2,0,4,1,25.0,1.83,0.46,0.00,0.00,23.9,0,0,0,0.1,0.1,0.03,-0.1,-0.1,ar ARG,"FW,MF",Platense,Copa de la Liga,30,1992,2.2,26,45,57.8,340,89,16,22,72.7,7,12,58.3,1,4,25.0,0,0.3,0.2,-0.3,3,0,3,1,3,ar ARG,"FW,MF",Platense,Copa de la Liga,30,1992,2.2,45,44,1,0,0,0,5,1,0,0,0,0,26,0,5,ar ARG,"FW,MF",Platense,Copa de la Liga,30,1992,2.2,8,3.65,5,0,1,1,1,0,0,0.00,0,0,0,0,0,0,ar ARG,"FW,MF",Platense,Copa de la Liga,30,1992,2.2,5,4,0,5,0,3,14,21.4,11,4,0,4,5,10,3,0,ar ARG,"FW,MF",Platense,Copa de la Liga,30,1992,2.2,79,3,11,38,30,5,79,3,1,33.3,2,66.7,35,193,46,3,1,1,6,3,40,8,ar ARG,"FW,MF",Platense,Copa de la Liga,30,1992,3,197,66,15.6,2.2,3,66,1,0,0,1,0.33,1,4,-3,-1.37,-1.37,2.1,1.4,+0.7,+0.33,+0.59,ar ARG,"FW,MF",Platense,Copa de la Liga,30,1992,2.2,0,0,0,4,2,0,5,5,4,0,0,0,11,0,4,0.0
Tomás Guidara,ar ARG,DF,Vélez Sarsfield,Copa de la Liga,26,1996,5,3,282,3.1,0,0,0,0,0,0,2,0,0.1,0.1,0.0,0.1,0,11,11,0.00,0.00,0.00,0.00,0.00,0.03,0.00,0.03,0.03,0.03,ar ARG,DF,Vélez Sarsfield,Copa de la Liga,26,1996,3.1,0,2,0,0.0,0.64,0.00,0.00,0,18.2,0,0,0,0.1,0.1,0.05,-0.1,-0.1,ar ARG,DF,Vélez Sarsfield,Copa de la Liga,26,1996,3.1,85,135,63.0,1404,859,38,52,73.1,32,47,68.1,10,25,40.0,0,0.0,0.1,0.0,0,9,1,1,11,ar ARG,DF,Vélez Sarsfield,Copa de la Liga,26,1996,3.1,135,98,37,4,0,0,5,33,0,0,0,0,85,0,4,ar ARG,DF,Vélez Sarsfield,Copa de la Liga,26,1996,3.1,3,0.96,2,1,0,0,0,0,1,0.32,1,0,0,0,0,0,ar ARG,DF,Vélez Sarsfield,Copa de la Liga,26,1996,3.1,5,4,1,2,2,3,5,60.0,2,0,0,0,3,8,9,0,ar ARG,DF,Vélez Sarsfield,Copa de la Liga,26,1996,3.1,169,7,55,75,43,5,169,7,3,42.9,3,42.9,76,281,107,0,0,0,5,6,73,11,ar ARG,DF,Vélez Sarsfield,Copa de la Liga,26,1996,5,282,56,22.4,3.1,3,79,2,2,23,9,1.40,4,5,-1,-0.32,-0.69,3.0,3.6,-0.6,-0.20,-0.10,ar ARG,DF,Vélez Sarsfield,Copa de la Liga,26,1996,3.1,2,0,0,3,4,0,5,3,4,0,0,0,16,5,6,45.5
Germán Guiffrey,ar ARG,DF,Gimnasia–LP,Copa de la Liga,25,1997,7,7,564,6.3,0,0,0,0,0,0,1,0,0.0,0.0,0.0,0.0,8,23,6,0.00,0.00,0.00,0.00,0.00,0.00,0.00,0.00,0.00,0.00,ar ARG,DF,Gimnasia–LP,Copa de la Liga,25,1997,6.3,0,0,0,0,0.00,0.00,0,0,0,0,0,0,0.0,0.0,0,0.0,0.0,ar ARG,DF,Gimnasia–LP,Copa de la Liga,25,1997,6.3,158,237,66.7,2848,1560,66,85,77.6,78,105,74.3,13,39,33.3,0,0.0,0.1,0.0,0,20,1,0,23,ar ARG,DF,Gimnasia–LP,Copa de la Liga,25,1997,6.3,237,184,53,8,0,0,7,45,0,0,0,0,158,0,4,ar ARG,DF,Gimnasia–LP,Copa de la Liga,25,1997,6.3,2,0.32,1,0,0,0,1,0,2,0.32,1,0,0,0,1,0,ar ARG,DF,Gimnasia–LP,Copa de la Liga,25,1997,6.3,16,9,4,10,2,8,10,80.0,2,5,1,4,10,26,19,0,ar ARG,DF,Gimnasia–LP,Copa de la Liga,25,1997,6.3,300,26,104,157,43,1,300,8,5,62.5,3,37.5,131,704,366,8,7,0,1,6,117,6,ar ARG,DF,Gimnasia–LP,Copa de la Liga,25,1997,7,564,81,44.8,6.3,7,81,2,0,0,1,1.29,8,7,+1,+0.16,+1.32,6.1,6.9,-0.7,-0.11,+0.23,ar ARG,DF,Gimnasia–LP,Copa de la Liga,25,1997,6.3,1,0,0,7,3,0,7,10,9,0,1,0,38,8,6,57.1
Braian Guille,ar ARG,"MF,FW",Colón,Copa de la Liga,25,1997,3,0,36,0.4,0,0,0,0,0,0,1,0,0.0,0.0,0.1,0.1,2,0,4,0.00,0.00,0.00,0.00,0.00,0.08,0.27,0.35,0.08,0.35,ar ARG,"MF,FW",Colón,Copa de la Liga,25,1997,0.4,0,1,0,0.0,2.50,0.00,0.00,0,32.4,1,0,0,0.0,0.0,0.03,0.0,0.0,ar ARG,"MF,FW",Colón,Copa de la Liga,25,1997,0.4,9,17,52.9,163,57,2,3,66.7,5,8,62.5,1,2,50.0,0,0.1,0.2,-0.1,1,0,1,1,0,ar ARG,"MF,FW",Colón,Copa de la Liga,25,1997,0.4,17,15,2,1,0,0,4,0,1,1,0,0,9,0,2,ar ARG,"MF,FW",Colón,Copa de la Liga,25,1997,0.4,1,2.50,1,0,0,0,0,0,0,0.00,0,0,0,0,0,0,ar ARG,"MF,FW",Colón,Copa de la Liga,25,1997,0.4,1,1,0,0,1,0,0,0,0,1,0,1,0,1,0,0,ar ARG,"MF,FW",Colón,Copa de la Liga,25,1997,0.4,28,0,0,10,19,1,28,4,0,0.0,3,75.0,17,105,28,2,0,1,3,2,18,4,ar ARG,"MF,FW",Colón,Copa de la Liga,25,1997,3,36,12,2.9,0.4,0,0,0,3,12,7,2.00,1,1,0,0.00,-0.15,1.1,0.9,+0.2,+0.43,+0.31,ar ARG,"MF,FW",Colón,Copa de la Liga,25,1997,0.4,1,0,0,2,2,0,4,0,1,0,0,0,2,0,1,0.0
Manuel Guillén,ar ARG,DF,Godoy Cruz,Copa de la Liga,21,2001,11,5,556,6.2,0,0,0,0,0,0,3,0,0.1,0.1,0.2,0.3,10,19,19,0.00,0.00,0.00,0.00,0.00,0.01,0.04,0.05,0.01,0.05,ar ARG,DF,Godoy Cruz,Copa de la Liga,21,2001,6.2,0,3,0,0.0,0.49,0.00,0.00,0,28.5,0,0,0,0.1,0.1,0.02,-0.1,-0.1,ar ARG,DF,Godoy Cruz,Copa de la Liga,21,2001,6.2,191,285,67.0,3432,1692,93,112,83.0,75,112,67.0,22,48,45.8,0,0.2,0.2,-0.2,4,21,4,2,19,ar ARG,DF,Godoy Cruz,Copa de la Liga,21,2001,6.2,285,217,68,1,0,1,5,67,0,0,0,0,191,0,7,ar ARG,DF,Godoy Cruz,Copa de la Liga,21,2001,6.2,9,1.46,6,1,0,0,1,1,0,0.00,0,0,0,0,0,0,ar ARG,DF,Godoy Cruz,Copa de la Liga,21,2001,6.2,13,11,9,4,0,9,15,60.0,6,11,2,9,5,18,13,0,ar ARG,DF,Godoy Cruz,Copa de la Liga,21,2001,6.2,354,16,122,161,74,6,354,11,6,54.5,5,45.5,135,670,399,10,5,2,9,1,147,19,ar ARG,DF,Godoy Cruz,Copa de la Liga,21,2001,11,556,51,44.1,6.2,5,86,4,6,21,3,1.55,5,2,+3,+0.49,+0.23,6.9,4.5,+2.4,+0.39,+0.18,ar ARG,DF,Godoy Cruz,Copa de la Liga,21,2001,6.2,3,0,0,14,4,0,5,5,11,0,0,0,49,5,8,38.5
Adrián Guillermo Sánchez,ar ARG,MF,Atlé Tucumán,Copa de la Liga,23,1999,11,11,984,10.9,0,1,1,0,0,0,2,0,0.4,0.4,1.2,1.6,18,57,16,0.00,0.09,0.09,0.00,0.09,0.04,0.11,0.14,0.04,0.14,ar ARG,MF,Atlé Tucumán,Copa de la Liga,23,1999,10.9,0,8,1,12.5,0.73,0.09,0.00,0.00,24.5,0,0,0,0.4,0.4,0.05,-0.4,-0.4,ar ARG,MF,Atlé Tucumán,Copa de la Liga,23,1999,10.9,337,431,78.2,6196,1966,142,167,85.0,149,167,89.2,39,64,60.9,1,1.2,0.5,-0.2,10,43,7,3,57,ar ARG,MF,Atlé Tucumán,Copa de la Liga,23,1999,10.9,431,413,14,13,1,9,14,1,0,0,0,0,337,4,14,ar ARG,MF,Atlé Tucumán,Copa de la Liga,23,1999,10.9,22,2.01,20,1,0,0,0,1,3,0.27,2,0,0,0,0,1,ar ARG,MF,Atlé Tucumán,Copa de la Liga,23,1999,10.9,33,21,19,11,3,17,32,53.1,15,23,5,18,15,48,21,0,ar ARG,MF,Atlé Tucumán,Copa de la Liga,23,1999,10.9,564,28,157,349,70,3,564,10,5,50.0,4,40.0,277,1541,671,18,12,0,15,7,295,16,ar ARG,MF,Atlé Tucumán,Copa de la Liga,23,1999,11,984,89,78.1,10.9,11,89,10,0,0,0,1.36,8,8,0,0.00,+0.98,11.1,11.2,-0.1,-0.01,-0.15,ar ARG,MF,Atlé Tucumán,Copa de la Liga,23,1999,10.9,2,0,0,17,9,0,14,15,21,0,0,0,89,16,16,50.0
Lautaro Guzmán,ar ARG,"MF,FW",Arsenal,Copa de la Liga,23,2000,12,7,716,8.0,0,0,0,0,0,0,1,0,1.2,1.2,0.5,1.8,25,32,57,0.00,0.00,0.00,0.00,0.00,0.16,0.07,0.22,0.16,0.22,ar ARG,"MF,FW",Arsenal,Copa de la Liga,23,2000,8.0,0,16,4,25.0,2.01,0.50,0.00,0.00,23.0,4,0,0,1.2,1.2,0.08,-1.2,-1.2,ar ARG,"MF,FW",Arsenal,Copa de la Liga,23,2000,8.0,193,281,68.7,3011,1070,111,130,85.4,51,76,67.1,20,43,46.5,0,0.5,0.6,-0.5,15,19,6,1,32,ar ARG,"MF,FW",Arsenal,Copa de la Liga,23,2000,8.0,281,246,35,8,0,3,34,13,14,6,6,0,193,0,19,ar ARG,"MF,FW",Arsenal,Copa de la Liga,23,2000,8.0,35,4.40,16,6,4,2,7,0,2,0.25,1,0,0,1,0,0,ar ARG,"MF,FW",Arsenal,Copa de la Liga,23,2000,8.0,14,7,4,5,5,4,12,33.3,8,6,0,6,9,23,6,0,ar ARG,"MF,FW",Arsenal,Copa de la Liga,23,2000,8.0,390,7,60,169,169,17,390,34,9,26.5,16,47.1,245,1556,724,25,17,4,17,21,265,57,ar ARG,"MF,FW",Arsenal,Copa de la Liga,23,2000,12,716,60,56.8,8.0,7,82,1,5,28,0,1.00,7,7,0,0.00,+0.83,7.0,8.9,-1.9,-0.24,-0.36,ar ARG,"MF,FW",Arsenal,Copa de la Liga,23,2000,8.0,1,0,0,8,32,1,34,9,7,0,0,0,54,4,15,21.1
Gabriel Hauche,ar ARG,"FW,MF",Racing Club,Copa de la Liga,36,1986,12,5,530,5.9,2,1,3,2,0,0,1,0,2.9,2.9,0.5,3.4,3,14,52,0.34,0.17,0.51,0.34,0.51,0.49,0.09,0.58,0.49,0.58,ar ARG,"FW,MF",Racing Club,Copa de la Liga,36,1986,5.9,2,19,7,36.8,3.23,1.19,0.11,0.29,13.9,0,0,0,2.9,2.9,0.15,-0.9,-0.9,ar ARG,"FW,MF",Racing Club,Copa de la Liga,36,1986,5.9,129,183,70.5,1875,534,82,99,82.8,39,56,69.6,8,18,44.4,1,0.5,0.7,+0.5,7,7,11,3,14,ar ARG,"FW,MF",Racing Club,Copa de la Liga,36,1986,5.9,183,178,5,0,2,0,15,2,1,0,1,0,129,0,7,ar ARG,"FW,MF",Racing Club,Copa de la Liga,36,1986,5.9,12,2.03,11,1,0,0,0,0,1,0.17,1,0,0,0,0,0,ar ARG,"FW,MF",Racing Club,Copa de la Liga,36,1986,5.9,5,3,3,1,1,2,6,33.3,4,6,0,6,0,5,2,0,ar ARG,"FW,MF",Racing Club,Copa de la Liga,36,1986,5.9,239,3,19,82,139,25,239,9,3,33.3,6,66.7,142,521,159,3,4,0,10,4,176,52,ar ARG,"FW,MF",Racing Club,Copa de la Liga,36,1986,12,530,44,42.1,5.9,5,72,0,7,24,2,1.46,9,6,+3,+0.51,+0.14,8.0,5.6,+2.4,+0.40,+0.56,ar ARG,"FW,MF",Racing Club,Copa de la Liga,36,1986,5.9,1,0,0,7,2,8,15,0,3,0,0,0,16,1,1,50.0
Agustin Hausch,ar ARG,"MF,FW",San Lorenzo,Copa de la Liga,19,2003,4,1,85,0.9,0,1,1,0,0,0,0,0,0.1,0.1,0.2,0.3,2,1,6,0.00,1.06,1.06,0.00,1.06,0.09,0.26,0.35,0.09,0.35,ar ARG,"MF,FW",San Lorenzo,Copa de la Liga,19,2003,0.9,0,2,1,50.0,2.12,1.06,0.00,0.00,16.3,0,0,0,0.1,0.1,0.04,-0.1,-0.1,ar ARG,"MF,FW",San Lorenzo,Copa de la Liga,19,2003,0.9,15,21,71.4,197,30,10,12,83.3,5,6,83.3,0,0,0,1,0.2,0.4,+0.8,1,1,1,1,1,ar ARG,"MF,FW",San Lorenzo,Copa de la Liga,19,2003,0.9,21,19,2,0,0,0,2,2,0,0,0,0,15,0,3,ar ARG,"MF,FW",San Lorenzo,Copa de la Liga,19,2003,0.9,1,1.07,1,0,0,0,0,0,1,1.07,1,0,0,0,0,0,ar ARG,"MF,FW",San Lorenzo,Copa de la Liga,19,2003,0.9,0,0,0,0,0,0,1,0.0,1,3,0,3,0,0,2,0,ar ARG,"MF,FW",San Lorenzo,Copa de la Liga,19,2003,0.9,37,2,8,13,16,3,37,2,2,100.0,0,0.0,19,260,141,2,1,1,3,1,20,6,ar ARG,"MF,FW",San Lorenzo,Copa de la Liga,19,2003,4,85,21,6.7,0.9,1,36,0,3,16,4,1.50,2,0,+2,+2.12,+2.27,0.7,0.3,+0.4,+0.40,+0.57,ar ARG,"MF,FW",San Lorenzo,Copa de la Liga,19,2003,0.9,0,0,0,2,1,0,2,0,0,0,0,0,3,1,0,100.0
Leonardo Heredia,ar ARG,"FW,MF",Arg Juniors,Copa de la Liga,27,1996,12,7,550,6.1,2,1,3,2,0,0,1,0,2.5,2.5,0.6,3.0,6,13,42,0.33,0.16,0.49,0.33,0.49,0.40,0.09,0.50,0.40,0.50,ar ARG,"FW,MF",Arg Juniors,Copa de la Liga,27,1996,6.1,2,15,8,53.3,2.45,1.31,0.13,0.25,16.1,0,0,0,2.5,2.5,0.16,-0.5,-0.5,ar ARG,"FW,MF",Arg Juniors,Copa de la Liga,27,1996,6.1,131,183,71.6,1749,439,82,102,80.4,37,51,72.5,4,10,40.0,1,0.6,0.6,+0.4,7,16,1,0,13,ar ARG,"FW,MF",Arg Juniors,Copa de la Liga,27,1996,6.1,183,177,4,1,0,1,5,1,0,0,0,0,131,2,4,ar ARG,"FW,MF",Arg Juniors,Copa de la Liga,27,1996,6.1,11,1.80,9,0,0,2,0,0,2,0.33,2,0,0,0,0,0,ar ARG,"FW,MF",Arg Juniors,Copa de la Liga,27,1996,6.1,10,5,1,6,3,4,8,50.0,4,6,2,4,1,11,5,0,ar ARG,"FW,MF",Arg Juniors,Copa de la Liga,27,1996,6.1,245,7,22,132,92,23,245,10,4,40.0,6,60.0,138,602,213,6,2,2,15,4,181,42,ar ARG,"FW,MF",Arg Juniors,Copa de la Liga,27,1996,12,550,46,43.7,6.1,7,63,0,5,22,2,0.92,8,8,0,0.00,+0.51,7.0,7.7,-0.7,-0.11,+0.18,ar ARG,"FW,MF",Arg Juniors,Copa de la Liga,27,1996,6.1,1,0,0,3,3,4,5,1,5,0,0,0,18,17,16,51.5
Javier Hernán García,ar ARG,GK,Boca Juniors,Copa de la Liga,36,1987,5,5,450,5.0,0,0,0,0,0,0,0,0,0.0,0.0,0.0,0.0,0,0,0,0.00,0.00,0.00,0.00,0.00,0.00,0.00,0.00,0.00,0.00,ar ARG,GK,Boca Juniors,Copa de la Liga,36,1987,5.0,0,0,0,0,0.00,0.00,0,0,0,0,0,0,0.0,0.0,0,0.0,0.0,ar ARG,GK,Boca Juniors,Copa de la Liga,36,1987,5.0,119,150,79.3,2599,1774,35,35,100.0,61,63,96.8,23,50,46.0,0,0.0,0.0,0.0,0,0,0,0,0,ar ARG,GK,Boca Juniors,Copa de la Liga,36,1987,5.0,150,111,38,6,0,0,0,0,0,0,0,0,119,1,1,ar ARG,GK,Boca Juniors,Copa de la Liga,36,1987,5.0,0,0.00,0,0,0,0,0,0,0,0.00,0,0,0,0,0,0,ar ARG,GK,Boca Juniors,Copa de la Liga,36,1987,5.0,0,0,0,0,0,0,0,0,0,0,0,0,0,0,1,0,ar ARG,GK,Boca Juniors,Copa de la Liga,36,1987,5.0,157,145,156,1,0,0,157,0,0,0,0,0,68,324,228,0,0,0,0,0,76,0,ar ARG,GK,Boca Juniors,Copa de la Liga,36,1987,5,450,90,35.7,5.0,5,90,5,0,0,9,0.80,6,7,-1,-0.20,-0.42,5.6,4.3,+1.3,+0.26,-0.03,ar ARG,GK,Boca Juniors,Copa de la Liga,36,1987,5.0,0,0,0,0,0,0,0,0,0,0,0,0,7,0,0,0
Gastón Hernández,ar ARG,DF,San Lorenzo,Copa de la Liga,25,1998,12,12,"1,041",11.6,1,0,1,1,0,0,4,1,1.0,1.0,0.0,1.0,14,41,3,0.09,0.00,0.09,0.09,0.09,0.08,0.00,0.08,0.08,0.08,ar ARG,DF,San Lorenzo,Copa de la Liga,25,1998,11.6,1,10,3,30.0,0.86,0.26,0.10,0.33,12.1,0,0,0,1.0,1.0,0.10,0.0,0.0,ar ARG,DF,San Lorenzo,Copa de la Liga,25,1998,11.6,301,372,80.9,5246,2568,135,146,92.5,140,160,87.5,22,49,44.9,0,0.0,0.1,0.0,1,28,0,0,41,ar ARG,DF,San Lorenzo,Copa de la Liga,25,1998,11.6,372,357,14,12,0,0,3,2,0,0,0,0,301,1,5,ar ARG,DF,San Lorenzo,Copa de la Liga,25,1998,11.6,5,0.43,4,0,0,0,0,1,1,0.09,1,0,0,0,0,0,ar ARG,DF,San Lorenzo,Copa de la Liga,25,1998,11.6,16,10,10,4,2,8,20,40.0,12,18,9,9,18,34,47,0,ar ARG,DF,San Lorenzo,Copa de la Liga,25,1998,11.6,510,56,241,245,31,13,510,5,3,60.0,2,40.0,238,1345,904,14,5,0,10,2,270,3,ar ARG,DF,San Lorenzo,Copa de la Liga,25,1998,12,"1,041",87,82.6,11.6,12,87,11,0,0,0,1.42,8,5,+3,+0.26,+1.49,7.5,10.5,-3.0,-0.26,-0.71,ar ARG,DF,San Lorenzo,Copa de la Liga,25,1998,11.6,4,1,1,15,11,1,3,18,10,0,0,0,54,18,16,52.9
Juan Hernández,uy URU,DF,Sarmiento,Copa de la Liga,25,1997,6,1,176,2.0,0,0,0,0,0,0,1,0,0.0,0.0,0.0,0.0,0,2,0,0.00,0.00,0.00,0.00,0.00,0.00,0.00,0.00,0.00,0.00,uy URU,DF,Sarmiento,Copa de la Liga,25,1997,2.0,0,0,0,0,0.00,0.00,0,0,0,0,0,0,0.0,0.0,0,0.0,0.0,uy URU,DF,Sarmiento,Copa de la Liga,25,1997,2.0,28,37,75.7,725,307,4,6,66.7,17,20,85.0,7,11,63.6,0,0.0,0.0,0.0,0,1,0,0,2,uy URU,DF,Sarmiento,Copa de la Liga,25,1997,2.0,37,34,3,2,0,1,0,0,0,0,0,0,28,0,0,uy URU,DF,Sarmiento,Copa de la Liga,25,1997,2.0,0,0.00,0,0,0,0,0,0,0,0.00,0,0,0,0,0,0,uy URU,DF,Sarmiento,Copa de la Liga,25,1997,2.0,5,1,3,2,0,3,4,75.0,1,7,2,5,2,7,12,0,uy URU,DF,Sarmiento,Copa de la Liga,25,1997,2.0,63,19,46,17,1,1,63,0,0,0,0,0,18,87,53,0,0,0,0,0,19,0,uy URU,DF,Sarmiento,Copa de la Liga,25,1997,6,176,29,14.0,2.0,1,90,1,5,17,7,1.67,1,1,0,0.00,0.00,0.4,2.4,-2.0,-1.01,-0.64,uy URU,DF,Sarmiento,Copa de la Liga,25,1997,2.0,1,0,0,3,0,0,0,2,1,0,1,0,9,4,2,66.7
Guido Herrera,ar ARG,GK,Talleres,Copa de la Liga,30,1992,14,14,"1,260",14.0,0,0,0,0,0,0,0,0,0.0,0.0,0.0,0.0,0,0,0,0.00,0.00,0.00,0.00,0.00,0.00,0.00,0.00,0.00,0.00,ar ARG,GK,Talleres,Copa de la Liga,30,1992,14.0,0,0,0,0,0.00,0.00,0,0,0,0,0,0,0.0,0.0,0,0.0,0.0,ar ARG,GK,Talleres,Copa de la Liga,30,1992,14.0,315,426,73.9,9053,6799,49,49,100.0,143,145,98.6,120,226,53.1,0,0.0,0.0,0.0,1,5,0,0,0,ar ARG,GK,Talleres,Copa de la Liga,30,1992,14.0,426,295,130,22,0,1,0,1,0,0,0,0,315,1,1,ar ARG,GK,Talleres,Copa de la Liga,30,1992,14.0,4,0.29,3,1,0,0,0,0,1,0.07,0,1,0,0,0,0,ar ARG,GK,Talleres,Copa de la Liga,30,1992,14.0,1,1,1,0,0,1,1,100.0,0,0,0,0,1,2,5,2,ar ARG,GK,Talleres,Copa de la Liga,30,1992,14.0,461,376,460,1,0,0,461,0,0,0,0,0,259,1521,1111,0,0,0,0,1,163,0,ar ARG,GK,Talleres,Copa de la Liga,30,1992,14,"1,260",90,100.0,14.0,14,90,14,0,0,0,1.21,15,15,0,0.00,0,17.9,15.9,+2.0,+0.14,0,ar ARG,GK,Talleres,Copa de la Liga,30,1992,14.0,0,0,0,0,3,0,0,1,1,0,0,0,8,2,0,100.0
Marcelo Herrera,ar ARG,DF,River Plate,Copa de la Liga,24,1998,6,3,335,3.7,0,0,0,0,0,0,1,0,0.4,0.4,0.5,0.9,3,11,29,0.00,0.00,0.00,0.00,0.00,0.10,0.13,0.23,0.10,0.23,ar ARG,DF,River Plate,Copa de la Liga,24,1998,3.7,0,5,1,20.0,1.34,0.27,0.00,0.00,15.4,0,0,0,0.4,0.4,0.08,-0.4,-0.4,ar ARG,DF,River Plate,Copa de la Liga,24,1998,3.7,117,171,68.4,1863,760,64,78,82.1,43,65,66.2,8,21,38.1,0,0.5,0.2,-0.5,1,9,2,2,11,ar ARG,DF,River Plate,Copa de la Liga,24,1998,3.7,171,139,31,1,0,1,15,30,0,0,0,0,117,1,5,ar ARG,DF,River Plate,Copa de la Liga,24,1998,3.7,3,0.81,2,1,0,0,0,0,0,0.00,0,0,0,0,0,0,ar ARG,DF,River Plate,Copa de la Liga,24,1998,3.7,9,9,5,4,0,4,9,44.4,5,1,0,1,8,17,14,0,ar ARG,DF,River Plate,Copa de la Liga,24,1998,3.7,210,16,54,79,77,10,210,3,2,66.7,1,33.3,91,297,169,3,3,0,2,0,107,29,ar ARG,DF,River Plate,Copa de la Liga,24,1998,6,335,56,26.6,3.7,3,83,2,3,28,7,1.83,5,5,0,0.00,-0.78,5.1,4.0,+1.2,+0.32,-0.41,ar ARG,DF,River Plate,Copa de la Liga,24,1998,3.7,1,0,0,6,1,1,15,8,9,0,0,0,13,9,3,75.0
Rodrigo Herrera,ar ARG,MF,Barracas Central,Copa de la Liga,22,2000,4,3,226,2.5,0,0,0,0,0,0,0,0,0.1,0.1,0.0,0.1,1,9,1,0.00,0.00,0.00,0.00,0.00,0.02,0.02,0.04,0.02,0.04,ar ARG,MF,Barracas Central,Copa de la Liga,22,2000,2.5,0,1,0,0.0,0.40,0.00,0.00,0,12.0,0,0,0,0.1,0.1,0.05,-0.1,-0.1,ar ARG,MF,Barracas Central,Copa de la Liga,22,2000,2.5,64,78,82.1,1149,259,25,29,86.2,28,30,93.3,9,12,75.0,0,0.0,0.0,0.0,2,9,1,0,9,ar ARG,MF,Barracas Central,Copa de la Liga,22,2000,2.5,78,77,0,0,0,1,0,0,0,0,0,0,64,1,4,ar ARG,MF,Barracas Central,Copa de la Liga,22,2000,2.5,3,1.20,3,0,0,0,0,0,0,0.00,0,0,0,0,0,0,ar ARG,MF,Barracas Central,Copa de la Liga,22,2000,2.5,5,4,1,4,0,2,5,40.0,3,3,0,3,5,10,4,0,ar ARG,MF,Barracas Central,Copa de la Liga,22,2000,2.5,103,5,21,73,9,1,103,2,0,0.0,2,100.0,46,168,84,1,0,0,1,1,54,1,ar ARG,MF,Barracas Central,Copa de la Liga,22,2000,4,226,57,17.9,2.5,3,73,1,1,8,0,0.50,2,4,-2,-0.80,-0.01,2.3,2.7,-0.4,-0.16,+0.01,ar ARG,MF,Barracas Central,Copa de la Liga,22,2000,2.5,0,0,0,5,0,0,0,5,4,0,0,0,12,2,4,33.3
Ibrahim Hesar,sy SYR,"MF,DF",Belgrano,Copa de la Liga,29,1993,1,0,10,0.1,0,0,0,0,0,0,1,0,0.0,0.0,0.0,0.0,0,1,1,0.00,0.00,0.00,0.00,0.00,0.00,0.00,0.00,0.00,0.00,sy SYR,"MF,DF",Belgrano,Copa de la Liga,29,1993,0.1,0,0,0,0,0.00,0.00,0,0,0,0,0,0,0.0,0.0,0,0.0,0.0,sy SYR,"MF,DF",Belgrano,Copa de la Liga,29,1993,0.1,5,9,55.6,73,40,2,2,100.0,3,5,60.0,0,1,0.0,0,0.0,0.0,0.0,0,0,0,0,1,sy SYR,"MF,DF",Belgrano,Copa de la Liga,29,1993,0.1,9,7,2,0,0,0,1,2,0,0,0,0,5,0,1,sy SYR,"MF,DF",Belgrano,Copa de la Liga,29,1993,0.1,0,0.00,0,0,0,0,0,0,0,0.00,0,0,0,0,0,0,sy SYR,"MF,DF",Belgrano,Copa de la Liga,29,1993,0.1,0,0,0,0,0,0,0,0,0,0,0,0,0,0,1,0,sy SYR,"MF,DF",Belgrano,Copa de la Liga,29,1993,0.1,11,1,4,4,3,1,11,0,0,0,0,0,4,11,1,0,0,0,0,0,4,1,sy SYR,"MF,DF",Belgrano,Copa de la Liga,29,1993,1,10,10,0.8,0.1,0,0,0,1,10,8,0.00,0,3,-3,-27.00,-27.36,0.0,0.3,-0.3,-2.60,-2.36,sy SYR,"MF,DF",Belgrano,Copa de la Liga,29,1993,0.1,1,0,0,0,0,0,1,0,0,0,0,0,1,0,2,0.0
Lucas Hoyos,ar ARG,GK,Newell's OB,Copa de la Liga,33,1989,14,14,"1,260",14.0,0,0,0,0,0,0,2,0,0.0,0.0,0.4,0.4,0,0,0,0.00,0.00,0.00,0.00,0.00,0.00,0.03,0.03,0.00,0.03,ar ARG,GK,Newell's OB,Copa de la Liga,33,1989,14.0,0,0,0,0,0.00,0.00,0,0,0,0,0,0,0.0,0.0,0,0.0,0.0,ar ARG,GK,Newell's OB,Copa de la Liga,33,1989,14.0,378,483,78.3,9931,6967,71,72,98.6,205,209,98.1,102,201,50.7,0,0.4,0.0,-0.4,2,9,0,0,0,ar ARG,GK,Newell's OB,Copa de la Liga,33,1989,14.0,483,378,104,33,0,7,0,0,0,0,0,0,378,1,0,ar ARG,GK,Newell's OB,Copa de la Liga,33,1989,14.0,7,0.50,5,2,0,0,0,0,0,0.00,0,0,0,0,0,0,ar ARG,GK,Newell's OB,Copa de la Liga,33,1989,14.0,0,0,0,0,0,0,2,0.0,2,0,0,0,0,0,4,0,ar ARG,GK,Newell's OB,Copa de la Liga,33,1989,14.0,501,351,490,11,0,0,501,0,0,0,0,0,314,1818,1173,0,0,0,0,0,257,0,ar ARG,GK,Newell's OB,Copa de la Liga,33,1989,14,"1,260",90,100.0,14.0,14,90,14,0,0,0,1.29,14,10,+4,+0.29,0,12.4,10.7,+1.7,+0.12,0,ar ARG,GK,Newell's OB,Copa de la Liga,33,1989,14.0,2,0,0,0,4,0,0,0,0,0,0,0,18,2,0,100.0
Matias Ibacache,cl CHI,DF,Belgrano,Copa de la Liga,24,1999,12,11,886,9.8,0,0,0,0,0,0,1,0,0.1,0.1,0.2,0.3,14,23,35,0.00,0.00,0.00,0.00,0.00,0.01,0.02,0.03,0.01,0.03,cl CHI,DF,Belgrano,Copa de la Liga,24,1999,9.8,0,2,0,0.0,0.20,0.00,0.00,0,15.4,0,0,0,0.1,0.1,0.05,-0.1,-0.1,cl CHI,DF,Belgrano,Copa de la Liga,24,1999,9.8,264,380,69.5,4734,2324,106,132,80.3,129,162,79.6,25,60,41.7,0,0.2,0.2,-0.2,4,12,5,3,23,cl CHI,DF,Belgrano,Copa de la Liga,24,1999,9.8,380,259,118,4,0,1,22,114,0,0,0,0,264,3,15,cl CHI,DF,Belgrano,Copa de la Liga,24,1999,9.8,13,1.32,8,4,1,0,0,0,0,0.00,0,0,0,0,0,0,cl CHI,DF,Belgrano,Copa de la Liga,24,1999,9.8,14,10,9,5,0,9,11,81.8,2,14,5,9,7,21,26,0,cl CHI,DF,Belgrano,Copa de la Liga,24,1999,9.8,464,29,137,200,131,4,464,7,2,28.6,4,57.1,176,962,518,14,13,2,8,1,208,35,cl CHI,DF,Belgrano,Copa de la Liga,24,1999,12,886,74,70.3,9.8,11,80,6,1,11,1,1.38,11,12,-1,-0.10,-0.82,7.1,13.9,-6.8,-0.69,-1.46,cl CHI,DF,Belgrano,Copa de la Liga,24,1999,9.8,1,0,0,6,3,0,22,7,10,0,1,0,44,8,5,61.5
César Ibáñez,ar ARG,DF,Huracán,Copa de la Liga,23,1999,7,5,443,4.9,0,0,0,0,0,0,0,0,0.1,0.1,0.0,0.1,3,15,11,0.00,0.00,0.00,0.00,0.00,0.01,0.00,0.01,0.01,0.01,ar ARG,DF,Huracán,Copa de la Liga,23,1999,4.9,0,3,0,0.0,0.61,0.00,0.00,0,29.6,0,0,0,0.1,0.1,0.02,-0.1,-0.1,ar ARG,DF,Huracán,Copa de la Liga,23,1999,4.9,134,198,67.7,2306,1034,72,82,87.8,46,67,68.7,15,39,38.5,0,0.0,0.1,0.0,0,8,2,2,15,ar ARG,DF,Huracán,Copa de la Liga,23,1999,4.9,198,158,40,1,0,2,8,38,1,1,0,0,134,0,7,ar ARG,DF,Huracán,Copa de la Liga,23,1999,4.9,2,0.41,2,0,0,0,0,0,1,0.20,1,0,0,0,0,0,ar ARG,DF,Huracán,Copa de la Liga,23,1999,4.9,18,6,14,4,0,9,15,60.0,6,12,1,11,8,26,15,0,ar ARG,DF,Huracán,Copa de la Liga,23,1999,4.9,278,18,123,118,39,1,278,6,4,66.7,2,33.3,89,391,202,3,3,0,6,4,111,11,ar ARG,DF,Huracán,Copa de la Liga,23,1999,7,443,63,35.2,4.9,5,76,3,2,33,7,2.13,8,2,+6,+1.22,+1.00,3.6,5.7,-2.1,-0.42,-0.57,ar ARG,DF,Huracán,Copa de la Liga,23,1999,4.9,0,0,0,9,4,0,8,8,6,0,0,0,35,9,8,52.9
Joaquín Ibáñez,ar ARG,MF,Colón,Copa de la Liga,26,1996,2,0,2,0.0,0,0,0,0,0,0,0,0,0.0,0.0,0.7,0.7,1,0,1,0.00,0.00,0.00,0.00,0.00,0.00,33.52,33.52,0.00,33.52,ar ARG,MF,Colón,Copa de la Liga,26,1996,0.0,0,0,0,0,0.00,0.00,0,0,0,0,0,0,0.0,0.0,0,0.0,0.0,ar ARG,MF,Colón,Copa de la Liga,26,1996,0.0,3,4,75.0,41,19,2,2,100.0,1,1,100.0,0,0,0,0,0.7,0.3,-0.7,1,0,0,0,0,ar ARG,MF,Colón,Copa de la Liga,26,1996,0.0,4,4,0,0,0,0,0,0,0,0,0,0,3,0,0,ar ARG,MF,Colón,Copa de la Liga,26,1996,0.0,1,45.00,1,0,0,0,0,0,0,0.00,0,0,0,0,0,0,ar ARG,MF,Colón,Copa de la Liga,26,1996,0.0,0,0,0,0,0,0,0,0,0,0,0,0,0,0,0,0,ar ARG,MF,Colón,Copa de la Liga,26,1996,0.0,6,0,0,3,3,1,6,0,0,0,0,0,2,13,9,1,0,1,1,0,4,1,ar ARG,MF,Colón,Copa de la Liga,26,1996,2,2,1,0.2,0.0,0,0,0,2,1,8,3.00,0,0,0,0.00,-0.14,0.7,0.1,+0.6,+28.45,+28.37,ar ARG,MF,Colón,Copa de la Liga,26,1996,0.0,0,0,0,0,0,0,0,0,0,0,0,0,0,1,0,100.0
Matías Ibáñez,ar ARG,GK,Colón,Copa de la Liga,36,1986,5,5,450,5.0,0,0,0,0,0,0,1,0,0.0,0.0,0.0,0.0,0,0,0,0.00,0.00,0.00,0.00,0.00,0.00,0.00,0.00,0.00,0.00,ar ARG,GK,Colón,Copa de la Liga,36,1986,5.0,0,0,0,0,0.00,0.00,0,0,0,0,0,0,0.0,0.0,0,0.0,0.0,ar ARG,GK,Colón,Copa de la Liga,36,1986,5.0,77,141,54.6,3194,2929,11,11,100.0,22,23,95.7,44,107,41.1,0,0.0,0.0,0.0,0,5,0,0,0,ar ARG,GK,Colón,Copa de la Liga,36,1986,5.0,141,69,72,14,0,0,0,0,0,0,0,0,77,0,0,ar ARG,GK,Colón,Copa de la Liga,36,1986,5.0,2,0.40,0,2,0,0,0,0,0,0.00,0,0,0,0,0,0,ar ARG,GK,Colón,Copa de la Liga,36,1986,5.0,0,0,0,0,0,0,0,0,0,0,0,0,0,0,0,0,ar ARG,GK,Colón,Copa de la Liga,36,1986,5.0,146,126,145,1,0,0,146,0,0,0,0,0,65,403,277,0,0,0,0,0,31,0,ar ARG,GK,Colón,Copa de la Liga,36,1986,5,450,90,35.7,5.0,5,90,5,0,0,9,1.20,6,6,0,0.00,-0.22,5.3,6.3,-1.0,-0.19,-0.50,ar ARG,GK,Colón,Copa de la Liga,36,1986,5.0,1,0,0,0,1,0,0,0,0,0,0,0,0,1,0,100.0
Juan Ignacio Díaz,ar ARG,DF,Barracas Central,Copa de la Liga,24,1998,10,10,798,8.9,1,0,1,1,0,0,0,0,0.8,0.8,0.1,0.9,7,33,4,0.11,0.00,0.11,0.11,0.11,0.09,0.01,0.10,0.09,0.10,ar ARG,DF,Barracas Central,Copa de la Liga,24,1998,8.9,1,6,1,16.7,0.68,0.11,0.17,1.00,11.0,0,0,0,0.8,0.8,0.13,+0.2,+0.2,ar ARG,DF,Barracas Central,Copa de la Liga,24,1998,8.9,319,451,70.7,6741,2935,110,134,82.1,145,172,84.3,62,135,45.9,0,0.1,0.2,-0.1,4,36,4,2,33,ar ARG,DF,Barracas Central,Copa de la Liga,24,1998,8.9,451,433,18,15,0,6,4,3,0,0,0,0,319,0,3,ar ARG,DF,Barracas Central,Copa de la Liga,24,1998,8.9,13,1.47,10,1,0,1,1,0,0,0.00,0,0,0,0,0,0,ar ARG,DF,Barracas Central,Copa de la Liga,24,1998,8.9,13,9,6,7,0,7,17,41.2,10,10,4,6,11,24,40,2,ar ARG,DF,Barracas Central,Copa de la Liga,24,1998,8.9,543,32,245,281,21,11,543,3,2,66.7,0,0.0,260,1316,907,7,1,0,4,1,314,4,ar ARG,DF,Barracas Central,Copa de la Liga,24,1998,10,798,80,63.3,8.9,10,80,8,0,0,0,0.80,6,13,-7,-0.79,-0.01,8.7,7.8,+0.9,+0.10,+0.74,ar ARG,DF,Barracas Central,Copa de la Liga,24,1998,8.9,0,0,0,4,5,0,4,11,9,0,0,0,49,27,10,73.0
Juan Ignacio Méndez,ar ARG,MF,Vélez Sarsfield,Copa de la Liga,25,1997,14,10,921,10.2,1,1,2,1,0,0,2,0,0.4,0.4,0.2,0.6,7,50,11,0.10,0.10,0.20,0.10,0.20,0.04,0.02,0.06,0.04,0.06,ar ARG,MF,Vélez Sarsfield,Copa de la Liga,25,1997,10.2,1,9,2,22.2,0.88,0.20,0.11,0.50,24.3,0,0,0,0.4,0.4,0.05,+0.6,+0.6,ar ARG,MF,Vélez Sarsfield,Copa de la Liga,25,1997,10.2,285,410,69.5,5319,1723,125,158,79.1,116,155,74.8,40,67,59.7,1,0.2,0.5,+0.8,3,41,4,1,50,ar ARG,MF,Vélez Sarsfield,Copa de la Liga,25,1997,10.2,410,401,7,6,0,2,2,1,0,0,0,0,285,2,12,ar ARG,MF,Vélez Sarsfield,Copa de la Liga,25,1997,10.2,9,0.88,9,0,0,0,0,0,1,0.10,1,0,0,0,0,0,ar ARG,MF,Vélez Sarsfield,Copa de la Liga,25,1997,10.2,23,10,7,15,1,12,24,50.0,12,8,0,8,9,32,24,0,ar ARG,MF,Vélez Sarsfield,Copa de la Liga,25,1997,10.2,527,27,133,337,67,7,527,10,5,50.0,5,50.0,252,1193,510,7,8,0,15,5,264,11,ar ARG,MF,Vélez Sarsfield,Copa de la Liga,25,1997,14,921,66,73.1,10.2,10,83,5,4,23,0,1.57,10,10,0,0.00,-0.80,7.7,9.0,-1.3,-0.12,+0.01,ar ARG,MF,Vélez Sarsfield,Copa de la Liga,25,1997,10.2,2,0,0,13,5,0,2,9,10,0,0,0,86,14,10,58.3
Juan Infante,ar ARG,DF,Platense,Copa de la Liga,27,1996,11,11,990,11.0,0,0,0,0,0,0,2,0,0.2,0.2,0.4,0.6,19,31,14,0.00,0.00,0.00,0.00,0.00,0.02,0.04,0.05,0.02,0.05,ar ARG,DF,Platense,Copa de la Liga,27,1996,11.0,0,3,0,0.0,0.27,0.00,0.00,0,22.7,0,0,0,0.2,0.2,0.06,-0.2,-0.2,ar ARG,DF,Platense,Copa de la Liga,27,1996,11.0,260,394,66.0,4582,2593,119,137,86.9,110,154,71.4,26,75,34.7,0,0.4,0.4,-0.4,3,31,9,5,31,ar ARG,DF,Platense,Copa de la Liga,27,1996,11.0,394,274,118,4,0,0,19,114,0,0,0,0,260,2,13,ar ARG,DF,Platense,Copa de la Liga,27,1996,11.0,17,1.55,7,5,2,1,2,0,1,0.09,1,0,0,0,0,0,ar ARG,DF,Platense,Copa de la Liga,27,1996,11.0,27,10,9,18,0,11,14,78.6,3,17,1,16,27,54,26,0,ar ARG,DF,Platense,Copa de la Liga,27,1996,11.0,534,22,169,264,114,5,534,16,9,56.3,6,37.5,174,1190,558,19,16,0,13,0,193,14,ar ARG,DF,Platense,Copa de la Liga,27,1996,11,990,90,78.6,11.0,11,90,11,0,0,3,1.73,10,10,0,0.00,+1.00,8.8,12.0,-3.2,-0.29,-0.58,ar ARG,DF,Platense,Copa de la Liga,27,1996,11.0,2,0,0,14,5,2,19,27,10,0,1,0,61,7,11,38.9
Manuel Insaurralde,ar ARG,"DF,MF",San Lorenzo,Copa de la Liga,24,1999,4,0,73,0.8,0,0,0,0,0,0,0,0,0.0,0.0,0.0,0.0,0,1,1,0.00,0.00,0.00,0.00,0.00,0.00,0.00,0.00,0.00,0.00,ar ARG,"DF,MF",San Lorenzo,Copa de la Liga,24,1999,0.8,0,0,0,0,0.00,0.00,0,0,0,0,0,0,0.0,0.0,0,0.0,0.0,ar ARG,"DF,MF",San Lorenzo,Copa de la Liga,24,1999,0.8,12,21,57.1,226,110,5,6,83.3,5,7,71.4,1,2,50.0,0,0.0,0.0,0.0,0,3,0,0,1,ar ARG,"DF,MF",San Lorenzo,Copa de la Liga,24,1999,0.8,21,19,1,1,0,0,0,0,0,0,0,0,12,1,2,ar ARG,"DF,MF",San Lorenzo,Copa de la Liga,24,1999,0.8,0,0.00,0,0,0,0,0,0,0,0.00,0,0,0,0,0,0,ar ARG,"DF,MF",San Lorenzo,Copa de la Liga,24,1999,0.8,4,4,3,1,0,4,4,100.0,0,1,1,0,1,5,2,0,ar ARG,"DF,MF",San Lorenzo,Copa de la Liga,24,1999,0.8,30,4,12,15,3,0,30,1,1,100.0,0,0.0,10,48,31,0,1,0,0,0,11,1,ar ARG,"DF,MF",San Lorenzo,Copa de la Liga,24,1999,4,73,18,5.8,0.8,0,0,0,4,18,8,2.00,0,0,0,0.00,0.00,0.2,1.3,-1.2,-1.44,-1.39,ar ARG,"DF,MF",San Lorenzo,Copa de la Liga,24,1999,0.8,0,0,0,1,3,0,0,1,4,0,0,0,2,1,2,33.3
Emanuel Insúa,ar ARG,DF,Banfield,Copa de la Liga,31,1991,14,14,"1,259",14.0,0,1,1,0,0,0,4,0,0.3,0.3,0.3,0.6,32,55,17,0.00,0.07,0.07,0.00,0.07,0.02,0.02,0.04,0.02,0.04,ar ARG,DF,Banfield,Copa de la Liga,31,1991,14.0,0,7,1,14.3,0.50,0.07,0.00,0.00,13.4,0,0,0,0.3,0.3,0.04,-0.3,-0.3,ar ARG,DF,Banfield,Copa de la Liga,31,1991,14.0,314,541,58.0,6150,3033,123,151,81.5,143,226,63.3,43,123,35.0,1,0.3,0.4,+0.7,7,38,5,5,55,ar ARG,DF,Banfield,Copa de la Liga,31,1991,14.0,541,437,100,3,1,0,22,97,0,0,0,0,314,4,23,ar ARG,DF,Banfield,Copa de la Liga,31,1991,14.0,19,1.36,14,1,3,1,0,0,1,0.07,1,0,0,0,0,0,ar ARG,DF,Banfield,Copa de la Liga,31,1991,14.0,49,29,32,14,3,24,33,72.7,9,19,2,17,24,73,38,1,ar ARG,DF,Banfield,Copa de la Liga,31,1991,14.0,716,49,285,329,124,7,716,43,24,55.8,17,39.5,304,2423,1320,32,30,1,16,10,249,17,ar ARG,DF,Banfield,Copa de la Liga,31,1991,14,"1,259",90,99.9,14.0,14,90,13,0,0,0,1.60,11,6,+5,+0.36,+0.36,11.1,12.3,-1.2,-0.09,-1.89,ar ARG,DF,Banfield,Copa de la Liga,31,1991,14.0,4,0,0,19,12,0,22,24,29,0,1,0,132,22,14,61.1
Emiliano Insúa,ar ARG,DF,Racing Club,Copa de la Liga,34,1989,1,0,15,0.2,0,0,0,0,0,0,1,0,0.0,0.0,0.0,0.0,0,2,0,0.00,0.00,0.00,0.00,0.00,0.00,0.00,0.00,0.00,0.00,ar ARG,DF,Racing Club,Copa de la Liga,34,1989,0.2,0,0,0,0,0.00,0.00,0,0,0,0,0,0,0.0,0.0,0,0.0,0.0,ar ARG,DF,Racing Club,Copa de la Liga,34,1989,0.2,6,7,85.7,99,32,3,3,100.0,3,4,75.0,0,0,0,0,0.0,0.0,0.0,0,0,0,0,2,ar ARG,DF,Racing Club,Copa de la Liga,34,1989,0.2,7,5,2,0,0,0,0,2,0,0,0,0,6,0,0,ar ARG,DF,Racing Club,Copa de la Liga,34,1989,0.2,0,0.00,0,0,0,0,0,0,0,0.00,0,0,0,0,0,0,ar ARG,DF,Racing Club,Copa de la Liga,34,1989,0.2,1,0,0,1,0,0,0,0,0,0,0,0,0,1,0,0,ar ARG,DF,Racing Club,Copa de la Liga,34,1989,0.2,10,0,1,6,3,0,10,0,0,0,0,0,5,10,7,0,0,0,1,0,5,0,ar ARG,DF,Racing Club,Copa de la Liga,34,1989,1,15,15,1.2,0.2,0,0,0,1,15,3,3.00,1,1,0,0.00,-0.43,0.3,0.2,+0.1,+0.38,+0.30,ar ARG,DF,Racing Club,Copa de la Liga,34,1989,0.2,1,0,0,1,0,0,0,0,0,0,0,0,0,0,0,0
Rodrigo Insúa,ar ARG,"DF,MF",Barracas Central,Copa de la Liga,25,1997,12,12,"1,030",11.4,0,1,1,0,0,0,2,2,0.5,0.5,1.3,1.8,20,43,48,0.00,0.09,0.09,0.00,0.09,0.04,0.11,0.16,0.04,0.16,ar ARG,"DF,MF",Barracas Central,Copa de la Liga,25,1997,11.4,0,15,6,40.0,1.31,0.52,0.00,0.00,25.9,2,0,0,0.5,0.5,0.03,-0.5,-0.5,ar ARG,"DF,MF",Barracas Central,Copa de la Liga,25,1997,11.4,301,475,63.4,5601,2255,132,181,72.9,126,182,69.2,37,89,41.6,1,1.3,1.7,-0.3,15,31,8,5,43,ar ARG,"DF,MF",Barracas Central,Copa de la Liga,25,1997,11.4,475,354,121,14,0,4,42,102,5,0,4,0,301,0,11,ar ARG,"DF,MF",Barracas Central,Copa de la Liga,25,1997,11.4,32,2.80,19,7,1,5,0,0,2,0.17,0,2,0,0,0,0,ar ARG,"DF,MF",Barracas Central,Copa de la Liga,25,1997,11.4,18,10,5,12,1,8,13,61.5,5,12,3,9,7,25,18,0,ar ARG,"DF,MF",Barracas Central,Copa de la Liga,25,1997,11.4,620,19,123,306,196,18,620,26,7,26.9,17,65.4,264,1457,712,20,11,5,29,12,314,48,ar ARG,"DF,MF",Barracas Central,Copa de la Liga,25,1997,12,"1,030",86,81.7,11.4,12,86,9,0,0,0,0.83,6,16,-10,-0.87,-0.48,8.7,11.5,-2.8,-0.24,-0.37,ar ARG,"DF,MF",Barracas Central,Copa de la Liga,25,1997,11.4,2,2,1,14,17,0,42,7,10,0,0,0,57,14,17,45.2
Elian Irala,ar ARG,MF,San Lorenzo,Copa de la Liga,18,2004,1,0,45,0.5,0,0,0,0,0,0,0,0,0.0,0.0,0.0,0.0,0,1,0,0.00,0.00,0.00,0.00,0.00,0.00,0.00,0.00,0.00,0.00,ar ARG,MF,San Lorenzo,Copa de la Liga,18,2004,0.5,0,0,0,0,0.00,0.00,0,0,0,0,0,0,0.0,0.0,0,0.0,0.0,ar ARG,MF,San Lorenzo,Copa de la Liga,18,2004,0.5,16,21,76.2,241,72,8,9,88.9,7,10,70.0,1,1,100.0,0,0.0,0.0,0.0,0,2,1,1,1,ar ARG,MF,San Lorenzo,Copa de la Liga,18,2004,0.5,21,21,0,0,0,0,1,0,0,0,0,0,16,0,0,ar ARG,MF,San Lorenzo,Copa de la Liga,18,2004,0.5,1,2.00,1,0,0,0,0,0,0,0.00,0,0,0,0,0,0,ar ARG,MF,San Lorenzo,Copa de la Liga,18,2004,0.5,2,0,0,1,1,1,2,50.0,1,0,0,0,2,4,0,0,ar ARG,MF,San Lorenzo,Copa de la Liga,18,2004,0.5,24,0,1,18,5,0,24,0,0,0,0,0,12,47,5,0,0,0,0,0,11,0,ar ARG,MF,San Lorenzo,Copa de la Liga,18,2004,1,45,45,3.6,0.5,0,0,0,1,45,11,1.00,1,2,-1,-2.00,-2.07,0.4,0.9,-0.5,-1.02,-0.92,ar ARG,MF,San Lorenzo,Copa de la Liga,18,2004,0.5,0,0,0,0,1,0,1,2,0,0,0,0,3,0,0,0
Mauricio Isla,cl CHI,DF,Independiente,Copa de la Liga,34,1988,12,11,979,10.9,1,0,1,1,0,0,1,0,0.3,0.3,0.6,0.9,17,46,71,0.09,0.00,0.09,0.09,0.09,0.03,0.05,0.08,0.03,0.08,cl CHI,DF,Independiente,Copa de la Liga,34,1988,10.9,1,3,2,66.7,0.28,0.18,0.33,0.50,13.6,0,0,0,0.3,0.3,0.10,+0.7,+0.7,cl CHI,DF,Independiente,Copa de la Liga,34,1988,10.9,390,505,77.2,6251,2539,204,233,87.6,156,195,80.0,22,53,41.5,0,0.6,1.3,-0.6,11,34,8,4,46,cl CHI,DF,Independiente,Copa de la Liga,34,1988,10.9,505,440,65,3,0,2,24,61,1,0,1,0,390,0,12,cl CHI,DF,Independiente,Copa de la Liga,34,1988,10.9,23,2.11,19,1,2,0,1,0,2,0.18,2,0,0,0,0,0,cl CHI,DF,Independiente,Copa de la Liga,34,1988,10.9,16,10,8,6,2,7,14,50.0,7,10,2,8,13,29,27,0,cl CHI,DF,Independiente,Copa de la Liga,34,1988,10.9,590,29,135,285,177,15,590,16,9,56.3,7,43.8,360,1369,658,17,20,5,8,3,362,71,cl CHI,DF,Independiente,Copa de la Liga,34,1988,12,979,82,77.7,10.9,11,85,6,1,45,1,1.83,12,7,+5,+0.46,+0.78,13.8,8.5,+5.2,+0.48,-0.34,cl CHI,DF,Independiente,Copa de la Liga,34,1988,10.9,1,0,0,11,7,4,24,13,10,0,1,0,55,12,8,60.0
Miguel Jacquet Duarte,py PAR,DF,Platense,Copa de la Liga,27,1995,5,2,234,2.6,0,0,0,0,0,0,1,0,0.0,0.0,0.0,0.1,1,7,1,0.00,0.00,0.00,0.00,0.00,0.01,0.01,0.02,0.01,0.02,py PAR,DF,Platense,Copa de la Liga,27,1995,2.6,0,2,0,0.0,0.77,0.00,0.00,0,12.9,0,0,0,0.0,0.0,0.02,0.0,0.0,py PAR,DF,Platense,Copa de la Liga,27,1995,2.6,68,114,59.6,1377,698,20,31,64.5,38,52,73.1,8,28,28.6,0,0.0,0.0,0.0,1,5,0,0,7,py PAR,DF,Platense,Copa de la Liga,27,1995,2.6,114,111,3,2,0,0,0,1,0,0,0,0,68,0,0,py PAR,DF,Platense,Copa de la Liga,27,1995,2.6,1,0.38,1,0,0,0,0,0,0,0.00,0,0,0,0,0,0,py PAR,DF,Platense,Copa de la Liga,27,1995,2.6,2,2,1,0,1,0,1,0.0,1,3,2,1,5,7,19,1,py PAR,DF,Platense,Copa de la Liga,27,1995,2.6,145,14,76,61,8,4,145,0,0,0,0,0,52,257,144,1,0,0,1,0,56,1,py PAR,DF,Platense,Copa de la Liga,27,1995,5,234,47,18.6,2.6,2,90,2,3,18,9,1.20,4,4,0,0.00,+0.26,2.0,2.6,-0.5,-0.21,-0.06,py PAR,DF,Platense,Copa de la Liga,27,1995,2.6,1,0,0,1,2,0,0,5,2,0,0,0,17,13,7,65.0
Jeremías James,ar ARG,DF,Barracas Central,Copa de la Liga,22,2001,2,0,27,0.3,0,0,0,0,0,0,0,0,0.0,0.0,0.0,0.0,0,2,0,0.00,0.00,0.00,0.00,0.00,0.00,0.00,0.00,0.00,0.00,ar ARG,DF,Barracas Central,Copa de la Liga,22,2001,0.3,0,0,0,0,0.00,0.00,0,0,0,0,0,0,0.0,0.0,0,0.0,0.0,ar ARG,DF,Barracas Central,Copa de la Liga,22,2001,0.3,17,26,65.4,302,124,8,11,72.7,6,6,100.0,3,8,37.5,0,0.0,0.0,0.0,0,1,0,0,2,ar ARG,DF,Barracas Central,Copa de la Liga,22,2001,0.3,26,26,0,0,0,0,0,0,0,0,0,0,17,0,0,ar ARG,DF,Barracas Central,Copa de la Liga,22,2001,0.3,0,0.00,0,0,0,0,0,0,0,0.00,0,0,0,0,0,0,ar ARG,DF,Barracas Central,Copa de la Liga,22,2001,0.3,0,0,0,0,0,0,0,0,0,0,0,0,0,0,2,0,ar ARG,DF,Barracas Central,Copa de la Liga,22,2001,0.3,30,3,11,17,2,1,30,0,0,0,0,0,17,73,48,0,0,0,1,0,17,0,ar ARG,DF,Barracas Central,Copa de la Liga,22,2001,2,27,14,2.1,0.3,0,0,0,2,14,5,1.00,0,0,0,0.00,+0.80,0.4,0.8,-0.4,-1.34,-1.19,ar ARG,DF,Barracas Central,Copa de la Liga,22,2001,0.3,0,0,0,0,0,0,0,0,0,0,0,0,3,5,0,100.0
Lucas Janson,ar ARG,"FW,MF",Boca Juniors,Copa de la Liga,28,1994,12,8,690,7.7,2,0,2,2,0,0,0,0,0.7,0.7,0.2,0.9,18,23,80,0.26,0.00,0.26,0.26,0.26,0.09,0.03,0.11,0.09,0.11,ar ARG,"FW,MF",Boca Juniors,Copa de la Liga,28,1994,7.7,2,12,3,25.0,1.57,0.39,0.17,0.67,21.1,0,0,0,0.7,0.7,0.05,+1.3,+1.3,ar ARG,"FW,MF",Boca Juniors,Copa de la Liga,28,1994,7.7,190,248,76.6,2945,579,114,129,88.4,51,67,76.1,20,33,60.6,0,0.2,0.3,-0.2,5,10,4,2,23,ar ARG,"FW,MF",Boca Juniors,Copa de la Liga,28,1994,7.7,248,244,2,0,3,4,14,1,0,0,0,0,190,2,10,ar ARG,"FW,MF",Boca Juniors,Copa de la Liga,28,1994,7.7,22,2.87,14,0,2,0,6,0,1,0.13,1,0,0,0,0,0,ar ARG,"FW,MF",Boca Juniors,Copa de la Liga,28,1994,7.7,4,3,3,0,1,4,6,66.7,2,3,0,3,6,10,5,0,ar ARG,"FW,MF",Boca Juniors,Copa de la Liga,28,1994,7.7,326,3,25,151,155,27,326,21,11,52.4,8,38.1,236,1259,547,18,13,4,24,15,294,80,ar ARG,"FW,MF",Boca Juniors,Copa de la Liga,28,1994,12,690,58,54.8,7.7,8,76,3,4,21,2,1.17,9,6,+3,+0.39,+0.71,7.2,6.8,+0.3,+0.05,-0.51,ar ARG,"FW,MF",Boca Juniors,Copa de la Liga,28,1994,7.7,0,0,0,7,18,0,14,6,3,0,0,0,19,11,17,39.3
Franco Jara,ar ARG,"MF,FW",Belgrano,Copa de la Liga,34,1988,5,0,111,1.2,2,0,2,2,0,0,0,0,0.5,0.5,0.1,0.6,2,1,9,1.62,0.00,1.62,1.62,1.62,0.37,0.08,0.45,0.37,0.45,ar ARG,"MF,FW",Belgrano,Copa de la Liga,34,1988,1.2,2,5,2,40.0,4.05,1.62,0.40,1.00,11.0,0,0,0,0.5,0.5,0.09,+1.5,+1.5,ar ARG,"MF,FW",Belgrano,Copa de la Liga,34,1988,1.2,14,23,60.9,176,18,6,11,54.5,4,7,57.1,1,1,100.0,0,0.1,0.1,-0.1,1,0,1,1,1,ar ARG,"MF,FW",Belgrano,Copa de la Liga,34,1988,1.2,23,20,3,0,0,0,2,0,0,0,0,0,14,0,0,ar ARG,"MF,FW",Belgrano,Copa de la Liga,34,1988,1.2,2,1.62,1,0,0,0,1,0,0,0.00,0,0,0,0,0,0,ar ARG,"MF,FW",Belgrano,Copa de la Liga,34,1988,1.2,2,2,0,2,0,2,2,100.0,0,1,0,1,0,2,2,0,ar ARG,"MF,FW",Belgrano,Copa de la Liga,34,1988,1.2,42,2,3,21,18,10,42,1,0,0.0,1,100.0,22,75,27,2,0,0,3,1,26,9,ar ARG,"MF,FW",Belgrano,Copa de la Liga,34,1988,5,111,22,8.8,1.2,0,0,0,5,22,4,0.83,5,3,+2,+1.62,+1.62,2.7,1.6,+1.1,+0.88,+1.25,ar ARG,"MF,FW",Belgrano,Copa de la Liga,34,1988,1.2,0,0,0,1,3,4,2,0,2,0,0,0,3,0,10,0.0
Leonardo Jara,ar ARG,DF,Vélez Sarsfield,Copa de la Liga,31,1991,7,6,449,5.0,0,1,1,0,0,0,2,0,0.1,0.1,0.1,0.2,6,14,7,0.00,0.20,0.20,0.00,0.20,0.01,0.02,0.04,0.01,0.04,ar ARG,DF,Vélez Sarsfield,Copa de la Liga,31,1991,5.0,0,4,0,0.0,0.80,0.00,0.00,0,32.1,0,0,0,0.1,0.1,0.02,-0.1,-0.1,ar ARG,DF,Vélez Sarsfield,Copa de la Liga,31,1991,5.0,125,194,64.4,2608,1474,49,58,84.5,52,72,72.2,24,57,42.1,1,0.1,0.2,+0.9,1,14,1,1,14,ar ARG,DF,Vélez Sarsfield,Copa de la Liga,31,1991,5.0,194,161,31,4,0,1,7,26,0,0,0,0,125,2,5,ar ARG,DF,Vélez Sarsfield,Copa de la Liga,31,1991,5.0,3,0.60,3,0,0,0,0,0,1,0.20,1,0,0,0,0,0,ar ARG,DF,Vélez Sarsfield,Copa de la Liga,31,1991,5.0,10,7,6,4,0,3,8,37.5,5,8,6,2,8,18,31,0,ar ARG,DF,Vélez Sarsfield,Copa de la Liga,31,1991,5.0,262,34,133,98,31,0,262,6,6,100.0,0,0.0,104,481,296,6,3,0,7,0,102,7,ar ARG,DF,Vélez Sarsfield,Copa de la Liga,31,1991,7,449,64,35.6,5.0,6,69,2,1,34,4,2.00,10,4,+6,+1.20,+1.54,3.5,3.0,+0.5,+0.10,+0.35,ar ARG,DF,Vélez Sarsfield,Copa de la Liga,31,1991,5.0,2,0,0,4,1,0,7,8,7,0,0,0,18,11,9,55.0
Federico Jourdan,ar ARG,"FW,DF",Cen. Córdoba–SdE,Copa de la Liga,32,1991,8,0,227,2.5,0,2,2,0,0,0,0,0,0.5,0.5,0.5,0.9,9,5,23,0.00,0.79,0.79,0.00,0.79,0.19,0.18,0.37,0.19,0.37,ar ARG,"FW,DF",Cen. Córdoba–SdE,Copa de la Liga,32,1991,2.5,0,6,3,50.0,2.38,1.19,0.00,0.00,13.2,0,0,0,0.5,0.5,0.08,-0.5,-0.5,ar ARG,"FW,DF",Cen. Córdoba–SdE,Copa de la Liga,32,1991,2.5,50,86,58.1,718,200,31,40,77.5,13,22,59.1,3,13,23.1,2,0.5,0.4,+1.5,4,3,1,1,5,ar ARG,"FW,DF",Cen. Córdoba–SdE,Copa de la Liga,32,1991,2.5,86,78,8,3,0,0,20,3,2,1,1,0,50,0,8,ar ARG,"FW,DF",Cen. Córdoba–SdE,Copa de la Liga,32,1991,2.5,13,5.11,5,2,2,3,1,0,2,0.79,2,0,0,0,0,0,ar ARG,"FW,DF",Cen. Córdoba–SdE,Copa de la Liga,32,1991,2.5,3,0,0,3,0,2,4,50.0,2,3,0,3,1,4,2,0,ar ARG,"FW,DF",Cen. Córdoba–SdE,Copa de la Liga,32,1991,2.5,119,3,9,54,57,9,119,11,5,45.5,3,27.3,66,473,222,9,5,1,6,1,81,23,ar ARG,"FW,DF",Cen. Córdoba–SdE,Copa de la Liga,32,1991,8,227,28,18.0,2.5,0,0,0,8,28,6,1.13,4,8,-4,-1.59,-1.67,3.7,3.3,+0.4,+0.15,+0.11,ar ARG,"FW,DF",Cen. Córdoba–SdE,Copa de la Liga,32,1991,2.5,0,0,0,1,4,1,20,1,0,0,0,0,8,1,0,100.0
Alex Juárez,ar ARG,MF,Barracas Central,Copa de la Liga,18,2004,1,0,5,0.1,0,0,0,0,0,0,0,0,0.0,0.0,0.0,0.0,1,0,1,0.00,0.00,0.00,0.00,0.00,0.00,0.00,0.00,0.00,0.00,ar ARG,MF,Barracas Central,Copa de la Liga,18,2004,0.1,0,0,0,0,0.00,0.00,0,0,0,0,0,0,0.0,0.0,0,0.0,0.0,ar ARG,MF,Barracas Central,Copa de la Liga,18,2004,0.1,5,6,83.3,96,0,1,1,100.0,4,5,80.0,0,0,0,0,0.0,0.0,0.0,0,0,0,0,0,ar ARG,MF,Barracas Central,Copa de la Liga,18,2004,0.1,6,6,0,0,0,0,0,0,0,0,0,0,5,0,0,ar ARG,MF,Barracas Central,Copa de la Liga,18,2004,0.1,0,0.00,0,0,0,0,0,0,0,0.00,0,0,0,0,0,0,ar ARG,MF,Barracas Central,Copa de la Liga,18,2004,0.1,0,0,0,0,0,0,0,0,0,0,0,0,0,0,0,0,ar ARG,MF,Barracas Central,Copa de la Liga,18,2004,0.1,6,0,0,5,2,0,6,1,1,100.0,0,0.0,5,32,26,1,1,0,0,0,6,1,ar ARG,MF,Barracas Central,Copa de la Liga,18,2004,1,5,5,0.4,0.1,0,0,0,1,5,0,1.00,0,0,0,0.00,+0.79,0.0,0.0,0.0,0.00,+0.18,ar ARG,MF,Barracas Central,Copa de la Liga,18,2004,0.1,0,0,0,0,0,0,0,0,0,0,0,0,0,0,0,0
Daniel Juárez,ar ARG,"FW,MF",Unión,Copa de la Liga,21,2001,8,0,97,1.1,0,0,0,0,0,0,0,0,0.1,0.1,0.0,0.1,3,2,12,0.00,0.00,0.00,0.00,0.00,0.13,0.00,0.13,0.13,0.13,ar ARG,"FW,MF",Unión,Copa de la Liga,21,2001,1.1,0,4,3,75.0,3.71,2.78,0.00,0.00,18.9,0,0,0,0.1,0.1,0.03,-0.1,-0.1,ar ARG,"FW,MF",Unión,Copa de la Liga,21,2001,1.1,21,28,75.0,319,107,10,12,83.3,7,10,70.0,2,3,66.7,0,0.0,0.0,0.0,0,0,2,1,2,ar ARG,"FW,MF",Unión,Copa de la Liga,21,2001,1.1,28,25,3,1,0,0,2,1,1,0,0,0,21,0,0,ar ARG,"FW,MF",Unión,Copa de la Liga,21,2001,1.1,2,1.87,2,0,0,0,0,0,0,0.00,0,0,0,0,0,0,ar ARG,"FW,MF",Unión,Copa de la Liga,21,2001,1.1,3,1,0,3,0,2,3,66.7,1,2,0,2,1,4,0,0,ar ARG,"FW,MF",Unión,Copa de la Liga,21,2001,1.1,49,0,4,24,22,7,49,5,1,20.0,4,80.0,34,191,104,3,2,2,3,1,36,12,ar ARG,"FW,MF",Unión,Copa de la Liga,21,2001,8,97,12,7.7,1.1,0,0,0,8,12,3,1.25,0,0,0,0.00,+0.23,1.0,0.8,+0.3,+0.24,+0.40,ar ARG,"FW,MF",Unión,Copa de la Liga,21,2001,1.1,0,0,0,1,2,1,2,1,1,0,0,0,6,3,2,60.0
Bruno Juncos,ar ARG,FW,Talleres,Copa de la Liga,21,2002,3,0,25,0.3,0,0,0,0,0,0,0,0,0.1,0.1,0.0,0.1,0,0,1,0.00,0.00,0.00,0.00,0.00,0.40,0.10,0.50,0.40,0.50,ar ARG,FW,Talleres,Copa de la Liga,21,2002,0.3,0,1,0,0.0,3.60,0.00,0.00,0,17.0,0,0,0,0.1,0.1,0.11,-0.1,-0.1,ar ARG,FW,Talleres,Copa de la Liga,21,2002,0.3,4,6,66.7,73,30,3,5,60.0,0,0,0,1,1,100.0,0,0.0,0.1,0.0,1,0,0,0,0,ar ARG,FW,Talleres,Copa de la Liga,21,2002,0.3,6,5,1,0,0,0,1,0,1,1,0,0,4,0,0,ar ARG,FW,Talleres,Copa de la Liga,21,2002,0.3,1,3.60,0,1,0,0,0,0,0,0.00,0,0,0,0,0,0,ar ARG,FW,Talleres,Copa de la Liga,21,2002,0.3,1,0,0,1,0,0,0,0,0,0,0,0,0,1,0,0,ar ARG,FW,Talleres,Copa de la Liga,21,2002,0.3,15,0,1,4,10,1,15,5,1,20.0,4,80.0,10,55,13,0,1,0,2,0,9,1,ar ARG,FW,Talleres,Copa de la Liga,21,2002,3,25,8,2.0,0.3,0,0,0,3,8,4,0.67,0,0,0,0.00,0.00,0.5,0.3,+0.2,+0.55,+0.41,ar ARG,FW,Talleres,Copa de la Liga,21,2002,0.3,0,0,0,0,0,0,1,0,0,0,0,0,0,1,1,50.0
Enzo Kalinski,ar ARG,MF,Cen. Córdoba–SdE,Copa de la Liga,35,1987,8,2,197,2.2,0,1,1,0,0,0,0,0,0.4,0.4,0.6,1.0,0,17,4,0.00,0.46,0.46,0.00,0.46,0.18,0.28,0.46,0.18,0.46,ar ARG,MF,Cen. Córdoba–SdE,Copa de la Liga,35,1987,2.2,0,2,1,50.0,0.91,0.46,0.00,0.00,23.5,0,0,0,0.4,0.4,0.19,-0.4,-0.4,ar ARG,MF,Cen. Córdoba–SdE,Copa de la Liga,35,1987,2.2,72,109,66.1,1303,430,35,45,77.8,26,40,65.0,10,15,66.7,1,0.6,0.5,+0.4,2,14,2,0,17,ar ARG,MF,Cen. Córdoba–SdE,Copa de la Liga,35,1987,2.2,109,105,2,2,1,1,2,0,0,0,0,0,72,2,5,ar ARG,MF,Cen. Córdoba–SdE,Copa de la Liga,35,1987,2.2,5,2.28,5,0,0,0,0,0,2,0.91,2,0,0,0,0,0,ar ARG,MF,Cen. Córdoba–SdE,Copa de la Liga,35,1987,2.2,4,2,2,2,0,0,3,0.0,3,1,0,1,1,5,6,0,ar ARG,MF,Cen. Córdoba–SdE,Copa de la Liga,35,1987,2.2,135,9,17,75,43,4,135,4,0,0.0,4,100.0,56,257,72,0,3,0,4,1,83,4,ar ARG,MF,Cen. Córdoba–SdE,Copa de la Liga,35,1987,8,197,25,15.6,2.2,2,45,0,6,18,2,1.63,3,3,0,0.00,+0.25,3.1,1.8,+1.3,+0.60,+0.64,ar ARG,MF,Cen. Córdoba–SdE,Copa de la Liga,35,1987,2.2,0,0,0,4,1,0,2,1,2,0,0,0,12,7,3,70.0
Luca Klimowicz,ar ARG,DF,Instituto,Copa de la Liga,18,2004,1,0,7,0.1,0,0,0,0,0,0,0,0,0.0,0.0,0.0,0.0,1,0,3,0.00,0.00,0.00,0.00,0.00,0.00,0.00,0.00,0.00,0.00,ar ARG,DF,Instituto,Copa de la Liga,18,2004,0.1,0,0,0,0,0.00,0.00,0,0,0,0,0,0,0.0,0.0,0,0.0,0.0,ar ARG,DF,Instituto,Copa de la Liga,18,2004,0.1,0,2,0.0,0,0,0,0,0,0,1,0.0,0,0,0,0,0.0,0.0,0.0,0,0,0,0,0,ar ARG,DF,Instituto,Copa de la Liga,18,2004,0.1,2,2,0,0,0,0,1,0,0,0,0,0,0,0,0,ar ARG,DF,Instituto,Copa de la Liga,18,2004,0.1,0,0.00,0,0,0,0,0,0,0,0.00,0,0,0,0,0,0,ar ARG,DF,Instituto,Copa de la Liga,18,2004,0.1,0,0,0,0,0,0,0,0,0,0,0,0,0,0,0,0,ar ARG,DF,Instituto,Copa de la Liga,18,2004,0.1,3,0,0,0,3,1,3,0,0,0,0,0,2,4,1,1,0,1,0,1,3,3,ar ARG,DF,Instituto,Copa de la Liga,18,2004,1,7,7,0.6,0.1,0,0,0,1,7,0,0.00,0,0,0,0.00,-0.29,0.1,0.0,+0.1,+1.71,+1.63,ar ARG,DF,Instituto,Copa de la Liga,18,2004,0.1,0,0,0,0,0,0,1,0,0,0,0,0,0,0,0,0
Bautista Kociubinski,ar ARG,MF,Atlé Tucumán,Copa de la Liga,21,2001,8,0,156,1.7,0,0,0,0,0,0,0,0,0.1,0.1,0.1,0.2,1,11,1,0.00,0.00,0.00,0.00,0.00,0.07,0.04,0.10,0.07,0.10,ar ARG,MF,Atlé Tucumán,Copa de la Liga,21,2001,1.7,0,2,0,0.0,1.15,0.00,0.00,0,23.4,0,0,0,0.1,0.1,0.06,-0.1,-0.1,ar ARG,MF,Atlé Tucumán,Copa de la Liga,21,2001,1.7,79,95,83.2,1274,509,45,49,91.8,23,27,85.2,8,11,72.7,0,0.1,0.1,-0.1,1,8,3,0,11,ar ARG,MF,Atlé Tucumán,Copa de la Liga,21,2001,1.7,95,95,0,0,0,0,1,0,0,0,0,0,79,0,2,ar ARG,MF,Atlé Tucumán,Copa de la Liga,21,2001,1.7,8,4.62,8,0,0,0,0,0,0,0.00,0,0,0,0,0,0,ar ARG,MF,Atlé Tucumán,Copa de la Liga,21,2001,1.7,6,2,4,2,0,5,7,71.4,2,4,1,3,2,8,7,0,ar ARG,MF,Atlé Tucumán,Copa de la Liga,21,2001,1.7,120,10,48,64,8,1,120,0,0,0,0,0,51,226,134,1,2,1,2,1,68,1,ar ARG,MF,Atlé Tucumán,Copa de la Liga,21,2001,8,156,20,12.4,1.7,0,0,0,8,20,6,1.38,0,2,-2,-1.15,-1.07,1.5,2.3,-0.7,-0.43,-0.51,ar ARG,MF,Atlé Tucumán,Copa de la Liga,21,2001,1.7,0,0,0,3,1,0,1,2,2,0,0,0,15,5,6,45.5
Nicolas Kozlovsky,ar ARG,DF,Racing Club,Copa de la Liga,19,2003,3,1,121,1.3,0,0,0,0,0,0,0,0,0.0,0.0,0.0,0.0,3,6,0,0.00,0.00,0.00,0.00,0.00,0.00,0.00,0.00,0.00,0.00,ar ARG,DF,Racing Club,Copa de la Liga,19,2003,1.3,0,0,0,0,0.00,0.00,0,0,0,0,0,0,0.0,0.0,0,0.0,0.0,ar ARG,DF,Racing Club,Copa de la Liga,19,2003,1.3,82,94,87.2,1541,749,31,32,96.9,42,42,100.0,8,17,47.1,0,0.0,0.0,0.0,0,5,0,0,6,ar ARG,DF,Racing Club,Copa de la Liga,19,2003,1.3,94,94,0,0,0,3,0,0,0,0,0,0,82,0,2,ar ARG,DF,Racing Club,Copa de la Liga,19,2003,1.3,2,1.49,1,0,0,0,1,0,0,0.00,0,0,0,0,0,0,ar ARG,DF,Racing Club,Copa de la Liga,19,2003,1.3,1,1,1,0,0,0,2,0.0,2,2,1,1,2,3,7,0,ar ARG,DF,Racing Club,Copa de la Liga,19,2003,1.3,109,11,63,46,0,0,109,1,0,0.0,1,100.0,73,431,335,3,0,0,0,0,76,0,ar ARG,DF,Racing Club,Copa de la Liga,19,2003,3,121,40,9.6,1.3,1,90,1,2,16,6,2.33,2,2,0,0.00,-0.47,1.1,2.1,-1.0,-0.76,-0.93,ar ARG,DF,Racing Club,Copa de la Liga,19,2003,1.3,0,0,0,0,1,0,0,2,1,0,0,0,8,4,9,30.8
Matías Kranevitter,ar ARG,MF,River Plate,Copa de la Liga,29,1993,6,3,309,3.4,0,0,0,0,0,0,1,0,0.0,0.0,0.1,0.1,0,14,4,0.00,0.00,0.00,0.00,0.00,0.01,0.02,0.03,0.01,0.03,ar ARG,MF,River Plate,Copa de la Liga,29,1993,3.4,0,1,0,0.0,0.29,0.00,0.00,0,30.1,0,0,0,0.0,0.0,0.04,0.0,0.0,ar ARG,MF,River Plate,Copa de la Liga,29,1993,3.4,212,238,89.1,3635,852,87,97,89.7,105,109,96.3,13,18,72.2,0,0.1,0.1,-0.1,4,21,0,0,14,ar ARG,MF,River Plate,Copa de la Liga,29,1993,3.4,238,230,8,8,0,1,1,0,0,0,0,0,212,0,4,ar ARG,MF,River Plate,Copa de la Liga,29,1993,3.4,12,3.48,12,0,0,0,0,0,0,0.00,0,0,0,0,0,0,ar ARG,MF,River Plate,Copa de la Liga,29,1993,3.4,4,2,0,4,0,1,9,11.1,8,4,3,1,2,6,5,0,ar ARG,MF,River Plate,Copa de la Liga,29,1993,3.4,260,9,48,195,19,0,260,1,0,0.0,1,100.0,147,420,168,0,1,0,1,3,181,4,ar ARG,MF,River Plate,Copa de la Liga,29,1993,6,309,52,24.5,3.4,3,79,2,3,24,6,1.88,5,4,+1,+0.29,-0.37,6.5,3.6,+2.9,+0.83,+0.29,ar ARG,MF,River Plate,Copa de la Liga,29,1993,3.4,1,0,0,3,6,0,1,2,2,0,0,0,27,14,9,60.9
Matías Laba,ar ARG,MF,Barracas Central,Copa de la Liga,31,1991,2,0,24,0.3,0,0,0,0,0,0,0,0,0.0,0.0,0.0,0.0,0,4,0,0.00,0.00,0.00,0.00,0.00,0.00,0.00,0.00,0.00,0.00,ar ARG,MF,Barracas Central,Copa de la Liga,31,1991,0.3,0,0,0,0,0.00,0.00,0,0,0,0,0,0,0.0,0.0,0,0.0,0.0,ar ARG,MF,Barracas Central,Copa de la Liga,31,1991,0.3,9,12,75.0,172,70,3,5,60.0,5,6,83.3,1,1,100.0,0,0.0,0.0,0.0,0,2,0,0,4,ar ARG,MF,Barracas Central,Copa de la Liga,31,1991,0.3,12,12,0,0,0,0,0,0,0,0,0,0,9,0,0,ar ARG,MF,Barracas Central,Copa de la Liga,31,1991,0.3,0,0.00,0,0,0,0,0,0,0,0.00,0,0,0,0,0,0,ar ARG,MF,Barracas Central,Copa de la Liga,31,1991,0.3,1,1,0,1,0,1,1,100.0,0,2,1,1,1,2,1,0,ar ARG,MF,Barracas Central,Copa de la Liga,31,1991,0.3,17,1,3,13,1,0,17,0,0,0,0,0,5,24,1,0,1,0,0,2,9,0,ar ARG,MF,Barracas Central,Copa de la Liga,31,1991,2,24,12,1.9,0.3,0,0,0,2,12,5,0.50,0,0,0,0.00,+0.80,0.0,0.0,0.0,+0.14,+0.33,ar ARG,MF,Barracas Central,Copa de la Liga,31,1991,0.3,0,0,0,0,1,0,0,1,1,0,0,0,2,1,5,16.7
Agustín Lagos,ar ARG,"DF,MF",Atlé Tucumán,Copa de la Liga,21,2001,2,0,62,0.7,0,0,0,0,0,0,0,0,0.0,0.0,0.1,0.1,0,3,4,0.00,0.00,0.00,0.00,0.00,0.00,0.11,0.11,0.00,0.11,ar ARG,"DF,MF",Atlé Tucumán,Copa de la Liga,21,2001,0.7,0,0,0,0,0.00,0.00,0,0,0,0,0,0,0.0,0.0,0,0.0,0.0,ar ARG,"DF,MF",Atlé Tucumán,Copa de la Liga,21,2001,0.7,24,29,82.8,379,180,12,12,100.0,9,11,81.8,2,4,50.0,0,0.1,0.1,-0.1,2,1,1,1,3,ar ARG,"DF,MF",Atlé Tucumán,Copa de la Liga,21,2001,0.7,29,22,7,1,0,0,4,5,1,0,1,0,24,0,1,ar ARG,"DF,MF",Atlé Tucumán,Copa de la Liga,21,2001,0.7,3,4.35,2,1,0,0,0,0,0,0.00,0,0,0,0,0,0,ar ARG,"DF,MF",Atlé Tucumán,Copa de la Liga,21,2001,0.7,5,3,1,1,3,2,5,40.0,3,3,1,2,0,5,2,0,ar ARG,"DF,MF",Atlé Tucumán,Copa de la Liga,21,2001,0.7,43,2,13,21,11,1,43,3,0,0.0,2,66.7,19,129,63,0,0,0,2,0,17,4,ar ARG,"DF,MF",Atlé Tucumán,Copa de la Liga,21,2001,2,62,31,4.9,0.7,0,0,0,2,31,5,0.00,0,3,-3,-4.35,-4.35,1.0,1.1,-0.1,-0.15,-0.19,ar ARG,"DF,MF",Atlé Tucumán,Copa de la Liga,21,2001,0.7,0,0,0,2,1,0,4,0,3,0,0,0,4,2,1,66.7
Luca Langoni,ar ARG,"FW,MF",Boca Juniors,Copa de la Liga,20,2002,5,0,114,1.3,0,0,0,0,0,0,0,0,0.1,0.1,0.0,0.1,2,0,10,0.00,0.00,0.00,0.00,0.00,0.08,0.00,0.08,0.08,0.08,ar ARG,"FW,MF",Boca Juniors,Copa de la Liga,20,2002,1.3,0,2,0,0.0,1.58,0.00,0.00,0,16.9,0,0,0,0.1,0.1,0.05,-0.1,-0.1,ar ARG,"FW,MF",Boca Juniors,Copa de la Liga,20,2002,1.3,22,30,73.3,235,14,17,20,85.0,4,6,66.7,0,1,0.0,0,0.0,0.0,0.0,0,0,0,0,0,ar ARG,"FW,MF",Boca Juniors,Copa de la Liga,20,2002,1.3,30,27,2,0,0,0,2,1,1,1,0,0,22,1,1,ar ARG,"FW,MF",Boca Juniors,Copa de la Liga,20,2002,1.3,2,1.57,2,0,0,0,0,0,0,0.00,0,0,0,0,0,0,ar ARG,"FW,MF",Boca Juniors,Copa de la Liga,20,2002,1.3,3,1,1,1,1,2,3,66.7,1,2,0,2,0,3,1,0,ar ARG,"FW,MF",Boca Juniors,Copa de la Liga,20,2002,1.3,46,1,3,20,24,4,46,6,4,66.7,2,33.3,25,133,45,2,0,1,5,5,34,10,ar ARG,"FW,MF",Boca Juniors,Copa de la Liga,20,2002,5,114,23,9.0,1.3,0,0,0,5,23,1,1.60,3,2,+1,+0.79,+0.79,2.1,1.0,+1.1,+0.88,+0.66,ar ARG,"FW,MF",Boca Juniors,Copa de la Liga,20,2002,1.3,0,0,0,3,0,1,2,0,1,0,0,0,3,0,0,0
Federico Lanzillota,ar ARG,GK,Arg Juniors,Copa de la Liga,30,1992,2,2,180,2.0,0,0,0,0,0,0,0,0,0.0,0.0,0.0,0.0,0,0,0,0.00,0.00,0.00,0.00,0.00,0.00,0.00,0.00,0.00,0.00,ar ARG,GK,Arg Juniors,Copa de la Liga,30,1992,2.0,0,0,0,0,0.00,0.00,0,0,0,0,0,0,0.0,0.0,0,0.0,0.0,ar ARG,GK,Arg Juniors,Copa de la Liga,30,1992,2.0,40,44,90.9,933,641,10,10,100.0,19,19,100.0,10,13,76.9,0,0.0,0.0,0.0,0,1,0,0,0,ar ARG,GK,Arg Juniors,Copa de la Liga,30,1992,2.0,44,30,14,0,0,0,0,0,0,0,0,0,40,0,0,ar ARG,GK,Arg Juniors,Copa de la Liga,30,1992,2.0,0,0.00,0,0,0,0,0,0,0,0.00,0,0,0,0,0,0,ar ARG,GK,Arg Juniors,Copa de la Liga,30,1992,2.0,0,0,0,0,0,0,0,0,0,0,0,0,0,0,1,0,ar ARG,GK,Arg Juniors,Copa de la Liga,30,1992,2.0,46,40,46,0,0,0,46,0,0,0,0,0,30,176,143,0,0,0,0,0,18,0,ar ARG,GK,Arg Juniors,Copa de la Liga,30,1992,2,180,90,14.3,2.0,2,90,2,0,0,9,1.00,2,2,0,0.00,+0.33,1.5,1.5,0.0,0.00,+0.25,ar ARG,GK,Arg Juniors,Copa de la Liga,30,1992,2.0,0,0,0,1,0,0,0,0,0,0,1,0,1,0,0,0
Manuel Lanzini,ar ARG,"MF,FW",River Plate,Copa de la Liga,29,1993,14,12,942,10.5,0,0,0,0,0,0,2,0,1.0,1.0,1.6,2.6,38,106,64,0.00,0.00,0.00,0.00,0.00,0.10,0.15,0.25,0.10,0.25,ar ARG,"MF,FW",River Plate,Copa de la Liga,29,1993,10.5,0,22,6,27.3,2.10,0.57,0.00,0.00,23.8,4,0,0,1.0,1.0,0.05,-1.0,-1.0,ar ARG,"MF,FW",River Plate,Copa de la Liga,29,1993,10.5,707,805,87.8,10786,2789,390,423,92.2,243,269,90.3,44,71,62.0,0,1.6,2.0,-1.6,21,75,15,1,106,ar ARG,"MF,FW",River Plate,Copa de la Liga,29,1993,10.5,805,754,51,15,2,3,35,5,23,9,10,1,707,0,8,ar ARG,"MF,FW",River Plate,Copa de la Liga,29,1993,10.5,43,4.11,31,7,0,1,3,1,2,0.19,2,0,0,0,0,0,ar ARG,"MF,FW",River Plate,Copa de la Liga,29,1993,10.5,14,10,2,9,3,7,18,38.9,11,10,2,8,4,18,5,0,ar ARG,"MF,FW",River Plate,Copa de la Liga,29,1993,10.5,911,6,71,527,323,20,911,46,30,65.2,12,26.1,589,3422,1729,38,36,5,18,15,731,64,ar ARG,"MF,FW",River Plate,Copa de la Liga,29,1993,14,942,67,74.8,10.5,12,75,3,2,24,0,1.67,17,9,+8,+0.76,+0.76,13.8,8.3,+5.5,+0.53,-0.35,ar ARG,"MF,FW",River Plate,Copa de la Liga,29,1993,10.5,2,0,0,7,15,1,35,4,10,0,0,0,78,3,1,75.0
Enzo Larrosa,uy URU,"FW,MF",Godoy Cruz,Copa de la Liga,21,2001,8,0,98,1.1,0,0,0,0,0,0,0,0,0.0,0.0,0.2,0.2,1,2,3,0.00,0.00,0.00,0.00,0.00,0.00,0.18,0.18,0.00,0.18,uy URU,"FW,MF",Godoy Cruz,Copa de la Liga,21,2001,1.1,0,0,0,0,0.00,0.00,0,0,0,0,0,0,0.0,0.0,0,0.0,0.0,uy URU,"FW,MF",Godoy Cruz,Copa de la Liga,21,2001,1.1,15,28,53.6,175,50,7,15,46.7,5,8,62.5,0,0,0,0,0.2,0.4,-0.2,1,1,2,1,2,uy URU,"FW,MF",Godoy Cruz,Copa de la Liga,21,2001,1.1,28,26,2,0,0,0,1,0,0,0,0,0,15,0,2,uy URU,"FW,MF",Godoy Cruz,Copa de la Liga,21,2001,1.1,4,3.67,3,0,1,0,0,0,0,0.00,0,0,0,0,0,0,uy URU,"FW,MF",Godoy Cruz,Copa de la Liga,21,2001,1.1,1,1,0,0,1,1,3,33.3,2,2,0,2,0,1,0,0,uy URU,"FW,MF",Godoy Cruz,Copa de la Liga,21,2001,1.1,35,1,2,18,18,4,35,2,2,100.0,0,0.0,13,84,26,1,3,1,0,3,20,3,uy URU,"FW,MF",Godoy Cruz,Copa de la Liga,21,2001,8,98,12,7.8,1.1,0,0,0,8,12,4,1.22,1,1,0,0.00,-0.39,1.4,0.7,+0.6,+0.56,+0.29,uy URU,"FW,MF",Godoy Cruz,Copa de la Liga,21,2001,1.1,0,0,0,1,0,1,1,0,1,0,0,0,2,5,11,31.3
Joaquín Laso,ar ARG,DF,Independiente,Copa de la Liga,32,1990,13,13,"1,170",13.0,1,1,2,1,0,0,3,0,0.4,0.4,0.5,0.9,8,51,6,0.08,0.08,0.15,0.08,0.15,0.03,0.04,0.07,0.03,0.07,ar ARG,DF,Independiente,Copa de la Liga,32,1990,13.0,1,6,2,33.3,0.46,0.15,0.17,0.50,9.9,0,0,0,0.4,0.4,0.08,+0.6,+0.6,ar ARG,DF,Independiente,Copa de la Liga,32,1990,13.0,568,744,76.3,11781,5090,177,201,88.1,299,363,82.4,88,162,54.3,1,0.5,0.2,+0.5,2,36,1,1,51,ar ARG,DF,Independiente,Copa de la Liga,32,1990,13.0,744,697,45,27,0,6,4,18,0,0,0,0,568,2,4,ar ARG,DF,Independiente,Copa de la Liga,32,1990,13.0,8,0.62,6,0,0,2,0,0,2,0.15,1,0,0,1,0,0,ar ARG,DF,Independiente,Copa de la Liga,32,1990,13.0,16,14,10,6,0,9,19,47.4,10,9,5,4,18,34,62,0,ar ARG,DF,Independiente,Copa de la Liga,32,1990,13.0,879,109,474,383,27,12,879,2,0,0.0,2,100.0,526,2640,1677,8,1,1,9,2,470,6,ar ARG,DF,Independiente,Copa de la Liga,32,1990,13,"1,170",90,92.9,13.0,13,90,13,0,0,1,1.77,15,10,+5,+0.38,+1.38,17.7,8.3,+9.4,+0.72,+2.36,ar ARG,DF,Independiente,Copa de la Liga,32,1990,13.0,3,0,0,16,10,0,4,18,14,0,0,1,103,41,23,64.1
Ivan Leguizamon,py PAR,"MF,FW",San Lorenzo,Copa de la Liga,20,2002,14,8,817,9.1,0,0,0,0,0,0,1,0,0.5,0.5,0.4,0.8,22,24,58,0.00,0.00,0.00,0.00,0.00,0.05,0.04,0.09,0.05,0.09,py PAR,"MF,FW",San Lorenzo,Copa de la Liga,20,2002,9.1,0,14,6,42.9,1.54,0.66,0.00,0.00,24.4,0,0,0,0.5,0.5,0.03,-0.5,-0.5,py PAR,"MF,FW",San Lorenzo,Copa de la Liga,20,2002,9.1,169,243,69.5,2357,606,108,134,80.6,46,58,79.3,8,17,47.1,0,0.4,0.5,-0.4,5,17,9,4,24,py PAR,"MF,FW",San Lorenzo,Copa de la Liga,20,2002,9.1,243,229,14,4,0,2,25,9,1,0,0,0,169,0,22,py PAR,"MF,FW",San Lorenzo,Copa de la Liga,20,2002,9.1,13,1.43,10,1,0,2,0,0,1,0.11,1,0,0,0,0,0,py PAR,"MF,FW",San Lorenzo,Copa de la Liga,20,2002,9.1,11,10,2,6,3,4,17,23.5,13,16,1,15,0,11,5,0,py PAR,"MF,FW",San Lorenzo,Copa de la Liga,20,2002,9.1,371,4,29,150,203,17,371,38,12,31.6,20,52.6,243,1735,702,22,26,5,30,16,261,58,py PAR,"MF,FW",San Lorenzo,Copa de la Liga,20,2002,14,817,58,64.8,9.1,8,72,3,6,40,0,1.29,7,9,-2,-0.22,-0.63,8.2,9.2,-1.0,-0.11,+0.08,py PAR,"MF,FW",San Lorenzo,Copa de la Liga,20,2002,9.1,1,0,0,17,22,7,25,0,10,0,0,0,39,11,13,45.8
Nicolás Leguizamón,ar ARG,"FW,MF",Cen. Córdoba–SdE,Copa de la Liga,28,1995,7,2,232,2.6,0,0,0,0,0,0,0,0,0.6,0.6,0.0,0.7,2,9,10,0.00,0.00,0.00,0.00,0.00,0.24,0.01,0.25,0.24,0.25,ar ARG,"FW,MF",Cen. Córdoba–SdE,Copa de la Liga,28,1995,2.6,0,7,1,14.3,2.72,0.39,0.00,0.00,11.6,0,0,0,0.6,0.6,0.09,-0.6,-0.6,ar ARG,"FW,MF",Cen. Córdoba–SdE,Copa de la Liga,28,1995,2.6,43,63,68.3,591,101,24,33,72.7,11,16,68.8,3,5,60.0,0,0.0,0.0,0.0,1,4,0,0,9,ar ARG,"FW,MF",Cen. Córdoba–SdE,Copa de la Liga,28,1995,2.6,63,61,1,0,0,0,1,0,0,0,0,0,43,1,2,ar ARG,"FW,MF",Cen. Córdoba–SdE,Copa de la Liga,28,1995,2.6,1,0.39,1,0,0,0,0,0,0,0.00,0,0,0,0,0,0,ar ARG,"FW,MF",Cen. Córdoba–SdE,Copa de la Liga,28,1995,2.6,2,0,0,2,0,0,3,0.0,3,0,0,0,0,2,2,0,ar ARG,"FW,MF",Cen. Córdoba–SdE,Copa de la Liga,28,1995,2.6,91,2,3,54,36,7,91,7,3,42.9,4,57.1,48,214,72,2,3,0,7,5,63,10,ar ARG,"FW,MF",Cen. Córdoba–SdE,Copa de la Liga,28,1995,7,232,33,18.4,2.6,2,58,0,5,23,2,1.14,0,3,-3,-1.16,-1.16,1.6,2.2,-0.5,-0.20,-0.32,ar ARG,"FW,MF",Cen. Córdoba–SdE,Copa de la Liga,28,1995,2.6,0,0,0,4,2,1,1,0,0,0,0,0,9,9,16,36.0
Cristian Lema,ar ARG,DF,Lanús,Copa de la Liga,32,1990,13,13,"1,124",12.5,0,0,0,0,0,0,2,1,1.4,1.4,0.3,1.7,16,68,8,0.00,0.00,0.00,0.00,0.00,0.11,0.02,0.14,0.11,0.14,ar ARG,DF,Lanús,Copa de la Liga,32,1990,12.5,0,22,5,22.7,1.76,0.40,0.00,0.00,15.9,2,0,0,1.4,1.4,0.06,-1.4,-1.4,ar ARG,DF,Lanús,Copa de la Liga,32,1990,12.5,554,705,78.6,11471,4830,171,208,82.2,293,329,89.1,87,148,58.8,0,0.3,0.7,-0.3,3,58,3,1,68,ar ARG,DF,Lanús,Copa de la Liga,32,1990,12.5,705,677,27,20,0,18,3,3,0,0,0,0,554,1,12,ar ARG,DF,Lanús,Copa de la Liga,32,1990,12.5,13,1.04,8,0,0,4,1,0,1,0.08,1,0,0,0,0,0,ar ARG,DF,Lanús,Copa de la Liga,32,1990,12.5,17,11,13,4,0,9,18,50.0,9,8,3,5,24,41,67,0,ar ARG,DF,Lanús,Copa de la Liga,32,1990,12.5,865,103,390,412,68,44,865,7,6,85.7,1,14.3,471,2658,2042,16,6,0,10,4,546,8,ar ARG,DF,Lanús,Copa de la Liga,32,1990,13,"1,124",86,89.2,12.5,13,86,12,0,0,0,0.85,8,12,-4,-0.32,+0.34,13.6,9.0,+4.6,+0.37,+1.83,ar ARG,DF,Lanús,Copa de la Liga,32,1990,12.5,2,1,0,11,13,0,3,24,11,0,0,1,68,64,23,73.6
Facundo Lencioni,ar ARG,"MF,FW",Belgrano,Copa de la Liga,21,2001,14,11,810,9.0,1,0,1,1,0,0,2,0,0.8,0.8,0.2,1.0,12,19,45,0.11,0.00,0.11,0.11,0.11,0.08,0.02,0.11,0.08,0.11,ar ARG,"MF,FW",Belgrano,Copa de la Liga,21,2001,9.0,1,11,4,36.4,1.22,0.44,0.09,0.25,18.9,0,0,0,0.8,0.8,0.07,+0.2,+0.2,ar ARG,"MF,FW",Belgrano,Copa de la Liga,21,2001,9.0,134,217,61.8,2129,649,77,102,75.5,46,73,63.0,11,26,42.3,0,0.2,0.2,-0.2,3,14,4,1,19,ar ARG,"MF,FW",Belgrano,Copa de la Liga,21,2001,9.0,217,199,17,1,0,1,20,9,7,0,3,0,134,1,9,ar ARG,"MF,FW",Belgrano,Copa de la Liga,21,2001,9.0,11,1.22,7,2,1,0,1,0,2,0.22,0,1,0,0,1,0,ar ARG,"MF,FW",Belgrano,Copa de la Liga,21,2001,9.0,17,9,9,7,1,7,17,41.2,10,12,0,12,8,25,12,1,ar ARG,"MF,FW",Belgrano,Copa de la Liga,21,2001,9.0,324,11,57,154,115,20,324,19,6,31.6,11,57.9,156,813,324,12,4,3,16,4,175,45,ar ARG,"MF,FW",Belgrano,Copa de la Liga,21,2001,14,810,58,64.3,9.0,11,67,1,3,23,0,1.40,18,12,+6,+0.67,+1.47,10.2,10.2,0.0,0.00,+0.72,ar ARG,"MF,FW",Belgrano,Copa de la Liga,21,2001,9.0,2,0,0,14,8,1,20,8,9,1,0,0,37,11,9,55.0
Alan Lescano,ar ARG,MF,Arg Juniors,Copa de la Liga,21,2001,9,2,275,3.1,0,0,0,0,0,0,2,1,0.2,0.2,0.5,0.7,3,15,22,0.00,0.00,0.00,0.00,0.00,0.06,0.16,0.21,0.06,0.21,ar ARG,MF,Arg Juniors,Copa de la Liga,21,2001,3.1,0,3,1,33.3,0.98,0.33,0.00,0.00,19.0,0,0,0,0.2,0.2,0.06,-0.2,-0.2,ar ARG,MF,Arg Juniors,Copa de la Liga,21,2001,3.1,105,135,77.8,1725,528,59,66,89.4,33,41,80.5,10,21,47.6,0,0.5,0.5,-0.5,4,10,6,1,15,ar ARG,MF,Arg Juniors,Copa de la Liga,21,2001,3.1,135,125,10,3,0,3,12,0,7,1,6,0,105,0,2,ar ARG,MF,Arg Juniors,Copa de la Liga,21,2001,3.1,8,2.61,6,2,0,0,0,0,0,0.00,0,0,0,0,0,0,ar ARG,MF,Arg Juniors,Copa de la Liga,21,2001,3.1,3,3,2,1,0,2,2,100.0,0,5,0,5,4,7,0,0,ar ARG,MF,Arg Juniors,Copa de la Liga,21,2001,3.1,163,0,12,98,53,4,163,7,4,57.1,3,42.9,107,437,174,3,2,1,6,2,122,22,ar ARG,MF,Arg Juniors,Copa de la Liga,21,2001,9,275,31,21.8,3.1,2,85,1,7,15,4,0.67,4,4,0,0.00,+0.37,2.7,4.7,-2.0,-0.64,-0.54,ar ARG,MF,Arg Juniors,Copa de la Liga,21,2001,3.1,2,1,1,3,2,0,12,4,3,0,0,0,14,1,3,25.0
Bruno Leyes,ar ARG,MF,Godoy Cruz,Copa de la Liga,21,2001,14,14,"1,104",12.3,0,0,0,0,0,0,3,0,0.1,0.1,0.1,0.1,0,48,1,0.00,0.00,0.00,0.00,0.00,0.00,0.00,0.01,0.00,0.01,ar ARG,MF,Godoy Cruz,Copa de la Liga,21,2001,12.3,0,4,1,25.0,0.33,0.08,0.00,0.00,29.4,0,0,0,0.1,0.1,0.01,-0.1,-0.1,ar ARG,MF,Godoy Cruz,Copa de la Liga,21,2001,12.3,356,470,75.7,7126,2638,131,157,83.4,159,191,83.2,61,99,61.6,0,0.1,0.1,-0.1,3,32,2,0,48,ar ARG,MF,Godoy Cruz,Copa de la Liga,21,2001,12.3,470,458,10,10,0,12,3,0,0,0,0,0,356,2,12,ar ARG,MF,Godoy Cruz,Copa de la Liga,21,2001,12.3,12,0.98,10,1,0,0,0,1,0,0.00,0,0,0,0,0,0,ar ARG,MF,Godoy Cruz,Copa de la Liga,21,2001,12.3,22,16,9,13,0,16,27,59.3,11,19,5,14,14,36,25,0,ar ARG,MF,Godoy Cruz,Copa de la Liga,21,2001,12.3,573,30,180,375,22,1,573,4,3,75.0,1,25.0,253,1030,453,0,4,0,8,6,308,1,ar ARG,MF,Godoy Cruz,Copa de la Liga,21,2001,14,"1,104",79,87.6,12.3,14,79,3,0,0,0,1.53,12,7,+5,+0.41,+0.41,13.9,10.8,+3.1,+0.25,-0.31,ar ARG,MF,Godoy Cruz,Copa de la Liga,21,2001,12.3,3,0,0,16,10,0,3,14,16,0,0,0,98,9,15,37.5
Nicolás Linares,ar ARG,MF,Instituto,Copa de la Liga,26,1996,11,10,774,8.6,0,0,0,0,0,0,0,0,0.3,0.3,0.1,0.4,2,22,0,0.00,0.00,0.00,0.00,0.00,0.03,0.02,0.04,0.03,0.04,ar ARG,MF,Instituto,Copa de la Liga,26,1996,8.6,0,4,0,0.0,0.47,0.00,0.00,0,19.8,0,0,0,0.3,0.3,0.06,-0.3,-0.3,ar ARG,MF,Instituto,Copa de la Liga,26,1996,8.6,221,293,75.4,3759,1257,104,127,81.9,88,107,82.2,23,44,52.3,0,0.1,0.1,-0.1,3,14,1,0,22,ar ARG,MF,Instituto,Copa de la Liga,26,1996,8.6,293,291,1,1,1,2,2,0,0,0,0,0,221,1,5,ar ARG,MF,Instituto,Copa de la Liga,26,1996,8.6,10,1.16,9,0,0,0,0,1,1,0.12,1,0,0,0,0,0,ar ARG,MF,Instituto,Copa de la Liga,26,1996,8.6,23,13,8,13,2,12,25,48.0,13,10,3,7,12,35,18,0,ar ARG,MF,Instituto,Copa de la Liga,26,1996,8.6,376,17,90,240,48,8,376,7,3,42.9,4,57.1,121,577,248,2,2,0,5,0,158,0,ar ARG,MF,Instituto,Copa de la Liga,26,1996,11,774,70,61.4,8.6,10,75,6,1,22,0,1.36,6,6,0,0.00,-0.74,6.7,6.8,-0.1,-0.01,-0.25,ar ARG,MF,Instituto,Copa de la Liga,26,1996,8.6,0,0,0,12,1,0,2,12,13,0,0,0,68,14,7,66.7
Francesco Lo Celso,ar ARG,"MF,FW",Rosario Central,Copa de la Liga,22,2000,5,0,65,0.7,0,0,0,0,0,0,0,0,0.0,0.0,0.0,0.0,3,5,8,0.00,0.00,0.00,0.00,0.00,0.04,0.00,0.04,0.04,0.04,ar ARG,"MF,FW",Rosario Central,Copa de la Liga,22,2000,0.7,0,1,0,0.0,1.38,0.00,0.00,0,29.8,0,0,0,0.0,0.0,0.03,0.0,0.0,ar ARG,"MF,FW",Rosario Central,Copa de la Liga,22,2000,0.7,35,44,79.5,700,90,10,10,100.0,20,22,90.9,4,7,57.1,0,0.0,0.0,0.0,0,6,0,0,5,ar ARG,"MF,FW",Rosario Central,Copa de la Liga,22,2000,0.7,44,43,1,1,0,2,2,0,0,0,0,0,35,0,3,ar ARG,"MF,FW",Rosario Central,Copa de la Liga,22,2000,0.7,2,2.77,0,0,1,0,1,0,0,0.00,0,0,0,0,0,0,ar ARG,"MF,FW",Rosario Central,Copa de la Liga,22,2000,0.7,1,1,0,1,0,0,1,0.0,1,0,0,0,0,1,2,0,ar ARG,"MF,FW",Rosario Central,Copa de la Liga,22,2000,0.7,56,1,4,38,15,0,56,2,1,50.0,1,50.0,35,213,107,3,0,0,1,0,39,8,ar ARG,"MF,FW",Rosario Central,Copa de la Liga,22,2000,5,65,13,5.2,0.7,0,0,0,5,13,9,1.20,0,0,0,0.00,-0.30,0.6,0.1,+0.5,+0.71,+1.09,ar ARG,"MF,FW",Rosario Central,Copa de la Liga,22,2000,0.7,0,0,0,0,2,0,2,0,1,0,0,0,6,1,2,33.3
Raúl Loaiza,co COL,MF,Lanús,Copa de la Liga,28,1994,12,10,906,10.1,0,0,0,0,0,0,1,0,0.4,0.4,0.6,1.1,10,51,19,0.00,0.00,0.00,0.00,0.00,0.04,0.06,0.11,0.04,0.11,co COL,MF,Lanús,Copa de la Liga,28,1994,10.1,0,6,3,50.0,0.60,0.30,0.00,0.00,17.3,0,0,0,0.4,0.4,0.07,-0.4,-0.4,co COL,MF,Lanús,Copa de la Liga,28,1994,10.1,343,396,86.6,5580,1786,163,177,92.1,151,164,92.1,19,30,63.3,0,0.6,0.2,-0.6,8,35,6,0,51,co COL,MF,Lanús,Copa de la Liga,28,1994,10.1,396,390,3,1,0,3,4,2,0,0,0,0,343,3,8,co COL,MF,Lanús,Copa de la Liga,28,1994,10.1,20,1.99,15,0,0,1,3,1,2,0.20,0,0,0,0,2,0,co COL,MF,Lanús,Copa de la Liga,28,1994,10.1,18,11,7,8,3,9,22,40.9,13,6,1,5,13,31,6,0,co COL,MF,Lanús,Copa de la Liga,28,1994,10.1,483,17,106,304,76,7,483,16,5,31.3,8,50.0,298,1358,646,10,12,0,12,10,312,19,co COL,MF,Lanús,Copa de la Liga,28,1994,12,906,76,71.9,10.1,10,83,5,2,37,0,0.92,6,8,-2,-0.20,+0.56,9.9,9.8,+0.1,+0.01,-0.58,co COL,MF,Lanús,Copa de la Liga,28,1994,10.1,1,0,0,20,17,1,4,13,11,0,0,0,70,2,14,12.5
Lenny Lobato,br BRA,"FW,MF",Vélez Sarsfield,Copa de la Liga,21,2001,6,0,74,0.8,0,0,0,0,0,0,0,0,0.1,0.1,0.1,0.2,3,0,9,0.00,0.00,0.00,0.00,0.00,0.08,0.15,0.23,0.08,0.23,br BRA,"FW,MF",Vélez Sarsfield,Copa de la Liga,21,2001,0.8,0,2,0,0.0,2.43,0.00,0.00,0,23.7,0,0,0,0.1,0.1,0.03,-0.1,-0.1,br BRA,"FW,MF",Vélez Sarsfield,Copa de la Liga,21,2001,0.8,20,32,62.5,287,44,13,14,92.9,7,13,53.8,0,3,0.0,0,0.1,0.0,-0.1,2,0,0,0,0,br BRA,"FW,MF",Vélez Sarsfield,Copa de la Liga,21,2001,0.8,32,28,4,1,0,0,7,0,0,0,0,0,20,0,2,br BRA,"FW,MF",Vélez Sarsfield,Copa de la Liga,21,2001,0.8,3,3.55,2,0,1,0,0,0,0,0.00,0,0,0,0,0,0,br BRA,"FW,MF",Vélez Sarsfield,Copa de la Liga,21,2001,0.8,2,2,0,2,0,0,2,0.0,2,1,0,1,0,2,2,0,br BRA,"FW,MF",Vélez Sarsfield,Copa de la Liga,21,2001,0.8,50,1,4,25,22,3,50,3,2,66.7,1,33.3,29,185,93,3,2,1,5,1,27,9,br BRA,"FW,MF",Vélez Sarsfield,Copa de la Liga,21,2001,6,74,12,5.9,0.8,0,0,0,6,12,8,0.67,1,3,-2,-2.43,-2.81,0.6,2.1,-1.5,-1.80,-1.78,br BRA,"FW,MF",Vélez Sarsfield,Copa de la Liga,21,2001,0.8,0,0,0,2,3,0,7,0,2,0,0,0,8,1,1,50.0
Gastón Lodico,ar ARG,MF,Instituto,Copa de la Liga,24,1998,14,14,"1,225",13.6,0,2,2,0,0,0,4,0,0.8,0.8,1.6,2.3,20,100,36,0.00,0.15,0.15,0.00,0.15,0.06,0.11,0.17,0.06,0.17,ar ARG,MF,Instituto,Copa de la Liga,24,1998,13.6,0,18,4,22.2,1.32,0.29,0.00,0.00,23.7,2,0,0,0.8,0.8,0.04,-0.8,-0.8,ar ARG,MF,Instituto,Copa de la Liga,24,1998,13.6,561,763,73.5,10813,3201,218,266,82.0,243,303,80.2,87,159,54.7,2,1.6,2.1,+0.4,18,89,13,5,100,ar ARG,MF,Instituto,Copa de la Liga,24,1998,13.6,763,686,74,19,3,11,78,6,39,13,26,0,561,3,15,ar ARG,MF,Instituto,Copa de la Liga,24,1998,13.6,47,3.45,25,12,2,5,1,2,3,0.22,1,2,0,0,0,0,ar ARG,MF,Instituto,Copa de la Liga,24,1998,13.6,36,26,17,14,5,15,41,36.6,26,25,2,23,22,58,9,0,ar ARG,MF,Instituto,Copa de la Liga,24,1998,13.6,933,18,149,534,258,12,933,31,15,48.4,14,45.2,444,2079,970,20,12,2,28,7,503,36,ar ARG,MF,Instituto,Copa de la Liga,24,1998,14,"1,225",88,97.2,13.6,14,88,8,0,0,0,1.43,9,6,+3,+0.22,-2.35,11.9,11.2,+0.7,+0.05,-1.05,ar ARG,MF,Instituto,Copa de la Liga,24,1998,13.6,4,0,0,7,12,0,78,22,26,0,0,0,129,9,10,47.4
Luciano Lollo,ar ARG,DF,Estudiantes–LP,Copa de la Liga,35,1987,2,2,144,1.6,0,0,0,0,0,0,1,0,0.1,0.1,0.0,0.1,0,9,1,0.00,0.00,0.00,0.00,0.00,0.04,0.00,0.04,0.04,0.04,ar ARG,DF,Estudiantes–LP,Copa de la Liga,35,1987,1.6,0,1,0,0.0,0.62,0.00,0.00,0,9.5,0,0,0,0.1,0.1,0.06,-0.1,-0.1,ar ARG,DF,Estudiantes–LP,Copa de la Liga,35,1987,1.6,77,94,81.9,1739,744,17,20,85.0,45,51,88.2,14,19,73.7,0,0.0,0.3,0.0,0,4,1,0,9,ar ARG,DF,Estudiantes–LP,Copa de la Liga,35,1987,1.6,94,91,2,2,1,1,0,0,0,0,0,0,77,1,1,ar ARG,DF,Estudiantes–LP,Copa de la Liga,35,1987,1.6,3,1.87,3,0,0,0,0,0,1,0.62,1,0,0,0,0,0,ar ARG,DF,Estudiantes–LP,Copa de la Liga,35,1987,1.6,1,0,1,0,0,1,2,50.0,1,2,2,0,3,4,11,0,ar ARG,DF,Estudiantes–LP,Copa de la Liga,35,1987,1.6,114,13,63,50,2,1,114,1,1,100.0,0,0.0,68,285,182,0,0,0,1,0,72,1,ar ARG,DF,Estudiantes–LP,Copa de la Liga,35,1987,2,144,72,11.4,1.6,2,72,1,0,0,1,0.00,1,4,-3,-1.87,-1.96,1.7,3.1,-1.3,-0.84,-1.32,ar ARG,DF,Estudiantes–LP,Copa de la Liga,35,1987,1.6,1,0,0,2,1,0,0,3,0,0,0,0,8,6,1,85.7
Kevin Lomónaco,ar ARG,DF,Tigre,Copa de la Liga,21,2002,1,1,84,0.9,0,0,0,0,0,0,0,0,0.1,0.1,0.0,0.1,2,1,0,0.00,0.00,0.00,0.00,0.00,0.09,0.00,0.09,0.09,0.09,ar ARG,DF,Tigre,Copa de la Liga,21,2002,0.9,0,2,1,50.0,2.14,1.07,0.00,0.00,16.5,0,0,0,0.1,0.1,0.04,-0.1,-0.1,ar ARG,DF,Tigre,Copa de la Liga,21,2002,0.9,49,56,87.5,882,275,21,22,95.5,22,23,95.7,6,10,60.0,0,0.0,0.0,0.0,0,2,1,1,1,ar ARG,DF,Tigre,Copa de la Liga,21,2002,0.9,56,55,1,1,0,1,1,0,0,0,0,0,49,0,1,ar ARG,DF,Tigre,Copa de la Liga,21,2002,0.9,1,1.07,1,0,0,0,0,0,0,0.00,0,0,0,0,0,0,ar ARG,DF,Tigre,Copa de la Liga,21,2002,0.9,0,0,0,0,0,0,0,0,0,0,0,0,0,0,1,1,ar ARG,DF,Tigre,Copa de la Liga,21,2002,0.9,60,1,20,34,6,2,60,1,1,100.0,0,0.0,46,403,323,2,1,0,1,0,48,0,ar ARG,DF,Tigre,Copa de la Liga,21,2002,1,84,84,6.7,0.9,1,84,0,0,0,5,1.00,0,0,0,0.00,+0.38,1.1,0.2,+0.9,+1.00,+0.88,ar ARG,DF,Tigre,Copa de la Liga,21,2002,0.9,0,0,0,0,0,0,1,0,0,0,0,0,5,3,2,60.0
Flabián Londoño,co COL,FW,Arsenal,Copa de la Liga,22,2000,7,5,356,4.0,0,0,0,0,0,0,1,0,0.4,0.4,0.1,0.5,2,0,22,0.00,0.00,0.00,0.00,0.00,0.11,0.01,0.13,0.11,0.13,co COL,FW,Arsenal,Copa de la Liga,22,2000,4.0,0,6,3,50.0,1.52,0.76,0.00,0.00,10.0,0,0,0,0.4,0.4,0.07,-0.4,-0.4,co COL,FW,Arsenal,Copa de la Liga,22,2000,4.0,46,71,64.8,505,61,28,42,66.7,10,13,76.9,0,0,0,0,0.1,0.1,-0.1,2,0,0,0,0,co COL,FW,Arsenal,Copa de la Liga,22,2000,4.0,71,67,4,0,0,0,0,1,0,0,0,0,46,0,2,co COL,FW,Arsenal,Copa de la Liga,22,2000,4.0,4,1.01,2,0,0,1,1,0,0,0.00,0,0,0,0,0,0,co COL,FW,Arsenal,Copa de la Liga,22,2000,4.0,2,1,0,1,1,1,5,20.0,4,2,0,2,0,2,5,0,co COL,FW,Arsenal,Copa de la Liga,22,2000,4.0,124,5,6,48,71,17,124,3,1,33.3,2,66.7,58,154,28,2,3,0,23,2,88,22,co COL,FW,Arsenal,Copa de la Liga,22,2000,7,356,51,28.3,4.0,5,62,1,2,24,4,0.71,2,4,-2,-0.51,-0.21,2.9,5.2,-2.3,-0.58,-0.70,co COL,FW,Arsenal,Copa de la Liga,22,2000,4.0,1,0,0,8,3,2,0,0,1,0,0,0,6,22,24,47.8
Santiago Longo,ar ARG,MF,Belgrano,Copa de la Liga,24,1998,14,14,"1,260",14.0,0,0,0,0,0,0,2,0,0.2,0.2,0.2,0.3,6,85,1,0.00,0.00,0.00,0.00,0.00,0.01,0.01,0.02,0.01,0.02,ar ARG,MF,Belgrano,Copa de la Liga,24,1998,14.0,0,8,1,12.5,0.57,0.07,0.00,0.00,29.9,0,0,0,0.2,0.2,0.02,-0.2,-0.2,ar ARG,MF,Belgrano,Copa de la Liga,24,1998,14.0,529,676,78.3,10757,3483,178,205,86.8,255,310,82.3,85,128,66.4,0,0.2,0.3,-0.2,5,43,4,1,85,ar ARG,MF,Belgrano,Copa de la Liga,24,1998,14.0,676,649,27,24,0,11,1,3,0,0,0,0,529,0,16,ar ARG,MF,Belgrano,Copa de la Liga,24,1998,14.0,15,1.07,13,0,0,1,0,1,1,0.07,0,0,0,1,0,0,ar ARG,MF,Belgrano,Copa de la Liga,24,1998,14.0,41,23,20,19,2,19,48,39.6,29,24,1,23,23,64,18,0,ar ARG,MF,Belgrano,Copa de la Liga,24,1998,14.0,824,16,246,535,51,0,824,9,4,44.4,4,44.4,376,1884,859,6,2,0,13,5,435,1,ar ARG,MF,Belgrano,Copa de la Liga,24,1998,14,"1,260",90,100.0,14.0,14,90,14,0,0,0,1.40,20,18,+2,+0.14,0,13.9,17.5,-3.6,-0.26,0,ar ARG,MF,Belgrano,Copa de la Liga,24,1998,14.0,2,0,0,12,2,0,1,23,23,0,0,0,130,6,19,24.0
Elías López,ar ARG,"DF,MF",Arsenal,Copa de la Liga,22,2000,3,0,72,0.8,0,0,0,0,0,0,0,0,0.0,0.0,0.2,0.2,0,1,1,0.00,0.00,0.00,0.00,0.00,0.03,0.22,0.25,0.03,0.25,ar ARG,"DF,MF",Arsenal,Copa de la Liga,22,2000,0.8,0,1,0,0.0,1.25,0.00,0.00,0,36.1,1,0,0,0.0,0.0,0.03,0.0,0.0,ar ARG,"DF,MF",Arsenal,Copa de la Liga,22,2000,0.8,13,17,76.5,307,178,4,5,80.0,4,5,80.0,4,6,66.7,0,0.2,0.1,-0.2,2,2,1,1,1,ar ARG,"DF,MF",Arsenal,Copa de la Liga,22,2000,0.8,17,15,2,0,0,1,3,1,1,0,1,0,13,0,0,ar ARG,"DF,MF",Arsenal,Copa de la Liga,22,2000,0.8,2,2.50,2,0,0,0,0,0,0,0.00,0,0,0,0,0,0,ar ARG,"DF,MF",Arsenal,Copa de la Liga,22,2000,0.8,1,1,1,0,0,1,4,25.0,3,1,0,1,0,1,2,0,ar ARG,"DF,MF",Arsenal,Copa de la Liga,22,2000,0.8,27,2,12,7,8,1,27,0,0,0,0,0,14,34,17,0,0,0,2,0,10,1,ar ARG,"DF,MF",Arsenal,Copa de la Liga,22,2000,3,72,24,5.7,0.8,0,0,0,3,24,1,1.67,0,0,0,0.00,+0.38,0.3,0.5,-0.2,-0.22,-0.15,ar ARG,"DF,MF",Arsenal,Copa de la Liga,22,2000,0.8,0,0,0,0,0,0,3,0,1,0,0,0,4,1,0,100.0
Julián López,ar ARG,"MF,DF",Defensa y Just,Copa de la Liga,23,2000,11,9,764,8.5,0,0,0,0,0,0,4,0,0.1,0.1,0.4,0.5,7,27,4,0.00,0.00,0.00,0.00,0.00,0.01,0.05,0.06,0.01,0.06,ar ARG,"MF,DF",Defensa y Just,Copa de la Liga,23,2000,8.5,0,3,0,0.0,0.35,0.00,0.00,0,25.1,0,0,0,0.1,0.1,0.03,-0.1,-0.1,ar ARG,"MF,DF",Defensa y Just,Copa de la Liga,23,2000,8.5,283,363,78.0,5577,1751,113,129,87.6,119,146,81.5,47,76,61.8,0,0.4,0.5,-0.4,3,33,3,1,27,ar ARG,"MF,DF",Defensa y Just,Copa de la Liga,23,2000,8.5,363,345,18,16,1,4,5,2,0,0,0,0,283,0,6,ar ARG,"MF,DF",Defensa y Just,Copa de la Liga,23,2000,8.5,8,0.94,8,0,0,0,0,0,0,0.00,0,0,0,0,0,0,ar ARG,"MF,DF",Defensa y Just,Copa de la Liga,23,2000,8.5,17,11,9,8,0,11,33,33.3,22,8,1,7,15,32,26,1,ar ARG,"MF,DF",Defensa y Just,Copa de la Liga,23,2000,8.5,451,32,142,277,40,5,451,19,11,57.9,7,36.8,246,1382,627,7,6,1,9,4,267,4,ar ARG,"MF,DF",Defensa y Just,Copa de la Liga,23,2000,11,764,69,60.6,8.5,9,79,4,2,29,1,1.18,7,7,0,0.00,+0.73,8.7,13.0,-4.3,-0.51,+0.26,ar ARG,"MF,DF",Defensa y Just,Copa de la Liga,23,2000,8.5,4,0,0,12,9,0,5,15,11,0,0,0,57,8,5,61.5
Kevin Lopez,ar ARG,MF,Independiente,Copa de la Liga,21,2001,6,1,200,2.2,0,1,1,0,0,0,1,0,0.3,0.3,0.3,0.5,5,21,9,0.00,0.45,0.45,0.00,0.45,0.11,0.13,0.24,0.11,0.24,ar ARG,MF,Independiente,Copa de la Liga,21,2001,2.2,0,6,2,33.3,2.70,0.90,0.00,0.00,27.7,1,0,0,0.3,0.3,0.04,-0.3,-0.3,ar ARG,MF,Independiente,Copa de la Liga,21,2001,2.2,122,158,77.2,2085,631,60,66,90.9,42,56,75.0,15,28,53.6,1,0.3,0.4,+0.7,2,22,2,0,21,ar ARG,MF,Independiente,Copa de la Liga,21,2001,2.2,158,138,20,8,0,1,15,1,11,5,6,0,122,0,0,ar ARG,MF,Independiente,Copa de la Liga,21,2001,2.2,7,3.12,4,2,0,1,0,0,1,0.45,0,1,0,0,0,0,ar ARG,MF,Independiente,Copa de la Liga,21,2001,2.2,4,4,1,3,0,0,4,0.0,4,1,0,1,0,4,2,0,ar ARG,MF,Independiente,Copa de la Liga,21,2001,2.2,183,2,12,114,58,1,183,3,2,66.7,1,33.3,130,735,262,5,7,0,6,6,127,9,ar ARG,MF,Independiente,Copa de la Liga,21,2001,6,200,33,15.9,2.2,1,74,0,5,25,8,1.67,5,4,+1,+0.45,+0.20,3.9,2.7,+1.2,+0.53,-0.04,ar ARG,MF,Independiente,Copa de la Liga,21,2001,2.2,1,0,0,3,3,0,15,0,4,0,0,0,14,4,5,44.4
Lautaro López,ar ARG,MF,Defensa y Just,Copa de la Liga,17,2005,5,3,207,2.3,0,0,0,0,0,0,1,0,0.1,0.1,0.1,0.1,2,12,0,0.00,0.00,0.00,0.00,0.00,0.03,0.02,0.05,0.03,0.05,ar ARG,MF,Defensa y Just,Copa de la Liga,17,2005,2.3,0,2,0,0.0,0.87,0.00,0.00,0,25.7,0,0,0,0.1,0.1,0.03,-0.1,-0.1,ar ARG,MF,Defensa y Just,Copa de la Liga,17,2005,2.3,99,124,79.8,1743,449,46,57,80.7,39,46,84.8,12,15,80.0,0,0.1,0.1,-0.1,1,9,1,0,12,ar ARG,MF,Defensa y Just,Copa de la Liga,17,2005,2.3,124,118,5,5,0,0,0,0,0,0,0,0,99,1,1,ar ARG,MF,Defensa y Just,Copa de la Liga,17,2005,2.3,4,1.74,2,0,0,1,0,1,0,0.00,0,0,0,0,0,0,ar ARG,MF,Defensa y Just,Copa de la Liga,17,2005,2.3,5,4,3,1,1,2,7,28.6,5,1,0,1,4,9,3,0,ar ARG,MF,Defensa y Just,Copa de la Liga,17,2005,2.3,146,7,42,88,16,0,146,0,0,0,0,0,68,346,217,2,2,0,4,3,93,0,ar ARG,MF,Defensa y Just,Copa de la Liga,17,2005,5,207,41,16.4,2.3,3,52,0,2,26,6,0.20,2,4,-2,-0.87,-0.70,2.4,4.6,-2.2,-0.97,-0.43,ar ARG,MF,Defensa y Just,Copa de la Liga,17,2005,2.3,1,0,0,4,1,0,0,4,4,0,0,0,9,5,4,55.6
Lisandro López,ar ARG,FW,Sarmiento,Copa de la Liga,39,1983,4,4,241,2.7,0,0,0,0,0,0,0,0,0.1,0.1,0.0,0.1,1,4,9,0.00,0.00,0.00,0.00,0.00,0.05,0.00,0.05,0.05,0.05,ar ARG,FW,Sarmiento,Copa de la Liga,39,1983,2.7,0,3,2,66.7,1.12,0.75,0.00,0.00,15.5,0,0,0,0.1,0.1,0.05,-0.1,-0.1,ar ARG,FW,Sarmiento,Copa de la Liga,39,1983,2.7,36,59,61.0,489,93,21,27,77.8,13,22,59.1,1,4,25.0,0,0.0,0.1,0.0,0,1,1,0,4,ar ARG,FW,Sarmiento,Copa de la Liga,39,1983,2.7,59,54,5,0,0,0,3,0,0,0,0,0,36,0,4,ar ARG,FW,Sarmiento,Copa de la Liga,39,1983,2.7,2,0.75,1,1,0,0,0,0,0,0.00,0,0,0,0,0,0,ar ARG,FW,Sarmiento,Copa de la Liga,39,1983,2.7,2,1,1,1,0,2,3,66.7,1,2,0,2,2,4,3,0,ar ARG,FW,Sarmiento,Copa de la Liga,39,1983,2.7,80,3,9,43,28,5,80,5,3,60.0,2,40.0,42,157,45,1,3,0,5,1,50,9,ar ARG,FW,Sarmiento,Copa de la Liga,39,1983,4,241,60,19.1,2.7,4,60,0,0,0,1,1.75,4,2,+2,+0.75,+0.92,1.5,3.0,-1.5,-0.56,-0.12,ar ARG,FW,Sarmiento,Copa de la Liga,39,1983,2.7,0,0,0,2,3,1,3,2,1,0,0,0,5,3,6,33.3
Hernán López Muñoz,ar ARG,MF,Godoy Cruz,Copa de la Liga,22,2000,13,13,"1,093",12.1,2,2,4,2,0,0,2,0,3.1,3.1,2.7,5.8,34,62,64,0.16,0.16,0.33,0.16,0.33,0.26,0.22,0.48,0.26,0.48,ar ARG,MF,Godoy Cruz,Copa de la Liga,22,2000,12.1,2,24,7,29.2,1.98,0.58,0.08,0.29,26.6,1,0,0,3.1,3.1,0.13,-1.1,-1.1,ar ARG,MF,Godoy Cruz,Copa de la Liga,22,2000,12.1,268,404,66.3,4915,1687,119,152,78.3,100,125,80.0,37,79,46.8,2,2.7,1.9,-0.7,20,51,13,5,62,ar ARG,MF,Godoy Cruz,Copa de la Liga,22,2000,12.1,404,372,29,9,4,11,27,4,15,3,7,0,268,3,16,ar ARG,MF,Godoy Cruz,Copa de la Liga,22,2000,12.1,59,4.85,33,3,10,1,8,4,6,0.49,3,0,2,0,0,1,ar ARG,MF,Godoy Cruz,Copa de la Liga,22,2000,12.1,19,11,1,9,9,4,14,28.6,10,7,0,7,11,30,1,0,ar ARG,MF,Godoy Cruz,Copa de la Liga,22,2000,12.1,639,0,31,385,244,28,639,100,41,41.0,49,49.0,378,2470,1202,34,32,8,68,35,454,64,ar ARG,MF,Godoy Cruz,Copa de la Liga,22,2000,13,"1,093",84,86.7,12.1,13,84,6,0,0,0,1.53,13,6,+7,+0.58,+1.65,14.1,10.6,+3.5,+0.29,-0.03,ar ARG,MF,Godoy Cruz,Copa de la Liga,22,2000,12.1,2,0,0,20,34,0,27,11,11,0,0,0,82,10,12,45.5
Renzo López,uy URU,FW,Tigre,Copa de la Liga,28,1994,7,4,397,4.4,0,0,0,0,0,0,1,0,1.1,1.1,0.1,1.2,4,9,19,0.00,0.00,0.00,0.00,0.00,0.25,0.02,0.27,0.25,0.27,uy URU,FW,Tigre,Copa de la Liga,28,1994,4.4,0,9,1,11.1,2.04,0.23,0.00,0.00,12.8,0,0,0,1.1,1.1,0.12,-1.1,-1.1,uy URU,FW,Tigre,Copa de la Liga,28,1994,4.4,48,96,50.0,729,165,26,45,57.8,18,36,50.0,3,4,75.0,0,0.1,0.2,-0.1,3,4,2,0,9,uy URU,FW,Tigre,Copa de la Liga,28,1994,4.4,96,87,9,0,0,1,1,0,0,0,0,0,48,0,2,uy URU,FW,Tigre,Copa de la Liga,28,1994,4.4,8,1.81,7,0,0,0,1,0,0,0.00,0,0,0,0,0,0,uy URU,FW,Tigre,Copa de la Liga,28,1994,4.4,3,1,0,2,1,1,2,50.0,1,5,1,4,2,5,6,0,uy URU,FW,Tigre,Copa de la Liga,28,1994,4.4,145,8,11,63,72,15,145,3,1,33.3,2,66.7,63,217,89,4,4,3,14,0,101,19,uy URU,FW,Tigre,Copa de la Liga,28,1994,7,397,57,31.5,4.4,4,84,3,3,20,0,0.86,3,7,-4,-0.91,-0.80,3.7,4.7,-1.0,-0.23,-0.60,uy URU,FW,Tigre,Copa de la Liga,28,1994,4.4,1,0,0,7,1,8,1,2,1,0,0,0,7,32,24,57.1
Nahuel Losada,ar ARG,GK,Belgrano,Copa de la Liga,29,1993,14,14,"1,260",14.0,0,0,0,0,0,0,4,0,0.0,0.0,0.0,0.0,0,0,0,0.00,0.00,0.00,0.00,0.00,0.00,0.00,0.00,0.00,0.00,ar ARG,GK,Belgrano,Copa de la Liga,29,1993,14.0,0,0,0,0,0.00,0.00,0,0,0,0,0,0,0.0,0.0,0,0.0,0.0,ar ARG,GK,Belgrano,Copa de la Liga,29,1993,14.0,347,495,70.1,10563,7497,29,29,100.0,201,202,99.5,117,260,45.0,0,0.0,0.0,0.0,0,13,0,0,0,ar ARG,GK,Belgrano,Copa de la Liga,29,1993,14.0,495,332,160,29,0,1,0,0,0,0,0,0,347,3,0,ar ARG,GK,Belgrano,Copa de la Liga,29,1993,14.0,4,0.29,2,2,0,0,0,0,0,0.00,0,0,0,0,0,0,ar ARG,GK,Belgrano,Copa de la Liga,29,1993,14.0,0,0,0,0,0,0,2,0.0,2,0,0,0,0,0,3,1,ar ARG,GK,Belgrano,Copa de la Liga,29,1993,14.0,526,451,525,1,0,0,526,0,0,0,0,0,274,1429,800,0,0,0,1,0,218,0,ar ARG,GK,Belgrano,Copa de la Liga,29,1993,14,"1,260",90,100.0,14.0,14,90,14,0,0,0,1.40,20,18,+2,+0.14,0,13.9,17.5,-3.6,-0.26,0,ar ARG,GK,Belgrano,Copa de la Liga,29,1993,14.0,4,0,0,0,3,0,0,0,0,0,0,0,12,4,0,100.0
Augusto Lotti,it ITA,"FW,MF",Lanús,Copa de la Liga,26,1996,10,3,329,3.7,1,0,1,1,0,0,1,0,1.3,1.2,1.0,2.2,4,12,24,0.27,0.00,0.27,0.27,0.27,0.37,0.27,0.64,0.34,0.61,it ITA,"FW,MF",Lanús,Copa de la Liga,26,1996,3.7,1,8,5,62.5,2.19,1.37,0.13,0.20,15.7,0,0,0,1.3,1.2,0.16,-0.3,-0.2,it ITA,"FW,MF",Lanús,Copa de la Liga,26,1996,3.7,70,96,72.9,1041,280,36,44,81.8,28,36,77.8,3,8,37.5,0,1.0,0.4,-1.0,6,6,6,2,12,it ITA,"FW,MF",Lanús,Copa de la Liga,26,1996,3.7,96,93,3,0,1,1,9,1,0,0,0,0,70,0,3,it ITA,"FW,MF",Lanús,Copa de la Liga,26,1996,3.7,13,3.57,11,0,0,1,0,1,0,0.00,0,0,0,0,0,0,it ITA,"FW,MF",Lanús,Copa de la Liga,26,1996,3.7,2,2,1,1,0,1,4,25.0,3,2,0,2,3,5,1,0,it ITA,"FW,MF",Lanús,Copa de la Liga,26,1996,3.7,140,1,10,65,70,16,140,8,5,62.5,3,37.5,95,474,173,4,5,1,15,5,94,24,it ITA,"FW,MF",Lanús,Copa de la Liga,26,1996,10,329,33,26.1,3.7,3,54,0,7,24,3,0.80,2,6,-4,-1.09,-1.00,5.6,4.9,+0.6,+0.17,0.00,it ITA,"FW,MF",Lanús,Copa de la Liga,26,1996,3.7,1,0,0,3,0,0,9,3,2,0,0,0,19,2,9,18.2
Maximiliano Lovera,ar ARG,"FW,MF",Rosario Central,Copa de la Liga,23,1999,8,5,482,5.4,1,0,1,0,1,1,1,0,1.4,0.6,0.7,1.3,13,19,23,0.19,0.00,0.19,0.00,0.00,0.26,0.12,0.39,0.12,0.24,ar ARG,"FW,MF",Rosario Central,Copa de la Liga,23,1999,5.4,1,11,1,9.1,2.05,0.19,0.00,0.00,25.6,1,1,1,1.4,0.6,0.06,-0.4,-0.6,ar ARG,"FW,MF",Rosario Central,Copa de la Liga,23,1999,5.4,117,165,70.9,2137,722,51,59,86.4,46,63,73.0,16,32,50.0,0,0.7,0.6,-0.7,10,15,5,1,19,ar ARG,"FW,MF",Rosario Central,Copa de la Liga,23,1999,5.4,165,141,22,10,1,1,29,3,9,1,8,0,117,2,4,ar ARG,"FW,MF",Rosario Central,Copa de la Liga,23,1999,5.4,18,3.36,11,5,1,0,1,0,0,0.00,0,0,0,0,0,0,ar ARG,"FW,MF",Rosario Central,Copa de la Liga,23,1999,5.4,7,6,2,4,1,1,5,20.0,4,3,0,3,3,10,3,0,ar ARG,"FW,MF",Rosario Central,Copa de la Liga,23,1999,5.4,220,0,29,103,89,6,219,21,9,42.9,8,38.1,140,945,380,13,13,1,10,8,144,23,ar ARG,"FW,MF",Rosario Central,Copa de la Liga,23,1999,8,482,60,38.3,5.4,5,76,1,3,34,0,1.82,7,2,+5,+0.93,+1.05,6.0,4.7,+1.3,+0.24,+0.92,ar ARG,"FW,MF",Rosario Central,Copa de la Liga,23,1999,5.4,1,0,0,4,10,0,29,3,6,0,0,0,25,1,5,16.7
Raúl Lozano,ar ARG,DF,Platense,Copa de la Liga,25,1997,11,11,871,9.7,0,0,0,0,0,0,0,0,0.3,0.3,1.2,1.5,12,35,35,0.00,0.00,0.00,0.00,0.00,0.03,0.12,0.15,0.03,0.15,ar ARG,DF,Platense,Copa de la Liga,25,1997,9.7,0,12,3,25.0,1.24,0.31,0.00,0.00,22.8,0,0,0,0.3,0.3,0.03,-0.3,-0.3,ar ARG,DF,Platense,Copa de la Liga,25,1997,9.7,241,373,64.6,4130,2510,128,147,87.1,82,130,63.1,27,74,36.5,0,1.2,1.0,-1.2,11,30,12,10,35,ar ARG,DF,Platense,Copa de la Liga,25,1997,9.7,373,273,100,1,0,3,40,99,0,0,0,0,241,0,12,ar ARG,DF,Platense,Copa de la Liga,25,1997,9.7,20,2.07,15,1,1,2,1,0,1,0.10,1,0,0,0,0,0,ar ARG,DF,Platense,Copa de la Liga,25,1997,9.7,27,17,14,10,3,13,28,46.4,15,10,3,7,13,40,20,1,ar ARG,DF,Platense,Copa de la Liga,25,1997,9.7,493,19,137,210,150,7,493,17,3,17.6,14,82.4,181,1115,617,12,14,1,15,6,194,35,ar ARG,DF,Platense,Copa de la Liga,25,1997,11,871,79,69.1,9.7,11,79,9,0,0,1,1.36,8,10,-2,-0.21,+0.02,9.2,10.1,-0.9,-0.10,+0.21,ar ARG,DF,Platense,Copa de la Liga,25,1997,9.7,0,0,0,12,3,0,40,13,17,0,0,0,58,5,8,38.5
Jeremías Lucco,ar ARG,MF,Belgrano,Copa de la Liga,17,2005,1,0,27,0.3,0,0,0,0,0,0,0,0,0.0,0.0,0.0,0.0,2,1,1,0.00,0.00,0.00,0.00,0.00,0.00,0.00,0.00,0.00,0.00,ar ARG,MF,Belgrano,Copa de la Liga,17,2005,0.3,0,0,0,0,0.00,0.00,0,0,0,0,0,0,0.0,0.0,0,0.0,0.0,ar ARG,MF,Belgrano,Copa de la Liga,17,2005,0.3,12,15,80.0,144,27,7,10,70.0,4,4,100.0,0,0,0,0,0.0,0.0,0.0,0,0,0,0,1,ar ARG,MF,Belgrano,Copa de la Liga,17,2005,0.3,15,15,0,0,0,0,0,0,0,0,0,0,12,0,0,ar ARG,MF,Belgrano,Copa de la Liga,17,2005,0.3,1,3.33,1,0,0,0,0,0,1,3.33,1,0,0,0,0,0,ar ARG,MF,Belgrano,Copa de la Liga,17,2005,0.3,2,1,2,0,0,0,1,0.0,1,0,0,0,0,2,0,0,ar ARG,MF,Belgrano,Copa de la Liga,17,2005,0.3,20,0,4,15,2,0,20,0,0,0,0,0,16,85,58,2,0,0,2,0,12,1,ar ARG,MF,Belgrano,Copa de la Liga,17,2005,1,27,27,2.1,0.3,0,0,0,1,27,1,0.00,1,2,-1,-3.33,-3.55,0.2,0.4,-0.2,-0.64,-0.39,ar ARG,MF,Belgrano,Copa de la Liga,17,2005,0.3,0,0,0,0,0,0,0,0,1,0,0,0,5,0,0,0
Daniel Lucero,ar ARG,DF,Arsenal,Copa de la Liga,20,2002,2,1,58,0.6,0,0,0,0,0,0,0,0,0.0,0.0,0.0,0.0,3,2,6,0.00,0.00,0.00,0.00,0.00,0.03,0.04,0.07,0.03,0.07,ar ARG,DF,Arsenal,Copa de la Liga,20,2002,0.6,0,1,0,0.0,1.55,0.00,0.00,0,22.7,0,0,0,0.0,0.0,0.02,0.0,0.0,ar ARG,DF,Arsenal,Copa de la Liga,20,2002,0.6,17,34,50.0,300,151,8,10,80.0,5,15,33.3,3,7,42.9,0,0.0,0.1,0.0,1,2,2,2,2,ar ARG,DF,Arsenal,Copa de la Liga,20,2002,0.6,34,22,12,1,0,0,8,11,0,0,0,0,17,0,1,ar ARG,DF,Arsenal,Copa de la Liga,20,2002,0.6,1,1.55,1,0,0,0,0,0,0,0.00,0,0,0,0,0,0,ar ARG,DF,Arsenal,Copa de la Liga,20,2002,0.6,0,0,0,0,0,0,0,0,0,1,0,1,0,0,1,0,ar ARG,DF,Arsenal,Copa de la Liga,20,2002,0.6,39,2,9,15,15,0,39,0,0,0,0,0,16,131,87,3,0,0,1,1,15,6,ar ARG,DF,Arsenal,Copa de la Liga,20,2002,2,58,29,4.6,0.6,1,57,0,1,1,5,0.00,0,1,-1,-1.55,-1.25,0.3,1.0,-0.7,-1.04,-1.00,ar ARG,DF,Arsenal,Copa de la Liga,20,2002,0.6,0,0,0,3,0,2,8,0,0,0,0,0,4,0,0,0
Esteban Lucero,ar ARG,DF,Defensa y Just,Copa de la Liga,17,2005,1,1,90,1.0,0,0,0,0,0,0,0,0,0.0,0.0,0.0,0.0,0,2,0,0.00,0.00,0.00,0.00,0.00,0.00,0.00,0.00,0.00,0.00,ar ARG,DF,Defensa y Just,Copa de la Liga,17,2005,1.0,0,0,0,0,0.00,0.00,0,0,0,0,0,0,0.0,0.0,0,0.0,0.0,ar ARG,DF,Defensa y Just,Copa de la Liga,17,2005,1.0,48,59,81.4,1069,388,12,16,75.0,30,35,85.7,6,8,75.0,0,0.0,0.0,0.0,0,2,0,0,2,ar ARG,DF,Defensa y Just,Copa de la Liga,17,2005,1.0,59,59,0,0,0,1,0,0,0,0,0,0,48,0,0,ar ARG,DF,Defensa y Just,Copa de la Liga,17,2005,1.0,0,0.00,0,0,0,0,0,0,0,0.00,0,0,0,0,0,0,ar ARG,DF,Defensa y Just,Copa de la Liga,17,2005,1.0,2,2,2,0,0,0,1,0.0,1,1,0,1,1,3,3,0,ar ARG,DF,Defensa y Just,Copa de la Liga,17,2005,1.0,65,4,43,23,0,0,65,0,0,0,0,0,31,139,85,0,0,0,0,0,41,0,ar ARG,DF,Defensa y Just,Copa de la Liga,17,2005,1,90,90,7.1,1.0,1,90,1,0,0,6,0.00,1,2,-1,-1.00,-0.77,0.5,0.9,-0.4,-0.41,+0.21,ar ARG,DF,Defensa y Just,Copa de la Liga,17,2005,1.0,0,0,0,0,1,0,0,1,2,0,0,0,7,5,0,100.0
Martín Luciano,ar ARG,"DF,MF",Godoy Cruz,Copa de la Liga,19,2003,2,0,33,0.4,0,0,0,0,0,0,1,0,0.0,0.0,0.0,0.0,0,1,0,0.00,0.00,0.00,0.00,0.00,0.00,0.00,0.00,0.00,0.00,ar ARG,"DF,MF",Godoy Cruz,Copa de la Liga,19,2003,0.4,0,0,0,0,0.00,0.00,0,0,0,0,0,0,0.0,0.0,0,0.0,0.0,ar ARG,"DF,MF",Godoy Cruz,Copa de la Liga,19,2003,0.4,8,10,80.0,139,101,3,3,100.0,3,4,75.0,2,3,66.7,0,0.0,0.1,0.0,0,1,1,0,1,ar ARG,"DF,MF",Godoy Cruz,Copa de la Liga,19,2003,0.4,10,6,4,0,0,0,0,4,0,0,0,0,8,0,0,ar ARG,"DF,MF",Godoy Cruz,Copa de la Liga,19,2003,0.4,0,0.00,0,0,0,0,0,0,0,0.00,0,0,0,0,0,0,ar ARG,"DF,MF",Godoy Cruz,Copa de la Liga,19,2003,0.4,1,0,0,1,0,1,1,100.0,0,0,0,0,1,2,3,0,ar ARG,"DF,MF",Godoy Cruz,Copa de la Liga,19,2003,0.4,16,2,9,6,1,0,16,0,0,0,0,0,3,9,0,0,0,0,1,0,4,0,ar ARG,DF,Newell's OB,Copa de la Liga,19,2003,0,0,0,0,0,0,0,0,0,0,1,0,0,0,0,0,0,0,0,0,0,0,ar ARG,"DF,MF",Godoy Cruz,Copa de la Liga,19,2003,0.4,1,0,0,1,0,0,0,1,0,0,0,0,1,0,1,0.0
Brian Luciatti,ar ARG,DF,Tigre,Copa de la Liga,29,1993,14,14,"1,238",13.8,2,0,2,2,0,0,1,0,0.9,0.9,0.0,0.9,11,50,3,0.15,0.00,0.15,0.15,0.15,0.06,0.00,0.07,0.06,0.07,ar ARG,DF,Tigre,Copa de la Liga,29,1993,13.8,2,21,3,14.3,1.53,0.22,0.10,0.67,15.5,0,0,0,0.9,0.9,0.04,+1.1,+1.1,ar ARG,DF,Tigre,Copa de la Liga,29,1993,13.8,452,561,80.6,8567,2984,161,182,88.5,237,273,86.8,50,90,55.6,0,0.0,0.1,0.0,2,30,0,0,50,ar ARG,DF,Tigre,Copa de la Liga,29,1993,13.8,561,539,20,16,0,0,5,4,0,0,0,0,452,2,4,ar ARG,DF,Tigre,Copa de la Liga,29,1993,13.8,5,0.36,5,0,0,0,0,0,0,0.00,0,0,0,0,0,0,ar ARG,DF,Tigre,Copa de la Liga,29,1993,13.8,20,12,14,6,0,11,15,73.3,4,8,5,3,25,45,47,0,ar ARG,DF,Tigre,Copa de la Liga,29,1993,13.8,703,52,318,331,60,29,703,4,2,50.0,2,50.0,339,1753,1101,11,8,1,11,1,399,3,ar ARG,DF,Tigre,Copa de la Liga,29,1993,14,"1,238",88,98.3,13.8,14,88,13,0,0,0,0.93,8,13,-5,-0.36,-0.36,12.6,9.7,+2.9,+0.21,+1.82,ar ARG,DF,Tigre,Copa de la Liga,29,1993,13.8,1,0,0,13,6,1,5,25,12,0,0,0,73,61,20,75.3
Gonzalo Luján,ar ARG,DF,San Lorenzo,Copa de la Liga,21,2001,9,6,540,6.0,0,0,0,0,0,0,3,1,0.1,0.1,0.2,0.3,2,15,9,0.00,0.00,0.00,0.00,0.00,0.02,0.03,0.05,0.02,0.05,ar ARG,DF,San Lorenzo,Copa de la Liga,21,2001,6.0,0,4,1,25.0,0.67,0.17,0.00,0.00,15.4,0,0,0,0.1,0.1,0.02,-0.1,-0.1,ar ARG,DF,San Lorenzo,Copa de la Liga,21,2001,6.0,112,167,67.1,2278,1361,43,53,81.1,50,70,71.4,17,36,47.2,0,0.2,0.2,-0.2,4,17,7,3,15,ar ARG,DF,San Lorenzo,Copa de la Liga,21,2001,6.0,167,133,33,4,0,0,6,29,0,0,0,0,112,1,4,ar ARG,DF,San Lorenzo,Copa de la Liga,21,2001,6.0,8,1.33,8,0,0,0,0,0,1,0.17,1,0,0,0,0,0,ar ARG,DF,San Lorenzo,Copa de la Liga,21,2001,6.0,7,5,4,2,1,6,12,50.0,6,9,5,4,6,13,26,0,ar ARG,DF,San Lorenzo,Copa de la Liga,21,2001,6.0,234,31,93,100,42,9,234,4,2,50.0,2,50.0,97,494,257,2,3,0,3,1,108,9,ar ARG,DF,San Lorenzo,Copa de la Liga,21,2001,9,540,60,42.9,6.0,6,88,5,3,5,4,1.33,4,5,-1,-0.17,-0.29,4.4,5.5,-1.1,-0.18,-0.07,ar ARG,DF,San Lorenzo,Copa de la Liga,21,2001,6.0,3,1,1,9,2,0,6,6,5,0,0,0,23,12,6,66.7
Mauro Luna Diale,ar ARG,"MF,FW",Unión,Copa de la Liga,23,1999,14,14,"1,234",13.7,1,0,1,1,0,0,1,0,1.1,1.1,1.3,2.3,48,58,71,0.07,0.00,0.07,0.07,0.07,0.08,0.09,0.17,0.08,0.17,ar ARG,"MF,FW",Unión,Copa de la Liga,23,1999,13.7,1,19,5,26.3,1.39,0.36,0.05,0.20,23.0,0,0,0,1.1,1.1,0.06,-0.1,-0.1,ar ARG,"MF,FW",Unión,Copa de la Liga,23,1999,13.7,379,491,77.2,5784,1482,202,250,80.8,132,157,84.1,28,44,63.6,0,1.3,1.0,-1.3,20,40,13,2,58,ar ARG,"MF,FW",Unión,Copa de la Liga,23,1999,13.7,491,473,16,8,2,4,22,4,4,0,3,0,379,2,18,ar ARG,"MF,FW",Unión,Copa de la Liga,23,1999,13.7,54,3.94,41,1,2,3,6,1,2,0.15,1,0,0,0,1,0,ar ARG,"MF,FW",Unión,Copa de la Liga,23,1999,13.7,25,15,5,16,4,14,25,56.0,11,19,2,17,10,35,17,0,ar ARG,"MF,FW",Unión,Copa de la Liga,23,1999,13.7,696,20,80,375,264,20,696,62,27,43.5,31,50.0,461,3133,1641,48,34,4,36,40,473,71,ar ARG,"MF,FW",Unión,Copa de la Liga,23,1999,14,"1,234",88,97.9,13.7,14,88,13,0,0,0,1.14,10,12,-2,-0.15,+3.32,11.0,12.4,-1.3,-0.10,+1.64,ar ARG,"MF,FW",Unión,Copa de la Liga,23,1999,13.7,1,0,0,20,50,0,22,10,15,0,0,0,99,11,19,36.7
Ramiro Macagno,ar ARG,GK,Platense,Copa de la Liga,25,1997,14,14,"1,260",14.0,0,0,0,0,0,0,2,0,0.0,0.0,0.0,0.0,0,0,0,0.00,0.00,0.00,0.00,0.00,0.00,0.00,0.00,0.00,0.00,ar ARG,GK,Platense,Copa de la Liga,25,1997,14.0,0,0,0,0,0.00,0.00,0,0,0,0,0,0,0.0,0.0,0,0.0,0.0,ar ARG,GK,Platense,Copa de la Liga,25,1997,14.0,240,444,54.1,9268,7793,21,21,100.0,98,101,97.0,121,320,37.8,0,0.0,0.1,0.0,0,23,1,0,0,ar ARG,GK,Platense,Copa de la Liga,25,1997,14.0,444,263,180,51,0,3,0,0,0,0,0,0,240,1,0,ar ARG,GK,Platense,Copa de la Liga,25,1997,14.0,3,0.21,2,1,0,0,0,0,0,0.00,0,0,0,0,0,0,ar ARG,GK,Platense,Copa de la Liga,25,1997,14.0,0,0,0,0,0,0,0,0,0,1,0,1,0,0,7,1,ar ARG,GK,Platense,Copa de la Liga,25,1997,14.0,477,361,477,0,0,0,477,0,0,0,0,0,232,1448,822,0,0,0,1,0,134,0,ar ARG,GK,Platense,Copa de la Liga,25,1997,14,"1,260",90,100.0,14.0,14,90,14,0,0,0,1.29,13,16,-3,-0.21,0,12.1,14.4,-2.3,-0.16,0,ar ARG,GK,Platense,Copa de la Liga,25,1997,14.0,2,0,0,0,0,0,0,0,0,0,0,0,11,5,0,100.0
Alejandro Maciel,ar ARG,DF,Banfield,Copa de la Liga,25,1997,14,14,"1,260",14.0,0,0,0,0,0,0,5,0,0.1,0.1,0.0,0.2,2,23,1,0.00,0.00,0.00,0.00,0.00,0.01,0.00,0.01,0.01,0.01,ar ARG,DF,Banfield,Copa de la Liga,25,1997,14.0,0,3,1,33.3,0.21,0.07,0.00,0.00,9.8,0,0,0,0.1,0.1,0.05,-0.1,-0.1,ar ARG,DF,Banfield,Copa de la Liga,25,1997,14.0,249,421,59.1,6382,3853,58,77,75.3,119,169,70.4,71,165,43.0,0,0.0,0.1,0.0,1,20,0,0,23,ar ARG,DF,Banfield,Copa de la Liga,25,1997,14.0,421,395,23,23,0,8,0,0,0,0,0,0,249,3,5,ar ARG,DF,Banfield,Copa de la Liga,25,1997,14.0,5,0.36,3,1,0,0,0,1,0,0.00,0,0,0,0,0,0,ar ARG,DF,Banfield,Copa de la Liga,25,1997,14.0,11,6,9,2,0,8,15,53.3,7,20,15,5,24,35,57,0,ar ARG,DF,Banfield,Copa de la Liga,25,1997,14.0,545,93,363,174,13,11,545,4,2,50.0,2,50.0,209,1163,657,2,3,0,4,4,229,1,ar ARG,DF,Banfield,Copa de la Liga,25,1997,14,"1,260",90,100.0,14.0,14,90,14,0,0,0,1.64,11,6,+5,+0.36,0,11.1,12.3,-1.2,-0.09,0,ar ARG,DF,Banfield,Copa de la Liga,25,1997,14.0,5,0,0,16,3,0,0,24,6,0,1,0,75,39,23,62.9
Leandro Maciel,ar ARG,MF,Cen. Córdoba–SdE,Copa de la Liga,27,1995,12,10,877,9.7,0,1,1,0,0,0,6,0,0.4,0.4,0.4,0.8,12,59,33,0.00,0.10,0.10,0.00,0.10,0.04,0.04,0.08,0.04,0.08,ar ARG,MF,Cen. Córdoba–SdE,Copa de la Liga,27,1995,9.7,0,10,2,20.0,1.03,0.21,0.00,0.00,25.8,1,0,0,0.4,0.4,0.04,-0.4,-0.4,ar ARG,MF,Cen. Córdoba–SdE,Copa de la Liga,27,1995,9.7,332,435,76.3,5630,1500,151,186,81.2,136,164,82.9,30,53,56.6,1,0.4,0.9,+0.6,8,48,5,2,59,ar ARG,MF,Cen. Córdoba–SdE,Copa de la Liga,27,1995,9.7,435,420,14,8,1,7,10,1,2,1,1,0,332,1,7,ar ARG,MF,Cen. Córdoba–SdE,Copa de la Liga,27,1995,9.7,22,2.26,21,1,0,0,0,0,3,0.31,3,0,0,0,0,0,ar ARG,MF,Cen. Córdoba–SdE,Copa de la Liga,27,1995,9.7,20,11,6,14,0,12,22,54.5,10,9,1,8,6,26,7,0,ar ARG,MF,Cen. Córdoba–SdE,Copa de la Liga,27,1995,9.7,520,6,57,349,117,7,520,12,4,33.3,6,50.0,270,1087,550,12,11,1,7,6,361,33,ar ARG,MF,Cen. Córdoba–SdE,Copa de la Liga,27,1995,12,877,73,69.6,9.7,10,82,5,2,30,0,1.33,6,8,-2,-0.21,+0.03,7.4,5.9,+1.5,+0.15,+0.30,ar ARG,MF,Cen. Córdoba–SdE,Copa de la Liga,27,1995,9.7,6,0,0,20,9,2,10,6,11,0,0,0,57,6,10,37.5
Ignacio Maestro Puch,ar ARG,FW,Atlé Tucumán,Copa de la Liga,19,2003,9,4,376,4.2,0,0,0,0,0,0,0,0,0.2,0.2,0.4,0.6,7,3,19,0.00,0.00,0.00,0.00,0.00,0.05,0.10,0.15,0.05,0.15,ar ARG,FW,Atlé Tucumán,Copa de la Liga,19,2003,4.2,0,3,1,33.3,0.72,0.24,0.00,0.00,18.4,0,0,0,0.2,0.2,0.07,-0.2,-0.2,ar ARG,FW,Atlé Tucumán,Copa de la Liga,19,2003,4.2,49,63,77.8,536,75,30,36,83.3,11,14,78.6,1,1,100.0,0,0.4,0.1,-0.4,3,1,1,0,3,ar ARG,FW,Atlé Tucumán,Copa de la Liga,19,2003,4.2,63,56,6,0,0,0,1,0,0,0,0,0,49,1,2,ar ARG,FW,Atlé Tucumán,Copa de la Liga,19,2003,4.2,6,1.44,5,0,1,0,0,0,0,0.00,0,0,0,0,0,0,ar ARG,FW,Atlé Tucumán,Copa de la Liga,19,2003,4.2,5,5,2,3,0,2,7,28.6,5,4,1,3,1,6,7,0,ar ARG,FW,Atlé Tucumán,Copa de la Liga,19,2003,4.2,125,5,16,58,53,10,125,21,6,28.6,14,66.7,79,447,173,7,6,5,17,16,93,19,ar ARG,FW,Atlé Tucumán,Copa de la Liga,19,2003,9,376,42,29.8,4.2,4,66,0,5,23,4,1.33,2,2,0,0.00,+0.31,3.2,4.0,-0.9,-0.21,-0.34,ar ARG,FW,Atlé Tucumán,Copa de la Liga,19,2003,4.2,0,0,0,9,4,2,1,1,5,0,0,0,9,5,10,33.3
Jonatan Maidana,ar ARG,DF,River Plate,Copa de la Liga,37,1985,1,0,5,0.1,0,0,0,0,0,0,0,0,0.0,0.0,0.0,0.0,0,0,0,0.00,0.00,0.00,0.00,0.00,0.00,0.00,0.00,0.00,0.00,ar ARG,DF,River Plate,Copa de la Liga,37,1985,0.1,0,0,0,0,0.00,0.00,0,0,0,0,0,0,0.0,0.0,0,0.0,0.0,ar ARG,DF,River Plate,Copa de la Liga,37,1985,0.1,6,8,75.0,93,23,3,3,100.0,3,5,60.0,0,0,0,0,0.0,0.0,0.0,0,2,0,0,0,ar ARG,DF,River Plate,Copa de la Liga,37,1985,0.1,8,7,1,0,0,0,0,1,0,0,0,0,6,0,0,ar ARG,DF,River Plate,Copa de la Liga,37,1985,0.1,0,0.00,0,0,0,0,0,0,0,0.00,0,0,0,0,0,0,ar ARG,DF,River Plate,Copa de la Liga,37,1985,0.1,0,0,0,0,0,0,0,0,0,0,0,0,0,0,0,0,ar ARG,DF,River Plate,Copa de la Liga,37,1985,0.1,8,0,2,6,0,0,8,0,0,0,0,0,4,12,3,0,0,0,0,0,4,0,ar ARG,DF,River Plate,Copa de la Liga,37,1985,1,5,5,0.4,0.1,0,0,0,1,5,3,0.00,0,1,-1,-18.00,-18.65,0.2,0.1,+0.1,+1.60,+0.98,ar ARG,DF,River Plate,Copa de la Liga,37,1985,0.1,0,0,0,0,0,0,0,0,0,0,0,0,0,0,0,0
Guido Mainero,ar ARG,"MF,FW",Sarmiento,Copa de la Liga,27,1995,13,13,"1,085",12.1,2,1,3,2,0,0,1,0,1.2,1.2,1.0,2.2,11,26,46,0.17,0.08,0.25,0.17,0.25,0.10,0.09,0.18,0.10,0.18,ar ARG,"MF,FW",Sarmiento,Copa de la Liga,27,1995,12.1,2,12,4,33.3,1.00,0.33,0.17,0.50,19.6,2,0,0,1.2,1.2,0.10,+0.8,+0.8,ar ARG,"MF,FW",Sarmiento,Copa de la Liga,27,1995,12.1,207,343,60.3,3372,1054,107,143,74.8,75,110,68.2,20,59,33.9,1,1.0,1.1,0.0,11,11,6,3,26,ar ARG,"MF,FW",Sarmiento,Copa de la Liga,27,1995,12.1,343,323,19,9,1,1,35,1,9,3,6,0,207,1,20,ar ARG,"MF,FW",Sarmiento,Copa de la Liga,27,1995,12.1,22,1.82,10,5,2,1,4,0,3,0.25,2,0,1,0,0,0,ar ARG,"MF,FW",Sarmiento,Copa de la Liga,27,1995,12.1,18,12,9,9,0,12,26,46.2,14,14,2,12,3,21,14,0,ar ARG,"MF,FW",Sarmiento,Copa de la Liga,27,1995,12.1,488,14,112,252,133,16,488,25,8,32.0,13,52.0,259,1354,538,11,11,2,32,15,292,46,ar ARG,"MF,FW",Sarmiento,Copa de la Liga,27,1995,13,"1,085",83,86.1,12.1,13,83,6,0,0,0,1.15,8,7,+1,+0.08,+0.60,6.6,12.5,-5.8,-0.48,-0.16,ar ARG,"MF,FW",Sarmiento,Copa de la Liga,27,1995,12.1,1,0,0,17,26,4,35,3,12,0,0,0,93,15,47,24.2
Julián Malatini,ar ARG,DF,Defensa y Just,Copa de la Liga,21,2001,10,10,786,8.7,0,0,0,0,0,0,1,1,0.0,0.0,0.0,0.0,7,23,2,0.00,0.00,0.00,0.00,0.00,0.00,0.00,0.00,0.00,0.00,ar ARG,DF,Defensa y Just,Copa de la Liga,21,2001,8.7,0,0,0,0,0.00,0.00,0,0,0,0,0,0,0.0,0.0,0,0.0,0.0,ar ARG,DF,Defensa y Just,Copa de la Liga,21,2001,8.7,302,394,76.6,6437,2371,86,98,87.8,170,188,90.4,44,98,44.9,0,0.0,0.1,0.0,0,20,2,0,23,ar ARG,DF,Defensa y Just,Copa de la Liga,21,2001,8.7,394,382,11,9,0,11,2,2,0,0,0,0,302,1,4,ar ARG,DF,Defensa y Just,Copa de la Liga,21,2001,8.7,6,0.69,5,0,0,0,1,0,0,0.00,0,0,0,0,0,0,ar ARG,DF,Defensa y Just,Copa de la Liga,21,2001,8.7,12,7,5,6,1,6,11,54.5,5,15,8,7,13,25,62,0,ar ARG,DF,Defensa y Just,Copa de la Liga,21,2001,8.7,512,78,332,167,17,3,512,4,3,75.0,0,0.0,281,1984,1282,7,8,0,9,1,285,2,ar ARG,DF,Defensa y Just,Copa de la Liga,21,2001,10,786,79,62.4,8.7,10,79,7,0,0,0,1.00,7,11,-4,-0.46,-0.46,7.9,13.0,-5.2,-0.59,+0.04,ar ARG,DF,Defensa y Just,Copa de la Liga,21,2001,8.7,1,1,0,8,7,0,2,13,7,0,0,0,62,22,12,64.7
Víctor Malcorra,ar ARG,"MF,FW",Rosario Central,Copa de la Liga,35,1987,13,11,984,10.9,3,1,4,3,0,0,4,0,1.7,1.7,2.2,4.0,21,58,82,0.27,0.09,0.37,0.27,0.37,0.16,0.20,0.36,0.16,0.36,ar ARG,"MF,FW",Rosario Central,Copa de la Liga,35,1987,10.9,3,19,8,42.1,1.74,0.73,0.16,0.38,22.5,3,0,0,1.7,1.7,0.09,+1.3,+1.3,ar ARG,"MF,FW",Rosario Central,Copa de la Liga,35,1987,10.9,293,469,62.5,5929,2174,116,143,81.1,117,168,69.6,56,123,45.5,1,2.2,2.6,-1.2,34,32,15,4,58,ar ARG,"MF,FW",Rosario Central,Copa de la Liga,35,1987,10.9,469,371,96,38,0,9,90,10,48,11,28,0,293,2,21,ar ARG,"MF,FW",Rosario Central,Copa de la Liga,35,1987,10.9,49,4.49,24,23,0,1,1,0,3,0.27,3,0,0,0,0,0,ar ARG,"MF,FW",Rosario Central,Copa de la Liga,35,1987,10.9,7,2,3,2,2,4,14,28.6,10,6,0,6,1,8,1,0,ar ARG,"MF,FW",Rosario Central,Copa de la Liga,35,1987,10.9,566,3,45,260,270,23,566,14,8,57.1,5,35.7,309,1812,867,21,26,4,29,16,374,82,ar ARG,"MF,FW",Rosario Central,Copa de la Liga,35,1987,13,984,76,78.1,10.9,11,82,7,2,41,0,1.75,14,10,+4,+0.37,+0.37,12.0,14.2,-2.2,-0.20,+0.56,ar ARG,"MF,FW",Rosario Central,Copa de la Liga,35,1987,10.9,4,0,0,5,12,3,90,1,2,0,0,0,54,5,11,31.3
Facundo Mallo,uy URU,DF,Rosario Central,Copa de la Liga,28,1995,10,9,764,8.5,0,0,0,0,0,0,1,0,0.3,0.3,0.1,0.4,2,14,0,0.00,0.00,0.00,0.00,0.00,0.04,0.01,0.05,0.04,0.05,uy URU,DF,Rosario Central,Copa de la Liga,28,1995,8.5,0,5,3,60.0,0.59,0.35,0.00,0.00,9.8,0,0,0,0.3,0.3,0.06,-0.3,-0.3,uy URU,DF,Rosario Central,Copa de la Liga,28,1995,8.5,183,253,72.3,4355,1990,40,47,85.1,98,114,86.0,41,81,50.6,0,0.1,0.1,-0.1,2,24,0,0,14,uy URU,DF,Rosario Central,Copa de la Liga,28,1995,8.5,253,243,10,9,0,4,0,1,0,0,0,0,183,0,5,uy URU,DF,Rosario Central,Copa de la Liga,28,1995,8.5,8,0.94,6,0,0,2,0,0,0,0.00,0,0,0,0,0,0,uy URU,DF,Rosario Central,Copa de la Liga,28,1995,8.5,14,11,13,1,0,8,10,80.0,2,10,7,3,12,26,55,0,uy URU,DF,Rosario Central,Copa de la Liga,28,1995,8.5,355,78,227,116,15,11,355,2,1,50.0,1,50.0,157,759,519,2,0,0,1,2,159,0,uy URU,DF,Rosario Central,Copa de la Liga,28,1995,10,764,76,60.6,8.5,9,80,7,1,45,0,1.77,9,5,+4,+0.47,+0.47,7.9,8.5,-0.6,-0.07,+0.65,uy URU,DF,Rosario Central,Copa de la Liga,28,1995,8.5,1,0,0,6,3,3,0,12,11,0,1,0,41,16,20,44.4
Emanuel Mammana,ar ARG,DF,River Plate,Copa de la Liga,26,1996,3,3,270,3.0,0,0,0,0,0,0,0,0,0.0,0.0,0.0,0.0,0,7,0,0.00,0.00,0.00,0.00,0.00,0.00,0.01,0.01,0.00,0.01,ar ARG,DF,River Plate,Copa de la Liga,26,1996,3.0,0,0,0,0,0.00,0.00,0,0,0,0,0,0,0.0,0.0,0,0.0,0.0,ar ARG,DF,River Plate,Copa de la Liga,26,1996,3.0,130,148,87.8,2694,878,38,41,92.7,81,84,96.4,11,22,50.0,0,0.0,0.0,0.0,1,7,0,0,7,ar ARG,DF,River Plate,Copa de la Liga,26,1996,3.0,148,145,3,1,0,1,0,2,0,0,0,0,130,0,0,ar ARG,DF,River Plate,Copa de la Liga,26,1996,3.0,1,0.33,1,0,0,0,0,0,0,0.00,0,0,0,0,0,0,ar ARG,DF,River Plate,Copa de la Liga,26,1996,3.0,5,5,3,1,1,4,4,100.0,0,2,1,1,4,9,10,0,ar ARG,DF,River Plate,Copa de la Liga,26,1996,3.0,170,26,95,73,4,0,170,0,0,0,0,0,97,441,260,0,1,0,2,0,110,0,ar ARG,DF,River Plate,Copa de la Liga,26,1996,3,270,90,21.4,3.0,3,90,3,0,0,2,1.00,7,6,+1,+0.33,-0.30,4.7,2.9,+1.8,+0.61,0.00,ar ARG,DF,River Plate,Copa de la Liga,26,1996,3.0,0,0,0,3,0,0,0,4,5,0,0,0,14,5,10,33.3
Ivo Mammini,ar ARG,"FW,MF",Gimnasia–LP,Copa de la Liga,19,2003,6,0,71,0.8,1,0,1,1,0,0,1,0,0.8,0.8,0.0,0.8,1,3,3,1.27,0.00,1.27,1.27,1.27,1.01,0.00,1.01,1.01,1.01,ar ARG,"FW,MF",Gimnasia–LP,Copa de la Liga,19,2003,0.8,1,4,3,75.0,5.07,3.80,0.25,0.33,10.6,0,0,0,0.8,0.8,0.20,+0.2,+0.2,ar ARG,"FW,MF",Gimnasia–LP,Copa de la Liga,19,2003,0.8,15,32,46.9,258,97,8,15,53.3,5,13,38.5,1,2,50.0,0,0.0,0.0,0.0,0,2,0,0,3,ar ARG,"FW,MF",Gimnasia–LP,Copa de la Liga,19,2003,0.8,32,31,1,0,0,0,5,0,1,0,1,0,15,0,0,ar ARG,"FW,MF",Gimnasia–LP,Copa de la Liga,19,2003,0.8,1,1.27,0,0,0,1,0,0,0,0.00,0,0,0,0,0,0,ar ARG,"FW,MF",Gimnasia–LP,Copa de la Liga,19,2003,0.8,3,1,0,2,1,1,1,100.0,0,0,0,0,0,3,1,0,ar ARG,"FW,MF",Gimnasia–LP,Copa de la Liga,19,2003,0.8,46,1,2,26,18,5,46,2,1,50.0,1,50.0,28,85,34,1,0,0,4,0,33,3,ar ARG,"FW,MF",Gimnasia–LP,Copa de la Liga,19,2003,6,71,12,5.6,0.8,0,0,0,6,12,7,0.67,1,2,-1,-1.27,-0.74,1.2,1.0,+0.2,+0.31,+0.59,ar ARG,"FW,MF",Gimnasia–LP,Copa de la Liga,19,2003,0.8,1,0,0,3,2,0,5,0,1,0,0,0,3,4,3,57.1
Harrinson Mancilla,co COL,MF,Sarmiento,Copa de la Liga,31,1991,1,0,34,0.4,0,0,0,0,0,0,0,0,0.0,0.0,0.0,0.0,0,1,0,0.00,0.00,0.00,0.00,0.00,0.00,0.05,0.05,0.00,0.05,co COL,MF,Sarmiento,Copa de la Liga,31,1991,0.4,0,0,0,0,0.00,0.00,0,0,0,0,0,0,0.0,0.0,0,0.0,0.0,co COL,MF,Sarmiento,Copa de la Liga,31,1991,0.4,3,5,60.0,39,22,1,2,50.0,1,2,50.0,0,0,0,0,0.0,0.2,0.0,1,1,0,0,1,co COL,MF,Sarmiento,Copa de la Liga,31,1991,0.4,5,5,0,0,1,0,0,0,0,0,0,0,3,0,0,co COL,MF,Sarmiento,Copa de la Liga,31,1991,0.4,0,0.00,0,0,0,0,0,0,0,0.00,0,0,0,0,0,0,co COL,MF,Sarmiento,Copa de la Liga,31,1991,0.4,0,0,0,0,0,0,0,0,0,6,3,3,0,0,2,0,co COL,MF,Sarmiento,Copa de la Liga,31,1991,0.4,16,2,11,4,1,0,16,0,0,0,0,0,1,2,2,0,0,0,0,0,1,0,co COL,MF,Sarmiento,Copa de la Liga,31,1991,1,34,34,2.7,0.4,0,0,0,1,34,9,1.00,0,1,-1,-2.65,-2.72,0.0,0.3,-0.3,-0.82,-0.37,co COL,MF,Sarmiento,Copa de la Liga,31,1991,0.4,0,0,0,1,0,0,0,0,0,0,0,0,3,0,1,0.0
Federico Mancuello,ar ARG,MF,Independiente,Copa de la Liga,33,1989,13,13,833,9.3,0,1,1,0,0,0,1,0,1.6,1.6,0.8,2.5,10,40,34,0.00,0.11,0.11,0.00,0.11,0.17,0.09,0.27,0.17,0.27,ar ARG,MF,Independiente,Copa de la Liga,33,1989,9.3,0,20,7,35.0,2.16,0.76,0.00,0.00,22.4,2,0,0,1.6,1.6,0.08,-1.6,-1.6,ar ARG,MF,Independiente,Copa de la Liga,33,1989,9.3,265,378,70.1,4460,1661,123,151,81.5,107,141,75.9,27,64,42.2,1,0.8,1.2,+0.2,10,26,6,3,40,ar ARG,MF,Independiente,Copa de la Liga,33,1989,9.3,378,312,64,18,1,2,50,5,31,13,15,0,265,2,8,ar ARG,MF,Independiente,Copa de la Liga,33,1989,9.3,20,2.17,10,5,3,1,0,1,2,0.22,0,1,0,1,0,0,ar ARG,MF,Independiente,Copa de la Liga,33,1989,9.3,19,10,7,12,0,10,25,40.0,15,7,1,6,7,26,10,0,ar ARG,MF,Independiente,Copa de la Liga,33,1989,9.3,481,9,78,255,156,14,481,17,8,47.1,8,47.1,297,1125,464,10,8,6,16,13,278,34,ar ARG,MF,Independiente,Copa de la Liga,33,1989,13,833,64,66.1,9.3,13,64,2,0,0,0,1.69,9,6,+3,+0.32,+0.11,11.3,5.8,+5.5,+0.60,+0.14,ar ARG,MF,Independiente,Copa de la Liga,33,1989,9.3,1,0,0,13,2,2,50,7,10,0,0,0,59,2,14,12.5
Eros Mancuso,ar ARG,DF,Estudiantes–LP,Copa de la Liga,23,1999,11,6,632,7.0,0,0,0,0,0,0,2,1,0.4,0.4,0.8,1.3,20,19,52,0.00,0.00,0.00,0.00,0.00,0.06,0.12,0.18,0.06,0.18,ar ARG,DF,Estudiantes–LP,Copa de la Liga,23,1999,7.0,0,9,4,44.4,1.28,0.57,0.00,0.00,21.7,0,0,0,0.4,0.4,0.05,-0.4,-0.4,ar ARG,DF,Estudiantes–LP,Copa de la Liga,23,1999,7.0,276,376,73.4,4935,1783,124,146,84.9,119,153,77.8,29,58,50.0,0,0.8,0.8,-0.8,7,16,8,5,19,ar ARG,DF,Estudiantes–LP,Copa de la Liga,23,1999,7.0,376,287,86,3,0,7,22,82,1,0,1,0,276,3,9,ar ARG,DF,Estudiantes–LP,Copa de la Liga,23,1999,7.0,16,2.28,12,0,1,1,1,1,0,0.00,0,0,0,0,0,0,ar ARG,DF,Estudiantes–LP,Copa de la Liga,23,1999,7.0,18,9,5,11,2,13,21,61.9,8,16,6,10,9,27,11,0,ar ARG,DF,Estudiantes–LP,Copa de la Liga,23,1999,7.0,467,22,114,234,121,15,467,17,6,35.3,9,52.9,215,1128,600,20,5,4,9,8,237,52,ar ARG,DF,Estudiantes–LP,Copa de la Liga,23,1999,11,632,57,50.2,7.0,6,80,3,5,31,2,1.27,5,5,0,0.00,+0.29,7.7,5.5,+2.2,+0.31,-0.04,ar ARG,DF,Estudiantes–LP,Copa de la Liga,23,1999,7.0,2,1,0,12,10,0,22,9,9,0,0,0,46,3,11,21.4
Facundo Mansilla,ar ARG,"DF,FW",Newell's OB,Copa de la Liga,23,1999,6,1,177,2.0,0,0,0,0,0,0,1,0,0.1,0.1,0.2,0.2,4,9,1,0.00,0.00,0.00,0.00,0.00,0.05,0.08,0.12,0.05,0.12,ar ARG,"DF,FW",Newell's OB,Copa de la Liga,23,1999,2.0,0,1,1,100.0,0.51,0.51,0.00,0.00,14.3,0,0,0,0.1,0.1,0.09,-0.1,-0.1,ar ARG,"DF,FW",Newell's OB,Copa de la Liga,23,1999,2.0,87,107,81.3,1648,484,29,35,82.9,47,50,94.0,10,20,50.0,0,0.2,0.1,-0.2,1,5,0,0,9,ar ARG,"DF,FW",Newell's OB,Copa de la Liga,23,1999,2.0,107,93,13,4,0,0,1,9,0,0,0,0,87,1,0,ar ARG,"DF,FW",Newell's OB,Copa de la Liga,23,1999,2.0,2,1.02,2,0,0,0,0,0,0,0.00,0,0,0,0,0,0,ar ARG,"DF,FW",Newell's OB,Copa de la Liga,23,1999,2.0,4,1,3,1,0,2,2,100.0,0,2,2,0,14,18,8,0,ar ARG,"DF,FW",Newell's OB,Copa de la Liga,23,1999,2.0,142,10,73,63,8,3,142,1,1,100.0,0,0.0,59,264,177,4,2,0,3,1,65,1,ar ARG,"DF,FW",Newell's OB,Copa de la Liga,23,1999,6,177,30,14.0,2.0,1,49,0,5,26,8,1.83,4,2,+2,+1.02,+0.85,1.8,2.0,-0.2,-0.12,-0.28,ar ARG,"DF,FW",Newell's OB,Copa de la Liga,23,1999,2.0,1,0,0,2,2,0,1,14,1,0,0,0,12,8,3,72.7
Matías Mansilla,ar ARG,GK,Cen. Córdoba–SdE,Copa de la Liga,26,1996,14,14,"1,260",14.0,0,0,0,0,0,0,0,0,0.0,0.0,0.0,0.0,0,0,0,0.00,0.00,0.00,0.00,0.00,0.00,0.00,0.00,0.00,0.00,ar ARG,GK,Cen. Córdoba–SdE,Copa de la Liga,26,1996,14.0,0,0,0,0,0.00,0.00,0,0,0,0,0,0,0.0,0.0,0,0.0,0.0,ar ARG,GK,Cen. Córdoba–SdE,Copa de la Liga,26,1996,14.0,204,369,55.3,6729,5455,26,26,100.0,90,91,98.9,88,251,35.1,0,0.0,0.0,0.0,0,9,0,0,0,ar ARG,GK,Cen. Córdoba–SdE,Copa de la Liga,26,1996,14.0,369,219,149,39,0,0,0,0,0,0,0,0,204,1,0,ar ARG,GK,Cen. Córdoba–SdE,Copa de la Liga,26,1996,14.0,0,0.00,0,0,0,0,0,0,0,0.00,0,0,0,0,0,0,ar ARG,GK,Cen. Córdoba–SdE,Copa de la Liga,26,1996,14.0,0,0,0,0,0,0,0,0,0,0,0,0,0,0,2,0,ar ARG,GK,Cen. Córdoba–SdE,Copa de la Liga,26,1996,14.0,382,324,381,1,0,0,382,0,0,0,0,0,190,1198,792,0,0,0,0,0,110,0,ar ARG,GK,Cen. Córdoba–SdE,Copa de la Liga,26,1996,14,"1,260",90,100.0,14.0,14,90,14,0,0,0,1.36,11,14,-3,-0.21,0,11.5,10.7,+0.9,+0.06,0,ar ARG,GK,Cen. Córdoba–SdE,Copa de la Liga,26,1996,14.0,0,0,0,0,4,0,0,0,0,0,0,0,14,1,0,100.0
Kevin Mantilla,co COL,DF,Talleres,Copa de la Liga,19,2003,8,8,715,7.9,0,0,0,0,0,0,4,0,0.4,0.4,0.1,0.5,5,20,0,0.00,0.00,0.00,0.00,0.00,0.05,0.01,0.06,0.05,0.06,co COL,DF,Talleres,Copa de la Liga,19,2003,7.9,0,6,1,16.7,0.76,0.13,0.00,0.00,12.1,0,0,0,0.4,0.4,0.07,-0.4,-0.4,co COL,DF,Talleres,Copa de la Liga,19,2003,7.9,287,344,83.4,5896,2222,88,96,91.7,158,181,87.3,40,58,69.0,0,0.1,0.1,-0.1,2,16,1,0,20,co COL,DF,Talleres,Copa de la Liga,19,2003,7.9,344,336,7,4,0,2,0,2,0,0,0,0,287,1,4,co COL,DF,Talleres,Copa de la Liga,19,2003,7.9,3,0.38,3,0,0,0,0,0,0,0.00,0,0,0,0,0,0,co COL,DF,Talleres,Copa de la Liga,19,2003,7.9,18,14,13,5,0,13,17,76.5,4,10,6,4,10,28,42,0,co COL,DF,Talleres,Copa de la Liga,19,2003,7.9,444,63,238,193,14,10,444,7,4,57.1,2,28.6,235,1239,697,5,2,0,4,1,263,0,co COL,DF,Talleres,Copa de la Liga,19,2003,8,715,89,56.7,7.9,8,89,7,0,0,5,0.88,6,9,-3,-0.38,-0.87,8.2,9.6,-1.3,-0.17,-0.72,co COL,DF,Talleres,Copa de la Liga,19,2003,7.9,4,0,0,6,5,0,0,10,14,0,1,0,32,18,17,51.4
Juan Manuel Insaurralde,ar ARG,DF,Sarmiento,Copa de la Liga,38,1984,13,13,"1,170",13.0,0,1,1,0,0,0,4,0,0.5,0.5,0.1,0.6,3,27,1,0.00,0.08,0.08,0.00,0.08,0.04,0.01,0.05,0.04,0.05,ar ARG,DF,Sarmiento,Copa de la Liga,38,1984,13.0,0,7,0,0.0,0.54,0.00,0.00,0,9.5,0,0,0,0.5,0.5,0.07,-0.5,-0.5,ar ARG,DF,Sarmiento,Copa de la Liga,38,1984,13.0,372,523,71.1,8963,3338,63,78,80.8,233,270,86.3,73,159,45.9,1,0.1,0.1,+0.9,2,21,1,0,27,ar ARG,DF,Sarmiento,Copa de la Liga,38,1984,13.0,523,479,41,40,0,10,0,1,0,0,0,0,372,3,9,ar ARG,DF,Sarmiento,Copa de la Liga,38,1984,13.0,6,0.46,4,0,0,2,0,0,2,0.15,1,0,0,1,0,0,ar ARG,DF,Sarmiento,Copa de la Liga,38,1984,13.0,14,11,12,2,0,8,10,80.0,2,7,5,2,9,23,99,0,ar ARG,DF,Sarmiento,Copa de la Liga,38,1984,13.0,665,101,405,249,14,12,665,2,2,100.0,0,0.0,297,1535,903,3,3,0,2,1,330,1,ar ARG,DF,Sarmiento,Copa de la Liga,38,1984,13,"1,170",90,92.9,13.0,13,90,13,0,0,0,1.23,7,6,+1,+0.08,+1.08,7.7,12.9,-5.2,-0.40,+0.81,ar ARG,DF,Sarmiento,Copa de la Liga,38,1984,13.0,4,0,0,12,5,1,0,9,11,0,1,0,68,35,22,61.4
Alexis Manyoma,co COL,"MF,FW",Estudiantes–LP,Copa de la Liga,20,2003,8,4,337,3.7,1,0,1,1,0,0,0,0,0.7,0.7,0.3,1.0,7,12,29,0.27,0.00,0.27,0.27,0.27,0.17,0.08,0.25,0.17,0.25,co COL,"MF,FW",Estudiantes–LP,Copa de la Liga,20,2003,3.7,1,6,2,33.3,1.60,0.53,0.17,0.50,16.1,0,0,0,0.7,0.7,0.11,+0.3,+0.3,co COL,"MF,FW",Estudiantes–LP,Copa de la Liga,20,2003,3.7,88,121,72.7,1517,317,35,45,77.8,43,51,84.3,7,11,63.6,0,0.3,0.2,-0.3,2,7,1,0,12,co COL,"MF,FW",Estudiantes–LP,Copa de la Liga,20,2003,3.7,121,114,7,0,0,1,4,5,2,0,1,0,88,0,5,co COL,"MF,FW",Estudiantes–LP,Copa de la Liga,20,2003,3.7,5,1.34,3,0,0,0,2,0,0,0.00,0,0,0,0,0,0,co COL,"MF,FW",Estudiantes–LP,Copa de la Liga,20,2003,3.7,13,9,5,6,2,7,12,58.3,5,10,0,10,0,13,6,0,co COL,"MF,FW",Estudiantes–LP,Copa de la Liga,20,2003,3.7,201,5,32,86,84,13,201,18,5,27.8,11,61.1,113,639,245,7,8,3,18,13,128,29,co COL,"MF,FW",Estudiantes–LP,Copa de la Liga,20,2003,8,337,42,26.7,3.7,4,59,0,4,25,6,1.00,1,7,-6,-1.60,-1.99,3.0,4.6,-1.6,-0.43,-1.04,co COL,"MF,FW",Estudiantes–LP,Copa de la Liga,20,2003,3.7,0,0,0,5,6,1,4,0,9,0,0,0,19,3,8,27.3
Rafael Marcelo Delgado,ar ARG,DF,Colón,Copa de la Liga,33,1990,10,8,620,6.9,0,0,0,0,0,0,1,1,0.1,0.1,0.1,0.2,2,18,3,0.00,0.00,0.00,0.00,0.00,0.02,0.01,0.02,0.02,0.02,ar ARG,DF,Colón,Copa de la Liga,33,1990,6.9,0,6,0,0.0,0.87,0.00,0.00,0,28.6,0,0,0,0.1,0.1,0.02,-0.1,-0.1,ar ARG,DF,Colón,Copa de la Liga,33,1990,6.9,204,311,65.6,4285,2520,83,98,84.7,75,114,65.8,43,88,48.9,0,0.1,0.2,-0.1,3,23,1,1,18,ar ARG,DF,Colón,Copa de la Liga,33,1990,6.9,311,239,72,15,0,6,6,56,1,0,1,0,204,0,4,ar ARG,DF,Colón,Copa de la Liga,33,1990,6.9,8,1.16,4,3,0,1,0,0,2,0.29,1,1,0,0,0,0,ar ARG,DF,Colón,Copa de la Liga,33,1990,6.9,18,11,6,11,1,15,21,71.4,6,10,3,7,13,31,22,0,ar ARG,DF,Colón,Copa de la Liga,33,1990,6.9,389,24,150,199,45,0,389,4,1,25.0,2,50.0,129,576,286,2,6,0,4,1,144,3,ar ARG,DF,Colón,Copa de la Liga,33,1990,10,620,62,49.2,6.9,8,74,4,2,15,3,1.20,9,9,0,0.00,-0.28,7.7,7.6,+0.1,+0.01,-0.23,ar ARG,DF,Colón,Copa de la Liga,33,1990,6.9,1,1,0,8,10,0,6,13,11,0,0,0,48,20,12,62.5
Tomás Marchiori,ar ARG,GK,Atlé Tucumán,Copa de la Liga,27,1995,14,14,"1,260",14.0,0,0,0,0,0,0,0,0,0.0,0.0,0.0,0.0,0,0,0,0.00,0.00,0.00,0.00,0.00,0.00,0.00,0.00,0.00,0.00,ar ARG,GK,Atlé Tucumán,Copa de la Liga,27,1995,14.0,0,0,0,0,0.00,0.00,0,0,0,0,0,0,0.0,0.0,0,0.0,0.0,ar ARG,GK,Atlé Tucumán,Copa de la Liga,27,1995,14.0,229,348,65.8,7796,6495,31,31,100.0,97,97,100.0,101,219,46.1,0,0.0,0.0,0.0,0,12,0,0,0,ar ARG,GK,Atlé Tucumán,Copa de la Liga,27,1995,14.0,348,173,174,39,0,0,0,0,0,0,0,0,229,1,0,ar ARG,GK,Atlé Tucumán,Copa de la Liga,27,1995,14.0,5,0.36,4,1,0,0,0,0,0,0.00,0,0,0,0,0,0,ar ARG,GK,Atlé Tucumán,Copa de la Liga,27,1995,14.0,0,0,0,0,0,0,0,0,0,0,0,0,0,0,1,0,ar ARG,GK,Atlé Tucumán,Copa de la Liga,27,1995,14.0,372,340,372,0,0,0,372,0,0,0,0,0,162,1341,1013,0,0,0,1,0,49,0,ar ARG,GK,Atlé Tucumán,Copa de la Liga,27,1995,14,"1,260",90,100.0,14.0,14,90,14,0,0,0,1.21,9,12,-3,-0.21,0,14.1,13.8,+0.3,+0.02,0,ar ARG,GK,Atlé Tucumán,Copa de la Liga,27,1995,14.0,0,0,0,1,3,0,0,0,0,0,0,0,6,2,1,66.7
Sasha Marcich,ar ARG,"DF,FW",Platense,Copa de la Liga,24,1998,8,8,589,6.5,0,0,0,0,0,0,0,0,0.3,0.3,0.5,0.8,10,16,27,0.00,0.00,0.00,0.00,0.00,0.05,0.08,0.13,0.05,0.13,ar ARG,"DF,FW",Platense,Copa de la Liga,24,1998,6.5,0,7,0,0.0,1.07,0.00,0.00,0,19.7,1,0,0,0.3,0.3,0.04,-0.3,-0.3,ar ARG,"DF,FW",Platense,Copa de la Liga,24,1998,6.5,129,227,56.8,2192,1028,71,97,73.2,43,71,60.6,15,43,34.9,0,0.5,0.4,-0.5,7,9,6,4,16,ar ARG,"DF,FW",Platense,Copa de la Liga,24,1998,6.5,227,180,44,7,0,0,22,30,7,0,7,0,129,3,8,ar ARG,"DF,FW",Platense,Copa de la Liga,24,1998,6.5,18,2.75,8,6,2,0,2,0,2,0.31,1,0,1,0,0,0,ar ARG,"DF,FW",Platense,Copa de la Liga,24,1998,6.5,12,9,5,5,2,6,11,54.5,5,7,0,7,11,23,13,0,ar ARG,"DF,FW",Platense,Copa de la Liga,24,1998,6.5,307,11,65,138,107,8,307,14,9,64.3,4,28.6,122,666,318,10,9,2,10,4,135,27,ar ARG,"DF,FW",Platense,Copa de la Liga,24,1998,8,589,74,46.7,6.5,8,74,3,0,0,6,1.11,6,9,-3,-0.46,-0.46,6.5,5.7,+0.8,+0.12,+0.54,ar ARG,"DF,FW",Platense,Copa de la Liga,24,1998,6.5,0,0,0,2,5,0,22,11,9,0,0,0,38,9,6,60.0
Iván Marcone,ar ARG,MF,Independiente,Copa de la Liga,32,1990,14,14,"1,251",13.9,0,0,0,0,0,0,5,0,0.5,0.5,0.2,0.7,9,80,8,0.00,0.00,0.00,0.00,0.00,0.04,0.01,0.05,0.04,0.05,ar ARG,MF,Independiente,Copa de la Liga,32,1990,13.9,0,6,2,33.3,0.43,0.14,0.00,0.00,18.5,0,0,0,0.5,0.5,0.09,-0.5,-0.5,ar ARG,MF,Independiente,Copa de la Liga,32,1990,13.9,596,713,83.6,11071,3651,225,259,86.9,294,325,90.5,64,94,68.1,0,0.2,0.3,-0.2,7,60,6,1,80,ar ARG,MF,Independiente,Copa de la Liga,32,1990,13.9,713,675,37,34,0,4,1,2,0,0,0,0,596,1,14,ar ARG,MF,Independiente,Copa de la Liga,32,1990,13.9,15,1.08,14,1,0,0,0,0,0,0.00,0,0,0,0,0,0,ar ARG,MF,Independiente,Copa de la Liga,32,1990,13.9,31,20,16,14,1,16,33,48.5,17,28,10,18,21,52,29,1,ar ARG,MF,Independiente,Copa de la Liga,32,1990,13.9,870,37,244,584,54,6,870,20,14,70.0,6,30.0,544,2635,1261,9,7,1,16,14,471,8,ar ARG,MF,Independiente,Copa de la Liga,32,1990,14,"1,251",89,99.3,13.9,14,89,13,0,0,0,1.64,15,11,+4,+0.29,+0.29,18.0,9.6,+8.4,+0.60,+6.85,ar ARG,MF,Independiente,Copa de la Liga,32,1990,13.9,5,0,0,15,12,0,1,21,20,0,0,0,134,20,9,69.0
Matías Marín,cl CHI,"MF,FW",Belgrano,Copa de la Liga,23,1999,12,12,878,9.8,1,1,2,1,0,0,4,0,0.8,0.8,0.4,1.2,12,51,44,0.10,0.10,0.21,0.10,0.21,0.08,0.05,0.12,0.08,0.12,cl CHI,"MF,FW",Belgrano,Copa de la Liga,23,1999,9.8,1,17,5,29.4,1.74,0.51,0.06,0.20,32.2,2,0,0,0.8,0.8,0.05,+0.2,+0.2,cl CHI,"MF,FW",Belgrano,Copa de la Liga,23,1999,9.8,222,321,69.2,3908,1523,108,124,87.1,77,109,70.6,28,60,46.7,1,0.4,0.7,+0.6,10,31,9,0,51,cl CHI,"MF,FW",Belgrano,Copa de la Liga,23,1999,9.8,321,287,30,10,1,3,26,2,17,6,5,1,222,4,5,cl CHI,"MF,FW",Belgrano,Copa de la Liga,23,1999,9.8,25,2.56,17,3,1,3,0,1,4,0.41,2,0,0,2,0,0,cl CHI,"MF,FW",Belgrano,Copa de la Liga,23,1999,9.8,12,7,2,8,2,8,13,61.5,5,18,2,16,8,20,5,0,cl CHI,"MF,FW",Belgrano,Copa de la Liga,23,1999,9.8,438,4,51,239,152,7,438,23,9,39.1,13,56.5,207,991,387,12,10,0,24,9,260,44,cl CHI,"MF,FW",Belgrano,Copa de la Liga,23,1999,12,878,73,69.7,9.8,12,73,1,0,0,2,1.38,14,10,+4,+0.41,+0.88,7.7,10.6,-2.8,-0.29,-0.12,cl CHI,"MF,FW",Belgrano,Copa de la Liga,23,1999,9.8,4,0,0,14,3,0,26,8,7,0,0,0,60,4,5,44.4
Alan Marinelli,ar ARG,"FW,MF",Sarmiento,Copa de la Liga,23,1999,13,13,898,10.0,0,3,3,0,0,0,5,1,0.3,0.3,0.4,0.7,10,12,52,0.00,0.30,0.30,0.00,0.30,0.03,0.04,0.07,0.03,0.07,ar ARG,"FW,MF",Sarmiento,Copa de la Liga,23,1999,10.0,0,12,3,25.0,1.20,0.30,0.00,0.00,21.0,0,0,0,0.3,0.3,0.03,-0.3,-0.3,ar ARG,"FW,MF",Sarmiento,Copa de la Liga,23,1999,10.0,91,129,70.5,1318,292,48,62,77.4,30,42,71.4,6,9,66.7,3,0.4,0.2,+2.6,6,9,2,0,12,ar ARG,"FW,MF",Sarmiento,Copa de la Liga,23,1999,10.0,129,119,9,1,0,1,10,3,3,0,1,0,91,1,3,ar ARG,"FW,MF",Sarmiento,Copa de la Liga,23,1999,10.0,12,1.20,7,2,3,0,0,0,4,0.40,3,0,1,0,0,0,ar ARG,"FW,MF",Sarmiento,Copa de la Liga,23,1999,10.0,12,9,5,5,2,8,23,34.8,15,17,1,16,2,14,7,0,ar ARG,"FW,MF",Sarmiento,Copa de la Liga,23,1999,10.0,277,5,39,129,113,20,277,41,15,36.6,23,56.1,153,961,374,10,15,3,41,19,160,52,ar ARG,"FW,MF",Sarmiento,Copa de la Liga,23,1999,13,898,69,71.3,10.0,13,69,1,0,0,0,1.15,7,5,+2,+0.20,+0.70,4.7,9.7,-5.0,-0.50,-0.13,ar ARG,"FW,MF",Sarmiento,Copa de la Liga,23,1999,10.0,5,1,1,17,6,4,10,2,9,0,0,0,31,3,34,8.1
Gonzalo Marinelli,ar ARG,GK,Tigre,Copa de la Liga,33,1989,1,1,90,1.0,0,0,0,0,0,0,0,0,0.0,0.0,0.0,0.0,0,0,0,0.00,0.00,0.00,0.00,0.00,0.00,0.00,0.00,0.00,0.00,ar ARG,GK,Tigre,Copa de la Liga,33,1989,1.0,0,0,0,0,0.00,0.00,0,0,0,0,0,0,0.0,0.0,0,0.0,0.0,ar ARG,GK,Tigre,Copa de la Liga,33,1989,1.0,26,42,61.9,1315,1282,1,1,100.0,4,4,100.0,21,37,56.8,0,0.0,0.0,0.0,0,9,0,0,0,ar ARG,GK,Tigre,Copa de la Liga,33,1989,1.0,42,26,16,3,0,0,0,0,0,0,0,0,26,0,0,ar ARG,GK,Tigre,Copa de la Liga,33,1989,1.0,1,1.00,1,0,0,0,0,0,0,0.00,0,0,0,0,0,0,ar ARG,GK,Tigre,Copa de la Liga,33,1989,1.0,0,0,0,0,0,0,0,0,0,0,0,0,0,0,1,1,ar ARG,GK,Tigre,Copa de la Liga,33,1989,1.0,44,24,43,1,0,0,44,1,0,0.0,1,100.0,25,135,65,0,0,0,0,0,15,0,ar ARG,GK,Tigre,Copa de la Liga,33,1989,1,90,90,7.1,1.0,1,90,1,0,0,11,0.00,0,2,-2,-2.00,-1.77,0.6,1.5,-0.9,-0.94,-1.21,ar ARG,GK,Tigre,Copa de la Liga,33,1989,1.0,0,0,0,0,1,0,0,0,0,0,0,0,1,0,0,0
Gonzalo Maroni,ar ARG,MF,San Lorenzo,Copa de la Liga,23,1999,14,9,832,9.2,1,2,3,1,0,0,4,0,1.4,1.4,0.9,2.3,20,43,34,0.11,0.22,0.32,0.11,0.32,0.15,0.10,0.25,0.15,0.25,ar ARG,MF,San Lorenzo,Copa de la Liga,23,1999,9.2,1,9,4,44.4,0.97,0.43,0.11,0.25,21.6,0,0,0,1.4,1.4,0.16,-0.4,-0.4,ar ARG,MF,San Lorenzo,Copa de la Liga,23,1999,9.2,303,414,73.2,4881,1581,159,188,84.6,102,130,78.5,29,67,43.3,2,0.9,1.6,+1.1,15,33,7,1,43,ar ARG,MF,San Lorenzo,Copa de la Liga,23,1999,9.2,414,350,63,27,0,2,46,4,31,12,11,0,303,1,8,ar ARG,MF,San Lorenzo,Copa de la Liga,23,1999,9.2,28,3.03,10,14,1,1,1,1,3,0.32,1,2,0,0,0,0,ar ARG,MF,San Lorenzo,Copa de la Liga,23,1999,9.2,15,11,1,12,2,4,14,28.6,10,10,4,6,8,23,1,0,ar ARG,MF,San Lorenzo,Copa de la Liga,23,1999,9.2,508,4,59,284,177,12,508,36,15,41.7,20,55.6,258,1605,710,20,16,3,22,9,299,34,ar ARG,MF,San Lorenzo,Copa de la Liga,23,1999,14,832,59,66.0,9.2,9,73,2,5,35,0,1.29,8,7,+1,+0.11,+0.32,8.2,8.3,-0.2,-0.02,+0.34,ar ARG,MF,San Lorenzo,Copa de la Liga,23,1999,9.2,4,0,0,11,5,0,46,8,11,0,0,0,58,6,6,50.0
Alexis Martin Arias,ar ARG,GK,Arg Juniors,Copa de la Liga,30,1992,12,12,"1,080",12.0,0,0,0,0,0,0,1,0,0.0,0.0,0.0,0.0,0,0,0,0.00,0.00,0.00,0.00,0.00,0.00,0.00,0.00,0.00,0.00,ar ARG,GK,Arg Juniors,Copa de la Liga,30,1992,12.0,0,0,0,0,0.00,0.00,0,0,0,0,0,0,0.0,0.0,0,0.0,0.0,ar ARG,GK,Arg Juniors,Copa de la Liga,30,1992,12.0,285,329,86.6,6533,4744,80,80,100.0,151,153,98.7,52,94,55.3,0,0.0,0.0,0.0,0,4,0,0,0,ar ARG,GK,Arg Juniors,Copa de la Liga,30,1992,12.0,329,236,93,7,0,0,0,0,0,0,0,0,285,0,0,ar ARG,GK,Arg Juniors,Copa de la Liga,30,1992,12.0,0,0.00,0,0,0,0,0,0,0,0.00,0,0,0,0,0,0,ar ARG,GK,Arg Juniors,Copa de la Liga,30,1992,12.0,0,0,0,0,0,0,0,0,0,0,0,0,0,0,3,0,ar ARG,GK,Arg Juniors,Copa de la Liga,30,1992,12.0,354,314,354,0,0,0,354,1,1,100.0,0,0.0,172,858,456,0,0,0,0,0,142,0,ar ARG,GK,Arg Juniors,Copa de la Liga,30,1992,12,"1,080",90,85.7,12.0,12,90,12,0,0,1,1.00,17,21,-4,-0.33,-0.33,14.9,17.9,-3.0,-0.25,-0.25,ar ARG,GK,Arg Juniors,Copa de la Liga,30,1992,12.0,1,0,0,2,0,0,0,0,0,0,2,0,18,2,0,100.0
Enzo Martín Roldán,ar ARG,MF,Unión,Copa de la Liga,22,2000,7,7,476,5.3,0,1,1,0,0,0,0,0,0.4,0.4,0.4,0.7,12,21,18,0.00,0.19,0.19,0.00,0.19,0.07,0.07,0.14,0.07,0.14,ar ARG,MF,Unión,Copa de la Liga,22,2000,5.3,0,6,2,33.3,1.13,0.38,0.00,0.00,23.8,0,0,0,0.4,0.4,0.06,-0.4,-0.4,ar ARG,MF,Unión,Copa de la Liga,22,2000,5.3,160,224,71.4,2674,463,80,92,87.0,57,75,76.0,17,32,53.1,1,0.4,0.2,+0.6,7,10,4,2,21,ar ARG,MF,Unión,Copa de la Liga,22,2000,5.3,224,199,24,9,0,2,20,3,12,2,4,0,160,1,13,ar ARG,MF,Unión,Copa de la Liga,22,2000,5.3,15,2.84,12,2,0,0,1,0,2,0.38,2,0,0,0,0,0,ar ARG,MF,Unión,Copa de la Liga,22,2000,5.3,8,6,0,8,0,3,7,42.9,4,1,0,1,1,9,3,1,ar ARG,MF,Unión,Copa de la Liga,22,2000,5.3,270,5,31,162,82,2,270,9,1,11.1,7,77.8,166,1253,532,12,15,0,7,8,171,18,ar ARG,MF,Unión,Copa de la Liga,22,2000,7,476,68,37.8,5.3,7,68,0,0,0,0,1.43,6,4,+2,+0.38,+0.95,6.3,4.2,+2.1,+0.40,+0.85,ar ARG,MF,Unión,Copa de la Liga,22,2000,5.3,0,0,0,6,9,0,20,1,6,0,0,0,34,4,4,50.0
Adrián Martínez,ar ARG,FW,Instituto,Copa de la Liga,30,1992,13,13,"1,165",12.9,5,3,8,4,1,1,5,0,5.7,4.9,1.6,6.5,15,18,60,0.39,0.23,0.62,0.31,0.54,0.44,0.12,0.56,0.38,0.50,ar ARG,FW,Instituto,Copa de la Liga,30,1992,12.9,5,30,7,23.3,2.32,0.54,0.13,0.57,13.7,0,1,1,5.7,4.9,0.16,-0.7,-0.9,ar ARG,FW,Instituto,Copa de la Liga,30,1992,12.9,144,227,63.4,2040,367,83,116,71.6,39,65,60.0,10,17,58.8,3,1.6,0.5,+1.4,15,12,3,0,18,ar ARG,FW,Instituto,Copa de la Liga,30,1992,12.9,227,220,5,0,0,1,1,0,0,0,0,0,144,2,10,ar ARG,FW,Instituto,Copa de la Liga,30,1992,12.9,23,1.78,16,0,1,3,3,0,4,0.31,3,0,0,0,1,0,ar ARG,FW,Instituto,Copa de la Liga,30,1992,12.9,9,6,1,5,3,3,7,42.9,4,13,2,11,1,10,17,0,ar ARG,FW,Instituto,Copa de la Liga,30,1992,12.9,383,21,31,135,227,65,382,18,10,55.6,7,38.9,193,776,308,15,9,9,43,15,256,60,ar ARG,FW,Instituto,Copa de la Liga,30,1992,13,"1,165",90,92.5,12.9,13,90,10,0,0,0,1.54,11,5,+6,+0.46,+2.36,12.8,10.9,+1.8,+0.14,+0.78,ar ARG,FW,Instituto,Copa de la Liga,30,1992,12.9,5,0,0,30,7,24,1,1,6,1,0,0,47,38,56,40.4
Brian Martínez,ar ARG,"FW,MF",Independiente,Copa de la Liga,23,1999,11,10,736,8.2,2,1,3,1,1,1,2,0,3.3,2.5,0.7,3.2,30,38,61,0.24,0.12,0.37,0.12,0.24,0.40,0.09,0.48,0.30,0.39,ar ARG,"FW,MF",Independiente,Copa de la Liga,23,1999,8.2,2,15,2,13.3,1.83,0.24,0.07,0.50,18.5,0,1,1,3.3,2.5,0.17,-1.3,-1.5,ar ARG,"FW,MF",Independiente,Copa de la Liga,23,1999,8.2,193,301,64.1,2973,988,110,144,76.4,62,87,71.3,14,36,38.9,1,0.7,0.5,+0.3,7,19,7,0,38,ar ARG,"FW,MF",Independiente,Copa de la Liga,23,1999,8.2,301,275,25,10,2,1,36,6,9,3,5,0,193,1,20,ar ARG,"FW,MF",Independiente,Copa de la Liga,23,1999,8.2,25,3.06,15,1,6,0,3,0,3,0.37,1,0,1,0,1,0,ar ARG,"FW,MF",Independiente,Copa de la Liga,23,1999,8.2,11,6,6,4,1,4,15,26.7,11,12,0,12,3,14,1,0,ar ARG,"FW,MF",Independiente,Copa de la Liga,23,1999,8.2,430,2,58,201,190,20,429,51,20,39.2,26,51.0,282,1744,890,30,21,6,33,18,273,61,ar ARG,"FW,MF",Independiente,Copa de la Liga,23,1999,11,736,67,58.4,8.2,10,69,2,1,45,3,1.27,6,4,+2,+0.24,-0.10,10.2,3.5,+6.7,+0.82,+0.64,ar ARG,"FW,MF",Independiente,Copa de la Liga,23,1999,8.2,2,0,0,9,20,1,36,3,6,0,0,0,46,10,16,38.5
Damián Martínez,ar ARG,DF,Rosario Central,Copa de la Liga,33,1990,11,11,947,10.5,1,0,1,1,0,0,4,0,0.4,0.4,0.1,0.4,12,21,18,0.10,0.00,0.10,0.10,0.10,0.04,0.00,0.04,0.04,0.04,ar ARG,DF,Rosario Central,Copa de la Liga,33,1990,10.5,1,8,1,12.5,0.76,0.10,0.13,1.00,20.6,0,0,0,0.4,0.4,0.05,+0.6,+0.6,ar ARG,DF,Rosario Central,Copa de la Liga,33,1990,10.5,236,358,65.9,4127,2131,106,124,85.5,107,155,69.0,21,64,32.8,0,0.1,0.1,-0.1,2,16,1,0,21,ar ARG,DF,Rosario Central,Copa de la Liga,33,1990,10.5,358,265,92,4,0,2,10,88,0,0,0,0,236,1,8,ar ARG,DF,Rosario Central,Copa de la Liga,33,1990,10.5,11,1.05,7,1,1,0,1,1,0,0.00,0,0,0,0,0,0,ar ARG,DF,Rosario Central,Copa de la Liga,33,1990,10.5,24,18,16,5,3,15,26,57.7,11,10,3,7,8,32,25,0,ar ARG,DF,Rosario Central,Copa de la Liga,33,1990,10.5,466,32,186,199,85,9,466,9,3,33.3,6,66.7,170,849,494,12,6,0,15,0,189,18,ar ARG,DF,Rosario Central,Copa de la Liga,33,1990,11,947,86,75.2,10.5,11,86,8,0,0,0,1.71,15,9,+6,+0.57,+1.15,10.7,15.7,-5.0,-0.48,-0.62,ar ARG,DF,Rosario Central,Copa de la Liga,33,1990,10.5,4,0,0,19,5,0,10,8,18,0,0,0,50,9,5,64.3
Fernando Martínez,py PAR,MF,Sarmiento,Copa de la Liga,28,1994,4,3,187,2.1,0,0,0,0,0,0,2,0,0.0,0.0,0.0,0.0,0,5,1,0.00,0.00,0.00,0.00,0.00,0.01,0.00,0.01,0.01,0.01,py PAR,MF,Sarmiento,Copa de la Liga,28,1994,2.1,0,1,0,0.0,0.48,0.00,0.00,0,26.7,0,0,0,0.0,0.0,0.01,0.0,0.0,py PAR,MF,Sarmiento,Copa de la Liga,28,1994,2.1,65,89,73.0,1175,351,26,35,74.3,36,42,85.7,3,10,30.0,0,0.0,0.0,0.0,0,3,0,0,5,py PAR,MF,Sarmiento,Copa de la Liga,28,1994,2.1,89,89,0,0,0,1,0,0,0,0,0,0,65,0,1,py PAR,MF,Sarmiento,Copa de la Liga,28,1994,2.1,2,0.96,2,0,0,0,0,0,0,0.00,0,0,0,0,0,0,py PAR,MF,Sarmiento,Copa de la Liga,28,1994,2.1,7,3,2,5,0,4,5,80.0,1,3,2,1,3,10,4,0,py PAR,MF,Sarmiento,Copa de la Liga,28,1994,2.1,114,6,36,79,2,0,114,3,1,33.3,1,33.3,52,203,91,0,0,0,5,0,53,1,py PAR,MF,Sarmiento,Copa de la Liga,28,1994,4,187,47,14.8,2.1,3,53,1,1,29,5,1.75,1,1,0,0.00,0.00,1.5,1.4,+0.1,+0.07,+0.62,py PAR,MF,Sarmiento,Copa de la Liga,28,1994,2.1,2,0,0,2,1,0,0,3,3,0,0,0,23,8,10,44.4
Franco Martínez,ar ARG,DF,Arsenal,Copa de la Liga,20,2002,2,1,132,1.5,0,0,0,0,0,0,1,0,0.0,0.0,0.0,0.0,0,2,0,0.00,0.00,0.00,0.00,0.00,0.00,0.00,0.00,0.00,0.00,ar ARG,DF,Arsenal,Copa de la Liga,20,2002,1.5,0,0,0,0,0.00,0.00,0,0,0,0,0,0,0.0,0.0,0,0.0,0.0,ar ARG,DF,Arsenal,Copa de la Liga,20,2002,1.5,44,62,71.0,830,442,16,20,80.0,24,29,82.8,4,12,33.3,0,0.0,0.0,0.0,0,1,0,0,2,ar ARG,DF,Arsenal,Copa de la Liga,20,2002,1.5,62,47,15,1,0,1,2,14,0,0,0,0,44,0,0,ar ARG,DF,Arsenal,Copa de la Liga,20,2002,1.5,0,0.00,0,0,0,0,0,0,0,0.00,0,0,0,0,0,0,ar ARG,DF,Arsenal,Copa de la Liga,20,2002,1.5,5,3,3,2,0,2,6,33.3,4,4,2,2,2,7,2,0,ar ARG,DF,Arsenal,Copa de la Liga,20,2002,1.5,78,5,26,37,15,2,78,0,0,0,0,0,23,77,48,0,0,0,4,0,29,0,ar ARG,DF,Arsenal,Copa de la Liga,20,2002,2,132,66,10.5,1.5,1,56,0,1,76,5,0.00,1,3,-2,-1.36,-1.12,1.5,1.6,0.0,-0.01,+0.09,ar ARG,DF,Arsenal,Copa de la Liga,20,2002,1.5,1,0,0,5,0,0,2,2,3,0,0,0,7,2,3,40.0
Luca Martínez,mx MEX,FW,Rosario Central,Copa de la Liga,22,2001,10,1,405,4.5,2,0,2,2,0,0,1,0,1.2,1.2,0.1,1.3,6,5,5,0.44,0.00,0.44,0.44,0.44,0.28,0.02,0.30,0.28,0.30,mx MEX,FW,Rosario Central,Copa de la Liga,22,2001,4.5,2,9,4,44.4,2.00,0.89,0.22,0.50,12.9,0,0,0,1.2,1.2,0.14,+0.8,+0.8,mx MEX,FW,Rosario Central,Copa de la Liga,22,2001,4.5,30,53,56.6,345,69,21,32,65.6,3,9,33.3,2,4,50.0,0,0.1,0.1,-0.1,2,3,2,0,5,mx MEX,FW,Rosario Central,Copa de la Liga,22,2001,4.5,53,43,9,1,0,0,1,1,0,0,0,0,30,1,0,mx MEX,FW,Rosario Central,Copa de la Liga,22,2001,4.5,8,1.78,3,0,1,2,2,0,3,0.67,1,0,1,0,1,0,mx MEX,FW,Rosario Central,Copa de la Liga,22,2001,4.5,0,0,0,0,0,0,2,0.0,2,2,0,2,2,2,8,0,mx MEX,FW,Rosario Central,Copa de la Liga,22,2001,4.5,94,8,11,50,36,14,94,4,4,100.0,0,0.0,47,401,165,6,5,4,12,5,64,5,mx MEX,FW,Rosario Central,Copa de la Liga,22,2001,10,405,41,32.1,4.5,1,84,0,9,36,0,1.85,7,4,+3,+0.67,+0.56,3.0,6.0,-3.0,-0.66,-0.49,mx MEX,FW,Rosario Central,Copa de la Liga,22,2001,4.5,1,0,0,10,15,4,1,2,0,0,0,0,15,21,20,51.2
Roger Martínez,co COL,FW,Racing Club,Copa de la Liga,28,1994,10,10,848,9.4,2,1,3,2,0,0,1,0,1.3,1.3,1.1,2.4,19,23,80,0.21,0.11,0.32,0.21,0.32,0.14,0.12,0.26,0.14,0.26,co COL,FW,Racing Club,Copa de la Liga,28,1994,9.4,2,23,5,21.7,2.44,0.53,0.09,0.40,19.2,0,0,0,1.3,1.3,0.06,+0.7,+0.7,co COL,FW,Racing Club,Copa de la Liga,28,1994,9.4,145,193,75.1,1940,399,93,113,82.3,37,44,84.1,7,13,53.8,1,1.1,0.8,-0.1,13,10,13,2,23,co COL,FW,Racing Club,Copa de la Liga,28,1994,9.4,193,173,19,0,0,0,5,1,0,0,0,0,145,1,10,co COL,FW,Racing Club,Copa de la Liga,28,1994,9.4,26,2.76,19,0,0,1,6,0,3,0.32,2,0,0,0,1,0,co COL,FW,Racing Club,Copa de la Liga,28,1994,9.4,9,5,0,6,3,3,6,50.0,3,6,1,5,1,10,6,0,co COL,FW,Racing Club,Copa de la Liga,28,1994,9.4,322,7,11,113,200,55,322,36,9,25.0,24,66.7,227,1194,418,19,12,14,33,17,247,80,co COL,FW,Racing Club,Copa de la Liga,28,1994,10,848,85,67.3,9.4,10,85,6,0,0,0,1.36,11,9,+2,+0.21,-0.66,10.3,10.4,-0.1,-0.02,-0.28,co COL,FW,Racing Club,Copa de la Liga,28,1994,9.4,1,0,0,13,14,5,5,1,5,1,0,0,19,13,23,36.1
Ronaldo Martínez,py PAR,FW,Platense,Copa de la Liga,26,1996,12,10,707,7.9,4,0,4,4,0,0,2,0,1.5,1.5,0.5,2.1,8,17,43,0.51,0.00,0.51,0.51,0.51,0.20,0.07,0.26,0.20,0.26,py PAR,FW,Platense,Copa de la Liga,26,1996,7.9,4,18,9,50.0,2.29,1.15,0.22,0.44,16.7,0,0,0,1.5,1.5,0.09,+2.5,+2.5,py PAR,FW,Platense,Copa de la Liga,26,1996,7.9,88,182,48.4,1154,323,55,97,56.7,23,47,48.9,3,9,33.3,0,0.5,0.3,-0.5,10,11,3,1,17,py PAR,FW,Platense,Copa de la Liga,26,1996,7.9,182,171,10,0,1,0,6,1,0,0,0,0,88,1,6,py PAR,FW,Platense,Copa de la Liga,26,1996,7.9,19,2.42,14,1,2,2,0,0,1,0.13,1,0,0,0,0,0,py PAR,FW,Platense,Copa de la Liga,26,1996,7.9,2,1,0,2,0,0,4,0.0,4,1,0,1,1,3,8,0,py PAR,FW,Platense,Copa de la Liga,26,1996,7.9,256,7,10,123,123,26,256,9,4,44.4,5,55.6,117,475,155,8,8,2,22,6,186,43,py PAR,FW,Platense,Copa de la Liga,26,1996,12,707,59,56.1,7.9,10,65,1,2,27,2,1.27,7,7,0,0.00,+0.49,6.7,7.9,-1.2,-0.15,+0.02,py PAR,FW,Platense,Copa de la Liga,26,1996,7.9,2,0,0,6,4,2,6,1,1,0,0,0,16,51,57,47.2
Rubén Martínez,ar ARG,"MF,FW",Independiente,Copa de la Liga,18,2004,3,1,117,1.3,0,0,0,0,0,0,0,0,0.0,0.0,0.2,0.2,0,3,0,0.00,0.00,0.00,0.00,0.00,0.01,0.13,0.14,0.01,0.14,ar ARG,"MF,FW",Independiente,Copa de la Liga,18,2004,1.3,0,1,0,0.0,0.77,0.00,0.00,0,29.7,0,0,0,0.0,0.0,0.01,0.0,0.0,ar ARG,"MF,FW",Independiente,Copa de la Liga,18,2004,1.3,14,24,58.3,322,88,5,9,55.6,5,8,62.5,4,6,66.7,0,0.2,0.0,-0.2,1,2,0,0,3,ar ARG,"MF,FW",Independiente,Copa de la Liga,18,2004,1.3,24,24,0,0,0,0,0,0,0,0,0,0,14,0,0,ar ARG,"MF,FW",Independiente,Copa de la Liga,18,2004,1.3,1,0.76,0,0,0,1,0,0,0,0.00,0,0,0,0,0,0,ar ARG,"MF,FW",Independiente,Copa de la Liga,18,2004,1.3,4,2,3,1,0,3,4,75.0,1,2,0,2,3,7,1,0,ar ARG,"MF,FW",Independiente,Copa de la Liga,18,2004,1.3,42,3,14,26,2,0,42,2,0,0.0,2,100.0,14,44,18,0,0,0,1,0,15,0,ar ARG,"MF,FW",Independiente,Copa de la Liga,18,2004,3,117,39,9.3,1.3,1,90,1,2,14,6,1.33,2,1,+1,+0.77,+0.53,2.3,0.9,+1.4,+1.05,+0.55,ar ARG,"MF,FW",Independiente,Copa de la Liga,18,2004,1.3,0,0,0,2,1,0,0,3,2,0,0,0,7,1,3,25.0
Ángelo Martino,ar ARG,"DF,FW",Newell's OB,Copa de la Liga,24,1998,12,10,848,9.4,1,2,3,1,0,0,1,0,0.4,0.4,0.7,1.1,17,35,31,0.11,0.21,0.32,0.11,0.32,0.04,0.07,0.11,0.04,0.11,ar ARG,"DF,FW",Newell's OB,Copa de la Liga,24,1998,9.4,1,11,4,36.4,1.17,0.42,0.09,0.25,20.7,0,0,0,0.4,0.4,0.03,+0.6,+0.6,ar ARG,"DF,FW",Newell's OB,Copa de la Liga,24,1998,9.4,294,403,73.0,4661,2149,160,183,87.4,112,150,74.7,17,43,39.5,2,0.7,0.2,+1.3,10,21,4,1,35,ar ARG,"DF,FW",Newell's OB,Copa de la Liga,24,1998,9.4,403,303,98,6,0,2,14,92,0,0,0,0,294,2,10,ar ARG,"DF,FW",Newell's OB,Copa de la Liga,24,1998,9.4,18,1.91,13,2,0,1,1,1,1,0.11,1,0,0,0,0,0,ar ARG,"DF,FW",Newell's OB,Copa de la Liga,24,1998,9.4,21,11,17,3,1,13,19,68.4,6,5,3,2,13,34,17,0,ar ARG,"DF,FW",Newell's OB,Copa de la Liga,24,1998,9.4,518,24,170,248,104,14,518,25,13,52.0,11,44.0,243,1446,744,17,11,3,20,9,246,31,ar ARG,"DF,FW",Newell's OB,Copa de la Liga,24,1998,12,848,71,67.3,9.4,10,81,4,2,18,0,1.00,8,7,+1,+0.11,-0.55,8.1,7.7,+0.3,+0.03,-0.27,ar ARG,"DF,FW",Newell's OB,Copa de la Liga,24,1998,9.4,1,0,0,10,12,2,14,13,11,0,0,0,67,20,17,54.1
Gastón Martirena,uy URU,"DF,MF",Racing Club,Copa de la Liga,23,2000,9,7,581,6.5,1,1,2,1,0,0,2,0,0.2,0.2,1.0,1.2,7,28,62,0.15,0.15,0.31,0.15,0.31,0.04,0.15,0.18,0.04,0.18,uy URU,"DF,MF",Racing Club,Copa de la Liga,23,2000,6.5,1,5,1,20.0,0.77,0.15,0.20,1.00,20.9,1,0,0,0.2,0.2,0.05,+0.8,+0.8,uy URU,"DF,MF",Racing Club,Copa de la Liga,23,2000,6.5,253,365,69.3,4349,1393,119,139,85.6,102,140,72.9,26,57,45.6,1,1.0,0.9,0.0,8,9,14,5,28,uy URU,"DF,MF",Racing Club,Copa de la Liga,23,2000,6.5,365,273,90,4,0,6,29,83,3,0,2,0,253,2,16,uy URU,"DF,MF",Racing Club,Copa de la Liga,23,2000,6.5,17,2.62,14,1,2,0,0,0,1,0.15,1,0,0,0,0,0,uy URU,"DF,MF",Racing Club,Copa de la Liga,23,2000,6.5,12,6,3,4,5,9,14,64.3,5,16,1,15,4,16,11,0,uy URU,"DF,MF",Racing Club,Copa de la Liga,23,2000,6.5,456,8,82,198,181,18,456,20,10,50.0,10,50.0,209,897,422,7,9,2,20,8,224,62,uy URU,"DF,MF",Racing Club,Copa de la Liga,23,2000,9,581,65,46.1,6.5,7,75,3,2,27,4,1.44,8,7,+1,+0.15,-0.51,7.0,8.1,-1.2,-0.18,-0.48,uy URU,"DF,MF",Racing Club,Copa de la Liga,23,2000,6.5,2,0,0,7,6,1,29,4,6,0,0,0,44,9,10,47.4
Emmanuel Más,ar ARG,DF,Colón,Copa de la Liga,34,1989,11,8,787,8.7,0,0,0,0,0,0,1,0,0.1,0.1,0.2,0.3,3,30,17,0.00,0.00,0.00,0.00,0.00,0.01,0.02,0.03,0.01,0.03,ar ARG,DF,Colón,Copa de la Liga,34,1989,8.7,0,4,1,25.0,0.46,0.11,0.00,0.00,26.4,0,0,0,0.1,0.1,0.02,-0.1,-0.1,ar ARG,DF,Colón,Copa de la Liga,34,1989,8.7,263,371,70.9,4465,2053,128,150,85.3,101,146,69.2,27,58,46.6,0,0.2,0.4,-0.2,4,25,5,1,30,ar ARG,DF,Colón,Copa de la Liga,34,1989,8.7,371,292,78,2,0,2,13,76,0,0,0,0,263,1,5,ar ARG,DF,Colón,Copa de la Liga,34,1989,8.7,10,1.14,8,2,0,0,0,0,1,0.11,1,0,0,0,0,0,ar ARG,DF,Colón,Copa de la Liga,34,1989,8.7,12,8,9,3,0,8,12,66.7,4,9,1,8,11,23,22,1,ar ARG,DF,Colón,Copa de la Liga,34,1989,8.7,453,27,150,224,87,9,453,9,5,55.6,4,44.4,166,906,425,3,10,0,8,4,207,17,ar ARG,DF,Colón,Copa de la Liga,34,1989,11,787,72,62.5,8.7,8,88,7,3,28,1,1.27,11,9,+2,+0.23,+0.23,11.3,9.7,+1.6,+0.18,+0.14,ar ARG,DF,Colón,Copa de la Liga,34,1989,8.7,1,0,0,7,3,0,13,11,8,0,1,0,51,10,7,58.8
Facundo Mater,sy SYR,"DF,MF",Barracas Central,Copa de la Liga,24,1998,11,11,885,9.8,0,0,0,0,0,0,2,0,0.9,0.9,0.1,1.0,9,30,37,0.00,0.00,0.00,0.00,0.00,0.09,0.01,0.10,0.09,0.10,sy SYR,"DF,MF",Barracas Central,Copa de la Liga,24,1998,9.8,0,7,2,28.6,0.71,0.20,0.00,0.00,16.7,0,0,0,0.9,0.9,0.13,-0.9,-0.9,sy SYR,"DF,MF",Barracas Central,Copa de la Liga,24,1998,9.8,235,342,68.7,3527,1283,132,171,77.2,83,104,79.8,11,28,39.3,0,0.1,0.4,-0.1,4,21,6,2,30,sy SYR,"DF,MF",Barracas Central,Copa de la Liga,24,1998,9.8,342,289,52,1,1,0,14,46,0,0,0,0,235,1,17,sy SYR,"DF,MF",Barracas Central,Copa de la Liga,24,1998,9.8,12,1.22,7,0,0,0,4,1,1,0.10,0,0,0,0,1,0,sy SYR,"DF,MF",Barracas Central,Copa de la Liga,24,1998,9.8,17,7,7,7,3,8,24,33.3,16,17,0,17,15,32,12,0,sy SYR,"DF,MF",Barracas Central,Copa de la Liga,24,1998,9.8,498,15,91,245,170,9,498,44,10,22.7,29,65.9,241,1421,521,9,17,3,29,10,278,37,sy SYR,"DF,MF",Barracas Central,Copa de la Liga,24,1998,11,885,80,70.2,9.8,11,80,7,0,0,1,1.09,8,16,-8,-0.81,-0.09,7.2,8.2,-1.0,-0.10,+0.24,sy SYR,"DF,MF",Barracas Central,Copa de la Liga,24,1998,9.8,2,0,0,7,20,0,14,15,7,0,0,0,61,4,8,33.3
Guillermo Matías Fernández,ar ARG,MF,Boca Juniors,Copa de la Liga,31,1991,7,5,407,4.5,0,0,0,0,0,0,4,0,0.3,0.3,0.1,0.4,2,20,7,0.00,0.00,0.00,0.00,0.00,0.07,0.02,0.09,0.07,0.09,ar ARG,MF,Boca Juniors,Copa de la Liga,31,1991,4.5,0,2,1,50.0,0.44,0.22,0.00,0.00,8.1,0,0,0,0.3,0.3,0.16,-0.3,-0.3,ar ARG,MF,Boca Juniors,Copa de la Liga,31,1991,4.5,290,331,87.6,5036,1421,129,144,89.6,137,148,92.6,20,25,80.0,0,0.1,0.1,-0.1,2,18,1,0,20,ar ARG,MF,Boca Juniors,Copa de la Liga,31,1991,4.5,331,319,11,10,1,2,1,0,1,0,0,0,290,1,7,ar ARG,MF,Boca Juniors,Copa de la Liga,31,1991,4.5,2,0.44,1,1,0,0,0,0,0,0.00,0,0,0,0,0,0,ar ARG,MF,Boca Juniors,Copa de la Liga,31,1991,4.5,9,5,0,9,0,5,10,50.0,5,6,0,6,3,12,8,0,ar ARG,MF,Boca Juniors,Copa de la Liga,31,1991,4.5,374,9,110,233,33,4,374,6,3,50.0,3,50.0,233,1036,643,2,5,0,5,3,260,7,ar ARG,MF,Boca Juniors,Copa de la Liga,31,1991,7,407,58,32.3,4.5,5,69,2,2,32,3,1.57,6,5,+1,+0.22,+0.22,6.0,4.0,+2.0,+0.43,+0.24,ar ARG,MF,Boca Juniors,Copa de la Liga,31,1991,4.5,4,0,0,5,0,1,1,3,5,0,0,0,41,1,4,20.0
Diego Matías Rodríguez,ar ARG,GK,Godoy Cruz,Copa de la Liga,33,1989,14,14,"1,260",14.0,0,0,0,0,0,0,1,0,0.0,0.0,0.0,0.0,0,0,0,0.00,0.00,0.00,0.00,0.00,0.00,0.00,0.00,0.00,0.00,ar ARG,GK,Godoy Cruz,Copa de la Liga,33,1989,14.0,0,0,0,0,0.00,0.00,0,0,0,0,0,0,0.0,0.0,0,0.0,0.0,ar ARG,GK,Godoy Cruz,Copa de la Liga,33,1989,14.0,306,469,65.2,11859,9468,4,4,100.0,111,114,97.4,191,350,54.6,0,0.0,0.0,0.0,0,13,0,0,0,ar ARG,GK,Godoy Cruz,Copa de la Liga,33,1989,14.0,469,265,203,63,0,4,0,0,0,0,0,0,306,1,0,ar ARG,GK,Godoy Cruz,Copa de la Liga,33,1989,14.0,3,0.21,2,1,0,0,0,0,0,0.00,0,0,0,0,0,0,ar ARG,GK,Godoy Cruz,Copa de la Liga,33,1989,14.0,0,0,0,0,0,0,0,0,0,1,0,1,0,0,4,1,ar ARG,GK,Godoy Cruz,Copa de la Liga,33,1989,14.0,493,400,485,8,0,0,493,0,0,0,0,0,210,1316,881,0,0,0,1,0,157,0,ar ARG,GK,Godoy Cruz,Copa de la Liga,33,1989,14,"1,260",90,100.0,14.0,14,90,14,0,0,0,1.50,14,9,+5,+0.36,0,16.4,12.3,+4.1,+0.29,0,ar ARG,GK,Godoy Cruz,Copa de la Liga,33,1989,14.0,1,0,0,0,6,0,0,0,0,0,0,0,12,3,0,100.0
Guillermo May,uy URU,FW,Newell's OB,Copa de la Liga,24,1998,9,2,329,3.7,2,0,2,2,0,0,0,1,1.8,1.8,0.1,1.8,5,9,16,0.55,0.00,0.55,0.55,0.55,0.48,0.02,0.50,0.48,0.50,uy URU,FW,Newell's OB,Copa de la Liga,24,1998,3.7,2,12,7,58.3,3.28,1.91,0.17,0.29,14.2,0,0,0,1.8,1.8,0.15,+0.2,+0.2,uy URU,FW,Newell's OB,Copa de la Liga,24,1998,3.7,53,71,74.6,925,143,27,34,79.4,18,24,75.0,7,9,77.8,0,0.1,0.2,-0.1,2,8,1,0,9,uy URU,FW,Newell's OB,Copa de la Liga,24,1998,3.7,71,66,5,0,0,2,0,0,0,0,0,0,53,0,3,uy URU,FW,Newell's OB,Copa de la Liga,24,1998,3.7,7,1.91,4,0,0,2,0,1,1,0.27,0,0,0,0,0,1,uy URU,FW,Newell's OB,Copa de la Liga,24,1998,3.7,4,1,0,2,2,3,6,50.0,3,4,1,3,1,5,4,0,uy URU,FW,Newell's OB,Copa de la Liga,24,1998,3.7,132,4,7,75,50,22,132,6,0,0.0,5,83.3,69,382,112,5,2,2,19,5,89,16,uy URU,FW,Newell's OB,Copa de la Liga,24,1998,9,329,37,26.1,3.7,2,76,1,7,25,0,0.89,3,6,-3,-0.82,-1.50,3.6,3.9,-0.3,-0.09,-0.29,uy URU,FW,Newell's OB,Copa de la Liga,24,1998,3.7,0,1,0,9,4,4,0,1,1,0,0,0,13,17,11,60.7
Walter Mazzantti,ar ARG,FW,Huracán,Copa de la Liga,26,1996,14,11,"1,059",11.8,3,2,5,3,0,0,2,0,1.4,1.4,2.6,4.0,33,17,93,0.25,0.17,0.42,0.25,0.42,0.12,0.22,0.34,0.12,0.34,ar ARG,FW,Huracán,Copa de la Liga,26,1996,11.8,3,13,7,53.8,1.10,0.59,0.23,0.43,13.3,0,0,0,1.4,1.4,0.11,+1.6,+1.6,ar ARG,FW,Huracán,Copa de la Liga,26,1996,11.8,166,239,69.5,2021,486,104,132,78.8,31,48,64.6,9,17,52.9,2,2.6,1.4,-0.6,15,7,6,2,17,ar ARG,FW,Huracán,Copa de la Liga,26,1996,11.8,239,231,8,0,0,0,26,1,0,0,0,0,166,0,11,ar ARG,FW,Huracán,Copa de la Liga,26,1996,11.8,27,2.29,19,0,1,1,6,0,5,0.42,3,0,1,0,1,0,ar ARG,FW,Huracán,Copa de la Liga,26,1996,11.8,26,15,5,15,6,9,22,40.9,13,20,0,20,3,29,8,0,ar ARG,FW,Huracán,Copa de la Liga,26,1996,11.8,403,7,38,147,229,48,403,39,26,66.7,12,30.8,264,1811,798,33,22,11,49,21,275,93,ar ARG,FW,Huracán,Copa de la Liga,26,1996,14,"1,059",76,84.0,11.8,11,86,7,3,39,0,1.80,15,9,+6,+0.51,-0.39,11.3,11.0,+0.3,+0.02,+0.42,ar ARG,FW,Huracán,Copa de la Liga,26,1996,11.8,2,0,0,18,25,5,26,3,15,0,0,0,54,9,19,32.1
Nicolás Meaurio,ar ARG,FW,Racing Club,Copa de la Liga,19,2003,2,1,116,1.3,0,0,0,0,0,0,0,0,0.2,0.2,0.0,0.2,0,1,5,0.00,0.00,0.00,0.00,0.00,0.18,0.00,0.18,0.18,0.18,ar ARG,FW,Racing Club,Copa de la Liga,19,2003,1.3,0,2,1,50.0,1.55,0.78,0.00,0.00,24.0,0,0,0,0.2,0.2,0.12,-0.2,-0.2,ar ARG,FW,Racing Club,Copa de la Liga,19,2003,1.3,12,21,57.1,161,23,9,14,64.3,2,4,50.0,1,1,100.0,0,0.0,0.0,0.0,0,1,0,0,1,ar ARG,FW,Racing Club,Copa de la Liga,19,2003,1.3,21,19,2,0,0,0,0,0,0,0,0,0,12,0,0,ar ARG,FW,Racing Club,Copa de la Liga,19,2003,1.3,0,0.00,0,0,0,0,0,0,0,0.00,0,0,0,0,0,0,ar ARG,FW,Racing Club,Copa de la Liga,19,2003,1.3,0,0,0,0,0,0,2,0.0,2,0,0,0,2,2,0,0,ar ARG,FW,Racing Club,Copa de la Liga,19,2003,1.3,38,0,1,30,7,1,38,2,1,50.0,0,0.0,24,60,6,0,0,0,7,2,30,5,ar ARG,FW,Racing Club,Copa de la Liga,19,2003,2,116,58,9.2,1.3,1,87,0,1,29,0,3.00,2,2,0,0.00,-0.47,1.1,2.7,-1.6,-1.24,-1.45,ar ARG,FW,Racing Club,Copa de la Liga,19,2003,1.3,0,0,0,2,4,0,0,2,0,0,0,0,4,3,2,60.0
Alejandro Medina,ar ARG,GK,Arsenal,Copa de la Liga,36,1986,12,12,"1,079",12.0,0,0,0,0,0,0,1,1,0.0,0.0,0.0,0.0,0,1,0,0.00,0.00,0.00,0.00,0.00,0.00,0.00,0.00,0.00,0.00,ar ARG,GK,Arsenal,Copa de la Liga,36,1986,12.0,0,0,0,0,0.00,0.00,0,0,0,0,0,0,0.0,0.0,0,0.0,0.0,ar ARG,GK,Arsenal,Copa de la Liga,36,1986,12.0,213,406,52.5,7321,5570,27,27,100.0,92,96,95.8,94,279,33.7,0,0.0,0.1,0.0,0,16,1,0,1,ar ARG,GK,Arsenal,Copa de la Liga,36,1986,12.0,406,274,130,32,0,1,0,0,0,0,0,0,213,2,1,ar ARG,GK,Arsenal,Copa de la Liga,36,1986,12.0,1,0.08,1,0,0,0,0,0,0,0.00,0,0,0,0,0,0,ar ARG,GK,Arsenal,Copa de la Liga,36,1986,12.0,2,0,2,0,0,2,3,66.7,1,0,0,0,0,2,6,0,ar ARG,GK,Arsenal,Copa de la Liga,36,1986,12.0,432,336,428,4,0,0,432,1,1,100.0,0,0.0,251,1637,1136,0,0,0,0,0,144,0,ar ARG,GK,Arsenal,Copa de la Liga,36,1986,12,"1,079",90,85.6,12.0,12,90,11,0,0,0,0.75,8,14,-6,-0.50,-1.00,10.4,12.8,-2.4,-0.20,-0.80,ar ARG,GK,Arsenal,Copa de la Liga,36,1986,12.0,1,1,0,0,3,0,0,0,0,0,0,0,22,3,1,75.0
Cristian Medina,ar ARG,MF,Boca Juniors,Copa de la Liga,20,2002,11,8,722,8.0,1,1,2,1,0,0,1,0,1.1,1.1,0.8,1.9,33,56,23,0.12,0.12,0.25,0.12,0.25,0.14,0.10,0.24,0.14,0.24,ar ARG,MF,Boca Juniors,Copa de la Liga,20,2002,8.0,1,12,3,25.0,1.50,0.37,0.08,0.33,18.1,0,0,0,1.1,1.1,0.10,-0.1,-0.1,ar ARG,MF,Boca Juniors,Copa de la Liga,20,2002,8.0,398,454,87.7,6537,1646,202,220,91.8,161,182,88.5,28,35,80.0,1,0.8,0.6,+0.2,9,40,8,1,56,ar ARG,MF,Boca Juniors,Copa de la Liga,20,2002,8.0,454,439,15,3,2,3,9,10,1,0,1,0,398,0,8,ar ARG,MF,Boca Juniors,Copa de la Liga,20,2002,8.0,29,3.61,23,0,1,2,1,2,3,0.37,3,0,0,0,0,0,ar ARG,MF,Boca Juniors,Copa de la Liga,20,2002,8.0,19,11,6,12,1,6,16,37.5,10,7,2,5,5,24,3,0,ar ARG,MF,Boca Juniors,Copa de la Liga,20,2002,8.0,535,8,78,336,123,14,535,25,15,60.0,8,32.0,340,2184,1326,33,21,3,14,9,426,23,ar ARG,MF,Boca Juniors,Copa de la Liga,20,2002,11,722,66,57.3,8.0,8,73,3,3,45,0,1.55,14,12,+2,+0.25,+0.42,12.1,8.4,+3.8,+0.47,+0.46,ar ARG,MF,Boca Juniors,Copa de la Liga,20,2002,8.0,1,0,0,12,7,0,9,5,11,0,0,0,34,0,10,0.0
Sebastián Medina,ar ARG,"MF,FW",Tigre,Copa de la Liga,22,2000,6,2,190,2.1,0,0,0,0,0,0,2,0,0.2,0.2,0.1,0.3,2,0,12,0.00,0.00,0.00,0.00,0.00,0.11,0.04,0.14,0.11,0.14,ar ARG,"MF,FW",Tigre,Copa de la Liga,22,2000,2.1,0,4,0,0.0,1.89,0.00,0.00,0,21.7,0,0,0,0.2,0.2,0.06,-0.2,-0.2,ar ARG,"MF,FW",Tigre,Copa de la Liga,22,2000,2.1,15,29,51.7,236,38,8,10,80.0,5,10,50.0,1,3,33.3,0,0.1,0.1,-0.1,1,0,0,0,0,ar ARG,"MF,FW",Tigre,Copa de la Liga,22,2000,2.1,29,28,1,0,0,0,4,0,0,0,0,0,15,0,4,ar ARG,"MF,FW",Tigre,Copa de la Liga,22,2000,2.1,3,1.43,2,0,1,0,0,0,0,0.00,0,0,0,0,0,0,ar ARG,"MF,FW",Tigre,Copa de la Liga,22,2000,2.1,2,1,1,1,0,0,1,0.0,1,7,1,6,0,2,2,0,ar ARG,"MF,FW",Tigre,Copa de la Liga,22,2000,2.1,50,3,9,17,24,4,50,2,2,100.0,0,0.0,27,121,52,2,1,0,4,1,26,12,ar ARG,"MF,FW",Tigre,Copa de la Liga,22,2000,6,190,32,15.1,2.1,2,66,0,4,15,5,0.67,0,3,-3,-1.42,-1.25,2.4,1.8,+0.7,+0.31,+0.16,ar ARG,"MF,FW",Tigre,Copa de la Liga,22,2000,2.1,2,0,0,5,2,1,4,0,1,0,0,0,6,1,1,50.0
Tobías Medina,ar ARG,DF,San Lorenzo,Copa de la Liga,18,2004,1,0,10,0.1,0,0,0,0,0,0,0,0,0.0,0.0,0.0,0.0,0,0,1,0.00,0.00,0.00,0.00,0.00,0.40,0.00,0.40,0.40,0.40,ar ARG,DF,San Lorenzo,Copa de la Liga,18,2004,0.1,0,1,0,0.0,9.00,0.00,0.00,0,12.4,0,0,0,0.0,0.0,0.04,0.0,0.0,ar ARG,DF,San Lorenzo,Copa de la Liga,18,2004,0.1,4,9,44.4,42,0,4,7,57.1,0,1,0.0,0,0,0,0,0.0,0.0,0.0,0,0,0,0,0,ar ARG,DF,San Lorenzo,Copa de la Liga,18,2004,0.1,9,9,0,0,0,0,1,0,0,0,0,0,4,0,0,ar ARG,DF,San Lorenzo,Copa de la Liga,18,2004,0.1,1,9.00,0,0,0,0,1,0,1,9.00,0,0,0,0,1,0,ar ARG,DF,San Lorenzo,Copa de la Liga,18,2004,0.1,0,0,0,0,0,0,1,0.0,1,1,0,1,0,0,0,0,ar ARG,DF,San Lorenzo,Copa de la Liga,18,2004,0.1,12,0,1,4,7,1,12,0,0,0,0,0,7,43,6,0,1,0,0,1,8,1,ar ARG,DF,San Lorenzo,Copa de la Liga,18,2004,1,10,10,0.8,0.1,0,0,0,1,10,5,1.00,1,0,+1,+9.00,+9.07,0.2,0.0,+0.2,+1.46,+1.61,ar ARG,DF,San Lorenzo,Copa de la Liga,18,2004,0.1,0,0,0,0,1,0,1,0,0,0,0,0,1,1,0,100.0
Lucas Melano,ar ARG,FW,Sarmiento,Copa de la Liga,29,1993,1,0,19,0.2,0,0,0,0,0,0,0,0,0.0,0.0,0.0,0.0,1,0,1,0.00,0.00,0.00,0.00,0.00,0.13,0.00,0.13,0.13,0.13,ar ARG,FW,Sarmiento,Copa de la Liga,29,1993,0.2,0,1,0,0.0,4.74,0.00,0.00,0,18.0,0,0,0,0.0,0.0,0.03,0.0,0.0,ar ARG,FW,Sarmiento,Copa de la Liga,29,1993,0.2,3,3,100.0,24,0,2,2,100.0,0,0,0,0,0,0,0,0.0,0.0,0.0,0,0,0,0,0,ar ARG,FW,Sarmiento,Copa de la Liga,29,1993,0.2,3,3,0,0,0,0,0,0,0,0,0,0,3,0,0,ar ARG,FW,Sarmiento,Copa de la Liga,29,1993,0.2,1,4.74,0,0,1,0,0,0,0,0.00,0,0,0,0,0,0,ar ARG,FW,Sarmiento,Copa de la Liga,29,1993,0.2,1,0,1,0,0,0,0,0,0,1,0,1,0,1,0,0,ar ARG,FW,Sarmiento,Copa de la Liga,29,1993,0.2,9,0,1,6,2,1,9,2,1,50.0,0,0.0,5,86,15,1,1,1,1,2,2,1,ar ARG,FW,Sarmiento,Copa de la Liga,29,1993,1,19,19,1.5,0.2,0,0,0,1,19,2,3.00,0,0,0,0.00,0.00,0.0,0.3,-0.2,-1.16,-0.71,ar ARG,FW,Sarmiento,Copa de la Liga,29,1993,0.2,0,0,0,1,0,0,0,0,0,0,0,0,5,0,2,0.0
Juan Meli,ar ARG,DF,Cen. Córdoba–SdE,Copa de la Liga,22,2000,9,8,632,7.0,0,0,0,0,0,0,4,0,0.1,0.1,1.0,1.1,10,21,29,0.00,0.00,0.00,0.00,0.00,0.02,0.14,0.16,0.02,0.16,ar ARG,DF,Cen. Córdoba–SdE,Copa de la Liga,22,2000,7.0,0,6,0,0.0,0.85,0.00,0.00,0,19.1,0,0,0,0.1,0.1,0.02,-0.1,-0.1,ar ARG,DF,Cen. Córdoba–SdE,Copa de la Liga,22,2000,7.0,198,299,66.2,3014,1410,107,135,79.3,84,121,69.4,6,28,21.4,0,1.0,0.3,-1.0,7,22,2,2,21,ar ARG,DF,Cen. Córdoba–SdE,Copa de la Liga,22,2000,7.0,299,239,59,1,0,1,10,58,0,0,0,0,198,1,9,ar ARG,DF,Cen. Córdoba–SdE,Copa de la Liga,22,2000,7.0,10,1.42,7,2,0,1,0,0,1,0.14,1,0,0,0,0,0,ar ARG,DF,Cen. Córdoba–SdE,Copa de la Liga,22,2000,7.0,16,13,7,7,2,10,28,35.7,18,11,1,10,7,23,12,0,ar ARG,DF,Cen. Córdoba–SdE,Copa de la Liga,22,2000,7.0,393,17,94,212,90,13,393,11,4,36.4,7,63.6,154,763,398,10,7,4,15,5,194,29,ar ARG,DF,Cen. Córdoba–SdE,Copa de la Liga,22,2000,9,632,70,50.2,7.0,8,71,2,1,64,3,1.44,5,4,+1,+0.14,+0.72,6.0,4.0,+2.0,+0.28,+0.44,ar ARG,DF,Cen. Córdoba–SdE,Copa de la Liga,22,2000,7.0,4,0,0,11,2,0,10,7,13,0,0,0,40,6,7,46.2
Armando Méndez,uy URU,"DF,FW",Newell's OB,Copa de la Liga,26,1996,14,12,"1,107",12.3,0,1,1,0,0,0,4,0,0.3,0.3,1.3,1.6,51,27,61,0.00,0.08,0.08,0.00,0.08,0.02,0.11,0.13,0.02,0.13,uy URU,"DF,FW",Newell's OB,Copa de la Liga,26,1996,12.3,0,7,1,14.3,0.57,0.08,0.00,0.00,19.1,0,0,0,0.3,0.3,0.04,-0.3,-0.3,uy URU,"DF,FW",Newell's OB,Copa de la Liga,26,1996,12.3,295,413,71.4,4801,1897,151,183,82.5,119,165,72.1,19,45,42.2,1,1.3,1.6,-0.3,12,24,13,10,27,uy URU,"DF,FW",Newell's OB,Copa de la Liga,26,1996,12.3,413,290,123,3,0,0,46,120,0,0,0,0,295,0,9,uy URU,"DF,FW",Newell's OB,Copa de la Liga,26,1996,12.3,31,2.52,21,2,4,0,2,2,1,0.08,1,0,0,0,0,0,uy URU,"DF,FW",Newell's OB,Copa de la Liga,26,1996,12.3,28,17,14,11,3,14,22,63.6,8,18,5,13,7,35,19,0,uy URU,"DF,FW",Newell's OB,Copa de la Liga,26,1996,12.3,575,19,125,260,207,22,575,47,24,51.1,17,36.2,253,2381,1455,51,37,8,31,18,250,61,uy URU,"DF,FW",Newell's OB,Copa de la Liga,26,1996,14,"1,107",79,87.9,12.3,12,86,8,2,37,0,1.29,14,10,+4,+0.33,+0.33,11.6,9.2,+2.5,+0.20,+0.64,uy URU,"DF,FW",Newell's OB,Copa de la Liga,26,1996,12.3,4,0,0,21,19,0,46,7,17,0,0,0,71,20,10,66.7
Mauro Méndez,uy URU,FW,Estudiantes–LP,Copa de la Liga,24,1999,11,10,768,8.5,1,0,1,0,1,1,1,0,2.6,1.8,0.9,2.7,9,11,40,0.12,0.00,0.12,0.00,0.00,0.30,0.11,0.41,0.21,0.32,uy URU,FW,Estudiantes–LP,Copa de la Liga,24,1999,8.5,1,14,7,50.0,1.64,0.82,0.00,0.00,17.7,0,1,1,2.6,1.8,0.13,-1.6,-1.8,uy URU,FW,Estudiantes–LP,Copa de la Liga,24,1999,8.5,101,142,71.1,1391,166,60,77,77.9,27,39,69.2,6,9,66.7,0,0.9,0.5,-0.9,10,6,3,1,11,uy URU,FW,Estudiantes–LP,Copa de la Liga,24,1999,8.5,142,133,8,0,0,2,3,1,0,0,0,0,101,1,4,uy URU,FW,Estudiantes–LP,Copa de la Liga,24,1999,8.5,17,1.99,12,0,1,4,0,0,0,0.00,0,0,0,0,0,0,uy URU,FW,Estudiantes–LP,Copa de la Liga,24,1999,8.5,2,1,0,2,0,1,2,50.0,1,8,2,6,2,4,10,0,uy URU,FW,Estudiantes–LP,Copa de la Liga,24,1999,8.5,239,12,23,117,101,29,238,15,8,53.3,3,20.0,146,715,237,9,6,2,30,15,183,40,uy URU,FW,Estudiantes–LP,Copa de la Liga,24,1999,11,768,70,61.0,8.5,10,75,4,1,16,2,1.00,5,6,-1,-0.12,+0.07,9.0,7.7,+1.4,+0.16,-0.43,uy URU,FW,Estudiantes–LP,Copa de la Liga,24,1999,8.5,1,0,0,8,23,7,3,2,1,0,0,0,13,10,38,20.8
Cristian Menéndez,ar ARG,"FW,MF",Atlé Tucumán,Copa de la Liga,34,1988,5,0,43,0.5,0,0,0,0,0,0,0,0,0.6,0.6,0.3,0.9,0,0,4,0.00,0.00,0.00,0.00,0.00,1.21,0.58,1.78,1.21,1.78,ar ARG,"FW,MF",Atlé Tucumán,Copa de la Liga,34,1988,0.5,0,4,2,50.0,8.37,4.19,0.00,0.00,10.1,0,0,0,0.6,0.6,0.15,-0.6,-0.6,ar ARG,"FW,MF",Atlé Tucumán,Copa de la Liga,34,1988,0.5,6,10,60.0,45,2,5,8,62.5,0,0,0,0,0,0,0,0.3,0.2,-0.3,2,0,0,0,0,ar ARG,"FW,MF",Atlé Tucumán,Copa de la Liga,34,1988,0.5,10,9,1,0,0,0,1,0,0,0,0,0,6,0,0,ar ARG,"FW,MF",Atlé Tucumán,Copa de la Liga,34,1988,0.5,2,4.09,2,0,0,0,0,0,0,0.00,0,0,0,0,0,0,ar ARG,"FW,MF",Atlé Tucumán,Copa de la Liga,34,1988,0.5,0,0,0,0,0,0,0,0,0,0,0,0,1,1,1,0,ar ARG,"FW,MF",Atlé Tucumán,Copa de la Liga,34,1988,0.5,19,1,1,5,13,6,19,0,0,0,0,0,13,39,7,0,0,0,3,0,16,4,ar ARG,"FW,MF",Atlé Tucumán,Copa de la Liga,34,1988,5,43,9,3.4,0.5,0,0,0,5,9,3,0.40,0,2,-2,-4.19,-4.11,1.1,1.8,-0.7,-1.49,-1.57,ar ARG,"FW,MF",Atlé Tucumán,Copa de la Liga,34,1988,0.5,0,0,0,1,0,0,1,1,0,0,0,0,1,2,6,25.0
Lucas Menossi,ar ARG,MF,Tigre,Copa de la Liga,30,1992,14,14,"1,186",13.2,0,0,0,0,0,0,3,0,0.9,0.9,1.9,2.8,25,94,43,0.00,0.00,0.00,0.00,0.00,0.07,0.14,0.21,0.07,0.21,ar ARG,MF,Tigre,Copa de la Liga,30,1992,13.2,0,21,2,9.5,1.59,0.15,0.00,0.00,24.5,3,0,0,0.9,0.9,0.04,-0.9,-0.9,ar ARG,MF,Tigre,Copa de la Liga,30,1992,13.2,515,678,76.0,8806,3481,244,287,85.0,205,251,81.7,47,89,52.8,0,1.9,1.7,-1.9,25,72,21,5,94,ar ARG,MF,Tigre,Copa de la Liga,30,1992,13.2,678,647,24,14,4,6,23,2,8,1,7,0,515,7,20,ar ARG,MF,Tigre,Copa de la Liga,30,1992,13.2,57,4.33,48,3,2,2,2,0,2,0.15,2,0,0,0,0,0,ar ARG,MF,Tigre,Copa de la Liga,30,1992,13.2,29,17,9,17,3,10,25,40.0,15,25,0,25,10,39,13,0,ar ARG,MF,Tigre,Copa de la Liga,30,1992,13.2,822,12,121,495,213,14,822,13,7,53.8,3,23.1,445,2219,1271,25,22,3,24,6,530,43,ar ARG,MF,Tigre,Copa de la Liga,30,1992,14,"1,186",85,94.1,13.2,14,85,9,0,0,0,0.93,7,10,-3,-0.23,+2.20,12.2,8.4,+3.8,+0.29,+1.82,ar ARG,MF,Tigre,Copa de la Liga,30,1992,13.2,3,0,0,12,15,1,23,10,17,0,0,0,97,5,16,23.8
Miguel Merentiel,uy URU,FW,Boca Juniors,Copa de la Liga,26,1996,8,6,620,6.9,7,1,8,5,2,2,3,0,4.8,3.3,1.8,5.1,8,14,42,1.02,0.15,1.16,0.73,0.87,0.70,0.27,0.97,0.48,0.75,uy URU,FW,Boca Juniors,Copa de la Liga,26,1996,6.9,7,16,7,43.8,2.32,1.02,0.31,0.71,16.7,1,2,2,4.8,3.3,0.21,+2.2,+1.7,uy URU,FW,Boca Juniors,Copa de la Liga,26,1996,6.9,124,166,74.7,1766,300,74,85,87.1,35,48,72.9,7,13,53.8,1,1.8,2.0,-0.8,9,7,9,0,14,uy URU,FW,Boca Juniors,Copa de la Liga,26,1996,6.9,166,158,6,0,2,3,7,1,1,0,1,0,124,2,5,uy URU,FW,Boca Juniors,Copa de la Liga,26,1996,6.9,21,3.05,17,0,1,2,1,0,3,0.44,2,0,0,0,1,0,uy URU,FW,Boca Juniors,Copa de la Liga,26,1996,6.9,1,0,0,0,1,0,3,0.0,3,3,0,3,2,3,2,0,uy URU,FW,Boca Juniors,Copa de la Liga,26,1996,6.9,215,2,6,85,126,29,213,7,6,85.7,1,14.3,126,700,319,8,9,2,13,3,168,42,uy URU,FW,Boca Juniors,Copa de la Liga,26,1996,8,620,78,49.2,6.9,6,86,4,2,53,5,1.63,12,9,+3,+0.44,+0.72,12.1,5.6,+6.5,+0.95,+1.32,uy URU,FW,Boca Juniors,Copa de la Liga,26,1996,6.9,3,0,0,2,5,2,7,2,0,1,0,0,15,3,8,27.3
Nicolás Meriano,ar ARG,"MF,DF",Belgrano,Copa de la Liga,22,2000,3,0,35,0.4,0,0,0,0,0,0,0,0,0.0,0.0,0.0,0.0,0,0,0,0.00,0.00,0.00,0.00,0.00,0.00,0.00,0.00,0.00,0.00,ar ARG,"MF,DF",Belgrano,Copa de la Liga,22,2000,0.4,0,0,0,0,0.00,0.00,0,0,0,0,0,0,0.0,0.0,0,0.0,0.0,ar ARG,"MF,DF",Belgrano,Copa de la Liga,22,2000,0.4,5,9,55.6,114,42,2,2,100.0,1,2,50.0,2,5,40.0,0,0.0,0.0,0.0,0,1,0,0,0,ar ARG,"MF,DF",Belgrano,Copa de la Liga,22,2000,0.4,9,9,0,0,0,0,0,0,0,0,0,0,5,0,0,ar ARG,"MF,DF",Belgrano,Copa de la Liga,22,2000,0.4,0,0.00,0,0,0,0,0,0,0,0.00,0,0,0,0,0,0,ar ARG,"MF,DF",Belgrano,Copa de la Liga,22,2000,0.4,1,1,1,0,0,1,1,100.0,0,1,0,1,1,2,4,0,ar ARG,"MF,DF",Belgrano,Copa de la Liga,22,2000,0.4,15,4,9,6,0,0,15,0,0,0,0,0,4,29,15,0,0,0,0,0,5,0,ar ARG,"MF,DF",Belgrano,Copa de la Liga,22,2000,3,35,12,2.8,0.4,0,0,0,3,12,2,1.75,1,0,+1,+2.57,+2.50,1.4,0.4,+1.0,+2.44,+2.77,ar ARG,"MF,DF",Belgrano,Copa de la Liga,22,2000,0.4,0,0,0,0,0,0,0,1,1,0,0,0,0,1,0,100.0
Eric Meza,ar ARG,"DF,MF",Colón,Copa de la Liga,23,1999,9,5,437,4.9,1,0,1,1,0,0,1,0,1.1,1.1,0.2,1.4,8,10,25,0.21,0.00,0.21,0.21,0.21,0.23,0.05,0.28,0.23,0.28,ar ARG,"DF,MF",Colón,Copa de la Liga,23,1999,4.9,1,13,4,30.8,2.68,0.82,0.08,0.25,21.2,0,0,0,1.1,1.1,0.09,-0.1,-0.1,ar ARG,"DF,MF",Colón,Copa de la Liga,23,1999,4.9,111,193,57.5,2045,944,48,58,82.8,50,78,64.1,11,41,26.8,0,0.2,0.6,-0.2,4,11,3,0,10,ar ARG,"DF,MF",Colón,Copa de la Liga,23,1999,4.9,193,134,57,5,1,0,24,45,7,0,6,0,111,2,12,ar ARG,"DF,MF",Colón,Copa de la Liga,23,1999,4.9,10,2.06,4,2,2,2,0,0,0,0.00,0,0,0,0,0,0,ar ARG,"DF,MF",Colón,Copa de la Liga,23,1999,4.9,8,5,5,2,1,5,13,38.5,8,10,1,9,5,13,7,0,ar ARG,"DF,MF",Colón,Copa de la Liga,23,1999,4.9,272,10,79,109,87,14,272,20,6,30.0,14,70.0,114,698,241,8,8,5,9,11,123,25,ar ARG,"DF,MF",Colón,Copa de la Liga,23,1999,9,437,49,34.7,4.9,5,65,1,4,28,3,1.56,6,5,+1,+0.21,+0.10,5.2,4.5,+0.7,+0.15,+0.03,ar ARG,"DF,MF",Colón,Copa de la Liga,23,1999,4.9,1,0,0,2,3,1,24,5,5,0,0,0,33,1,3,25.0
Luis Miguel Rodríguez,ar ARG,"FW,MF",Cen. Córdoba–SdE,Copa de la Liga,38,1985,10,5,493,5.5,3,1,4,3,0,0,0,0,1.7,1.7,1.0,2.7,11,22,32,0.55,0.18,0.73,0.55,0.73,0.32,0.18,0.50,0.32,0.50,ar ARG,"FW,MF",Cen. Córdoba–SdE,Copa de la Liga,38,1985,5.5,3,21,11,52.4,3.83,2.01,0.14,0.27,26.3,9,0,0,1.7,1.7,0.08,+1.3,+1.3,ar ARG,"FW,MF",Cen. Córdoba–SdE,Copa de la Liga,38,1985,5.5,126,197,64.0,2304,807,61,77,79.2,36,58,62.1,23,48,47.9,1,1.0,0.5,0.0,8,17,5,0,22,ar ARG,"FW,MF",Cen. Córdoba–SdE,Copa de la Liga,38,1985,5.5,197,157,39,14,2,5,19,6,16,6,6,2,126,1,5,ar ARG,"FW,MF",Cen. Córdoba–SdE,Copa de la Liga,38,1985,5.5,20,3.65,10,4,2,1,3,0,1,0.18,1,0,0,0,0,0,ar ARG,"FW,MF",Cen. Córdoba–SdE,Copa de la Liga,38,1985,5.5,4,2,1,3,0,0,6,0.0,6,4,0,4,1,5,1,0,ar ARG,"FW,MF",Cen. Córdoba–SdE,Copa de la Liga,38,1985,5.5,253,2,9,135,112,7,253,13,5,38.5,7,53.8,116,480,280,11,5,1,9,7,166,32,ar ARG,"FW,MF",Cen. Córdoba–SdE,Copa de la Liga,38,1985,10,493,49,39.1,5.5,5,63,0,5,35,2,1.40,4,5,-1,-0.18,+0.05,4.3,4.1,+0.2,+0.04,-0.04,ar ARG,"FW,MF",Cen. Córdoba–SdE,Copa de la Liga,38,1985,5.5,0,0,0,1,7,2,19,1,2,0,0,0,19,0,7,0.0
Dardo Miloc,ar ARG,MF,Cen. Córdoba–SdE,Copa de la Liga,32,1990,4,4,301,3.3,0,0,0,0,0,0,1,0,0.0,0.0,0.0,0.0,3,16,1,0.00,0.00,0.00,0.00,0.00,0.00,0.00,0.00,0.00,0.00,ar ARG,MF,Cen. Córdoba–SdE,Copa de la Liga,32,1990,3.3,0,0,0,0,0.00,0.00,0,0,0,0,0,0,0.0,0.0,0,0.0,0.0,ar ARG,MF,Cen. Córdoba–SdE,Copa de la Liga,32,1990,3.3,112,153,73.2,1802,522,59,71,83.1,43,54,79.6,7,20,35.0,0,0.0,0.1,0.0,0,7,1,0,16,ar ARG,MF,Cen. Córdoba–SdE,Copa de la Liga,32,1990,3.3,153,147,6,5,0,3,0,0,0,0,0,0,112,0,3,ar ARG,MF,Cen. Córdoba–SdE,Copa de la Liga,32,1990,3.3,4,1.20,3,0,0,0,1,0,1,0.30,1,0,0,0,0,0,ar ARG,MF,Cen. Córdoba–SdE,Copa de la Liga,32,1990,3.3,10,7,5,5,0,7,15,46.7,8,6,0,6,7,17,3,0,ar ARG,MF,Cen. Córdoba–SdE,Copa de la Liga,32,1990,3.3,184,5,45,127,14,0,184,1,0,0.0,0,0.0,56,267,126,3,1,0,0,3,85,1,ar ARG,MF,Cen. Córdoba–SdE,Copa de la Liga,32,1990,4,301,75,23.9,3.3,4,75,2,0,0,4,1.50,4,5,-1,-0.30,-0.11,2.1,4.0,-1.9,-0.58,-0.85,ar ARG,MF,Cen. Córdoba–SdE,Copa de la Liga,32,1990,3.3,1,0,0,5,4,0,0,7,7,0,0,0,27,10,2,83.3
Pablo Minissale,ar ARG,DF,Arg Juniors,Copa de la Liga,22,2001,2,2,170,1.9,0,0,0,0,0,0,1,0,0.0,0.0,0.0,0.0,3,9,0,0.00,0.00,0.00,0.00,0.00,0.00,0.00,0.00,0.00,0.00,ar ARG,DF,Arg Juniors,Copa de la Liga,22,2001,1.9,0,0,0,0,0.00,0.00,0,0,0,0,0,0,0.0,0.0,0,0.0,0.0,ar ARG,DF,Arg Juniors,Copa de la Liga,22,2001,1.9,78,102,76.5,1574,658,29,31,93.5,37,45,82.2,11,21,52.4,0,0.0,0.0,0.0,0,4,0,0,9,ar ARG,DF,Arg Juniors,Copa de la Liga,22,2001,1.9,102,84,18,5,0,3,1,13,0,0,0,0,78,0,1,ar ARG,DF,Arg Juniors,Copa de la Liga,22,2001,1.9,0,0.00,0,0,0,0,0,0,0,0.00,0,0,0,0,0,0,ar ARG,DF,Arg Juniors,Copa de la Liga,22,2001,1.9,2,1,1,1,0,2,2,100.0,0,2,0,2,0,2,3,0,ar ARG,DF,Arg Juniors,Copa de la Liga,22,2001,1.9,113,6,36,69,8,1,113,2,2,100.0,0,0.0,53,302,196,3,1,0,2,1,71,0,ar ARG,DF,Arg Juniors,Copa de la Liga,22,2001,2,170,85,13.5,1.9,2,85,1,0,0,2,1.50,5,5,0,0.00,+0.33,2.5,4.5,-2.0,-1.08,-1.00,ar ARG,DF,Arg Juniors,Copa de la Liga,22,2001,1.9,1,0,0,2,0,0,1,0,1,0,0,0,8,1,4,20.0
Mariano Miño,ar ARG,"MF,FW",Belgrano,Copa de la Liga,28,1994,7,1,180,2.0,0,0,0,0,0,0,1,0,0.9,0.9,0.1,1.0,8,15,8,0.00,0.00,0.00,0.00,0.00,0.44,0.05,0.49,0.44,0.49,ar ARG,"MF,FW",Belgrano,Copa de la Liga,28,1994,2.0,0,3,1,33.3,1.50,0.50,0.00,0.00,16.0,0,0,0,0.9,0.9,0.29,-0.9,-0.9,ar ARG,"MF,FW",Belgrano,Copa de la Liga,28,1994,2.0,67,101,66.3,1029,367,39,48,81.3,21,32,65.6,6,15,40.0,0,0.1,0.2,-0.1,3,11,4,1,15,ar ARG,"MF,FW",Belgrano,Copa de la Liga,28,1994,2.0,101,97,3,0,0,0,6,1,2,1,1,0,67,1,4,ar ARG,"MF,FW",Belgrano,Copa de la Liga,28,1994,2.0,8,4.00,5,1,0,0,2,0,0,0.00,0,0,0,0,0,0,ar ARG,"MF,FW",Belgrano,Copa de la Liga,28,1994,2.0,6,4,1,1,4,0,2,0.0,2,2,0,2,2,8,0,0,ar ARG,"MF,FW",Belgrano,Copa de la Liga,28,1994,2.0,127,0,12,74,43,3,127,6,2,33.3,4,66.7,75,467,236,8,5,0,6,3,88,8,ar ARG,"MF,FW",Belgrano,Copa de la Liga,28,1994,7,180,26,14.3,2.0,1,60,0,6,20,3,1.29,0,2,-2,-1.00,-1.33,1.6,3.4,-1.8,-0.89,-0.74,ar ARG,"MF,FW",Belgrano,Copa de la Liga,28,1994,2.0,1,0,0,1,5,1,6,2,4,0,0,0,15,0,2,0.0
Leonel Miranda,ar ARG,MF,Racing Club,Copa de la Liga,29,1994,2,0,36,0.4,0,0,0,0,0,0,0,0,0.0,0.0,0.0,0.0,0,2,0,0.00,0.00,0.00,0.00,0.00,0.00,0.00,0.00,0.00,0.00,ar ARG,MF,Racing Club,Copa de la Liga,29,1994,0.4,0,0,0,0,0.00,0.00,0,0,0,0,0,0,0.0,0.0,0,0.0,0.0,ar ARG,MF,Racing Club,Copa de la Liga,29,1994,0.4,18,21,85.7,310,65,10,11,90.9,7,7,100.0,1,1,100.0,0,0.0,0.0,0.0,0,0,0,0,2,ar ARG,MF,Racing Club,Copa de la Liga,29,1994,0.4,21,19,2,1,0,1,0,0,0,0,0,0,18,0,2,ar ARG,MF,Racing Club,Copa de la Liga,29,1994,0.4,0,0.00,0,0,0,0,0,0,0,0.00,0,0,0,0,0,0,ar ARG,MF,Racing Club,Copa de la Liga,29,1994,0.4,0,0,0,0,0,0,2,0.0,2,1,0,1,0,0,0,0,ar ARG,MF,Racing Club,Copa de la Liga,29,1994,0.4,24,1,7,17,0,0,24,0,0,0,0,0,13,42,9,0,0,0,1,0,14,0,ar ARG,MF,Racing Club,Copa de la Liga,29,1994,2,36,18,2.9,0.4,0,0,0,2,18,7,3.00,0,1,-1,-2.50,-3.01,0.3,1.5,-1.3,-3.23,-3.40,ar ARG,MF,Racing Club,Copa de la Liga,29,1994,0.4,0,0,0,0,0,0,0,0,0,0,0,0,3,0,0,0
Agustín Módica,ar ARG,FW,Rosario Central,Copa de la Liga,20,2003,2,0,27,0.3,0,0,0,0,0,0,0,0,0.3,0.3,0.0,0.3,1,0,0,0.00,0.00,0.00,0.00,0.00,1.18,0.00,1.18,1.18,1.18,ar ARG,FW,Rosario Central,Copa de la Liga,20,2003,0.3,0,3,0,0.0,10.00,0.00,0.00,0,17.3,0,0,0,0.3,0.3,0.11,-0.3,-0.3,ar ARG,FW,Rosario Central,Copa de la Liga,20,2003,0.3,1,2,50.0,7,0,1,2,50.0,0,0,0,0,0,0,0,0.0,0.0,0.0,0,0,0,0,0,ar ARG,FW,Rosario Central,Copa de la Liga,20,2003,0.3,2,2,0,0,0,0,0,0,0,0,0,0,1,0,0,ar ARG,FW,Rosario Central,Copa de la Liga,20,2003,0.3,0,0.00,0,0,0,0,0,0,0,0.00,0,0,0,0,0,0,ar ARG,FW,Rosario Central,Copa de la Liga,20,2003,0.3,1,1,0,1,0,0,0,0,0,0,0,0,0,1,0,0,ar ARG,FW,Rosario Central,Copa de la Liga,20,2003,0.3,9,0,0,6,3,2,9,0,0,0,0,0,5,24,19,1,0,0,1,0,6,0,ar ARG,FW,Rosario Central,Copa de la Liga,20,2003,2,27,14,2.1,0.3,0,0,0,2,14,4,2.00,1,0,+1,+3.33,+3.11,0.6,0.5,+0.1,+0.43,+0.77,ar ARG,FW,Rosario Central,Copa de la Liga,20,2003,0.3,0,0,0,4,1,0,0,0,1,0,0,0,0,1,3,25.0
Tomás Molina,ar ARG,"FW,MF",Talleres,Copa de la Liga,27,1995,4,0,120,1.3,0,0,0,0,0,0,0,0,0.1,0.1,0.1,0.2,2,2,16,0.00,0.00,0.00,0.00,0.00,0.09,0.07,0.16,0.09,0.16,ar ARG,"FW,MF",Talleres,Copa de la Liga,27,1995,1.3,0,3,0,0.0,2.25,0.00,0.00,0,12.8,0,0,0,0.1,0.1,0.04,-0.1,-0.1,ar ARG,"FW,MF",Talleres,Copa de la Liga,27,1995,1.3,20,32,62.5,279,49,7,13,53.8,10,12,83.3,0,0,0,0,0.1,0.1,-0.1,3,1,1,0,2,ar ARG,"FW,MF",Talleres,Copa de la Liga,27,1995,1.3,32,31,1,0,0,0,1,0,0,0,0,0,20,0,3,ar ARG,"FW,MF",Talleres,Copa de la Liga,27,1995,1.3,8,6.00,6,0,0,1,1,0,0,0.00,0,0,0,0,0,0,ar ARG,"FW,MF",Talleres,Copa de la Liga,27,1995,1.3,5,2,0,1,4,2,3,66.7,1,1,1,0,0,5,0,0,ar ARG,"FW,MF",Talleres,Copa de la Liga,27,1995,1.3,52,1,2,13,38,8,52,8,4,50.0,3,37.5,32,164,68,2,1,1,7,2,39,16,ar ARG,"FW,MF",Talleres,Copa de la Liga,27,1995,4,120,30,9.5,1.3,0,0,0,4,30,5,1.25,1,1,0,0.00,0.00,1.8,2.2,-0.4,-0.30,-0.49,ar ARG,"FW,MF",Talleres,Copa de la Liga,27,1995,1.3,0,0,0,1,2,1,1,0,2,0,0,0,2,4,8,33.3
Manuel Mónaco,ar ARG,"MF,FW",Sarmiento,Copa de la Liga,20,2002,9,1,201,2.2,0,0,0,0,0,0,1,0,0.2,0.2,0.0,0.2,5,9,20,0.00,0.00,0.00,0.00,0.00,0.10,0.01,0.11,0.10,0.11,ar ARG,"MF,FW",Sarmiento,Copa de la Liga,20,2002,2.2,0,5,0,0.0,2.24,0.00,0.00,0,19.6,0,0,0,0.2,0.2,0.04,-0.2,-0.2,ar ARG,"MF,FW",Sarmiento,Copa de la Liga,20,2002,2.2,33,61,54.1,559,243,16,30,53.3,15,20,75.0,2,4,50.0,0,0.0,0.1,0.0,1,6,1,0,9,ar ARG,"MF,FW",Sarmiento,Copa de la Liga,20,2002,2.2,61,57,3,0,0,0,5,2,1,0,1,0,33,1,7,ar ARG,"MF,FW",Sarmiento,Copa de la Liga,20,2002,2.2,7,3.10,6,0,1,0,0,0,0,0.00,0,0,0,0,0,0,ar ARG,"MF,FW",Sarmiento,Copa de la Liga,20,2002,2.2,9,6,2,6,1,5,9,55.6,4,5,1,4,1,10,2,0,ar ARG,"MF,FW",Sarmiento,Copa de la Liga,20,2002,2.2,118,4,14,61,43,6,118,10,3,30.0,5,50.0,56,357,110,5,3,2,15,4,64,20,ar ARG,"MF,FW",Sarmiento,Copa de la Liga,20,2002,9,201,22,16.0,2.2,1,55,0,8,18,5,0.78,0,0,0,0.00,0.00,1.1,2.4,-1.4,-0.60,-0.16,ar ARG,"MF,FW",Sarmiento,Copa de la Liga,20,2002,2.2,1,0,0,5,5,0,5,1,6,0,0,0,14,3,9,25.0
Lisandro Montenegro,ar ARG,"MF,FW",Newell's OB,Copa de la Liga,19,2003,4,0,48,0.5,0,0,0,0,0,0,0,0,0.0,0.0,0.0,0.0,2,2,0,0.00,0.00,0.00,0.00,0.00,0.03,0.00,0.03,0.03,0.03,ar ARG,"MF,FW",Newell's OB,Copa de la Liga,19,2003,0.5,0,1,0,0.0,1.87,0.00,0.00,0,26.6,0,0,0,0.0,0.0,0.01,0.0,0.0,ar ARG,"MF,FW",Newell's OB,Copa de la Liga,19,2003,0.5,19,24,79.2,330,112,10,11,90.9,7,9,77.8,2,3,66.7,0,0.0,0.0,0.0,0,3,0,0,2,ar ARG,"MF,FW",Newell's OB,Copa de la Liga,19,2003,0.5,24,23,1,1,0,0,0,0,0,0,0,0,19,0,1,ar ARG,"MF,FW",Newell's OB,Copa de la Liga,19,2003,0.5,1,1.87,1,0,0,0,0,0,0,0.00,0,0,0,0,0,0,ar ARG,"MF,FW",Newell's OB,Copa de la Liga,19,2003,0.5,1,0,1,0,0,1,2,50.0,1,1,0,1,3,4,0,0,ar ARG,"MF,FW",Newell's OB,Copa de la Liga,19,2003,0.5,33,0,8,19,7,0,33,4,3,75.0,1,25.0,14,81,45,2,1,0,0,0,19,0,ar ARG,"MF,FW",Newell's OB,Copa de la Liga,19,2003,4,48,12,3.8,0.5,0,0,0,4,12,7,1.75,0,0,0,0.00,-0.30,0.2,0.5,-0.3,-0.65,-0.80,ar ARG,"MF,FW",Newell's OB,Copa de la Liga,19,2003,0.5,0,0,0,0,2,0,0,3,0,0,0,0,8,0,0,0
Santiago Montiel,ar ARG,"DF,MF",Arg Juniors,Copa de la Liga,22,2000,12,9,798,8.9,0,2,2,0,0,0,2,0,0.3,0.3,1.6,1.9,18,15,41,0.00,0.23,0.23,0.00,0.23,0.04,0.18,0.22,0.04,0.22,ar ARG,"DF,MF",Arg Juniors,Copa de la Liga,22,2000,8.9,0,12,1,8.3,1.35,0.11,0.00,0.00,26.6,1,0,0,0.3,0.3,0.03,-0.3,-0.3,ar ARG,"DF,MF",Arg Juniors,Copa de la Liga,22,2000,8.9,260,360,72.2,4868,1449,113,125,90.4,98,135,72.6,39,77,50.6,2,1.6,1.6,+0.4,14,15,9,5,15,ar ARG,"DF,MF",Arg Juniors,Copa de la Liga,22,2000,8.9,360,257,102,21,1,4,47,57,24,5,10,0,260,1,7,ar ARG,"DF,MF",Arg Juniors,Copa de la Liga,22,2000,8.9,29,3.27,14,9,1,3,2,0,3,0.34,2,1,0,0,0,0,ar ARG,"DF,MF",Arg Juniors,Copa de la Liga,22,2000,8.9,15,11,8,5,2,11,18,61.1,7,5,0,5,4,19,7,0,ar ARG,"DF,MF",Arg Juniors,Copa de la Liga,22,2000,8.9,479,7,94,228,168,13,479,53,22,41.5,26,49.1,246,1614,772,18,18,6,22,15,268,41,ar ARG,"DF,MF",Arg Juniors,Copa de la Liga,22,2000,12,798,67,63.3,8.9,9,79,5,3,29,1,0.83,13,15,-2,-0.23,+0.16,11.1,13.3,-2.2,-0.25,-0.08,ar ARG,"DF,MF",Arg Juniors,Copa de la Liga,22,2000,8.9,2,0,0,6,14,1,47,4,11,0,0,0,46,3,7,30.0
Lautaro Montoya,ar ARG,DF,Tigre,Copa de la Liga,28,1994,3,0,88,1.0,0,0,0,0,0,0,0,0,0.0,0.0,0.0,0.0,1,5,10,0.00,0.00,0.00,0.00,0.00,0.00,0.00,0.00,0.00,0.00,ar ARG,DF,Tigre,Copa de la Liga,28,1994,1.0,0,0,0,0,0.00,0.00,0,0,0,0,0,0,0.0,0.0,0,0.0,0.0,ar ARG,DF,Tigre,Copa de la Liga,28,1994,1.0,52,73,71.2,1055,408,24,27,88.9,19,23,82.6,9,17,52.9,0,0.0,0.1,0.0,0,3,2,1,5,ar ARG,DF,Tigre,Copa de la Liga,28,1994,1.0,73,56,17,1,0,1,7,16,0,0,0,0,52,0,6,ar ARG,DF,Tigre,Copa de la Liga,28,1994,1.0,1,1.02,1,0,0,0,0,0,1,1.02,1,0,0,0,0,0,ar ARG,DF,Tigre,Copa de la Liga,28,1994,1.0,2,1,1,0,1,0,0,0,0,2,0,2,1,3,0,0,ar ARG,DF,Tigre,Copa de la Liga,28,1994,1.0,80,0,15,30,37,0,80,1,1,100.0,0,0.0,43,193,71,1,2,0,1,0,45,10,ar ARG,DF,Tigre,Copa de la Liga,28,1994,3,88,29,7.0,1.0,0,0,0,3,29,11,0.33,1,1,0,0.00,+0.38,0.6,0.3,+0.3,+0.29,+0.11,ar ARG,DF,Tigre,Copa de la Liga,28,1994,1.0,0,0,0,0,1,0,7,1,1,0,0,0,11,0,3,0.0
Walter Montoya,ar ARG,MF,Rosario Central,Copa de la Liga,29,1993,1,0,1,0.0,0,0,0,0,0,0,0,0,0.0,0.0,0.0,0.0,0,0,0,0.00,0.00,0.00,0.00,0.00,0.00,0.00,0.00,0.00,0.00,ar ARG,MF,Rosario Central,Copa de la Liga,29,1993,0.0,0,0,0,0,0.00,0.00,0,0,0,0,0,0,0.0,0.0,0,0.0,0.0,ar ARG,MF,Rosario Central,Copa de la Liga,29,1993,0.0,0,0,0,0,0,0,0,0,0,0,0,0,0,0,0,0.0,0.0,0.0,0,0,0,0,0,ar ARG,MF,Rosario Central,Copa de la Liga,29,1993,0.0,0,0,0,0,0,0,0,0,0,0,0,0,0,0,0,ar ARG,MF,Rosario Central,Copa de la Liga,29,1993,0.0,0,0.00,0,0,0,0,0,0,0,0.00,0,0,0,0,0,0,ar ARG,MF,Rosario Central,Copa de la Liga,29,1993,0.0,0,0,0,0,0,0,0,0,0,0,0,0,0,0,0,0,ar ARG,MF,Rosario Central,Copa de la Liga,29,1993,0.0,0,0,0,0,0,0,0,0,0,0,0,0,0,0,0,0,0,0,0,0,0,0,ar ARG,MF,Rosario Central,Copa de la Liga,29,1993,1,1,1,0.1,0.0,0,0,0,1,1,2,3.00,0,0,0,0.00,-0.29,0.0,0.1,-0.1,-5.70,-5.38,ar ARG,MF,Rosario Central,Copa de la Liga,29,1993,0.0,0,0,0,0,0,0,0,0,0,0,0,0,0,0,0,0
Gonzalo Morales,ar ARG,FW,Unión,Copa de la Liga,19,2003,14,14,"1,077",12.0,4,0,4,4,0,0,1,0,4.5,4.5,0.2,4.7,7,13,47,0.33,0.00,0.33,0.33,0.33,0.37,0.02,0.39,0.37,0.39,ar ARG,FW,Unión,Copa de la Liga,19,2003,12.0,4,29,16,55.2,2.42,1.34,0.14,0.25,15.0,0,0,0,4.5,4.5,0.15,-0.5,-0.5,ar ARG,FW,Unión,Copa de la Liga,19,2003,12.0,88,140,62.9,1294,253,52,72,72.2,25,36,69.4,7,15,46.7,0,0.2,0.3,-0.2,3,7,2,0,13,ar ARG,FW,Unión,Copa de la Liga,19,2003,12.0,140,118,22,1,0,1,4,2,0,0,0,0,88,0,9,ar ARG,FW,Unión,Copa de la Liga,19,2003,12.0,12,1.00,10,0,0,1,0,1,0,0.00,0,0,0,0,0,0,ar ARG,FW,Unión,Copa de la Liga,19,2003,12.0,5,1,1,2,2,1,1,100.0,0,5,1,4,1,6,7,0,ar ARG,FW,Unión,Copa de la Liga,19,2003,12.0,243,9,14,118,115,42,243,9,1,11.1,6,66.7,125,447,160,7,3,3,36,10,153,47,ar ARG,FW,Unión,Copa de la Liga,19,2003,14,"1,077",77,85.5,12.0,14,77,5,0,0,0,1.14,8,8,0,0.00,+1.48,9.3,9.6,-0.2,-0.02,+0.78,ar ARG,FW,Unión,Copa de la Liga,19,2003,12.0,1,0,0,5,7,5,4,1,1,0,0,0,27,5,14,26.3
Leonardo Morales,ar ARG,DF,Gimnasia–LP,Copa de la Liga,31,1991,13,13,"1,162",12.9,1,0,1,1,0,0,5,1,0.5,0.5,0.1,0.6,9,38,0,0.08,0.00,0.08,0.08,0.08,0.04,0.00,0.05,0.04,0.05,ar ARG,DF,Gimnasia–LP,Copa de la Liga,31,1991,12.9,1,6,3,50.0,0.46,0.23,0.17,0.33,17.2,0,0,0,0.5,0.5,0.09,+0.5,+0.5,ar ARG,DF,Gimnasia–LP,Copa de la Liga,31,1991,12.9,306,417,73.4,6287,3322,106,126,84.1,142,170,83.5,54,103,52.4,0,0.1,0.2,-0.1,2,27,1,1,38,ar ARG,DF,Gimnasia–LP,Copa de la Liga,31,1991,12.9,417,388,28,24,0,0,3,3,1,0,1,0,306,1,5,ar ARG,DF,Gimnasia–LP,Copa de la Liga,31,1991,12.9,8,0.62,6,1,0,1,0,0,0,0.00,0,0,0,0,0,0,ar ARG,DF,Gimnasia–LP,Copa de la Liga,31,1991,12.9,15,11,11,4,0,8,15,53.3,7,11,9,2,18,33,61,0,ar ARG,DF,Gimnasia–LP,Copa de la Liga,31,1991,12.9,536,90,300,228,16,5,536,5,5,100.0,0,0.0,247,1547,986,9,2,0,4,1,203,0,ar ARG,DF,Gimnasia–LP,Copa de la Liga,31,1991,13,"1,162",89,92.2,12.9,13,89,12,0,0,0,1.15,13,17,-4,-0.31,+3.36,12.4,14.4,-2.1,-0.16,+0.99,ar ARG,DF,Gimnasia–LP,Copa de la Liga,31,1991,12.9,5,1,1,6,3,1,3,18,11,0,1,0,98,23,22,51.1
Lisandro Morales,ar ARG,DF,Unión,Copa de la Liga,19,2004,1,0,14,0.2,0,0,0,0,0,0,0,0,0.0,0.0,0.0,0.0,2,1,1,0.00,0.00,0.00,0.00,0.00,0.23,0.00,0.23,0.23,0.23,ar ARG,DF,Unión,Copa de la Liga,19,2004,0.2,0,1,1,100.0,6.43,6.43,0.00,0.00,17.0,0,0,0,0.0,0.0,0.04,0.0,0.0,ar ARG,DF,Unión,Copa de la Liga,19,2004,0.2,4,5,80.0,94,35,2,2,100.0,1,2,50.0,1,1,100.0,0,0.0,0.0,0.0,0,0,1,1,1,ar ARG,DF,Unión,Copa de la Liga,19,2004,0.2,5,3,2,0,0,0,2,2,0,0,0,0,4,0,0,ar ARG,DF,Unión,Copa de la Liga,19,2004,0.2,0,0.00,0,0,0,0,0,0,0,0.00,0,0,0,0,0,0,ar ARG,DF,Unión,Copa de la Liga,19,2004,0.2,0,0,0,0,0,0,0,0,0,1,0,1,0,0,0,0,ar ARG,DF,Unión,Copa de la Liga,19,2004,0.2,9,0,2,3,5,1,9,0,0,0,0,0,5,84,29,2,3,0,2,0,5,1,ar ARG,DF,Unión,Copa de la Liga,19,2004,1,14,14,1.1,0.2,0,0,0,1,14,10,1.00,0,0,0,0.00,+0.22,0.0,0.1,-0.1,-0.63,-0.50,ar ARG,DF,Unión,Copa de la Liga,19,2004,0.2,0,0,0,1,1,0,2,0,0,0,0,0,1,0,0,0
Leandro Moreira,ar ARG,FW,Arsenal,Copa de la Liga,21,2002,10,8,577,6.4,1,0,1,1,0,0,0,0,0.9,0.9,0.4,1.3,5,7,35,0.16,0.00,0.16,0.16,0.16,0.15,0.06,0.21,0.15,0.21,ar ARG,FW,Arsenal,Copa de la Liga,21,2002,6.4,1,9,4,44.4,1.40,0.62,0.11,0.25,16.3,0,0,0,0.9,0.9,0.10,+0.1,+0.1,ar ARG,FW,Arsenal,Copa de la Liga,21,2002,6.4,61,115,53.0,807,116,40,69,58.0,15,29,51.7,2,3,66.7,0,0.4,0.6,-0.4,2,2,1,0,7,ar ARG,FW,Arsenal,Copa de la Liga,21,2002,6.4,115,105,10,0,1,0,4,0,0,0,0,0,61,0,4,ar ARG,FW,Arsenal,Copa de la Liga,21,2002,6.4,7,1.09,5,0,0,1,1,0,0,0.00,0,0,0,0,0,0,ar ARG,FW,Arsenal,Copa de la Liga,21,2002,6.4,5,3,0,4,1,0,5,0.0,5,13,0,13,2,7,4,0,ar ARG,FW,Arsenal,Copa de la Liga,21,2002,6.4,211,4,9,110,98,17,211,23,10,43.5,13,56.5,108,487,122,5,8,1,24,13,123,35,ar ARG,FW,Arsenal,Copa de la Liga,21,2002,10,577,58,45.8,6.4,8,68,1,2,19,2,0.80,5,8,-3,-0.47,-0.20,6.3,7.6,-1.3,-0.20,-0.22,ar ARG,FW,Arsenal,Copa de la Liga,21,2002,6.4,0,0,0,5,8,2,4,2,3,0,0,0,23,15,41,26.8
Aníbal Moreno,ar ARG,MF,Racing Club,Copa de la Liga,23,1999,8,8,693,7.7,0,1,1,0,0,0,0,0,0.8,0.8,0.3,1.1,11,54,10,0.00,0.13,0.13,0.00,0.13,0.11,0.04,0.14,0.11,0.14,ar ARG,MF,Racing Club,Copa de la Liga,23,1999,7.7,0,16,5,31.3,2.08,0.65,0.00,0.00,18.5,0,0,0,0.8,0.8,0.05,-0.8,-0.8,ar ARG,MF,Racing Club,Copa de la Liga,23,1999,7.7,455,528,86.2,8048,2667,200,223,89.7,197,211,93.4,50,64,78.1,1,0.3,0.6,+0.7,12,78,9,3,54,ar ARG,MF,Racing Club,Copa de la Liga,23,1999,7.7,528,519,6,4,0,6,8,2,0,0,0,0,455,3,10,ar ARG,MF,Racing Club,Copa de la Liga,23,1999,7.7,33,4.29,27,0,0,4,1,1,2,0.26,2,0,0,0,0,0,ar ARG,MF,Racing Club,Copa de la Liga,23,1999,7.7,23,12,10,11,2,5,15,33.3,10,10,2,8,2,25,12,0,ar ARG,MF,Racing Club,Copa de la Liga,23,1999,7.7,616,22,102,421,98,14,616,10,6,60.0,3,30.0,387,1483,820,11,9,0,14,4,432,10,ar ARG,MF,Racing Club,Copa de la Liga,23,1999,8,693,87,55.0,7.7,8,87,5,0,0,0,1.44,10,8,+2,+0.26,-0.38,10.1,8.2,+1.8,+0.24,+0.36,ar ARG,MF,Racing Club,Copa de la Liga,23,1999,7.7,0,0,0,9,6,0,8,2,12,0,1,0,64,14,8,63.6
Martiniano Moreno,ar ARG,"FW,MF",Estudiantes–LP,Copa de la Liga,19,2003,6,0,107,1.2,0,0,0,0,0,0,2,0,0.3,0.3,0.0,0.4,0,0,9,0.00,0.00,0.00,0.00,0.00,0.26,0.04,0.30,0.26,0.30,ar ARG,"FW,MF",Estudiantes–LP,Copa de la Liga,19,2003,1.2,0,2,0,0.0,1.68,0.00,0.00,0,10.4,0,0,0,0.3,0.3,0.15,-0.3,-0.3,ar ARG,"FW,MF",Estudiantes–LP,Copa de la Liga,19,2003,1.2,18,31,58.1,204,10,13,17,76.5,3,6,50.0,0,2,0.0,0,0.0,0.0,0.0,1,1,0,0,0,ar ARG,"FW,MF",Estudiantes–LP,Copa de la Liga,19,2003,1.2,31,31,0,0,0,0,0,0,0,0,0,0,18,0,3,ar ARG,"FW,MF",Estudiantes–LP,Copa de la Liga,19,2003,1.2,1,0.84,1,0,0,0,0,0,0,0.00,0,0,0,0,0,0,ar ARG,"FW,MF",Estudiantes–LP,Copa de la Liga,19,2003,1.2,2,0,1,0,1,1,1,100.0,0,3,0,3,0,2,1,0,ar ARG,"FW,MF",Estudiantes–LP,Copa de la Liga,19,2003,1.2,49,1,4,18,27,6,49,5,2,40.0,3,60.0,25,102,13,0,0,0,4,2,35,9,ar ARG,"FW,MF",Estudiantes–LP,Copa de la Liga,19,2003,6,107,18,8.5,1.2,0,0,0,6,18,2,0.83,0,0,0,0.00,+0.16,0.9,0.5,+0.5,+0.38,+0.05,ar ARG,"FW,MF",Estudiantes–LP,Copa de la Liga,19,2003,1.2,2,0,0,6,3,0,0,0,0,0,0,0,3,5,4,55.6
Matias Moreno,ar ARG,DF,Belgrano,Copa de la Liga,19,2003,5,4,415,4.6,0,0,0,0,0,0,2,0,0.0,0.0,0.0,0.0,4,16,0,0.00,0.00,0.00,0.00,0.00,0.00,0.00,0.00,0.00,0.00,ar ARG,DF,Belgrano,Copa de la Liga,19,2003,4.6,0,1,0,0.0,0.22,0.00,0.00,0,14.7,0,0,0,0.0,0.0,0.02,0.0,0.0,ar ARG,DF,Belgrano,Copa de la Liga,19,2003,4.6,172,208,82.7,3619,1475,57,63,90.5,79,89,88.8,34,51,66.7,0,0.0,0.0,0.0,0,9,0,0,16,ar ARG,DF,Belgrano,Copa de la Liga,19,2003,4.6,208,198,10,9,0,2,0,1,0,0,0,0,172,0,2,ar ARG,DF,Belgrano,Copa de la Liga,19,2003,4.6,3,0.65,2,0,0,1,0,0,1,0.22,0,0,0,1,0,0,ar ARG,DF,Belgrano,Copa de la Liga,19,2003,4.6,7,2,4,3,0,6,9,66.7,3,6,1,5,17,24,19,0,ar ARG,DF,Belgrano,Copa de la Liga,19,2003,4.6,263,27,143,116,5,1,263,1,1,100.0,0,0.0,132,715,369,4,2,0,5,0,130,0,ar ARG,DF,Belgrano,Copa de la Liga,19,2003,5,415,83,32.9,4.6,4,90,3,1,56,2,1.00,7,11,-4,-0.87,-1.51,4.7,6.4,-1.8,-0.38,-0.19,ar ARG,DF,Belgrano,Copa de la Liga,19,2003,4.6,2,0,0,4,3,0,0,17,2,0,0,0,43,11,9,55.0
Stéfano Moreyra,ar ARG,MF,Colón,Copa de la Liga,21,2001,11,6,507,5.6,0,1,1,0,0,0,1,1,0.1,0.1,0.1,0.2,0,15,1,0.00,0.18,0.18,0.00,0.18,0.02,0.02,0.04,0.02,0.04,ar ARG,MF,Colón,Copa de la Liga,21,2001,5.6,0,3,2,66.7,0.53,0.36,0.00,0.00,26.6,0,0,0,0.1,0.1,0.04,-0.1,-0.1,ar ARG,MF,Colón,Copa de la Liga,21,2001,5.6,162,229,70.7,2599,943,77,96,80.2,64,89,71.9,12,28,42.9,1,0.1,0.1,+0.9,2,16,1,0,15,ar ARG,MF,Colón,Copa de la Liga,21,2001,5.6,229,227,2,2,0,1,0,0,0,0,0,0,162,0,2,ar ARG,MF,Colón,Copa de la Liga,21,2001,5.6,6,1.07,6,0,0,0,0,0,1,0.18,1,0,0,0,0,0,ar ARG,MF,Colón,Copa de la Liga,21,2001,5.6,19,7,10,9,0,12,23,52.2,11,7,3,4,17,36,11,0,ar ARG,MF,Colón,Copa de la Liga,21,2001,5.6,303,17,97,187,23,0,303,4,2,50.0,1,25.0,106,351,122,0,4,1,3,0,119,1,ar ARG,MF,Colón,Copa de la Liga,21,2001,11,507,46,40.2,5.6,6,69,2,5,18,1,1.55,9,8,+1,+0.18,+0.06,6.8,5.6,+1.2,+0.22,+0.15,ar ARG,MF,Colón,Copa de la Liga,21,2001,5.6,1,1,0,14,2,0,0,17,7,0,0,0,43,14,3,82.4
Nicolás Morgantini,ar ARG,DF,Platense,Copa de la Liga,28,1994,5,4,434,4.8,1,0,1,1,0,0,0,0,0.5,0.5,0.2,0.6,4,17,11,0.21,0.00,0.21,0.21,0.21,0.10,0.03,0.13,0.10,0.13,ar ARG,DF,Platense,Copa de la Liga,28,1994,4.8,1,3,1,33.3,0.62,0.21,0.33,1.00,15.3,0,0,0,0.5,0.5,0.16,+0.5,+0.5,ar ARG,DF,Platense,Copa de la Liga,28,1994,4.8,110,178,61.8,1984,1096,44,65,67.7,53,70,75.7,11,32,34.4,0,0.2,0.2,-0.2,2,14,3,3,17,ar ARG,DF,Platense,Copa de la Liga,28,1994,4.8,178,115,62,1,0,0,12,61,0,0,0,0,110,1,8,ar ARG,DF,Platense,Copa de la Liga,28,1994,4.8,9,1.87,5,1,1,0,1,1,2,0.41,1,0,1,0,0,0,ar ARG,DF,Platense,Copa de la Liga,28,1994,4.8,14,9,5,7,2,7,13,53.8,6,6,0,6,3,17,11,0,ar ARG,DF,Platense,Copa de la Liga,28,1994,4.8,222,11,56,101,65,5,222,2,2,100.0,0,0.0,69,276,155,4,2,0,4,3,74,11,ar ARG,DF,Platense,Copa de la Liga,28,1994,5,434,87,34.4,4.8,4,90,4,1,74,8,1.13,5,7,-2,-0.41,-0.31,3.0,5.5,-2.5,-0.52,-0.54,ar ARG,DF,Platense,Copa de la Liga,28,1994,4.8,0,0,0,5,2,0,12,3,9,0,0,0,30,2,3,40.0
Leonel Mosevich,ar ARG,DF,Instituto,Copa de la Liga,25,1997,2,1,78,0.9,0,0,0,0,0,0,0,0,0.1,0.1,0.0,0.1,0,0,0,0.00,0.00,0.00,0.00,0.00,0.11,0.00,0.11,0.11,0.11,ar ARG,DF,Instituto,Copa de la Liga,25,1997,0.9,0,2,1,50.0,2.31,1.15,0.00,0.00,22.5,0,0,0,0.1,0.1,0.05,-0.1,-0.1,ar ARG,DF,Instituto,Copa de la Liga,25,1997,0.9,3,4,75.0,58,33,1,1,100.0,2,2,100.0,0,0,0,0,0.0,0.0,0.0,0,0,0,0,0,ar ARG,DF,Instituto,Copa de la Liga,25,1997,0.9,4,3,0,0,0,0,0,0,0,0,0,0,3,1,0,ar ARG,DF,Instituto,Copa de la Liga,25,1997,0.9,0,0.00,0,0,0,0,0,0,0,0.00,0,0,0,0,0,0,ar ARG,DF,Instituto,Copa de la Liga,25,1997,0.9,0,0,0,0,0,0,0,0,0,0,0,0,0,0,2,0,ar ARG,DF,Instituto,Copa de la Liga,25,1997,0.9,11,3,4,4,3,2,11,0,0,0,0,0,2,12,3,0,0,0,0,0,3,0,ar ARG,DF,Instituto,Copa de la Liga,25,1997,2,78,39,6.2,0.9,1,62,0,1,16,11,2.00,1,1,0,0.00,-0.30,1.0,0.8,+0.2,+0.20,+0.13,ar ARG,DF,Instituto,Copa de la Liga,25,1997,0.9,0,0,0,1,0,0,0,0,0,0,0,0,1,0,1,0.0
Joaquín Mosqueira,ar ARG,MF,Unión,Copa de la Liga,18,2004,13,13,"1,116",12.4,1,0,1,1,0,0,4,1,0.4,0.4,0.2,0.5,9,29,5,0.08,0.00,0.08,0.08,0.08,0.03,0.01,0.04,0.03,0.04,ar ARG,MF,Unión,Copa de la Liga,18,2004,12.4,1,14,2,14.3,1.13,0.16,0.07,0.50,23.6,0,0,0,0.4,0.4,0.03,+0.6,+0.6,ar ARG,MF,Unión,Copa de la Liga,18,2004,12.4,363,467,77.7,6504,1767,151,182,83.0,168,211,79.6,34,53,64.2,0,0.2,0.2,-0.2,5,34,2,1,29,ar ARG,MF,Unión,Copa de la Liga,18,2004,12.4,467,452,15,15,0,3,4,0,0,0,0,0,363,0,5,ar ARG,MF,Unión,Copa de la Liga,18,2004,12.4,12,0.97,8,0,0,2,2,0,0,0.00,0,0,0,0,0,0,ar ARG,MF,Unión,Copa de la Liga,18,2004,12.4,21,10,5,14,2,9,20,45.0,11,10,3,7,15,36,16,0,ar ARG,MF,Unión,Copa de la Liga,18,2004,12.4,581,20,136,386,66,8,581,5,4,80.0,1,20.0,286,1517,768,9,9,1,8,10,274,5,ar ARG,MF,Unión,Copa de la Liga,18,2004,13,"1,116",86,88.6,12.4,13,86,10,0,0,0,1.00,8,9,-1,-0.08,+1.17,9.6,10.7,-1.0,-0.08,+0.42,ar ARG,MF,Unión,Copa de la Liga,18,2004,12.4,4,1,1,10,12,0,4,15,10,0,0,0,97,35,14,71.4
Jherson Mosquera,co COL,DF,Newell's OB,Copa de la Liga,23,1999,1,0,25,0.3,0,0,0,0,0,0,2,1,0.0,0.0,0.0,0.0,2,1,1,0.00,0.00,0.00,0.00,0.00,0.06,0.00,0.06,0.06,0.06,co COL,DF,Newell's OB,Copa de la Liga,23,1999,0.3,0,1,0,0.0,3.60,0.00,0.00,0,21.1,0,0,0,0.0,0.0,0.02,0.0,0.0,co COL,DF,Newell's OB,Copa de la Liga,23,1999,0.3,9,16,56.3,169,20,5,6,83.3,2,5,40.0,2,5,40.0,0,0.0,0.0,0.0,0,2,0,0,1,co COL,DF,Newell's OB,Copa de la Liga,23,1999,0.3,16,11,5,0,0,0,0,5,0,0,0,0,9,0,0,co COL,DF,Newell's OB,Copa de la Liga,23,1999,0.3,0,0.00,0,0,0,0,0,0,0,0.00,0,0,0,0,0,0,co COL,DF,Newell's OB,Copa de la Liga,23,1999,0.3,0,0,0,0,0,0,0,0,0,0,0,0,0,0,1,0,co COL,DF,Newell's OB,Copa de la Liga,23,1999,0.3,21,1,7,10,4,0,21,1,0,0.0,0,0.0,9,91,65,2,0,0,1,0,11,1,co COL,DF,Newell's OB,Copa de la Liga,23,1999,1,25,25,2.0,0.3,0,0,0,1,25,0,3.00,0,0,0,0.00,-0.29,0.0,0.1,-0.1,-0.44,-0.57,co COL,DF,Newell's OB,Copa de la Liga,23,1999,0.3,2,1,1,4,1,0,0,0,0,0,0,0,4,0,0,0
Franco Moyano,ar ARG,MF,Arg Juniors,Copa de la Liga,25,1997,8,5,466,5.2,0,0,0,0,0,0,1,0,0.1,0.1,0.1,0.2,3,21,5,0.00,0.00,0.00,0.00,0.00,0.03,0.02,0.05,0.03,0.05,ar ARG,MF,Arg Juniors,Copa de la Liga,25,1997,5.2,0,5,1,20.0,0.97,0.19,0.00,0.00,27.6,0,0,0,0.1,0.1,0.03,-0.1,-0.1,ar ARG,MF,Arg Juniors,Copa de la Liga,25,1997,5.2,247,282,87.6,4350,1152,115,126,91.3,103,116,88.8,26,33,78.8,0,0.1,0.1,-0.1,2,20,0,0,21,ar ARG,MF,Arg Juniors,Copa de la Liga,25,1997,5.2,282,268,14,10,0,1,5,0,4,0,4,0,247,0,3,ar ARG,MF,Arg Juniors,Copa de la Liga,25,1997,5.2,5,0.97,3,2,0,0,0,0,0,0.00,0,0,0,0,0,0,ar ARG,MF,Arg Juniors,Copa de la Liga,25,1997,5.2,8,3,5,3,0,4,7,57.1,3,6,4,2,7,15,8,1,ar ARG,MF,Arg Juniors,Copa de la Liga,25,1997,5.2,321,19,87,207,28,0,321,2,2,100.0,0,0.0,174,752,272,3,2,0,0,1,205,5,ar ARG,MF,Arg Juniors,Copa de la Liga,25,1997,8,466,58,37.0,5.2,5,75,1,3,30,5,1.00,8,11,-3,-0.58,-0.47,5.9,10.5,-4.6,-0.89,-1.06,ar ARG,MF,Arg Juniors,Copa de la Liga,25,1997,5.2,1,0,0,5,6,0,5,7,3,0,0,0,35,4,8,33.3
Sebastián Moyano,ar ARG,GK,Unión,Copa de la Liga,32,1990,12,12,"1,080",12.0,0,0,0,0,0,0,1,0,0.0,0.0,0.0,0.0,0,0,0,0.00,0.00,0.00,0.00,0.00,0.00,0.00,0.00,0.00,0.00,ar ARG,GK,Unión,Copa de la Liga,32,1990,12.0,0,0,0,0,0.00,0.00,0,0,0,0,0,0,0.0,0.0,0,0.0,0.0,ar ARG,GK,Unión,Copa de la Liga,32,1990,12.0,218,308,70.8,6275,4565,37,37,100.0,95,97,97.9,85,171,49.7,0,0.0,0.0,0.0,0,6,0,0,0,ar ARG,GK,Unión,Copa de la Liga,32,1990,12.0,308,170,136,31,0,0,0,0,0,0,0,0,218,2,0,ar ARG,GK,Unión,Copa de la Liga,32,1990,12.0,0,0.00,0,0,0,0,0,0,0,0.00,0,0,0,0,0,0,ar ARG,GK,Unión,Copa de la Liga,32,1990,12.0,0,0,0,0,0,0,0,0,0,0,0,0,0,0,3,0,ar ARG,GK,Unión,Copa de la Liga,32,1990,12.0,329,276,329,0,0,0,329,0,0,0,0,0,151,875,624,0,0,0,0,0,91,0,ar ARG,GK,Unión,Copa de la Liga,32,1990,12,"1,080",90,85.7,12.0,12,90,12,0,0,0,1.00,9,13,-4,-0.33,-0.83,9.3,11.7,-2.4,-0.20,-0.49,ar ARG,GK,Unión,Copa de la Liga,32,1990,12.0,1,0,0,2,1,0,0,0,0,0,1,0,9,3,0,100.0
Agustín Mulet,ar ARG,"MF,DF",Independiente,Copa de la Liga,22,2000,2,0,2,0.0,0,0,0,0,0,0,0,0,0.0,0.0,0.0,0.0,0,0,0,0.00,0.00,0.00,0.00,0.00,0.00,0.00,0.00,0.00,0.00,ar ARG,"MF,DF",Independiente,Copa de la Liga,22,2000,0.0,0,0,0,0,0.00,0.00,0,0,0,0,0,0,0.0,0.0,0,0.0,0.0,ar ARG,"MF,DF",Independiente,Copa de la Liga,22,2000,0.0,1,3,33.3,6,0,1,1,100.0,0,1,0.0,0,1,0.0,0,0.0,0.0,0.0,0,0,0,0,0,ar ARG,"MF,DF",Independiente,Copa de la Liga,22,2000,0.0,3,3,0,0,0,0,0,0,0,0,0,0,1,0,0,ar ARG,"MF,DF",Independiente,Copa de la Liga,22,2000,0.0,0,0.00,0,0,0,0,0,0,0,0.00,0,0,0,0,0,0,ar ARG,"MF,DF",Independiente,Copa de la Liga,22,2000,0.0,0,0,0,0,0,0,0,0,0,1,0,1,0,0,0,0,ar ARG,"MF,DF",Independiente,Copa de la Liga,22,2000,0.0,4,0,0,3,1,0,4,0,0,0,0,0,2,5,1,0,0,0,0,0,1,0,ar ARG,"MF,DF",Independiente,Copa de la Liga,22,2000,2,2,1,0.2,0.0,0,0,0,2,1,4,3.00,0,1,-1,-45.00,-45.36,0.0,0.1,-0.1,-5.20,-5.77,ar ARG,"MF,DF",Independiente,Copa de la Liga,22,2000,0.0,0,0,0,0,0,0,0,0,0,0,0,0,2,1,0,100.0
Ezequiel Muñoz,ar ARG,DF,Estudiantes–LP,Copa de la Liga,32,1990,8,2,292,3.2,0,0,0,0,0,0,1,0,0.1,0.1,0.0,0.1,2,9,1,0.00,0.00,0.00,0.00,0.00,0.03,0.00,0.03,0.03,0.03,ar ARG,DF,Estudiantes–LP,Copa de la Liga,32,1990,3.2,0,1,1,100.0,0.31,0.31,0.00,0.00,5.7,0,0,0,0.1,0.1,0.11,-0.1,-0.1,ar ARG,DF,Estudiantes–LP,Copa de la Liga,32,1990,3.2,111,136,81.6,2027,834,40,46,87.0,64,73,87.7,7,13,53.8,0,0.0,0.0,0.0,0,7,0,0,9,ar ARG,DF,Estudiantes–LP,Copa de la Liga,32,1990,3.2,136,134,2,1,0,0,0,1,0,0,0,0,111,0,2,ar ARG,DF,Estudiantes–LP,Copa de la Liga,32,1990,3.2,1,0.31,1,0,0,0,0,0,0,0.00,0,0,0,0,0,0,ar ARG,DF,Estudiantes–LP,Copa de la Liga,32,1990,3.2,4,2,3,0,1,4,6,66.7,2,7,6,1,5,9,18,0,ar ARG,DF,Estudiantes–LP,Copa de la Liga,32,1990,3.2,179,21,100,74,6,3,179,0,0,0,0,0,79,389,250,2,1,0,1,0,86,1,ar ARG,DF,Estudiantes–LP,Copa de la Liga,32,1990,8,292,37,23.2,3.2,2,90,2,6,19,5,1.75,1,2,-1,-0.31,-0.22,3.7,2.9,+0.8,+0.25,-0.10,ar ARG,DF,Estudiantes–LP,Copa de la Liga,32,1990,3.2,1,0,0,3,0,0,0,5,2,0,0,0,22,24,8,75.0
Facundo Mura,ar ARG,DF,Racing Club,Copa de la Liga,23,1999,4,4,360,4.0,0,0,0,0,0,0,0,0,0.0,0.0,0.0,0.0,6,16,24,0.00,0.00,0.00,0.00,0.00,0.00,0.00,0.00,0.00,0.00,ar ARG,DF,Racing Club,Copa de la Liga,23,1999,4.0,0,0,0,0,0.00,0.00,0,0,0,0,0,0,0.0,0.0,0,0.0,0.0,ar ARG,DF,Racing Club,Copa de la Liga,23,1999,4.0,220,264,83.3,3694,1407,99,106,93.4,101,122,82.8,15,25,60.0,0,0.0,0.2,0.0,0,26,3,2,16,ar ARG,DF,Racing Club,Copa de la Liga,23,1999,4.0,264,214,49,4,0,0,11,45,0,0,0,0,220,1,4,ar ARG,DF,Racing Club,Copa de la Liga,23,1999,4.0,3,0.75,3,0,0,0,0,0,1,0.25,1,0,0,0,0,0,ar ARG,DF,Racing Club,Copa de la Liga,23,1999,4.0,4,2,4,0,0,2,3,66.7,1,4,1,3,4,8,6,0,ar ARG,DF,Racing Club,Copa de la Liga,23,1999,4.0,296,10,66,168,64,4,296,9,5,55.6,4,44.4,167,668,354,6,7,0,3,2,182,24,ar ARG,DF,Racing Club,Copa de la Liga,23,1999,4,360,90,28.6,4.0,4,90,4,0,0,10,1.80,9,5,+4,+1.00,+0.80,5.8,4.4,+1.4,+0.35,+0.38,ar ARG,DF,Racing Club,Copa de la Liga,23,1999,4.0,0,0,0,1,5,0,11,4,2,0,0,0,17,3,3,50.0
Gonzalo Muscia,ar ARG,MF,Arsenal,Copa de la Liga,23,2000,14,14,"1,152",12.8,0,0,0,0,0,0,1,0,0.1,0.1,0.1,0.2,4,41,14,0.00,0.00,0.00,0.00,0.00,0.01,0.01,0.02,0.01,0.02,ar ARG,MF,Arsenal,Copa de la Liga,23,2000,12.8,0,5,0,0.0,0.39,0.00,0.00,0,26.8,0,0,0,0.1,0.1,0.02,-0.1,-0.1,ar ARG,MF,Arsenal,Copa de la Liga,23,2000,12.8,371,504,73.6,7143,2054,151,190,79.5,156,187,83.4,60,95,63.2,0,0.1,0.2,-0.1,5,39,3,0,41,ar ARG,MF,Arsenal,Copa de la Liga,23,2000,12.8,504,498,3,3,0,4,3,0,0,0,0,0,371,3,16,ar ARG,MF,Arsenal,Copa de la Liga,23,2000,12.8,11,0.86,9,0,0,0,1,1,0,0.00,0,0,0,0,0,0,ar ARG,MF,Arsenal,Copa de la Liga,23,2000,12.8,34,14,15,18,1,18,37,48.6,19,18,4,14,24,58,20,2,ar ARG,MF,Arsenal,Copa de la Liga,23,2000,12.8,642,35,169,428,50,3,642,14,9,64.3,5,35.7,295,1052,375,4,6,0,15,7,311,14,ar ARG,MF,Arsenal,Copa de la Liga,23,2000,14,"1,152",82,91.4,12.8,14,82,7,0,0,0,0.93,9,15,-6,-0.47,-1.30,12.0,13.1,-1.2,-0.09,-0.11,ar ARG,MF,Arsenal,Copa de la Liga,23,2000,12.8,1,0,0,19,3,0,3,24,14,0,1,0,112,7,16,30.4
Antonio Napolitano,ar ARG,MF,Gimnasia–LP,Copa de la Liga,23,1999,3,1,88,1.0,0,0,0,0,0,0,0,0,0.0,0.0,0.1,0.1,2,9,3,0.00,0.00,0.00,0.00,0.00,0.00,0.10,0.10,0.00,0.10,ar ARG,MF,Gimnasia–LP,Copa de la Liga,23,1999,1.0,0,0,0,0,0.00,0.00,0,0,0,0,0,0,0.0,0.0,0,0.0,0.0,ar ARG,MF,Gimnasia–LP,Copa de la Liga,23,1999,1.0,36,45,80.0,623,321,17,19,89.5,15,20,75.0,3,4,75.0,0,0.1,0.1,-0.1,1,8,1,1,9,ar ARG,MF,Gimnasia–LP,Copa de la Liga,23,1999,1.0,45,42,3,2,0,1,2,1,0,0,0,0,36,0,0,ar ARG,MF,Gimnasia–LP,Copa de la Liga,23,1999,1.0,2,2.05,2,0,0,0,0,0,0,0.00,0,0,0,0,0,0,ar ARG,MF,Gimnasia–LP,Copa de la Liga,23,1999,1.0,6,5,2,3,1,1,2,50.0,1,1,0,1,1,7,4,0,ar ARG,MF,Gimnasia–LP,Copa de la Liga,23,1999,1.0,58,3,12,34,14,1,58,0,0,0,0,0,33,163,97,2,0,0,1,0,36,3,ar ARG,MF,Gimnasia–LP,Copa de la Liga,23,1999,3,88,29,7.0,1.0,1,51,0,2,19,11,1.00,0,4,-4,-4.09,-3.78,0.3,2.1,-1.8,-1.85,-1.74,ar ARG,MF,Gimnasia–LP,Copa de la Liga,23,1999,1.0,0,0,0,1,1,0,2,1,5,0,0,0,4,0,1,0.0
Gian Nardelli,ar ARG,DF,Colón,Copa de la Liga,22,2000,9,3,437,4.9,0,1,1,0,0,0,1,0,0.0,0.0,0.1,0.1,3,10,5,0.00,0.21,0.21,0.00,0.21,0.00,0.02,0.02,0.00,0.02,ar ARG,DF,Colón,Copa de la Liga,22,2000,4.9,0,1,0,0.0,0.21,0.00,0.00,0,33.5,0,0,0,0.0,0.0,0.01,0.0,0.0,ar ARG,DF,Colón,Copa de la Liga,22,2000,4.9,104,171,60.8,2095,1207,42,45,93.3,41,64,64.1,18,48,37.5,1,0.1,0.2,+0.9,2,10,3,2,10,ar ARG,DF,Colón,Copa de la Liga,22,2000,4.9,171,123,48,3,0,2,8,45,0,0,0,0,104,0,7,ar ARG,DF,Colón,Copa de la Liga,22,2000,4.9,7,1.44,4,3,0,0,0,0,2,0.41,2,0,0,0,0,0,ar ARG,DF,Colón,Copa de la Liga,22,2000,4.9,11,8,8,3,0,7,11,63.6,4,5,2,3,5,16,17,0,ar ARG,DF,Colón,Copa de la Liga,22,2000,4.9,224,21,90,89,46,1,224,2,0,0.0,2,100.0,64,297,150,3,6,0,2,1,74,5,ar ARG,DF,Colón,Copa de la Liga,22,2000,9,437,49,34.7,4.9,3,73,2,6,36,5,1.44,6,9,-3,-0.62,-1.16,6.6,7.2,-0.5,-0.11,-0.36,ar ARG,DF,Colón,Copa de la Liga,22,2000,4.9,1,0,0,4,1,0,8,5,8,0,1,0,30,9,10,47.4
Juan Nardoni,ar ARG,MF,Racing Club,Copa de la Liga,20,2002,11,11,956,10.6,0,0,0,0,0,0,1,0,1.3,1.3,0.4,1.6,21,48,44,0.00,0.00,0.00,0.00,0.00,0.12,0.03,0.15,0.12,0.15,ar ARG,MF,Racing Club,Copa de la Liga,20,2002,10.6,0,11,2,18.2,1.04,0.19,0.00,0.00,13.8,0,0,0,1.3,1.3,0.13,-1.3,-1.3,ar ARG,MF,Racing Club,Copa de la Liga,20,2002,10.6,448,519,86.3,7117,1730,250,274,91.2,154,172,89.5,34,41,82.9,0,0.4,0.6,-0.4,4,52,6,1,48,ar ARG,MF,Racing Club,Copa de la Liga,20,2002,10.6,519,505,13,9,2,3,5,4,0,0,0,0,448,1,11,ar ARG,MF,Racing Club,Copa de la Liga,20,2002,10.6,22,2.07,15,0,2,3,1,1,2,0.19,1,0,0,0,0,1,ar ARG,MF,Racing Club,Copa de la Liga,20,2002,10.6,16,12,7,9,0,8,19,42.1,11,14,0,14,15,31,7,0,ar ARG,MF,Racing Club,Copa de la Liga,20,2002,10.6,650,7,91,444,123,26,650,27,14,51.9,11,40.7,394,1675,705,21,14,5,28,17,467,44,ar ARG,MF,Racing Club,Copa de la Liga,20,2002,11,956,87,75.9,10.6,11,87,9,0,0,1,1.67,16,13,+3,+0.28,-0.61,14.2,13.2,+1.0,+0.10,+0.08,ar ARG,MF,Racing Club,Copa de la Liga,20,2002,10.6,1,0,0,12,20,1,5,15,12,0,0,0,85,11,16,40.7
Roberto Nicolás Fernández,uy URU,MF,Godoy Cruz,Copa de la Liga,24,1998,14,14,"1,230",13.7,1,1,2,1,0,0,4,0,1.7,1.7,2.1,3.7,18,65,37,0.07,0.07,0.15,0.07,0.15,0.12,0.15,0.27,0.12,0.27,uy URU,MF,Godoy Cruz,Copa de la Liga,24,1998,13.7,1,22,6,27.3,1.61,0.44,0.05,0.17,25.3,3,0,0,1.7,1.7,0.08,-0.7,-0.7,uy URU,MF,Godoy Cruz,Copa de la Liga,24,1998,13.7,457,606,75.4,8331,2671,223,261,85.4,146,180,81.1,70,120,58.3,1,2.1,1.3,-1.1,25,65,6,0,65,uy URU,MF,Godoy Cruz,Copa de la Liga,24,1998,13.7,606,552,53,22,0,10,36,5,26,5,15,1,457,1,13,uy URU,MF,Godoy Cruz,Copa de la Liga,24,1998,13.7,46,3.37,27,13,3,3,0,0,3,0.22,2,1,0,0,0,0,uy URU,MF,Godoy Cruz,Copa de la Liga,24,1998,13.7,39,20,11,25,3,15,44,34.1,29,23,4,19,8,47,14,0,uy URU,MF,Godoy Cruz,Copa de la Liga,24,1998,13.7,787,24,124,493,182,19,787,37,16,43.2,19,51.4,343,1977,775,18,11,5,30,23,404,37,uy URU,MF,Godoy Cruz,Copa de la Liga,24,1998,14,"1,230",88,97.6,13.7,14,88,12,0,0,0,1.50,14,9,+5,+0.37,+0.37,15.9,12.2,+3.6,+0.26,-1.05,uy URU,MF,Godoy Cruz,Copa de la Liga,24,1998,13.7,4,0,0,19,12,0,36,8,20,0,0,0,111,25,19,56.8
Gonzalo Nicolás Martínez,ar ARG,"MF,FW",River Plate,Copa de la Liga,29,1993,6,0,76,0.8,1,0,1,1,0,0,0,0,0.2,0.2,0.0,0.2,8,7,10,1.18,0.00,1.18,1.18,1.18,0.28,0.00,0.28,0.28,0.28,ar ARG,"MF,FW",River Plate,Copa de la Liga,29,1993,0.8,1,5,2,40.0,5.92,2.37,0.20,0.50,26.9,2,0,0,0.2,0.2,0.05,+0.8,+0.8,ar ARG,"MF,FW",River Plate,Copa de la Liga,29,1993,0.8,29,53,54.7,554,146,9,13,69.2,11,16,68.8,6,17,35.3,0,0.0,0.1,0.0,0,4,2,0,7,ar ARG,"MF,FW",River Plate,Copa de la Liga,29,1993,0.8,53,45,7,0,0,4,7,1,6,3,2,0,29,1,2,ar ARG,"MF,FW",River Plate,Copa de la Liga,29,1993,0.8,2,2.34,0,0,0,1,1,0,1,1.17,0,0,0,0,1,0,ar ARG,"MF,FW",River Plate,Copa de la Liga,29,1993,0.8,7,5,4,2,1,2,2,100.0,0,0,0,0,1,8,3,0,ar ARG,"MF,FW",River Plate,Copa de la Liga,29,1993,0.8,76,2,13,31,34,2,76,8,4,50.0,2,25.0,45,367,163,8,2,1,4,3,50,10,ar ARG,"MF,FW",River Plate,Copa de la Liga,29,1993,6,76,13,6.0,0.8,0,0,0,6,13,2,1.88,3,1,+2,+2.37,+1.91,1.6,1.0,+0.7,+0.79,+0.18,ar ARG,"MF,FW",River Plate,Copa de la Liga,29,1993,0.8,0,0,0,2,5,0,7,1,5,0,0,0,8,1,1,50.0
Aaron Nicolás Molinas,ar ARG,"MF,FW",Tigre,Copa de la Liga,22,2000,13,10,816,9.1,0,1,1,0,0,0,1,0,1.1,1.1,1.2,2.2,23,54,60,0.00,0.11,0.11,0.00,0.11,0.12,0.13,0.25,0.12,0.25,ar ARG,"MF,FW",Tigre,Copa de la Liga,22,2000,9.1,0,16,8,50.0,1.76,0.88,0.00,0.00,21.3,4,0,0,1.1,1.1,0.07,-1.1,-1.1,ar ARG,"MF,FW",Tigre,Copa de la Liga,22,2000,9.1,272,371,73.3,4685,1466,132,152,86.8,95,119,79.8,34,62,54.8,1,1.2,1.4,-0.2,24,40,12,4,54,ar ARG,"MF,FW",Tigre,Copa de la Liga,22,2000,9.1,371,332,37,10,1,4,48,4,23,1,21,0,272,2,18,ar ARG,"MF,FW",Tigre,Copa de la Liga,22,2000,9.1,41,4.53,28,11,0,2,0,0,3,0.33,2,1,0,0,0,0,ar ARG,"MF,FW",Tigre,Copa de la Liga,22,2000,9.1,13,8,1,10,2,8,15,53.3,7,8,2,6,5,18,6,0,ar ARG,"MF,FW",Tigre,Copa de la Liga,22,2000,9.1,466,7,34,208,227,20,466,20,10,50.0,8,40.0,263,1413,618,23,18,1,16,9,315,60,ar ARG,"MF,FW",Tigre,Copa de la Liga,22,2000,13,816,63,64.8,9.1,10,75,1,3,21,0,1.00,6,7,-1,-0.11,+0.70,8.5,5.4,+3.0,+0.33,+0.43,ar ARG,"MF,FW",Tigre,Copa de la Liga,22,2000,9.1,1,0,0,2,6,2,48,5,8,0,0,0,42,6,9,40.0
Diego Novaretti,ar ARG,DF,Belgrano,Copa de la Liga,37,1985,1,0,1,0.0,0,0,0,0,0,0,0,0,0.0,0.0,0.0,0.0,0,0,0,0.00,0.00,0.00,0.00,0.00,0.00,0.00,0.00,0.00,0.00,ar ARG,DF,Belgrano,Copa de la Liga,37,1985,0.0,0,0,0,0,0.00,0.00,0,0,0,0,0,0,0.0,0.0,0,0.0,0.0,ar ARG,DF,Belgrano,Copa de la Liga,37,1985,0.0,2,2,100.0,36,16,0,0,0,2,2,100.0,0,0,0,0,0.0,0.0,0.0,0,0,0,0,0,ar ARG,DF,Belgrano,Copa de la Liga,37,1985,0.0,2,2,0,0,0,0,0,0,0,0,0,0,2,0,0,ar ARG,DF,Belgrano,Copa de la Liga,37,1985,0.0,0,0.00,0,0,0,0,0,0,0,0.00,0,0,0,0,0,0,ar ARG,DF,Belgrano,Copa de la Liga,37,1985,0.0,0,0,0,0,0,0,0,0,0,0,0,0,0,0,2,0,ar ARG,DF,Belgrano,Copa de la Liga,37,1985,0.0,5,3,5,0,0,0,5,0,0,0,0,0,2,3,0,0,0,0,0,0,2,0,ar ARG,DF,Belgrano,Copa de la Liga,37,1985,1,1,1,0.1,0.0,0,0,0,1,1,0,3.00,0,0,0,0.00,-0.14,0.0,0.0,0.0,0.00,+0.26,ar ARG,DF,Belgrano,Copa de la Liga,37,1985,0.0,0,0,0,0,0,0,0,0,0,0,0,0,0,1,0,100.0
Cristian Núñez,py PAR,MF,Godoy Cruz,Copa de la Liga,25,1997,8,0,116,1.3,0,0,0,0,0,0,1,0,0.0,0.0,0.1,0.1,0,9,0,0.00,0.00,0.00,0.00,0.00,0.00,0.05,0.05,0.00,0.05,py PAR,MF,Godoy Cruz,Copa de la Liga,25,1997,1.3,0,0,0,0,0.00,0.00,0,0,0,0,0,0,0.0,0.0,0,0.0,0.0,py PAR,MF,Godoy Cruz,Copa de la Liga,25,1997,1.3,44,58,75.9,843,285,15,18,83.3,21,27,77.8,6,10,60.0,0,0.1,0.1,-0.1,2,7,1,0,9,py PAR,MF,Godoy Cruz,Copa de la Liga,25,1997,1.3,58,57,1,1,0,1,0,0,0,0,0,0,44,0,2,py PAR,MF,Godoy Cruz,Copa de la Liga,25,1997,1.3,4,3.10,3,0,0,0,0,1,0,0.00,0,0,0,0,0,0,py PAR,MF,Godoy Cruz,Copa de la Liga,25,1997,1.3,9,5,3,6,0,6,12,50.0,6,1,0,1,2,11,2,0,py PAR,MF,Godoy Cruz,Copa de la Liga,25,1997,1.3,79,1,26,50,4,1,79,0,0,0,0,0,26,107,53,0,0,0,1,1,31,0,py PAR,MF,Godoy Cruz,Copa de la Liga,25,1997,8,116,15,9.2,1.3,0,0,0,8,15,6,2.00,1,3,-2,-1.55,-2.10,2.4,1.6,+0.7,+0.58,+0.32,py PAR,MF,Godoy Cruz,Copa de la Liga,25,1997,1.3,1,0,0,5,1,0,0,2,5,0,0,0,16,4,1,80.0
Santiago Núñez,ar ARG,DF,Estudiantes–LP,Copa de la Liga,22,2000,12,12,"1,007",11.2,0,0,0,0,0,0,4,0,1.1,1.1,0.0,1.1,4,21,1,0.00,0.00,0.00,0.00,0.00,0.09,0.00,0.09,0.09,0.09,ar ARG,DF,Estudiantes–LP,Copa de la Liga,22,2000,11.2,0,7,1,14.3,0.63,0.09,0.00,0.00,9.0,0,0,0,1.1,1.1,0.15,-1.1,-1.1,ar ARG,DF,Estudiantes–LP,Copa de la Liga,22,2000,11.2,474,590,80.3,9755,4354,134,159,84.3,280,322,87.0,56,97,57.7,0,0.0,0.1,0.0,0,23,0,0,21,ar ARG,DF,Estudiantes–LP,Copa de la Liga,22,2000,11.2,590,569,20,19,0,7,0,1,0,0,0,0,474,1,3,ar ARG,DF,Estudiantes–LP,Copa de la Liga,22,2000,11.2,4,0.36,3,0,0,1,0,0,0,0.00,0,0,0,0,0,0,ar ARG,DF,Estudiantes–LP,Copa de la Liga,22,2000,11.2,32,23,25,7,0,11,16,68.8,5,12,7,5,23,55,45,1,ar ARG,DF,Estudiantes–LP,Copa de la Liga,22,2000,11.2,718,79,382,325,14,13,718,4,3,75.0,1,25.0,347,1710,900,4,2,0,10,0,433,1,ar ARG,DF,Estudiantes–LP,Copa de la Liga,22,2000,12,"1,007",84,79.9,11.2,12,84,10,0,0,1,1.42,8,7,+1,+0.09,+1.16,13.3,8.1,+5.2,+0.47,+0.68,ar ARG,DF,Estudiantes–LP,Copa de la Liga,22,2000,11.2,4,0,0,18,6,0,0,23,23,0,1,0,62,29,19,60.4
Thiago Nuss,ar ARG,"DF,FW",Arg Juniors,Copa de la Liga,21,2001,3,0,18,0.2,0,0,0,0,0,0,0,0,0.0,0.0,0.0,0.0,1,0,0,0.00,0.00,0.00,0.00,0.00,0.00,0.00,0.00,0.00,0.00,ar ARG,"DF,FW",Arg Juniors,Copa de la Liga,21,2001,0.2,0,0,0,0,0.00,0.00,0,0,0,0,0,0,0.0,0.0,0,0.0,0.0,ar ARG,"DF,FW",Arg Juniors,Copa de la Liga,21,2001,0.2,4,7,57.1,49,6,3,4,75.0,1,2,50.0,0,1,0.0,0,0.0,0.0,0.0,0,0,0,0,0,ar ARG,"DF,FW",Arg Juniors,Copa de la Liga,21,2001,0.2,7,7,0,0,0,0,0,0,0,0,0,0,4,0,0,ar ARG,"DF,FW",Arg Juniors,Copa de la Liga,21,2001,0.2,0,0.00,0,0,0,0,0,0,0,0.00,0,0,0,0,0,0,ar ARG,"DF,FW",Arg Juniors,Copa de la Liga,21,2001,0.2,1,1,1,0,0,1,1,100.0,0,0,0,0,0,1,0,0,ar ARG,"DF,FW",Arg Juniors,Copa de la Liga,21,2001,0.2,9,1,7,2,2,0,9,2,2,100.0,0,0.0,5,62,48,1,0,0,1,0,5,0,ar ARG,"DF,FW",Arg Juniors,Copa de la Liga,21,2001,3,18,6,1.4,0.2,0,0,0,3,6,6,1.33,0,0,0,0.00,+0.29,0.2,0.1,0.0,+0.18,+0.40,ar ARG,"DF,FW",Arg Juniors,Copa de la Liga,21,2001,0.2,0,0,0,1,0,0,0,0,1,0,0,0,2,1,0,100.0
Tomás O'Connor,ar ARG,"MF,FW",Rosario Central,Copa de la Liga,18,2004,14,14,"1,092",12.1,0,3,3,0,0,0,4,0,0.4,0.4,0.8,1.3,24,58,39,0.00,0.25,0.25,0.00,0.25,0.04,0.07,0.10,0.04,0.10,ar ARG,"MF,FW",Rosario Central,Copa de la Liga,18,2004,12.1,0,11,4,36.4,0.91,0.33,0.00,0.00,21.9,0,0,0,0.4,0.4,0.04,-0.4,-0.4,ar ARG,"MF,FW",Rosario Central,Copa de la Liga,18,2004,12.1,347,443,78.3,5647,1575,170,197,86.3,136,165,82.4,27,46,58.7,3,0.8,1.0,+2.2,8,44,10,1,58,ar ARG,"MF,FW",Rosario Central,Copa de la Liga,18,2004,12.1,443,428,12,10,2,1,10,2,0,0,0,0,347,3,10,ar ARG,"MF,FW",Rosario Central,Copa de la Liga,18,2004,12.1,31,2.56,23,0,3,1,3,1,4,0.33,3,0,1,0,0,0,ar ARG,"MF,FW",Rosario Central,Copa de la Liga,18,2004,12.1,23,17,14,7,2,13,27,48.1,14,11,2,9,11,34,13,0,ar ARG,"MF,FW",Rosario Central,Copa de la Liga,18,2004,12.1,578,20,108,321,157,18,578,40,22,55.0,15,37.5,353,1911,1025,24,17,4,30,11,351,39,ar ARG,"MF,FW",Rosario Central,Copa de la Liga,18,2004,14,"1,092",78,86.7,12.1,14,78,4,0,0,0,1.65,17,11,+6,+0.49,+1.57,13.1,15.9,-2.9,-0.24,+0.66,ar ARG,"MF,FW",Rosario Central,Copa de la Liga,18,2004,12.1,4,0,0,21,18,0,10,11,17,0,0,0,101,7,12,36.8
Agustín Obando,ar ARG,"MF,DF",Tigre,Copa de la Liga,22,2000,3,0,39,0.4,0,0,0,0,0,0,0,0,0.0,0.0,0.1,0.1,2,6,2,0.00,0.00,0.00,0.00,0.00,0.05,0.12,0.16,0.05,0.16,ar ARG,"MF,DF",Tigre,Copa de la Liga,22,2000,0.4,0,1,0,0.0,2.31,0.00,0.00,0,29.1,0,0,0,0.0,0.0,0.02,0.0,0.0,ar ARG,"MF,DF",Tigre,Copa de la Liga,22,2000,0.4,14,20,70.0,333,143,4,6,66.7,5,6,83.3,5,8,62.5,0,0.1,0.1,-0.1,1,3,1,0,6,ar ARG,"MF,DF",Tigre,Copa de la Liga,22,2000,0.4,20,18,2,0,1,1,3,1,1,0,1,0,14,0,0,ar ARG,"MF,DF",Tigre,Copa de la Liga,22,2000,0.4,1,2.31,0,1,0,0,0,0,0,0.00,0,0,0,0,0,0,ar ARG,"MF,DF",Tigre,Copa de la Liga,22,2000,0.4,3,3,1,1,1,2,2,100.0,0,2,0,2,0,3,1,0,ar ARG,"MF,DF",Tigre,Copa de la Liga,22,2000,0.4,30,1,8,13,10,0,30,5,4,80.0,1,20.0,15,88,42,2,2,0,0,0,17,2,ar ARG,"MF,DF",Tigre,Copa de la Liga,22,2000,3,39,13,3.1,0.4,0,0,0,3,13,3,1.00,0,1,-1,-2.31,-2.01,0.2,0.7,-0.5,-1.15,-1.37,ar ARG,"MF,DF",Tigre,Copa de la Liga,22,2000,0.4,0,0,0,0,1,0,3,0,3,0,0,0,3,0,0,0
Lucas Ocampo,uy URU,"MF,FW",Platense,Copa de la Liga,25,1997,14,8,758,8.4,1,4,5,1,0,0,3,0,0.8,0.8,1.5,2.3,13,26,59,0.12,0.47,0.59,0.12,0.59,0.09,0.18,0.28,0.09,0.28,uy URU,"MF,FW",Platense,Copa de la Liga,25,1997,8.4,1,20,8,40.0,2.37,0.95,0.05,0.13,22.5,5,0,0,0.8,0.8,0.04,+0.2,+0.2,uy URU,"MF,FW",Platense,Copa de la Liga,25,1997,8.4,151,262,57.6,2857,1195,71,92,77.2,48,78,61.5,27,68,39.7,4,1.5,1.4,+2.5,19,10,12,6,26,uy URU,"MF,FW",Platense,Copa de la Liga,25,1997,8.4,262,205,55,24,1,1,61,5,26,6,17,0,151,2,8,uy URU,"MF,FW",Platense,Copa de la Liga,25,1997,8.4,41,4.88,17,13,1,3,7,0,5,0.60,4,1,0,0,0,0,uy URU,"MF,FW",Platense,Copa de la Liga,25,1997,8.4,27,18,8,15,4,7,23,30.4,16,15,0,15,4,31,6,0,uy URU,"MF,FW",Platense,Copa de la Liga,25,1997,8.4,408,5,42,171,203,28,408,29,11,37.9,15,51.7,208,973,422,13,13,3,28,6,217,59,uy URU,"MF,FW",Platense,Copa de la Liga,25,1997,14,758,54,60.2,8.4,8,74,1,6,27,0,1.29,9,9,0,0.00,+0.54,7.2,8.1,-0.8,-0.10,+0.16,uy URU,"MF,FW",Platense,Copa de la Liga,25,1997,8.4,3,0,0,16,23,0,61,4,18,0,0,0,41,2,10,16.7
Cristhian Ocampos,py PAR,FW,Cen. Córdoba–SdE,Copa de la Liga,23,1999,11,11,769,8.5,1,1,2,1,0,0,1,0,1.4,1.4,0.2,1.6,4,13,51,0.12,0.12,0.23,0.12,0.23,0.16,0.02,0.19,0.16,0.19,py PAR,FW,Cen. Córdoba–SdE,Copa de la Liga,23,1999,8.5,1,11,6,54.5,1.29,0.70,0.09,0.17,14.7,0,0,0,1.4,1.4,0.13,-0.4,-0.4,py PAR,FW,Cen. Córdoba–SdE,Copa de la Liga,23,1999,8.5,98,173,56.6,1184,265,79,122,64.8,12,26,46.2,3,8,37.5,1,0.2,0.3,+0.8,6,7,3,0,13,py PAR,FW,Cen. Córdoba–SdE,Copa de la Liga,23,1999,8.5,173,171,1,0,1,0,3,0,0,0,0,0,98,1,5,py PAR,FW,Cen. Córdoba–SdE,Copa de la Liga,23,1999,8.5,15,1.76,9,0,1,1,4,0,0,0.00,0,0,0,0,0,0,py PAR,FW,Cen. Córdoba–SdE,Copa de la Liga,23,1999,8.5,2,1,1,1,0,1,5,20.0,4,5,0,5,3,5,5,0,py PAR,FW,Cen. Córdoba–SdE,Copa de la Liga,23,1999,8.5,256,5,16,109,134,28,256,8,2,25.0,6,75.0,122,422,153,4,8,3,25,13,186,51,py PAR,FW,Cen. Córdoba–SdE,Copa de la Liga,23,1999,11,769,70,61.0,8.5,11,70,1,0,0,0,1.45,6,8,-2,-0.23,-0.05,6.3,5.6,+0.7,+0.08,+0.06,py PAR,FW,Cen. Córdoba–SdE,Copa de la Liga,23,1999,8.5,1,0,0,17,11,4,3,3,1,0,0,0,21,35,47,42.7
Agustin Ojeda,ar ARG,FW,Racing Club,Copa de la Liga,18,2004,10,5,487,5.4,1,2,3,1,0,0,0,0,0.9,0.9,1.2,2.0,22,13,77,0.18,0.37,0.55,0.18,0.55,0.16,0.21,0.38,0.16,0.38,ar ARG,FW,Racing Club,Copa de la Liga,18,2004,5.4,1,7,2,28.6,1.29,0.37,0.14,0.50,13.6,0,0,0,0.9,0.9,0.13,+0.1,+0.1,ar ARG,FW,Racing Club,Copa de la Liga,18,2004,5.4,128,165,77.6,1778,294,84,96,87.5,40,52,76.9,2,5,40.0,2,1.2,0.6,+0.8,10,3,7,1,13,ar ARG,FW,Racing Club,Copa de la Liga,18,2004,5.4,165,160,4,0,1,0,7,2,2,0,0,0,128,1,4,ar ARG,FW,Racing Club,Copa de la Liga,18,2004,5.4,14,2.58,10,0,1,1,2,0,5,0.92,4,0,1,0,0,0,ar ARG,FW,Racing Club,Copa de la Liga,18,2004,5.4,4,2,3,1,0,0,4,0.0,4,4,0,4,3,7,2,0,ar ARG,FW,Racing Club,Copa de la Liga,18,2004,5.4,231,4,19,77,140,30,231,20,5,25.0,12,60.0,159,1255,642,22,14,8,12,8,161,77,ar ARG,FW,Racing Club,Copa de la Liga,18,2004,10,487,49,38.7,5.4,5,70,1,5,28,4,1.64,11,6,+5,+0.92,+0.81,8.2,7.2,+1.0,+0.19,+0.18,ar ARG,FW,Racing Club,Copa de la Liga,18,2004,5.4,0,0,0,2,4,2,7,3,2,0,0,0,27,5,9,35.7
Cristian Ojeda,ar ARG,"MF,FW",Sarmiento,Copa de la Liga,24,1999,3,1,83,0.9,0,0,0,0,0,0,2,1,0.0,0.0,0.6,0.7,0,1,1,0.00,0.00,0.00,0.00,0.00,0.02,0.69,0.71,0.02,0.71,ar ARG,"MF,FW",Sarmiento,Copa de la Liga,24,1999,0.9,0,1,0,0.0,1.08,0.00,0.00,0,32.3,0,0,0,0.0,0.0,0.02,0.0,0.0,ar ARG,"MF,FW",Sarmiento,Copa de la Liga,24,1999,0.9,15,20,75.0,354,157,5,9,55.6,4,4,100.0,5,5,100.0,0,0.6,0.4,-0.6,2,1,1,0,1,ar ARG,"MF,FW",Sarmiento,Copa de la Liga,24,1999,0.9,20,17,3,2,1,0,1,0,1,0,1,0,15,0,1,ar ARG,"MF,FW",Sarmiento,Copa de la Liga,24,1999,0.9,2,2.17,1,1,0,0,0,0,0,0.00,0,0,0,0,0,0,ar ARG,"MF,FW",Sarmiento,Copa de la Liga,24,1999,0.9,1,0,1,0,0,1,4,25.0,3,2,0,2,0,1,1,0,ar ARG,"MF,FW",Sarmiento,Copa de la Liga,24,1999,0.9,35,2,13,18,4,0,35,4,0,0.0,2,50.0,13,51,32,0,0,0,3,1,22,1,ar ARG,"MF,FW",Sarmiento,Copa de la Liga,24,1999,3,83,28,6.6,0.9,1,29,0,2,27,2,0.67,0,1,-1,-1.08,-1.16,0.9,1.4,-0.4,-0.47,-0.01,ar ARG,"MF,FW",Sarmiento,Copa de la Liga,24,1999,0.9,2,1,1,2,6,0,1,0,0,0,0,0,5,1,1,50.0
Gino Olguín,ar ARG,"MF,DF",Cen. Córdoba–SdE,Copa de la Liga,22,2000,2,0,63,0.7,0,0,0,0,0,0,0,0,0.0,0.0,0.0,0.0,0,7,1,0.00,0.00,0.00,0.00,0.00,0.00,0.05,0.05,0.00,0.05,ar ARG,"MF,DF",Cen. Córdoba–SdE,Copa de la Liga,22,2000,0.7,0,0,0,0,0.00,0.00,0,0,0,0,0,0,0.0,0.0,0,0.0,0.0,ar ARG,"MF,DF",Cen. Córdoba–SdE,Copa de la Liga,22,2000,0.7,33,45,73.3,622,243,10,14,71.4,19,24,79.2,3,5,60.0,0,0.0,0.0,0.0,1,3,0,0,7,ar ARG,"MF,DF",Cen. Córdoba–SdE,Copa de la Liga,22,2000,0.7,45,44,1,1,0,0,0,0,0,0,0,0,33,0,0,ar ARG,"MF,DF",Cen. Córdoba–SdE,Copa de la Liga,22,2000,0.7,1,1.45,1,0,0,0,0,0,0,0.00,0,0,0,0,0,0,ar ARG,"MF,DF",Cen. Córdoba–SdE,Copa de la Liga,22,2000,0.7,1,1,0,1,0,1,3,33.3,2,2,1,1,1,2,0,0,ar ARG,"MF,DF",Cen. Córdoba–SdE,Copa de la Liga,22,2000,0.7,50,1,13,35,2,0,50,0,0,0,0,0,25,119,52,0,1,0,0,0,34,1,ar ARG,"MF,DF",Cen. Córdoba–SdE,Copa de la Liga,22,2000,2,63,32,5.0,0.7,0,0,0,2,32,8,0.00,0,1,-1,-1.43,-1.28,0.7,1.1,-0.4,-0.57,-0.66,ar ARG,"MF,DF",Cen. Córdoba–SdE,Copa de la Liga,22,2000,0.7,0,0,0,1,0,0,0,1,1,0,0,0,2,3,2,60.0
Ezequiel Orbe,ar ARG,DF,Estudiantes–LP,Copa de la Liga,17,2005,1,1,90,1.0,0,0,0,0,0,0,0,0,0.0,0.0,0.0,0.0,0,2,3,0.00,0.00,0.00,0.00,0.00,0.00,0.04,0.04,0.00,0.04,ar ARG,DF,Estudiantes–LP,Copa de la Liga,17,2005,1.0,0,0,0,0,0.00,0.00,0,0,0,0,0,0,0.0,0.0,0,0.0,0.0,ar ARG,DF,Estudiantes–LP,Copa de la Liga,17,2005,1.0,26,43,60.5,458,178,10,13,76.9,15,26,57.7,1,2,50.0,0,0.0,0.0,0.0,1,0,1,0,2,ar ARG,DF,Estudiantes–LP,Copa de la Liga,17,2005,1.0,43,32,11,0,0,0,3,11,0,0,0,0,26,0,1,ar ARG,DF,Estudiantes–LP,Copa de la Liga,17,2005,1.0,1,1.00,1,0,0,0,0,0,0,0.00,0,0,0,0,0,0,ar ARG,DF,Estudiantes–LP,Copa de la Liga,17,2005,1.0,4,2,2,2,0,2,7,28.6,5,2,0,2,1,5,3,0,ar ARG,DF,Estudiantes–LP,Copa de la Liga,17,2005,1.0,58,2,19,25,14,0,58,0,0,0,0,0,20,51,8,0,0,0,2,1,24,3,ar ARG,DF,Estudiantes–LP,Copa de la Liga,17,2005,1,90,90,7.1,1.0,1,90,1,0,0,1,0.00,1,3,-2,-2.00,-2.00,0.4,1.4,-1.0,-0.99,-1.42,ar ARG,DF,Estudiantes–LP,Copa de la Liga,17,2005,1.0,0,0,0,3,0,0,3,1,2,0,0,0,8,0,1,0.0
Christian Ordoñez,ar ARG,FW,Vélez Sarsfield,Copa de la Liga,18,2004,2,0,13,0.1,0,0,0,0,0,0,0,0,0.0,0.0,0.0,0.0,0,0,0,0.00,0.00,0.00,0.00,0.00,0.00,0.00,0.00,0.00,0.00,ar ARG,FW,Vélez Sarsfield,Copa de la Liga,18,2004,0.1,0,0,0,0,0.00,0.00,0,0,0,0,0,0,0.0,0.0,0,0.0,0.0,ar ARG,FW,Vélez Sarsfield,Copa de la Liga,18,2004,0.1,2,5,40.0,35,23,1,3,33.3,1,1,100.0,0,1,0.0,0,0.0,0.0,0.0,0,0,1,1,0,ar ARG,FW,Vélez Sarsfield,Copa de la Liga,18,2004,0.1,5,5,0,0,0,0,1,0,0,0,0,0,2,0,0,ar ARG,FW,Vélez Sarsfield,Copa de la Liga,18,2004,0.1,0,0.00,0,0,0,0,0,0,0,0.00,0,0,0,0,0,0,ar ARG,FW,Vélez Sarsfield,Copa de la Liga,18,2004,0.1,1,0,1,0,0,0,3,0.0,3,1,0,1,0,1,1,0,ar ARG,FW,Vélez Sarsfield,Copa de la Liga,18,2004,0.1,9,0,4,3,2,0,9,0,0,0,0,0,2,5,1,0,0,0,3,0,3,0,ar ARG,FW,Vélez Sarsfield,Copa de la Liga,18,2004,2,13,7,1.0,0.1,0,0,0,2,7,1,3.00,0,0,0,0.00,-0.22,0.1,0.0,+0.1,+0.40,+0.54,ar ARG,FW,Vélez Sarsfield,Copa de la Liga,18,2004,0.1,0,0,0,0,0,0,1,0,0,0,0,0,1,0,0,0
Matías Orihuela,ar ARG,DF,Atlé Tucumán,Copa de la Liga,30,1992,14,14,"1,260",14.0,0,0,0,0,0,0,2,0,0.3,0.3,0.9,1.2,20,25,45,0.00,0.00,0.00,0.00,0.00,0.02,0.06,0.09,0.02,0.09,ar ARG,DF,Atlé Tucumán,Copa de la Liga,30,1992,14.0,0,5,1,20.0,0.36,0.07,0.00,0.00,11.6,0,0,0,0.3,0.3,0.07,-0.3,-0.3,ar ARG,DF,Atlé Tucumán,Copa de la Liga,30,1992,14.0,403,575,70.1,6489,3260,202,235,86.0,163,213,76.5,24,87,27.6,0,0.9,1.1,-0.9,11,18,7,3,25,ar ARG,DF,Atlé Tucumán,Copa de la Liga,30,1992,14.0,575,449,123,4,0,2,23,119,0,0,0,0,403,3,21,ar ARG,DF,Atlé Tucumán,Copa de la Liga,30,1992,14.0,20,1.43,14,3,3,0,0,0,1,0.07,0,0,1,0,0,0,ar ARG,DF,Atlé Tucumán,Copa de la Liga,30,1992,14.0,30,23,23,4,3,25,39,64.1,14,19,5,14,24,54,37,0,ar ARG,DF,Atlé Tucumán,Copa de la Liga,30,1992,14.0,746,50,274,318,159,13,746,33,18,54.5,15,45.5,341,1942,1144,20,19,2,22,11,336,45,ar ARG,DF,Atlé Tucumán,Copa de la Liga,30,1992,14,"1,260",90,100.0,14.0,14,90,14,0,0,0,1.21,9,12,-3,-0.21,0,14.1,13.8,+0.3,+0.02,0,ar ARG,DF,Atlé Tucumán,Copa de la Liga,30,1992,14.0,2,0,0,9,4,3,23,24,23,0,0,0,102,18,11,62.1
Nicolás Oróz,ar ARG,"MF,FW",Racing Club,Copa de la Liga,28,1994,5,3,284,3.2,0,0,0,0,0,0,0,0,0.2,0.2,0.7,0.9,5,21,29,0.00,0.00,0.00,0.00,0.00,0.06,0.23,0.29,0.06,0.29,ar ARG,"MF,FW",Racing Club,Copa de la Liga,28,1994,3.2,0,3,2,66.7,0.95,0.63,0.00,0.00,17.7,1,0,0,0.2,0.2,0.06,-0.2,-0.2,ar ARG,"MF,FW",Racing Club,Copa de la Liga,28,1994,3.2,140,176,79.5,2242,577,76,81,93.8,47,61,77.0,11,21,52.4,0,0.7,0.7,-0.7,6,12,5,0,21,ar ARG,"MF,FW",Racing Club,Copa de la Liga,28,1994,3.2,176,156,19,2,1,2,14,3,14,4,5,0,140,1,3,ar ARG,"MF,FW",Racing Club,Copa de la Liga,28,1994,3.2,17,5.39,12,3,0,0,1,1,1,0.32,1,0,0,0,0,0,ar ARG,"MF,FW",Racing Club,Copa de la Liga,28,1994,3.2,8,8,2,4,2,4,6,66.7,2,2,0,2,4,12,0,0,ar ARG,"MF,FW",Racing Club,Copa de la Liga,28,1994,3.2,209,0,16,101,94,16,209,2,0,0.0,2,100.0,130,534,203,5,7,2,11,3,141,29,ar ARG,"MF,FW",Racing Club,Copa de la Liga,28,1994,5,284,57,22.5,3.2,3,81,1,2,20,5,1.20,5,2,+3,+0.95,+0.67,4.3,3.3,+1.0,+0.31,+0.30,ar ARG,"MF,FW",Racing Club,Copa de la Liga,28,1994,3.2,0,0,0,1,2,0,14,4,8,0,0,0,23,2,2,50.0
Franco Orozco,ar ARG,FW,Lanús,Copa de la Liga,21,2002,4,0,84,0.9,0,0,0,0,0,0,1,0,0.1,0.1,0.2,0.3,8,1,11,0.00,0.00,0.00,0.00,0.00,0.13,0.20,0.33,0.13,0.33,ar ARG,FW,Lanús,Copa de la Liga,21,2002,0.9,0,1,0,0.0,1.07,0.00,0.00,0,12.1,0,0,0,0.1,0.1,0.12,-0.1,-0.1,ar ARG,FW,Lanús,Copa de la Liga,21,2002,0.9,25,36,69.4,456,175,14,17,82.4,6,9,66.7,5,8,62.5,0,0.2,0.4,-0.2,3,1,3,2,1,ar ARG,FW,Lanús,Copa de la Liga,21,2002,0.9,36,30,6,2,2,0,5,2,2,1,1,0,25,0,0,ar ARG,FW,Lanús,Copa de la Liga,21,2002,0.9,3,3.21,3,0,0,0,0,0,0,0.00,0,0,0,0,0,0,ar ARG,FW,Lanús,Copa de la Liga,21,2002,0.9,0,0,0,0,0,0,0,0,0,0,0,0,0,0,0,0,ar ARG,FW,Lanús,Copa de la Liga,21,2002,0.9,47,0,3,19,27,3,47,9,4,44.4,3,33.3,32,335,203,8,4,1,2,3,31,11,ar ARG,FW,Lanús,Copa de la Liga,21,2002,4,84,21,6.7,0.9,0,0,0,4,21,10,1.50,0,1,-1,-1.07,-0.77,1.2,0.5,+0.6,+0.67,+0.54,ar ARG,FW,Lanús,Copa de la Liga,21,2002,0.9,1,0,0,3,3,0,5,0,0,0,0,0,8,0,0,0
Nicolás Orsini,ar ARG,FW,Unión,Copa de la Liga,28,1994,12,3,529,5.9,1,0,1,1,0,1,0,0,1.1,0.3,0.2,0.5,4,7,43,0.17,0.00,0.17,0.17,0.17,0.19,0.03,0.22,0.05,0.09,ar ARG,FW,Unión,Copa de la Liga,28,1994,5.9,1,7,2,28.6,1.19,0.34,0.14,0.50,18.3,0,0,1,1.1,0.3,0.05,-0.1,+0.7,ar ARG,FW,Unión,Copa de la Liga,28,1994,5.9,71,124,57.3,835,120,48,74,64.9,13,28,46.4,2,3,66.7,0,0.2,0.3,-0.2,4,0,0,0,7,ar ARG,FW,Unión,Copa de la Liga,28,1994,5.9,124,118,5,0,0,2,4,0,0,0,0,0,71,1,5,ar ARG,FW,Unión,Copa de la Liga,28,1994,5.9,6,1.02,6,0,0,0,0,0,0,0.00,0,0,0,0,0,0,ar ARG,FW,Unión,Copa de la Liga,28,1994,5.9,5,4,2,2,1,4,4,100.0,0,6,0,6,1,6,9,0,ar ARG,FW,Unión,Copa de la Liga,28,1994,5.9,206,9,20,72,115,30,205,9,0,0.0,9,100.0,101,472,121,4,5,7,21,8,143,43,ar ARG,FW,Unión,Copa de la Liga,28,1994,12,529,44,42.0,5.9,3,84,2,9,31,0,1.00,5,7,-2,-0.34,-0.22,3.6,5.8,-2.2,-0.37,-0.41,ar ARG,FW,Unión,Copa de la Liga,28,1994,5.9,0,0,0,7,5,2,4,1,4,0,0,0,14,29,43,40.3
Martín Ortega,ar ARG,DF,Tigre,Copa de la Liga,23,1999,2,2,134,1.5,0,0,0,0,0,0,1,0,0.0,0.0,0.1,0.1,0,2,12,0.00,0.00,0.00,0.00,0.00,0.00,0.03,0.03,0.00,0.03,ar ARG,DF,Tigre,Copa de la Liga,23,1999,1.5,0,0,0,0,0.00,0.00,0,0,0,0,0,0,0.0,0.0,0,0.0,0.0,ar ARG,DF,Tigre,Copa de la Liga,23,1999,1.5,48,70,68.6,809,224,23,28,82.1,23,31,74.2,2,7,28.6,0,0.1,0.0,-0.1,1,4,1,1,2,ar ARG,DF,Tigre,Copa de la Liga,23,1999,1.5,70,61,9,0,0,0,9,9,0,0,0,0,48,0,4,ar ARG,DF,Tigre,Copa de la Liga,23,1999,1.5,1,0.67,1,0,0,0,0,0,0,0.00,0,0,0,0,0,0,ar ARG,DF,Tigre,Copa de la Liga,23,1999,1.5,3,1,2,0,1,1,1,100.0,0,0,0,0,1,4,1,0,ar ARG,DF,Tigre,Copa de la Liga,23,1999,1.5,77,2,15,32,30,0,77,1,0,0.0,1,100.0,45,169,69,0,1,0,0,1,55,12,ar ARG,DF,Tigre,Copa de la Liga,23,1999,2,134,67,10.6,1.5,2,67,0,0,0,11,0.50,0,1,-1,-0.67,-0.35,1.2,1.1,+0.1,+0.08,-0.11,ar ARG,DF,Tigre,Copa de la Liga,23,1999,1.5,1,0,0,2,0,0,9,1,1,0,0,0,7,1,1,50.0
Diego Ortegoza,cl CHI,MF,Talleres,Copa de la Liga,25,1997,9,9,658,7.3,0,0,0,0,0,0,2,0,0.7,0.7,0.7,1.4,10,34,23,0.00,0.00,0.00,0.00,0.00,0.10,0.09,0.20,0.10,0.20,cl CHI,MF,Talleres,Copa de la Liga,25,1997,7.3,0,11,1,9.1,1.50,0.14,0.00,0.00,20.6,0,0,0,0.7,0.7,0.07,-0.7,-0.7,cl CHI,MF,Talleres,Copa de la Liga,25,1997,7.3,238,306,77.8,4117,1044,113,134,84.3,95,117,81.2,20,31,64.5,0,0.7,0.1,-0.7,4,26,4,0,34,cl CHI,MF,Talleres,Copa de la Liga,25,1997,7.3,306,306,0,0,1,4,6,0,0,0,0,0,238,0,11,cl CHI,MF,Talleres,Copa de la Liga,25,1997,7.3,11,1.50,7,0,0,4,0,0,1,0.14,0,0,0,1,0,0,cl CHI,MF,Talleres,Copa de la Liga,25,1997,7.3,20,12,7,11,2,11,18,61.1,7,12,2,10,6,26,8,0,cl CHI,MF,Talleres,Copa de la Liga,25,1997,7.3,396,16,86,241,73,10,396,13,8,61.5,3,23.1,240,1210,555,10,9,1,13,10,276,23,cl CHI,MF,Talleres,Copa de la Liga,25,1997,9,658,73,52.2,7.3,9,73,0,0,0,0,1.33,9,7,+2,+0.27,+0.57,9.7,6.4,+3.4,+0.46,+0.67,cl CHI,MF,Talleres,Copa de la Liga,25,1997,7.3,2,0,0,12,9,0,6,6,12,0,0,0,52,1,8,11.1
Guillermo Ortiz,ar ARG,DF,Newell's OB,Copa de la Liga,30,1992,9,9,765,8.5,0,0,0,0,0,0,2,0,0.2,0.2,0.4,0.5,4,20,0,0.00,0.00,0.00,0.00,0.00,0.02,0.04,0.06,0.02,0.06,ar ARG,DF,Newell's OB,Copa de la Liga,30,1992,8.5,0,4,0,0.0,0.47,0.00,0.00,0,9.8,0,0,0,0.2,0.2,0.04,-0.2,-0.2,ar ARG,DF,Newell's OB,Copa de la Liga,30,1992,8.5,366,448,81.7,7441,3256,121,145,83.4,198,216,91.7,45,79,57.0,0,0.4,0.3,-0.4,4,15,3,0,20,ar ARG,DF,Newell's OB,Copa de la Liga,30,1992,8.5,448,414,33,9,1,6,1,0,0,0,0,0,366,1,2,ar ARG,DF,Newell's OB,Copa de la Liga,30,1992,8.5,9,1.06,7,1,0,1,0,0,1,0.12,1,0,0,0,0,0,ar ARG,DF,Newell's OB,Copa de la Liga,30,1992,8.5,10,8,8,2,0,6,10,60.0,4,3,2,1,10,20,47,0,ar ARG,DF,Newell's OB,Copa de la Liga,30,1992,8.5,538,75,325,203,10,7,538,2,0,0.0,2,100.0,271,1197,688,4,0,1,5,0,312,0,ar ARG,DF,Newell's OB,Copa de la Liga,30,1992,9,765,85,60.7,8.5,9,85,8,0,0,4,1.00,7,8,-1,-0.12,-1.03,7.0,6.2,+0.8,+0.09,-0.07,ar ARG,DF,Newell's OB,Copa de la Liga,30,1992,8.5,2,0,0,12,2,1,1,10,8,0,0,0,44,37,24,60.7
Kevin Ortíz,ar ARG,MF,Rosario Central,Copa de la Liga,22,2000,11,10,858,9.5,0,0,0,0,0,0,4,0,0.1,0.1,0.0,0.1,2,34,5,0.00,0.00,0.00,0.00,0.00,0.01,0.00,0.01,0.01,0.01,ar ARG,MF,Rosario Central,Copa de la Liga,22,2000,9.5,0,5,0,0.0,0.52,0.00,0.00,0,28.9,0,0,0,0.1,0.1,0.02,-0.1,-0.1,ar ARG,MF,Rosario Central,Copa de la Liga,22,2000,9.5,220,301,73.1,4309,1597,79,102,77.5,104,129,80.6,31,55,56.4,0,0.0,0.1,0.0,1,30,1,0,34,ar ARG,MF,Rosario Central,Copa de la Liga,22,2000,9.5,301,294,7,7,0,5,3,0,0,0,0,0,220,0,4,ar ARG,MF,Rosario Central,Copa de la Liga,22,2000,9.5,10,1.05,7,0,1,0,1,1,3,0.31,3,0,0,0,0,0,ar ARG,MF,Rosario Central,Copa de la Liga,22,2000,9.5,28,19,13,11,4,14,40,35.0,26,20,3,17,16,44,27,0,ar ARG,MF,Rosario Central,Copa de la Liga,22,2000,9.5,429,31,146,253,37,0,429,6,3,50.0,3,50.0,175,823,352,2,1,0,10,7,172,5,ar ARG,MF,Rosario Central,Copa de la Liga,22,2000,11,858,78,68.1,9.5,10,83,7,1,33,1,1.93,12,6,+6,+0.63,+1.08,9.5,9.8,-0.3,-0.03,+0.91,ar ARG,MF,Rosario Central,Copa de la Liga,22,2000,9.5,4,0,0,13,17,0,3,16,19,0,0,0,66,10,12,45.5
Marcelo Ortiz,ar ARG,DF,Atlé Tucumán,Copa de la Liga,29,1994,3,3,246,2.7,0,1,1,0,0,0,1,0,0.1,0.1,0.2,0.3,1,13,3,0.00,0.37,0.37,0.00,0.37,0.03,0.08,0.11,0.03,0.11,ar ARG,DF,Atlé Tucumán,Copa de la Liga,29,1994,2.7,0,2,0,0.0,0.73,0.00,0.00,0,12.6,0,0,0,0.1,0.1,0.04,-0.1,-0.1,ar ARG,DF,Atlé Tucumán,Copa de la Liga,29,1994,2.7,86,128,67.2,1599,917,36,43,83.7,40,50,80.0,8,30,26.7,1,0.2,0.1,+0.8,1,5,0,0,13,ar ARG,DF,Atlé Tucumán,Copa de la Liga,29,1994,2.7,128,103,25,1,1,0,3,24,0,0,0,0,86,0,2,ar ARG,DF,Atlé Tucumán,Copa de la Liga,29,1994,2.7,4,1.46,1,1,0,2,0,0,1,0.37,1,0,0,0,0,0,ar ARG,DF,Atlé Tucumán,Copa de la Liga,29,1994,2.7,4,2,3,1,0,4,5,80.0,1,3,0,3,5,9,18,0,ar ARG,DF,Atlé Tucumán,Copa de la Liga,29,1994,2.7,168,19,70,76,22,5,168,1,0,0.0,1,100.0,71,331,224,1,1,0,2,0,78,3,ar ARG,DF,Atlé Tucumán,Copa de la Liga,29,1994,3,246,82,19.5,2.7,3,82,1,0,0,7,1.00,3,3,0,0.00,+0.27,3.8,2.0,+1.9,+0.68,+0.82,ar ARG,DF,Atlé Tucumán,Copa de la Liga,29,1994,2.7,1,0,0,2,2,0,3,5,2,0,0,0,9,10,3,76.9
Sergio Ortíz,ar ARG,"MF,FW",Independiente,Copa de la Liga,21,2001,5,2,191,2.1,0,0,0,0,0,0,1,0,0.1,0.1,0.1,0.1,5,6,8,0.00,0.00,0.00,0.00,0.00,0.03,0.03,0.06,0.03,0.06,ar ARG,"MF,FW",Independiente,Copa de la Liga,21,2001,2.1,0,3,1,33.3,1.41,0.47,0.00,0.00,29.3,0,0,0,0.1,0.1,0.02,-0.1,-0.1,ar ARG,"MF,FW",Independiente,Copa de la Liga,21,2001,2.1,52,85,61.2,809,161,27,39,69.2,20,28,71.4,2,8,25.0,0,0.1,0.0,-0.1,2,3,0,0,6,ar ARG,"MF,FW",Independiente,Copa de la Liga,21,2001,2.1,85,81,4,1,0,0,6,2,1,0,1,0,52,0,2,ar ARG,"MF,FW",Independiente,Copa de la Liga,21,2001,2.1,5,2.37,4,0,0,0,0,1,0,0.00,0,0,0,0,0,0,ar ARG,"MF,FW",Independiente,Copa de la Liga,21,2001,2.1,12,7,5,6,1,7,15,46.7,8,3,2,1,1,13,2,0,ar ARG,"MF,FW",Independiente,Copa de la Liga,21,2001,2.1,120,4,20,63,38,3,120,7,4,57.1,3,42.9,68,308,158,5,3,1,7,3,68,8,ar ARG,"MF,FW",Independiente,Copa de la Liga,21,2001,5,191,38,15.2,2.1,2,60,0,3,24,9,2.00,2,2,0,0.00,-0.34,1.8,1.4,+0.4,+0.20,-0.42,ar ARG,"MF,FW",Independiente,Copa de la Liga,21,2001,2.1,1,0,0,11,6,0,6,1,7,0,0,0,11,4,4,50.0
Tomás Ortiz,ar ARG,FW,Defensa y Just,Copa de la Liga,22,2000,1,0,7,0.1,0,0,0,0,0,0,0,0,0.0,0.0,0.0,0.0,0,1,0,0.00,0.00,0.00,0.00,0.00,0.22,0.00,0.22,0.22,0.22,ar ARG,FW,Defensa y Just,Copa de la Liga,22,2000,0.1,0,1,0,0.0,12.86,0.00,0.00,0,32.7,0,0,0,0.0,0.0,0.02,0.0,0.0,ar ARG,FW,Defensa y Just,Copa de la Liga,22,2000,0.1,3,4,75.0,47,10,1,1,100.0,2,2,100.0,0,1,0.0,0,0.0,0.0,0.0,0,0,0,0,1,ar ARG,FW,Defensa y Just,Copa de la Liga,22,2000,0.1,4,4,0,0,0,0,1,0,0,0,0,0,3,0,0,ar ARG,FW,Defensa y Just,Copa de la Liga,22,2000,0.1,1,12.86,0,0,1,0,0,0,0,0.00,0,0,0,0,0,0,ar ARG,FW,Defensa y Just,Copa de la Liga,22,2000,0.1,1,0,0,1,0,0,0,0,0,1,0,1,0,1,0,0,ar ARG,FW,Defensa y Just,Copa de la Liga,22,2000,0.1,10,0,0,5,5,0,10,1,1,100.0,0,0.0,4,20,5,0,0,0,3,0,3,0,ar ARG,FW,Defensa y Just,Copa de la Liga,22,2000,1,7,7,0.6,0.1,0,0,0,1,7,0,0.00,0,0,0,0.00,+0.29,0.0,0.0,0.0,+0.22,+0.83,ar ARG,FW,Defensa y Just,Copa de la Liga,22,2000,0.1,0,0,0,1,0,0,1,0,0,0,0,0,2,1,1,50.0
Javier Osatchuk,ar ARG,DF,Independiente,Copa de la Liga,22,2000,1,1,45,0.5,0,0,0,0,0,0,1,0,0.0,0.0,0.0,0.0,0,1,0,0.00,0.00,0.00,0.00,0.00,0.00,0.00,0.00,0.00,0.00,ar ARG,DF,Independiente,Copa de la Liga,22,2000,0.5,0,0,0,0,0.00,0.00,0,0,0,0,0,0,0.0,0.0,0,0.0,0.0,ar ARG,DF,Independiente,Copa de la Liga,22,2000,0.5,6,10,60.0,114,35,2,3,66.7,4,4,100.0,0,2,0.0,0,0.0,0.0,0.0,0,1,1,0,1,ar ARG,DF,Independiente,Copa de la Liga,22,2000,0.5,10,10,0,0,0,0,0,0,0,0,0,0,6,0,0,ar ARG,DF,Independiente,Copa de la Liga,22,2000,0.5,1,2.00,1,0,0,0,0,0,0,0.00,0,0,0,0,0,0,ar ARG,DF,Independiente,Copa de la Liga,22,2000,0.5,1,0,1,0,0,1,2,50.0,1,1,0,1,1,2,3,0,ar ARG,DF,Independiente,Copa de la Liga,22,2000,0.5,18,4,13,6,0,0,18,1,1,100.0,0,0.0,9,44,24,0,0,0,1,0,8,0,ar ARG,DF,Independiente,Copa de la Liga,22,2000,1,45,45,3.6,0.5,1,45,0,0,0,12,3.00,1,0,+1,+2.00,+1.78,1.1,0.3,+0.7,+1.41,+0.89,ar ARG,DF,Independiente,Copa de la Liga,22,2000,0.5,1,0,0,1,0,0,0,1,0,0,0,0,2,0,2,0.0
Abiel Osorio,ar ARG,"FW,MF",Vélez Sarsfield,Copa de la Liga,20,2002,9,1,195,2.2,0,0,0,0,0,0,2,0,0.0,0.0,0.0,0.0,1,4,13,0.00,0.00,0.00,0.00,0.00,0.00,0.00,0.00,0.00,0.00,ar ARG,"FW,MF",Vélez Sarsfield,Copa de la Liga,20,2002,2.2,0,0,0,0,0.00,0.00,0,0,0,0,0,0,0.0,0.0,0,0.0,0.0,ar ARG,"FW,MF",Vélez Sarsfield,Copa de la Liga,20,2002,2.2,37,56,66.1,474,93,21,26,80.8,15,24,62.5,0,2,0.0,0,0.0,0.2,0.0,0,2,0,0,4,ar ARG,"FW,MF",Vélez Sarsfield,Copa de la Liga,20,2002,2.2,56,51,4,0,1,0,0,1,0,0,0,0,37,1,0,ar ARG,"FW,MF",Vélez Sarsfield,Copa de la Liga,20,2002,2.2,2,0.92,2,0,0,0,0,0,0,0.00,0,0,0,0,0,0,ar ARG,"FW,MF",Vélez Sarsfield,Copa de la Liga,20,2002,2.2,6,3,0,2,4,2,2,100.0,0,4,1,3,0,6,3,0,ar ARG,"FW,MF",Vélez Sarsfield,Copa de la Liga,20,2002,2.2,89,3,16,38,36,5,89,5,2,40.0,2,40.0,37,144,26,1,2,1,11,3,53,13,ar ARG,"FW,MF",Vélez Sarsfield,Copa de la Liga,20,2002,9,195,22,15.5,2.2,1,73,0,8,15,5,1.78,1,2,-1,-0.46,-0.80,2.4,2.6,-0.2,-0.08,+0.05,ar ARG,"FW,MF",Vélez Sarsfield,Copa de la Liga,20,2002,2.2,2,0,0,3,2,1,0,0,3,0,0,0,5,12,13,48.0
Lautaro Ovando,ar ARG,"FW,MF",Talleres,Copa de la Liga,19,2003,5,2,182,2.0,0,0,0,0,0,0,1,0,0.2,0.2,0.2,0.4,7,6,31,0.00,0.00,0.00,0.00,0.00,0.11,0.10,0.21,0.11,0.21,ar ARG,"FW,MF",Talleres,Copa de la Liga,19,2003,2.0,0,6,0,0.0,2.97,0.00,0.00,0,18.6,0,0,0,0.2,0.2,0.04,-0.2,-0.2,ar ARG,"FW,MF",Talleres,Copa de la Liga,19,2003,2.0,42,64,65.6,637,215,25,30,83.3,11,19,57.9,5,9,55.6,0,0.2,0.3,-0.2,5,3,4,1,6,ar ARG,"FW,MF",Talleres,Copa de la Liga,19,2003,2.0,64,59,5,0,1,0,9,3,2,0,2,0,42,0,4,ar ARG,"FW,MF",Talleres,Copa de la Liga,19,2003,2.0,15,7.42,6,3,3,2,1,0,0,0.00,0,0,0,0,0,0,ar ARG,"FW,MF",Talleres,Copa de la Liga,19,2003,2.0,2,1,0,2,0,2,5,40.0,3,0,0,0,1,3,0,0,ar ARG,"FW,MF",Talleres,Copa de la Liga,19,2003,2.0,97,0,4,34,60,8,97,11,5,45.5,5,45.5,63,333,165,7,4,2,9,2,71,31,ar ARG,"FW,MF",Talleres,Copa de la Liga,19,2003,5,182,36,14.4,2.0,2,54,0,3,25,0,1.00,2,0,+2,+0.99,+1.16,1.9,1.4,+0.6,+0.29,+0.17,ar ARG,"FW,MF",Talleres,Copa de la Liga,19,2003,2.0,1,0,0,4,4,0,9,1,1,0,0,0,11,2,0,100.0
Fabricio Oviedo,ar ARG,"FW,MF",Rosario Central,Copa de la Liga,18,2004,5,1,147,1.6,0,0,0,0,0,0,0,0,0.0,0.0,0.0,0.0,4,0,9,0.00,0.00,0.00,0.00,0.00,0.01,0.00,0.01,0.01,0.01,ar ARG,"FW,MF",Rosario Central,Copa de la Liga,18,2004,1.6,0,1,0,0.0,0.61,0.00,0.00,0,36.5,0,0,0,0.0,0.0,0.02,0.0,0.0,ar ARG,"FW,MF",Rosario Central,Copa de la Liga,18,2004,1.6,16,27,59.3,223,62,9,11,81.8,5,6,83.3,1,5,20.0,0,0.0,0.0,0.0,0,1,0,0,0,ar ARG,"FW,MF",Rosario Central,Copa de la Liga,18,2004,1.6,27,26,0,0,0,0,2,0,0,0,0,0,16,1,2,ar ARG,"FW,MF",Rosario Central,Copa de la Liga,18,2004,1.6,1,0.61,1,0,0,0,0,0,1,0.61,1,0,0,0,0,0,ar ARG,"FW,MF",Rosario Central,Copa de la Liga,18,2004,1.6,0,0,0,0,0,0,1,0.0,1,0,0,0,3,3,1,0,ar ARG,"FW,MF",Rosario Central,Copa de la Liga,18,2004,1.6,41,0,11,14,17,1,41,4,3,75.0,1,25.0,32,240,105,4,3,0,7,2,24,9,ar ARG,"FW,MF",Rosario Central,Copa de la Liga,18,2004,5,147,29,11.7,1.6,1,45,0,4,26,3,2.20,3,2,+1,+0.61,+0.37,0.5,2.2,-1.7,-1.02,-0.78,ar ARG,"FW,MF",Rosario Central,Copa de la Liga,18,2004,1.6,0,0,0,3,3,0,2,3,0,0,0,0,11,0,6,0.0
Tomás Palacios,ar ARG,DF,Talleres,Copa de la Liga,19,2003,1,0,7,0.1,0,0,0,0,0,0,0,0,0.0,0.0,0.0,0.0,0,0,0,0.00,0.00,0.00,0.00,0.00,0.00,0.00,0.00,0.00,0.00,ar ARG,DF,Talleres,Copa de la Liga,19,2003,0.1,0,0,0,0,0.00,0.00,0,0,0,0,0,0,0.0,0.0,0,0.0,0.0,ar ARG,DF,Talleres,Copa de la Liga,19,2003,0.1,2,4,50.0,51,48,0,0,0,1,1,100.0,1,3,33.3,0,0.0,0.0,0.0,0,0,0,0,0,ar ARG,DF,Talleres,Copa de la Liga,19,2003,0.1,4,4,0,0,0,0,0,0,0,0,0,0,2,0,0,ar ARG,DF,Talleres,Copa de la Liga,19,2003,0.1,0,0.00,0,0,0,0,0,0,0,0.00,0,0,0,0,0,0,ar ARG,DF,Talleres,Copa de la Liga,19,2003,0.1,0,0,0,0,0,0,0,0,0,1,1,0,0,0,0,0,ar ARG,DF,Talleres,Copa de la Liga,19,2003,0.1,5,2,5,0,0,0,5,0,0,0,0,0,2,3,0,0,0,0,0,0,2,0,ar ARG,DF,Talleres,Copa de la Liga,19,2003,1,7,7,0.6,0.1,0,0,0,1,7,7,1.00,0,0,0,0.00,0.00,0.1,0.2,-0.1,-1.24,-1.39,ar ARG,DF,Talleres,Copa de la Liga,19,2003,0.1,0,0,0,1,0,0,0,0,0,0,0,0,2,0,0,0
Agustín Palavecino,ar ARG,"MF,FW",River Plate,Copa de la Liga,26,1996,6,4,298,3.3,1,0,1,1,0,0,1,0,0.5,0.5,0.0,0.5,7,27,25,0.30,0.00,0.30,0.30,0.30,0.14,0.01,0.14,0.14,0.14,ar ARG,"MF,FW",River Plate,Copa de la Liga,26,1996,3.3,1,9,3,33.3,2.72,0.91,0.11,0.33,22.3,0,0,0,0.5,0.5,0.05,+0.5,+0.5,ar ARG,"MF,FW",River Plate,Copa de la Liga,26,1996,3.3,154,201,76.6,2756,871,76,83,91.6,54,70,77.1,20,34,58.8,0,0.0,0.2,0.0,1,25,3,1,27,ar ARG,"MF,FW",River Plate,Copa de la Liga,26,1996,3.3,201,186,15,4,0,1,12,8,3,0,3,0,154,0,6,ar ARG,"MF,FW",River Plate,Copa de la Liga,26,1996,3.3,7,2.11,5,0,1,1,0,0,0,0.00,0,0,0,0,0,0,ar ARG,"MF,FW",River Plate,Copa de la Liga,26,1996,3.3,7,3,3,1,3,3,7,42.9,4,5,0,5,0,7,5,0,ar ARG,"MF,FW",River Plate,Copa de la Liga,26,1996,3.3,247,4,29,120,101,8,247,9,5,55.6,3,33.3,135,648,291,7,4,3,11,3,168,25,ar ARG,FW,Estudiantes–LP,Copa de la Liga,19,2003,0,0,0,0,0,0,0,0,0,0,2,0,0,0,0,0,0,0,0,0,0,0,ar ARG,"MF,FW",River Plate,Copa de la Liga,26,1996,3.3,1,0,0,6,2,1,12,0,3,0,0,0,26,7,4,63.6
Matías Palavecino,ar ARG,"MF,DF",Belgrano,Copa de la Liga,24,1998,5,1,108,1.2,0,0,0,0,0,0,0,0,0.0,0.0,0.0,0.0,2,6,13,0.00,0.00,0.00,0.00,0.00,0.00,0.00,0.00,0.00,0.00,ar ARG,"MF,DF",Belgrano,Copa de la Liga,24,1998,1.2,0,0,0,0,0.00,0.00,0,0,0,0,0,0,0.0,0.0,0,0.0,0.0,ar ARG,"MF,DF",Belgrano,Copa de la Liga,24,1998,1.2,36,49,73.5,550,153,23,26,88.5,10,15,66.7,3,6,50.0,0,0.0,0.1,0.0,0,2,2,0,6,ar ARG,"MF,DF",Belgrano,Copa de la Liga,24,1998,1.2,49,46,3,0,0,0,6,2,1,1,0,0,36,0,1,ar ARG,"MF,DF",Belgrano,Copa de la Liga,24,1998,1.2,5,4.17,4,0,0,0,1,0,0,0.00,0,0,0,0,0,0,ar ARG,"MF,DF",Belgrano,Copa de la Liga,24,1998,1.2,3,3,2,1,0,3,5,60.0,2,2,0,2,0,3,2,0,ar ARG,"MF,DF",Belgrano,Copa de la Liga,24,1998,1.2,67,1,13,29,29,2,67,8,2,25.0,5,62.5,36,250,128,2,4,0,3,2,41,13,ar ARG,"MF,DF",Belgrano,Copa de la Liga,24,1998,5,108,22,8.6,1.2,1,45,0,4,16,6,1.60,0,1,-1,-0.83,-1.07,1.4,1.3,+0.1,+0.11,+0.40,ar ARG,"MF,DF",Belgrano,Copa de la Liga,24,1998,1.2,0,0,0,0,3,0,6,0,3,0,0,0,12,1,1,50.0
Nicolás Palavecino,ar ARG,"DF,MF",Estudiantes–LP,Copa de la Liga,19,2003,2,0,42,0.5,0,0,0,0,0,0,1,0,0.0,0.0,0.0,0.0,1,1,3,0.00,0.00,0.00,0.00,0.00,0.00,0.00,0.00,0.00,0.00,ar ARG,"DF,MF",Estudiantes–LP,Copa de la Liga,19,2003,0.5,0,0,0,0,0.00,0.00,0,0,0,0,0,0,0.0,0.0,0,0.0,0.0,ar ARG,"DF,MF",Estudiantes–LP,Copa de la Liga,19,2003,0.5,17,19,89.5,268,32,11,12,91.7,3,3,100.0,2,3,66.7,0,0.0,0.0,0.0,0,1,0,0,1,ar ARG,"DF,MF",Estudiantes–LP,Copa de la Liga,19,2003,0.5,19,18,1,0,0,2,0,1,0,0,0,0,17,0,0,ar ARG,"DF,MF",Estudiantes–LP,Copa de la Liga,19,2003,0.5,0,0.00,0,0,0,0,0,0,0,0.00,0,0,0,0,0,0,ar ARG,"DF,MF",Estudiantes–LP,Copa de la Liga,19,2003,0.5,1,0,1,0,0,1,1,100.0,0,0,0,0,1,2,0,0,ar ARG,"DF,MF",Estudiantes–LP,Copa de la Liga,19,2003,0.5,27,1,6,17,4,0,27,4,3,75.0,1,25.0,19,107,35,1,3,1,3,1,20,3,ar ARG,"DF,MF",Estudiantes–LP,Copa de la Liga,19,2003,2,42,21,3.3,0.5,0,0,0,2,21,6,0.00,0,2,-2,-4.29,-4.29,0.3,0.9,-0.6,-1.30,-1.69,ar ARG,"DF,MF",Estudiantes–LP,Copa de la Liga,19,2003,0.5,1,0,0,1,1,0,0,1,0,0,0,0,3,0,1,0.0
Federico Paradela,ar ARG,MF,Sarmiento,Copa de la Liga,23,1999,1,0,5,0.1,0,0,0,0,0,0,0,0,0.0,0.0,0.0,0.0,0,0,1,0.00,0.00,0.00,0.00,0.00,0.00,0.00,0.00,0.00,0.00,ar ARG,MF,Sarmiento,Copa de la Liga,23,1999,0.1,0,0,0,0,0.00,0.00,0,0,0,0,0,0,0.0,0.0,0,0.0,0.0,ar ARG,MF,Sarmiento,Copa de la Liga,23,1999,0.1,2,4,50.0,47,1,0,1,0.0,2,2,100.0,0,1,0.0,0,0.0,0.0,0.0,0,0,0,0,0,ar ARG,MF,Sarmiento,Copa de la Liga,23,1999,0.1,4,3,1,1,0,0,1,0,0,0,0,0,2,0,0,ar ARG,MF,Sarmiento,Copa de la Liga,23,1999,0.1,0,0.00,0,0,0,0,0,0,0,0.00,0,0,0,0,0,0,ar ARG,MF,Sarmiento,Copa de la Liga,23,1999,0.1,0,0,0,0,0,0,0,0,0,0,0,0,0,0,0,0,ar ARG,MF,Sarmiento,Copa de la Liga,23,1999,0.1,5,0,1,3,1,0,5,1,1,100.0,0,0.0,3,20,10,0,0,0,1,0,2,1,ar ARG,MF,Sarmiento,Copa de la Liga,23,1999,1,5,5,0.4,0.1,0,0,0,1,5,3,1.00,0,0,0,0.00,0.00,0.0,0.3,-0.3,-5.42,-4.97,ar ARG,MF,Sarmiento,Copa de la Liga,23,1999,0.1,0,0,0,0,0,0,1,0,0,0,0,0,1,0,0,0
José Paradela,ar ARG,"MF,FW",Tigre,Copa de la Liga,24,1998,14,13,"1,152",12.8,1,1,2,1,0,0,2,0,1.3,1.3,1.1,2.4,47,62,79,0.08,0.08,0.16,0.08,0.16,0.10,0.09,0.19,0.10,0.19,ar ARG,"MF,FW",Tigre,Copa de la Liga,24,1998,12.8,1,25,12,48.0,1.95,0.94,0.04,0.08,23.1,3,0,0,1.3,1.3,0.05,-0.3,-0.3,ar ARG,"MF,FW",Tigre,Copa de la Liga,24,1998,12.8,427,573,74.5,7045,1960,224,261,85.8,143,188,76.1,49,78,62.8,1,1.1,1.9,-0.1,21,51,14,6,62,ar ARG,"MF,FW",Tigre,Copa de la Liga,24,1998,12.8,573,519,52,16,4,5,53,13,22,7,15,0,427,2,19,ar ARG,"MF,FW",Tigre,Copa de la Liga,24,1998,12.8,61,4.77,32,11,5,5,7,1,1,0.08,0,1,0,0,0,0,ar ARG,"MF,FW",Tigre,Copa de la Liga,24,1998,12.8,18,11,5,10,3,6,15,40.0,9,10,2,8,5,23,2,0,ar ARG,"MF,FW",Tigre,Copa de la Liga,24,1998,12.8,769,3,71,391,318,22,769,90,38,42.2,41,45.6,498,3304,1572,47,35,2,36,33,543,79,ar ARG,"MF,FW",Tigre,Copa de la Liga,24,1998,14,"1,152",82,91.4,12.8,13,86,10,1,30,0,0.93,8,11,-3,-0.23,+1.43,11.2,8.9,+2.3,+0.18,-0.01,ar ARG,"MF,FW",Tigre,Copa de la Liga,24,1998,12.8,2,0,0,9,35,0,53,5,11,0,0,0,76,7,13,35.0
Franco Paredes,ar ARG,DF,Sarmiento,Copa de la Liga,23,1999,14,14,"1,173",13.0,1,0,1,1,0,0,4,0,0.7,0.7,0.0,0.7,10,48,5,0.08,0.00,0.08,0.08,0.08,0.05,0.00,0.05,0.05,0.05,ar ARG,DF,Sarmiento,Copa de la Liga,23,1999,13.0,1,8,4,50.0,0.61,0.31,0.13,0.25,13.7,0,0,0,0.7,0.7,0.09,+0.3,+0.3,ar ARG,DF,Sarmiento,Copa de la Liga,23,1999,13.0,408,566,72.1,8288,3200,135,169,79.9,219,276,79.3,52,108,48.1,0,0.0,0.1,0.0,2,38,0,0,48,ar ARG,DF,Sarmiento,Copa de la Liga,23,1999,13.0,566,524,41,28,0,6,2,5,0,0,0,0,408,1,11,ar ARG,DF,Sarmiento,Copa de la Liga,23,1999,13.0,10,0.77,8,0,1,1,0,0,1,0.08,0,0,0,1,0,0,ar ARG,DF,Sarmiento,Copa de la Liga,23,1999,13.0,31,17,22,8,1,17,27,63.0,10,20,10,10,35,66,71,0,ar ARG,DF,Sarmiento,Copa de la Liga,23,1999,13.0,754,90,391,343,27,11,754,11,7,63.6,3,27.3,351,2037,1206,10,5,1,10,4,347,5,ar ARG,DF,Sarmiento,Copa de la Liga,23,1999,14,"1,173",84,93.1,13.0,14,84,11,0,0,0,1.14,8,8,0,0.00,0.00,7.5,12.9,-5.5,-0.42,+0.62,ar ARG,DF,Sarmiento,Copa de la Liga,23,1999,13.0,4,0,0,17,13,0,2,35,17,0,0,0,85,39,47,45.3
Ezequiel Parnisari,ar ARG,DF,Instituto,Copa de la Liga,32,1990,14,14,"1,260",14.0,0,0,0,0,0,0,1,0,0.0,0.0,0.0,0.0,4,20,0,0.00,0.00,0.00,0.00,0.00,0.00,0.00,0.00,0.00,0.00,ar ARG,DF,Instituto,Copa de la Liga,32,1990,14.0,0,2,0,0.0,0.14,0.00,0.00,0,12.0,0,0,0,0.0,0.0,0.01,0.0,0.0,ar ARG,DF,Instituto,Copa de la Liga,32,1990,14.0,221,346,63.9,5095,1871,57,78,73.1,115,141,81.6,48,111,43.2,0,0.0,0.1,0.0,0,24,1,0,20,ar ARG,DF,Instituto,Copa de la Liga,32,1990,14.0,346,326,19,19,0,1,0,0,0,0,0,0,221,1,6,ar ARG,DF,Instituto,Copa de la Liga,32,1990,14.0,7,0.50,6,1,0,0,0,0,1,0.07,1,0,0,0,0,0,ar ARG,DF,Instituto,Copa de la Liga,32,1990,14.0,24,15,19,5,0,17,21,81.0,4,15,9,6,9,33,79,1,ar ARG,DF,Instituto,Copa de la Liga,32,1990,14.0,492,85,266,221,10,8,492,5,3,60.0,1,20.0,177,1104,697,4,1,0,7,1,181,0,ar ARG,DF,Instituto,Copa de la Liga,32,1990,14,"1,260",90,100.0,14.0,14,90,14,0,0,0,1.43,11,7,+4,+0.29,0,13.2,12.0,+1.1,+0.08,0,ar ARG,DF,Instituto,Copa de la Liga,32,1990,14.0,1,0,0,12,5,0,0,9,15,0,0,0,64,46,15,75.4
Lucas Passerini,ar ARG,FW,Belgrano,Copa de la Liga,28,1994,14,14,"1,160",12.9,9,1,10,8,1,2,4,0,6.8,5.2,1.1,6.3,12,14,77,0.70,0.08,0.78,0.62,0.70,0.52,0.09,0.61,0.40,0.49,ar ARG,FW,Belgrano,Copa de la Liga,28,1994,12.9,9,31,18,58.1,2.41,1.40,0.26,0.44,14.9,1,1,2,6.8,5.2,0.17,+2.2,+2.8,ar ARG,FW,Belgrano,Copa de la Liga,28,1994,12.9,131,221,59.3,1908,267,75,112,67.0,35,56,62.5,10,13,76.9,1,1.1,1.2,-0.1,10,11,6,1,14,ar ARG,FW,Belgrano,Copa de la Liga,28,1994,12.9,221,193,27,1,0,4,2,1,0,0,0,0,131,1,11,ar ARG,FW,Belgrano,Copa de la Liga,28,1994,12.9,28,2.17,18,0,4,3,3,0,2,0.16,1,0,0,0,1,0,ar ARG,FW,Belgrano,Copa de la Liga,28,1994,12.9,3,2,0,0,3,0,4,0.0,4,7,1,6,0,3,15,0,ar ARG,FW,Belgrano,Copa de la Liga,28,1994,12.9,420,16,20,171,230,67,418,26,7,26.9,18,69.2,234,922,288,12,10,5,79,26,320,77,ar ARG,FW,Belgrano,Copa de la Liga,28,1994,14,"1,160",83,92.1,12.9,14,83,7,0,0,0,1.40,19,16,+3,+0.23,+1.13,13.0,16.1,-3.1,-0.24,+0.22,ar ARG,FW,Belgrano,Copa de la Liga,28,1994,12.9,4,0,0,20,27,10,2,0,2,0,0,0,17,44,46,48.9
Lautaro Pastrán,ar ARG,"FW,MF",Belgrano,Copa de la Liga,20,2002,11,8,621,6.9,0,0,0,0,0,0,0,0,0.1,0.1,0.1,0.2,12,12,36,0.00,0.00,0.00,0.00,0.00,0.02,0.01,0.03,0.02,0.03,ar ARG,"FW,MF",Belgrano,Copa de la Liga,20,2002,6.9,0,4,0,0.0,0.58,0.00,0.00,0,21.8,0,0,0,0.1,0.1,0.03,-0.1,-0.1,ar ARG,"FW,MF",Belgrano,Copa de la Liga,20,2002,6.9,84,142,59.2,1068,289,51,69,73.9,20,33,60.6,3,7,42.9,0,0.1,0.2,-0.1,2,4,4,0,12,ar ARG,"FW,MF",Belgrano,Copa de la Liga,20,2002,6.9,142,136,5,0,0,1,10,4,1,0,0,0,84,1,11,ar ARG,"FW,MF",Belgrano,Copa de la Liga,20,2002,6.9,7,1.01,4,0,1,0,2,0,0,0.00,0,0,0,0,0,0,ar ARG,"FW,MF",Belgrano,Copa de la Liga,20,2002,6.9,16,12,4,9,3,8,13,61.5,5,2,0,2,2,18,2,0,ar ARG,"FW,MF",Belgrano,Copa de la Liga,20,2002,6.9,219,2,28,88,110,9,219,43,16,37.2,20,46.5,135,922,410,12,14,1,15,13,141,36,ar ARG,"FW,MF",Belgrano,Copa de la Liga,20,2002,11,621,56,49.3,6.9,8,69,0,3,22,3,1.36,10,8,+2,+0.29,+0.29,6.9,9.6,-2.7,-0.38,-0.26,ar ARG,"FW,MF",Belgrano,Copa de la Liga,20,2002,6.9,0,0,0,16,12,1,10,2,12,0,0,0,32,3,7,30.0
Gonzalo Paz,ar ARG,DF,Atlé Tucumán,Copa de la Liga,29,1993,1,0,12,0.1,0,0,0,0,0,0,0,0,0.0,0.0,0.0,0.0,1,0,0,0.00,0.00,0.00,0.00,0.00,0.00,0.00,0.00,0.00,0.00,ar ARG,DF,Atlé Tucumán,Copa de la Liga,29,1993,0.1,0,0,0,0,0.00,0.00,0,0,0,0,0,0,0.0,0.0,0,0.0,0.0,ar ARG,DF,Atlé Tucumán,Copa de la Liga,29,1993,0.1,1,3,33.3,20,8,0,0,0,1,1,100.0,0,2,0.0,0,0.0,0.0,0.0,0,0,0,0,0,ar ARG,DF,Atlé Tucumán,Copa de la Liga,29,1993,0.1,3,3,0,0,0,0,0,0,0,0,0,0,1,0,0,ar ARG,DF,Atlé Tucumán,Copa de la Liga,29,1993,0.1,0,0.00,0,0,0,0,0,0,0,0.00,0,0,0,0,0,0,ar ARG,DF,Atlé Tucumán,Copa de la Liga,29,1993,0.1,0,0,0,0,0,0,0,0,0,1,1,0,1,1,1,0,ar ARG,DF,Atlé Tucumán,Copa de la Liga,29,1993,0.1,5,3,4,2,0,0,5,0,0,0,0,0,3,23,21,1,0,0,0,0,1,0,ar ARG,DF,Atlé Tucumán,Copa de la Liga,29,1993,1,12,12,1.0,0.1,0,0,0,1,12,12,1.00,0,0,0,0.00,+0.22,0.3,0.2,0.0,+0.06,+0.03,ar ARG,DF,Atlé Tucumán,Copa de la Liga,29,1993,0.1,0,0,0,0,0,0,0,1,0,0,0,0,2,0,1,0.0
Nicolás Paz,ar ARG,DF,Unión,Copa de la Liga,20,2002,13,13,"1,057",11.7,0,0,0,0,0,0,7,0,0.2,0.2,0.3,0.4,14,34,7,0.00,0.00,0.00,0.00,0.00,0.01,0.02,0.04,0.01,0.04,ar ARG,DF,Unión,Copa de la Liga,20,2002,11.7,0,5,0,0.0,0.43,0.00,0.00,0,20.2,0,0,0,0.2,0.2,0.03,-0.2,-0.2,ar ARG,DF,Unión,Copa de la Liga,20,2002,11.7,379,524,72.3,7795,3435,129,149,86.6,201,249,80.7,46,106,43.4,0,0.3,0.2,-0.3,4,33,4,1,34,ar ARG,DF,Unión,Copa de la Liga,20,2002,11.7,524,422,99,31,0,7,8,68,0,0,0,0,379,3,10,ar ARG,DF,Unión,Copa de la Liga,20,2002,11.7,11,0.94,9,2,0,0,0,0,0,0.00,0,0,0,0,0,0,ar ARG,DF,Unión,Copa de la Liga,20,2002,11.7,29,21,17,9,3,16,19,84.2,3,17,8,9,8,37,43,0,ar ARG,DF,Unión,Copa de la Liga,20,2002,11.7,642,55,302,296,55,7,642,10,7,70.0,3,30.0,293,1664,1027,14,7,0,6,6,297,7,ar ARG,DF,Unión,Copa de la Liga,20,2002,13,"1,057",81,83.9,11.7,13,81,8,0,0,0,1.23,9,9,0,0.00,+1.33,9.4,9.1,+0.3,+0.03,+0.99,ar ARG,DF,Unión,Copa de la Liga,20,2002,11.7,7,0,0,18,5,0,8,8,21,0,0,0,73,13,6,68.4
Juan Peinipil,ar ARG,"FW,MF",Arsenal,Copa de la Liga,21,2002,8,2,351,3.9,0,0,0,0,0,0,0,0,0.8,0.8,0.4,1.2,5,11,20,0.00,0.00,0.00,0.00,0.00,0.21,0.11,0.31,0.21,0.31,ar ARG,"FW,MF",Arsenal,Copa de la Liga,21,2002,3.9,0,11,2,18.2,2.82,0.51,0.00,0.00,17.4,0,0,0,0.8,0.8,0.07,-0.8,-0.8,ar ARG,"FW,MF",Arsenal,Copa de la Liga,21,2002,3.9,56,87,64.4,592,121,38,50,76.0,8,13,61.5,1,5,20.0,0,0.4,0.2,-0.4,6,1,6,1,11,ar ARG,"FW,MF",Arsenal,Copa de la Liga,21,2002,3.9,87,86,1,0,0,0,2,0,0,0,0,0,56,0,1,ar ARG,"FW,MF",Arsenal,Copa de la Liga,21,2002,3.9,16,4.09,10,0,2,1,1,2,1,0.26,0,0,0,1,0,0,ar ARG,"FW,MF",Arsenal,Copa de la Liga,21,2002,3.9,3,2,1,2,0,2,3,66.7,1,5,1,4,1,4,2,0,ar ARG,"FW,MF",Arsenal,Copa de la Liga,21,2002,3.9,140,2,10,40,90,18,140,16,7,43.8,9,56.3,81,300,91,5,4,3,15,6,99,20,ar ARG,"FW,MF",Arsenal,Copa de la Liga,21,2002,8,351,44,27.9,3.9,2,78,1,6,33,0,1.25,2,3,-1,-0.26,+0.14,3.7,3.1,+0.7,+0.17,+0.36,ar ARG,"FW,MF",Arsenal,Copa de la Liga,21,2002,3.9,0,0,0,10,9,2,2,1,2,0,0,0,12,12,16,42.9
Mauro Peinipil,ar ARG,DF,Barracas Central,Copa de la Liga,23,1999,9,7,629,7.0,0,0,0,0,0,0,0,0,0.4,0.4,0.6,1.0,10,23,28,0.00,0.00,0.00,0.00,0.00,0.06,0.09,0.15,0.06,0.15,ar ARG,DF,Barracas Central,Copa de la Liga,23,1999,7.0,0,5,0,0.0,0.72,0.00,0.00,0,18.5,0,0,0,0.4,0.4,0.08,-0.4,-0.4,ar ARG,DF,Barracas Central,Copa de la Liga,23,1999,7.0,188,274,68.6,3161,1277,92,111,82.9,81,117,69.2,13,31,41.9,0,0.6,0.5,-0.6,5,20,10,4,23,ar ARG,DF,Barracas Central,Copa de la Liga,23,1999,7.0,274,198,75,2,0,2,18,73,0,0,0,0,188,1,8,ar ARG,DF,Barracas Central,Copa de la Liga,23,1999,7.0,6,0.86,6,0,0,0,0,0,1,0.14,1,0,0,0,0,0,ar ARG,DF,Barracas Central,Copa de la Liga,23,1999,7.0,14,12,9,4,1,9,14,64.3,5,10,3,7,2,16,11,0,ar ARG,DF,Barracas Central,Copa de la Liga,23,1999,7.0,332,15,79,159,95,5,332,4,2,50.0,2,50.0,125,624,332,10,11,0,10,3,173,28,ar ARG,DF,Barracas Central,Copa de la Liga,23,1999,9,629,70,49.9,7.0,7,77,2,2,45,3,0.89,7,15,-8,-1.14,-0.72,6.0,7.3,-1.4,-0.19,-0.04,ar ARG,DF,Barracas Central,Copa de la Liga,23,1999,7.0,0,0,0,2,0,1,18,2,12,0,0,0,22,5,7,41.7
Mateo Pellegrino,ar ARG,FW,Platense,Copa de la Liga,21,2001,10,5,552,6.1,0,0,0,0,0,0,1,0,1.5,1.5,0.3,1.8,5,20,24,0.00,0.00,0.00,0.00,0.00,0.25,0.04,0.29,0.25,0.29,ar ARG,FW,Platense,Copa de la Liga,21,2001,6.1,0,17,8,47.1,2.77,1.30,0.00,0.00,14.6,0,0,0,1.5,1.5,0.09,-1.5,-1.5,ar ARG,FW,Platense,Copa de la Liga,21,2001,6.1,72,141,51.1,1130,354,32,63,50.8,26,45,57.8,5,12,41.7,0,0.3,0.4,-0.3,7,12,6,1,20,ar ARG,FW,Platense,Copa de la Liga,21,2001,6.1,141,130,11,0,0,1,1,0,0,0,0,0,72,0,4,ar ARG,FW,Platense,Copa de la Liga,21,2001,6.1,15,2.45,11,0,1,3,0,0,2,0.33,2,0,0,0,0,0,ar ARG,FW,Platense,Copa de la Liga,21,2001,6.1,2,1,0,2,0,1,3,33.3,2,4,1,3,0,2,7,0,ar ARG,FW,Platense,Copa de la Liga,21,2001,6.1,215,8,10,100,106,32,215,6,3,50.0,3,50.0,100,339,111,5,6,3,20,5,163,24,ar ARG,FW,Platense,Copa de la Liga,21,2001,10,552,55,43.8,6.1,5,80,1,5,30,2,1.23,7,9,-2,-0.33,-0.20,5.0,7.2,-2.2,-0.36,-0.36,ar ARG,FW,Platense,Copa de la Liga,21,2001,6.1,1,0,0,10,9,7,1,0,1,0,0,0,8,52,44,54.2
Felipe Peña,ar ARG,MF,Lanús,Copa de la Liga,21,2001,12,7,622,6.9,0,0,0,0,0,0,3,0,0.0,0.0,0.5,0.5,5,41,5,0.00,0.00,0.00,0.00,0.00,0.00,0.07,0.08,0.00,0.08,ar ARG,MF,Lanús,Copa de la Liga,21,2001,6.9,0,2,0,0.0,0.29,0.00,0.00,0,33.4,0,0,0,0.0,0.0,0.01,0.0,0.0,ar ARG,MF,Lanús,Copa de la Liga,21,2001,6.9,316,384,82.3,5918,1769,115,136,84.6,150,172,87.2,41,55,74.5,0,0.5,0.2,-0.5,6,28,2,0,41,ar ARG,MF,Lanús,Copa de la Liga,21,2001,6.9,384,375,9,7,0,7,2,2,0,0,0,0,316,0,7,ar ARG,MF,Lanús,Copa de la Liga,21,2001,6.9,14,2.03,14,0,0,0,0,0,1,0.14,1,0,0,0,0,0,ar ARG,MF,Lanús,Copa de la Liga,21,2001,6.9,17,10,5,10,2,10,17,58.8,7,4,2,2,14,31,12,0,ar ARG,MF,Lanús,Copa de la Liga,21,2001,6.9,448,14,108,311,33,3,448,7,4,57.1,3,42.9,247,1042,471,5,6,0,11,4,259,5,ar ARG,MF,Lanús,Copa de la Liga,21,2001,12,622,52,49.4,6.9,7,78,1,5,16,0,0.92,5,9,-4,-0.58,-0.44,8.8,6.3,+2.4,+0.35,+0.35,ar ARG,MF,Lanús,Copa de la Liga,21,2001,6.9,3,0,0,8,5,0,2,14,10,0,0,0,75,11,10,52.4
Diego Perea,co COL,MF,San Lorenzo,Copa de la Liga,20,2002,1,0,2,0.0,0,0,0,0,0,0,0,0,0.0,0.0,0.0,0.0,0,0,0,0.00,0.00,0.00,0.00,0.00,0.00,0.00,0.00,0.00,0.00,co COL,MF,San Lorenzo,Copa de la Liga,20,2002,0.0,0,0,0,0,0.00,0.00,0,0,0,0,0,0,0.0,0.0,0,0.0,0.0,co COL,MF,San Lorenzo,Copa de la Liga,20,2002,0.0,0,0,0,0,0,0,0,0,0,0,0,0,0,0,0,0.0,0.0,0.0,0,0,0,0,0,co COL,MF,San Lorenzo,Copa de la Liga,20,2002,0.0,0,0,0,0,0,0,0,0,0,0,0,0,0,0,0,co COL,MF,San Lorenzo,Copa de la Liga,20,2002,0.0,0,0.00,0,0,0,0,0,0,0,0.00,0,0,0,0,0,0,co COL,MF,San Lorenzo,Copa de la Liga,20,2002,0.0,0,0,0,0,0,0,0,0,0,0,0,0,0,0,0,0,co COL,MF,San Lorenzo,Copa de la Liga,20,2002,0.0,0,0,0,0,0,0,0,0,0,0,0,0,0,0,0,0,0,0,0,0,0,0,co COL,MF,San Lorenzo,Copa de la Liga,20,2002,1,2,2,0.2,0.0,0,0,0,1,2,5,1.00,1,0,+1,+45.00,+45.07,0.1,0.0,+0.1,+5.32,+5.46,co COL,MF,San Lorenzo,Copa de la Liga,20,2002,0.0,0,0,0,0,0,0,0,0,0,0,0,0,0,0,0,0
Fabio Pereyra,ar ARG,DF,Huracán,Copa de la Liga,33,1990,13,10,926,10.3,1,0,1,1,0,0,3,0,1.1,1.1,0.2,1.3,3,15,0,0.10,0.00,0.10,0.10,0.10,0.10,0.02,0.12,0.10,0.12,ar ARG,DF,Huracán,Copa de la Liga,33,1990,10.3,1,8,3,37.5,0.78,0.29,0.13,0.33,13.4,0,0,0,1.1,1.1,0.13,-0.1,-0.1,ar ARG,DF,Huracán,Copa de la Liga,33,1990,10.3,320,427,74.9,6874,2355,104,121,86.0,151,187,80.7,62,106,58.5,0,0.2,0.2,-0.2,3,11,1,0,15,ar ARG,DF,Huracán,Copa de la Liga,33,1990,10.3,427,399,28,21,0,10,0,1,0,0,0,0,320,0,6,ar ARG,DF,Huracán,Copa de la Liga,33,1990,10.3,8,0.78,5,0,0,3,0,0,1,0.10,0,0,0,1,0,0,ar ARG,DF,Huracán,Copa de la Liga,33,1990,10.3,16,12,9,7,0,6,11,54.5,5,6,4,2,15,31,62,1,ar ARG,DF,Huracán,Copa de la Liga,33,1990,10.3,547,73,316,218,17,10,547,4,3,75.0,1,25.0,254,1260,649,3,0,0,8,4,276,0,ar ARG,DF,Huracán,Copa de la Liga,33,1990,13,926,71,73.5,10.3,10,90,10,3,9,1,1.93,14,9,+5,+0.49,-0.32,10.2,13.0,-2.8,-0.28,-0.87,ar ARG,DF,Huracán,Copa de la Liga,33,1990,10.3,3,0,0,6,2,1,0,15,12,0,0,0,44,44,18,71.0
Joaquín Pereyra,ar ARG,"MF,FW",Atlé Tucumán,Copa de la Liga,24,1998,14,14,"1,252",13.9,1,2,3,0,1,1,2,0,2.0,1.2,2.2,3.5,39,98,45,0.07,0.14,0.22,0.00,0.14,0.15,0.16,0.31,0.09,0.25,ar ARG,"MF,FW",Atlé Tucumán,Copa de la Liga,24,1998,13.9,1,34,9,26.5,2.44,0.65,0.00,0.00,26.5,10,1,1,2.0,1.2,0.04,-1.0,-1.2,ar ARG,"MF,FW",Atlé Tucumán,Copa de la Liga,24,1998,13.9,494,683,72.3,9573,3258,231,271,85.2,162,214,75.7,86,154,55.8,2,2.2,1.9,-0.2,32,74,15,3,98,ar ARG,"MF,FW",Atlé Tucumán,Copa de la Liga,24,1998,13.9,683,611,68,27,9,21,65,6,35,13,20,1,494,4,16,ar ARG,"MF,FW",Atlé Tucumán,Copa de la Liga,24,1998,13.9,66,4.74,42,10,3,5,4,2,6,0.43,3,1,1,0,1,0,ar ARG,"MF,FW",Atlé Tucumán,Copa de la Liga,24,1998,13.9,31,22,10,16,5,11,36,30.6,25,22,3,19,16,47,22,1,ar ARG,"MF,FW",Atlé Tucumán,Copa de la Liga,24,1998,13.9,922,37,168,538,240,15,921,48,18,37.5,24,50.0,527,3308,1603,39,37,4,39,21,579,45,ar ARG,"MF,FW",Atlé Tucumán,Copa de la Liga,24,1998,14,"1,252",89,99.4,13.9,14,89,13,0,0,0,1.21,9,12,-3,-0.22,-0.22,14.0,13.7,+0.3,+0.02,-0.32,ar ARG,"MF,FW",Atlé Tucumán,Copa de la Liga,24,1998,13.9,2,0,0,21,35,0,65,16,22,1,0,0,110,10,19,34.5
Damián Pérez,ar ARG,DF,Independiente,Copa de la Liga,34,1988,13,13,"1,134",12.6,0,0,0,0,0,0,3,0,0.2,0.2,1.5,1.6,17,79,55,0.00,0.00,0.00,0.00,0.00,0.01,0.12,0.13,0.01,0.13,ar ARG,DF,Independiente,Copa de la Liga,34,1988,12.6,0,8,3,37.5,0.63,0.24,0.00,0.00,28.2,0,0,0,0.2,0.2,0.02,-0.2,-0.2,ar ARG,DF,Independiente,Copa de la Liga,34,1988,12.6,468,690,67.8,8707,4591,190,228,83.3,227,307,73.9,47,120,39.2,0,1.5,1.2,-1.5,15,68,12,6,79,ar ARG,DF,Independiente,Copa de la Liga,34,1988,12.6,690,555,131,10,3,3,38,119,1,1,0,0,468,4,24,ar ARG,DF,Independiente,Copa de la Liga,34,1988,12.6,28,2.22,23,3,1,1,0,0,1,0.08,1,0,0,0,0,0,ar ARG,DF,Independiente,Copa de la Liga,34,1988,12.6,48,29,19,25,4,24,35,68.6,11,21,0,21,14,62,30,0,ar ARG,DF,Independiente,Copa de la Liga,34,1988,12.6,851,29,210,451,197,7,851,23,12,52.2,10,43.5,466,1920,1088,17,21,1,17,8,431,55,ar ARG,DF,Independiente,Copa de la Liga,34,1988,13,"1,134",87,90.0,12.6,13,87,10,0,0,1,1.77,14,8,+6,+0.48,+1.90,16.1,7.8,+8.3,+0.66,+1.07,ar ARG,DF,Independiente,Copa de la Liga,34,1988,12.6,3,0,0,19,8,1,38,14,29,0,0,0,86,10,14,41.7
Enzo Pérez,ar ARG,MF,River Plate,Copa de la Liga,36,1986,12,11,896,10.0,0,1,1,0,0,0,6,1,0.2,0.2,0.5,0.6,4,63,10,0.00,0.10,0.10,0.00,0.10,0.02,0.05,0.06,0.02,0.06,ar ARG,MF,River Plate,Copa de la Liga,36,1986,10.0,0,3,0,0.0,0.30,0.00,0.00,0,20.5,0,0,0,0.2,0.2,0.06,-0.2,-0.2,ar ARG,MF,River Plate,Copa de la Liga,36,1986,10.0,662,749,88.4,11289,4113,310,340,91.2,292,325,89.8,51,64,79.7,1,0.5,0.6,+0.5,8,69,1,0,63,ar ARG,MF,River Plate,Copa de la Liga,36,1986,10.0,749,720,28,27,0,1,1,1,0,0,0,0,662,1,7,ar ARG,MF,River Plate,Copa de la Liga,36,1986,10.0,22,2.21,17,0,1,1,1,2,1,0.10,0,0,0,1,0,0,ar ARG,MF,River Plate,Copa de la Liga,36,1986,10.0,30,21,12,15,3,13,22,59.1,9,7,2,5,7,37,22,0,ar ARG,MF,River Plate,Copa de la Liga,36,1986,10.0,840,31,195,574,77,7,840,8,3,37.5,3,37.5,403,1391,607,4,4,0,8,4,565,10,ar ARG,MF,River Plate,Copa de la Liga,36,1986,12,896,75,71.1,10.0,11,79,5,1,27,0,1.86,18,11,+7,+0.70,+0.46,12.9,7.6,+5.3,+0.53,-0.28,ar ARG,MF,River Plate,Copa de la Liga,36,1986,10.0,6,1,1,23,10,0,1,7,21,0,0,0,59,22,14,61.1
Gonzalo Pérez,uy URU,"MF,DF",Lanús,Copa de la Liga,22,2001,6,5,450,5.0,0,0,0,0,0,0,2,0,0.0,0.0,0.6,0.6,1,19,2,0.00,0.00,0.00,0.00,0.00,0.01,0.12,0.12,0.01,0.12,uy URU,"MF,DF",Lanús,Copa de la Liga,22,2001,5.0,0,2,1,50.0,0.40,0.20,0.00,0.00,19.1,0,0,0,0.0,0.0,0.02,0.0,0.0,uy URU,"MF,DF",Lanús,Copa de la Liga,22,2001,5.0,163,207,78.7,3125,1218,60,72,83.3,84,95,88.4,17,33,51.5,0,0.6,0.0,-0.6,2,13,0,0,19,uy URU,"MF,DF",Lanús,Copa de la Liga,22,2001,5.0,207,202,3,3,0,2,1,0,0,0,0,0,163,2,0,uy URU,"MF,DF",Lanús,Copa de la Liga,22,2001,5.0,7,1.40,6,0,0,1,0,0,0,0.00,0,0,0,0,0,0,uy URU,"MF,DF",Lanús,Copa de la Liga,22,2001,5.0,5,3,3,2,0,3,8,37.5,5,9,2,7,4,9,15,0,uy URU,"MF,DF",Lanús,Copa de la Liga,22,2001,5.0,252,15,101,137,16,4,252,4,1,25.0,3,75.0,112,694,343,1,1,0,2,0,143,2,uy URU,"MF,DF",Lanús,Copa de la Liga,22,2001,6,450,75,35.7,5.0,5,81,4,1,45,8,1.33,3,4,-1,-0.20,+0.24,6.0,6.1,0.0,-0.01,-0.28,uy URU,"MF,DF",Lanús,Copa de la Liga,22,2001,5.0,2,0,0,5,2,0,1,4,3,0,0,0,34,7,8,46.7
Marcelo Pérez,py PAR,"FW,MF",Huracán,Copa de la Liga,21,2001,10,2,187,2.1,0,0,0,0,0,0,0,0,0.1,0.1,0.0,0.1,0,4,13,0.00,0.00,0.00,0.00,0.00,0.06,0.00,0.06,0.06,0.06,py PAR,"FW,MF",Huracán,Copa de la Liga,21,2001,2.1,0,4,0,0.0,1.93,0.00,0.00,0,22.6,0,0,0,0.1,0.1,0.03,-0.1,-0.1,py PAR,"FW,MF",Huracán,Copa de la Liga,21,2001,2.1,30,45,66.7,419,80,18,27,66.7,9,13,69.2,1,2,50.0,0,0.0,0.0,0.0,0,1,2,0,4,py PAR,"FW,MF",Huracán,Copa de la Liga,21,2001,2.1,45,42,3,0,0,0,2,3,0,0,0,0,30,0,0,py PAR,"FW,MF",Huracán,Copa de la Liga,21,2001,2.1,0,0.00,0,0,0,0,0,0,0,0.00,0,0,0,0,0,0,py PAR,"FW,MF",Huracán,Copa de la Liga,21,2001,2.1,1,0,1,0,0,1,1,100.0,0,0,0,0,1,2,3,0,py PAR,"FW,MF",Huracán,Copa de la Liga,21,2001,2.1,67,3,7,26,34,4,67,4,1,25.0,3,75.0,37,134,20,0,1,0,7,2,52,13,py PAR,"FW,MF",Huracán,Copa de la Liga,21,2001,10,187,19,14.8,2.1,2,45,0,8,12,2,1.70,3,4,-1,-0.48,-1.24,2.0,2.9,-0.9,-0.42,-0.44,py PAR,"FW,MF",Huracán,Copa de la Liga,21,2001,2.1,0,0,0,1,2,1,2,1,0,0,0,0,6,6,8,42.9
Mateo Pérez,ar ARG,DF,Banfield,Copa de la Liga,22,2000,3,0,3,0.0,0,0,0,0,0,0,0,0,0.0,0.0,0.0,0.0,0,0,0,0.00,0.00,0.00,0.00,0.00,0.00,0.00,0.00,0.00,0.00,ar ARG,DF,Banfield,Copa de la Liga,22,2000,0.0,0,0,0,0,0.00,0.00,0,0,0,0,0,0,0.0,0.0,0,0.0,0.0,ar ARG,DF,Banfield,Copa de la Liga,22,2000,0.0,0,0,0,0,0,0,0,0,0,0,0,0,0,0,0,0.0,0.0,0.0,0,0,0,0,0,ar ARG,DF,Banfield,Copa de la Liga,22,2000,0.0,0,0,0,0,0,0,0,0,0,0,0,0,0,0,0,ar ARG,DF,Banfield,Copa de la Liga,22,2000,0.0,0,0.00,0,0,0,0,0,0,0,0.00,0,0,0,0,0,0,ar ARG,DF,Banfield,Copa de la Liga,22,2000,0.0,0,0,0,0,0,0,0,0,0,0,0,0,0,0,3,0,ar ARG,DF,Banfield,Copa de la Liga,22,2000,0.0,3,2,3,0,0,0,3,0,0,0,0,0,0,0,0,0,0,0,0,0,0,0,ar ARG,DF,Banfield,Copa de la Liga,22,2000,3,3,1,0.2,0.0,0,0,0,3,1,11,2.50,0,0,0,0.00,-0.36,0.0,0.1,-0.1,-2.97,-2.89,ar ARG,DF,Banfield,Copa de la Liga,22,2000,0.0,0,0,0,0,0,0,0,0,0,0,0,0,0,0,0,0
Pablo Pérez,ar ARG,"MF,FW",Newell's OB,Copa de la Liga,37,1985,4,0,65,0.7,0,0,0,0,0,0,1,0,0.0,0.0,0.1,0.1,2,13,3,0.00,0.00,0.00,0.00,0.00,0.00,0.10,0.10,0.00,0.10,ar ARG,"MF,FW",Newell's OB,Copa de la Liga,37,1985,0.7,0,0,0,0,0.00,0.00,0,0,0,0,0,0,0.0,0.0,0,0.0,0.0,ar ARG,"MF,FW",Newell's OB,Copa de la Liga,37,1985,0.7,41,56,73.2,780,320,18,24,75.0,20,25,80.0,3,6,50.0,0,0.1,0.1,-0.1,2,7,3,0,13,ar ARG,"MF,FW",Newell's OB,Copa de la Liga,37,1985,0.7,56,53,3,1,0,0,1,1,0,0,0,0,41,0,0,ar ARG,"MF,FW",Newell's OB,Copa de la Liga,37,1985,0.7,3,4.15,3,0,0,0,0,0,0,0.00,0,0,0,0,0,0,ar ARG,"MF,FW",Newell's OB,Copa de la Liga,37,1985,0.7,3,1,1,2,0,2,4,50.0,2,1,0,1,0,3,0,0,ar ARG,"MF,FW",Newell's OB,Copa de la Liga,37,1985,0.7,67,1,7,46,16,3,67,1,0,0.0,1,100.0,38,174,96,2,0,0,2,1,43,3,ar ARG,"MF,FW",Newell's OB,Copa de la Liga,37,1985,4,65,16,5.2,0.7,0,0,0,4,16,8,0.75,2,1,+1,+1.38,+1.16,1.4,0.4,+1.0,+1.42,+1.37,ar ARG,"MF,FW",Newell's OB,Copa de la Liga,37,1985,0.7,1,0,0,2,1,0,1,0,1,0,0,0,11,1,4,20.0
Rafa Pérez,co COL,DF,San Lorenzo,Copa de la Liga,33,1990,13,13,"1,124",12.5,0,0,0,0,0,0,3,1,0.1,0.1,0.6,0.7,5,23,4,0.00,0.00,0.00,0.00,0.00,0.01,0.05,0.06,0.01,0.06,co COL,DF,San Lorenzo,Copa de la Liga,33,1990,12.5,0,3,1,33.3,0.24,0.08,0.00,0.00,21.0,0,0,0,0.1,0.1,0.04,-0.1,-0.1,co COL,DF,San Lorenzo,Copa de la Liga,33,1990,12.5,295,381,77.4,5671,2319,93,113,82.3,164,186,88.2,31,65,47.7,0,0.6,0.4,-0.6,4,27,2,0,23,co COL,DF,San Lorenzo,Copa de la Liga,33,1990,12.5,381,366,14,11,1,1,1,3,0,0,0,0,295,1,7,co COL,DF,San Lorenzo,Copa de la Liga,33,1990,12.5,10,0.80,8,0,1,1,0,0,0,0.00,0,0,0,0,0,0,co COL,DF,San Lorenzo,Copa de la Liga,33,1990,12.5,23,15,10,13,0,12,16,75.0,4,15,7,8,8,31,38,0,co COL,DF,San Lorenzo,Copa de la Liga,33,1990,12.5,492,49,226,252,16,4,492,7,4,57.1,2,28.6,254,1114,578,5,5,0,4,2,266,4,co COL,DF,San Lorenzo,Copa de la Liga,33,1990,13,"1,124",86,89.2,12.5,13,86,12,0,0,0,1.31,11,10,+1,+0.08,+0.74,10.9,11.0,-0.2,-0.01,+1.12,co COL,DF,San Lorenzo,Copa de la Liga,33,1990,12.5,3,1,0,12,14,0,1,8,15,0,0,0,67,11,14,44.0
Jeremías Pérez Tica,ar ARG,MF,Newell's OB,Copa de la Liga,19,2003,2,1,94,1.0,0,0,0,0,0,0,0,0,0.1,0.1,0.0,0.1,1,2,7,0.00,0.00,0.00,0.00,0.00,0.06,0.00,0.06,0.06,0.06,ar ARG,MF,Newell's OB,Copa de la Liga,19,2003,1.0,0,1,0,0.0,0.96,0.00,0.00,0,16.3,0,0,0,0.1,0.1,0.06,-0.1,-0.1,ar ARG,MF,Newell's OB,Copa de la Liga,19,2003,1.0,21,25,84.0,381,40,11,13,84.6,7,8,87.5,3,3,100.0,0,0.0,0.0,0.0,0,1,1,1,2,ar ARG,MF,Newell's OB,Copa de la Liga,19,2003,1.0,25,25,0,0,0,0,1,0,0,0,0,0,21,0,0,ar ARG,MF,Newell's OB,Copa de la Liga,19,2003,1.0,0,0.00,0,0,0,0,0,0,0,0.00,0,0,0,0,0,0,ar ARG,MF,Newell's OB,Copa de la Liga,19,2003,1.0,0,0,0,0,0,0,1,0.0,1,2,0,2,1,1,1,0,ar ARG,MF,Newell's OB,Copa de la Liga,19,2003,1.0,32,1,4,20,8,3,32,1,0,0.0,1,100.0,20,107,22,1,0,1,0,2,24,7,ar ARG,MF,Newell's OB,Copa de la Liga,19,2003,2,94,47,7.5,1.0,1,84,0,1,10,6,1.50,4,1,+3,+2.87,+2.80,1.9,1.2,+0.8,+0.73,+0.65,ar ARG,MF,Newell's OB,Copa de la Liga,19,2003,1.0,0,0,0,1,0,0,1,1,0,0,0,0,4,0,0,0
Tomás Pérez,ar ARG,"FW,MF",Racing Club,Copa de la Liga,16,2006,2,0,6,0.1,0,0,0,0,0,0,0,0,0.0,0.0,0.0,0.0,0,0,2,0.00,0.00,0.00,0.00,0.00,0.51,0.00,0.51,0.51,0.51,ar ARG,"FW,MF",Racing Club,Copa de la Liga,16,2006,0.1,0,1,0,0.0,15.00,0.00,0.00,0,17.1,0,0,0,0.0,0.0,0.04,0.0,0.0,ar ARG,"FW,MF",Racing Club,Copa de la Liga,16,2006,0.1,2,4,50.0,35,0,0,1,0.0,0,0,0,1,1,100.0,0,0.0,0.0,0.0,0,0,0,0,0,ar ARG,"FW,MF",Racing Club,Copa de la Liga,16,2006,0.1,4,4,0,0,0,0,0,0,0,0,0,0,2,0,0,ar ARG,"FW,MF",Racing Club,Copa de la Liga,16,2006,0.1,1,12.86,1,0,0,0,0,0,0,0.00,0,0,0,0,0,0,ar ARG,"FW,MF",Racing Club,Copa de la Liga,16,2006,0.1,0,0,0,0,0,0,0,0,0,0,0,0,0,0,1,0,ar ARG,"FW,MF",Racing Club,Copa de la Liga,16,2006,0.1,7,1,1,2,4,2,7,0,0,0,0,0,6,13,1,0,0,0,1,1,7,2,ar ARG,"FW,MF",Racing Club,Copa de la Liga,16,2006,2,6,3,0.5,0.1,0,0,0,2,3,0,2.00,0,0,0,0.00,-0.43,0.0,0.3,-0.3,-3.76,-3.86,ar ARG,"FW,MF",Racing Club,Copa de la Liga,16,2006,0.1,0,0,0,1,0,0,0,0,0,0,0,0,0,1,0,100.0
Baldomero Perlaza,co COL,MF,Colón,Copa de la Liga,30,1992,11,4,483,5.4,1,1,2,1,0,0,0,0,1.0,1.0,0.5,1.6,3,16,9,0.19,0.19,0.37,0.19,0.37,0.19,0.10,0.29,0.19,0.29,co COL,MF,Colón,Copa de la Liga,30,1992,5.4,1,7,2,28.6,1.30,0.37,0.14,0.50,17.4,0,0,0,1.0,1.0,0.15,0.0,0.0,co COL,MF,Colón,Copa de la Liga,30,1992,5.4,103,151,68.2,1577,638,55,77,71.4,38,51,74.5,6,11,54.5,1,0.5,0.3,+0.5,6,6,3,0,16,co COL,MF,Colón,Copa de la Liga,30,1992,5.4,151,149,1,1,0,1,0,0,0,0,0,0,103,1,3,co COL,MF,Colón,Copa de la Liga,30,1992,5.4,8,1.49,6,0,0,1,1,0,1,0.19,1,0,0,0,0,0,co COL,MF,Colón,Copa de la Liga,30,1992,5.4,12,8,4,6,2,3,6,50.0,3,5,2,3,7,19,11,0,co COL,MF,Colón,Copa de la Liga,30,1992,5.4,214,14,50,117,49,7,214,8,6,75.0,2,25.0,87,383,194,3,6,0,8,3,103,9,co COL,MF,Colón,Copa de la Liga,30,1992,11,483,44,38.3,5.4,4,84,3,7,21,3,1.73,6,9,-3,-0.56,-1.14,6.4,6.8,-0.4,-0.07,-0.33,co COL,MF,Colón,Copa de la Liga,30,1992,5.4,0,0,0,8,5,0,0,7,8,1,0,0,45,21,12,63.6
Francisco Perruzzi,ar ARG,"MF,FW",San Lorenzo,Copa de la Liga,21,2001,3,0,79,0.9,0,0,0,0,0,0,1,0,0.3,0.3,0.0,0.4,0,3,0,0.00,0.00,0.00,0.00,0.00,0.40,0.02,0.42,0.40,0.42,ar ARG,"MF,FW",San Lorenzo,Copa de la Liga,21,2001,0.9,0,1,0,0.0,1.14,0.00,0.00,0,7.4,0,0,0,0.3,0.3,0.35,-0.3,-0.3,ar ARG,"MF,FW",San Lorenzo,Copa de la Liga,21,2001,0.9,19,26,73.1,343,97,7,9,77.8,11,14,78.6,1,1,100.0,0,0.0,0.0,0.0,1,3,0,0,3,ar ARG,"MF,FW",San Lorenzo,Copa de la Liga,21,2001,0.9,26,26,0,0,0,0,0,0,0,0,0,0,19,0,2,ar ARG,"MF,FW",San Lorenzo,Copa de la Liga,21,2001,0.9,1,1.14,1,0,0,0,0,0,0,0.00,0,0,0,0,0,0,ar ARG,"MF,FW",San Lorenzo,Copa de la Liga,21,2001,0.9,1,1,0,1,0,1,2,50.0,1,3,0,3,1,2,1,0,ar ARG,"MF,FW",San Lorenzo,Copa de la Liga,21,2001,0.9,36,1,10,25,3,1,36,0,0,0,0,0,23,81,31,0,0,0,0,0,21,0,ar ARG,"MF,FW",San Lorenzo,Copa de la Liga,21,2001,3,79,26,6.3,0.9,0,0,0,3,26,11,1.33,0,2,-2,-2.28,-2.43,0.5,1.7,-1.2,-1.34,-1.28,ar ARG,"MF,FW",San Lorenzo,Copa de la Liga,21,2001,0.9,1,0,0,1,1,0,0,1,1,0,0,0,4,0,2,0.0
Pablo Piatti,ar ARG,MF,Estudiantes–LP,Copa de la Liga,33,1989,1,0,5,0.1,0,0,0,0,0,0,0,0,0.0,0.0,0.0,0.0,0,0,1,0.00,0.00,0.00,0.00,0.00,0.00,0.00,0.00,0.00,0.00,ar ARG,MF,Estudiantes–LP,Copa de la Liga,33,1989,0.1,0,0,0,0,0.00,0.00,0,0,0,0,0,0,0.0,0.0,0,0.0,0.0,ar ARG,MF,Estudiantes–LP,Copa de la Liga,33,1989,0.1,3,5,60.0,21,1,2,2,100.0,0,2,0.0,0,0,0,0,0.0,0.0,0.0,0,0,0,0,0,ar ARG,MF,Estudiantes–LP,Copa de la Liga,33,1989,0.1,5,5,0,0,0,0,0,0,0,0,0,0,3,0,0,ar ARG,MF,Estudiantes–LP,Copa de la Liga,33,1989,0.1,0,0.00,0,0,0,0,0,0,0,0.00,0,0,0,0,0,0,ar ARG,MF,Estudiantes–LP,Copa de la Liga,33,1989,0.1,0,0,0,0,0,0,0,0,0,0,0,0,0,0,0,0,ar ARG,MF,Estudiantes–LP,Copa de la Liga,33,1989,0.1,5,0,1,0,4,0,5,0,0,0,0,0,4,12,8,0,0,0,0,0,7,1,ar ARG,MF,Estudiantes–LP,Copa de la Liga,33,1989,1,5,5,0.4,0.1,0,0,0,1,5,0,1.00,0,0,0,0.00,+0.14,0.0,0.0,0.0,-0.58,-0.91,ar ARG,MF,Estudiantes–LP,Copa de la Liga,33,1989,0.1,0,0,0,0,2,0,0,0,0,0,0,0,0,0,0,0
Leonel Picco,ar ARG,"MF,FW",Platense,Copa de la Liga,23,1999,11,9,758,8.4,0,0,0,0,0,0,1,0,0.1,0.1,0.2,0.3,4,30,1,0.00,0.00,0.00,0.00,0.00,0.01,0.02,0.03,0.01,0.03,ar ARG,"MF,FW",Platense,Copa de la Liga,23,1999,8.4,0,2,0,0.0,0.24,0.00,0.00,0,14.2,0,0,0,0.1,0.1,0.04,-0.1,-0.1,ar ARG,"MF,FW",Platense,Copa de la Liga,23,1999,8.4,175,240,72.9,2827,1094,87,110,79.1,68,92,73.9,14,21,66.7,0,0.2,0.4,-0.2,2,22,0,0,30,ar ARG,"MF,FW",Platense,Copa de la Liga,23,1999,8.4,240,234,6,6,1,4,2,0,0,0,0,0,175,0,6,ar ARG,"MF,FW",Platense,Copa de la Liga,23,1999,8.4,10,1.19,9,0,0,0,0,1,0,0.00,0,0,0,0,0,0,ar ARG,"MF,FW",Platense,Copa de la Liga,23,1999,8.4,43,26,12,28,3,18,25,72.0,7,13,0,13,23,66,16,1,ar ARG,"MF,FW",Platense,Copa de la Liga,23,1999,8.4,358,15,86,248,30,3,358,4,2,50.0,2,50.0,103,420,189,4,2,0,10,3,80,1,ar ARG,MF,Colón,Copa de la Liga,23,1999,0,0,0,0,0,0,0,0,0,0,1,0,0,0,0,0,0,0,0,0,0,0,ar ARG,"MF,FW",Platense,Copa de la Liga,23,1999,8.4,1,0,0,12,4,0,2,23,26,0,0,0,78,15,12,55.6
Santiago Pierotti,ar ARG,"FW,MF",Colón,Copa de la Liga,21,2001,7,2,266,3.0,0,0,0,0,0,0,2,0,0.2,0.2,1.0,1.2,6,5,25,0.00,0.00,0.00,0.00,0.00,0.07,0.32,0.39,0.07,0.39,ar ARG,"FW,MF",Colón,Copa de la Liga,21,2001,3.0,0,6,1,16.7,2.03,0.34,0.00,0.00,22.0,0,0,0,0.2,0.2,0.03,-0.2,-0.2,ar ARG,"FW,MF",Colón,Copa de la Liga,21,2001,3.0,46,73,63.0,528,178,28,31,90.3,12,17,70.6,0,6,0.0,0,1.0,0.8,-1.0,4,3,2,1,5,ar ARG,"FW,MF",Colón,Copa de la Liga,21,2001,3.0,73,70,2,0,0,1,5,2,0,0,0,0,46,1,6,ar ARG,"FW,MF",Colón,Copa de la Liga,21,2001,3.0,9,3.03,4,0,3,0,2,0,1,0.34,0,0,0,0,1,0,ar ARG,"FW,MF",Colón,Copa de la Liga,21,2001,3.0,9,5,3,5,1,1,7,14.3,6,5,0,5,0,9,4,0,ar ARG,"FW,MF",Colón,Copa de la Liga,21,2001,3.0,129,6,18,52,65,12,129,20,13,65.0,4,20.0,73,568,289,6,8,4,11,9,75,25,ar ARG,"FW,MF",Colón,Copa de la Liga,21,2001,7,266,38,21.1,3.0,2,66,0,5,27,6,1.86,3,3,0,0.00,-0.18,3.6,3.1,+0.5,+0.17,+0.06,ar ARG,"FW,MF",Colón,Copa de la Liga,21,2001,3.0,2,0,0,8,6,2,5,0,5,1,0,0,15,7,7,50.0
Jean Pierre Rosso,uy URU,"DF,FW",Sarmiento,Copa de la Liga,25,1997,3,0,56,0.6,0,0,0,0,0,0,0,0,0.0,0.0,0.0,0.0,0,0,1,0.00,0.00,0.00,0.00,0.00,0.00,0.00,0.00,0.00,0.00,uy URU,"DF,FW",Sarmiento,Copa de la Liga,25,1997,0.6,0,0,0,0,0.00,0.00,0,0,0,0,0,0,0.0,0.0,0,0.0,0.0,uy URU,"DF,FW",Sarmiento,Copa de la Liga,25,1997,0.6,11,25,44.0,131,75,8,12,66.7,3,10,30.0,0,3,0.0,0,0.0,0.0,0.0,0,0,0,0,0,uy URU,"DF,FW",Sarmiento,Copa de la Liga,25,1997,0.6,25,15,10,0,0,0,0,10,0,0,0,0,11,0,1,uy URU,"DF,FW",Sarmiento,Copa de la Liga,25,1997,0.6,1,1.58,0,1,0,0,0,0,0,0.00,0,0,0,0,0,0,uy URU,"DF,FW",Sarmiento,Copa de la Liga,25,1997,0.6,0,0,0,0,0,0,0,0,0,2,0,2,0,0,2,0,uy URU,"DF,FW",Sarmiento,Copa de la Liga,25,1997,0.6,30,2,9,15,6,0,30,2,1,50.0,0,0.0,9,51,26,0,0,0,0,0,8,1,uy URU,"DF,FW",Sarmiento,Copa de la Liga,25,1997,3,56,19,4.4,0.6,0,0,0,3,19,5,2.33,1,0,+1,+1.61,+1.68,0.3,1.1,-0.8,-1.26,-0.84,uy URU,"DF,FW",Sarmiento,Copa de la Liga,25,1997,0.6,0,0,0,0,1,0,0,0,0,0,0,0,3,2,0,100.0
Iván Pillud,ar ARG,DF,Racing Club,Copa de la Liga,36,1986,4,3,246,2.7,0,0,0,0,0,0,0,0,0.0,0.0,0.1,0.2,5,9,2,0.00,0.00,0.00,0.00,0.00,0.01,0.05,0.06,0.01,0.06,ar ARG,DF,Racing Club,Copa de la Liga,36,1986,2.7,0,1,0,0.0,0.37,0.00,0.00,0,29.3,0,0,0,0.0,0.0,0.02,0.0,0.0,ar ARG,DF,Racing Club,Copa de la Liga,36,1986,2.7,131,157,83.4,2127,753,63,70,90.0,59,68,86.8,8,17,47.1,0,0.1,0.4,-0.1,1,5,0,0,9,ar ARG,DF,Racing Club,Copa de la Liga,36,1986,2.7,157,136,21,10,0,1,3,11,0,0,0,0,131,0,2,ar ARG,DF,Racing Club,Copa de la Liga,36,1986,2.7,6,2.20,4,0,1,0,1,0,2,0.73,1,0,0,0,1,0,ar ARG,DF,Racing Club,Copa de la Liga,36,1986,2.7,3,3,1,2,0,1,5,20.0,4,3,0,3,6,9,4,0,ar ARG,DF,Racing Club,Copa de la Liga,36,1986,2.7,177,9,66,103,8,1,177,2,2,100.0,0,0.0,88,407,255,5,3,0,0,4,111,2,ar ARG,DF,Racing Club,Copa de la Liga,36,1986,4,246,62,19.5,2.7,3,81,2,1,4,9,2.50,6,3,+3,+1.10,+0.83,3.3,3.6,-0.3,-0.11,-0.23,ar ARG,DF,Racing Club,Copa de la Liga,36,1986,2.7,0,0,0,1,2,0,3,6,3,0,0,0,12,5,5,50.0
Gonzalo Piñeiro,ar ARG,MF,Estudiantes–LP,Copa de la Liga,22,2000,3,0,53,0.6,0,0,0,0,0,0,0,0,0.0,0.0,0.0,0.0,1,1,1,0.00,0.00,0.00,0.00,0.00,0.07,0.00,0.07,0.07,0.07,ar ARG,MF,Estudiantes–LP,Copa de la Liga,22,2000,0.6,0,1,0,0.0,1.70,0.00,0.00,0,21.3,0,0,0,0.0,0.0,0.04,0.0,0.0,ar ARG,MF,Estudiantes–LP,Copa de la Liga,22,2000,0.6,15,24,62.5,176,55,10,14,71.4,4,6,66.7,0,2,0.0,0,0.0,0.0,0.0,0,2,0,0,1,ar ARG,MF,Estudiantes–LP,Copa de la Liga,22,2000,0.6,24,23,1,1,0,0,0,0,0,0,0,0,15,0,0,ar ARG,MF,Estudiantes–LP,Copa de la Liga,22,2000,0.6,0,0.00,0,0,0,0,0,0,0,0.00,0,0,0,0,0,0,ar ARG,MF,Estudiantes–LP,Copa de la Liga,22,2000,0.6,1,1,0,1,0,1,1,100.0,0,0,0,0,1,2,0,0,ar ARG,MF,Estudiantes–LP,Copa de la Liga,22,2000,0.6,30,0,1,27,2,0,30,1,0,0.0,1,100.0,9,86,31,1,2,0,0,0,13,1,ar ARG,MF,Estudiantes–LP,Copa de la Liga,22,2000,3,53,18,4.2,0.6,0,0,0,3,18,4,2.33,1,1,0,0.00,+0.15,1.0,0.9,+0.1,+0.14,-0.20,ar ARG,MF,Estudiantes–LP,Copa de la Liga,22,2000,0.6,0,0,0,0,1,0,0,1,1,0,0,0,2,2,2,50.0
Gonzalo Piovi,ar ARG,DF,Racing Club,Copa de la Liga,28,1994,11,11,945,10.5,2,1,3,0,2,3,5,0,2.8,0.5,0.4,0.9,29,85,17,0.19,0.10,0.29,0.00,0.10,0.27,0.04,0.31,0.05,0.08,ar ARG,DF,Racing Club,Copa de la Liga,28,1994,10.5,2,17,4,23.5,1.62,0.38,0.00,0.00,27.6,4,2,3,2.8,0.5,0.03,-0.8,-0.5,ar ARG,DF,Racing Club,Copa de la Liga,28,1994,10.5,675,827,81.6,13898,5021,239,267,89.5,327,368,88.9,107,172,62.2,1,0.4,1.3,+0.6,11,80,13,5,85,ar ARG,DF,Racing Club,Copa de la Liga,28,1994,10.5,827,771,54,27,2,22,16,27,0,0,0,0,675,2,11,ar ARG,DF,Racing Club,Copa de la Liga,28,1994,10.5,25,2.38,23,0,0,2,0,0,3,0.29,3,0,0,0,0,0,ar ARG,DF,Racing Club,Copa de la Liga,28,1994,10.5,29,16,20,6,3,14,26,53.8,12,13,4,9,18,47,45,1,ar ARG,DF,Racing Club,Copa de la Liga,28,1994,10.5,976,78,321,530,130,15,973,12,7,58.3,5,41.7,583,3268,2397,29,20,0,10,2,625,17,ar ARG,DF,Racing Club,Copa de la Liga,28,1994,11,945,86,75.0,10.5,11,86,10,0,0,0,1.55,15,12,+3,+0.29,-0.57,13.7,12.9,+0.7,+0.07,-0.03,ar ARG,DF,Racing Club,Copa de la Liga,28,1994,10.5,5,0,0,15,6,0,16,18,16,0,2,0,78,25,16,61.0
Oscar Piris,ar ARG,DF,Unión,Copa de la Liga,33,1989,2,0,15,0.2,0,0,0,0,0,0,0,0,0.0,0.0,0.0,0.0,0,0,0,0.00,0.00,0.00,0.00,0.00,0.04,0.00,0.04,0.04,0.04,ar ARG,DF,Unión,Copa de la Liga,33,1989,0.2,0,1,0,0.0,6.00,0.00,0.00,0,12.4,0,0,0,0.0,0.0,0.01,0.0,0.0,ar ARG,DF,Unión,Copa de la Liga,33,1989,0.2,0,2,0.0,0,0,0,0,0,0,1,0.0,0,1,0.0,0,0.0,0.0,0.0,0,0,0,0,0,ar ARG,DF,Unión,Copa de la Liga,33,1989,0.2,2,2,0,0,0,0,0,0,0,0,0,0,0,0,0,ar ARG,DF,Unión,Copa de la Liga,33,1989,0.2,0,0.00,0,0,0,0,0,0,0,0.00,0,0,0,0,0,0,ar ARG,DF,Unión,Copa de la Liga,33,1989,0.2,1,0,1,0,0,1,1,100.0,0,0,0,0,0,1,1,0,ar ARG,DF,Unión,Copa de la Liga,33,1989,0.2,6,0,4,1,1,1,6,0,0,0,0,0,1,2,0,0,0,0,1,0,1,0,ar ARG,DF,Unión,Copa de la Liga,33,1989,2,15,8,1.2,0.2,0,0,0,2,8,4,2.00,0,0,0,0.00,+0.22,0.2,0.4,-0.3,-1.56,-1.44,ar ARG,DF,Unión,Copa de la Liga,33,1989,0.2,0,0,0,0,0,0,0,0,0,0,0,0,1,1,0,100.0
Bruno Pittón,ar ARG,DF,Newell's OB,Copa de la Liga,29,1993,1,0,18,0.2,0,0,0,0,0,0,0,0,0.0,0.0,0.0,0.0,0,0,1,0.00,0.00,0.00,0.00,0.00,0.00,0.00,0.00,0.00,0.00,ar ARG,DF,Newell's OB,Copa de la Liga,29,1993,0.2,0,0,0,0,0.00,0.00,0,0,0,0,0,0,0.0,0.0,0,0.0,0.0,ar ARG,DF,Newell's OB,Copa de la Liga,29,1993,0.2,8,9,88.9,149,44,3,4,75.0,4,4,100.0,1,1,100.0,0,0.0,0.0,0.0,0,0,0,0,0,ar ARG,DF,Newell's OB,Copa de la Liga,29,1993,0.2,9,6,3,1,0,0,0,2,0,0,0,0,8,0,0,ar ARG,DF,Newell's OB,Copa de la Liga,29,1993,0.2,0,0.00,0,0,0,0,0,0,0,0.00,0,0,0,0,0,0,ar ARG,DF,Newell's OB,Copa de la Liga,29,1993,0.2,0,0,0,0,0,0,0,0,0,0,0,0,0,0,1,0,ar ARG,DF,Newell's OB,Copa de la Liga,29,1993,0.2,13,0,4,5,4,0,13,1,0,0.0,1,100.0,5,29,10,0,2,0,1,0,6,1,ar ARG,DF,Newell's OB,Copa de la Liga,29,1993,1,18,18,1.4,0.2,0,0,0,1,18,6,3.00,0,0,0,0.00,-0.29,0.0,0.0,0.0,+0.11,-0.01,ar ARG,DF,Newell's OB,Copa de la Liga,29,1993,0.2,0,0,0,1,0,0,0,0,0,0,0,0,1,0,0,0
Mauro Pittón,ar ARG,MF,Cen. Córdoba–SdE,Copa de la Liga,28,1994,14,14,"1,207",13.4,0,2,2,0,0,0,4,0,0.6,0.6,0.9,1.5,8,69,17,0.00,0.15,0.15,0.00,0.15,0.04,0.07,0.11,0.04,0.11,ar ARG,MF,Cen. Córdoba–SdE,Copa de la Liga,28,1994,13.4,0,6,1,16.7,0.45,0.07,0.00,0.00,23.2,0,0,0,0.6,0.6,0.10,-0.6,-0.6,ar ARG,MF,Cen. Córdoba–SdE,Copa de la Liga,28,1994,13.4,474,614,77.2,7877,2301,213,248,85.9,187,230,81.3,48,86,55.8,2,0.9,0.9,+1.1,9,50,6,1,69,ar ARG,MF,Cen. Córdoba–SdE,Copa de la Liga,28,1994,13.4,614,581,30,12,2,6,20,0,5,1,3,0,474,3,14,ar ARG,MF,Cen. Córdoba–SdE,Copa de la Liga,28,1994,13.4,25,1.86,20,2,0,3,0,0,3,0.22,3,0,0,0,0,0,ar ARG,MF,Cen. Córdoba–SdE,Copa de la Liga,28,1994,13.4,28,17,7,18,3,11,35,31.4,24,16,4,12,19,47,19,0,ar ARG,MF,Cen. Córdoba–SdE,Copa de la Liga,28,1994,13.4,736,27,140,483,121,6,736,6,4,66.7,0,0.0,304,1365,653,8,10,0,10,14,399,17,ar ARG,MF,Cen. Córdoba–SdE,Copa de la Liga,28,1994,14,"1,207",86,95.8,13.4,14,86,12,0,0,0,1.36,11,13,-2,-0.15,+1.55,11.2,9.9,+1.3,+0.10,+0.93,ar ARG,MF,Cen. Córdoba–SdE,Copa de la Liga,28,1994,13.4,4,0,0,12,14,1,20,19,17,0,0,0,116,17,11,60.7
Patricio Pizarro,ar ARG,"DF,MF",Huracán,Copa de la Liga,22,2000,3,1,180,2.0,0,0,0,0,0,0,2,0,0.0,0.0,0.0,0.0,0,5,1,0.00,0.00,0.00,0.00,0.00,0.00,0.00,0.00,0.00,0.00,ar ARG,"DF,MF",Huracán,Copa de la Liga,22,2000,2.0,0,0,0,0,0.00,0.00,0,0,0,0,0,0,0.0,0.0,0,0.0,0.0,ar ARG,"DF,MF",Huracán,Copa de la Liga,22,2000,2.0,44,64,68.8,629,320,22,29,75.9,19,25,76.0,1,8,12.5,0,0.0,0.0,0.0,0,1,0,0,5,ar ARG,"DF,MF",Huracán,Copa de la Liga,22,2000,2.0,64,57,7,0,0,0,1,7,0,0,0,0,44,0,0,ar ARG,"DF,MF",Huracán,Copa de la Liga,22,2000,2.0,0,0.00,0,0,0,0,0,0,0,0.00,0,0,0,0,0,0,ar ARG,"DF,MF",Huracán,Copa de la Liga,22,2000,2.0,7,3,7,0,0,5,6,83.3,1,6,3,3,4,11,7,0,ar ARG,"DF,MF",Huracán,Copa de la Liga,22,2000,2.0,91,9,47,39,5,0,91,0,0,0,0,0,27,126,45,0,0,0,1,0,28,1,ar ARG,"DF,MF",Huracán,Copa de la Liga,22,2000,3,180,60,14.3,2.0,1,90,1,2,45,11,1.00,2,3,-1,-0.50,-1.25,2.5,1.4,+1.1,+0.57,+0.72,ar ARG,"DF,MF",Huracán,Copa de la Liga,22,2000,2.0,2,0,0,5,0,0,1,4,3,0,0,0,9,4,5,44.4
Francisco Pizzini,ar ARG,"FW,MF",Vélez Sarsfield,Copa de la Liga,29,1993,14,11,874,9.7,0,2,2,0,0,0,1,0,0.7,0.7,1.9,2.6,33,24,67,0.00,0.21,0.21,0.00,0.21,0.07,0.20,0.27,0.07,0.27,ar ARG,"FW,MF",Vélez Sarsfield,Copa de la Liga,29,1993,9.7,0,13,3,23.1,1.34,0.31,0.00,0.00,16.6,0,0,0,0.7,0.7,0.06,-0.7,-0.7,ar ARG,"FW,MF",Vélez Sarsfield,Copa de la Liga,29,1993,9.7,153,278,55.0,2453,717,87,123,70.7,47,89,52.8,15,27,55.6,2,1.9,2.1,+0.1,10,17,7,4,24,ar ARG,"FW,MF",Vélez Sarsfield,Copa de la Liga,29,1993,9.7,278,269,8,2,2,5,26,3,2,0,2,0,153,1,24,ar ARG,"FW,MF",Vélez Sarsfield,Copa de la Liga,29,1993,9.7,23,2.37,15,1,2,3,2,0,3,0.31,2,0,0,0,1,0,ar ARG,"FW,MF",Vélez Sarsfield,Copa de la Liga,29,1993,9.7,22,12,9,11,2,11,24,45.8,13,12,2,10,10,32,12,0,ar ARG,"FW,MF",Vélez Sarsfield,Copa de la Liga,29,1993,9.7,443,17,81,197,173,29,443,40,16,40.0,19,47.5,243,1717,880,33,22,6,38,18,264,67,ar ARG,"FW,MF",Vélez Sarsfield,Copa de la Liga,29,1993,14,874,62,69.4,9.7,11,76,1,3,14,0,1.57,10,10,0,0.00,-0.70,7.7,7.5,+0.2,+0.02,+0.47,ar ARG,"FW,MF",Vélez Sarsfield,Copa de la Liga,29,1993,9.7,1,0,0,11,24,3,26,10,12,0,1,0,60,26,19,57.8
Joaquín Pombo,ar ARG,DF,Arsenal,Copa de la Liga,21,2001,14,14,"1,231",13.7,0,0,0,0,0,0,4,1,0.7,0.7,0.0,0.7,2,19,0,0.00,0.00,0.00,0.00,0.00,0.05,0.00,0.05,0.05,0.05,ar ARG,DF,Arsenal,Copa de la Liga,21,2001,13.7,0,8,1,12.5,0.58,0.07,0.00,0.00,9.4,0,0,0,0.7,0.7,0.09,-0.7,-0.7,ar ARG,DF,Arsenal,Copa de la Liga,21,2001,13.7,306,427,71.7,5830,2628,99,129,76.7,175,216,81.0,28,68,41.2,0,0.0,0.0,0.0,1,9,0,0,19,ar ARG,DF,Arsenal,Copa de la Liga,21,2001,13.7,427,420,7,7,0,1,0,0,0,0,0,0,306,0,6,ar ARG,DF,Arsenal,Copa de la Liga,21,2001,13.7,6,0.44,4,0,0,0,1,1,1,0.07,0,0,0,0,1,0,ar ARG,DF,Arsenal,Copa de la Liga,21,2001,13.7,24,14,16,5,3,12,17,70.6,5,11,3,8,19,43,64,1,ar ARG,DF,Arsenal,Copa de la Liga,21,2001,13.7,560,84,308,238,18,14,560,2,2,100.0,0,0.0,205,1044,581,2,3,0,6,5,208,0,ar ARG,DF,Arsenal,Copa de la Liga,21,2001,14,"1,231",88,97.7,13.7,14,88,13,0,0,0,0.93,10,15,-5,-0.37,-0.37,13.4,13.9,-0.5,-0.03,+2.15,ar ARG,DF,Arsenal,Copa de la Liga,21,2001,13.7,4,1,0,19,7,1,0,19,14,1,0,0,104,26,17,60.5
Facundo Pons,ar ARG,FW,Arsenal,Copa de la Liga,27,1995,6,1,155,1.7,0,0,0,0,0,0,0,0,0.4,0.4,0.0,0.4,0,1,10,0.00,0.00,0.00,0.00,0.00,0.25,0.01,0.26,0.25,0.26,ar ARG,FW,Arsenal,Copa de la Liga,27,1995,1.7,0,4,1,25.0,2.32,0.58,0.00,0.00,13.7,0,0,0,0.4,0.4,0.11,-0.4,-0.4,ar ARG,FW,Arsenal,Copa de la Liga,27,1995,1.7,19,36,52.8,289,24,8,18,44.4,10,12,83.3,0,0,0,0,0.0,0.0,0.0,1,0,0,0,1,ar ARG,FW,Arsenal,Copa de la Liga,27,1995,1.7,36,33,3,0,0,0,0,0,0,0,0,0,19,0,2,ar ARG,FW,Arsenal,Copa de la Liga,27,1995,1.7,2,1.15,2,0,0,0,0,0,0,0.00,0,0,0,0,0,0,ar ARG,FW,Arsenal,Copa de la Liga,27,1995,1.7,0,0,0,0,0,0,0,0,0,1,0,1,0,0,1,0,ar ARG,FW,Arsenal,Copa de la Liga,27,1995,1.7,70,1,1,36,34,10,70,8,2,25.0,6,75.0,44,198,43,0,2,1,13,2,51,10,ar ARG,FW,Arsenal,Copa de la Liga,27,1995,6,155,26,12.3,1.7,1,90,1,5,13,1,0.50,1,2,-1,-0.58,-0.25,1.5,2.3,-0.7,-0.42,-0.38,ar ARG,FW,Arsenal,Copa de la Liga,27,1995,1.7,0,0,0,4,2,1,0,0,0,0,0,0,8,8,10,44.4
Juan Portillo,ar ARG,DF,Talleres,Copa de la Liga,22,2000,12,12,"1,001",11.1,0,0,0,0,0,0,2,0,0.4,0.4,0.2,0.5,21,68,37,0.00,0.00,0.00,0.00,0.00,0.04,0.01,0.05,0.04,0.05,ar ARG,DF,Talleres,Copa de la Liga,22,2000,11.1,0,13,5,38.5,1.17,0.45,0.00,0.00,22.9,0,0,0,0.4,0.4,0.03,-0.4,-0.4,ar ARG,DF,Talleres,Copa de la Liga,22,2000,11.1,434,540,80.4,6521,2773,248,283,87.6,158,197,80.2,21,41,51.2,0,0.2,0.4,-0.2,4,52,7,1,68,ar ARG,DF,Talleres,Copa de la Liga,22,2000,11.1,540,447,93,7,1,1,6,86,0,0,0,0,434,0,10,ar ARG,DF,Talleres,Copa de la Liga,22,2000,11.1,18,1.62,16,0,1,0,1,0,0,0.00,0,0,0,0,0,0,ar ARG,DF,Talleres,Copa de la Liga,22,2000,11.1,54,33,25,27,2,24,33,72.7,9,18,3,15,12,66,42,1,ar ARG,DF,Talleres,Copa de la Liga,22,2000,11.1,717,40,209,379,133,9,717,18,9,50.0,9,50.0,321,1640,920,21,26,0,15,6,361,37,ar ARG,DF,Talleres,Copa de la Liga,22,2000,12,"1,001",83,79.4,11.1,12,83,9,0,0,2,1.33,14,11,+3,+0.27,+1.31,15.5,11.5,+4.0,+0.36,+1.06,ar ARG,DF,Talleres,Copa de la Liga,22,2000,11.1,2,0,0,18,8,1,6,12,33,0,0,0,57,18,17,51.4
Marcos Portillo,ar ARG,"MF,FW",Newell's OB,Copa de la Liga,23,2000,4,3,238,2.6,0,0,0,0,0,0,0,0,0.5,0.5,0.0,0.6,6,7,4,0.00,0.00,0.00,0.00,0.00,0.19,0.02,0.21,0.19,0.21,ar ARG,"MF,FW",Newell's OB,Copa de la Liga,23,2000,2.6,0,2,0,0.0,0.76,0.00,0.00,0,18.8,0,0,0,0.5,0.5,0.25,-0.5,-0.5,ar ARG,"MF,FW",Newell's OB,Copa de la Liga,23,2000,2.6,78,110,70.9,1459,324,28,37,75.7,37,42,88.1,9,24,37.5,0,0.0,0.1,0.0,2,12,2,0,7,ar ARG,"MF,FW",Newell's OB,Copa de la Liga,23,2000,2.6,110,100,8,3,0,7,5,1,3,2,0,0,78,2,1,ar ARG,"MF,FW",Newell's OB,Copa de la Liga,23,2000,2.6,7,2.67,6,0,1,0,0,0,0,0.00,0,0,0,0,0,0,ar ARG,"MF,FW",Newell's OB,Copa de la Liga,23,2000,2.6,6,4,1,5,0,2,6,33.3,4,4,0,4,1,7,2,0,ar ARG,"MF,FW",Newell's OB,Copa de la Liga,23,2000,2.6,137,3,28,87,23,2,137,10,6,60.0,4,40.0,65,429,263,6,2,0,4,1,86,4,ar ARG,"MF,FW",Newell's OB,Copa de la Liga,23,2000,4,238,60,18.9,2.6,3,68,0,1,34,7,0.75,4,3,+1,+0.38,+0.11,2.2,2.5,-0.2,-0.09,-0.26,ar ARG,"MF,FW",Newell's OB,Copa de la Liga,23,2000,2.6,0,0,0,0,2,0,5,1,4,0,0,0,14,1,3,25.0
Francisco Pozzo,ar ARG,"FW,MF",Talleres,Copa de la Liga,19,2003,4,1,119,1.3,0,0,0,0,0,0,0,0,0.1,0.1,0.1,0.2,1,6,10,0.00,0.00,0.00,0.00,0.00,0.06,0.10,0.15,0.06,0.15,ar ARG,"FW,MF",Talleres,Copa de la Liga,19,2003,1.3,0,1,0,0.0,0.76,0.00,0.00,0,16.1,0,0,0,0.1,0.1,0.07,-0.1,-0.1,ar ARG,"FW,MF",Talleres,Copa de la Liga,19,2003,1.3,25,33,75.8,294,98,17,20,85.0,6,10,60.0,0,1,0.0,0,0.1,0.1,-0.1,2,4,0,0,6,ar ARG,"FW,MF",Talleres,Copa de la Liga,19,2003,1.3,33,31,2,0,0,0,2,0,0,0,0,0,25,0,0,ar ARG,"FW,MF",Talleres,Copa de la Liga,19,2003,1.3,4,3.03,3,0,0,0,1,0,0,0.00,0,0,0,0,0,0,ar ARG,"FW,MF",Talleres,Copa de la Liga,19,2003,1.3,2,2,0,2,0,0,1,0.0,1,3,0,3,0,2,1,0,ar ARG,"FW,MF",Talleres,Copa de la Liga,19,2003,1.3,52,1,4,23,25,3,52,3,0,0.0,2,66.7,29,132,40,1,1,0,5,0,33,10,ar ARG,"FW,MF",Talleres,Copa de la Liga,19,2003,4,119,30,9.4,1.3,1,53,0,3,22,6,0.50,0,2,-2,-1.51,-1.67,1.0,1.4,-0.5,-0.35,-0.54,ar ARG,"FW,MF",Talleres,Copa de la Liga,19,2003,1.3,0,0,0,2,1,0,2,0,2,0,0,0,4,2,3,40.0
Tomás Pozzo,ar ARG,MF,Independiente,Copa de la Liga,22,2000,2,0,17,0.2,0,0,0,0,0,0,0,0,0.0,0.0,0.0,0.0,3,5,2,0.00,0.00,0.00,0.00,0.00,0.00,0.12,0.12,0.00,0.12,ar ARG,MF,Independiente,Copa de la Liga,22,2000,0.2,0,0,0,0,0.00,0.00,0,0,0,0,0,0,0.0,0.0,0,0.0,0.0,ar ARG,MF,Independiente,Copa de la Liga,22,2000,0.2,21,26,80.8,311,90,10,12,83.3,10,11,90.9,0,1,0.0,0,0.0,0.1,0.0,1,3,2,1,5,ar ARG,MF,Independiente,Copa de la Liga,22,2000,0.2,26,25,1,0,0,0,3,0,1,1,0,0,21,0,1,ar ARG,MF,Independiente,Copa de la Liga,22,2000,0.2,1,5.29,1,0,0,0,0,0,0,0.00,0,0,0,0,0,0,ar ARG,MF,Independiente,Copa de la Liga,22,2000,0.2,1,0,0,1,0,0,1,0.0,1,0,0,0,0,1,0,0,ar ARG,MF,Independiente,Copa de la Liga,22,2000,0.2,28,0,0,16,13,1,28,1,1,100.0,0,0.0,24,130,89,3,3,1,0,1,25,2,ar ARG,MF,Independiente,Copa de la Liga,22,2000,2,17,9,1.3,0.2,0,0,0,2,9,5,1.50,0,0,0,0.00,-0.29,0.5,0.8,-0.3,-1.35,-1.93,ar ARG,MF,Independiente,Copa de la Liga,22,2000,0.2,0,0,0,0,1,0,3,0,0,0,0,0,1,0,1,0.0
Fernando Prado,uy URU,DF,Barracas Central,Copa de la Liga,21,2001,4,3,297,3.3,0,0,0,0,0,0,0,0,0.0,0.0,0.0,0.0,6,11,2,0.00,0.00,0.00,0.00,0.00,0.00,0.00,0.00,0.00,0.00,uy URU,DF,Barracas Central,Copa de la Liga,21,2001,3.3,0,0,0,0,0.00,0.00,0,0,0,0,0,0,0.0,0.0,0,0.0,0.0,uy URU,DF,Barracas Central,Copa de la Liga,21,2001,3.3,111,157,70.7,2170,821,41,46,89.1,57,64,89.1,13,38,34.2,0,0.0,0.0,0.0,1,12,0,0,11,uy URU,DF,Barracas Central,Copa de la Liga,21,2001,3.3,157,146,11,6,0,2,3,5,0,0,0,0,111,0,5,uy URU,DF,Barracas Central,Copa de la Liga,21,2001,3.3,1,0.30,1,0,0,0,0,0,0,0.00,0,0,0,0,0,0,uy URU,DF,Barracas Central,Copa de la Liga,21,2001,3.3,5,5,2,2,1,4,7,57.1,3,3,0,3,2,7,9,0,uy URU,DF,Barracas Central,Copa de la Liga,21,2001,3.3,182,11,78,94,10,1,182,2,1,50.0,1,50.0,94,528,350,6,4,0,1,0,107,2,uy URU,DF,Barracas Central,Copa de la Liga,21,2001,4,297,74,23.6,3.3,3,78,2,1,64,0,0.75,3,8,-5,-1.52,-0.95,1.5,4.8,-3.3,-1.00,-1.08,uy URU,DF,Barracas Central,Copa de la Liga,21,2001,3.3,0,0,0,0,0,1,3,2,5,0,0,1,29,5,4,55.6
Lucas Pratto,ar ARG,FW,Defensa y Just,Copa de la Liga,34,1988,13,8,741,8.2,3,0,3,3,0,0,1,0,1.3,1.3,0.6,1.9,12,25,33,0.36,0.00,0.36,0.36,0.36,0.16,0.07,0.23,0.16,0.23,ar ARG,FW,Defensa y Just,Copa de la Liga,34,1988,8.2,3,11,7,63.6,1.34,0.85,0.27,0.43,15.1,0,0,0,1.3,1.3,0.12,+1.7,+1.7,ar ARG,FW,Defensa y Just,Copa de la Liga,34,1988,8.2,149,220,67.7,2022,525,84,120,70.0,42,59,71.2,9,13,69.2,0,0.6,0.7,-0.6,6,17,5,1,25,ar ARG,FW,Defensa y Just,Copa de la Liga,34,1988,8.2,220,204,15,0,1,0,3,2,0,0,0,0,149,1,9,ar ARG,FW,Defensa y Just,Copa de la Liga,34,1988,8.2,18,2.19,15,0,0,2,0,1,2,0.24,2,0,0,0,0,0,ar ARG,FW,Defensa y Just,Copa de la Liga,34,1988,8.2,9,5,1,4,4,3,12,25.0,9,11,1,10,2,11,11,0,ar ARG,FW,Defensa y Just,Copa de la Liga,34,1988,8.2,303,12,24,156,125,19,303,16,4,25.0,11,68.8,162,835,337,12,9,1,18,10,215,33,ar ARG,FW,Defensa y Just,Copa de la Liga,34,1988,13,741,57,58.8,8.2,8,76,2,5,27,0,1.08,6,11,-5,-0.61,-0.78,6.6,13.0,-6.4,-0.77,-0.40,ar ARG,FW,Defensa y Just,Copa de la Liga,34,1988,8.2,1,0,0,5,3,4,3,2,5,0,0,0,21,26,29,47.3
Sebastián Prediger,ar ARG,MF,Tigre,Copa de la Liga,36,1986,11,9,700,7.8,0,0,0,0,0,0,3,0,0.2,0.2,0.1,0.3,11,40,4,0.00,0.00,0.00,0.00,0.00,0.03,0.01,0.04,0.03,0.04,ar ARG,MF,Tigre,Copa de la Liga,36,1986,7.8,0,4,2,50.0,0.51,0.26,0.00,0.00,18.3,0,0,0,0.2,0.2,0.06,-0.2,-0.2,ar ARG,MF,Tigre,Copa de la Liga,36,1986,7.8,361,418,86.4,7063,1885,140,160,87.5,164,182,90.1,51,62,82.3,0,0.1,0.1,-0.1,2,37,0,0,40,ar ARG,MF,Tigre,Copa de la Liga,36,1986,7.8,418,390,28,27,0,7,1,1,0,0,0,0,361,0,3,ar ARG,MF,Tigre,Copa de la Liga,36,1986,7.8,11,1.41,6,0,1,2,1,1,0,0.00,0,0,0,0,0,0,ar ARG,MF,Tigre,Copa de la Liga,36,1986,7.8,14,11,5,8,1,5,8,62.5,3,4,0,4,7,21,22,1,ar ARG,MF,Tigre,Copa de la Liga,36,1986,7.8,508,24,124,359,35,7,508,14,9,64.3,3,21.4,252,1372,741,11,4,1,13,4,272,4,ar ARG,MF,Tigre,Copa de la Liga,36,1986,11,700,64,55.6,7.8,9,72,2,2,25,3,0.91,4,7,-3,-0.39,-0.06,8.5,5.2,+3.3,+0.43,+0.55,ar ARG,MF,Tigre,Copa de la Liga,36,1986,7.8,3,0,0,8,14,1,1,7,11,0,0,0,69,29,13,69.0
Gianluca Prestianni,ar ARG,"FW,MF",Vélez Sarsfield,Copa de la Liga,17,2006,8,2,250,2.8,0,0,0,0,0,0,3,0,0.2,0.2,0.1,0.3,9,11,32,0.00,0.00,0.00,0.00,0.00,0.06,0.04,0.10,0.06,0.10,ar ARG,"FW,MF",Vélez Sarsfield,Copa de la Liga,17,2006,2.8,0,4,2,50.0,1.44,0.72,0.00,0.00,25.2,0,0,0,0.2,0.2,0.04,-0.2,-0.2,ar ARG,"FW,MF",Vélez Sarsfield,Copa de la Liga,17,2006,2.8,42,75,56.0,708,313,21,29,72.4,15,25,60.0,5,13,38.5,0,0.1,0.4,-0.1,1,7,4,2,11,ar ARG,"FW,MF",Vélez Sarsfield,Copa de la Liga,17,2006,2.8,75,74,0,0,2,1,9,0,0,0,0,0,42,1,1,ar ARG,"FW,MF",Vélez Sarsfield,Copa de la Liga,17,2006,2.8,6,2.16,5,0,0,0,1,0,0,0.00,0,0,0,0,0,0,ar ARG,"FW,MF",Vélez Sarsfield,Copa de la Liga,17,2006,2.8,2,1,2,0,0,0,2,0.0,2,5,1,4,0,2,4,0,ar ARG,"FW,MF",Vélez Sarsfield,Copa de la Liga,17,2006,2.8,132,3,19,55,61,3,132,26,4,15.4,21,80.8,86,584,279,9,8,1,11,10,88,32,ar ARG,"FW,MF",Vélez Sarsfield,Copa de la Liga,17,2006,8,250,31,19.8,2.8,2,76,0,6,16,4,1.25,2,3,-1,-0.36,-0.72,2.3,2.0,+0.3,+0.10,+0.28,ar ARG,"FW,MF",Vélez Sarsfield,Copa de la Liga,17,2006,2.8,3,0,0,5,7,0,9,0,1,0,0,0,14,4,5,44.4
Sebastián Prieto,ar ARG,DF,Tigre,Copa de la Liga,29,1993,14,14,"1,173",13.0,0,0,0,0,0,0,4,0,0.3,0.3,0.9,1.3,19,47,53,0.00,0.00,0.00,0.00,0.00,0.03,0.07,0.10,0.03,0.10,ar ARG,DF,Tigre,Copa de la Liga,29,1993,13.0,0,11,2,18.2,0.84,0.15,0.00,0.00,25.2,0,0,0,0.3,0.3,0.03,-0.3,-0.3,ar ARG,DF,Tigre,Copa de la Liga,29,1993,13.0,507,707,71.7,8437,3782,266,298,89.3,187,258,72.5,44,113,38.9,0,0.9,0.9,-0.9,9,44,10,5,47,ar ARG,DF,Tigre,Copa de la Liga,29,1993,13.0,707,553,152,4,0,7,33,148,0,0,0,0,507,2,19,ar ARG,DF,Tigre,Copa de la Liga,29,1993,13.0,29,2.23,23,3,1,2,0,0,0,0.00,0,0,0,0,0,0,ar ARG,DF,Tigre,Copa de la Liga,29,1993,13.0,27,15,16,7,4,16,27,59.3,11,21,2,19,9,36,21,0,ar ARG,DF,Tigre,Copa de la Liga,29,1993,13.0,847,25,222,393,240,8,847,23,7,30.4,13,56.5,399,1689,959,19,21,1,20,7,447,53,ar ARG,DF,Tigre,Copa de la Liga,29,1993,14,"1,173",84,93.1,13.0,14,84,11,0,0,0,0.93,7,12,-5,-0.38,-0.38,12.1,9.8,+2.2,+0.17,-0.11,ar ARG,DF,Tigre,Copa de la Liga,29,1993,13.0,4,0,0,10,13,3,33,9,15,0,0,0,79,13,12,52.0
Damián Puebla,ar ARG,MF,Instituto,Copa de la Liga,20,2002,1,1,62,0.7,0,0,0,0,0,0,1,0,0.0,0.0,0.0,0.0,2,0,2,0.00,0.00,0.00,0.00,0.00,0.03,0.04,0.07,0.03,0.07,ar ARG,MF,Instituto,Copa de la Liga,20,2002,0.7,0,1,1,100.0,1.45,1.45,0.00,0.00,27.8,0,0,0,0.0,0.0,0.02,0.0,0.0,ar ARG,MF,Instituto,Copa de la Liga,20,2002,0.7,7,13,53.8,77,6,6,7,85.7,1,3,33.3,0,3,0.0,0,0.0,0.0,0.0,1,0,0,0,0,ar ARG,MF,Instituto,Copa de la Liga,20,2002,0.7,13,13,0,0,0,0,0,0,0,0,0,0,7,0,0,ar ARG,MF,Instituto,Copa de la Liga,20,2002,0.7,2,2.90,1,0,0,0,0,1,0,0.00,0,0,0,0,0,0,ar ARG,MF,Instituto,Copa de la Liga,20,2002,0.7,1,0,0,0,1,1,1,100.0,0,1,0,1,1,2,1,0,ar ARG,MF,Instituto,Copa de la Liga,20,2002,0.7,24,0,3,11,11,1,24,2,1,50.0,1,50.0,16,79,36,2,2,0,5,1,15,2,ar ARG,MF,Instituto,Copa de la Liga,20,2002,1,62,62,4.9,0.7,1,62,0,0,0,3,1.00,0,0,0,0.00,-0.30,0.5,1.5,-0.9,-1.34,-1.49,ar ARG,MF,Instituto,Copa de la Liga,20,2002,0.7,1,0,0,1,0,0,0,1,0,0,0,0,3,0,2,0.0
Maximiliano Puig,ar ARG,"MF,DF",Barracas Central,Copa de la Liga,22,2000,9,1,206,2.3,0,0,0,0,0,0,0,0,0.2,0.2,0.1,0.3,2,5,11,0.00,0.00,0.00,0.00,0.00,0.08,0.03,0.11,0.08,0.11,ar ARG,"MF,DF",Barracas Central,Copa de la Liga,22,2000,2.3,0,2,0,0.0,0.87,0.00,0.00,0,10.9,0,0,0,0.2,0.2,0.09,-0.2,-0.2,ar ARG,"MF,DF",Barracas Central,Copa de la Liga,22,2000,2.3,47,69,68.1,643,289,30,36,83.3,11,20,55.0,3,7,42.9,0,0.1,0.1,-0.1,3,4,3,1,5,ar ARG,"MF,DF",Barracas Central,Copa de la Liga,22,2000,2.3,69,62,7,0,0,0,2,7,0,0,0,0,47,0,1,ar ARG,"MF,DF",Barracas Central,Copa de la Liga,22,2000,2.3,8,3.50,6,0,0,0,2,0,0,0.00,0,0,0,0,0,0,ar ARG,"MF,DF",Barracas Central,Copa de la Liga,22,2000,2.3,7,2,1,6,0,1,3,33.3,2,3,0,3,1,8,3,0,ar ARG,"MF,DF",Barracas Central,Copa de la Liga,22,2000,2.3,102,8,16,58,31,6,102,7,3,42.9,2,28.6,47,276,115,2,4,1,7,7,54,11,ar ARG,"MF,DF",Barracas Central,Copa de la Liga,22,2000,9,206,23,16.3,2.3,1,45,0,8,20,5,1.22,0,6,-6,-2.62,-2.19,2.8,6.6,-3.8,-1.67,-1.78,ar ARG,"MF,DF",Barracas Central,Copa de la Liga,22,2000,2.3,0,0,0,4,5,0,2,1,2,0,0,0,13,3,2,60.0
Ignacio Pussetto,ar ARG,"FW,MF",Huracán,Copa de la Liga,27,1995,11,6,611,6.8,3,0,3,2,1,1,2,1,2.4,1.6,0.4,2.0,15,16,38,0.44,0.00,0.44,0.29,0.29,0.34,0.06,0.40,0.23,0.29,ar ARG,"FW,MF",Huracán,Copa de la Liga,27,1995,6.8,3,17,3,17.6,2.50,0.44,0.12,0.67,17.6,0,1,1,2.4,1.6,0.09,+0.6,+0.4,ar ARG,"FW,MF",Huracán,Copa de la Liga,27,1995,6.8,101,150,67.3,1616,410,55,73,75.3,32,43,74.4,9,14,64.3,0,0.4,0.4,-0.4,6,8,7,1,16,ar ARG,"FW,MF",Huracán,Copa de la Liga,27,1995,6.8,150,145,4,1,0,1,5,2,0,0,0,0,101,1,8,ar ARG,"FW,MF",Huracán,Copa de la Liga,27,1995,6.8,18,2.58,11,0,3,2,2,0,1,0.14,1,0,0,0,0,0,ar ARG,"FW,MF",Huracán,Copa de la Liga,27,1995,6.8,11,8,6,4,1,6,12,50.0,6,7,0,7,0,11,2,0,ar ARG,"FW,MF",Huracán,Copa de la Liga,27,1995,6.8,263,3,22,125,120,32,262,38,10,26.3,24,63.2,151,814,305,15,10,6,24,10,182,38,ar ARG,"FW,MF",Huracán,Copa de la Liga,27,1995,11,611,56,48.5,6.8,6,70,0,5,38,0,2.00,9,1,+8,+1.18,+1.18,6.0,6.3,-0.3,-0.05,0.00,ar ARG,"FW,MF",Huracán,Copa de la Liga,27,1995,6.8,2,1,0,10,18,1,5,0,8,0,0,0,26,25,20,55.6
Dannovi Quiñonez,co COL,MF,Rosario Central,Copa de la Liga,22,2001,5,0,49,0.5,0,0,0,0,0,0,0,0,0.1,0.1,0.0,0.1,0,0,0,0.00,0.00,0.00,0.00,0.00,0.13,0.00,0.13,0.13,0.13,co COL,MF,Rosario Central,Copa de la Liga,22,2001,0.5,0,1,0,0.0,1.84,0.00,0.00,0,9.0,0,0,0,0.1,0.1,0.07,-0.1,-0.1,co COL,MF,Rosario Central,Copa de la Liga,22,2001,0.5,14,23,60.9,194,79,9,11,81.8,4,6,66.7,1,3,33.3,0,0.0,0.0,0.0,0,0,0,0,0,co COL,MF,Rosario Central,Copa de la Liga,22,2001,0.5,23,23,0,0,0,0,0,0,0,0,0,0,14,0,2,co COL,MF,Rosario Central,Copa de la Liga,22,2001,0.5,0,0.00,0,0,0,0,0,0,0,0.00,0,0,0,0,0,0,co COL,MF,Rosario Central,Copa de la Liga,22,2001,0.5,3,1,2,1,0,0,1,0.0,1,0,0,0,1,4,3,0,co COL,MF,Rosario Central,Copa de la Liga,22,2001,0.5,36,3,18,16,2,1,36,1,0,0.0,1,100.0,14,70,6,0,0,0,2,1,13,0,co COL,MF,Rosario Central,Copa de la Liga,22,2001,5,49,10,3.9,0.5,0,0,0,5,10,6,1.71,0,1,-1,-1.84,-2.21,0.4,1.2,-0.8,-1.45,-1.17,co COL,MF,Rosario Central,Copa de la Liga,22,2001,0.5,0,0,0,3,0,0,0,1,1,0,0,0,7,4,2,66.7
Carlos Quintana,ar ARG,DF,Rosario Central,Copa de la Liga,34,1988,12,12,947,10.5,0,1,1,0,0,1,2,0,1.2,0.5,0.2,0.6,1,22,2,0.00,0.10,0.10,0.00,0.10,0.12,0.02,0.14,0.04,0.06,ar ARG,DF,Rosario Central,Copa de la Liga,34,1988,10.5,0,8,2,25.0,0.76,0.19,0.00,0.00,15.1,0,0,1,1.2,0.5,0.06,-1.2,-0.5,ar ARG,DF,Rosario Central,Copa de la Liga,34,1988,10.5,269,361,74.5,5360,2507,78,96,81.3,160,198,80.8,29,55,52.7,1,0.2,0.0,+0.8,2,14,1,0,22,ar ARG,DF,Rosario Central,Copa de la Liga,34,1988,10.5,361,346,14,14,0,0,0,0,0,0,0,0,269,1,4,ar ARG,DF,Rosario Central,Copa de la Liga,34,1988,10.5,4,0.38,2,0,0,1,0,1,1,0.09,0,0,0,1,0,0,ar ARG,DF,Rosario Central,Copa de la Liga,34,1988,10.5,23,16,18,4,1,15,19,78.9,4,12,7,5,19,42,69,0,ar ARG,DF,Rosario Central,Copa de la Liga,34,1988,10.5,504,82,298,189,24,13,503,3,2,66.7,0,0.0,199,902,505,1,4,1,5,0,214,2,ar ARG,DF,Rosario Central,Copa de la Liga,34,1988,12,947,79,75.2,10.5,12,79,8,0,0,1,1.67,10,9,+1,+0.10,-0.77,10.8,13.3,-2.5,-0.24,+0.34,ar ARG,DF,Rosario Central,Copa de la Liga,34,1988,10.5,2,0,0,11,4,0,0,19,16,0,1,0,54,48,18,72.7
Juan Quintero,co COL,"FW,MF",Racing Club,Copa de la Liga,30,1993,13,11,849,9.4,4,2,6,4,0,0,1,0,1.6,1.6,3.1,4.7,17,105,68,0.42,0.21,0.64,0.42,0.64,0.17,0.33,0.50,0.17,0.50,co COL,"FW,MF",Racing Club,Copa de la Liga,30,1993,9.4,4,23,7,30.4,2.44,0.74,0.17,0.57,24.1,5,0,0,1.6,1.6,0.07,+2.4,+2.4,co COL,"FW,MF",Racing Club,Copa de la Liga,30,1993,9.4,509,642,79.3,9232,3006,243,262,92.7,202,254,79.5,59,106,55.7,2,3.1,3.3,-1.1,29,83,33,1,105,co COL,"FW,MF",Racing Club,Copa de la Liga,30,1993,9.4,642,564,77,27,7,12,62,4,46,23,16,0,509,1,10,co COL,"FW,MF",Racing Club,Copa de la Liga,30,1993,9.4,57,6.05,36,15,3,2,1,0,4,0.42,2,0,2,0,0,0,co COL,"FW,MF",Racing Club,Copa de la Liga,30,1993,9.4,5,2,0,3,2,4,13,30.8,9,2,0,2,1,6,0,0,co COL,"FW,MF",Racing Club,Copa de la Liga,30,1993,9.4,703,0,29,394,292,18,703,19,10,52.6,7,36.8,476,2241,1056,17,35,4,14,13,563,68,co COL,"FW,MF",Racing Club,Copa de la Liga,30,1993,13,849,65,67.4,9.4,11,73,3,2,24,0,1.71,14,9,+5,+0.53,+0.31,13.0,10.9,+2.1,+0.22,+0.45,co COL,"FW,MF",Racing Club,Copa de la Liga,30,1993,9.4,1,0,0,3,7,0,62,1,2,0,0,0,40,0,2,0.0
Sergio Quiroga,ar ARG,MF,Sarmiento,Copa de la Liga,28,1994,13,9,662,7.4,0,0,0,0,0,0,2,0,0.3,0.3,0.2,0.5,6,14,18,0.00,0.00,0.00,0.00,0.00,0.05,0.02,0.07,0.05,0.07,ar ARG,MF,Sarmiento,Copa de la Liga,28,1994,7.4,0,11,2,18.2,1.50,0.27,0.00,0.00,28.5,0,0,0,0.3,0.3,0.03,-0.3,-0.3,ar ARG,MF,Sarmiento,Copa de la Liga,28,1994,7.4,143,226,63.3,2624,651,55,83,66.3,64,85,75.3,18,40,45.0,0,0.2,0.3,-0.2,4,6,2,2,14,ar ARG,MF,Sarmiento,Copa de la Liga,28,1994,7.4,226,218,7,0,0,4,14,0,6,1,5,0,143,1,7,ar ARG,MF,Sarmiento,Copa de la Liga,28,1994,7.4,19,2.59,10,1,2,2,4,0,0,0.00,0,0,0,0,0,0,ar ARG,MF,Sarmiento,Copa de la Liga,28,1994,7.4,18,9,6,9,3,9,13,69.2,4,6,0,6,3,21,6,0,ar ARG,MF,Sarmiento,Copa de la Liga,28,1994,7.4,302,9,56,168,81,4,302,16,9,56.3,4,25.0,159,726,347,6,6,1,12,12,172,18,ar ARG,MF,Sarmiento,Copa de la Liga,28,1994,13,662,51,52.5,7.4,9,66,1,4,16,1,1.00,3,4,-1,-0.14,-0.29,4.1,7.2,-3.1,-0.42,+0.09,ar ARG,MF,Sarmiento,Copa de la Liga,28,1994,7.4,2,0,0,6,19,0,14,3,9,0,0,0,46,4,11,26.7
Aaron Quirós,ar ARG,DF,Banfield,Copa de la Liga,21,2001,14,14,"1,260",14.0,0,0,0,0,0,0,0,0,0.2,0.2,0.3,0.5,1,14,1,0.00,0.00,0.00,0.00,0.00,0.01,0.02,0.03,0.01,0.03,ar ARG,DF,Banfield,Copa de la Liga,21,2001,14.0,0,4,2,50.0,0.29,0.14,0.00,0.00,17.9,1,0,0,0.2,0.2,0.04,-0.2,-0.2,ar ARG,DF,Banfield,Copa de la Liga,21,2001,14.0,254,424,59.9,6160,2730,44,56,78.6,149,181,82.3,59,178,33.1,0,0.3,0.2,-0.3,6,15,0,0,14,ar ARG,DF,Banfield,Copa de la Liga,21,2001,14.0,424,312,112,21,0,11,2,91,0,0,0,0,254,0,9,ar ARG,DF,Banfield,Copa de la Liga,21,2001,14.0,13,0.93,5,6,0,0,1,1,0,0.00,0,0,0,0,0,0,ar ARG,DF,Banfield,Copa de la Liga,21,2001,14.0,17,13,15,2,0,11,18,61.1,7,15,13,2,13,30,48,0,ar ARG,DF,Banfield,Copa de la Liga,21,2001,14.0,541,103,351,130,65,6,541,2,2,100.0,0,0.0,206,1047,563,1,2,0,7,1,215,1,ar ARG,DF,Banfield,Copa de la Liga,21,2001,14,"1,260",90,100.0,14.0,14,90,14,0,0,0,1.60,11,6,+5,+0.36,0,11.1,12.3,-1.2,-0.09,0,ar ARG,DF,Banfield,Copa de la Liga,21,2001,14.0,0,0,0,5,9,0,2,13,13,0,0,0,58,17,11,60.7
Santiago Quiros,ar ARG,DF,Racing Club,Copa de la Liga,19,2003,2,2,180,2.0,0,0,0,0,0,0,1,0,0.0,0.0,0.0,0.0,3,7,0,0.00,0.00,0.00,0.00,0.00,0.01,0.02,0.02,0.01,0.02,ar ARG,DF,Racing Club,Copa de la Liga,19,2003,2.0,0,1,0,0.0,0.50,0.00,0.00,0,11.5,0,0,0,0.0,0.0,0.01,0.0,0.0,ar ARG,DF,Racing Club,Copa de la Liga,19,2003,2.0,73,97,75.3,1382,750,27,31,87.1,36,43,83.7,8,20,40.0,0,0.0,0.0,0.0,1,7,0,0,7,ar ARG,DF,Racing Club,Copa de la Liga,19,2003,2.0,97,92,5,3,0,0,0,2,0,0,0,0,73,0,0,ar ARG,DF,Racing Club,Copa de la Liga,19,2003,2.0,2,1.00,2,0,0,0,0,0,0,0.00,0,0,0,0,0,0,ar ARG,DF,Racing Club,Copa de la Liga,19,2003,2.0,5,3,3,2,0,3,4,75.0,1,2,1,1,2,7,15,0,ar ARG,DF,Racing Club,Copa de la Liga,19,2003,2.0,125,18,62,62,1,1,125,1,0,0.0,1,100.0,70,283,182,3,0,0,1,0,78,0,ar ARG,DF,Racing Club,Copa de la Liga,19,2003,2,180,90,14.3,2.0,2,90,2,0,0,2,2.00,3,2,+1,+0.50,+0.08,2.0,2.6,-0.5,-0.26,-0.39,ar ARG,DF,Racing Club,Copa de la Liga,19,2003,2.0,1,0,0,1,1,0,0,2,3,0,0,0,13,1,2,33.3
Maico Quiroz,ar ARG,MF,Sarmiento,Copa de la Liga,21,2001,14,11,960,10.7,0,0,0,0,0,0,4,0,0.7,0.7,0.3,1.0,9,36,24,0.00,0.00,0.00,0.00,0.00,0.06,0.03,0.09,0.06,0.09,ar ARG,MF,Sarmiento,Copa de la Liga,21,2001,10.7,0,7,2,28.6,0.66,0.19,0.00,0.00,21.9,0,0,0,0.7,0.7,0.09,-0.7,-0.7,ar ARG,MF,Sarmiento,Copa de la Liga,21,2001,10.7,262,371,70.6,4071,1033,139,172,80.8,95,120,79.2,18,46,39.1,0,0.3,0.3,-0.3,9,25,8,0,36,ar ARG,MF,Sarmiento,Copa de la Liga,21,2001,10.7,371,350,18,7,1,3,9,2,5,0,4,1,262,3,14,ar ARG,MF,Sarmiento,Copa de la Liga,21,2001,10.7,17,1.60,14,1,0,0,2,0,0,0.00,0,0,0,0,0,0,ar ARG,MF,Sarmiento,Copa de la Liga,21,2001,10.7,20,13,9,9,2,11,30,36.7,19,18,4,14,8,28,14,0,ar ARG,MF,Sarmiento,Copa de la Liga,21,2001,10.7,511,28,107,299,110,11,511,26,15,57.7,11,42.3,278,1242,552,9,7,1,27,23,299,24,ar ARG,MF,Sarmiento,Copa de la Liga,21,2001,14,960,69,76.2,10.7,11,78,3,3,35,0,1.14,5,6,-1,-0.09,-0.39,6.8,10.9,-4.1,-0.38,+0.32,ar ARG,MF,Sarmiento,Copa de la Liga,21,2001,10.7,4,0,0,14,12,0,9,8,13,0,0,0,80,19,29,39.6
Eric Ramírez,ar ARG,"FW,MF",Gimnasia–LP,Copa de la Liga,26,1996,14,14,"1,120",12.4,2,1,3,2,0,0,5,0,2.3,2.3,1.5,3.8,18,20,75,0.16,0.08,0.24,0.16,0.24,0.19,0.12,0.30,0.19,0.30,ar ARG,"FW,MF",Gimnasia–LP,Copa de la Liga,26,1996,12.4,2,37,10,27.0,2.97,0.80,0.05,0.20,17.4,1,0,0,2.3,2.3,0.06,-0.3,-0.3,ar ARG,"FW,MF",Gimnasia–LP,Copa de la Liga,26,1996,12.4,153,283,54.1,2506,894,84,119,70.6,41,83,49.4,20,43,46.5,1,1.5,1.8,-0.5,17,10,6,3,20,ar ARG,"FW,MF",Gimnasia–LP,Copa de la Liga,26,1996,12.4,283,241,39,11,0,1,53,4,16,6,6,0,153,3,15,ar ARG,"FW,MF",Gimnasia–LP,Copa de la Liga,26,1996,12.4,40,3.22,17,9,2,5,6,1,2,0.16,0,0,0,1,1,0,ar ARG,"FW,MF",Gimnasia–LP,Copa de la Liga,26,1996,12.4,19,11,2,11,6,6,20,30.0,14,24,0,24,6,25,11,0,ar ARG,"FW,MF",Gimnasia–LP,Copa de la Liga,26,1996,12.4,470,4,31,159,282,55,470,31,9,29.0,22,71.0,254,1004,422,18,9,8,32,12,290,75,ar ARG,"FW,MF",Gimnasia–LP,Copa de la Liga,26,1996,14,"1,120",80,88.9,12.4,14,80,3,0,0,0,1.07,13,16,-3,-0.24,+2.97,12.1,13.9,-1.9,-0.15,+0.80,ar ARG,"FW,MF",Gimnasia–LP,Copa de la Liga,26,1996,12.4,5,0,0,16,25,10,53,6,11,0,0,0,36,27,40,40.3
Gastón Ramírez,uy URU,"MF,FW",San Lorenzo,Copa de la Liga,32,1990,8,1,220,2.4,0,1,1,0,0,0,0,0,0.0,0.0,0.2,0.2,3,6,6,0.00,0.41,0.41,0.00,0.41,0.00,0.09,0.09,0.00,0.09,uy URU,"MF,FW",San Lorenzo,Copa de la Liga,32,1990,2.4,0,0,0,0,0.00,0.00,0,0,0,0,0,0,0.0,0.0,0,0.0,0.0,uy URU,"MF,FW",San Lorenzo,Copa de la Liga,32,1990,2.4,79,124,63.7,1497,411,33,41,80.5,34,47,72.3,9,30,30.0,1,0.2,0.2,+0.8,3,10,0,0,6,uy URU,"MF,FW",San Lorenzo,Copa de la Liga,32,1990,2.4,124,95,27,13,0,2,25,0,14,6,7,0,79,2,0,uy URU,"MF,FW",San Lorenzo,Copa de la Liga,32,1990,2.4,7,2.86,1,4,0,0,2,0,2,0.82,0,1,0,0,1,0,uy URU,"MF,FW",San Lorenzo,Copa de la Liga,32,1990,2.4,7,5,1,6,0,3,4,75.0,1,1,0,1,1,8,2,0,uy URU,"MF,FW",San Lorenzo,Copa de la Liga,32,1990,2.4,157,3,24,81,52,4,157,9,4,44.4,3,33.3,73,416,174,3,0,0,7,2,81,6,uy URU,"MF,FW",San Lorenzo,Copa de la Liga,32,1990,8,220,28,17.5,2.4,1,61,0,7,23,2,0.75,2,3,-1,-0.41,-0.50,2.0,2.9,-1.0,-0.40,-0.32,uy URU,"MF,FW",San Lorenzo,Copa de la Liga,32,1990,2.4,0,0,0,4,5,0,25,1,5,1,0,0,18,6,1,85.7
Juan Ramírez,ar ARG,MF,Boca Juniors,Copa de la Liga,29,1993,4,2,157,1.7,0,0,0,0,0,0,0,0,0.0,0.0,0.1,0.1,9,11,6,0.00,0.00,0.00,0.00,0.00,0.01,0.06,0.07,0.01,0.07,ar ARG,MF,Boca Juniors,Copa de la Liga,29,1993,1.7,0,1,1,100.0,0.57,0.57,0.00,0.00,28.9,0,0,0,0.0,0.0,0.02,0.0,0.0,ar ARG,MF,Boca Juniors,Copa de la Liga,29,1993,1.7,77,97,79.4,1118,255,48,55,87.3,23,28,82.1,4,8,50.0,0,0.1,0.1,-0.1,3,11,2,0,11,ar ARG,MF,Boca Juniors,Copa de la Liga,29,1993,1.7,97,88,8,3,0,0,9,0,5,2,3,0,77,1,0,ar ARG,MF,Boca Juniors,Copa de la Liga,29,1993,1.7,7,4.01,3,3,1,0,0,0,1,0.57,1,0,0,0,0,0,ar ARG,MF,Boca Juniors,Copa de la Liga,29,1993,1.7,1,1,0,1,0,1,4,25.0,3,1,0,1,0,1,0,0,ar ARG,MF,Boca Juniors,Copa de la Liga,29,1993,1.7,107,1,14,65,30,3,107,7,5,71.4,1,14.3,52,334,202,9,4,1,2,5,80,6,ar ARG,MF,Boca Juniors,Copa de la Liga,29,1993,4,157,39,12.5,1.7,2,57,0,2,22,7,1.00,1,2,-1,-0.57,-0.74,0.8,1.7,-0.9,-0.54,-0.93,ar ARG,MF,Boca Juniors,Copa de la Liga,29,1993,1.7,0,0,0,1,3,0,9,0,1,0,0,0,10,2,1,66.7
Matías Ramírez,ar ARG,"MF,FW",Banfield,Copa de la Liga,23,1999,3,0,36,0.4,0,0,0,0,0,0,0,0,0.0,0.0,0.0,0.0,1,1,4,0.00,0.00,0.00,0.00,0.00,0.10,0.00,0.10,0.10,0.10,ar ARG,"MF,FW",Banfield,Copa de la Liga,23,1999,0.4,0,1,1,100.0,2.50,2.50,0.00,0.00,34.2,1,0,0,0.0,0.0,0.04,0.0,0.0,ar ARG,"MF,FW",Banfield,Copa de la Liga,23,1999,0.4,4,9,44.4,41,16,3,3,100.0,1,2,50.0,0,1,0.0,0,0.0,0.0,0.0,0,0,0,0,1,ar ARG,"MF,FW",Banfield,Copa de la Liga,23,1999,0.4,9,9,0,0,0,0,1,0,0,0,0,0,4,0,2,ar ARG,"MF,FW",Banfield,Copa de la Liga,23,1999,0.4,0,0.00,0,0,0,0,0,0,0,0.00,0,0,0,0,0,0,ar ARG,"MF,FW",Banfield,Copa de la Liga,23,1999,0.4,2,1,1,1,0,1,3,33.3,2,3,0,3,0,2,0,0,ar ARG,"MF,FW",Banfield,Copa de la Liga,23,1999,0.4,21,1,3,11,7,2,21,1,1,100.0,0,0.0,11,106,26,1,1,0,3,1,12,4,ar ARG,"MF,FW",Banfield,Copa de la Liga,23,1999,3,36,12,2.9,0.4,0,0,0,3,12,5,0.33,0,1,-1,-2.50,-2.94,0.1,0.9,-0.8,-1.99,-1.96,ar ARG,"MF,FW",Banfield,Copa de la Liga,23,1999,0.4,0,0,0,1,1,0,1,0,1,0,0,0,1,1,0,100.0
Santi Ramos Mingo,ar ARG,DF,Defensa y Just,Copa de la Liga,21,2001,11,9,827,9.2,0,0,0,0,0,0,2,0,0.2,0.2,0.0,0.2,5,19,0,0.00,0.00,0.00,0.00,0.00,0.02,0.00,0.02,0.02,0.02,ar ARG,DF,Defensa y Just,Copa de la Liga,21,2001,9.2,0,2,0,0.0,0.22,0.00,0.00,0,9.6,0,0,0,0.2,0.2,0.10,-0.2,-0.2,ar ARG,DF,Defensa y Just,Copa de la Liga,21,2001,9.2,282,370,76.2,6048,2472,74,92,80.4,154,183,84.2,49,81,60.5,0,0.0,0.0,0.0,0,14,1,0,19,ar ARG,DF,Defensa y Just,Copa de la Liga,21,2001,9.2,370,358,11,11,0,8,0,0,0,0,0,0,282,1,3,ar ARG,DF,Defensa y Just,Copa de la Liga,21,2001,9.2,1,0.11,1,0,0,0,0,0,0,0.00,0,0,0,0,0,0,ar ARG,DF,Defensa y Just,Copa de la Liga,21,2001,9.2,8,6,4,4,0,4,9,44.4,5,21,15,6,12,20,55,0,ar ARG,DF,Defensa y Just,Copa de la Liga,21,2001,9.2,482,76,310,166,7,4,482,0,0,0,0,0,243,1220,739,5,1,0,7,0,266,0,ar ARG,DF,Defensa y Just,Copa de la Liga,21,2001,11,827,75,65.6,9.2,9,87,8,2,21,2,1.27,8,7,+1,+0.11,+1.15,9.3,12.6,-3.4,-0.37,+0.70,ar ARG,DF,Defensa y Just,Copa de la Liga,21,2001,9.2,2,0,0,8,1,3,0,12,6,0,0,0,35,13,15,46.4
Michael Rangel,co COL,FW,Cen. Córdoba–SdE,Copa de la Liga,31,1991,7,1,155,1.7,0,0,0,0,0,0,1,0,0.4,0.4,0.0,0.4,0,4,12,0.00,0.00,0.00,0.00,0.00,0.21,0.00,0.21,0.21,0.21,co COL,FW,Cen. Córdoba–SdE,Copa de la Liga,31,1991,1.7,0,5,1,20.0,2.90,0.58,0.00,0.00,14.8,0,0,0,0.4,0.4,0.07,-0.4,-0.4,co COL,FW,Cen. Córdoba–SdE,Copa de la Liga,31,1991,1.7,26,45,57.8,341,70,15,25,60.0,5,10,50.0,2,3,66.7,0,0.0,0.0,0.0,0,2,0,0,4,co COL,FW,Cen. Córdoba–SdE,Copa de la Liga,31,1991,1.7,45,45,0,0,0,2,0,0,0,0,0,0,26,0,1,co COL,FW,Cen. Córdoba–SdE,Copa de la Liga,31,1991,1.7,1,0.58,0,0,0,0,1,0,0,0.00,0,0,0,0,0,0,co COL,FW,Cen. Córdoba–SdE,Copa de la Liga,31,1991,1.7,1,0,0,0,1,0,0,0,0,0,0,0,0,1,0,0,co COL,FW,Cen. Córdoba–SdE,Copa de la Liga,31,1991,1.7,59,0,2,30,28,6,59,0,0,0,0,0,29,91,30,0,0,0,3,2,48,12,co COL,FW,Cen. Córdoba–SdE,Copa de la Liga,31,1991,7,155,22,12.3,1.7,1,45,0,6,18,1,1.57,3,0,+3,+1.74,+2.23,2.1,1.8,+0.4,+0.21,+0.17,co COL,FW,Cen. Córdoba–SdE,Copa de la Liga,31,1991,1.7,1,0,0,1,1,1,0,0,0,0,0,0,7,12,10,54.5
Federico Rasmussen,ar ARG,DF,Godoy Cruz,Copa de la Liga,30,1992,14,14,"1,260",14.0,0,0,0,0,0,0,5,0,0.5,0.5,0.0,0.5,5,26,1,0.00,0.00,0.00,0.00,0.00,0.03,0.00,0.04,0.03,0.04,ar ARG,DF,Godoy Cruz,Copa de la Liga,30,1992,14.0,0,4,1,25.0,0.29,0.07,0.00,0.00,8.8,0,0,0,0.5,0.5,0.12,-0.5,-0.5,ar ARG,DF,Godoy Cruz,Copa de la Liga,30,1992,14.0,380,486,78.2,8371,3608,121,138,87.7,183,223,82.1,73,113,64.6,0,0.0,0.1,0.0,1,19,0,0,26,ar ARG,DF,Godoy Cruz,Copa de la Liga,30,1992,14.0,486,469,16,13,0,9,0,2,0,0,0,0,380,1,4,ar ARG,DF,Godoy Cruz,Copa de la Liga,30,1992,14.0,6,0.43,3,0,0,1,1,1,1,0.07,0,0,0,1,0,0,ar ARG,DF,Godoy Cruz,Copa de la Liga,30,1992,14.0,34,19,17,17,0,11,16,68.8,5,26,7,19,17,51,64,0,ar ARG,DF,Godoy Cruz,Copa de la Liga,30,1992,14.0,664,100,391,265,14,7,664,8,4,50.0,4,50.0,231,1160,690,5,4,1,5,3,274,1,ar ARG,DF,Godoy Cruz,Copa de la Liga,30,1992,14,"1,260",90,100.0,14.0,14,90,14,0,0,0,1.53,14,9,+5,+0.36,0,16.4,12.3,+4.1,+0.29,0,ar ARG,DF,Godoy Cruz,Copa de la Liga,30,1992,14.0,5,0,0,8,9,0,0,17,19,0,0,0,90,37,17,68.5
Djorkaeff Reasco,ec ECU,"FW,MF",Instituto,Copa de la Liga,24,1999,3,0,67,0.7,0,0,0,0,0,0,0,0,0.0,0.0,0.1,0.1,1,1,5,0.00,0.00,0.00,0.00,0.00,0.00,0.14,0.14,0.00,0.14,ec ECU,"FW,MF",Instituto,Copa de la Liga,24,1999,0.7,0,0,0,0,0.00,0.00,0,0,0,0,0,0,0.0,0.0,0,0.0,0.0,ec ECU,"FW,MF",Instituto,Copa de la Liga,24,1999,0.7,10,18,55.6,112,27,9,15,60.0,1,1,100.0,0,0,0,0,0.1,0.2,-0.1,1,0,0,0,1,ec ECU,"FW,MF",Instituto,Copa de la Liga,24,1999,0.7,18,16,1,0,0,0,2,0,0,0,0,0,10,1,1,ec ECU,"FW,MF",Instituto,Copa de la Liga,24,1999,0.7,3,4.03,3,0,0,0,0,0,0,0.00,0,0,0,0,0,0,ec ECU,"FW,MF",Instituto,Copa de la Liga,24,1999,0.7,0,0,0,0,0,0,0,0,0,0,0,0,0,0,0,0,ec ECU,"FW,MF",Instituto,Copa de la Liga,24,1999,0.7,24,0,0,11,13,4,24,1,0,0.0,1,100.0,11,39,14,1,0,0,3,1,17,5,ec ECU,FW,Newell's OB,Copa de la Liga,24,1999,0,0,0,0,0,0,0,0,0,0,1,0,0,0,0,0,0,0,0,0,0,0,ec ECU,"FW,MF",Instituto,Copa de la Liga,24,1999,0.7,0,0,0,0,0,0,2,0,0,0,0,0,0,5,1,83.3
Alejandro Rébola,ar ARG,DF,Belgrano,Copa de la Liga,34,1988,14,14,"1,260",14.0,1,0,1,1,0,0,3,0,0.3,0.3,0.1,0.4,3,21,1,0.07,0.00,0.07,0.07,0.07,0.02,0.01,0.03,0.02,0.03,ar ARG,DF,Belgrano,Copa de la Liga,34,1988,14.0,1,6,2,33.3,0.43,0.14,0.17,0.50,12.2,0,0,0,0.3,0.3,0.04,+0.7,+0.7,ar ARG,DF,Belgrano,Copa de la Liga,34,1988,14.0,472,579,81.5,10404,4057,130,143,90.9,244,266,91.7,94,156,60.3,0,0.1,0.3,-0.1,2,18,4,0,21,ar ARG,DF,Belgrano,Copa de la Liga,34,1988,14.0,579,541,38,26,0,5,0,3,0,0,0,0,472,0,6,ar ARG,DF,Belgrano,Copa de la Liga,34,1988,14.0,9,0.64,7,0,0,1,0,1,1,0.07,0,0,0,1,0,0,ar ARG,DF,Belgrano,Copa de la Liga,34,1988,14.0,11,7,8,2,1,6,11,54.5,5,9,4,5,20,31,66,2,ar ARG,DF,Belgrano,Copa de la Liga,34,1988,14.0,710,83,431,272,10,6,710,2,2,100.0,0,0.0,333,1657,947,3,0,0,9,2,410,1,ar ARG,DF,Belgrano,Copa de la Liga,34,1988,14,"1,260",90,100.0,14.0,14,90,14,0,0,0,1.40,20,18,+2,+0.14,0,13.9,17.5,-3.6,-0.26,0,ar ARG,DF,Belgrano,Copa de la Liga,34,1988,14.0,3,0,0,14,5,2,0,20,7,0,1,0,67,18,27,40.0
Federico Redondo,ar ARG,MF,Arg Juniors,Copa de la Liga,20,2003,14,14,"1,151",12.8,1,1,2,1,0,0,4,0,0.7,0.7,0.0,0.7,20,86,20,0.08,0.08,0.16,0.08,0.16,0.05,0.00,0.05,0.05,0.05,ar ARG,MF,Arg Juniors,Copa de la Liga,20,2003,12.8,1,8,3,37.5,0.63,0.23,0.13,0.33,14.7,0,0,0,0.7,0.7,0.08,+0.3,+0.3,ar ARG,MF,Arg Juniors,Copa de la Liga,20,2003,12.8,687,803,85.6,12312,3169,287,329,87.2,330,354,93.2,63,95,66.3,1,0.0,0.3,+1.0,1,72,4,1,86,ar ARG,MF,Arg Juniors,Copa de la Liga,20,2003,12.8,803,786,16,15,0,4,4,1,0,0,0,0,687,1,9,ar ARG,MF,Arg Juniors,Copa de la Liga,20,2003,12.8,16,1.25,13,1,0,0,1,1,1,0.08,1,0,0,0,0,0,ar ARG,MF,Arg Juniors,Copa de la Liga,20,2003,12.8,29,20,8,18,3,11,23,47.8,12,13,1,12,21,50,11,1,ar ARG,MF,Arg Juniors,Copa de la Liga,20,2003,12.8,928,20,160,667,112,10,928,28,22,78.6,5,17.9,482,2467,1297,20,12,0,17,10,610,20,ar ARG,MF,Arg Juniors,Copa de la Liga,20,2003,14,"1,151",82,91.3,12.8,14,82,9,0,0,0,1.00,18,22,-4,-0.31,-0.31,14.9,18.2,-3.4,-0.26,-0.55,ar ARG,MF,Arg Juniors,Copa de la Liga,20,2003,12.8,4,0,0,22,14,0,4,21,20,0,0,0,119,29,10,74.4
Eric Remedi,ar ARG,MF,Banfield,Copa de la Liga,27,1995,13,13,"1,155",12.8,0,0,0,0,0,0,5,0,0.2,0.2,0.1,0.2,11,36,1,0.00,0.00,0.00,0.00,0.00,0.01,0.01,0.02,0.01,0.02,ar ARG,MF,Banfield,Copa de la Liga,27,1995,12.8,0,7,0,0.0,0.55,0.00,0.00,0,26.4,0,0,0,0.2,0.2,0.02,-0.2,-0.2,ar ARG,MF,Banfield,Copa de la Liga,27,1995,12.8,284,377,75.3,5546,1628,108,129,83.7,138,165,83.6,36,65,55.4,0,0.1,0.1,-0.1,3,21,1,0,36,ar ARG,MF,Banfield,Copa de la Liga,27,1995,12.8,377,353,22,22,1,6,1,0,0,0,0,0,284,2,8,ar ARG,MF,Banfield,Copa de la Liga,27,1995,12.8,16,1.25,8,1,0,1,4,2,0,0.00,0,0,0,0,0,0,ar ARG,MF,Banfield,Copa de la Liga,27,1995,12.8,30,18,12,18,0,13,47,27.7,34,23,5,18,24,54,28,0,ar ARG,MF,Banfield,Copa de la Liga,27,1995,12.8,541,25,188,316,46,1,541,20,13,65.0,7,35.0,242,1230,550,11,7,0,19,21,205,1,ar ARG,MF,Banfield,Copa de la Liga,27,1995,13,"1,155",89,91.7,12.8,13,89,12,0,0,0,1.50,9,5,+4,+0.31,-0.55,8.4,11.4,-3.0,-0.23,-1.74,ar ARG,MF,Banfield,Copa de la Liga,27,1995,12.8,5,0,0,25,37,0,1,24,18,0,0,0,124,13,16,44.8
Nicolás Reniero,ar ARG,FW,Tigre,Copa de la Liga,27,1995,8,6,530,5.9,1,1,2,1,0,0,1,0,1.6,1.6,0.7,2.3,8,9,30,0.17,0.17,0.34,0.17,0.34,0.27,0.12,0.39,0.27,0.39,ar ARG,FW,Tigre,Copa de la Liga,27,1995,5.9,1,12,2,16.7,2.04,0.34,0.08,0.50,18.1,1,0,0,1.6,1.6,0.13,-0.6,-0.6,ar ARG,FW,Tigre,Copa de la Liga,27,1995,5.9,98,153,64.1,1436,353,62,84,73.8,21,30,70.0,8,14,57.1,1,0.7,1.1,+0.3,8,9,3,3,9,ar ARG,FW,Tigre,Copa de la Liga,27,1995,5.9,153,145,7,0,2,3,5,0,0,0,0,0,98,1,3,ar ARG,FW,Tigre,Copa de la Liga,27,1995,5.9,15,2.55,11,0,2,0,2,0,2,0.34,1,0,1,0,0,0,ar ARG,FW,Tigre,Copa de la Liga,27,1995,5.9,3,1,1,1,1,1,1,100.0,0,1,0,1,1,4,6,0,ar ARG,FW,Tigre,Copa de la Liga,27,1995,5.9,221,9,19,104,100,22,221,10,6,60.0,4,40.0,130,492,229,8,4,5,24,6,162,30,ar ARG,FW,Tigre,Copa de la Liga,27,1995,8,530,66,42.1,5.9,6,80,2,2,26,0,1.00,4,3,+1,+0.17,+0.91,4.5,3.7,+0.8,+0.14,-0.07,ar ARG,FW,Tigre,Copa de la Liga,27,1995,5.9,1,0,0,8,10,1,5,1,1,0,0,0,23,9,18,33.3
Nicolás Reniero,ar ARG,FW,Racing Club,Copa de la Liga,27,1995,1,1,61,0.7,0,0,0,0,0,0,0,0,0.1,0.1,0.0,0.1,0,1,6,0.00,0.00,0.00,0.00,0.00,0.21,0.00,0.21,0.21,0.21,ar ARG,FW,Tigre,Copa de la Liga,27,1995,5.9,1,12,2,16.7,2.04,0.34,0.08,0.50,18.1,1,0,0,1.6,1.6,0.13,-0.6,-0.6,ar ARG,FW,Tigre,Copa de la Liga,27,1995,5.9,98,153,64.1,1436,353,62,84,73.8,21,30,70.0,8,14,57.1,1,0.7,1.1,+0.3,8,9,3,3,9,ar ARG,FW,Tigre,Copa de la Liga,27,1995,5.9,153,145,7,0,2,3,5,0,0,0,0,0,98,1,3,ar ARG,FW,Tigre,Copa de la Liga,27,1995,5.9,15,2.55,11,0,2,0,2,0,2,0.34,1,0,1,0,0,0,ar ARG,FW,Tigre,Copa de la Liga,27,1995,5.9,3,1,1,1,1,1,1,100.0,0,1,0,1,1,4,6,0,ar ARG,FW,Tigre,Copa de la Liga,27,1995,5.9,221,9,19,104,100,22,221,10,6,60.0,4,40.0,130,492,229,8,4,5,24,6,162,30,ar ARG,FW,Tigre,Copa de la Liga,27,1995,8,530,66,42.1,5.9,6,80,2,2,26,0,1.00,4,3,+1,+0.17,+0.91,4.5,3.7,+0.8,+0.14,-0.07,ar ARG,FW,Tigre,Copa de la Liga,27,1995,5.9,1,0,0,8,10,1,5,1,1,0,0,0,23,9,18,33.3
Rodrigo Rey,ar ARG,GK,Independiente,Copa de la Liga,31,1991,14,14,"1,260",14.0,0,0,0,0,0,0,2,0,0.0,0.0,0.0,0.0,0,0,0,0.00,0.00,0.00,0.00,0.00,0.00,0.00,0.00,0.00,0.00,ar ARG,GK,Independiente,Copa de la Liga,31,1991,14.0,0,0,0,0,0.00,0.00,0,0,0,0,0,0,0.0,0.0,0,0.0,0.0,ar ARG,GK,Independiente,Copa de la Liga,31,1991,14.0,347,450,77.1,8772,5785,55,55,100.0,196,196,100.0,86,188,45.7,0,0.0,0.0,0.0,0,8,0,0,0,ar ARG,GK,Independiente,Copa de la Liga,31,1991,14.0,450,303,147,36,0,0,0,0,0,0,0,0,347,0,1,ar ARG,GK,Independiente,Copa de la Liga,31,1991,14.0,0,0.00,0,0,0,0,0,0,0,0.00,0,0,0,0,0,0,ar ARG,GK,Independiente,Copa de la Liga,31,1991,14.0,0,0,0,0,0,0,0,0,0,0,0,0,0,0,13,0,ar ARG,GK,Independiente,Copa de la Liga,31,1991,14.0,482,414,480,2,0,0,482,0,0,0,0,0,294,1686,1059,0,0,0,0,0,179,0,ar ARG,GK,Independiente,Copa de la Liga,31,1991,14,"1,260",90,100.0,14.0,14,90,14,0,0,0,1.64,15,11,+4,+0.29,0,18.1,10.4,+7.8,+0.55,0,ar ARG,GK,Independiente,Copa de la Liga,31,1991,14.0,2,0,0,0,4,0,0,0,0,0,0,0,17,1,0,100.0
Andrés Ríos,ar ARG,"FW,MF",Defensa y Just,Copa de la Liga,33,1989,2,1,73,0.8,0,0,0,0,0,0,0,0,0.1,0.1,0.0,0.1,0,1,4,0.00,0.00,0.00,0.00,0.00,0.08,0.00,0.08,0.08,0.08,ar ARG,"FW,MF",Defensa y Just,Copa de la Liga,33,1989,0.8,0,1,1,100.0,1.23,1.23,0.00,0.00,10.9,0,0,0,0.1,0.1,0.06,-0.1,-0.1,ar ARG,"FW,MF",Defensa y Just,Copa de la Liga,33,1989,0.8,8,11,72.7,122,17,5,5,100.0,2,3,66.7,1,1,100.0,0,0.0,0.0,0.0,0,1,0,0,1,ar ARG,"FW,MF",Defensa y Just,Copa de la Liga,33,1989,0.8,11,8,3,0,0,0,0,0,0,0,0,0,8,0,1,ar ARG,"FW,MF",Defensa y Just,Copa de la Liga,33,1989,0.8,1,1.25,1,0,0,0,0,0,0,0.00,0,0,0,0,0,0,ar ARG,"FW,MF",Defensa y Just,Copa de la Liga,33,1989,0.8,0,0,0,0,0,0,0,0,0,0,0,0,0,0,0,0,ar ARG,"FW,MF",Defensa y Just,Copa de la Liga,33,1989,0.8,14,0,0,10,4,1,14,1,0,0.0,1,100.0,8,26,3,0,0,0,0,1,9,4,ar ARG,"FW,MF",Defensa y Just,Copa de la Liga,33,1989,2,73,37,5.8,0.8,1,60,0,1,13,12,0.00,0,2,-2,-2.47,-2.31,0.3,0.2,+0.1,+0.14,+0.79,ar ARG,"FW,MF",Defensa y Just,Copa de la Liga,33,1989,0.8,0,0,0,1,0,1,0,0,0,0,0,0,1,1,1,50.0
Lautaro Ríos,ar ARG,MF,Banfield,Copa de la Liga,22,2000,1,0,12,0.1,0,0,0,0,0,0,0,0,0.0,0.0,0.0,0.0,0,1,0,0.00,0.00,0.00,0.00,0.00,0.00,0.00,0.00,0.00,0.00,ar ARG,MF,Banfield,Copa de la Liga,22,2000,0.1,0,0,0,0,0.00,0.00,0,0,0,0,0,0,0.0,0.0,0,0.0,0.0,ar ARG,MF,Banfield,Copa de la Liga,22,2000,0.1,3,7,42.9,56,22,2,4,50.0,0,0,0,1,2,50.0,0,0.0,0.0,0.0,0,1,0,0,1,ar ARG,MF,Banfield,Copa de la Liga,22,2000,0.1,7,7,0,0,0,0,0,0,0,0,0,0,3,0,1,ar ARG,MF,Banfield,Copa de la Liga,22,2000,0.1,0,0.00,0,0,0,0,0,0,0,0.00,0,0,0,0,0,0,ar ARG,MF,Banfield,Copa de la Liga,22,2000,0.1,1,0,0,1,0,0,0,0,0,0,0,0,0,1,0,0,ar ARG,MF,Banfield,Copa de la Liga,22,2000,0.1,11,0,4,7,0,0,11,1,0,0.0,1,100.0,2,8,1,0,0,0,0,0,1,0,ar ARG,MF,Banfield,Copa de la Liga,22,2000,1,12,12,1.0,0.1,0,0,0,1,12,3,0.00,0,1,-1,-7.50,-7.93,0.0,0.9,-0.9,-6.77,-6.75,ar ARG,MF,Banfield,Copa de la Liga,22,2000,0.1,0,0,0,0,0,0,0,0,0,0,0,0,4,0,0,0
Román Riquelme,ar ARG,DF,Arg Juniors,Copa de la Liga,20,2002,1,0,10,0.1,0,0,0,0,0,0,0,0,0.0,0.0,0.0,0.0,0,1,1,0.00,0.00,0.00,0.00,0.00,0.00,0.00,0.00,0.00,0.00,ar ARG,DF,Arg Juniors,Copa de la Liga,20,2002,0.1,0,0,0,0,0.00,0.00,0,0,0,0,0,0,0.0,0.0,0,0.0,0.0,ar ARG,DF,Arg Juniors,Copa de la Liga,20,2002,0.1,12,18,66.7,304,76,5,6,83.3,3,5,60.0,4,6,66.7,0,0.0,0.0,0.0,0,1,0,0,1,ar ARG,DF,Arg Juniors,Copa de la Liga,20,2002,0.1,18,14,4,1,0,1,0,3,0,0,0,0,12,0,1,ar ARG,DF,Arg Juniors,Copa de la Liga,20,2002,0.1,0,0.00,0,0,0,0,0,0,0,0.00,0,0,0,0,0,0,ar ARG,DF,Arg Juniors,Copa de la Liga,20,2002,0.1,0,0,0,0,0,0,1,0.0,1,2,0,2,0,0,0,0,ar ARG,DF,Arg Juniors,Copa de la Liga,20,2002,0.1,22,0,7,13,2,0,22,0,0,0,0,0,4,16,12,0,0,0,1,0,9,1,ar ARG,DF,Arg Juniors,Copa de la Liga,20,2002,1,10,10,0.8,0.1,0,0,0,1,10,6,0.00,0,0,0,0.00,+0.29,0.2,0.0,+0.2,+1.40,+1.63,ar ARG,DF,Arg Juniors,Copa de la Liga,20,2002,0.1,0,0,0,0,1,0,0,0,0,0,0,0,3,0,0,0
Ciro Rius,ar ARG,"FW,MF",Platense,Copa de la Liga,34,1988,11,9,682,7.6,1,1,2,1,0,0,3,1,1.2,1.2,0.6,1.8,14,14,46,0.13,0.13,0.26,0.13,0.26,0.16,0.08,0.24,0.16,0.24,ar ARG,"FW,MF",Platense,Copa de la Liga,34,1988,7.6,1,6,2,33.3,0.79,0.26,0.17,0.50,17.0,0,0,0,1.2,1.2,0.20,-0.2,-0.2,ar ARG,"FW,MF",Platense,Copa de la Liga,34,1988,7.6,102,176,58.0,1709,569,58,81,71.6,22,36,61.1,16,40,40.0,1,0.6,0.7,+0.4,9,5,10,7,14,ar ARG,"FW,MF",Platense,Copa de la Liga,34,1988,7.6,176,161,14,3,0,0,38,3,8,0,7,0,102,1,11,ar ARG,"FW,MF",Platense,Copa de la Liga,34,1988,7.6,11,1.45,7,2,2,0,0,0,1,0.13,1,0,0,0,0,0,ar ARG,"FW,MF",Platense,Copa de la Liga,34,1988,7.6,11,7,7,2,2,6,15,40.0,9,4,0,4,3,14,7,0,ar ARG,"FW,MF",Platense,Copa de la Liga,34,1988,7.6,236,3,36,80,125,11,236,10,7,70.0,3,30.0,128,723,234,14,7,1,15,11,141,46,ar ARG,"FW,MF",Platense,Copa de la Liga,34,1988,11,682,62,54.1,7.6,9,70,1,2,24,0,1.42,6,7,-1,-0.13,+0.18,6.5,6.8,-0.2,-0.03,+0.29,ar ARG,"FW,MF",Platense,Copa de la Liga,34,1988,7.6,3,1,0,10,1,1,38,3,7,0,0,0,29,5,5,50.0
Ciro Rius,ar ARG,FW,Cen. Córdoba–SdE,Copa de la Liga,34,1988,1,1,45,0.5,0,0,0,0,0,0,0,0,0.0,0.0,0.0,0.0,0,1,2,0.00,0.00,0.00,0.00,0.00,0.00,0.00,0.00,0.00,0.00,ar ARG,"FW,MF",Platense,Copa de la Liga,34,1988,7.6,1,6,2,33.3,0.79,0.26,0.17,0.50,17.0,0,0,0,1.2,1.2,0.20,-0.2,-0.2,ar ARG,"FW,MF",Platense,Copa de la Liga,34,1988,7.6,102,176,58.0,1709,569,58,81,71.6,22,36,61.1,16,40,40.0,1,0.6,0.7,+0.4,9,5,10,7,14,ar ARG,"FW,MF",Platense,Copa de la Liga,34,1988,7.6,176,161,14,3,0,0,38,3,8,0,7,0,102,1,11,ar ARG,"FW,MF",Platense,Copa de la Liga,34,1988,7.6,11,1.45,7,2,2,0,0,0,1,0.13,1,0,0,0,0,0,ar ARG,"FW,MF",Platense,Copa de la Liga,34,1988,7.6,11,7,7,2,2,6,15,40.0,9,4,0,4,3,14,7,0,ar ARG,"FW,MF",Platense,Copa de la Liga,34,1988,7.6,236,3,36,80,125,11,236,10,7,70.0,3,30.0,128,723,234,14,7,1,15,11,141,46,ar ARG,"FW,MF",Platense,Copa de la Liga,34,1988,11,682,62,54.1,7.6,9,70,1,2,24,0,1.42,6,7,-1,-0.13,+0.18,6.5,6.8,-0.2,-0.03,+0.29,ar ARG,"FW,MF",Platense,Copa de la Liga,34,1988,7.6,3,1,0,10,1,1,38,3,7,0,0,0,29,5,5,50.0
Geronimo Rivera,ar ARG,"MF,FW",Banfield,Copa de la Liga,19,2003,14,1,363,4.0,2,1,3,2,0,0,2,0,1.1,1.1,1.0,2.1,15,11,37,0.50,0.25,0.74,0.50,0.74,0.26,0.26,0.52,0.26,0.52,ar ARG,"MF,FW",Banfield,Copa de la Liga,19,2003,4.0,2,9,3,33.3,2.23,0.74,0.22,0.67,17.8,0,0,0,1.1,1.1,0.12,+0.9,+0.9,ar ARG,"MF,FW",Banfield,Copa de la Liga,19,2003,4.0,44,83,53.0,778,301,17,33,51.5,19,26,73.1,5,12,41.7,1,1.0,0.8,0.0,10,2,4,0,11,ar ARG,"MF,FW",Banfield,Copa de la Liga,19,2003,4.0,83,71,10,2,1,0,8,6,2,0,1,0,44,2,5,ar ARG,"MF,FW",Banfield,Copa de la Liga,19,2003,4.0,25,6.20,9,3,8,0,5,0,3,0.74,1,0,2,0,0,0,ar ARG,"MF,FW",Banfield,Copa de la Liga,19,2003,4.0,3,0,0,2,1,0,3,0.0,3,10,0,10,3,6,0,0,ar ARG,"MF,FW",Banfield,Copa de la Liga,19,2003,4.0,163,0,9,59,102,17,163,40,23,57.5,15,37.5,109,786,339,15,13,9,21,14,115,37,ar ARG,"MF,FW",Banfield,Copa de la Liga,19,2003,14,363,26,28.8,4.0,1,61,0,13,23,0,1.60,6,3,+3,+0.74,+0.54,4.3,4.9,-0.6,-0.16,-0.10,ar ARG,"MF,FW",Banfield,Copa de la Liga,19,2003,4.0,2,0,0,8,17,2,8,3,0,0,0,0,14,7,11,38.9
Braian Rivero,ar ARG,MF,Arsenal,Copa de la Liga,26,1996,14,14,"1,120",12.4,0,1,1,0,0,0,1,0,0.3,0.3,1.6,1.9,17,80,32,0.00,0.08,0.08,0.00,0.08,0.03,0.13,0.15,0.03,0.15,ar ARG,MF,Arsenal,Copa de la Liga,26,1996,12.4,0,8,2,25.0,0.64,0.16,0.00,0.00,20.8,0,0,0,0.3,0.3,0.04,-0.3,-0.3,ar ARG,MF,Arsenal,Copa de la Liga,26,1996,12.4,373,510,73.1,6828,2203,163,200,81.5,159,198,80.3,45,80,56.3,1,1.6,1.0,-0.6,12,59,7,0,80,ar ARG,MF,Arsenal,Copa de la Liga,26,1996,12.4,510,504,6,5,2,10,3,0,0,0,0,0,373,0,19,ar ARG,MF,Arsenal,Copa de la Liga,26,1996,12.4,34,2.73,31,1,0,0,0,2,1,0.08,1,0,0,0,0,0,ar ARG,MF,Arsenal,Copa de la Liga,26,1996,12.4,34,20,16,16,2,17,35,48.6,18,7,2,5,16,50,14,0,ar ARG,MF,Arsenal,Copa de la Liga,26,1996,12.4,637,20,115,415,119,9,637,23,8,34.8,15,65.2,344,1698,812,17,13,2,20,20,399,32,ar ARG,MF,Arsenal,Copa de la Liga,26,1996,14,"1,120",80,88.9,12.4,14,80,5,0,0,0,0.93,7,15,-8,-0.64,-2.57,10.4,13.7,-3.3,-0.27,-1.63,ar ARG,MF,Arsenal,Copa de la Liga,26,1996,12.4,1,0,0,11,11,0,3,16,20,0,0,0,91,6,21,22.2
Blas Riveros,py PAR,"DF,MF",Talleres,Copa de la Liga,24,1998,5,4,377,4.2,0,0,0,0,0,0,0,0,0.1,0.1,0.1,0.3,7,14,12,0.00,0.00,0.00,0.00,0.00,0.03,0.03,0.07,0.03,0.07,py PAR,"DF,MF",Talleres,Copa de la Liga,24,1998,4.2,0,5,2,40.0,1.19,0.48,0.00,0.00,27.0,0,0,0,0.1,0.1,0.03,-0.1,-0.1,py PAR,"DF,MF",Talleres,Copa de la Liga,24,1998,4.2,133,179,74.3,2035,927,72,82,87.8,55,71,77.5,5,20,25.0,0,0.1,0.3,-0.1,3,7,3,2,14,py PAR,"DF,MF",Talleres,Copa de la Liga,24,1998,4.2,179,136,42,4,0,0,10,38,0,0,0,0,133,1,3,py PAR,"DF,MF",Talleres,Copa de la Liga,24,1998,4.2,4,0.95,3,1,0,0,0,0,0,0.00,0,0,0,0,0,0,py PAR,"DF,MF",Talleres,Copa de la Liga,24,1998,4.2,11,5,2,7,2,7,11,63.6,4,3,0,3,4,15,3,0,py PAR,"DF,MF",Talleres,Copa de la Liga,24,1998,4.2,226,6,46,128,55,6,226,10,2,20.0,6,60.0,98,663,355,7,8,0,7,3,101,12,py PAR,"DF,MF",Talleres,Copa de la Liga,24,1998,5,377,75,29.9,4.2,4,83,3,1,45,6,1.20,4,6,-2,-0.48,-0.68,2.6,5.8,-3.2,-0.76,-1.29,py PAR,"DF,MF",Talleres,Copa de la Liga,24,1998,4.2,0,0,0,2,4,0,10,4,5,0,0,0,25,4,7,36.4
Andrés Roa,co COL,MF,Huracán,Copa de la Liga,29,1993,6,1,103,1.1,0,0,0,0,0,0,0,0,0.1,0.1,0.0,0.1,6,9,12,0.00,0.00,0.00,0.00,0.00,0.06,0.03,0.10,0.06,0.10,co COL,MF,Huracán,Copa de la Liga,29,1993,1.1,0,2,1,50.0,1.75,0.87,0.00,0.00,22.7,0,0,0,0.1,0.1,0.04,-0.1,-0.1,co COL,MF,Huracán,Copa de la Liga,29,1993,1.1,40,56,71.4,565,177,27,32,84.4,12,18,66.7,1,3,33.3,0,0.0,0.0,0.0,2,6,1,0,9,co COL,MF,Huracán,Copa de la Liga,29,1993,1.1,56,53,2,2,0,2,3,0,0,0,0,0,40,1,3,co COL,MF,Huracán,Copa de la Liga,29,1993,1.1,2,1.73,2,0,0,0,0,0,0,0.00,0,0,0,0,0,0,co COL,MF,Huracán,Copa de la Liga,29,1993,1.1,2,1,0,2,0,0,3,0.0,3,1,0,1,0,2,1,0,co COL,MF,Huracán,Copa de la Liga,29,1993,1.1,74,1,9,41,28,5,74,9,6,66.7,3,33.3,60,327,137,6,2,2,4,2,51,12,co COL,MF,Huracán,Copa de la Liga,29,1993,6,103,17,8.2,1.1,1,45,0,5,12,6,1.17,2,3,-1,-0.87,-1.57,1.6,2.6,-1.0,-0.91,-0.94,co COL,MF,Huracán,Copa de la Liga,29,1993,1.1,0,0,0,2,3,1,3,0,1,0,0,0,14,0,2,0.0
Alan Rodríguez,py PAR,"DF,MF",Rosario Central,Copa de la Liga,22,2000,14,14,"1,080",12.0,0,0,0,0,0,0,1,0,0.2,0.2,0.4,0.6,16,60,25,0.00,0.00,0.00,0.00,0.00,0.02,0.04,0.05,0.02,0.05,py PAR,"DF,MF",Rosario Central,Copa de la Liga,22,2000,12.0,0,10,0,0.0,0.83,0.00,0.00,0,30.7,2,0,0,0.2,0.2,0.02,-0.2,-0.2,py PAR,"DF,MF",Rosario Central,Copa de la Liga,22,2000,12.0,412,596,69.1,7611,3233,173,207,83.6,181,251,72.1,53,118,44.9,0,0.4,1.0,-0.4,8,43,13,8,60,py PAR,"DF,MF",Rosario Central,Copa de la Liga,22,2000,12.0,596,485,111,16,0,3,44,93,2,1,1,0,412,0,12,py PAR,"DF,MF",Rosario Central,Copa de la Liga,22,2000,12.0,11,0.92,10,1,0,0,0,0,0,0.00,0,0,0,0,0,0,py PAR,"DF,MF",Rosario Central,Copa de la Liga,22,2000,12.0,28,16,17,9,2,16,28,57.1,12,15,7,8,19,47,53,0,py PAR,"DF,MF",Rosario Central,Copa de la Liga,22,2000,12.0,745,49,259,341,154,2,745,10,5,50.0,5,50.0,320,1514,775,16,13,0,11,2,368,25,py PAR,"DF,MF",Rosario Central,Copa de la Liga,22,2000,14,"1,080",77,85.7,12.0,14,77,10,0,0,0,1.73,13,11,+2,+0.17,-0.83,11.4,15.6,-4.2,-0.35,-0.18,py PAR,"DF,MF",Rosario Central,Copa de la Liga,22,2000,12.0,1,0,0,4,2,0,44,19,16,0,0,0,82,10,14,41.7
Alan Rodríguez,uy URU,MF,Arg Juniors,Copa de la Liga,23,2000,12,12,"1,080",12.0,0,1,1,0,0,0,1,0,0.5,0.5,1.5,2.0,18,47,62,0.00,0.08,0.08,0.00,0.08,0.04,0.13,0.17,0.04,0.17,py PAR,"DF,MF",Rosario Central,Copa de la Liga,22,2000,12.0,0,10,0,0.0,0.83,0.00,0.00,0,30.7,2,0,0,0.2,0.2,0.02,-0.2,-0.2,py PAR,"DF,MF",Rosario Central,Copa de la Liga,22,2000,12.0,412,596,69.1,7611,3233,173,207,83.6,181,251,72.1,53,118,44.9,0,0.4,1.0,-0.4,8,43,13,8,60,py PAR,"DF,MF",Rosario Central,Copa de la Liga,22,2000,12.0,596,485,111,16,0,3,44,93,2,1,1,0,412,0,12,py PAR,"DF,MF",Rosario Central,Copa de la Liga,22,2000,12.0,11,0.92,10,1,0,0,0,0,0,0.00,0,0,0,0,0,0,py PAR,"DF,MF",Rosario Central,Copa de la Liga,22,2000,12.0,28,16,17,9,2,16,28,57.1,12,15,7,8,19,47,53,0,py PAR,"DF,MF",Rosario Central,Copa de la Liga,22,2000,12.0,745,49,259,341,154,2,745,10,5,50.0,5,50.0,320,1514,775,16,13,0,11,2,368,25,py PAR,"DF,MF",Rosario Central,Copa de la Liga,22,2000,14,"1,080",77,85.7,12.0,14,77,10,0,0,0,1.73,13,11,+2,+0.17,-0.83,11.4,15.6,-4.2,-0.35,-0.18,py PAR,"DF,MF",Rosario Central,Copa de la Liga,22,2000,12.0,1,0,0,4,2,0,44,19,16,0,0,0,82,10,14,41.7
Axel Rodríguez,ar ARG,FW,Atlé Tucumán,Copa de la Liga,25,1997,4,0,42,0.5,0,0,0,0,0,0,2,0,0.0,0.0,0.1,0.1,0,1,5,0.00,0.00,0.00,0.00,0.00,0.04,0.28,0.31,0.04,0.31,ar ARG,FW,Atlé Tucumán,Copa de la Liga,25,1997,0.5,0,1,0,0.0,2.14,0.00,0.00,0,50.4,0,0,0,0.0,0.0,0.02,0.0,0.0,ar ARG,FW,Atlé Tucumán,Copa de la Liga,25,1997,0.5,7,15,46.7,94,22,5,8,62.5,2,3,66.7,0,0,0,0,0.1,0.0,-0.1,2,0,1,0,1,ar ARG,FW,Atlé Tucumán,Copa de la Liga,25,1997,0.5,15,14,0,0,0,0,1,0,0,0,0,0,7,1,1,ar ARG,FW,Atlé Tucumán,Copa de la Liga,25,1997,0.5,2,4.29,2,0,0,0,0,0,0,0.00,0,0,0,0,0,0,ar ARG,FW,Atlé Tucumán,Copa de la Liga,25,1997,0.5,0,0,0,0,0,0,1,0.0,1,1,0,1,0,0,0,0,ar ARG,FW,Atlé Tucumán,Copa de la Liga,25,1997,0.5,27,0,2,10,15,2,27,2,0,0.0,2,100.0,14,61,10,0,1,0,3,2,21,5,ar ARG,FW,Atlé Tucumán,Copa de la Liga,25,1997,4,42,11,3.3,0.5,0,0,0,4,11,2,2.50,0,0,0,0.00,+0.22,0.3,0.7,-0.4,-0.92,-0.97,ar ARG,FW,Atlé Tucumán,Copa de la Liga,25,1997,0.5,2,0,0,3,0,0,1,0,0,0,0,0,2,3,4,42.9
Axel Rodríguez,ar ARG,FW,Instituto,Copa de la Liga,25,1997,1,0,1,0.0,0,0,0,0,0,0,0,0,0.0,0.0,0.0,0.0,0,0,0,0.00,0.00,0.00,0.00,0.00,0.00,0.00,0.00,0.00,0.00,ar ARG,FW,Atlé Tucumán,Copa de la Liga,25,1997,0.5,0,1,0,0.0,2.14,0.00,0.00,0,50.4,0,0,0,0.0,0.0,0.02,0.0,0.0,ar ARG,FW,Atlé Tucumán,Copa de la Liga,25,1997,0.5,7,15,46.7,94,22,5,8,62.5,2,3,66.7,0,0,0,0,0.1,0.0,-0.1,2,0,1,0,1,ar ARG,FW,Atlé Tucumán,Copa de la Liga,25,1997,0.5,15,14,0,0,0,0,1,0,0,0,0,0,7,1,1,ar ARG,FW,Atlé Tucumán,Copa de la Liga,25,1997,0.5,2,4.29,2,0,0,0,0,0,0,0.00,0,0,0,0,0,0,ar ARG,FW,Atlé Tucumán,Copa de la Liga,25,1997,0.5,0,0,0,0,0,0,1,0.0,1,1,0,1,0,0,0,0,ar ARG,FW,Atlé Tucumán,Copa de la Liga,25,1997,0.5,27,0,2,10,15,2,27,2,0,0.0,2,100.0,14,61,10,0,1,0,3,2,21,5,ar ARG,FW,Atlé Tucumán,Copa de la Liga,25,1997,4,42,11,3.3,0.5,0,0,0,4,11,2,2.50,0,0,0,0.00,+0.22,0.3,0.7,-0.4,-0.92,-0.97,ar ARG,FW,Atlé Tucumán,Copa de la Liga,25,1997,0.5,2,0,0,3,0,0,1,0,0,0,0,0,2,3,4,42.9
Gregorio Rodríguez,ar ARG,"FW,MF",Instituto,Copa de la Liga,23,2000,9,4,486,5.4,1,0,1,1,0,0,0,0,0.6,0.6,0.0,0.6,17,10,28,0.19,0.00,0.19,0.19,0.19,0.10,0.00,0.11,0.10,0.11,ar ARG,"FW,MF",Instituto,Copa de la Liga,23,2000,5.4,1,7,1,14.3,1.30,0.19,0.14,1.00,15.2,0,0,0,0.6,0.6,0.08,+0.4,+0.4,ar ARG,"FW,MF",Instituto,Copa de la Liga,23,2000,5.4,48,82,58.5,762,187,22,28,78.6,17,31,54.8,5,6,83.3,0,0.0,0.2,0.0,1,2,2,1,10,ar ARG,"FW,MF",Instituto,Copa de la Liga,23,2000,5.4,82,80,0,0,0,1,16,0,0,0,0,0,48,2,9,ar ARG,"FW,MF",Instituto,Copa de la Liga,23,2000,5.4,9,1.67,8,0,0,1,0,0,1,0.19,1,0,0,0,0,0,ar ARG,"FW,MF",Instituto,Copa de la Liga,23,2000,5.4,5,4,4,0,1,4,13,30.8,9,9,0,9,4,9,3,0,ar ARG,"FW,MF",Instituto,Copa de la Liga,23,2000,5.4,156,4,24,60,79,13,156,20,10,50.0,9,45.0,82,786,335,17,7,3,19,11,77,28,ar ARG,"FW,MF",Instituto,Copa de la Liga,23,2000,9,486,54,38.6,5.4,4,83,2,5,31,5,1.44,3,2,+1,+0.19,-0.16,5.1,5.4,-0.3,-0.05,-0.22,ar ARG,"FW,MF",Instituto,Copa de la Liga,23,2000,5.4,0,0,0,4,4,1,16,4,4,0,0,0,24,11,19,36.7
Ignacio Rodríguez,ar ARG,MF,Banfield,Copa de la Liga,20,2002,14,14,"1,117",12.4,1,0,1,1,0,0,3,0,1.2,1.2,0.3,1.5,23,25,47,0.08,0.00,0.08,0.08,0.08,0.10,0.02,0.12,0.10,0.12,ar ARG,MF,Banfield,Copa de la Liga,20,2002,12.4,1,29,9,31.0,2.34,0.73,0.03,0.11,22.0,4,0,0,1.2,1.2,0.04,-0.2,-0.2,ar ARG,MF,Banfield,Copa de la Liga,20,2002,12.4,210,329,63.8,3949,1070,77,108,71.3,97,131,74.0,27,56,48.2,0,0.3,0.9,-0.3,7,19,3,1,25,ar ARG,MF,Banfield,Copa de la Liga,20,2002,12.4,329,280,48,13,0,1,53,4,27,2,16,0,210,1,16,ar ARG,MF,Banfield,Copa de la Liga,20,2002,12.4,27,2.18,11,9,0,4,2,1,1,0.08,0,0,0,1,0,0,ar ARG,MF,Banfield,Copa de la Liga,20,2002,12.4,17,14,7,8,2,13,29,44.8,16,11,1,10,10,27,9,0,ar ARG,MF,Banfield,Copa de la Liga,20,2002,12.4,476,9,84,212,186,24,476,34,19,55.9,13,38.2,220,1483,609,23,10,6,21,16,215,47,ar ARG,MF,Banfield,Copa de la Liga,20,2002,14,"1,117",80,88.7,12.4,14,80,3,0,0,0,1.60,9,5,+4,+0.32,-0.31,9.9,10.5,-0.6,-0.05,+0.34,ar ARG,MF,Banfield,Copa de la Liga,20,2002,12.4,3,0,0,15,11,1,53,10,14,0,0,0,84,18,24,42.9
Juan Rodríguez,ar ARG,DF,Talleres,Copa de la Liga,28,1994,7,7,623,6.9,1,0,1,1,0,0,1,0,1.3,1.3,0.2,1.5,8,34,1,0.14,0.00,0.14,0.14,0.14,0.19,0.03,0.22,0.19,0.22,ar ARG,DF,Talleres,Copa de la Liga,28,1994,6.9,1,7,3,42.9,1.01,0.43,0.14,0.33,12.9,0,0,0,1.3,1.3,0.21,-0.3,-0.3,ar ARG,DF,Talleres,Copa de la Liga,28,1994,6.9,341,412,82.8,6649,2847,109,120,90.8,194,227,85.5,35,56,62.5,0,0.2,0.6,-0.2,2,26,1,0,34,ar ARG,DF,Talleres,Copa de la Liga,28,1994,6.9,412,397,13,11,0,2,1,2,0,0,0,0,341,2,3,ar ARG,DF,Talleres,Copa de la Liga,28,1994,6.9,8,1.16,4,1,1,2,0,0,1,0.14,0,0,0,1,0,0,ar ARG,DF,Talleres,Copa de la Liga,28,1994,6.9,14,5,10,3,1,12,16,75.0,4,11,5,6,10,24,30,1,ar ARG,DF,Talleres,Copa de la Liga,28,1994,6.9,495,49,246,235,16,11,495,7,4,57.1,2,28.6,275,1547,936,8,2,0,4,0,273,1,ar ARG,DF,Talleres,Copa de la Liga,28,1994,7,623,89,49.4,6.9,7,89,6,0,0,2,1.57,9,7,+2,+0.29,+0.57,10.9,8.4,+2.4,+0.35,+0.41,ar ARG,DF,Talleres,Copa de la Liga,28,1994,6.9,1,0,0,5,3,0,1,10,5,0,0,0,54,18,8,69.2
Lucas Rodríguez,ar ARG,DF,Instituto,Copa de la Liga,29,1993,10,9,762,8.5,0,0,0,0,0,0,4,0,0.1,0.1,0.4,0.4,13,32,24,0.00,0.00,0.00,0.00,0.00,0.01,0.04,0.05,0.01,0.05,ar ARG,DF,Instituto,Copa de la Liga,29,1993,8.5,0,3,0,0.0,0.35,0.00,0.00,0,27.0,1,0,0,0.1,0.1,0.02,-0.1,-0.1,ar ARG,DF,Instituto,Copa de la Liga,29,1993,8.5,244,392,62.2,4251,2487,129,155,83.2,85,132,64.4,26,72,36.1,0,0.4,0.5,-0.4,8,24,14,6,32,ar ARG,DF,Instituto,Copa de la Liga,29,1993,8.5,392,288,102,3,0,1,32,96,3,0,3,0,244,2,26,ar ARG,DF,Instituto,Copa de la Liga,29,1993,8.5,12,1.42,10,0,1,1,0,0,0,0.00,0,0,0,0,0,0,ar ARG,DF,Instituto,Copa de la Liga,29,1993,8.5,17,13,8,7,2,9,13,69.2,4,11,4,7,6,23,18,0,ar ARG,DF,Instituto,Copa de la Liga,29,1993,8.5,465,19,120,215,132,0,465,10,4,40.0,6,60.0,180,897,433,13,5,0,5,2,199,24,ar ARG,DF,Instituto,Copa de la Liga,29,1993,10,762,76,60.5,8.5,9,82,6,1,20,1,1.50,4,4,0,0.00,-0.72,7.4,8.2,-0.8,-0.10,-0.46,ar ARG,DF,Instituto,Copa de la Liga,29,1993,8.5,4,0,0,13,7,0,32,6,13,0,0,0,48,7,14,33.3
Maximiliano Rodríguez,ar ARG,DF,Barracas Central,Copa de la Liga,34,1988,7,2,160,1.8,0,0,0,0,0,0,1,0,0.0,0.0,0.0,0.0,2,5,4,0.00,0.00,0.00,0.00,0.00,0.00,0.01,0.01,0.00,0.01,ar ARG,DF,Barracas Central,Copa de la Liga,34,1988,1.8,0,0,0,0,0.00,0.00,0,0,0,0,0,0,0.0,0.0,0,0.0,0.0,ar ARG,DF,Barracas Central,Copa de la Liga,34,1988,1.8,50,75,66.7,781,385,27,34,79.4,18,26,69.2,4,9,44.4,0,0.0,0.1,0.0,1,4,1,0,5,ar ARG,DF,Barracas Central,Copa de la Liga,34,1988,1.8,75,59,16,0,0,0,0,16,0,0,0,0,50,0,5,ar ARG,DF,Barracas Central,Copa de la Liga,34,1988,1.8,3,1.69,2,1,0,0,0,0,0,0.00,0,0,0,0,0,0,ar ARG,DF,Barracas Central,Copa de la Liga,34,1988,1.8,4,3,3,1,0,2,5,40.0,3,1,0,1,0,4,9,0,ar ARG,DF,Barracas Central,Copa de la Liga,34,1988,1.8,91,8,36,40,15,0,91,2,1,50.0,1,50.0,44,281,151,2,2,0,1,2,40,4,ar ARG,DF,Barracas Central,Copa de la Liga,34,1988,7,160,23,12.7,1.8,2,68,1,5,5,7,1.86,0,0,0,0.00,+0.90,1.1,1.0,+0.1,+0.07,+0.29,ar ARG,DF,Barracas Central,Copa de la Liga,34,1988,1.8,1,0,0,3,1,0,0,0,3,0,0,0,16,1,4,20.0
Salomón Rodríguez,uy URU,FW,Godoy Cruz,Copa de la Liga,22,2000,14,11,898,10.0,0,1,1,0,0,0,1,0,1.8,1.8,1.7,3.5,3,13,48,0.00,0.10,0.10,0.00,0.10,0.18,0.17,0.35,0.18,0.35,uy URU,FW,Godoy Cruz,Copa de la Liga,22,2000,10.0,0,17,4,23.5,1.70,0.40,0.00,0.00,19.4,5,0,0,1.8,1.8,0.10,-1.8,-1.8,uy URU,FW,Godoy Cruz,Copa de la Liga,22,2000,10.0,114,181,63.0,1766,501,62,90,68.9,36,54,66.7,11,15,73.3,1,1.7,0.7,-0.7,8,12,4,2,13,uy URU,FW,Godoy Cruz,Copa de la Liga,22,2000,10.0,181,165,15,0,2,0,7,0,0,0,0,0,114,1,10,uy URU,FW,Godoy Cruz,Copa de la Liga,22,2000,10.0,18,1.81,14,0,2,0,2,0,1,0.10,1,0,0,0,0,0,uy URU,FW,Godoy Cruz,Copa de la Liga,22,2000,10.0,10,5,2,5,3,3,9,33.3,6,11,0,11,0,10,9,0,uy URU,FW,Godoy Cruz,Copa de la Liga,22,2000,10.0,301,11,22,140,143,36,301,18,3,16.7,13,72.2,148,609,119,3,9,4,32,13,190,48,uy URU,FW,Godoy Cruz,Copa de la Liga,22,2000,14,898,64,71.3,10.0,11,76,1,3,22,0,1.50,11,6,+5,+0.50,+0.50,13.2,9.0,+4.3,+0.43,+0.48,uy URU,FW,Godoy Cruz,Copa de la Liga,22,2000,10.0,1,0,0,15,7,3,7,0,5,0,0,0,29,32,28,53.3
Santiago Rodriguez,ar ARG,"FW,MF",Instituto,Copa de la Liga,25,1997,5,3,236,2.6,0,0,0,0,0,0,0,0,0.1,0.1,0.4,0.5,8,6,10,0.00,0.00,0.00,0.00,0.00,0.04,0.14,0.19,0.04,0.19,ar ARG,"FW,MF",Instituto,Copa de la Liga,25,1997,2.6,0,3,1,33.3,1.14,0.38,0.00,0.00,23.8,0,0,0,0.1,0.1,0.04,-0.1,-0.1,ar ARG,"FW,MF",Instituto,Copa de la Liga,25,1997,2.6,41,62,66.1,584,200,23,30,76.7,14,22,63.6,2,5,40.0,0,0.4,0.1,-0.4,6,8,1,0,6,ar ARG,"FW,MF",Instituto,Copa de la Liga,25,1997,2.6,62,60,2,2,0,0,4,0,0,0,0,0,41,0,0,ar ARG,"FW,MF",Instituto,Copa de la Liga,25,1997,2.6,10,3.81,7,0,2,0,1,0,0,0.00,0,0,0,0,0,0,ar ARG,"FW,MF",Instituto,Copa de la Liga,25,1997,2.6,1,0,0,1,0,1,4,25.0,3,3,0,3,0,1,2,0,ar ARG,"FW,MF",Instituto,Copa de la Liga,25,1997,2.6,96,0,5,44,49,3,96,12,6,50.0,5,41.7,49,365,161,8,4,3,10,6,64,10,ar ARG,"FW,MF",Instituto,Copa de la Liga,25,1997,5,236,47,18.7,2.6,3,61,0,2,26,9,1.20,1,1,0,0.00,-0.35,1.6,1.9,-0.3,-0.12,-0.24,ar ARG,"FW,MF",Instituto,Copa de la Liga,25,1997,2.6,0,0,0,1,4,0,4,0,0,0,0,0,8,5,11,31.3
Manuel Roffo,ar ARG,GK,Instituto,Copa de la Liga,22,2000,14,14,"1,260",14.0,0,0,0,0,0,0,2,0,0.0,0.0,0.0,0.0,0,1,0,0.00,0.00,0.00,0.00,0.00,0.00,0.00,0.00,0.00,0.00,ar ARG,GK,Instituto,Copa de la Liga,22,2000,14.0,0,0,0,0,0.00,0.00,0,0,0,0,0,0,0.0,0.0,0,0.0,0.0,ar ARG,GK,Instituto,Copa de la Liga,22,2000,14.0,207,434,47.7,8289,7317,22,23,95.7,73,73,100.0,111,330,33.6,0,0.0,0.1,0.0,1,31,3,0,1,ar ARG,GK,Instituto,Copa de la Liga,22,2000,14.0,434,252,175,37,0,0,0,0,0,0,0,0,207,7,0,ar ARG,GK,Instituto,Copa de la Liga,22,2000,14.0,4,0.29,3,1,0,0,0,0,0,0.00,0,0,0,0,0,0,ar ARG,GK,Instituto,Copa de la Liga,22,2000,14.0,0,0,0,0,0,0,1,0.0,1,0,0,0,0,0,2,0,ar ARG,GK,Instituto,Copa de la Liga,22,2000,14.0,449,341,448,1,0,0,449,0,0,0,0,0,232,1849,1063,0,0,0,0,0,120,0,ar ARG,GK,Instituto,Copa de la Liga,22,2000,14,"1,260",90,100.0,14.0,14,90,14,0,0,0,1.43,11,7,+4,+0.29,0,13.2,12.0,+1.1,+0.08,0,ar ARG,GK,Instituto,Copa de la Liga,22,2000,14.0,2,0,0,0,2,0,0,0,0,0,0,0,8,7,1,87.5
Ariel Rojas,ar ARG,MF,Belgrano,Copa de la Liga,37,1986,6,0,54,0.6,0,0,0,0,0,0,0,0,0.0,0.0,0.3,0.3,1,8,1,0.00,0.00,0.00,0.00,0.00,0.00,0.50,0.50,0.00,0.50,ar ARG,MF,Belgrano,Copa de la Liga,37,1986,0.6,0,0,0,0,0.00,0.00,0,0,0,0,0,0,0.0,0.0,0,0.0,0.0,ar ARG,MF,Belgrano,Copa de la Liga,37,1986,0.6,25,30,83.3,424,190,9,10,90.0,15,16,93.8,1,3,33.3,0,0.3,0.2,-0.3,2,3,3,0,8,ar ARG,MF,Belgrano,Copa de la Liga,37,1986,0.6,30,30,0,0,0,0,2,0,0,0,0,0,25,0,1,ar ARG,MF,Belgrano,Copa de la Liga,37,1986,0.6,2,3.33,2,0,0,0,0,0,0,0.00,0,0,0,0,0,0,ar ARG,MF,Belgrano,Copa de la Liga,37,1986,0.6,3,3,1,1,1,1,1,100.0,0,0,0,0,0,3,2,0,ar ARG,MF,Belgrano,Copa de la Liga,37,1986,0.6,38,2,9,20,9,1,38,0,0,0,0,0,22,114,42,1,0,1,3,1,25,1,ar ARG,MF,Belgrano,Copa de la Liga,37,1986,6,54,9,4.3,0.6,0,0,0,6,9,8,1.29,1,2,-1,-1.67,-1.89,0.9,0.5,+0.4,+0.66,+0.95,ar ARG,MF,Belgrano,Copa de la Liga,37,1986,0.6,0,0,0,2,2,0,2,0,3,0,0,0,7,0,1,0.0
Gabriel Rojas,ar ARG,"DF,MF",Racing Club,Copa de la Liga,25,1997,12,12,"1,011",11.2,0,2,2,0,0,0,2,0,1.1,1.1,1.0,2.0,36,47,103,0.00,0.18,0.18,0.00,0.18,0.09,0.09,0.18,0.09,0.18,ar ARG,"DF,MF",Racing Club,Copa de la Liga,25,1997,11.2,0,13,4,30.8,1.16,0.36,0.00,0.00,19.5,0,0,0,1.1,1.1,0.08,-1.1,-1.1,ar ARG,"DF,MF",Racing Club,Copa de la Liga,25,1997,11.2,385,514,74.9,6040,1861,226,255,88.6,129,171,75.4,27,58,46.6,2,1.0,1.1,+1.0,9,32,3,2,47,ar ARG,"DF,MF",Racing Club,Copa de la Liga,25,1997,11.2,514,414,98,6,1,4,45,89,3,0,3,0,385,2,22,ar ARG,"DF,MF",Racing Club,Copa de la Liga,25,1997,11.2,29,2.58,19,5,0,1,4,0,3,0.27,2,0,0,0,1,0,ar ARG,"DF,MF",Racing Club,Copa de la Liga,25,1997,11.2,16,11,5,10,1,9,19,47.4,10,16,3,13,8,24,14,0,ar ARG,"DF,MF",Racing Club,Copa de la Liga,25,1997,11.2,626,22,116,265,252,32,626,25,7,28.0,11,44.0,344,1874,1062,36,21,6,14,17,381,103,ar ARG,"DF,MF",Racing Club,Copa de la Liga,25,1997,12,"1,011",84,80.2,11.2,12,84,8,0,0,1,1.62,17,13,+4,+0.36,-0.37,14.2,14.1,+0.1,+0.01,-0.34,ar ARG,"DF,MF",Racing Club,Copa de la Liga,25,1997,11.2,2,0,0,11,15,0,45,8,11,1,0,0,38,11,19,36.7
Robert Rojas,py PAR,DF,Tigre,Copa de la Liga,26,1996,12,11,947,10.5,1,0,1,1,0,0,2,0,0.7,0.7,0.0,0.7,5,39,9,0.10,0.00,0.10,0.10,0.10,0.07,0.00,0.07,0.07,0.07,py PAR,DF,Tigre,Copa de la Liga,26,1996,10.5,1,10,3,30.0,0.95,0.29,0.10,0.33,10.3,0,0,0,0.7,0.7,0.07,+0.3,+0.3,py PAR,DF,Tigre,Copa de la Liga,26,1996,10.5,419,506,82.8,7530,3357,187,200,93.5,181,216,83.8,46,74,62.2,0,0.0,0.1,0.0,1,31,2,1,39,py PAR,DF,Tigre,Copa de la Liga,26,1996,10.5,506,454,52,18,0,0,2,34,0,0,0,0,419,0,7,py PAR,DF,Tigre,Copa de la Liga,26,1996,10.5,12,1.14,7,1,0,3,1,0,1,0.10,0,0,0,1,0,0,py PAR,DF,Tigre,Copa de la Liga,26,1996,10.5,13,7,4,9,0,4,6,66.7,2,8,1,7,11,24,34,0,py PAR,DF,Tigre,Copa de la Liga,26,1996,10.5,600,64,302,251,49,16,600,6,2,33.3,4,66.7,296,1221,610,5,2,0,5,1,311,9,py PAR,DF,Tigre,Copa de la Liga,26,1996,12,947,79,75.2,10.5,11,85,10,1,11,1,0.75,4,11,-7,-0.67,-1.24,9.1,8.3,+0.8,+0.08,-0.41,py PAR,DF,Tigre,Copa de la Liga,26,1996,10.5,2,0,0,8,2,0,2,11,7,0,0,0,72,24,29,45.3
Santiago Rojas,py PAR,GK,Tigre,Copa de la Liga,26,1996,13,13,"1,170",13.0,0,0,0,0,0,0,2,0,0.0,0.0,0.0,0.0,0,0,0,0.00,0.00,0.00,0.00,0.00,0.00,0.00,0.00,0.00,0.00,py PAR,GK,Tigre,Copa de la Liga,26,1996,13.0,0,0,0,0,0.00,0.00,0,0,0,0,0,0,0.0,0.0,0,0.0,0.0,py PAR,GK,Tigre,Copa de la Liga,26,1996,13.0,209,326,64.1,5961,4384,43,43,100.0,100,102,98.0,66,179,36.9,0,0.0,0.0,0.0,0,1,0,0,0,py PAR,GK,Tigre,Copa de la Liga,26,1996,13.0,326,203,122,26,0,1,0,0,0,0,0,0,209,1,0,py PAR,GK,Tigre,Copa de la Liga,26,1996,13.0,3,0.23,1,2,0,0,0,0,0,0.00,0,0,0,0,0,0,py PAR,GK,Tigre,Copa de la Liga,26,1996,13.0,1,0,1,0,0,1,1,100.0,0,0,0,0,0,1,7,0,py PAR,GK,Tigre,Copa de la Liga,26,1996,13.0,350,312,349,1,0,0,350,0,0,0,0,0,168,710,440,0,0,0,0,0,117,0,py PAR,GK,Tigre,Copa de la Liga,26,1996,13,"1,170",90,92.9,13.0,13,90,13,0,0,1,1.00,8,11,-3,-0.23,+1.77,12.1,8.7,+3.5,+0.27,+1.21,py PAR,GK,Tigre,Copa de la Liga,26,1996,13.0,2,0,0,0,2,0,0,0,0,0,0,1,16,1,0,100.0
Marcos Rojo,ar ARG,DF,Boca Juniors,Copa de la Liga,32,1990,7,5,414,4.6,1,0,1,1,0,0,2,0,0.8,0.8,0.0,0.8,2,23,2,0.22,0.00,0.22,0.22,0.22,0.17,0.00,0.17,0.17,0.17,ar ARG,DF,Boca Juniors,Copa de la Liga,32,1990,4.6,1,3,2,66.7,0.65,0.43,0.33,0.50,24.2,0,0,0,0.8,0.8,0.26,+0.2,+0.2,ar ARG,DF,Boca Juniors,Copa de la Liga,32,1990,4.6,317,359,88.3,5856,2410,130,138,94.2,166,180,92.2,21,35,60.0,0,0.0,0.1,0.0,0,20,1,0,23,ar ARG,DF,Boca Juniors,Copa de la Liga,32,1990,4.6,359,345,14,11,0,2,0,1,0,0,0,0,317,0,4,ar ARG,DF,Boca Juniors,Copa de la Liga,32,1990,4.6,2,0.43,2,0,0,0,0,0,0,0.00,0,0,0,0,0,0,ar ARG,DF,Boca Juniors,Copa de la Liga,32,1990,4.6,3,2,3,0,0,2,6,33.3,4,5,3,2,3,6,13,0,ar ARG,DF,Boca Juniors,Copa de la Liga,32,1990,4.6,385,40,216,154,17,3,385,2,2,100.0,0,0.0,235,1098,744,2,3,0,0,0,290,2,ar ARG,DF,Boca Juniors,Copa de la Liga,32,1990,7,414,59,32.9,4.6,5,79,3,2,9,1,1.43,6,5,+1,+0.22,+0.22,5.5,5.0,+0.4,+0.09,-0.27,ar ARG,DF,Boca Juniors,Copa de la Liga,32,1990,4.6,2,0,0,2,1,1,0,3,2,0,0,0,20,12,5,70.6
Benjamín Rollheiser,ar ARG,"FW,MF",Estudiantes–LP,Copa de la Liga,22,2000,13,13,"1,023",11.4,0,1,1,0,0,0,3,0,1.5,1.5,0.8,2.3,36,77,89,0.00,0.09,0.09,0.00,0.09,0.13,0.07,0.20,0.13,0.20,ar ARG,"FW,MF",Estudiantes–LP,Copa de la Liga,22,2000,11.4,0,16,5,31.3,1.41,0.44,0.00,0.00,21.8,2,0,0,1.5,1.5,0.09,-1.5,-1.5,ar ARG,"FW,MF",Estudiantes–LP,Copa de la Liga,22,2000,11.4,425,545,78.0,7165,1767,212,262,80.9,147,171,86.0,46,71,64.8,1,0.8,1.7,+0.2,16,50,15,5,77,ar ARG,"FW,MF",Estudiantes–LP,Copa de la Liga,22,2000,11.4,545,522,21,7,2,9,25,7,7,2,4,0,425,2,15,ar ARG,"FW,MF",Estudiantes–LP,Copa de la Liga,22,2000,11.4,50,4.40,42,4,2,1,1,0,3,0.26,3,0,0,0,0,0,ar ARG,"FW,MF",Estudiantes–LP,Copa de la Liga,22,2000,11.4,14,7,6,4,4,5,15,33.3,10,9,1,8,4,18,2,0,ar ARG,"FW,MF",Estudiantes–LP,Copa de la Liga,22,2000,11.4,679,3,47,374,272,18,679,61,35,57.4,23,37.7,447,2685,1198,36,41,8,50,18,526,89,ar ARG,"FW,MF",Estudiantes–LP,Copa de la Liga,22,2000,13,"1,023",79,81.2,11.4,13,79,4,0,0,0,1.31,9,10,-1,-0.09,+0.29,13.8,9.8,+4.0,+0.35,+0.12,ar ARG,"FW,MF",Estudiantes–LP,Copa de la Liga,22,2000,11.4,3,0,0,17,21,3,25,4,7,0,0,0,61,4,16,20.0
Esteban Rolón,ar ARG,MF,Belgrano,Copa de la Liga,27,1995,11,9,800,8.9,1,0,1,1,0,0,1,0,0.4,0.4,0.3,0.7,11,31,22,0.11,0.00,0.11,0.11,0.11,0.05,0.03,0.08,0.05,0.08,ar ARG,MF,Belgrano,Copa de la Liga,27,1995,8.9,1,2,1,50.0,0.23,0.11,0.50,1.00,20.6,0,0,0,0.4,0.4,0.20,+0.6,+0.6,ar ARG,MF,Belgrano,Copa de la Liga,27,1995,8.9,206,321,64.2,3082,1082,105,140,75.0,71,98,72.4,14,43,32.6,0,0.3,0.2,-0.3,5,17,4,1,31,ar ARG,MF,Belgrano,Copa de la Liga,27,1995,8.9,321,310,9,3,1,0,9,4,1,0,0,0,206,2,11,ar ARG,MF,Belgrano,Copa de la Liga,27,1995,8.9,12,1.35,11,0,0,0,0,1,3,0.34,3,0,0,0,0,0,ar ARG,MF,Belgrano,Copa de la Liga,27,1995,8.9,30,22,11,12,7,12,30,40.0,18,12,0,12,8,38,8,0,ar ARG,MF,Belgrano,Copa de la Liga,27,1995,8.9,412,9,67,255,95,9,412,15,8,53.3,7,46.7,195,832,410,11,7,1,10,7,227,22,ar ARG,MF,Belgrano,Copa de la Liga,27,1995,11,800,73,63.5,8.9,9,79,0,2,45,0,1.33,13,12,+1,+0.11,-0.08,8.4,10.7,-2.3,-0.26,-0.01,ar ARG,MF,Belgrano,Copa de la Liga,27,1995,8.9,1,0,0,12,9,0,9,8,22,0,0,0,74,6,7,46.2
Esteban Rolón,ar ARG,MF,Boca Juniors,Copa de la Liga,27,1995,1,0,45,0.5,0,0,0,0,0,0,0,0,0.0,0.0,0.0,0.0,0,3,0,0.00,0.00,0.00,0.00,0.00,0.00,0.00,0.00,0.00,0.00,ar ARG,MF,Belgrano,Copa de la Liga,27,1995,8.9,1,2,1,50.0,0.23,0.11,0.50,1.00,20.6,0,0,0,0.4,0.4,0.20,+0.6,+0.6,ar ARG,MF,Belgrano,Copa de la Liga,27,1995,8.9,206,321,64.2,3082,1082,105,140,75.0,71,98,72.4,14,43,32.6,0,0.3,0.2,-0.3,5,17,4,1,31,ar ARG,MF,Belgrano,Copa de la Liga,27,1995,8.9,321,310,9,3,1,0,9,4,1,0,0,0,206,2,11,ar ARG,MF,Belgrano,Copa de la Liga,27,1995,8.9,12,1.35,11,0,0,0,0,1,3,0.34,3,0,0,0,0,0,ar ARG,MF,Belgrano,Copa de la Liga,27,1995,8.9,30,22,11,12,7,12,30,40.0,18,12,0,12,8,38,8,0,ar ARG,MF,Belgrano,Copa de la Liga,27,1995,8.9,412,9,67,255,95,9,412,15,8,53.3,7,46.7,195,832,410,11,7,1,10,7,227,22,ar ARG,MF,Belgrano,Copa de la Liga,27,1995,11,800,73,63.5,8.9,9,79,0,2,45,0,1.33,13,12,+1,+0.11,-0.08,8.4,10.7,-2.3,-0.26,-0.01,ar ARG,MF,Belgrano,Copa de la Liga,27,1995,8.9,1,0,0,12,9,0,9,8,22,0,0,0,74,6,7,46.2
Braian Romero,ar ARG,FW,Vélez Sarsfield,Copa de la Liga,31,1991,10,9,785,8.7,1,1,2,1,0,0,4,0,1.5,1.5,0.5,2.0,3,10,52,0.11,0.11,0.23,0.11,0.23,0.17,0.06,0.23,0.17,0.23,ar ARG,FW,Vélez Sarsfield,Copa de la Liga,31,1991,8.7,1,12,3,25.0,1.38,0.34,0.08,0.33,18.3,0,0,0,1.5,1.5,0.12,-0.5,-0.5,ar ARG,FW,Vélez Sarsfield,Copa de la Liga,31,1991,8.7,108,188,57.4,1512,266,60,88,68.2,33,52,63.5,7,12,58.3,1,0.5,0.6,+0.5,4,9,1,1,10,ar ARG,FW,Vélez Sarsfield,Copa de la Liga,31,1991,8.7,188,179,9,1,0,0,4,1,0,0,0,0,108,0,14,ar ARG,FW,Vélez Sarsfield,Copa de la Liga,31,1991,8.7,19,2.18,10,0,5,2,2,0,5,0.57,3,0,1,0,1,0,ar ARG,FW,Vélez Sarsfield,Copa de la Liga,31,1991,8.7,9,4,3,3,3,4,9,44.4,5,7,2,5,1,10,17,0,ar ARG,FW,Vélez Sarsfield,Copa de la Liga,31,1991,8.7,290,17,42,133,117,19,290,22,13,59.1,7,31.8,184,755,206,3,3,3,34,11,211,52,ar ARG,FW,Vélez Sarsfield,Copa de la Liga,31,1991,10,785,79,62.3,8.7,9,85,3,1,17,1,1.70,12,9,+3,+0.34,+0.34,6.0,7.0,-1.1,-0.13,+0.01,ar ARG,FW,Vélez Sarsfield,Copa de la Liga,31,1991,8.7,4,0,0,11,22,3,4,1,4,0,0,0,30,14,21,40.0
José Romero,ar ARG,"FW,MF",Talleres,Copa de la Liga,19,2003,5,0,121,1.3,0,1,1,0,0,0,1,0,0.3,0.3,0.2,0.5,2,4,5,0.00,0.74,0.74,0.00,0.74,0.23,0.15,0.38,0.23,0.38,ar ARG,"FW,MF",Talleres,Copa de la Liga,19,2003,1.3,0,4,1,25.0,2.98,0.74,0.00,0.00,11.0,0,0,0,0.3,0.3,0.08,-0.3,-0.3,ar ARG,"FW,MF",Talleres,Copa de la Liga,19,2003,1.3,12,18,66.7,156,53,10,13,76.9,1,3,33.3,1,1,100.0,1,0.2,0.1,+0.8,3,2,2,0,4,ar ARG,"FW,MF",Talleres,Copa de la Liga,19,2003,1.3,18,18,0,0,0,0,0,0,0,0,0,0,12,0,2,ar ARG,"FW,MF",Talleres,Copa de la Liga,19,2003,1.3,6,4.46,4,0,2,0,0,0,1,0.74,1,0,0,0,0,0,ar ARG,"FW,MF",Talleres,Copa de la Liga,19,2003,1.3,1,1,0,0,1,0,0,0,0,1,0,1,1,2,0,0,ar ARG,"FW,MF",Talleres,Copa de la Liga,19,2003,1.3,36,0,0,11,25,6,36,8,3,37.5,5,62.5,25,146,45,2,0,1,5,7,27,5,ar ARG,"FW,MF",Talleres,Copa de la Liga,19,2003,5,121,24,9.6,1.3,0,0,0,5,24,2,0.80,2,1,+1,+0.74,+0.82,3.4,1.4,+1.9,+1.44,+1.43,ar ARG,"FW,MF",Talleres,Copa de la Liga,19,2003,1.3,1,0,0,3,0,2,0,1,1,0,0,0,6,0,1,0.0
Matías Romero,ar ARG,MF,Instituto,Copa de la Liga,26,1996,12,7,554,6.2,0,0,0,0,0,0,1,0,0.3,0.3,0.0,0.4,10,25,23,0.00,0.00,0.00,0.00,0.00,0.05,0.01,0.06,0.05,0.06,ar ARG,MF,Instituto,Copa de la Liga,26,1996,6.2,0,4,0,0.0,0.65,0.00,0.00,0,17.1,0,0,0,0.3,0.3,0.08,-0.3,-0.3,ar ARG,MF,Instituto,Copa de la Liga,26,1996,6.2,135,203,66.5,2084,703,76,91,83.5,47,79,59.5,10,20,50.0,0,0.0,0.5,0.0,1,24,3,1,25,ar ARG,MF,Instituto,Copa de la Liga,26,1996,6.2,203,201,2,1,2,1,9,1,0,0,0,0,135,0,8,ar ARG,MF,Instituto,Copa de la Liga,26,1996,6.2,7,1.14,7,0,0,0,0,0,0,0.00,0,0,0,0,0,0,ar ARG,MF,Instituto,Copa de la Liga,26,1996,6.2,15,7,4,9,2,7,18,38.9,11,8,1,7,5,20,9,1,ar ARG,MF,Instituto,Copa de la Liga,26,1996,6.2,267,9,41,163,68,10,267,7,7,100.0,0,0.0,116,667,316,10,5,2,12,3,137,23,ar ARG,MF,Instituto,Copa de la Liga,26,1996,12,554,46,44.0,6.2,7,62,0,5,24,2,1.58,5,3,+2,+0.32,+0.07,5.2,5.5,-0.3,-0.05,-0.24,ar ARG,MF,Instituto,Copa de la Liga,26,1996,6.2,1,0,0,9,1,1,9,5,7,0,0,0,29,6,10,37.5
Maximiliano Romero,ar ARG,"FW,MF",Racing Club,Copa de la Liga,24,1999,9,2,303,3.4,0,1,1,0,0,0,1,0,0.7,0.7,0.4,1.1,1,6,14,0.00,0.30,0.30,0.00,0.30,0.21,0.11,0.32,0.21,0.32,ar ARG,"FW,MF",Racing Club,Copa de la Liga,24,1999,3.4,0,3,0,0.0,0.89,0.00,0.00,0,11.5,0,0,0,0.7,0.7,0.24,-0.7,-0.7,ar ARG,"FW,MF",Racing Club,Copa de la Liga,24,1999,3.4,34,46,73.9,476,85,22,26,84.6,10,12,83.3,2,5,40.0,1,0.4,0.2,+0.6,5,3,2,0,6,ar ARG,"FW,MF",Racing Club,Copa de la Liga,24,1999,3.4,46,40,5,0,1,1,0,0,0,0,0,0,34,1,2,ar ARG,"FW,MF",Racing Club,Copa de la Liga,24,1999,3.4,8,2.38,7,0,0,1,0,0,1,0.30,1,0,0,0,0,0,ar ARG,"FW,MF",Racing Club,Copa de la Liga,24,1999,3.4,3,1,1,0,2,0,2,0.0,2,2,0,2,1,4,3,0,ar ARG,"FW,MF",Racing Club,Copa de la Liga,24,1999,3.4,73,3,5,31,38,12,73,3,2,66.7,1,33.3,37,162,33,1,1,1,6,1,44,14,ar ARG,"FW,MF",Racing Club,Copa de la Liga,24,1999,9,303,34,24.0,3.4,2,81,1,7,20,3,1.50,8,5,+3,+0.89,+0.61,4.8,3.8,+1.0,+0.29,+0.27,ar ARG,"FW,MF",Racing Club,Copa de la Liga,24,1999,3.4,1,0,0,2,4,1,0,1,1,0,0,0,7,6,4,60.0
Nicolás Romero,ar ARG,DF,Atlé Tucumán,Copa de la Liga,19,2003,14,14,"1,248",13.9,1,0,1,1,0,0,4,0,0.8,0.8,0.1,0.9,5,27,2,0.07,0.00,0.07,0.07,0.07,0.06,0.01,0.07,0.06,0.07,ar ARG,DF,Atlé Tucumán,Copa de la Liga,19,2003,13.9,1,10,4,40.0,0.72,0.29,0.10,0.25,18.3,2,0,0,0.8,0.8,0.08,+0.2,+0.2,ar ARG,DF,Atlé Tucumán,Copa de la Liga,19,2003,13.9,380,519,73.2,7865,3723,129,153,84.3,190,227,83.7,57,121,47.1,0,0.1,0.2,-0.1,3,23,1,0,27,ar ARG,DF,Atlé Tucumán,Copa de la Liga,19,2003,13.9,519,488,30,24,0,1,0,6,0,0,0,0,380,1,7,ar ARG,DF,Atlé Tucumán,Copa de la Liga,19,2003,13.9,8,0.58,5,0,1,2,0,0,0,0.00,0,0,0,0,0,0,ar ARG,DF,Atlé Tucumán,Copa de la Liga,19,2003,13.9,13,9,9,3,1,9,15,60.0,6,17,8,9,17,30,72,2,ar ARG,DF,Atlé Tucumán,Copa de la Liga,19,2003,13.9,675,108,418,238,24,10,675,3,1,33.3,2,66.7,304,1293,706,5,2,1,8,3,331,2,ar ARG,DF,Atlé Tucumán,Copa de la Liga,19,2003,14,"1,248",89,99.0,13.9,14,89,13,0,0,0,1.21,9,12,-3,-0.22,-0.22,13.9,13.5,+0.3,+0.02,-0.03,ar ARG,DF,Atlé Tucumán,Copa de la Liga,19,2003,13.9,4,0,0,8,5,0,0,17,9,0,1,1,78,38,28,57.6
Sergio Romero,ar ARG,GK,Boca Juniors,Copa de la Liga,35,1987,9,9,810,9.0,0,0,0,0,0,0,1,0,0.0,0.0,0.0,0.0,0,0,0,0.00,0.00,0.00,0.00,0.00,0.00,0.00,0.00,0.00,0.00,ar ARG,GK,Boca Juniors,Copa de la Liga,35,1987,9.0,0,0,0,0,0.00,0.00,0,0,0,0,0,0,0.0,0.0,0,0.0,0.0,ar ARG,GK,Boca Juniors,Copa de la Liga,35,1987,9.0,210,297,70.7,6206,4562,30,31,96.8,102,104,98.1,76,159,47.8,0,0.0,0.0,0.0,0,4,0,0,0,ar ARG,GK,Boca Juniors,Copa de la Liga,35,1987,9.0,297,196,100,19,0,2,0,0,0,0,0,0,210,1,0,ar ARG,GK,Boca Juniors,Copa de la Liga,35,1987,9.0,0,0.00,0,0,0,0,0,0,0,0.00,0,0,0,0,0,0,ar ARG,GK,Boca Juniors,Copa de la Liga,35,1987,9.0,0,0,0,0,0,0,0,0,0,0,0,0,0,0,3,1,ar ARG,GK,Boca Juniors,Copa de la Liga,35,1987,9.0,317,275,317,0,0,0,317,0,0,0,0,0,156,731,503,0,0,0,0,0,129,0,ar ARG,GK,Boca Juniors,Copa de la Liga,35,1987,9,810,90,64.3,9.0,9,90,9,0,0,4,1.56,11,9,+2,+0.22,+0.42,11.2,8.6,+2.5,+0.28,+0.03,ar ARG,GK,Boca Juniors,Copa de la Liga,35,1987,9.0,1,0,0,0,2,0,0,0,0,0,0,0,10,0,0,0
Zaid Romero,ar ARG,DF,Estudiantes–LP,Copa de la Liga,23,1999,6,5,495,5.5,1,0,1,1,0,0,0,0,0.5,0.5,0.0,0.5,1,13,3,0.18,0.00,0.18,0.18,0.18,0.09,0.01,0.09,0.09,0.09,ar ARG,DF,Estudiantes–LP,Copa de la Liga,23,1999,5.5,1,3,1,33.3,0.55,0.18,0.33,1.00,10.0,0,0,0,0.5,0.5,0.16,+0.5,+0.5,ar ARG,DF,Estudiantes–LP,Copa de la Liga,23,1999,5.5,172,219,78.5,3247,1460,52,63,82.5,96,109,88.1,19,39,48.7,0,0.0,0.0,0.0,1,6,0,0,13,ar ARG,DF,Estudiantes–LP,Copa de la Liga,23,1999,5.5,219,211,8,6,0,1,0,2,0,0,0,0,172,0,3,ar ARG,DF,Estudiantes–LP,Copa de la Liga,23,1999,5.5,5,0.91,5,0,0,0,0,0,0,0.00,0,0,0,0,0,0,ar ARG,DF,Estudiantes–LP,Copa de la Liga,23,1999,5.5,12,11,7,5,0,4,7,57.1,3,4,2,2,9,21,16,0,ar ARG,DF,Estudiantes–LP,Copa de la Liga,23,1999,5.5,272,28,122,143,8,4,272,6,5,83.3,1,16.7,144,737,460,1,1,0,8,0,148,3,ar ARG,DF,Estudiantes–LP,Copa de la Liga,23,1999,6,495,83,39.3,5.5,5,90,5,1,45,0,1.83,7,4,+3,+0.55,+1.13,8.5,4.8,+3.7,+0.67,+0.56,ar ARG,DF,Estudiantes–LP,Copa de la Liga,23,1999,5.5,0,0,0,3,2,0,0,9,11,0,0,0,34,5,9,35.7
Facundo Roncaglia,ar ARG,DF,Boca Juniors,Copa de la Liga,35,1987,2,2,180,2.0,0,0,0,0,0,0,1,0,0.1,0.1,0.0,0.1,2,13,0,0.00,0.00,0.00,0.00,0.00,0.06,0.00,0.06,0.06,0.06,ar ARG,DF,Boca Juniors,Copa de la Liga,35,1987,2.0,0,1,0,0.0,0.50,0.00,0.00,0,4.4,0,0,0,0.1,0.1,0.12,-0.1,-0.1,ar ARG,DF,Boca Juniors,Copa de la Liga,35,1987,2.0,132,145,91.0,2564,858,47,48,97.9,72,74,97.3,13,19,68.4,0,0.0,0.0,0.0,0,6,0,0,13,ar ARG,DF,Boca Juniors,Copa de la Liga,35,1987,2.0,145,141,3,2,0,1,0,0,0,0,0,0,132,1,2,ar ARG,DF,Boca Juniors,Copa de la Liga,35,1987,2.0,1,0.50,1,0,0,0,0,0,0,0.00,0,0,0,0,0,0,ar ARG,DF,Boca Juniors,Copa de la Liga,35,1987,2.0,3,3,2,1,0,2,3,66.7,1,3,3,0,2,5,8,0,ar ARG,DF,Boca Juniors,Copa de la Liga,35,1987,2.0,158,11,60,96,3,1,158,0,0,0,0,0,91,567,333,2,1,0,0,0,109,0,ar ARG,DF,Boca Juniors,Copa de la Liga,35,1987,2,180,90,14.3,2.0,2,90,2,0,0,6,0.00,1,3,-2,-1.00,-1.25,2.8,1.2,+1.6,+0.81,+0.62,ar ARG,DF,Boca Juniors,Copa de la Liga,35,1987,2.0,1,0,0,1,0,0,0,2,3,0,0,0,16,2,1,66.7
Salomón Rondón,ve VEN,FW,River Plate,Copa de la Liga,33,1989,12,6,563,6.3,5,0,5,5,0,0,1,0,4.2,4.2,0.6,4.8,11,11,39,0.80,0.00,0.80,0.80,0.80,0.66,0.10,0.76,0.66,0.76,ve VEN,FW,River Plate,Copa de la Liga,33,1989,6.3,5,29,12,41.4,4.64,1.92,0.17,0.42,13.1,0,0,0,4.2,4.2,0.14,+0.8,+0.8,ve VEN,FW,River Plate,Copa de la Liga,33,1989,6.3,96,123,78.0,1124,257,67,80,83.8,20,26,76.9,0,1,0.0,0,0.6,0.7,-0.6,8,4,7,1,11,ve VEN,FW,River Plate,Copa de la Liga,33,1989,6.3,123,118,5,0,1,0,2,0,0,0,0,0,96,0,3,ve VEN,FW,River Plate,Copa de la Liga,33,1989,6.3,20,3.20,15,0,0,3,1,1,1,0.16,0,0,0,1,0,0,ve VEN,FW,River Plate,Copa de la Liga,33,1989,6.3,3,2,1,1,1,1,4,25.0,3,3,1,2,0,3,5,0,ve VEN,FW,River Plate,Copa de la Liga,33,1989,6.3,191,6,11,70,111,46,191,4,2,50.0,2,50.0,119,402,195,11,3,11,18,7,147,39,ve VEN,FW,River Plate,Copa de la Liga,33,1989,12,563,47,44.7,6.3,6,72,1,6,22,0,1.71,11,6,+5,+0.80,+0.41,10.4,5.4,+4.9,+0.79,+0.32,ve VEN,FW,River Plate,Copa de la Liga,33,1989,6.3,1,0,0,7,4,2,2,0,2,0,0,0,23,15,30,33.3
Siro Rosane,ar ARG,MF,Barracas Central,Copa de la Liga,22,2000,9,3,399,4.4,0,0,0,0,0,0,2,1,0.1,0.1,0.2,0.4,3,15,7,0.00,0.00,0.00,0.00,0.00,0.03,0.05,0.09,0.03,0.09,ar ARG,MF,Barracas Central,Copa de la Liga,22,2000,4.4,0,6,1,16.7,1.35,0.23,0.00,0.00,28.4,0,0,0,0.1,0.1,0.02,-0.1,-0.1,ar ARG,MF,Barracas Central,Copa de la Liga,22,2000,4.4,139,170,81.8,2352,545,70,77,90.9,49,60,81.7,14,22,63.6,0,0.2,0.0,-0.2,1,12,0,0,15,ar ARG,MF,Barracas Central,Copa de la Liga,22,2000,4.4,170,169,1,1,0,3,2,0,0,0,0,0,139,0,3,ar ARG,MF,Barracas Central,Copa de la Liga,22,2000,4.4,9,2.03,5,0,1,2,1,0,0,0.00,0,0,0,0,0,0,ar ARG,MF,Barracas Central,Copa de la Liga,22,2000,4.4,18,10,5,13,0,11,16,68.8,5,3,0,3,5,23,4,0,ar ARG,MF,Barracas Central,Copa de la Liga,22,2000,4.4,230,6,31,171,28,3,230,5,3,60.0,1,20.0,103,510,196,3,0,0,6,3,126,7,ar ARG,MF,Barracas Central,Copa de la Liga,22,2000,9,399,44,31.7,4.4,3,75,1,6,29,3,1.33,2,5,-3,-0.68,+0.16,4.7,4.6,+0.1,+0.02,+0.28,ar ARG,MF,Barracas Central,Copa de la Liga,22,2000,4.4,2,1,1,6,5,0,2,5,10,0,0,0,27,10,9,52.6
Genaro Rossi,ar ARG,FW,Newell's OB,Copa de la Liga,20,2002,2,0,14,0.2,0,0,0,0,0,0,0,0,0.0,0.0,0.1,0.1,2,0,2,0.00,0.00,0.00,0.00,0.00,0.09,0.41,0.50,0.09,0.50,ar ARG,FW,Newell's OB,Copa de la Liga,20,2002,0.2,0,1,1,100.0,6.43,6.43,0.00,0.00,33.5,0,0,0,0.0,0.0,0.02,0.0,0.0,ar ARG,FW,Newell's OB,Copa de la Liga,20,2002,0.2,4,6,66.7,62,8,2,3,66.7,2,2,100.0,0,0,0,0,0.1,0.0,-0.1,1,0,0,0,0,ar ARG,FW,Newell's OB,Copa de la Liga,20,2002,0.2,6,6,0,0,0,0,0,0,0,0,0,0,4,0,0,ar ARG,FW,Newell's OB,Copa de la Liga,20,2002,0.2,3,16.88,1,0,2,0,0,0,0,0.00,0,0,0,0,0,0,ar ARG,FW,Newell's OB,Copa de la Liga,20,2002,0.2,0,0,0,0,0,0,0,0,0,0,0,0,0,0,0,0,ar ARG,FW,Newell's OB,Copa de la Liga,20,2002,0.2,7,0,0,3,4,2,7,2,2,100.0,0,0.0,5,71,41,2,1,1,0,0,7,2,ar ARG,FW,Newell's OB,Copa de la Liga,20,2002,2,14,7,1.1,0.2,0,0,0,2,7,5,1.50,0,0,0,0.00,-0.29,0.1,0.6,-0.5,-2.60,-2.76,ar ARG,FW,Newell's OB,Copa de la Liga,20,2002,0.2,0,0,0,1,0,0,0,0,0,0,0,0,0,1,0,100.0
Iván Rossi,ar ARG,MF,Platense,Copa de la Liga,29,1993,9,3,290,3.2,0,0,0,0,0,0,1,0,0.0,0.0,0.0,0.0,1,14,1,0.00,0.00,0.00,0.00,0.00,0.00,0.00,0.01,0.00,0.01,ar ARG,MF,Platense,Copa de la Liga,29,1993,3.2,0,1,1,100.0,0.31,0.31,0.00,0.00,29.4,0,0,0,0.0,0.0,0.01,0.0,0.0,ar ARG,MF,Platense,Copa de la Liga,29,1993,3.2,99,134,73.9,1756,550,44,49,89.8,48,65,73.8,6,11,54.5,0,0.0,0.0,0.0,1,11,1,0,14,ar ARG,MF,Platense,Copa de la Liga,29,1993,3.2,134,129,5,4,0,2,0,1,0,0,0,0,99,0,5,ar ARG,MF,Platense,Copa de la Liga,29,1993,3.2,2,0.62,2,0,0,0,0,0,0,0.00,0,0,0,0,0,0,ar ARG,MF,Platense,Copa de la Liga,29,1993,3.2,10,9,2,6,2,4,5,80.0,1,4,0,4,9,19,7,0,ar ARG,MF,Platense,Copa de la Liga,29,1993,3.2,181,9,40,122,19,0,181,5,3,60.0,1,20.0,67,234,56,1,2,0,6,3,72,1,ar ARG,MF,Platense,Copa de la Liga,29,1993,9,290,32,23.0,3.2,3,65,0,6,16,1,1.44,5,7,-2,-0.62,-0.53,2.9,4.4,-1.5,-0.46,-0.39,ar ARG,MF,Platense,Copa de la Liga,29,1993,3.2,1,0,0,5,2,0,0,9,9,0,0,0,30,9,5,64.3
Tobías Rubio,ar ARG,DF,Racing Club,Copa de la Liga,18,2004,7,5,432,4.8,0,0,0,0,0,0,4,1,0.0,0.0,0.1,0.1,2,8,20,0.00,0.00,0.00,0.00,0.00,0.00,0.02,0.02,0.00,0.02,ar ARG,DF,Racing Club,Copa de la Liga,18,2004,4.8,0,0,0,0,0.00,0.00,0,0,0,0,0,0,0.0,0.0,0,0.0,0.0,ar ARG,DF,Racing Club,Copa de la Liga,18,2004,4.8,230,287,80.1,4065,1345,99,108,91.7,109,130,83.8,20,40,50.0,0,0.1,0.1,-0.1,2,7,3,2,8,ar ARG,DF,Racing Club,Copa de la Liga,18,2004,4.8,287,262,25,8,0,0,9,17,0,0,0,0,230,0,4,ar ARG,DF,Racing Club,Copa de la Liga,18,2004,4.8,11,2.29,8,2,0,0,0,1,0,0.00,0,0,0,0,0,0,ar ARG,DF,Racing Club,Copa de la Liga,18,2004,4.8,8,5,6,1,1,8,11,72.7,3,7,4,3,4,12,27,0,ar ARG,DF,Racing Club,Copa de la Liga,18,2004,4.8,339,40,151,154,35,2,339,1,0,0.0,1,100.0,183,787,339,2,2,0,6,1,204,20,ar ARG,DF,Racing Club,Copa de la Liga,18,2004,7,432,62,34.3,4.8,5,72,2,2,37,5,1.71,8,5,+3,+0.62,+0.30,6.9,5.5,+1.4,+0.29,+0.33,ar ARG,DF,Racing Club,Copa de la Liga,18,2004,4.8,4,1,1,6,0,0,9,4,5,0,0,0,39,10,5,66.7
Javier Ruiz,ar ARG,"MF,FW",Independiente,Copa de la Liga,18,2004,7,0,213,2.4,0,0,0,0,0,0,1,0,0.2,0.2,0.2,0.4,10,7,15,0.00,0.00,0.00,0.00,0.00,0.08,0.10,0.17,0.08,0.17,ar ARG,"MF,FW",Independiente,Copa de la Liga,18,2004,2.4,0,2,2,100.0,0.85,0.85,0.00,0.00,16.4,0,0,0,0.2,0.2,0.09,-0.2,-0.2,ar ARG,"MF,FW",Independiente,Copa de la Liga,18,2004,2.4,81,110,73.6,1029,194,61,69,88.4,17,23,73.9,3,9,33.3,0,0.2,0.2,-0.2,4,5,2,0,7,ar ARG,"MF,FW",Independiente,Copa de la Liga,18,2004,2.4,110,102,7,1,1,1,11,3,3,0,2,0,81,1,7,ar ARG,"MF,FW",Independiente,Copa de la Liga,18,2004,2.4,11,4.63,8,0,1,0,1,1,2,0.84,0,0,1,0,1,0,ar ARG,"MF,FW",Independiente,Copa de la Liga,18,2004,2.4,14,7,5,5,4,4,4,100.0,0,4,0,4,1,15,0,0,ar ARG,"MF,FW",Independiente,Copa de la Liga,18,2004,2.4,169,0,15,78,79,6,169,28,11,39.3,16,57.1,113,673,327,10,10,0,8,9,109,15,ar ARG,"MF,FW",Independiente,Copa de la Liga,18,2004,7,213,30,16.9,2.4,0,0,0,7,30,3,1.29,5,3,+2,+0.85,+0.67,5.4,2.1,+3.3,+1.40,+1.01,ar ARG,"MF,FW",Independiente,Copa de la Liga,18,2004,2.4,1,0,0,3,6,0,11,1,7,0,0,0,19,0,5,0.0
Ramiro Ruiz,ar ARG,"FW,DF",Atlé Tucumán,Copa de la Liga,22,2000,8,1,233,2.6,0,0,0,0,0,0,0,1,0.3,0.3,0.5,0.8,7,5,19,0.00,0.00,0.00,0.00,0.00,0.10,0.20,0.30,0.10,0.30,ar ARG,"FW,DF",Atlé Tucumán,Copa de la Liga,22,2000,2.6,0,4,1,25.0,1.55,0.39,0.00,0.00,15.5,0,0,0,0.3,0.3,0.06,-0.3,-0.3,ar ARG,"FW,DF",Atlé Tucumán,Copa de la Liga,22,2000,2.6,33,52,63.5,387,128,20,29,69.0,6,10,60.0,2,3,66.7,0,0.5,0.5,-0.5,4,1,6,2,5,ar ARG,"FW,DF",Atlé Tucumán,Copa de la Liga,22,2000,2.6,52,50,1,0,0,0,6,0,0,0,0,0,33,1,2,ar ARG,"FW,DF",Atlé Tucumán,Copa de la Liga,22,2000,2.6,9,3.48,7,0,0,0,2,0,0,0.00,0,0,0,0,0,0,ar ARG,"FW,DF",Atlé Tucumán,Copa de la Liga,22,2000,2.6,4,4,3,1,0,2,4,50.0,2,2,1,1,2,6,5,0,ar ARG,"FW,DF",Atlé Tucumán,Copa de la Liga,22,2000,2.6,93,6,12,22,60,13,93,14,5,35.7,7,50.0,54,346,177,7,6,6,11,4,61,19,ar ARG,"FW,DF",Atlé Tucumán,Copa de la Liga,22,2000,8,233,29,18.5,2.6,1,79,0,7,22,3,1.00,1,4,-3,-1.16,-1.16,3.1,2.9,+0.1,+0.06,+0.04,ar ARG,"FW,DF",Atlé Tucumán,Copa de la Liga,22,2000,2.6,0,1,0,4,5,1,6,2,4,0,0,0,7,4,8,33.3
Facundo Russo,ar ARG,"MF,FW",Platense,Copa de la Liga,22,2000,5,1,152,1.7,0,0,0,0,0,0,0,0,0.2,0.2,0.2,0.5,7,3,12,0.00,0.00,0.00,0.00,0.00,0.15,0.13,0.28,0.15,0.28,ar ARG,"MF,FW",Platense,Copa de la Liga,22,2000,1.7,0,3,1,33.3,1.78,0.59,0.00,0.00,21.6,0,0,0,0.2,0.2,0.08,-0.2,-0.2,ar ARG,"MF,FW",Platense,Copa de la Liga,22,2000,1.7,21,39,53.8,410,156,10,14,71.4,3,10,30.0,5,8,62.5,0,0.2,0.1,-0.2,5,1,3,2,3,ar ARG,"MF,FW",Platense,Copa de la Liga,22,2000,1.7,39,34,4,1,0,1,10,0,3,0,3,0,21,1,1,ar ARG,"MF,FW",Platense,Copa de la Liga,22,2000,1.7,10,5.92,5,2,2,1,0,0,0,0.00,0,0,0,0,0,0,ar ARG,"MF,FW",Platense,Copa de la Liga,22,2000,1.7,4,1,2,1,1,1,2,50.0,1,4,0,4,1,5,0,0,ar ARG,"MF,FW",Platense,Copa de la Liga,22,2000,1.7,64,1,12,20,34,4,64,6,3,50.0,3,50.0,31,264,150,7,2,2,5,1,34,12,ar ARG,"MF,FW",Platense,Copa de la Liga,22,2000,5,152,30,12.1,1.7,1,75,0,4,19,5,1.25,2,1,+1,+0.59,+0.92,1.5,2.4,-0.9,-0.52,-0.41,ar ARG,"MF,FW",Platense,Copa de la Liga,22,2000,1.7,0,0,0,1,1,0,10,1,1,0,0,0,6,2,5,28.6
Brian Salvareschi,ar ARG,DF,Godoy Cruz,Copa de la Liga,23,1999,2,0,12,0.1,0,0,0,0,0,0,0,0,0.0,0.0,0.0,0.0,0,0,0,0.00,0.00,0.00,0.00,0.00,0.00,0.00,0.00,0.00,0.00,ar ARG,DF,Godoy Cruz,Copa de la Liga,23,1999,0.1,0,0,0,0,0.00,0.00,0,0,0,0,0,0,0.0,0.0,0,0.0,0.0,ar ARG,DF,Godoy Cruz,Copa de la Liga,23,1999,0.1,2,5,40.0,34,33,0,0,0,2,2,100.0,0,3,0.0,0,0.0,0.0,0.0,0,0,0,0,0,ar ARG,DF,Godoy Cruz,Copa de la Liga,23,1999,0.1,5,5,0,0,0,0,0,0,0,0,0,0,2,0,0,ar ARG,DF,Godoy Cruz,Copa de la Liga,23,1999,0.1,0,0.00,0,0,0,0,0,0,0,0.00,0,0,0,0,0,0,ar ARG,DF,Godoy Cruz,Copa de la Liga,23,1999,0.1,0,0,0,0,0,0,0,0,0,0,0,0,0,0,4,0,ar ARG,DF,Godoy Cruz,Copa de la Liga,23,1999,0.1,10,3,10,0,0,0,10,0,0,0,0,0,2,23,0,0,0,0,0,0,2,0,ar ARG,DF,Godoy Cruz,Copa de la Liga,23,1999,2,12,6,1.0,0.1,0,0,0,2,6,12,1.67,0,1,-1,-7.50,-7.93,0.6,0.4,+0.1,+1.09,+0.81,ar ARG,DF,Godoy Cruz,Copa de la Liga,23,1999,0.1,0,0,0,0,0,0,0,0,0,0,0,0,1,4,0,100.0
Mateo Sanabria,ar ARG,"FW,MF",Cen. Córdoba–SdE,Copa de la Liga,18,2004,11,0,396,4.4,3,0,3,3,0,0,0,0,2.0,2.0,0.7,2.7,17,6,35,0.68,0.00,0.68,0.68,0.68,0.45,0.15,0.61,0.45,0.61,ar ARG,"FW,MF",Cen. Córdoba–SdE,Copa de la Liga,18,2004,4.4,3,13,7,53.8,2.95,1.59,0.23,0.43,16.8,0,0,0,2.0,2.0,0.15,+1.0,+1.0,ar ARG,"FW,MF",Cen. Córdoba–SdE,Copa de la Liga,18,2004,4.4,49,75,65.3,659,228,37,41,90.2,9,18,50.0,3,5,60.0,0,0.7,0.2,-0.7,2,6,2,0,6,ar ARG,"FW,MF",Cen. Córdoba–SdE,Copa de la Liga,18,2004,4.4,75,73,2,1,0,2,9,1,0,0,0,0,49,0,9,ar ARG,"FW,MF",Cen. Córdoba–SdE,Copa de la Liga,18,2004,4.4,17,3.86,4,0,3,2,6,2,0,0.00,0,0,0,0,0,0,ar ARG,"FW,MF",Cen. Córdoba–SdE,Copa de la Liga,18,2004,4.4,10,9,0,9,1,4,8,50.0,4,4,0,4,4,14,1,0,ar ARG,"FW,MF",Cen. Córdoba–SdE,Copa de la Liga,18,2004,4.4,163,1,12,75,84,13,163,43,18,41.9,18,41.9,118,890,503,17,11,4,19,11,114,35,ar ARG,"FW,MF",Cen. Córdoba–SdE,Copa de la Liga,18,2004,11,396,36,31.4,4.4,0,0,0,11,36,3,1.09,5,8,-3,-0.68,-0.68,5.3,4.0,+1.2,+0.28,+0.32,ar ARG,"FW,MF",Cen. Córdoba–SdE,Copa de la Liga,18,2004,4.4,0,0,0,6,27,1,9,4,9,0,0,0,33,0,5,0.0
Carlos Sánchez,co COL,"DF,MF",San Lorenzo,Copa de la Liga,36,1986,13,10,892,9.9,0,0,0,0,0,0,4,1,0.1,0.1,0.0,0.1,1,19,6,0.00,0.00,0.00,0.00,0.00,0.01,0.00,0.01,0.01,0.01,co COL,"DF,MF",San Lorenzo,Copa de la Liga,36,1986,9.9,0,2,0,0.0,0.20,0.00,0.00,0,27.9,0,0,0,0.1,0.1,0.04,-0.1,-0.1,co COL,"DF,MF",San Lorenzo,Copa de la Liga,36,1986,9.9,266,325,81.8,4908,1613,111,127,87.4,117,136,86.0,35,53,66.0,0,0.0,0.1,0.0,1,14,1,0,19,co COL,"DF,MF",San Lorenzo,Copa de la Liga,36,1986,9.9,325,323,2,2,0,1,0,0,0,0,0,0,266,0,4,co COL,"DF,MF",San Lorenzo,Copa de la Liga,36,1986,9.9,2,0.20,2,0,0,0,0,0,0,0.00,0,0,0,0,0,0,co COL,"DF,MF",San Lorenzo,Copa de la Liga,36,1986,9.9,17,8,7,8,2,10,21,47.6,11,9,4,5,7,24,37,0,co COL,"DF,MF",San Lorenzo,Copa de la Liga,36,1986,9.9,414,46,152,234,30,3,414,2,1,50.0,1,50.0,158,564,166,1,3,0,6,1,204,6,co COL,"DF,MF",San Lorenzo,Copa de la Liga,36,1986,13,892,69,70.8,9.9,10,79,4,3,34,0,1.31,6,9,-3,-0.30,-1.04,6.5,8.9,-2.4,-0.24,-0.36,co COL,"DF,MF",San Lorenzo,Copa de la Liga,36,1986,9.9,4,1,1,12,0,0,0,7,8,0,0,0,75,22,4,84.6
Felipe Sánchez,ar ARG,DF,Gimnasia–LP,Copa de la Liga,18,2004,2,2,180,2.0,0,0,0,0,0,0,1,0,0.0,0.0,0.0,0.0,0,6,0,0.00,0.00,0.00,0.00,0.00,0.00,0.00,0.00,0.00,0.00,ar ARG,DF,Gimnasia–LP,Copa de la Liga,18,2004,2.0,0,0,0,0,0.00,0.00,0,0,0,0,0,0,0.0,0.0,0,0.0,0.0,ar ARG,DF,Gimnasia–LP,Copa de la Liga,18,2004,2.0,82,103,79.6,1718,664,21,23,91.3,42,49,85.7,17,27,63.0,0,0.0,0.0,0.0,0,3,0,0,6,ar ARG,DF,Gimnasia–LP,Copa de la Liga,18,2004,2.0,103,95,8,8,0,2,0,0,0,0,0,0,82,0,0,ar ARG,DF,Gimnasia–LP,Copa de la Liga,18,2004,2.0,1,0.50,1,0,0,0,0,0,0,0.00,0,0,0,0,0,0,ar ARG,DF,Gimnasia–LP,Copa de la Liga,18,2004,2.0,2,2,1,1,0,2,4,50.0,2,0,0,0,1,3,9,0,ar ARG,DF,Gimnasia–LP,Copa de la Liga,18,2004,2.0,119,11,57,63,1,0,119,0,0,0,0,0,61,231,116,0,0,0,2,0,56,0,ar ARG,DF,Gimnasia–LP,Copa de la Liga,18,2004,2,180,90,14.3,2.0,2,90,2,0,0,12,0.00,0,5,-5,-2.50,-2.25,1.3,3.2,-1.8,-0.92,-0.80,ar ARG,DF,Gimnasia–LP,Copa de la Liga,18,2004,2.0,1,0,0,1,0,0,0,1,2,0,0,0,20,6,4,60.0
Juan Sánchez Miño,ar ARG,"DF,MF",Lanús,Copa de la Liga,33,1990,7,7,598,6.6,0,0,0,0,0,0,1,1,0.0,0.0,0.3,0.3,14,38,25,0.00,0.00,0.00,0.00,0.00,0.00,0.04,0.05,0.00,0.05,ar ARG,"DF,MF",Lanús,Copa de la Liga,33,1990,6.6,0,1,0,0.0,0.15,0.00,0.00,0,31.2,0,0,0,0.0,0.0,0.03,0.0,0.0,ar ARG,"DF,MF",Lanús,Copa de la Liga,33,1990,6.6,284,362,78.5,5084,1873,129,141,91.5,119,143,83.2,30,55,54.5,0,0.3,0.8,-0.3,8,41,7,4,38,ar ARG,"DF,MF",Lanús,Copa de la Liga,33,1990,6.6,362,307,54,13,2,3,19,39,2,0,2,0,284,1,13,ar ARG,"DF,MF",Lanús,Copa de la Liga,33,1990,6.6,21,3.16,18,3,0,0,0,0,1,0.15,1,0,0,0,0,0,ar ARG,"DF,MF",Lanús,Copa de la Liga,33,1990,6.6,22,17,9,11,2,15,20,75.0,5,11,2,9,4,26,7,0,ar ARG,"DF,MF",Lanús,Copa de la Liga,33,1990,6.6,427,10,119,248,66,1,427,14,10,71.4,4,28.6,220,1335,669,14,7,0,8,6,239,25,ar ARG,"DF,MF",Lanús,Copa de la Liga,33,1990,7,598,85,47.5,6.6,7,85,6,0,0,1,0.43,4,8,-4,-0.60,-0.47,7.8,4.9,+2.9,+0.43,+0.49,ar ARG,"DF,MF",Lanús,Copa de la Liga,33,1990,6.6,1,1,0,7,5,0,19,4,17,0,0,0,56,3,9,25.0
Nicolás Sánchez,ar ARG,MF,Gimnasia–LP,Copa de la Liga,18,2004,1,1,68,0.8,0,0,0,0,0,0,0,0,0.0,0.0,0.0,0.0,0,4,2,0.00,0.00,0.00,0.00,0.00,0.03,0.00,0.03,0.03,0.03,ar ARG,MF,Gimnasia–LP,Copa de la Liga,18,2004,0.8,0,1,0,0.0,1.32,0.00,0.00,0,31.5,0,0,0,0.0,0.0,0.03,0.0,0.0,ar ARG,MF,Gimnasia–LP,Copa de la Liga,18,2004,0.8,28,39,71.8,511,211,15,18,83.3,8,8,100.0,5,10,50.0,0,0.0,0.3,0.0,0,5,1,0,4,ar ARG,MF,Gimnasia–LP,Copa de la Liga,18,2004,0.8,39,33,5,5,1,1,1,0,0,0,0,0,28,1,2,ar ARG,MF,Gimnasia–LP,Copa de la Liga,18,2004,0.8,1,1.32,0,1,0,0,0,0,0,0.00,0,0,0,0,0,0,ar ARG,MF,Gimnasia–LP,Copa de la Liga,18,2004,0.8,1,0,0,1,0,1,5,20.0,4,3,2,1,0,1,1,0,ar ARG,MF,Gimnasia–LP,Copa de la Liga,18,2004,0.8,49,3,9,34,6,0,49,0,0,0,0,0,27,132,44,0,0,0,2,1,23,2,ar ARG,MF,Gimnasia–LP,Copa de la Liga,18,2004,1,68,68,5.4,0.8,1,68,0,0,0,4,0.00,0,1,-1,-1.32,-0.80,0.4,0.9,-0.5,-0.65,-0.43,ar ARG,MF,Gimnasia–LP,Copa de la Liga,18,2004,0.8,0,0,0,1,2,0,1,0,0,0,0,0,7,0,0,0
Ulises Sánchez,ar ARG,"MF,FW",Belgrano,Copa de la Liga,24,1998,14,14,"1,202",13.4,2,6,8,2,0,0,1,0,1.7,1.7,2.0,3.7,26,62,54,0.15,0.45,0.60,0.15,0.60,0.13,0.15,0.27,0.13,0.27,ar ARG,"MF,FW",Belgrano,Copa de la Liga,24,1998,13.4,2,30,10,33.3,2.25,0.75,0.07,0.20,21.7,2,0,0,1.7,1.7,0.06,+0.3,+0.3,ar ARG,"MF,FW",Belgrano,Copa de la Liga,24,1998,13.4,257,405,63.5,5854,1908,76,104,73.1,107,152,70.4,71,118,60.2,6,2.0,1.4,+4.0,24,46,12,4,62,ar ARG,"MF,FW",Belgrano,Copa de la Liga,24,1998,13.4,405,348,54,28,0,10,52,6,19,5,11,1,257,3,18,ar ARG,"MF,FW",Belgrano,Copa de la Liga,24,1998,13.4,56,4.19,33,9,5,6,1,2,11,0.82,6,3,0,2,0,0,ar ARG,"MF,FW",Belgrano,Copa de la Liga,24,1998,13.4,29,21,12,10,7,12,42,28.6,30,18,3,15,8,37,7,0,ar ARG,"MF,FW",Belgrano,Copa de la Liga,24,1998,13.4,592,9,86,302,217,34,592,61,27,44.3,28,45.9,312,1956,934,26,20,6,33,24,329,54,ar ARG,"MF,FW",Belgrano,Copa de la Liga,24,1998,14,"1,202",86,95.4,13.4,14,86,9,0,0,0,1.40,19,16,+3,+0.22,+1.78,13.0,16.7,-3.7,-0.28,-0.54,ar ARG,"MF,FW",Belgrano,Copa de la Liga,24,1998,13.4,1,0,0,9,18,0,52,8,21,0,0,0,73,8,13,38.1
José Sand,ar ARG,"FW,MF",Lanús,Copa de la Liga,42,1980,9,0,182,2.0,0,0,0,0,0,0,0,0,0.8,0.8,0.0,0.9,0,4,14,0.00,0.00,0.00,0.00,0.00,0.40,0.02,0.42,0.40,0.42,ar ARG,"FW,MF",Lanús,Copa de la Liga,42,1980,2.0,0,6,1,16.7,2.97,0.49,0.00,0.00,12.8,0,0,0,0.8,0.8,0.14,-0.8,-0.8,ar ARG,"FW,MF",Lanús,Copa de la Liga,42,1980,2.0,28,39,71.8,408,81,15,20,75.0,10,13,76.9,2,2,100.0,0,0.0,0.0,0.0,1,2,0,0,4,ar ARG,"FW,MF",Lanús,Copa de la Liga,42,1980,2.0,39,37,2,0,0,0,1,0,0,0,0,0,28,0,2,ar ARG,"FW,MF",Lanús,Copa de la Liga,42,1980,2.0,9,4.40,4,0,1,2,2,0,0,0.00,0,0,0,0,0,0,ar ARG,"FW,MF",Lanús,Copa de la Liga,42,1980,2.0,2,1,1,0,1,0,1,0.0,1,1,0,1,1,3,0,0,ar ARG,"FW,MF",Lanús,Copa de la Liga,42,1980,2.0,65,0,6,21,38,9,65,6,2,33.3,1,16.7,44,185,41,0,3,0,11,1,55,14,ar ARG,"FW,MF",Lanús,Copa de la Liga,42,1980,9,182,20,14.4,2.0,0,0,0,9,20,4,0.89,1,3,-2,-0.99,-0.74,2.9,2.5,+0.4,+0.18,+0.01,ar ARG,"FW,MF",Lanús,Copa de la Liga,42,1980,2.0,0,0,0,1,5,0,1,1,1,0,0,0,2,1,4,20.0
Agustín Sández,py PAR,DF,Rosario Central,Copa de la Liga,22,2001,11,2,399,4.4,0,0,0,0,0,0,1,0,0.0,0.0,0.0,0.0,7,12,10,0.00,0.00,0.00,0.00,0.00,0.01,0.00,0.01,0.01,0.01,py PAR,DF,Rosario Central,Copa de la Liga,22,2001,4.4,0,1,0,0.0,0.23,0.00,0.00,0,19.3,0,0,0,0.0,0.0,0.03,0.0,0.0,py PAR,DF,Rosario Central,Copa de la Liga,22,2001,4.4,147,204,72.1,2554,1082,72,83,86.7,61,78,78.2,12,31,38.7,0,0.0,0.1,0.0,0,7,0,0,12,py PAR,DF,Rosario Central,Copa de la Liga,22,2001,4.4,204,164,40,5,0,2,3,35,0,0,0,0,147,0,10,py PAR,DF,Rosario Central,Copa de la Liga,22,2001,4.4,4,0.90,3,1,0,0,0,0,0,0.00,0,0,0,0,0,0,py PAR,DF,Rosario Central,Copa de la Liga,22,2001,4.4,14,10,7,6,1,10,12,83.3,2,8,2,6,4,18,14,0,py PAR,DF,Rosario Central,Copa de la Liga,22,2001,4.4,253,17,103,101,50,3,253,3,1,33.3,2,66.7,119,615,376,7,4,0,3,2,115,10,py PAR,DF,Rosario Central,Copa de la Liga,22,2001,11,399,36,31.7,4.4,2,90,2,9,24,1,1.86,8,5,+3,+0.68,+0.57,5.4,6.0,-0.6,-0.13,+0.29,py PAR,DF,Rosario Central,Copa de la Liga,22,2001,4.4,1,0,0,5,2,0,3,4,10,0,0,0,29,9,2,81.8
Agustín Sant'Anna,uy URU,DF,Defensa y Just,Copa de la Liga,25,1997,7,5,472,5.2,0,1,1,0,0,0,3,0,0.6,0.6,0.4,1.0,13,17,21,0.00,0.19,0.19,0.00,0.19,0.11,0.08,0.19,0.11,0.19,uy URU,DF,Defensa y Just,Copa de la Liga,25,1997,5.2,0,6,3,50.0,1.14,0.57,0.00,0.00,19.0,1,0,0,0.6,0.6,0.10,-0.6,-0.6,uy URU,DF,Defensa y Just,Copa de la Liga,25,1997,5.2,130,214,60.7,2329,1211,65,84,77.4,46,71,64.8,16,41,39.0,1,0.4,0.4,+0.6,7,9,6,2,17,uy URU,DF,Defensa y Just,Copa de la Liga,25,1997,5.2,214,170,42,5,1,3,11,36,1,0,0,0,130,2,9,uy URU,DF,Defensa y Just,Copa de la Liga,25,1997,5.2,15,2.86,11,0,1,3,0,0,1,0.19,1,0,0,0,0,0,uy URU,DF,Defensa y Just,Copa de la Liga,25,1997,5.2,10,6,7,3,0,6,13,46.2,7,4,0,4,7,17,26,0,uy URU,DF,Defensa y Just,Copa de la Liga,25,1997,5.2,289,26,116,104,72,11,289,12,8,66.7,4,33.3,107,713,449,13,9,4,10,3,114,21,uy URU,DF,Defensa y Just,Copa de la Liga,25,1997,7,472,67,37.5,5.2,5,81,4,2,34,0,1.00,5,6,-1,-0.19,+0.15,5.5,6.7,-1.2,-0.24,+0.59,uy URU,DF,Defensa y Just,Copa de la Liga,25,1997,5.2,3,0,0,7,1,0,11,7,6,0,0,0,32,11,8,57.9
Marcelo Saracchi,uy URU,DF,Boca Juniors,Copa de la Liga,24,1998,11,11,961,10.7,0,2,2,0,0,0,3,0,0.3,0.3,2.5,2.8,21,49,58,0.00,0.19,0.19,0.00,0.19,0.03,0.23,0.26,0.03,0.26,uy URU,DF,Boca Juniors,Copa de la Liga,24,1998,10.7,0,6,1,16.7,0.56,0.09,0.00,0.00,19.2,0,0,0,0.3,0.3,0.04,-0.3,-0.3,uy URU,DF,Boca Juniors,Copa de la Liga,24,1998,10.7,562,695,80.9,9879,3190,261,299,87.3,233,276,84.4,62,91,68.1,2,2.5,1.8,-0.5,13,36,10,7,49,uy URU,DF,Boca Juniors,Copa de la Liga,24,1998,10.7,695,564,130,2,0,5,39,127,1,0,1,0,562,1,19,uy URU,DF,Boca Juniors,Copa de la Liga,24,1998,10.7,22,2.06,20,1,0,1,0,0,4,0.37,3,0,0,1,0,0,uy URU,DF,Boca Juniors,Copa de la Liga,24,1998,10.7,23,17,11,12,0,10,20,50.0,10,17,2,15,7,30,16,0,uy URU,DF,Boca Juniors,Copa de la Liga,24,1998,10.7,802,25,231,397,178,14,802,22,11,50.0,11,50.0,349,1885,959,21,11,2,13,10,472,58,uy URU,DF,Boca Juniors,Copa de la Liga,24,1998,11,961,87,76.3,10.7,11,87,9,0,0,3,1.27,14,12,+2,+0.19,+0.49,13.1,8.7,+4.4,+0.41,+0.58,uy URU,DF,Boca Juniors,Copa de la Liga,24,1998,10.7,3,0,0,18,4,4,39,7,17,0,0,0,75,7,6,53.8
Jabes Saralegui,ar ARG,MF,Boca Juniors,Copa de la Liga,20,2003,4,2,207,2.3,0,0,0,0,0,0,0,0,0.3,0.3,0.1,0.3,1,12,3,0.00,0.00,0.00,0.00,0.00,0.11,0.03,0.14,0.11,0.14,ar ARG,MF,Boca Juniors,Copa de la Liga,20,2003,2.3,0,4,2,50.0,1.74,0.87,0.00,0.00,19.6,0,0,0,0.3,0.3,0.06,-0.3,-0.3,ar ARG,MF,Boca Juniors,Copa de la Liga,20,2003,2.3,66,83,79.5,1124,323,31,36,86.1,26,30,86.7,6,11,54.5,0,0.1,0.1,-0.1,1,9,3,0,12,ar ARG,MF,Boca Juniors,Copa de la Liga,20,2003,2.3,83,82,0,0,0,0,1,0,0,0,0,0,66,1,1,ar ARG,MF,Boca Juniors,Copa de la Liga,20,2003,2.3,6,2.61,5,0,0,1,0,0,1,0.43,1,0,0,0,0,0,ar ARG,MF,Boca Juniors,Copa de la Liga,20,2003,2.3,3,2,0,3,0,1,5,20.0,4,1,0,1,1,4,1,0,ar ARG,MF,Boca Juniors,Copa de la Liga,20,2003,2.3,102,2,18,61,24,4,102,5,2,40.0,2,40.0,54,224,107,1,2,1,1,1,74,3,ar ARG,MF,Boca Juniors,Copa de la Liga,20,2003,4,207,52,16.4,2.3,2,75,1,2,29,1,1.75,2,2,0,0.00,-0.09,3.4,1.6,+1.8,+0.77,+0.60,ar ARG,MF,Boca Juniors,Copa de la Liga,20,2003,2.3,0,0,0,4,2,0,1,1,2,0,0,0,11,0,3,0.0
Rodrigo Saravia,uy URU,MF,Gimnasia–LP,Copa de la Liga,22,2000,13,12,"1,066",11.8,0,0,0,0,0,0,4,0,0.5,0.5,0.1,0.6,12,66,14,0.00,0.00,0.00,0.00,0.00,0.04,0.01,0.05,0.04,0.05,uy URU,MF,Gimnasia–LP,Copa de la Liga,22,2000,11.8,0,17,1,5.9,1.44,0.08,0.00,0.00,26.3,1,0,0,0.5,0.5,0.03,-0.5,-0.5,uy URU,MF,Gimnasia–LP,Copa de la Liga,22,2000,11.8,375,478,78.5,6273,2279,186,224,83.0,142,163,87.1,36,65,55.4,0,0.1,0.3,-0.1,4,63,7,1,66,uy URU,MF,Gimnasia–LP,Copa de la Liga,22,2000,11.8,478,469,7,3,2,2,9,4,0,0,0,0,375,2,7,uy URU,MF,Gimnasia–LP,Copa de la Liga,22,2000,11.8,20,1.69,17,0,1,1,0,1,1,0.08,0,0,0,1,0,0,uy URU,MF,Gimnasia–LP,Copa de la Liga,22,2000,11.8,23,15,10,13,0,14,27,51.9,13,9,1,8,10,33,17,0,uy URU,MF,Gimnasia–LP,Copa de la Liga,22,2000,11.8,586,22,118,381,96,5,586,24,13,54.2,11,45.8,302,1399,695,12,8,1,12,6,297,14,uy URU,MF,Gimnasia–LP,Copa de la Liga,22,2000,13,"1,066",82,84.6,11.8,12,86,9,1,39,0,1.15,13,14,-1,-0.08,+3.16,12.0,12.6,-0.7,-0.06,+1.18,uy URU,MF,Gimnasia–LP,Copa de la Liga,22,2000,11.8,4,0,0,16,2,1,9,10,15,0,0,0,90,22,13,62.9
Martín Sarrafiore,ar ARG,"FW,MF",Independiente,Copa de la Liga,25,1997,2,0,35,0.4,0,0,0,0,0,0,0,0,0.0,0.0,0.0,0.0,2,1,1,0.00,0.00,0.00,0.00,0.00,0.00,0.00,0.00,0.00,0.00,ar ARG,"FW,MF",Independiente,Copa de la Liga,25,1997,0.4,0,0,0,0,0.00,0.00,0,0,0,0,0,0,0.0,0.0,0,0.0,0.0,ar ARG,"FW,MF",Independiente,Copa de la Liga,25,1997,0.4,16,21,76.2,270,64,9,10,90.0,4,5,80.0,3,4,75.0,0,0.0,0.0,0.0,0,2,0,0,1,ar ARG,"FW,MF",Independiente,Copa de la Liga,25,1997,0.4,21,21,0,0,0,0,0,0,0,0,0,0,16,0,0,ar ARG,"FW,MF",Independiente,Copa de la Liga,25,1997,0.4,0,0.00,0,0,0,0,0,0,0,0.00,0,0,0,0,0,0,ar ARG,"FW,MF",Independiente,Copa de la Liga,25,1997,0.4,3,3,3,0,0,2,3,66.7,1,2,0,2,0,3,0,0,ar ARG,"FW,MF",Independiente,Copa de la Liga,25,1997,0.4,33,2,7,22,5,1,33,3,2,66.7,1,33.3,23,120,71,2,0,0,2,3,21,1,ar ARG,"FW,MF",Independiente,Copa de la Liga,25,1997,2,35,18,2.8,0.4,0,0,0,2,18,12,3.00,1,1,0,0.00,-0.29,0.9,0.3,+0.6,+1.61,+1.08,ar ARG,"FW,MF",Independiente,Copa de la Liga,25,1997,0.4,0,0,0,2,1,0,0,0,3,0,0,0,3,0,0,0
Franco Sbuttoni,ar ARG,DF,Sarmiento,Copa de la Liga,33,1989,1,1,90,1.0,0,0,0,0,0,0,0,0,0.0,0.0,0.0,0.0,1,3,0,0.00,0.00,0.00,0.00,0.00,0.00,0.00,0.00,0.00,0.00,ar ARG,DF,Sarmiento,Copa de la Liga,33,1989,1.0,0,0,0,0,0.00,0.00,0,0,0,0,0,0,0.0,0.0,0,0.0,0.0,ar ARG,DF,Sarmiento,Copa de la Liga,33,1989,1.0,43,53,81.1,878,352,12,12,100.0,18,23,78.3,10,15,66.7,0,0.0,0.0,0.0,0,0,0,0,3,ar ARG,DF,Sarmiento,Copa de la Liga,33,1989,1.0,53,52,1,1,0,0,0,0,0,0,0,0,43,0,0,ar ARG,DF,Sarmiento,Copa de la Liga,33,1989,1.0,0,0.00,0,0,0,0,0,0,0,0.00,0,0,0,0,0,0,ar ARG,DF,Sarmiento,Copa de la Liga,33,1989,1.0,0,0,0,0,0,0,0,0,0,1,1,0,0,0,7,0,ar ARG,DF,Sarmiento,Copa de la Liga,33,1989,1.0,64,17,40,22,2,1,64,1,1,100.0,0,0.0,29,122,91,1,0,0,2,0,39,0,ar ARG,DF,Sarmiento,Copa de la Liga,33,1989,1,90,90,7.1,1.0,1,90,1,0,0,13,0.00,1,2,-1,-1.00,-1.08,0.5,1.7,-1.2,-1.21,-0.81,ar ARG,DF,Sarmiento,Copa de la Liga,33,1989,1.0,0,0,0,0,1,0,0,0,0,0,0,0,6,1,1,50.0
Benjamín Schamine,ar ARG,MF,Defensa y Just,Copa de la Liga,19,2003,7,6,446,5.0,0,0,0,0,0,0,2,0,0.3,0.3,0.0,0.4,6,9,13,0.00,0.00,0.00,0.00,0.00,0.07,0.00,0.07,0.07,0.07,ar ARG,MF,Defensa y Just,Copa de la Liga,19,2003,5.0,0,6,0,0.0,1.21,0.00,0.00,0,23.9,0,0,0,0.3,0.3,0.06,-0.3,-0.3,ar ARG,MF,Defensa y Just,Copa de la Liga,19,2003,5.0,96,135,71.1,1732,408,48,58,82.8,29,43,67.4,14,18,77.8,0,0.0,0.1,0.0,1,13,0,0,9,ar ARG,MF,Defensa y Just,Copa de la Liga,19,2003,5.0,135,133,1,1,0,2,3,0,0,0,0,0,96,1,8,ar ARG,MF,Defensa y Just,Copa de la Liga,19,2003,5.0,2,0.40,2,0,0,0,0,0,0,0.00,0,0,0,0,0,0,ar ARG,MF,Defensa y Just,Copa de la Liga,19,2003,5.0,9,5,4,5,0,4,9,44.4,5,6,2,4,6,15,8,0,ar ARG,MF,Defensa y Just,Copa de la Liga,19,2003,5.0,180,7,39,106,38,6,180,4,2,50.0,2,50.0,77,344,163,6,1,1,9,1,93,13,ar ARG,MF,Defensa y Just,Copa de la Liga,19,2003,7,446,64,35.4,5.0,6,70,1,1,29,7,0.57,2,6,-4,-0.81,-0.81,4.3,8.2,-3.9,-0.79,-0.29,ar ARG,MF,Defensa y Just,Copa de la Liga,19,2003,5.0,2,0,0,7,9,1,3,6,5,0,0,0,28,10,5,66.7
Nicolás Schiappacasse,uy URU,"MF,FW",Belgrano,Copa de la Liga,24,1999,4,0,82,0.9,0,0,0,0,0,0,0,0,0.1,0.1,0.0,0.1,3,2,9,0.00,0.00,0.00,0.00,0.00,0.13,0.00,0.13,0.13,0.13,uy URU,"MF,FW",Belgrano,Copa de la Liga,24,1999,0.9,0,2,1,50.0,2.20,1.10,0.00,0.00,15.3,0,0,0,0.1,0.1,0.06,-0.1,-0.1,uy URU,"MF,FW",Belgrano,Copa de la Liga,24,1999,0.9,13,18,72.2,200,25,9,9,100.0,4,6,66.7,0,2,0.0,0,0.0,0.1,0.0,0,1,0,0,2,uy URU,"MF,FW",Belgrano,Copa de la Liga,24,1999,0.9,18,18,0,0,0,1,1,0,0,0,0,0,13,0,1,uy URU,"MF,FW",Belgrano,Copa de la Liga,24,1999,0.9,0,0.00,0,0,0,0,0,0,0,0.00,0,0,0,0,0,0,uy URU,"MF,FW",Belgrano,Copa de la Liga,24,1999,0.9,3,2,0,1,2,2,3,66.7,1,2,0,2,0,3,0,0,uy URU,"MF,FW",Belgrano,Copa de la Liga,24,1999,0.9,34,1,2,14,18,6,34,4,0,0.0,3,75.0,20,100,56,3,1,3,3,1,23,9,uy URU,"MF,FW",Belgrano,Copa de la Liga,24,1999,4,82,21,6.5,0.9,0,0,0,4,21,8,1.75,0,2,-2,-2.20,-2.50,1.2,2.1,-0.9,-1.03,-0.83,uy URU,"MF,FW",Belgrano,Copa de la Liga,24,1999,0.9,0,0,0,3,2,0,1,0,2,0,0,0,4,1,5,16.7
Thiago Schiavulli,ar ARG,DF,Defensa y Just,Copa de la Liga,19,2003,2,1,75,0.8,0,0,0,0,0,0,1,0,0.0,0.0,0.0,0.0,0,1,1,0.00,0.00,0.00,0.00,0.00,0.00,0.00,0.00,0.00,0.00,ar ARG,DF,Defensa y Just,Copa de la Liga,19,2003,0.8,0,0,0,0,0.00,0.00,0,0,0,0,0,0,0.0,0.0,0,0.0,0.0,ar ARG,DF,Defensa y Just,Copa de la Liga,19,2003,0.8,40,53,75.5,532,258,31,33,93.9,6,12,50.0,3,6,50.0,0,0.0,0.0,0.0,0,1,0,0,1,ar ARG,DF,Defensa y Just,Copa de la Liga,19,2003,0.8,53,39,14,0,0,1,0,14,0,0,0,0,40,0,1,ar ARG,DF,Defensa y Just,Copa de la Liga,19,2003,0.8,0,0.00,0,0,0,0,0,0,0,0.00,0,0,0,0,0,0,ar ARG,DF,Defensa y Just,Copa de la Liga,19,2003,0.8,0,0,0,0,0,0,4,0.0,4,1,0,1,0,0,3,0,ar ARG,DF,Defensa y Just,Copa de la Liga,19,2003,0.8,59,3,16,33,10,0,59,0,0,0,0,0,22,68,49,0,0,0,0,1,31,1,ar ARG,DF,Defensa y Just,Copa de la Liga,19,2003,2,75,38,6.0,0.8,1,67,0,1,8,2,1.50,0,0,0,0.00,+0.30,0.8,2.1,-1.3,-1.55,-1.00,ar ARG,DF,Defensa y Just,Copa de la Liga,19,2003,0.8,1,0,0,1,0,0,0,0,0,0,0,0,5,1,0,100.0
Ignacio Schor,ar ARG,"FW,MF",Newell's OB,Copa de la Liga,22,2000,8,1,141,1.6,0,0,0,0,0,0,1,0,0.0,0.0,0.0,0.0,3,2,11,0.00,0.00,0.00,0.00,0.00,0.03,0.00,0.03,0.03,0.03,ar ARG,"FW,MF",Newell's OB,Copa de la Liga,22,2000,1.6,0,1,0,0.0,0.64,0.00,0.00,0,28.0,0,0,0,0.0,0.0,0.04,0.0,0.0,ar ARG,"FW,MF",Newell's OB,Copa de la Liga,22,2000,1.6,18,31,58.1,210,35,11,14,78.6,4,6,66.7,0,3,0.0,0,0.0,0.0,0.0,0,1,0,0,2,ar ARG,"FW,MF",Newell's OB,Copa de la Liga,22,2000,1.6,31,30,1,0,0,0,3,1,0,0,0,0,18,0,2,ar ARG,"FW,MF",Newell's OB,Copa de la Liga,22,2000,1.6,1,0.64,1,0,0,0,0,0,0,0.00,0,0,0,0,0,0,ar ARG,"FW,MF",Newell's OB,Copa de la Liga,22,2000,1.6,9,5,5,3,1,5,9,55.6,4,3,0,3,1,10,4,0,ar ARG,"FW,MF",Newell's OB,Copa de la Liga,22,2000,1.6,70,1,15,29,29,4,70,10,1,10.0,9,90.0,31,268,98,3,3,1,6,1,30,11,ar ARG,"FW,MF",Newell's OB,Copa de la Liga,22,2000,8,141,18,11.2,1.6,1,36,0,7,15,0,1.38,4,2,+2,+1.28,+1.12,1.3,1.6,-0.2,-0.15,-0.30,ar ARG,"FW,MF",Newell's OB,Copa de la Liga,22,2000,1.6,1,0,0,6,1,3,3,1,5,0,0,0,12,2,6,25.0
Augusto Schott,ar ARG,DF,Newell's OB,Copa de la Liga,23,2000,4,1,108,1.2,0,0,0,0,0,0,0,0,0.0,0.0,0.0,0.0,2,2,3,0.00,0.00,0.00,0.00,0.00,0.00,0.00,0.00,0.00,0.00,ar ARG,DF,Newell's OB,Copa de la Liga,23,2000,1.2,0,0,0,0,0.00,0.00,0,0,0,0,0,0,0.0,0.0,0,0.0,0.0,ar ARG,DF,Newell's OB,Copa de la Liga,23,2000,1.2,34,54,63.0,493,292,19,23,82.6,15,26,57.7,0,5,0.0,0,0.0,0.0,0.0,0,1,0,0,2,ar ARG,DF,Newell's OB,Copa de la Liga,23,2000,1.2,54,36,18,0,0,0,1,18,0,0,0,0,34,0,0,ar ARG,DF,Newell's OB,Copa de la Liga,23,2000,1.2,2,1.67,2,0,0,0,0,0,0,0.00,0,0,0,0,0,0,ar ARG,DF,Newell's OB,Copa de la Liga,23,2000,1.2,7,5,4,3,0,3,3,100.0,0,0,0,0,1,8,3,0,ar ARG,DF,Newell's OB,Copa de la Liga,23,2000,1.2,69,3,22,31,16,0,69,1,0,0.0,0,0.0,20,117,64,2,1,0,3,0,22,3,ar ARG,DF,Newell's OB,Copa de la Liga,23,2000,4,108,27,8.6,1.2,1,62,0,3,15,9,1.75,1,0,+1,+0.83,+0.60,0.8,0.9,-0.1,-0.10,-0.24,ar ARG,DF,Newell's OB,Copa de la Liga,23,2000,1.2,0,0,0,4,3,0,1,1,5,0,0,0,7,3,0,100.0
Mateo Seoane,ar ARG,MF,Talleres,Copa de la Liga,18,2004,1,0,1,0.0,0,0,0,0,0,0,0,0,0.0,0.0,0.0,0.0,0,0,0,0.00,0.00,0.00,0.00,0.00,0.00,0.00,0.00,0.00,0.00,ar ARG,MF,Talleres,Copa de la Liga,18,2004,0.0,0,0,0,0,0.00,0.00,0,0,0,0,0,0,0.0,0.0,0,0.0,0.0,ar ARG,MF,Talleres,Copa de la Liga,18,2004,0.0,1,1,100.0,9,9,1,1,100.0,0,0,0,0,0,0,0,0.0,0.0,0.0,0,0,0,0,0,ar ARG,MF,Talleres,Copa de la Liga,18,2004,0.0,1,1,0,0,0,0,0,0,0,0,0,0,1,0,0,ar ARG,MF,Talleres,Copa de la Liga,18,2004,0.0,0,0.00,0,0,0,0,0,0,0,0.00,0,0,0,0,0,0,ar ARG,MF,Talleres,Copa de la Liga,18,2004,0.0,0,0,0,0,0,0,0,0,0,0,0,0,0,0,0,0,ar ARG,MF,Talleres,Copa de la Liga,18,2004,0.0,1,0,0,1,0,0,1,0,0,0,0,0,1,4,0,0,0,0,0,0,1,0,ar ARG,MF,Talleres,Copa de la Liga,18,2004,1,1,1,0.1,0.0,0,0,0,1,1,6,3.00,0,0,0,0.00,0.00,0.0,0.0,0.0,0.00,-0.14,ar ARG,MF,Talleres,Copa de la Liga,18,2004,0.0,0,0,0,0,0,0,0,0,0,0,0,0,0,0,0,0
Bruno Sepúlveda,ar ARG,FW,Barracas Central,Copa de la Liga,30,1992,11,9,728,8.1,1,1,2,1,0,0,0,0,0.9,0.9,0.7,1.6,7,15,51,0.12,0.12,0.25,0.12,0.25,0.12,0.09,0.20,0.12,0.20,ar ARG,FW,Barracas Central,Copa de la Liga,30,1992,8.1,1,7,2,28.6,0.87,0.25,0.14,0.50,12.5,0,0,0,0.9,0.9,0.13,+0.1,+0.1,ar ARG,FW,Barracas Central,Copa de la Liga,30,1992,8.1,138,208,66.3,1957,293,79,103,76.7,42,67,62.7,8,14,57.1,1,0.7,0.8,+0.3,6,8,6,2,15,ar ARG,FW,Barracas Central,Copa de la Liga,30,1992,8.1,208,190,18,0,0,0,9,1,0,0,0,0,138,0,6,ar ARG,FW,Barracas Central,Copa de la Liga,30,1992,8.1,16,1.98,14,0,1,0,1,0,1,0.12,1,0,0,0,0,0,ar ARG,FW,Barracas Central,Copa de la Liga,30,1992,8.1,1,1,0,0,1,0,2,0.0,2,5,1,4,0,1,15,0,ar ARG,FW,Barracas Central,Copa de la Liga,30,1992,8.1,298,17,23,138,142,15,298,16,5,31.3,11,68.8,147,659,271,7,14,0,31,17,210,51,ar ARG,FW,Barracas Central,Copa de la Liga,30,1992,11,728,66,57.8,8.1,9,78,2,2,12,3,1.18,4,10,-6,-0.74,+0.10,6.0,7.0,-0.9,-0.12,+0.14,ar ARG,FW,Barracas Central,Copa de la Liga,30,1992,8.1,0,0,0,9,9,1,9,0,1,0,0,1,25,23,23,50.0
Luis Sequeira,ar ARG,MF,Talleres,Copa de la Liga,20,2003,7,1,208,2.3,0,0,0,0,0,0,0,0,0.2,0.2,0.1,0.3,3,18,16,0.00,0.00,0.00,0.00,0.00,0.08,0.05,0.12,0.08,0.12,ar ARG,MF,Talleres,Copa de la Liga,20,2003,2.3,0,5,1,20.0,2.16,0.43,0.00,0.00,28.5,0,0,0,0.2,0.2,0.04,-0.2,-0.2,ar ARG,MF,Talleres,Copa de la Liga,20,2003,2.3,118,151,78.1,1866,593,66,75,88.0,38,54,70.4,10,13,76.9,0,0.1,0.2,-0.1,4,17,0,0,18,ar ARG,MF,Talleres,Copa de la Liga,20,2003,2.3,151,140,11,5,0,1,8,3,3,2,0,0,118,0,3,ar ARG,MF,Talleres,Copa de la Liga,20,2003,2.3,9,3.88,6,2,0,1,0,0,0,0.00,0,0,0,0,0,0,ar ARG,MF,Talleres,Copa de la Liga,20,2003,2.3,7,6,2,4,1,2,4,50.0,2,2,0,2,4,11,0,0,ar ARG,MF,Talleres,Copa de la Liga,20,2003,2.3,177,1,19,96,63,3,177,1,1,100.0,0,0.0,103,546,243,3,10,0,5,0,125,16,ar ARG,MF,Talleres,Copa de la Liga,20,2003,7,208,30,16.5,2.3,1,61,0,6,25,5,1.14,4,4,0,0.00,0.00,3.4,2.7,+0.7,+0.30,+0.19,ar ARG,MF,Talleres,Copa de la Liga,20,2003,2.3,0,0,0,4,1,0,8,4,6,0,0,0,10,3,6,33.3
Juan Serrizuela,ar ARG,DF,Barracas Central,Copa de la Liga,21,2001,2,2,135,1.5,0,0,0,0,0,0,0,0,0.0,0.0,0.1,0.1,1,2,4,0.00,0.00,0.00,0.00,0.00,0.00,0.08,0.08,0.00,0.08,ar ARG,DF,Barracas Central,Copa de la Liga,21,2001,1.5,0,0,0,0,0.00,0.00,0,0,0,0,0,0,0.0,0.0,0,0.0,0.0,ar ARG,DF,Barracas Central,Copa de la Liga,21,2001,1.5,49,74,66.2,941,368,18,21,85.7,28,32,87.5,3,18,16.7,0,0.1,0.0,-0.1,1,1,0,0,2,ar ARG,DF,Barracas Central,Copa de la Liga,21,2001,1.5,74,64,10,2,0,0,5,8,0,0,0,0,49,0,1,ar ARG,DF,Barracas Central,Copa de la Liga,21,2001,1.5,1,0.67,1,0,0,0,0,0,0,0.00,0,0,0,0,0,0,ar ARG,DF,Barracas Central,Copa de la Liga,21,2001,1.5,1,0,0,1,0,1,1,100.0,0,1,0,1,2,3,4,0,ar ARG,DF,Barracas Central,Copa de la Liga,21,2001,1.5,88,3,34,45,9,0,88,0,0,0,0,0,32,162,79,1,1,0,1,0,49,4,ar ARG,DF,Barracas Central,Copa de la Liga,21,2001,2,135,68,10.7,1.5,2,68,1,0,0,12,1.50,1,1,0,0.00,+0.88,1.8,1.6,+0.2,+0.15,+0.36,ar ARG,DF,Barracas Central,Copa de la Liga,21,2001,1.5,0,0,0,1,0,0,5,2,0,0,0,0,4,0,4,0.0
Nicolás Servetto,ar ARG,FW,Platense,Copa de la Liga,26,1996,8,1,166,1.8,1,0,1,0,1,1,2,0,0.9,0.1,0.2,0.3,3,5,14,0.54,0.00,0.54,0.00,0.00,0.47,0.12,0.59,0.04,0.16,ar ARG,FW,Platense,Copa de la Liga,26,1996,1.8,1,2,1,50.0,1.08,0.54,0.00,0.00,30.3,0,1,1,0.9,0.1,0.04,+0.1,-0.1,ar ARG,FW,Platense,Copa de la Liga,26,1996,1.8,39,59,66.1,452,94,21,28,75.0,13,18,72.2,0,1,0.0,0,0.2,0.4,-0.2,2,2,2,0,5,ar ARG,FW,Platense,Copa de la Liga,26,1996,1.8,59,57,2,0,1,0,1,0,0,0,0,0,39,0,3,ar ARG,FW,Platense,Copa de la Liga,26,1996,1.8,8,4.34,6,0,0,1,1,0,0,0.00,0,0,0,0,0,0,ar ARG,FW,Platense,Copa de la Liga,26,1996,1.8,2,0,0,2,0,0,1,0.0,1,2,1,1,1,3,2,0,ar ARG,FW,Platense,Copa de la Liga,26,1996,1.8,84,2,6,41,37,7,83,3,0,0.0,3,100.0,51,196,32,3,1,1,7,4,66,14,ar ARG,FW,Platense,Copa de la Liga,26,1996,8,166,21,13.2,1.8,1,65,0,7,14,3,1.20,2,2,0,0.00,+0.25,2.2,2.3,-0.2,-0.09,+0.09,ar ARG,FW,Platense,Copa de la Liga,26,1996,1.8,2,0,0,3,1,2,1,1,0,0,0,0,11,7,13,35.0
Juan Sforza,ar ARG,MF,Newell's OB,Copa de la Liga,20,2002,14,13,"1,156",12.8,1,0,1,1,0,0,4,0,0.2,0.2,0.2,0.4,4,63,7,0.08,0.00,0.08,0.08,0.08,0.02,0.02,0.03,0.02,0.03,ar ARG,MF,Newell's OB,Copa de la Liga,20,2002,12.8,1,4,2,50.0,0.31,0.16,0.25,0.50,12.6,0,0,0,0.2,0.2,0.05,+0.8,+0.8,ar ARG,MF,Newell's OB,Copa de la Liga,20,2002,12.8,540,684,78.9,11180,3738,192,227,84.6,254,297,85.5,91,139,65.5,0,0.2,0.6,-0.2,4,50,11,2,63,ar ARG,MF,Newell's OB,Copa de la Liga,20,2002,12.8,684,622,59,40,0,12,11,5,10,3,3,0,540,3,9,ar ARG,MF,Newell's OB,Copa de la Liga,20,2002,12.8,19,1.48,16,2,0,0,0,1,2,0.16,2,0,0,0,0,0,ar ARG,MF,Newell's OB,Copa de la Liga,20,2002,12.8,18,9,5,12,1,12,37,32.4,25,18,3,15,10,28,16,2,ar ARG,MF,Newell's OB,Copa de la Liga,20,2002,12.8,781,30,246,480,64,4,781,7,2,28.6,4,57.1,385,1717,738,4,4,0,7,15,453,7,ar ARG,MF,Newell's OB,Copa de la Liga,20,2002,14,"1,156",83,91.7,12.8,13,87,10,1,28,0,1.29,13,9,+4,+0.31,+0.31,11.8,9.3,+2.5,+0.19,+0.89,ar ARG,MF,Newell's OB,Copa de la Liga,20,2002,12.8,4,0,0,19,18,0,11,10,9,0,0,0,99,12,14,46.2
Leonardo Sigali,ar ARG,DF,Racing Club,Copa de la Liga,35,1987,9,9,809,9.0,2,0,2,2,0,0,4,0,0.5,0.5,0.1,0.5,13,71,0,0.22,0.00,0.22,0.22,0.22,0.05,0.01,0.06,0.05,0.06,ar ARG,DF,Racing Club,Copa de la Liga,35,1987,9.0,2,8,5,62.5,0.89,0.56,0.25,0.40,19.1,0,0,0,0.5,0.5,0.06,+1.5,+1.5,ar ARG,DF,Racing Club,Copa de la Liga,35,1987,9.0,567,640,88.6,11465,4782,158,177,89.3,349,369,94.6,57,87,65.5,0,0.1,0.2,-0.1,4,49,4,1,71,ar ARG,DF,Racing Club,Copa de la Liga,35,1987,9.0,640,614,24,22,0,3,2,1,0,0,0,0,567,2,2,ar ARG,DF,Racing Club,Copa de la Liga,35,1987,9.0,15,1.67,14,0,0,0,1,0,1,0.11,1,0,0,0,0,0,ar ARG,DF,Racing Club,Copa de la Liga,35,1987,9.0,23,12,17,6,0,11,24,45.8,13,8,7,1,11,34,25,1,ar ARG,DF,Racing Club,Copa de la Liga,35,1987,9.0,718,54,273,422,26,7,718,1,1,100.0,0,0.0,463,2522,1660,13,5,0,2,1,493,0,ar ARG,DF,Racing Club,Copa de la Liga,35,1987,9,809,90,64.2,9.0,9,90,8,0,0,1,1.40,11,11,0,0.00,-1.20,10.6,11.7,-1.1,-0.12,-0.55,ar ARG,DF,Racing Club,Copa de la Liga,35,1987,9.0,4,0,0,4,8,1,2,11,12,0,0,0,55,18,8,69.2
Kevin Silva,ar ARG,FW,Rosario Central,Copa de la Liga,19,2003,1,0,1,0.0,0,0,0,0,0,0,0,0,0.0,0.0,0.0,0.0,0,0,0,0.00,0.00,0.00,0.00,0.00,0.00,0.00,0.00,0.00,0.00,ar ARG,FW,Rosario Central,Copa de la Liga,19,2003,0.0,0,0,0,0,0.00,0.00,0,0,0,0,0,0,0.0,0.0,0,0.0,0.0,ar ARG,FW,Rosario Central,Copa de la Liga,19,2003,0.0,0,2,0.0,0,0,0,0,0,0,0,0,0,2,0.0,0,0.0,0.0,0.0,0,0,0,0,0,ar ARG,FW,Rosario Central,Copa de la Liga,19,2003,0.0,2,2,0,0,0,0,0,0,0,0,0,0,0,0,0,ar ARG,FW,Rosario Central,Copa de la Liga,19,2003,0.0,0,0.00,0,0,0,0,0,0,0,0.00,0,0,0,0,0,0,ar ARG,FW,Rosario Central,Copa de la Liga,19,2003,0.0,0,0,0,0,0,0,0,0,0,0,0,0,0,0,0,0,ar ARG,FW,Rosario Central,Copa de la Liga,19,2003,0.0,2,0,1,1,0,0,2,0,0,0,0,0,2,7,3,0,0,0,0,0,1,0,ar ARG,FW,Rosario Central,Copa de la Liga,19,2003,1,1,1,0.1,0.0,0,0,0,1,1,8,1.00,0,0,0,0.00,-0.29,0.0,0.0,0.0,0.00,+0.32,ar ARG,FW,Rosario Central,Copa de la Liga,19,2003,0.0,0,0,0,0,0,0,0,0,0,0,0,0,1,0,0,0
Santiago Simón,ar ARG,DF,River Plate,Copa de la Liga,20,2002,10,9,770,8.6,0,2,2,0,0,0,1,0,0.0,0.0,0.9,1.0,25,50,78,0.00,0.23,0.23,0.00,0.23,0.00,0.11,0.11,0.00,0.11,ar ARG,DF,River Plate,Copa de la Liga,20,2002,8.6,0,2,1,50.0,0.23,0.12,0.00,0.00,31.7,0,0,0,0.0,0.0,0.01,0.0,0.0,ar ARG,DF,River Plate,Copa de la Liga,20,2002,8.6,471,617,76.3,7060,2686,257,285,90.2,178,238,74.8,23,60,38.3,2,0.9,1.0,+1.1,7,42,12,7,50,ar ARG,DF,River Plate,Copa de la Liga,20,2002,8.6,617,531,84,8,2,2,55,75,1,0,0,0,471,2,9,ar ARG,DF,River Plate,Copa de la Liga,20,2002,8.6,17,1.99,16,0,1,0,0,0,5,0.58,4,0,1,0,0,0,ar ARG,DF,River Plate,Copa de la Liga,20,2002,8.6,37,27,20,15,2,23,33,69.7,10,7,1,6,2,39,21,0,ar ARG,DF,River Plate,Copa de la Liga,20,2002,8.6,717,21,160,329,235,3,717,28,17,60.7,8,28.6,388,1853,968,25,26,0,12,6,461,78,ar ARG,DF,River Plate,Copa de la Liga,20,2002,10,770,77,61.1,8.6,9,81,6,1,45,4,1.82,17,8,+9,+1.05,+1.24,12.5,6.9,+5.6,+0.65,+0.10,ar ARG,DF,River Plate,Copa de la Liga,20,2002,8.6,1,0,0,9,7,0,55,2,27,0,0,0,57,7,5,58.3
Pablo Solari,ar ARG,"FW,MF",River Plate,Copa de la Liga,21,2001,12,2,394,4.4,4,1,5,4,0,0,1,0,2.4,2.4,1.8,4.2,14,13,47,0.91,0.23,1.14,0.91,1.14,0.55,0.40,0.95,0.55,0.95,ar ARG,"FW,MF",River Plate,Copa de la Liga,21,2001,4.4,4,17,8,47.1,3.88,1.83,0.24,0.50,17.7,0,0,0,2.4,2.4,0.14,+1.6,+1.6,ar ARG,"FW,MF",River Plate,Copa de la Liga,21,2001,4.4,96,147,65.3,1308,441,61,75,81.3,20,34,58.8,6,12,50.0,1,1.8,1.4,-0.8,8,7,7,4,13,ar ARG,"FW,MF",River Plate,Copa de la Liga,21,2001,4.4,147,141,6,0,1,1,21,5,1,0,1,0,96,0,11,ar ARG,"FW,MF",River Plate,Copa de la Liga,21,2001,4.4,16,3.65,12,0,2,1,0,1,2,0.46,1,0,1,0,0,0,ar ARG,"FW,MF",River Plate,Copa de la Liga,21,2001,4.4,7,5,3,2,2,2,6,33.3,4,5,0,5,2,9,1,0,ar ARG,"FW,MF",River Plate,Copa de la Liga,21,2001,4.4,213,2,23,53,141,24,213,19,6,31.6,10,52.6,128,618,333,14,8,5,15,6,155,47,ar ARG,"FW,MF",River Plate,Copa de la Liga,21,2001,12,394,33,31.3,4.4,2,74,1,10,25,2,1.57,9,4,+5,+1.14,+0.83,8.0,4.2,+3.7,+0.85,+0.35,ar ARG,"FW,MF",River Plate,Copa de la Liga,21,2001,4.4,1,0,0,2,0,1,21,2,5,0,0,0,15,6,5,54.5
Santiago Solari,ar ARG,"FW,MF",Defensa y Just,Copa de la Liga,25,1998,10,9,757,8.4,1,0,1,1,0,0,1,0,1.2,1.2,0.7,1.9,23,19,62,0.12,0.00,0.12,0.12,0.12,0.14,0.08,0.23,0.14,0.23,ar ARG,"FW,MF",Defensa y Just,Copa de la Liga,25,1998,8.4,1,18,9,50.0,2.14,1.07,0.06,0.11,15.0,0,0,0,1.2,1.2,0.07,-0.2,-0.2,ar ARG,"FW,MF",Defensa y Just,Copa de la Liga,25,1998,8.4,155,225,68.9,2085,661,94,121,77.7,45,65,69.2,7,15,46.7,0,0.7,0.8,-0.7,10,11,11,4,19,ar ARG,"FW,MF",Defensa y Just,Copa de la Liga,25,1998,8.4,225,219,5,1,1,0,16,3,1,0,0,0,155,1,7,ar ARG,"FW,MF",Defensa y Just,Copa de la Liga,25,1998,8.4,28,3.33,21,0,4,1,1,1,2,0.24,2,0,0,0,0,0,ar ARG,"FW,MF",Defensa y Just,Copa de la Liga,25,1998,8.4,9,6,4,5,0,4,14,28.6,10,5,0,5,8,17,3,0,ar ARG,"FW,MF",Defensa y Just,Copa de la Liga,25,1998,8.4,329,4,51,114,175,44,329,37,15,40.5,17,45.9,203,1398,668,23,13,10,22,8,206,62,ar ARG,"FW,MF",Defensa y Just,Copa de la Liga,25,1998,10,757,76,60.1,8.4,9,80,3,1,35,1,1.30,9,6,+3,+0.36,+1.61,9.2,14.4,-5.2,-0.62,-0.02,ar ARG,"FW,MF",Defensa y Just,Copa de la Liga,25,1998,8.4,1,0,0,14,5,3,16,8,6,0,0,0,50,10,8,55.6
Franco Soldano,ar ARG,"FW,MF",Gimnasia–LP,Copa de la Liga,28,1994,9,1,146,1.6,0,0,0,0,0,0,0,0,0.1,0.1,0.2,0.3,0,2,4,0.00,0.00,0.00,0.00,0.00,0.06,0.14,0.19,0.06,0.19,ar ARG,"FW,MF",Gimnasia–LP,Copa de la Liga,28,1994,1.6,0,2,1,50.0,1.23,0.62,0.00,0.00,15.2,0,0,0,0.1,0.1,0.05,-0.1,-0.1,ar ARG,"FW,MF",Gimnasia–LP,Copa de la Liga,28,1994,1.6,20,47,42.6,201,76,14,25,56.0,4,12,33.3,0,1,0.0,0,0.2,0.2,-0.2,1,1,1,0,2,ar ARG,"FW,MF",Gimnasia–LP,Copa de la Liga,28,1994,1.6,47,47,0,0,0,0,1,0,0,0,0,0,20,0,5,ar ARG,"FW,MF",Gimnasia–LP,Copa de la Liga,28,1994,1.6,3,1.85,3,0,0,0,0,0,0,0.00,0,0,0,0,0,0,ar ARG,"FW,MF",Gimnasia–LP,Copa de la Liga,28,1994,1.6,6,6,1,3,2,3,5,60.0,2,6,1,5,0,6,2,0,ar ARG,"FW,MF",Gimnasia–LP,Copa de la Liga,28,1994,1.6,73,2,6,33,36,11,73,1,0,0.0,1,100.0,36,120,38,0,1,0,5,1,45,4,ar ARG,"FW,MF",Gimnasia–LP,Copa de la Liga,28,1994,9,146,16,11.6,1.6,1,54,0,8,12,5,1.22,0,3,-3,-1.85,-1.45,1.2,2.4,-1.3,-0.78,-0.61,ar ARG,"FW,MF",Gimnasia–LP,Copa de la Liga,28,1994,1.6,0,0,0,1,2,0,1,0,6,0,0,0,5,12,15,44.4
Julio Soler,ar ARG,DF,Lanús,Copa de la Liga,17,2005,9,5,473,5.3,0,0,0,0,0,0,0,0,0.3,0.3,0.1,0.3,13,19,20,0.00,0.00,0.00,0.00,0.00,0.05,0.01,0.06,0.05,0.06,ar ARG,DF,Lanús,Copa de la Liga,17,2005,5.3,0,4,0,0.0,0.76,0.00,0.00,0,15.6,0,0,0,0.3,0.3,0.06,-0.3,-0.3,ar ARG,DF,Lanús,Copa de la Liga,17,2005,5.3,215,270,79.6,3898,1367,92,101,91.1,103,120,85.8,17,38,44.7,0,0.1,0.2,-0.1,2,7,6,4,19,ar ARG,DF,Lanús,Copa de la Liga,17,2005,5.3,270,216,54,6,0,0,16,47,1,0,1,0,215,0,4,ar ARG,DF,Lanús,Copa de la Liga,17,2005,5.3,13,2.47,7,2,0,2,2,0,0,0.00,0,0,0,0,0,0,ar ARG,DF,Lanús,Copa de la Liga,17,2005,5.3,12,6,6,5,1,3,9,33.3,6,10,3,7,8,20,9,0,ar ARG,DF,Lanús,Copa de la Liga,17,2005,5.3,334,14,129,157,52,3,334,6,2,33.3,0,0.0,171,938,502,13,13,0,6,5,173,20,ar ARG,DF,Lanús,Copa de la Liga,17,2005,9,473,53,37.5,5.3,5,83,4,4,14,5,0.78,1,5,-4,-0.76,-0.65,6.1,4.5,+1.6,+0.30,+0.21,ar ARG,DF,Lanús,Copa de la Liga,17,2005,5.3,0,0,0,4,20,0,16,8,6,0,0,0,43,11,6,64.7
Alan Soñora,us USA,MF,Huracán,Copa de la Liga,24,1998,9,7,618,6.9,1,1,2,1,0,0,0,0,1.0,1.0,0.5,1.5,14,30,30,0.15,0.15,0.29,0.15,0.29,0.14,0.07,0.21,0.14,0.21,us USA,MF,Huracán,Copa de la Liga,24,1998,6.9,1,10,2,20.0,1.46,0.29,0.10,0.50,24.1,2,0,0,1.0,1.0,0.10,0.0,0.0,us USA,MF,Huracán,Copa de la Liga,24,1998,6.9,207,285,72.6,3608,1303,90,105,85.7,87,108,80.6,23,55,41.8,1,0.5,1.0,+0.5,7,27,6,0,30,us USA,MF,Huracán,Copa de la Liga,24,1998,6.9,285,238,47,25,3,2,32,4,17,5,11,0,207,0,5,us USA,MF,Huracán,Copa de la Liga,24,1998,6.9,21,3.06,11,7,1,0,2,0,3,0.44,1,2,0,0,0,0,us USA,MF,Huracán,Copa de la Liga,24,1998,6.9,9,2,1,7,1,6,14,42.9,8,4,0,4,4,13,8,0,us USA,MF,Huracán,Copa de la Liga,24,1998,6.9,350,6,57,182,117,9,350,14,9,64.3,5,35.7,196,1174,537,14,13,1,15,8,221,30,us USA,MF,Huracán,Copa de la Liga,24,1998,9,618,69,49.0,6.9,7,76,1,2,43,0,1.70,8,4,+4,+0.58,+0.02,6.5,7.6,-1.1,-0.16,-0.23,us USA,MF,Huracán,Copa de la Liga,24,1998,6.9,0,0,0,4,9,0,32,4,2,0,0,0,40,1,2,33.3
Joel Soñora,us USA,MF,Huracán,Copa de la Liga,26,1996,2,1,71,0.8,0,0,0,0,0,0,0,0,0.1,0.1,0.0,0.1,1,8,2,0.00,0.00,0.00,0.00,0.00,0.07,0.01,0.07,0.07,0.07,us USA,MF,Huracán,Copa de la Liga,26,1996,0.8,0,1,0,0.0,1.27,0.00,0.00,0,26.2,1,0,0,0.1,0.1,0.05,-0.1,-0.1,us USA,MF,Huracán,Copa de la Liga,26,1996,0.8,32,48,66.7,472,170,20,29,69.0,11,14,78.6,1,4,25.0,0,0.0,0.0,0.0,1,5,0,0,8,us USA,MF,Huracán,Copa de la Liga,26,1996,0.8,48,45,3,3,0,0,1,0,0,0,0,0,32,0,2,us USA,MF,Huracán,Copa de la Liga,26,1996,0.8,1,1.27,0,1,0,0,0,0,0,0.00,0,0,0,0,0,0,us USA,MF,Huracán,Copa de la Liga,26,1996,0.8,1,0,0,0,1,1,3,33.3,2,1,0,1,2,3,0,0,us USA,MF,Huracán,Copa de la Liga,26,1996,0.8,56,0,4,43,9,1,56,2,1,50.0,0,0.0,24,116,60,1,0,0,3,1,38,2,us USA,MF,Huracán,Copa de la Liga,26,1996,2,71,36,5.6,0.8,1,62,0,1,9,9,1.50,0,1,-1,-1.27,-1.95,0.3,0.2,+0.1,+0.14,+0.20,us USA,MF,Huracán,Copa de la Liga,26,1996,0.8,0,0,0,0,1,0,1,2,0,0,0,0,7,0,0,0
Jesús Soraire,ar ARG,MF,Banfield,Copa de la Liga,34,1988,8,1,189,2.1,2,0,2,2,0,0,0,0,0.3,0.3,0.1,0.5,1,10,2,0.95,0.00,0.95,0.95,0.95,0.16,0.06,0.22,0.16,0.22,ar ARG,MF,Banfield,Copa de la Liga,34,1988,2.1,2,3,3,100.0,1.43,1.43,0.67,0.67,19.9,0,0,0,0.3,0.3,0.11,+1.7,+1.7,ar ARG,MF,Banfield,Copa de la Liga,34,1988,2.1,60,92,65.2,1422,449,15,25,60.0,26,36,72.2,18,23,78.3,0,0.1,0.2,-0.1,3,12,1,0,10,ar ARG,MF,Banfield,Copa de la Liga,34,1988,2.1,92,90,2,1,1,5,2,1,0,0,0,0,60,0,6,ar ARG,MF,Banfield,Copa de la Liga,34,1988,2.1,6,2.86,6,0,0,0,0,0,1,0.48,1,0,0,0,0,0,ar ARG,MF,Banfield,Copa de la Liga,34,1988,2.1,5,1,3,2,0,3,6,50.0,3,3,0,3,0,5,2,0,ar ARG,MF,Banfield,Copa de la Liga,34,1988,2.1,115,2,19,75,21,2,115,1,1,100.0,0,0.0,46,216,81,1,2,0,1,1,67,2,ar ARG,MF,Banfield,Copa de la Liga,34,1988,8,189,24,15.0,2.1,1,56,0,7,19,2,2.11,5,0,+5,+2.38,+2.38,2.7,1.2,+1.5,+0.69,+0.91,ar ARG,MF,Banfield,Copa de la Liga,34,1988,2.1,0,0,0,4,1,0,2,0,1,0,0,0,8,4,6,40.0
Ramiro Sordo,ar ARG,"FW,MF",Newell's OB,Copa de la Liga,22,2000,12,10,741,8.2,1,2,3,1,0,0,0,0,1.2,1.2,1.3,2.5,35,16,55,0.12,0.24,0.36,0.12,0.36,0.14,0.16,0.30,0.14,0.30,ar ARG,"FW,MF",Newell's OB,Copa de la Liga,22,2000,8.2,1,17,4,23.5,2.06,0.49,0.06,0.25,20.8,0,0,0,1.2,1.2,0.07,-0.2,-0.2,ar ARG,"FW,MF",Newell's OB,Copa de la Liga,22,2000,8.2,142,229,62.0,2647,766,68,76,89.5,50,74,67.6,21,57,36.8,2,1.3,0.9,+0.7,17,7,3,1,16,ar ARG,"FW,MF",Newell's OB,Copa de la Liga,22,2000,8.2,229,191,38,5,1,2,45,8,25,15,7,0,142,0,14,ar ARG,"FW,MF",Newell's OB,Copa de la Liga,22,2000,8.2,33,4.01,12,9,6,3,3,0,3,0.36,1,2,0,0,0,0,ar ARG,"FW,MF",Newell's OB,Copa de la Liga,22,2000,8.2,15,11,10,3,2,11,21,52.4,10,10,1,9,5,20,9,0,ar ARG,"FW,MF",Newell's OB,Copa de la Liga,22,2000,8.2,334,11,67,122,155,23,334,32,20,62.5,9,28.1,189,1644,888,35,14,9,20,10,201,55,ar ARG,"FW,MF",Newell's OB,Copa de la Liga,22,2000,12,741,62,58.8,8.2,10,67,2,2,35,0,1.25,7,6,+1,+0.12,-0.40,6.6,5.9,+0.7,+0.09,-0.09,ar ARG,"FW,MF",Newell's OB,Copa de la Liga,22,2000,8.2,0,0,0,7,13,4,45,5,11,0,0,0,42,5,6,45.5
José Sosa,ar ARG,"MF,FW",Estudiantes–LP,Copa de la Liga,37,1985,12,9,708,7.9,1,1,2,1,0,0,0,0,0.4,0.4,2.1,2.5,15,65,41,0.13,0.13,0.25,0.13,0.25,0.05,0.27,0.32,0.05,0.32,ar ARG,"MF,FW",Estudiantes–LP,Copa de la Liga,37,1985,7.9,1,12,2,16.7,1.53,0.25,0.08,0.50,27.0,4,0,0,0.4,0.4,0.03,+0.6,+0.6,ar ARG,"MF,FW",Estudiantes–LP,Copa de la Liga,37,1985,7.9,342,473,72.3,6294,2113,149,183,81.4,133,172,77.3,49,92,53.3,1,2.1,2.0,-1.1,18,50,14,1,65,ar ARG,"MF,FW",Estudiantes–LP,Copa de la Liga,37,1985,7.9,473,420,52,20,3,7,58,1,31,10,21,0,342,1,8,ar ARG,"MF,FW",Estudiantes–LP,Copa de la Liga,37,1985,7.9,36,4.58,21,11,1,0,3,0,4,0.51,1,1,1,0,1,0,ar ARG,"MF,FW",Estudiantes–LP,Copa de la Liga,37,1985,7.9,15,8,3,10,2,10,19,52.6,9,11,0,11,8,23,9,0,ar ARG,"MF,FW",Estudiantes–LP,Copa de la Liga,37,1985,7.9,556,9,51,334,174,4,556,11,6,54.5,5,45.5,277,1451,704,15,13,1,16,6,379,41,ar ARG,"MF,FW",Estudiantes–LP,Copa de la Liga,37,1985,12,708,59,56.2,7.9,9,65,3,3,40,0,1.17,7,5,+2,+0.25,+0.91,10.5,6.1,+4.5,+0.57,+0.54,ar ARG,"MF,FW",Estudiantes–LP,Copa de la Liga,37,1985,7.9,0,0,0,3,7,2,58,8,8,0,0,0,50,10,10,50.0
Nicolás Sosa,uy URU,MF,Banfield,Copa de la Liga,26,1996,10,3,218,2.4,0,0,0,0,0,0,1,0,0.1,0.1,0.1,0.2,1,2,5,0.00,0.00,0.00,0.00,0.00,0.06,0.03,0.09,0.06,0.09,uy URU,MF,Banfield,Copa de la Liga,26,1996,2.4,0,3,0,0.0,1.24,0.00,0.00,0,12.4,0,0,0,0.1,0.1,0.05,-0.1,-0.1,uy URU,MF,Banfield,Copa de la Liga,26,1996,2.4,25,55,45.5,340,95,15,30,50.0,8,15,53.3,0,2,0.0,0,0.1,0.0,-0.1,3,1,1,0,2,uy URU,MF,Banfield,Copa de la Liga,26,1996,2.4,55,55,0,0,0,0,1,0,0,0,0,0,25,0,2,uy URU,MF,Banfield,Copa de la Liga,26,1996,2.4,3,1.24,2,0,0,1,0,0,0,0.00,0,0,0,0,0,0,uy URU,MF,Banfield,Copa de la Liga,26,1996,2.4,6,3,1,5,0,2,5,40.0,3,1,0,1,4,10,5,0,uy URU,MF,Banfield,Copa de la Liga,26,1996,2.4,93,3,12,49,34,9,93,4,1,25.0,3,75.0,38,186,82,1,1,0,7,4,48,5,uy URU,MF,Banfield,Copa de la Liga,26,1996,10,218,22,17.3,2.4,3,64,0,7,4,4,1.50,1,0,+1,+0.41,+0.07,1.8,1.3,+0.4,+0.18,+0.32,uy URU,MF,Banfield,Copa de la Liga,26,1996,2.4,1,0,0,5,2,0,1,4,3,0,0,0,9,15,10,60.0
Ramón Sosa,py PAR,"FW,MF",Talleres,Copa de la Liga,23,1999,10,9,842,9.4,4,2,6,3,1,1,2,0,3.4,2.6,1.8,4.4,39,32,112,0.43,0.21,0.64,0.32,0.53,0.36,0.19,0.55,0.28,0.47,py PAR,"FW,MF",Talleres,Copa de la Liga,23,1999,9.4,4,21,9,42.9,2.24,0.96,0.14,0.33,20.2,2,1,1,3.4,2.6,0.12,+0.6,+0.4,py PAR,"FW,MF",Talleres,Copa de la Liga,23,1999,9.4,245,344,71.2,4016,1132,139,165,84.2,67,98,68.4,27,49,55.1,2,1.8,1.2,+0.2,24,18,14,1,32,py PAR,"FW,MF",Talleres,Copa de la Liga,23,1999,9.4,344,302,41,7,2,7,39,10,23,6,16,0,245,1,11,py PAR,"FW,MF",Talleres,Copa de la Liga,23,1999,9.4,44,4.70,23,8,6,0,7,0,4,0.43,2,0,1,0,1,0,py PAR,"FW,MF",Talleres,Copa de la Liga,23,1999,9.4,9,6,2,3,4,4,9,44.4,5,2,0,2,2,11,1,0,py PAR,"FW,MF",Talleres,Copa de la Liga,23,1999,9.4,481,4,24,201,268,50,480,67,26,38.8,37,55.2,316,2281,1205,39,22,21,31,8,352,112,py PAR,"FW,MF",Talleres,Copa de la Liga,23,1999,10,842,84,66.8,9.4,9,89,7,1,37,0,1.40,12,10,+2,+0.21,+0.64,12.6,9.3,+3.4,+0.36,+0.66,py PAR,"FW,MF",Talleres,Copa de la Liga,23,1999,9.4,2,0,0,3,18,3,39,2,6,1,0,0,44,10,13,43.5
Sebastián Sosa,uy URU,"FW,MF",Banfield,Copa de la Liga,28,1994,8,4,365,4.1,1,0,1,1,0,0,0,0,0.2,0.2,0.3,0.5,0,5,4,0.25,0.00,0.25,0.25,0.25,0.05,0.08,0.13,0.05,0.13,uy URU,"FW,MF",Banfield,Copa de la Liga,28,1994,4.1,1,1,1,100.0,0.25,0.25,1.00,1.00,8.5,0,0,0,0.2,0.2,0.20,+0.8,+0.8,uy URU,"FW,MF",Banfield,Copa de la Liga,28,1994,4.1,36,72,50.0,461,137,22,37,59.5,12,22,54.5,1,5,20.0,0,0.3,0.2,-0.3,5,4,0,0,5,uy URU,"FW,MF",Banfield,Copa de la Liga,28,1994,4.1,72,68,2,0,0,0,1,0,0,0,0,0,36,2,1,uy URU,"FW,MF",Banfield,Copa de la Liga,28,1994,4.1,7,1.73,7,0,0,0,0,0,0,0.00,0,0,0,0,0,0,uy URU,"FW,MF",Banfield,Copa de la Liga,28,1994,4.1,2,1,0,2,0,0,5,0.0,5,1,0,1,1,3,10,0,uy URU,"FW,MF",Banfield,Copa de la Liga,28,1994,4.1,110,12,21,60,30,7,110,2,0,0.0,2,100.0,46,99,22,0,1,0,7,5,71,4,uy URU,"FW,MF",Banfield,Copa de la Liga,28,1994,8,365,46,29.0,4.1,4,84,3,4,7,6,1.38,4,2,+2,+0.49,+0.19,3.0,4.8,-1.8,-0.45,-0.51,uy URU,"FW,MF",Banfield,Copa de la Liga,28,1994,4.1,0,0,0,5,3,3,1,1,1,0,0,0,12,21,30,41.2
David Sotelo,ar ARG,MF,Newell's OB,Copa de la Liga,19,2003,1,0,6,0.1,0,0,0,0,0,0,0,0,0.0,0.0,0.0,0.0,1,0,0,0.00,0.00,0.00,0.00,0.00,0.00,0.00,0.00,0.00,0.00,ar ARG,MF,Newell's OB,Copa de la Liga,19,2003,0.1,0,0,0,0,0.00,0.00,0,0,0,0,0,0,0.0,0.0,0,0.0,0.0,ar ARG,MF,Newell's OB,Copa de la Liga,19,2003,0.1,5,5,100.0,75,11,2,2,100.0,3,3,100.0,0,0,0,0,0.0,0.0,0.0,0,1,0,0,0,ar ARG,MF,Newell's OB,Copa de la Liga,19,2003,0.1,5,5,0,0,0,0,0,0,0,0,0,0,5,0,0,ar ARG,MF,Newell's OB,Copa de la Liga,19,2003,0.1,0,0.00,0,0,0,0,0,0,0,0.00,0,0,0,0,0,0,ar ARG,MF,Newell's OB,Copa de la Liga,19,2003,0.1,2,1,0,2,0,1,1,100.0,0,0,0,0,0,2,0,0,ar ARG,MF,Newell's OB,Copa de la Liga,19,2003,0.1,6,0,0,5,1,0,6,0,0,0,0,0,4,23,21,1,0,0,0,0,4,0,ar ARG,MF,Newell's OB,Copa de la Liga,19,2003,1,6,6,0.5,0.1,0,0,0,1,6,3,3.00,0,0,0,0.00,-0.29,0.0,0.0,0.0,+0.33,+0.21,ar ARG,MF,Newell's OB,Copa de la Liga,19,2003,0.1,0,0,0,1,0,0,0,0,1,0,0,0,1,0,0,0
Alexis Soto,ar ARG,"MF,DF",Defensa y Just,Copa de la Liga,29,1993,9,8,744,8.3,0,2,2,0,0,0,2,0,0.2,0.2,0.9,1.1,25,59,25,0.00,0.24,0.24,0.00,0.24,0.02,0.11,0.13,0.02,0.13,ar ARG,"MF,DF",Defensa y Just,Copa de la Liga,29,1993,8.3,0,5,2,40.0,0.60,0.24,0.00,0.00,25.2,0,0,0,0.2,0.2,0.04,-0.2,-0.2,ar ARG,"MF,DF",Defensa y Just,Copa de la Liga,29,1993,8.3,338,437,77.3,6619,2507,137,157,87.3,143,171,83.6,48,82,58.5,2,0.9,0.9,+1.1,5,36,7,0,59,ar ARG,"MF,DF",Defensa y Just,Copa de la Liga,29,1993,8.3,437,370,66,12,2,12,28,50,4,0,4,0,338,1,16,ar ARG,"MF,DF",Defensa y Just,Copa de la Liga,29,1993,8.3,18,2.18,14,3,0,0,0,1,2,0.24,0,2,0,0,0,0,ar ARG,"MF,DF",Defensa y Just,Copa de la Liga,29,1993,8.3,14,11,10,3,1,7,14,50.0,7,13,1,12,9,23,22,1,ar ARG,"MF,DF",Defensa y Just,Copa de la Liga,29,1993,8.3,547,31,159,276,120,4,547,19,10,52.6,8,42.1,306,1688,1023,25,13,1,21,11,310,25,ar ARG,"MF,DF",Defensa y Just,Copa de la Liga,29,1993,9,744,83,59.0,8.3,8,90,8,1,24,1,1.22,8,8,0,0.00,+0.70,8.0,12.9,-4.9,-0.59,+0.03,ar ARG,"MF,DF",Defensa y Just,Copa de la Liga,29,1993,8.3,2,0,0,14,7,1,28,9,11,0,0,0,62,7,7,50.0
Guillermo Soto,cl CHI,DF,Huracán,Copa de la Liga,29,1994,1,1,90,1.0,0,0,0,0,0,0,0,0,0.1,0.1,0.1,0.1,1,2,5,0.00,0.00,0.00,0.00,0.00,0.07,0.07,0.14,0.07,0.14,cl CHI,DF,Huracán,Copa de la Liga,29,1994,1.0,0,1,0,0.0,1.00,0.00,0.00,0,17.3,0,0,0,0.1,0.1,0.07,-0.1,-0.1,cl CHI,DF,Huracán,Copa de la Liga,29,1994,1.0,36,40,90.0,636,187,19,20,95.0,13,13,100.0,4,6,66.7,0,0.1,0.2,-0.1,1,0,2,1,2,cl CHI,DF,Huracán,Copa de la Liga,29,1994,1.0,40,27,13,0,0,0,2,13,0,0,0,0,36,0,1,cl CHI,DF,Huracán,Copa de la Liga,29,1994,1.0,3,3.00,2,0,0,0,1,0,0,0.00,0,0,0,0,0,0,cl CHI,DF,Huracán,Copa de la Liga,29,1994,1.0,2,1,0,1,1,0,0,0,0,1,0,1,2,4,1,0,cl CHI,DF,Huracán,Copa de la Liga,29,1994,1.0,53,0,6,33,16,1,53,5,0,0.0,4,80.0,18,120,22,1,5,0,1,1,29,5,cl CHI,DF,Huracán,Copa de la Liga,29,1994,1,90,90,7.1,1.0,1,90,1,0,0,0,3.00,2,0,+2,+2.00,+1.54,2.0,0.1,+1.9,+1.92,+2.11,cl CHI,DF,Huracán,Copa de la Liga,29,1994,1.0,0,0,0,1,2,0,2,2,1,0,0,0,2,1,3,25.0
Lucas Souto,ar ARG,DF,Huracán,Copa de la Liga,24,1998,12,11,"1,052",11.7,0,0,0,0,0,0,2,0,0.0,0.0,0.2,0.2,34,47,36,0.00,0.00,0.00,0.00,0.00,0.00,0.02,0.02,0.00,0.02,ar ARG,DF,Huracán,Copa de la Liga,24,1998,11.7,0,1,0,0.0,0.09,0.00,0.00,0,14.3,0,0,0,0.0,0.0,0.01,0.0,0.0,ar ARG,DF,Huracán,Copa de la Liga,24,1998,11.7,272,431,63.1,4572,2746,123,156,78.8,123,191,64.4,20,62,32.3,0,0.2,0.4,-0.2,6,36,7,2,47,ar ARG,DF,Huracán,Copa de la Liga,24,1998,11.7,431,309,122,1,1,0,21,121,0,0,0,0,272,0,13,ar ARG,DF,Huracán,Copa de la Liga,24,1998,11.7,13,1.11,10,0,2,0,1,0,0,0.00,0,0,0,0,0,0,ar ARG,DF,Huracán,Copa de la Liga,24,1998,11.7,18,11,9,8,1,8,18,44.4,10,10,3,7,20,38,41,0,ar ARG,DF,Huracán,Copa de la Liga,24,1998,11.7,588,50,162,274,160,13,588,30,15,50.0,15,50.0,244,1822,1079,34,25,4,29,4,258,36,ar ARG,DF,Huracán,Copa de la Liga,24,1998,12,"1,052",88,83.5,11.7,11,89,8,1,77,0,1.92,15,9,+6,+0.51,-0.35,10.2,11.8,-1.6,-0.14,-0.55,ar ARG,DF,Huracán,Copa de la Liga,24,1998,11.7,2,0,0,18,6,2,21,20,11,0,0,0,45,15,9,62.5
Adrián Sporle,ar ARG,DF,Arsenal,Copa de la Liga,27,1995,13,13,"1,128",12.5,0,1,1,0,0,0,3,0,0.0,0.0,1.4,1.4,38,62,57,0.00,0.08,0.08,0.00,0.08,0.00,0.11,0.11,0.00,0.11,ar ARG,DF,Arsenal,Copa de la Liga,27,1995,12.5,0,1,0,0.0,0.08,0.00,0.00,0,30.7,0,0,0,0.0,0.0,0.02,0.0,0.0,ar ARG,DF,Arsenal,Copa de la Liga,27,1995,12.5,401,632,63.4,7030,3871,200,235,85.1,146,231,63.2,44,109,40.4,1,1.4,1.0,-0.4,6,37,5,4,62,ar ARG,DF,Arsenal,Copa de la Liga,27,1995,12.5,632,474,154,4,0,2,55,149,1,0,1,0,401,4,33,ar ARG,DF,Arsenal,Copa de la Liga,27,1995,12.5,17,1.36,11,2,2,0,1,1,1,0.08,1,0,0,0,0,0,ar ARG,DF,Arsenal,Copa de la Liga,27,1995,12.5,33,14,13,13,7,12,29,41.4,17,22,4,18,13,46,28,0,ar ARG,DF,Arsenal,Copa de la Liga,27,1995,12.5,783,37,215,367,212,10,783,36,19,52.8,16,44.4,344,2258,1230,38,27,5,22,12,345,57,ar ARG,DF,Arsenal,Copa de la Liga,27,1995,13,"1,128",87,89.5,12.5,13,87,10,0,0,1,1.00,9,13,-4,-0.32,+0.36,12.5,12.8,-0.3,-0.02,+0.57,ar ARG,DF,Arsenal,Copa de la Liga,27,1995,12.5,3,0,0,24,3,1,55,13,14,0,0,0,94,16,16,50.0
Alexis Steimbach,ar ARG,"MF,FW",Gimnasia–LP,Copa de la Liga,20,2002,4,3,180,2.0,0,0,0,0,0,0,0,0,0.2,0.2,0.0,0.2,2,4,10,0.00,0.00,0.00,0.00,0.00,0.08,0.00,0.08,0.08,0.08,ar ARG,"MF,FW",Gimnasia–LP,Copa de la Liga,20,2002,2.0,0,3,2,66.7,1.50,1.00,0.00,0.00,11.8,0,0,0,0.2,0.2,0.05,-0.2,-0.2,ar ARG,"MF,FW",Gimnasia–LP,Copa de la Liga,20,2002,2.0,33,55,60.0,560,229,21,30,70.0,9,12,75.0,3,7,42.9,0,0.0,0.1,0.0,0,3,1,0,4,ar ARG,"MF,FW",Gimnasia–LP,Copa de la Liga,20,2002,2.0,55,52,2,0,0,0,1,2,0,0,0,0,33,1,3,ar ARG,"MF,FW",Gimnasia–LP,Copa de la Liga,20,2002,2.0,4,1.99,0,1,0,1,2,0,0,0.00,0,0,0,0,0,0,ar ARG,"MF,FW",Gimnasia–LP,Copa de la Liga,20,2002,2.0,4,2,1,3,0,2,6,33.3,4,4,2,2,1,5,7,0,ar ARG,"MF,FW",Gimnasia–LP,Copa de la Liga,20,2002,2.0,89,9,21,38,33,5,89,10,5,50.0,5,50.0,45,298,76,2,5,0,7,4,55,10,ar ARG,"MF,FW",Gimnasia–LP,Copa de la Liga,20,2002,4,180,45,14.3,2.0,3,52,0,1,23,4,1.50,0,4,-4,-2.00,-1.67,1.1,2.6,-1.4,-0.72,-0.56,ar ARG,"MF,FW",Gimnasia–LP,Copa de la Liga,20,2002,2.0,0,0,0,3,6,0,1,1,2,0,0,0,19,7,8,46.7
Lucas Suárez,ar ARG,DF,Talleres,Copa de la Liga,27,1995,9,6,587,6.5,2,0,2,2,0,0,1,0,0.2,0.2,0.1,0.3,4,28,2,0.31,0.00,0.31,0.31,0.31,0.03,0.01,0.04,0.03,0.04,ar ARG,DF,Talleres,Copa de la Liga,27,1995,6.5,2,4,2,50.0,0.61,0.31,0.50,1.00,14.4,0,0,0,0.2,0.2,0.04,+1.8,+1.8,ar ARG,DF,Talleres,Copa de la Liga,27,1995,6.5,253,328,77.1,5232,2189,78,94,83.0,138,171,80.7,34,52,65.4,0,0.1,0.1,-0.1,2,12,1,0,28,ar ARG,DF,Talleres,Copa de la Liga,27,1995,6.5,328,310,17,10,0,2,0,7,0,0,0,0,253,1,2,ar ARG,DF,Talleres,Copa de la Liga,27,1995,6.5,8,1.23,5,0,2,0,1,0,0,0.00,0,0,0,0,0,0,ar ARG,DF,Talleres,Copa de la Liga,27,1995,6.5,12,6,10,2,0,8,14,57.1,6,13,4,9,8,20,25,1,ar ARG,DF,Talleres,Copa de la Liga,27,1995,6.5,401,41,212,173,19,6,401,8,7,87.5,0,0.0,187,1065,682,4,2,0,7,4,211,2,ar ARG,DF,Talleres,Copa de la Liga,27,1995,9,587,65,46.6,6.5,6,90,6,3,16,1,1.22,6,7,-1,-0.15,-0.29,7.7,6.7,+0.9,+0.14,0.00,ar ARG,DF,Talleres,Copa de la Liga,27,1995,6.5,1,0,0,8,3,0,0,8,6,0,0,0,46,23,16,59.0
Matías Suárez,ar ARG,"MF,FW",River Plate,Copa de la Liga,34,1988,3,0,44,0.5,0,0,0,0,0,0,0,0,0.1,0.1,0.0,0.1,1,0,10,0.00,0.00,0.00,0.00,0.00,0.28,0.00,0.28,0.28,0.28,ar ARG,"MF,FW",River Plate,Copa de la Liga,34,1988,0.5,0,2,0,0.0,4.09,0.00,0.00,0,20.2,0,0,0,0.1,0.1,0.07,-0.1,-0.1,ar ARG,"MF,FW",River Plate,Copa de la Liga,34,1988,0.5,8,14,57.1,100,1,5,6,83.3,3,6,50.0,0,1,0.0,0,0.0,0.0,0.0,0,0,0,0,0,ar ARG,"MF,FW",River Plate,Copa de la Liga,34,1988,0.5,14,14,0,0,0,0,0,0,0,0,0,0,8,0,0,ar ARG,"MF,FW",River Plate,Copa de la Liga,34,1988,0.5,1,2.05,1,0,0,0,0,0,0,0.00,0,0,0,0,0,0,ar ARG,"MF,FW",River Plate,Copa de la Liga,34,1988,0.5,0,0,0,0,0,0,0,0,0,0,0,0,0,0,0,0,ar ARG,"MF,FW",River Plate,Copa de la Liga,34,1988,0.5,18,0,0,4,14,6,18,1,0,0.0,1,100.0,14,50,31,1,0,1,0,0,17,10,ar ARG,"MF,FW",River Plate,Copa de la Liga,34,1988,3,44,15,3.5,0.5,0,0,0,3,15,8,1.33,0,0,0,0.00,-0.59,0.6,0.1,+0.5,+1.02,+0.42,ar ARG,"MF,FW",River Plate,Copa de la Liga,34,1988,0.5,0,0,0,0,0,0,0,0,0,0,0,0,0,0,1,0.0
Tomás Sultani,ar ARG,GK,Arsenal,Copa de la Liga,24,1998,3,2,181,2.0,0,0,0,0,0,0,0,0,0.0,0.0,0.0,0.0,0,0,0,0.00,0.00,0.00,0.00,0.00,0.00,0.01,0.01,0.00,0.01,ar ARG,GK,Arsenal,Copa de la Liga,24,1998,2.0,0,0,0,0,0.00,0.00,0,0,0,0,0,0,0.0,0.0,0,0.0,0.0,ar ARG,GK,Arsenal,Copa de la Liga,24,1998,2.0,36,68,52.9,1242,1002,3,3,100.0,16,16,100.0,17,48,35.4,0,0.0,0.0,0.0,1,2,0,0,0,ar ARG,GK,Arsenal,Copa de la Liga,24,1998,2.0,68,42,25,6,0,0,0,0,0,0,0,0,36,1,0,ar ARG,GK,Arsenal,Copa de la Liga,24,1998,2.0,1,0.50,0,1,0,0,0,0,0,0.00,0,0,0,0,0,0,ar ARG,GK,Arsenal,Copa de la Liga,24,1998,2.0,0,0,0,0,0,0,0,0,0,0,0,0,0,0,0,0,ar ARG,GK,Arsenal,Copa de la Liga,24,1998,2.0,71,56,71,0,0,0,71,0,0,0,0,0,37,250,146,0,0,0,0,0,24,0,ar ARG,GK,Arsenal,Copa de la Liga,24,1998,3,181,60,14.4,2.0,2,90,2,1,1,11,1.67,2,1,+1,+0.50,+1.00,3.1,1.9,+1.2,+0.60,+0.80,ar ARG,GK,Arsenal,Copa de la Liga,24,1998,2.0,0,0,0,0,0,0,0,0,0,0,0,0,1,0,0,0
Gastón Suso,ar ARG,DF,Platense,Copa de la Liga,31,1991,13,12,"1,037",11.5,0,0,0,0,0,0,3,1,0.4,0.4,0.0,0.4,3,24,2,0.00,0.00,0.00,0.00,0.00,0.03,0.00,0.03,0.03,0.03,ar ARG,DF,Platense,Copa de la Liga,31,1991,11.5,0,9,0,0.0,0.78,0.00,0.00,0,13.0,0,0,0,0.4,0.4,0.04,-0.4,-0.4,ar ARG,DF,Platense,Copa de la Liga,31,1991,11.5,239,354,67.5,5200,2436,62,81,76.5,128,166,77.1,44,91,48.4,0,0.0,0.1,0.0,0,18,0,0,24,ar ARG,DF,Platense,Copa de la Liga,31,1991,11.5,354,335,16,13,0,2,0,1,0,0,0,0,239,3,5,ar ARG,DF,Platense,Copa de la Liga,31,1991,11.5,5,0.43,3,0,0,2,0,0,1,0.09,0,0,0,1,0,0,ar ARG,DF,Platense,Copa de la Liga,31,1991,11.5,26,18,12,11,3,17,22,77.3,5,15,5,10,20,46,60,0,ar ARG,DF,Platense,Copa de la Liga,31,1991,11.5,501,53,251,233,20,14,501,3,2,66.7,1,33.3,177,823,449,3,0,0,5,1,181,2,ar ARG,DF,Platense,Copa de la Liga,31,1991,13,"1,037",80,82.3,11.5,12,85,10,1,14,0,1.19,9,14,-5,-0.43,-1.24,10.1,12.1,-2.0,-0.17,-0.07,ar ARG,DF,Platense,Copa de la Liga,31,1991,11.5,3,1,0,11,5,0,0,20,18,0,0,0,65,36,21,63.2
Joaquín Susvielles,ar ARG,"FW,MF",Barracas Central,Copa de la Liga,31,1991,10,0,190,2.1,0,0,0,0,0,0,0,0,0.2,0.2,0.1,0.3,1,4,20,0.00,0.00,0.00,0.00,0.00,0.08,0.07,0.15,0.08,0.15,ar ARG,"FW,MF",Barracas Central,Copa de la Liga,31,1991,2.1,0,5,0,0.0,2.37,0.00,0.00,0,14.9,0,0,0,0.2,0.2,0.04,-0.2,-0.2,ar ARG,"FW,MF",Barracas Central,Copa de la Liga,31,1991,2.1,49,74,66.2,676,48,27,42,64.3,15,20,75.0,3,6,50.0,0,0.1,0.3,-0.1,1,2,2,0,4,ar ARG,"FW,MF",Barracas Central,Copa de la Liga,31,1991,2.1,74,72,2,0,0,0,1,0,0,0,0,0,49,0,1,ar ARG,"FW,MF",Barracas Central,Copa de la Liga,31,1991,2.1,6,2.84,3,0,0,2,1,0,1,0.47,0,0,0,0,1,0,ar ARG,"FW,MF",Barracas Central,Copa de la Liga,31,1991,2.1,0,0,0,0,0,0,3,0.0,3,4,1,3,0,0,1,0,ar ARG,"FW,MF",Barracas Central,Copa de la Liga,31,1991,2.1,105,1,7,47,51,11,105,6,2,33.3,3,50.0,57,199,57,1,3,2,6,3,81,20,ar ARG,"FW,MF",Barracas Central,Copa de la Liga,31,1991,10,190,19,15.1,2.1,0,0,0,10,19,3,0.50,2,3,-1,-0.47,+0.37,2.7,3.4,-0.7,-0.33,-0.18,ar ARG,"FW,MF",Barracas Central,Copa de la Liga,31,1991,2.1,0,0,0,3,1,0,1,0,0,1,0,0,5,18,11,62.1
Vicente Taborda,ar ARG,"MF,FW",Boca Juniors,Copa de la Liga,21,2001,4,1,197,2.2,0,0,0,0,0,0,0,0,0.3,0.3,0.4,0.6,10,14,23,0.00,0.00,0.00,0.00,0.00,0.12,0.17,0.29,0.12,0.29,ar ARG,"MF,FW",Boca Juniors,Copa de la Liga,21,2001,2.2,0,4,1,25.0,1.83,0.46,0.00,0.00,26.5,2,0,0,0.3,0.3,0.06,-0.3,-0.3,ar ARG,"MF,FW",Boca Juniors,Copa de la Liga,21,2001,2.2,128,160,80.0,1923,470,73,77,94.8,39,48,81.3,9,23,39.1,0,0.4,0.4,-0.4,4,10,0,0,14,ar ARG,"MF,FW",Boca Juniors,Copa de la Liga,21,2001,2.2,160,145,15,2,0,1,16,1,12,6,5,0,128,0,3,ar ARG,"MF,FW",Boca Juniors,Copa de la Liga,21,2001,2.2,11,5.03,6,1,1,1,2,0,1,0.46,0,0,0,1,0,0,ar ARG,"MF,FW",Boca Juniors,Copa de la Liga,21,2001,2.2,9,8,1,8,0,3,9,33.3,6,2,0,2,1,10,0,0,ar ARG,"MF,FW",Boca Juniors,Copa de la Liga,21,2001,2.2,194,0,10,110,78,5,194,14,8,57.1,4,28.6,118,671,388,10,11,0,6,4,149,23,ar ARG,"MF,FW",Boca Juniors,Copa de la Liga,21,2001,4,197,49,15.6,2.2,1,76,0,3,40,3,1.00,1,0,+1,+0.46,+0.46,2.1,0.6,+1.6,+0.71,+0.52,ar ARG,"MF,FW",Boca Juniors,Copa de la Liga,21,2001,2.2,0,0,0,2,5,0,16,1,8,0,0,0,17,0,3,0.0
Matías Tagliamonte,ar ARG,GK,Racing Club,Copa de la Liga,24,1998,2,2,180,2.0,0,0,0,0,0,0,0,0,0.0,0.0,0.0,0.0,0,0,0,0.00,0.00,0.00,0.00,0.00,0.00,0.00,0.00,0.00,0.00,ar ARG,GK,Racing Club,Copa de la Liga,24,1998,2.0,0,0,0,0,0.00,0.00,0,0,0,0,0,0,0.0,0.0,0,0.0,0.0,ar ARG,GK,Racing Club,Copa de la Liga,24,1998,2.0,37,69,53.6,1243,1010,6,6,100.0,12,12,100.0,17,49,34.7,0,0.0,0.0,0.0,0,1,0,0,0,ar ARG,GK,Racing Club,Copa de la Liga,24,1998,2.0,69,34,35,9,0,0,0,0,0,0,0,0,37,0,0,ar ARG,GK,Racing Club,Copa de la Liga,24,1998,2.0,0,0.00,0,0,0,0,0,0,0,0.00,0,0,0,0,0,0,ar ARG,GK,Racing Club,Copa de la Liga,24,1998,2.0,1,1,1,0,0,1,1,100.0,0,0,0,0,0,1,1,1,ar ARG,GK,Racing Club,Copa de la Liga,24,1998,2.0,78,64,78,0,0,0,78,0,0,0,0,0,31,234,153,0,0,0,0,0,17,0,ar ARG,GK,Racing Club,Copa de la Liga,24,1998,2,180,90,14.3,2.0,2,90,2,0,0,12,2.00,3,2,+1,+0.50,+0.08,2.0,2.6,-0.5,-0.26,-0.39,ar ARG,GK,Racing Club,Copa de la Liga,24,1998,2.0,0,0,0,0,0,0,0,0,1,0,0,0,0,1,1,50.0
Patricio Tanda,ar ARG,"MF,DF",Unión,Copa de la Liga,20,2002,7,0,186,2.1,0,0,0,0,0,0,1,0,0.0,0.0,0.1,0.1,4,9,3,0.00,0.00,0.00,0.00,0.00,0.00,0.05,0.05,0.00,0.05,ar ARG,"MF,DF",Unión,Copa de la Liga,20,2002,2.1,0,1,0,0.0,0.48,0.00,0.00,0,34.3,0,0,0,0.0,0.0,0.01,0.0,0.0,ar ARG,"MF,DF",Unión,Copa de la Liga,20,2002,2.1,73,92,79.3,1193,354,36,40,90.0,30,37,81.1,4,9,44.4,0,0.1,0.0,-0.1,3,5,0,0,9,ar ARG,"MF,DF",Unión,Copa de la Liga,20,2002,2.1,92,91,1,0,0,2,3,1,0,0,0,0,73,0,3,ar ARG,"MF,DF",Unión,Copa de la Liga,20,2002,2.1,5,2.42,3,0,1,1,0,0,0,0.00,0,0,0,0,0,0,ar ARG,"MF,DF",Unión,Copa de la Liga,20,2002,2.1,8,6,4,4,0,1,5,20.0,4,3,0,3,4,12,13,0,ar ARG,"MF,DF",Unión,Copa de la Liga,20,2002,2.1,131,10,51,71,10,0,131,4,3,75.0,1,25.0,60,443,177,4,2,0,4,3,62,3,ar ARG,"MF,DF",Unión,Copa de la Liga,20,2002,7,186,27,14.8,2.1,0,0,0,7,27,1,1.43,1,1,0,0.00,+0.25,1.3,1.6,-0.4,-0.17,-0.05,ar ARG,"MF,DF",Unión,Copa de la Liga,20,2002,2.1,1,0,0,4,0,0,3,4,6,0,0,0,17,5,2,71.4
Iván Tapia,ar ARG,MF,Barracas Central,Copa de la Liga,24,1998,14,14,"1,226",13.6,2,3,5,0,2,2,2,0,2.1,0.5,3.1,3.6,6,53,35,0.15,0.22,0.37,0.00,0.22,0.15,0.23,0.38,0.04,0.26,ar ARG,MF,Barracas Central,Copa de la Liga,24,1998,13.6,2,10,4,40.0,0.73,0.29,0.00,0.00,30.9,5,2,2,2.1,0.5,0.05,-0.1,-0.5,ar ARG,MF,Barracas Central,Copa de la Liga,24,1998,13.6,423,591,71.6,7569,2704,197,232,84.9,142,186,76.3,64,122,52.5,3,3.1,2.5,-0.1,39,41,12,7,53,ar ARG,MF,Barracas Central,Copa de la Liga,24,1998,13.6,591,472,119,44,1,6,86,14,61,24,28,0,423,0,20,ar ARG,MF,Barracas Central,Copa de la Liga,24,1998,13.6,58,4.26,28,28,1,0,1,0,5,0.37,2,3,0,0,0,0,ar ARG,MF,Barracas Central,Copa de la Liga,24,1998,13.6,11,6,2,9,0,7,26,26.9,19,11,2,9,8,19,5,0,ar ARG,MF,Barracas Central,Copa de la Liga,24,1998,13.6,683,10,81,358,249,16,681,11,2,18.2,9,81.8,288,970,484,6,13,2,18,5,386,35,ar ARG,MF,Barracas Central,Copa de la Liga,24,1998,14,"1,226",88,97.3,13.6,14,88,9,0,0,0,1.00,10,21,-11,-0.81,-0.81,11.3,14.0,-2.7,-0.20,-0.92,ar ARG,MF,Barracas Central,Copa de la Liga,24,1998,13.6,2,0,0,8,17,0,86,8,6,0,0,0,62,6,20,23.1
Cristian Tarragona,ar ARG,FW,Gimnasia–LP,Copa de la Liga,31,1991,14,14,"1,222",13.6,4,0,4,3,1,1,3,0,4.0,3.2,1.0,4.2,8,19,82,0.29,0.00,0.29,0.22,0.22,0.29,0.08,0.37,0.23,0.31,ar ARG,FW,Gimnasia–LP,Copa de la Liga,31,1991,13.6,4,22,5,22.7,1.62,0.37,0.14,0.60,16.6,1,1,1,4.0,3.2,0.14,0.0,-0.2,ar ARG,FW,Gimnasia–LP,Copa de la Liga,31,1991,13.6,265,380,69.7,3346,696,182,241,75.5,50,76,65.8,11,13,84.6,0,1.0,1.1,-1.0,15,22,7,4,19,ar ARG,FW,Gimnasia–LP,Copa de la Liga,31,1991,13.6,380,354,26,0,1,1,8,3,0,0,0,0,265,0,17,ar ARG,FW,Gimnasia–LP,Copa de la Liga,31,1991,13.6,31,2.28,24,0,2,1,4,0,1,0.07,1,0,0,0,0,0,ar ARG,FW,Gimnasia–LP,Copa de la Liga,31,1991,13.6,18,7,1,12,5,8,15,53.3,7,15,6,9,2,20,16,0,ar ARG,FW,Gimnasia–LP,Copa de la Liga,31,1991,13.6,569,22,43,266,265,51,568,21,10,47.6,9,42.9,333,1155,352,8,9,4,67,19,397,82,ar ARG,FW,Gimnasia–LP,Copa de la Liga,31,1991,14,"1,222",87,97.0,13.6,14,87,9,0,0,0,1.07,12,20,-8,-0.59,-0.59,12.8,16.4,-3.5,-0.26,-0.69,ar ARG,FW,Gimnasia–LP,Copa de la Liga,31,1991,13.6,3,0,0,23,21,7,8,2,7,0,0,0,51,42,84,33.3
Renzo Tesuri,ar ARG,"MF,DF",Atlé Tucumán,Copa de la Liga,26,1996,14,10,751,8.3,0,0,0,0,0,0,2,0,0.7,0.7,0.2,0.9,8,23,40,0.00,0.00,0.00,0.00,0.00,0.08,0.03,0.11,0.08,0.11,ar ARG,"MF,DF",Atlé Tucumán,Copa de la Liga,26,1996,8.3,0,5,1,20.0,0.60,0.12,0.00,0.00,23.2,0,0,0,0.7,0.7,0.14,-0.7,-0.7,ar ARG,"MF,DF",Atlé Tucumán,Copa de la Liga,26,1996,8.3,183,268,68.3,2594,1135,118,138,85.5,46,70,65.7,10,39,25.6,0,0.2,0.4,-0.2,5,19,7,1,23,ar ARG,"MF,DF",Atlé Tucumán,Copa de la Liga,26,1996,8.3,268,250,17,1,1,0,15,16,0,0,0,0,183,1,7,ar ARG,"MF,DF",Atlé Tucumán,Copa de la Liga,26,1996,8.3,16,1.91,13,1,0,0,2,0,1,0.12,1,0,0,0,0,0,ar ARG,"MF,DF",Atlé Tucumán,Copa de la Liga,26,1996,8.3,29,19,14,10,5,22,36,61.1,14,15,0,15,5,34,10,0,ar ARG,"MF,DF",Atlé Tucumán,Copa de la Liga,26,1996,8.3,368,8,93,185,94,5,368,11,4,36.4,7,63.6,208,891,445,8,10,2,13,11,206,40,ar ARG,"MF,DF",Atlé Tucumán,Copa de la Liga,26,1996,14,751,54,59.6,8.3,10,66,1,4,24,0,1.21,4,6,-2,-0.24,-0.06,7.3,7.5,-0.2,-0.02,-0.11,ar ARG,"MF,DF",Atlé Tucumán,Copa de la Liga,26,1996,8.3,2,0,0,7,17,0,15,5,19,0,0,0,51,2,11,15.4
Fernando Tobio,ar ARG,DF,Huracán,Copa de la Liga,33,1989,9,8,727,8.1,1,0,1,1,0,0,3,1,0.0,0.0,0.0,0.0,3,18,0,0.12,0.00,0.12,0.12,0.12,0.01,0.00,0.01,0.01,0.01,ar ARG,DF,Huracán,Copa de la Liga,33,1989,8.1,1,2,1,50.0,0.25,0.12,0.50,1.00,11.8,0,0,0,0.0,0.0,0.02,+1.0,+1.0,ar ARG,DF,Huracán,Copa de la Liga,33,1989,8.1,267,338,79.0,5272,1945,88,102,86.3,144,162,88.9,33,63,52.4,0,0.0,0.1,0.0,0,9,3,0,18,ar ARG,DF,Huracán,Copa de la Liga,33,1989,8.1,338,311,26,15,0,2,0,2,0,0,0,0,267,1,5,ar ARG,DF,Huracán,Copa de la Liga,33,1989,8.1,2,0.25,2,0,0,0,0,0,0,0.00,0,0,0,0,0,0,ar ARG,DF,Huracán,Copa de la Liga,33,1989,8.1,7,4,4,3,0,3,3,100.0,0,3,2,1,9,16,39,0,ar ARG,DF,Huracán,Copa de la Liga,33,1989,8.1,415,59,220,191,5,3,415,1,1,100.0,0,0.0,220,1105,711,3,0,0,4,1,230,0,ar ARG,DF,Huracán,Copa de la Liga,33,1989,9,727,81,57.7,8.1,8,88,7,1,24,0,1.70,11,6,+5,+0.62,+0.11,7.4,7.9,-0.5,-0.06,-0.04,ar ARG,DF,Huracán,Copa de la Liga,33,1989,8.1,3,1,1,5,2,0,0,9,4,0,0,0,27,23,13,63.9
Gastón Togni,ar ARG,"FW,MF",Defensa y Just,Copa de la Liga,25,1997,12,7,779,8.7,1,2,3,1,0,0,1,0,1.5,1.5,1.3,2.8,21,12,113,0.12,0.23,0.35,0.12,0.35,0.18,0.15,0.33,0.18,0.33,ar ARG,"FW,MF",Defensa y Just,Copa de la Liga,25,1997,8.7,1,24,5,20.8,2.77,0.58,0.04,0.20,18.1,2,0,0,1.5,1.5,0.06,-0.5,-0.5,ar ARG,"FW,MF",Defensa y Just,Copa de la Liga,25,1997,8.7,158,285,55.4,2651,812,88,118,74.6,45,76,59.2,18,60,30.0,2,1.3,1.5,+0.7,17,11,14,11,12,ar ARG,"FW,MF",Defensa y Just,Copa de la Liga,25,1997,8.7,285,234,46,7,1,1,81,6,33,16,10,0,158,5,15,ar ARG,"FW,MF",Defensa y Just,Copa de la Liga,25,1997,8.7,26,3.01,19,6,1,0,0,0,3,0.35,2,1,0,0,0,0,ar ARG,"FW,MF",Defensa y Just,Copa de la Liga,25,1997,8.7,4,2,2,2,0,2,11,18.2,9,6,1,5,2,6,3,0,ar ARG,"FW,MF",Defensa y Just,Copa de la Liga,25,1997,8.7,376,4,36,106,239,40,376,22,8,36.4,12,54.5,240,1307,656,21,14,7,21,15,254,113,ar ARG,"FW,MF",Defensa y Just,Copa de la Liga,25,1997,12,779,65,61.8,8.7,7,86,5,5,35,0,1.17,8,9,-1,-0.12,+0.45,7.9,12.0,-4.1,-0.48,+0.35,ar ARG,"FW,MF",Defensa y Just,Copa de la Liga,25,1997,8.7,1,0,0,7,3,3,81,2,2,0,0,0,35,3,10,23.1
Agustín Toledo,ar ARG,MF,Rosario Central,Copa de la Liga,22,2000,11,8,723,8.0,0,0,0,0,0,0,2,0,0.2,0.2,0.1,0.3,8,22,5,0.00,0.00,0.00,0.00,0.00,0.02,0.01,0.04,0.02,0.04,ar ARG,MF,Rosario Central,Copa de la Liga,22,2000,8.0,0,4,0,0.0,0.50,0.00,0.00,0,18.8,0,0,0,0.2,0.2,0.05,-0.2,-0.2,ar ARG,MF,Rosario Central,Copa de la Liga,22,2000,8.0,238,321,74.1,4168,1737,110,129,85.3,105,144,72.9,19,37,51.4,0,0.1,0.3,-0.1,2,29,3,1,22,ar ARG,MF,Rosario Central,Copa de la Liga,22,2000,8.0,321,311,9,9,0,4,2,0,0,0,0,0,238,1,2,ar ARG,MF,Rosario Central,Copa de la Liga,22,2000,8.0,11,1.37,10,0,0,0,1,0,1,0.12,1,0,0,0,0,0,ar ARG,MF,Rosario Central,Copa de la Liga,22,2000,8.0,17,7,10,6,1,7,16,43.8,9,15,2,13,14,31,18,0,ar ARG,MF,Rosario Central,Copa de la Liga,22,2000,8.0,414,29,135,260,26,4,414,3,1,33.3,1,33.3,192,929,447,8,2,0,10,4,191,5,ar ARG,MF,Rosario Central,Copa de la Liga,22,2000,11,723,66,57.4,8.0,8,80,5,3,28,3,1.64,9,9,0,0.00,-0.67,7.0,11.8,-4.7,-0.59,-0.63,ar ARG,MF,Rosario Central,Copa de la Liga,22,2000,8.0,2,0,0,18,8,0,2,14,7,0,1,0,72,19,11,63.3
Javier Toledo,ar ARG,"FW,DF",Colón,Copa de la Liga,36,1986,11,2,380,4.2,1,0,1,1,0,0,2,0,1.1,1.1,0.6,1.7,8,9,29,0.24,0.00,0.24,0.24,0.24,0.25,0.14,0.39,0.25,0.39,ar ARG,"FW,DF",Colón,Copa de la Liga,36,1986,4.2,1,12,2,16.7,2.84,0.47,0.08,0.50,17.3,0,0,0,1.1,1.1,0.09,-0.1,-0.1,ar ARG,"FW,DF",Colón,Copa de la Liga,36,1986,4.2,66,107,61.7,924,230,42,66,63.6,14,24,58.3,6,10,60.0,0,0.6,0.7,-0.6,9,4,6,1,9,ar ARG,"FW,DF",Colón,Copa de la Liga,36,1986,4.2,107,106,1,0,0,1,3,1,0,0,0,0,66,0,1,ar ARG,"FW,DF",Colón,Copa de la Liga,36,1986,4.2,12,2.83,9,0,2,0,1,0,1,0.24,1,0,0,0,0,0,ar ARG,"FW,DF",Colón,Copa de la Liga,36,1986,4.2,2,1,0,0,2,1,3,33.3,2,2,0,2,2,4,4,0,ar ARG,"FW,DF",Colón,Copa de la Liga,36,1986,4.2,159,3,6,62,93,20,159,5,3,60.0,2,40.0,82,332,167,8,4,2,13,7,130,29,ar ARG,"FW,DF",Colón,Copa de la Liga,36,1986,11,380,35,30.2,4.2,2,70,0,9,27,3,1.00,4,5,-1,-0.24,-0.54,4.3,4.4,-0.2,-0.04,-0.24,ar ARG,"FW,DF",Colón,Copa de la Liga,36,1986,4.2,2,0,0,8,10,2,3,2,1,0,0,0,7,28,36,43.8
Nicolás Tolosa,ar ARG,DF,Barracas Central,Copa de la Liga,21,2001,9,5,473,5.3,1,0,1,1,0,0,0,0,0.7,0.7,0.0,0.7,11,17,25,0.19,0.00,0.19,0.19,0.19,0.13,0.01,0.14,0.13,0.14,ar ARG,DF,Barracas Central,Copa de la Liga,21,2001,5.3,1,7,2,28.6,1.33,0.38,0.14,0.50,17.2,0,0,0,0.7,0.7,0.10,+0.3,+0.3,ar ARG,DF,Barracas Central,Copa de la Liga,21,2001,5.3,182,243,74.9,2882,1060,94,105,89.5,77,98,78.6,9,17,52.9,0,0.0,0.1,0.0,1,11,3,1,17,ar ARG,DF,Barracas Central,Copa de la Liga,21,2001,5.3,243,182,61,2,0,0,17,59,0,0,0,0,182,0,14,ar ARG,DF,Barracas Central,Copa de la Liga,21,2001,5.3,6,1.14,4,0,1,1,0,0,0,0.00,0,0,0,0,0,0,ar ARG,DF,Barracas Central,Copa de la Liga,21,2001,5.3,11,8,2,7,2,6,13,46.2,7,6,0,6,6,17,11,0,ar ARG,DF,Barracas Central,Copa de la Liga,21,2001,5.3,309,10,63,151,102,10,309,9,3,33.3,3,33.3,121,770,356,11,5,2,10,5,149,25,ar ARG,DF,Barracas Central,Copa de la Liga,21,2001,9,473,53,37.5,5.3,5,82,1,4,16,4,1.44,4,5,-1,-0.19,+0.95,4.8,3.7,+1.1,+0.21,+0.62,ar ARG,DF,Barracas Central,Copa de la Liga,21,2001,5.3,0,0,0,2,5,0,17,6,8,0,0,0,32,4,2,66.7
Santiago Toloza,ar ARG,"MF,FW",Independiente,Copa de la Liga,20,2002,5,2,237,2.6,0,0,0,0,0,0,2,0,0.2,0.2,0.6,0.8,10,13,16,0.00,0.00,0.00,0.00,0.00,0.07,0.24,0.31,0.07,0.31,ar ARG,"MF,FW",Independiente,Copa de la Liga,20,2002,2.6,0,3,2,66.7,1.14,0.76,0.00,0.00,24.3,1,0,0,0.2,0.2,0.06,-0.2,-0.2,ar ARG,"MF,FW",Independiente,Copa de la Liga,20,2002,2.6,90,125,72.0,1344,403,55,64,85.9,27,36,75.0,6,17,35.3,0,0.6,0.5,-0.6,4,11,2,0,13,ar ARG,"MF,FW",Independiente,Copa de la Liga,20,2002,2.6,125,111,12,5,1,0,16,0,7,0,7,0,90,2,0,ar ARG,"MF,FW",Independiente,Copa de la Liga,20,2002,2.6,9,3.42,4,2,1,2,0,0,0,0.00,0,0,0,0,0,0,ar ARG,"MF,FW",Independiente,Copa de la Liga,20,2002,2.6,5,5,1,4,0,2,3,66.7,1,3,0,3,0,5,0,0,ar ARG,"MF,FW",Independiente,Copa de la Liga,20,2002,2.6,157,0,9,87,61,6,157,12,5,41.7,6,50.0,115,729,346,10,8,1,8,4,123,16,ar ARG,"MF,FW",Independiente,Copa de la Liga,20,2002,5,237,47,18.8,2.6,2,70,0,3,33,0,1.00,4,4,0,0.00,-0.35,4.7,2.9,+1.8,+0.68,+0.16,ar ARG,"MF,FW",Independiente,Copa de la Liga,20,2002,2.6,2,0,0,1,8,0,16,0,5,0,0,0,12,0,1,0.0
Santiago Toloza,ar ARG,MF,Arsenal,Copa de la Liga,20,2002,2,2,180,2.0,1,0,1,0,1,1,0,0,1.1,0.6,0.2,0.9,7,8,6,0.50,0.00,0.50,0.00,0.00,0.57,0.12,0.69,0.32,0.44,ar ARG,"MF,FW",Independiente,Copa de la Liga,20,2002,2.6,0,3,2,66.7,1.14,0.76,0.00,0.00,24.3,1,0,0,0.2,0.2,0.06,-0.2,-0.2,ar ARG,"MF,FW",Independiente,Copa de la Liga,20,2002,2.6,90,125,72.0,1344,403,55,64,85.9,27,36,75.0,6,17,35.3,0,0.6,0.5,-0.6,4,11,2,0,13,ar ARG,"MF,FW",Independiente,Copa de la Liga,20,2002,2.6,125,111,12,5,1,0,16,0,7,0,7,0,90,2,0,ar ARG,"MF,FW",Independiente,Copa de la Liga,20,2002,2.6,9,3.42,4,2,1,2,0,0,0,0.00,0,0,0,0,0,0,ar ARG,"MF,FW",Independiente,Copa de la Liga,20,2002,2.6,5,5,1,4,0,2,3,66.7,1,3,0,3,0,5,0,0,ar ARG,"MF,FW",Independiente,Copa de la Liga,20,2002,2.6,157,0,9,87,61,6,157,12,5,41.7,6,50.0,115,729,346,10,8,1,8,4,123,16,ar ARG,"MF,FW",Independiente,Copa de la Liga,20,2002,5,237,47,18.8,2.6,2,70,0,3,33,0,1.00,4,4,0,0.00,-0.35,4.7,2.9,+1.8,+0.68,+0.16,ar ARG,"MF,FW",Independiente,Copa de la Liga,20,2002,2.6,2,0,0,1,8,0,16,0,5,0,0,0,12,0,1,0.0
Fernando Torrent,ar ARG,DF,Huracán,Copa de la Liga,31,1991,4,1,31,0.3,0,0,0,0,0,0,0,0,0.0,0.0,0.0,0.0,4,5,4,0.00,0.00,0.00,0.00,0.00,0.12,0.00,0.12,0.12,0.12,ar ARG,DF,Huracán,Copa de la Liga,31,1991,0.3,0,1,0,0.0,2.90,0.00,0.00,0,17.0,0,0,0,0.0,0.0,0.04,0.0,0.0,ar ARG,DF,Huracán,Copa de la Liga,31,1991,0.3,24,33,72.7,410,180,9,12,75.0,14,18,77.8,1,3,33.3,0,0.0,0.1,0.0,0,5,2,1,5,ar ARG,DF,Huracán,Copa de la Liga,31,1991,0.3,33,27,6,0,1,0,5,6,0,0,0,0,24,0,0,ar ARG,DF,Huracán,Copa de la Liga,31,1991,0.3,2,5.81,2,0,0,0,0,0,0,0.00,0,0,0,0,0,0,ar ARG,DF,Huracán,Copa de la Liga,31,1991,0.3,1,1,1,0,0,1,2,50.0,1,0,0,0,0,1,0,0,ar ARG,DF,Huracán,Copa de la Liga,31,1991,0.3,35,0,2,13,21,5,35,2,1,50.0,1,50.0,17,113,74,4,2,1,0,0,22,4,ar ARG,DF,Huracán,Copa de la Liga,31,1991,4,31,8,2.5,0.3,1,13,0,3,6,5,2.00,1,0,+1,+2.90,+2.39,0.5,0.7,-0.2,-0.54,-0.51,ar ARG,DF,Huracán,Copa de la Liga,31,1991,0.3,0,0,0,1,0,0,5,0,1,0,0,0,1,0,0,0
Cristian Torres,ar ARG,MF,Cen. Córdoba–SdE,Copa de la Liga,23,1999,1,0,35,0.4,0,0,0,0,0,0,0,0,0.1,0.1,0.0,0.1,0,1,0,0.00,0.00,0.00,0.00,0.00,0.13,0.03,0.17,0.13,0.17,ar ARG,MF,Cen. Córdoba–SdE,Copa de la Liga,23,1999,0.4,0,1,0,0.0,2.57,0.00,0.00,0,26.0,1,0,0,0.1,0.1,0.05,-0.1,-0.1,ar ARG,MF,Cen. Córdoba–SdE,Copa de la Liga,23,1999,0.4,4,7,57.1,44,18,2,2,100.0,1,2,50.0,0,2,0.0,0,0.0,0.0,0.0,1,0,0,0,1,ar ARG,MF,Cen. Córdoba–SdE,Copa de la Liga,23,1999,0.4,7,5,2,1,0,0,1,0,1,1,0,0,4,0,0,ar ARG,MF,Cen. Córdoba–SdE,Copa de la Liga,23,1999,0.4,1,2.57,0,1,0,0,0,0,0,0.00,0,0,0,0,0,0,ar ARG,MF,Cen. Córdoba–SdE,Copa de la Liga,23,1999,0.4,0,0,0,0,0,0,0,0,0,0,0,0,0,0,0,0,ar ARG,MF,Cen. Córdoba–SdE,Copa de la Liga,23,1999,0.4,9,0,0,7,2,0,9,0,0,0,0,0,2,5,2,0,0,0,0,0,3,0,ar ARG,MF,Cen. Córdoba–SdE,Copa de la Liga,23,1999,1,35,35,2.8,0.4,0,0,0,1,35,2,0.00,0,0,0,0.00,+0.22,0.2,0.4,-0.2,-0.51,-0.59,ar ARG,MF,Cen. Córdoba–SdE,Copa de la Liga,23,1999,0.4,0,0,0,0,1,0,1,0,0,0,0,0,2,0,1,0.0
Franco Torres,ar ARG,"FW,MF",Gimnasia–LP,Copa de la Liga,23,1999,4,0,86,1.0,0,0,0,0,0,0,0,0,0.0,0.0,0.1,0.1,3,4,8,0.00,0.00,0.00,0.00,0.00,0.00,0.13,0.13,0.00,0.13,ar ARG,"FW,MF",Gimnasia–LP,Copa de la Liga,23,1999,1.0,0,0,0,0,0.00,0.00,0,0,0,0,0,0,0.0,0.0,0,0.0,0.0,ar ARG,"FW,MF",Gimnasia–LP,Copa de la Liga,23,1999,1.0,16,34,47.1,240,92,12,15,80.0,2,7,28.6,2,7,28.6,0,0.1,0.1,-0.1,1,1,0,0,4,ar ARG,"FW,MF",Gimnasia–LP,Copa de la Liga,23,1999,1.0,34,30,4,0,0,0,11,0,4,0,4,0,16,0,3,ar ARG,"FW,MF",Gimnasia–LP,Copa de la Liga,23,1999,1.0,3,3.14,1,1,0,0,1,0,0,0.00,0,0,0,0,0,0,ar ARG,"FW,MF",Gimnasia–LP,Copa de la Liga,23,1999,1.0,2,0,1,1,0,0,0,0,0,1,0,1,0,2,0,0,ar ARG,"FW,MF",Gimnasia–LP,Copa de la Liga,23,1999,1.0,48,0,3,17,29,3,48,7,3,42.9,3,42.9,27,160,69,3,2,1,5,0,27,8,ar ARG,"FW,MF",Gimnasia–LP,Copa de la Liga,23,1999,4,86,22,6.8,1.0,0,0,0,4,22,5,0.00,1,4,-3,-3.14,-2.76,0.5,1.8,-1.3,-1.39,-1.24,ar ARG,"FW,MF",Gimnasia–LP,Copa de la Liga,23,1999,1.0,0,0,0,0,3,0,11,0,0,0,0,0,9,1,0,100.0
Jonathan Torres,ar ARG,FW,Lanús,Copa de la Liga,26,1996,9,6,543,6.0,2,0,2,2,0,1,1,0,1.9,1.1,0.4,1.5,3,11,29,0.33,0.00,0.33,0.33,0.33,0.32,0.06,0.38,0.19,0.25,ar ARG,FW,Lanús,Copa de la Liga,26,1996,6.0,2,17,5,29.4,2.82,0.83,0.12,0.40,17.6,0,0,1,1.9,1.1,0.07,+0.1,+0.9,ar ARG,FW,Lanús,Copa de la Liga,26,1996,6.0,81,127,63.8,990,280,56,73,76.7,16,29,55.2,3,8,37.5,0,0.4,0.5,-0.4,5,7,2,1,11,ar ARG,FW,Lanús,Copa de la Liga,26,1996,6.0,127,121,5,0,2,0,6,0,0,0,0,0,81,1,5,ar ARG,FW,Lanús,Copa de la Liga,26,1996,6.0,12,1.99,6,0,1,3,2,0,0,0.00,0,0,0,0,0,0,ar ARG,FW,Lanús,Copa de la Liga,26,1996,6.0,8,5,3,4,1,3,9,33.3,6,4,0,4,0,8,9,0,ar ARG,FW,Lanús,Copa de la Liga,26,1996,6.0,209,9,26,92,92,24,208,7,1,14.3,5,71.4,105,383,160,3,4,0,27,3,145,29,ar ARG,FW,Lanús,Copa de la Liga,26,1996,9,543,60,43.1,6.0,6,67,2,3,47,0,1.11,5,5,0,0.00,+0.63,6.3,5.3,+1.1,+0.18,+0.01,ar ARG,FW,Lanús,Copa de la Liga,26,1996,6.0,1,0,0,11,10,7,6,0,5,0,0,0,16,18,28,39.1
Nicolás Tripichio,ar ARG,"DF,MF",Defensa y Just,Copa de la Liga,27,1996,10,7,723,8.0,2,1,3,2,0,0,1,0,1.2,1.2,0.5,1.6,14,29,18,0.25,0.12,0.37,0.25,0.37,0.15,0.06,0.20,0.15,0.20,ar ARG,"DF,MF",Defensa y Just,Copa de la Liga,27,1996,8.0,2,8,2,25.0,1.00,0.25,0.25,1.00,12.2,0,0,0,1.2,1.2,0.15,+0.8,+0.8,ar ARG,"DF,MF",Defensa y Just,Copa de la Liga,27,1996,8.0,288,371,77.6,4509,1644,151,163,92.6,112,141,79.4,16,36,44.4,1,0.5,0.5,+0.5,3,15,2,0,29,ar ARG,"DF,MF",Defensa y Just,Copa de la Liga,27,1996,8.0,371,322,47,4,0,3,6,43,0,0,0,0,288,2,16,ar ARG,"DF,MF",Defensa y Just,Copa de la Liga,27,1996,8.0,14,1.74,8,2,1,0,3,0,2,0.25,2,0,0,0,0,0,ar ARG,"DF,MF",Defensa y Just,Copa de la Liga,27,1996,8.0,13,8,5,3,5,8,25,32.0,17,14,5,9,16,29,15,0,ar ARG,"DF,MF",Defensa y Just,Copa de la Liga,27,1996,8.0,484,22,153,241,102,15,484,22,10,45.5,9,40.9,263,1508,880,14,11,1,18,3,261,18,ar ARG,"DF,MF",Defensa y Just,Copa de la Liga,27,1996,10,723,72,57.4,8.0,7,85,5,3,42,0,1.10,7,7,0,0.00,+0.67,6.5,11.9,-5.4,-0.67,-0.15,ar ARG,"DF,MF",Defensa y Just,Copa de la Liga,27,1996,8.0,1,0,0,10,14,0,6,16,8,0,1,0,58,8,10,44.4
Mariano Troilo,ar ARG,"DF,MF",Belgrano,Copa de la Liga,19,2003,2,0,28,0.3,0,0,0,0,0,0,0,0,0.0,0.0,0.0,0.0,0,0,0,0.00,0.00,0.00,0.00,0.00,0.00,0.00,0.00,0.00,0.00,ar ARG,"DF,MF",Belgrano,Copa de la Liga,19,2003,0.3,0,0,0,0,0.00,0.00,0,0,0,0,0,0,0.0,0.0,0,0.0,0.0,ar ARG,"DF,MF",Belgrano,Copa de la Liga,19,2003,0.3,2,3,66.7,66,47,0,0,0,1,1,100.0,1,2,50.0,0,0.0,0.0,0.0,0,1,0,0,0,ar ARG,"DF,MF",Belgrano,Copa de la Liga,19,2003,0.3,3,3,0,0,0,0,0,0,0,0,0,0,2,0,0,ar ARG,"DF,MF",Belgrano,Copa de la Liga,19,2003,0.3,0,0.00,0,0,0,0,0,0,0,0.00,0,0,0,0,0,0,ar ARG,"DF,MF",Belgrano,Copa de la Liga,19,2003,0.3,0,0,0,0,0,0,0,0,0,1,0,1,0,0,4,0,ar ARG,"DF,MF",Belgrano,Copa de la Liga,19,2003,0.3,9,3,9,0,0,0,9,0,0,0,0,0,2,10,0,0,0,0,0,0,2,0,ar ARG,"DF,MF",Belgrano,Copa de la Liga,19,2003,2,28,14,2.2,0.3,0,0,0,2,14,4,2.00,0,1,-1,-3.21,-3.43,0.0,0.4,-0.4,-1.31,-1.08,ar ARG,"DF,MF",Belgrano,Copa de la Liga,19,2003,0.3,0,0,0,0,0,0,0,0,0,0,0,0,1,0,1,0.0
Franco Troyansky,ar ARG,"FW,MF",Lanús,Copa de la Liga,25,1997,8,3,322,3.6,0,0,0,0,0,0,1,0,0.3,0.3,0.1,0.5,5,6,17,0.00,0.00,0.00,0.00,0.00,0.10,0.03,0.13,0.10,0.13,ar ARG,"FW,MF",Lanús,Copa de la Liga,25,1997,3.6,0,7,2,28.6,1.96,0.56,0.00,0.00,19.8,0,0,0,0.3,0.3,0.05,-0.3,-0.3,ar ARG,"FW,MF",Lanús,Copa de la Liga,25,1997,3.6,54,87,62.1,771,193,30,36,83.3,19,32,59.4,1,4,25.0,0,0.1,0.4,-0.1,1,4,0,0,6,ar ARG,"FW,MF",Lanús,Copa de la Liga,25,1997,3.6,87,83,4,0,1,1,7,3,0,0,0,0,54,0,8,ar ARG,"FW,MF",Lanús,Copa de la Liga,25,1997,3.6,7,1.96,5,0,0,1,1,0,0,0.00,0,0,0,0,0,0,ar ARG,"FW,MF",Lanús,Copa de la Liga,25,1997,3.6,3,1,1,1,1,0,5,0.0,5,1,0,1,2,5,3,0,ar ARG,"FW,MF",Lanús,Copa de la Liga,25,1997,3.6,124,4,17,52,57,5,124,12,6,50.0,6,50.0,77,384,178,5,4,0,8,6,82,17,ar ARG,"FW,MF",Lanús,Copa de la Liga,25,1997,8,322,40,25.6,3.6,3,64,0,5,26,5,0.50,0,1,-1,-0.28,+0.10,2.4,2.6,-0.3,-0.08,-0.34,ar ARG,"FW,MF",Lanús,Copa de la Liga,25,1997,3.6,1,0,0,7,5,3,7,2,1,0,0,0,16,6,5,54.5
Manuel Tucker,ar ARG,MF,Platense,Copa de la Liga,18,2004,1,0,4,0.0,0,0,0,0,0,0,1,0,0.0,0.0,0.0,0.0,0,0,1,0.00,0.00,0.00,0.00,0.00,0.00,0.00,0.00,0.00,0.00,ar ARG,MF,Platense,Copa de la Liga,18,2004,0.0,0,0,0,0,0.00,0.00,0,0,0,0,0,0,0.0,0.0,0,0.0,0.0,ar ARG,MF,Platense,Copa de la Liga,18,2004,0.0,1,2,50.0,6,6,1,1,100.0,0,1,0.0,0,0,0,0,0.0,0.0,0.0,0,0,0,0,0,ar ARG,MF,Platense,Copa de la Liga,18,2004,0.0,2,2,0,0,0,0,1,0,0,0,0,0,1,0,0,ar ARG,MF,Platense,Copa de la Liga,18,2004,0.0,0,0.00,0,0,0,0,0,0,0,0.00,0,0,0,0,0,0,ar ARG,MF,Platense,Copa de la Liga,18,2004,0.0,0,0,0,0,0,0,0,0,0,0,0,0,0,0,0,0,ar ARG,MF,Platense,Copa de la Liga,18,2004,0.0,3,0,1,0,2,0,3,0,0,0,0,0,1,1,0,0,0,0,1,0,2,1,ar ARG,MF,Platense,Copa de la Liga,18,2004,1,4,4,0.3,0.0,0,0,0,1,4,0,2.00,0,0,0,0.00,+0.21,0.0,0.0,0.0,-0.08,+0.09,ar ARG,MF,Platense,Copa de la Liga,18,2004,0.0,1,0,0,2,0,0,1,0,0,0,0,0,1,0,0,0
Javier Urzúa,cl CHI,"MF,FW",Estudiantes–LP,Copa de la Liga,23,1999,3,2,111,1.2,0,0,0,0,0,0,0,0,0.0,0.0,0.1,0.1,2,6,13,0.00,0.00,0.00,0.00,0.00,0.00,0.08,0.08,0.00,0.08,cl CHI,"MF,FW",Estudiantes–LP,Copa de la Liga,23,1999,1.2,0,0,0,0,0.00,0.00,0,0,0,0,0,0,0.0,0.0,0,0.0,0.0,cl CHI,"MF,FW",Estudiantes–LP,Copa de la Liga,23,1999,1.2,45,56,80.4,685,224,31,35,88.6,11,14,78.6,3,5,60.0,0,0.1,0.1,-0.1,3,6,1,0,6,cl CHI,"MF,FW",Estudiantes–LP,Copa de la Liga,23,1999,1.2,56,56,0,0,0,0,1,0,0,0,0,0,45,0,2,cl CHI,"MF,FW",Estudiantes–LP,Copa de la Liga,23,1999,1.2,3,2.41,3,0,0,0,0,0,0,0.00,0,0,0,0,0,0,cl CHI,"MF,FW",Estudiantes–LP,Copa de la Liga,23,1999,1.2,2,0,1,1,0,1,3,33.3,2,0,0,0,0,2,0,0,cl CHI,"MF,FW",Estudiantes–LP,Copa de la Liga,23,1999,1.2,70,2,9,40,22,2,70,8,6,75.0,2,25.0,38,216,77,2,1,0,5,4,51,13,cl CHI,"MF,FW",Estudiantes–LP,Copa de la Liga,23,1999,3,111,37,8.8,1.2,2,42,0,1,28,0,1.67,0,0,0,0.00,+0.16,0.7,0.3,+0.4,+0.35,+0.02,cl CHI,"MF,FW",Estudiantes–LP,Copa de la Liga,23,1999,1.2,0,0,0,4,0,0,1,0,0,0,0,0,6,1,2,33.3
Bruno Valdez,py PAR,DF,Boca Juniors,Copa de la Liga,30,1992,8,7,649,7.2,0,0,0,0,0,0,2,0,0.2,0.2,0.0,0.2,5,17,1,0.00,0.00,0.00,0.00,0.00,0.03,0.00,0.03,0.03,0.03,py PAR,DF,Boca Juniors,Copa de la Liga,30,1992,7.2,0,2,0,0.0,0.28,0.00,0.00,0,11.1,0,0,0,0.2,0.2,0.12,-0.2,-0.2,py PAR,DF,Boca Juniors,Copa de la Liga,30,1992,7.2,434,507,85.6,7753,2187,156,172,90.7,246,269,91.4,26,53,49.1,0,0.0,0.0,0.0,0,7,0,0,17,py PAR,DF,Boca Juniors,Copa de la Liga,30,1992,7.2,507,491,16,12,0,1,0,3,0,0,0,0,434,0,4,py PAR,DF,Boca Juniors,Copa de la Liga,30,1992,7.2,1,0.14,1,0,0,0,0,0,0,0.00,0,0,0,0,0,0,py PAR,DF,Boca Juniors,Copa de la Liga,30,1992,7.2,13,8,11,2,0,5,7,71.4,2,12,8,4,14,27,20,2,py PAR,DF,Boca Juniors,Copa de la Liga,30,1992,7.2,581,49,269,305,9,3,581,2,0,0.0,2,100.0,309,1773,1113,5,3,0,2,0,384,1,py PAR,DF,Boca Juniors,Copa de la Liga,30,1992,8,649,81,51.5,7.2,7,90,7,1,19,6,1.00,8,10,-2,-0.28,-0.72,8.4,7.2,+1.2,+0.17,-0.21,py PAR,DF,Boca Juniors,Copa de la Liga,30,1992,7.2,2,0,0,10,4,0,0,14,8,0,0,0,40,29,12,70.7
Sebastián Valdez,ar ARG,DF,Cen. Córdoba–SdE,Copa de la Liga,27,1995,12,11,"1,014",11.3,0,0,0,0,0,0,1,0,0.7,0.7,0.0,0.7,10,50,3,0.00,0.00,0.00,0.00,0.00,0.06,0.00,0.07,0.06,0.07,ar ARG,DF,Cen. Córdoba–SdE,Copa de la Liga,27,1995,11.3,0,4,0,0.0,0.36,0.00,0.00,0,14.0,0,0,0,0.7,0.7,0.18,-0.7,-0.7,ar ARG,DF,Cen. Córdoba–SdE,Copa de la Liga,27,1995,11.3,473,615,76.9,9375,4195,140,171,81.9,270,320,84.4,58,106,54.7,0,0.0,0.2,0.0,1,36,1,0,50,ar ARG,DF,Cen. Córdoba–SdE,Copa de la Liga,27,1995,11.3,615,559,55,17,0,4,1,38,0,0,0,0,473,1,7,ar ARG,DF,Cen. Córdoba–SdE,Copa de la Liga,27,1995,11.3,4,0.36,3,0,0,1,0,0,1,0.09,1,0,0,0,0,0,ar ARG,DF,Cen. Córdoba–SdE,Copa de la Liga,27,1995,11.3,26,15,17,9,0,16,26,61.5,10,12,6,6,6,32,37,0,ar ARG,DF,Cen. Córdoba–SdE,Copa de la Liga,27,1995,11.3,707,43,289,401,24,7,707,5,4,80.0,1,20.0,324,1797,1233,10,2,0,4,3,367,3,ar ARG,DF,Cen. Córdoba–SdE,Copa de la Liga,27,1995,12,"1,014",85,80.5,11.3,11,90,11,1,24,1,1.25,6,11,-5,-0.44,-1.18,9.0,8.8,+0.2,+0.01,-0.24,ar ARG,DF,Cen. Córdoba–SdE,Copa de la Liga,27,1995,11.3,1,0,0,8,1,0,1,6,15,0,0,0,85,22,15,59.5
Gonzalo Valdivia,ar ARG,"FW,MF",Platense,Copa de la Liga,21,2001,6,1,140,1.6,0,0,0,0,0,0,0,0,0.0,0.0,0.0,0.0,2,4,9,0.00,0.00,0.00,0.00,0.00,0.01,0.00,0.01,0.01,0.01,ar ARG,"FW,MF",Platense,Copa de la Liga,21,2001,1.6,0,1,0,0.0,0.64,0.00,0.00,0,30.4,0,0,0,0.0,0.0,0.02,0.0,0.0,ar ARG,"FW,MF",Platense,Copa de la Liga,21,2001,1.6,31,58,53.4,463,173,19,26,73.1,7,13,53.8,3,12,25.0,0,0.0,0.0,0.0,0,0,1,1,4,ar ARG,"FW,MF",Platense,Copa de la Liga,21,2001,1.6,58,52,6,0,0,1,4,3,3,0,1,0,31,0,5,ar ARG,"FW,MF",Platense,Copa de la Liga,21,2001,1.6,1,0.64,1,0,0,0,0,0,0,0.00,0,0,0,0,0,0,ar ARG,"FW,MF",Platense,Copa de la Liga,21,2001,1.6,4,3,2,1,1,3,6,50.0,3,2,0,2,1,5,2,0,ar ARG,"FW,MF",Platense,Copa de la Liga,21,2001,1.6,85,2,20,28,38,4,85,12,5,41.7,6,50.0,44,151,60,2,0,2,3,6,39,9,ar ARG,"FW,MF",Platense,Copa de la Liga,21,2001,6,140,23,11.1,1.6,1,45,0,5,19,3,1.33,1,4,-3,-1.93,-1.93,1.1,3.0,-1.9,-1.21,-1.18,ar ARG,"FW,MF",Platense,Copa de la Liga,21,2001,1.6,0,0,0,0,1,1,4,1,3,0,0,0,11,4,4,50.0
Nicolás Valentini,ar ARG,DF,Boca Juniors,Copa de la Liga,21,2001,10,6,573,6.4,0,0,0,0,0,0,3,0,0.4,0.4,0.0,0.4,2,29,1,0.00,0.00,0.00,0.00,0.00,0.06,0.00,0.06,0.06,0.06,ar ARG,DF,Boca Juniors,Copa de la Liga,21,2001,6.4,0,3,0,0.0,0.47,0.00,0.00,0,16.8,0,0,0,0.4,0.4,0.12,-0.4,-0.4,ar ARG,DF,Boca Juniors,Copa de la Liga,21,2001,6.4,296,381,77.7,5781,2701,104,115,90.4,150,184,81.5,39,65,60.0,0,0.0,0.1,0.0,1,22,0,0,29,ar ARG,DF,Boca Juniors,Copa de la Liga,21,2001,6.4,381,370,10,10,0,1,0,0,0,0,0,0,296,1,9,ar ARG,DF,Boca Juniors,Copa de la Liga,21,2001,6.4,4,0.63,4,0,0,0,0,0,0,0.00,0,0,0,0,0,0,ar ARG,DF,Boca Juniors,Copa de la Liga,21,2001,6.4,12,6,10,2,0,8,11,72.7,3,4,1,3,6,18,31,1,ar ARG,DF,Boca Juniors,Copa de la Liga,21,2001,6.4,445,36,220,217,8,4,445,1,1,100.0,0,0.0,227,1184,756,2,0,0,4,2,268,1,ar ARG,DF,Boca Juniors,Copa de la Liga,21,2001,10,573,57,45.5,6.4,6,83,2,4,19,3,1.30,10,8,+2,+0.31,+0.45,8.0,6.6,+1.3,+0.20,-0.13,ar ARG,DF,Boca Juniors,Copa de la Liga,21,2001,6.4,3,0,0,7,2,0,0,6,6,0,0,0,39,19,15,55.9
Nicolás Vallejo,ar ARG,MF,Independiente,Copa de la Liga,19,2004,1,0,24,0.3,0,0,0,0,0,0,0,0,0.0,0.0,0.1,0.1,0,2,5,0.00,0.00,0.00,0.00,0.00,0.00,0.32,0.32,0.00,0.32,ar ARG,MF,Independiente,Copa de la Liga,19,2004,0.3,0,0,0,0,0.00,0.00,0,0,0,0,0,0,0.0,0.0,0,0.0,0.0,ar ARG,MF,Independiente,Copa de la Liga,19,2004,0.3,9,14,64.3,141,50,4,6,66.7,4,5,80.0,1,1,100.0,0,0.1,0.1,-0.1,1,0,1,0,2,ar ARG,MF,Independiente,Copa de la Liga,19,2004,0.3,14,14,0,0,0,0,3,0,0,0,0,0,9,0,0,ar ARG,MF,Independiente,Copa de la Liga,19,2004,0.3,2,7.50,2,0,0,0,0,0,0,0.00,0,0,0,0,0,0,ar ARG,MF,Independiente,Copa de la Liga,19,2004,0.3,1,1,0,1,0,0,0,0,0,0,0,0,1,2,0,0,ar ARG,MF,Independiente,Copa de la Liga,19,2004,0.3,16,0,2,5,9,2,16,0,0,0,0,0,11,59,10,0,1,0,0,0,11,5,ar ARG,MF,Independiente,Copa de la Liga,19,2004,1,24,24,1.9,0.3,0,0,0,1,24,1,0.00,0,1,-1,-3.75,-4.11,0.1,2.0,-1.8,-6.79,-7.49,ar ARG,MF,Independiente,Copa de la Liga,19,2004,0.3,0,0,0,0,0,0,3,1,1,0,0,0,3,0,2,0.0
Nicolás Vallejo,ar ARG,FW,Talleres,Copa de la Liga,19,2004,9,6,486,5.4,0,1,1,0,0,0,1,0,0.7,0.7,0.9,1.5,22,11,57,0.00,0.19,0.19,0.00,0.19,0.12,0.16,0.28,0.12,0.28,ar ARG,MF,Independiente,Copa de la Liga,19,2004,0.3,0,0,0,0,0.00,0.00,0,0,0,0,0,0,0.0,0.0,0,0.0,0.0,ar ARG,MF,Independiente,Copa de la Liga,19,2004,0.3,9,14,64.3,141,50,4,6,66.7,4,5,80.0,1,1,100.0,0,0.1,0.1,-0.1,1,0,1,0,2,ar ARG,MF,Independiente,Copa de la Liga,19,2004,0.3,14,14,0,0,0,0,3,0,0,0,0,0,9,0,0,ar ARG,MF,Independiente,Copa de la Liga,19,2004,0.3,2,7.50,2,0,0,0,0,0,0,0.00,0,0,0,0,0,0,ar ARG,MF,Independiente,Copa de la Liga,19,2004,0.3,1,1,0,1,0,0,0,0,0,0,0,0,1,2,0,0,ar ARG,MF,Independiente,Copa de la Liga,19,2004,0.3,16,0,2,5,9,2,16,0,0,0,0,0,11,59,10,0,1,0,0,0,11,5,ar ARG,MF,Independiente,Copa de la Liga,19,2004,1,24,24,1.9,0.3,0,0,0,1,24,1,0.00,0,1,-1,-3.75,-4.11,0.1,2.0,-1.8,-6.79,-7.49,ar ARG,MF,Independiente,Copa de la Liga,19,2004,0.3,0,0,0,0,0,0,3,1,1,0,0,0,3,0,2,0.0
Claudio Valverde,ar ARG,"MF,FW",Godoy Cruz,Copa de la Liga,20,2002,7,0,91,1.0,0,0,0,0,0,0,0,0,0.4,0.4,0.0,0.5,2,6,8,0.00,0.00,0.00,0.00,0.00,0.42,0.03,0.45,0.42,0.45,ar ARG,"MF,FW",Godoy Cruz,Copa de la Liga,20,2002,1.0,0,4,2,50.0,3.96,1.98,0.00,0.00,16.9,0,0,0,0.4,0.4,0.10,-0.4,-0.4,ar ARG,"MF,FW",Godoy Cruz,Copa de la Liga,20,2002,1.0,34,40,85.0,523,146,20,24,83.3,10,10,100.0,4,5,80.0,0,0.0,0.0,0.0,2,1,0,0,6,ar ARG,"MF,FW",Godoy Cruz,Copa de la Liga,20,2002,1.0,40,40,0,0,0,1,0,0,0,0,0,0,34,0,1,ar ARG,"MF,FW",Godoy Cruz,Copa de la Liga,20,2002,1.0,8,8.00,6,0,1,0,1,0,0,0.00,0,0,0,0,0,0,ar ARG,"MF,FW",Godoy Cruz,Copa de la Liga,20,2002,1.0,2,2,0,2,0,2,2,100.0,0,4,0,4,2,4,0,0,ar ARG,"MF,FW",Godoy Cruz,Copa de la Liga,20,2002,1.0,63,0,9,37,19,5,63,4,2,50.0,1,25.0,33,121,50,2,3,1,5,2,35,8,ar ARG,"MF,FW",Godoy Cruz,Copa de la Liga,20,2002,7,91,13,7.2,1.0,0,0,0,7,13,4,2.00,0,0,0,0.00,-0.38,1.2,0.4,+0.8,+0.84,+0.59,ar ARG,"MF,FW",Godoy Cruz,Copa de la Liga,20,2002,1.0,0,0,0,3,3,0,0,2,2,0,0,0,12,3,2,60.0
Leonel Vangioni,ar ARG,DF,Newell's OB,Copa de la Liga,35,1987,7,4,338,3.8,0,0,0,0,0,0,4,0,0.3,0.3,0.6,0.9,3,19,7,0.00,0.00,0.00,0.00,0.00,0.09,0.16,0.25,0.09,0.25,ar ARG,DF,Newell's OB,Copa de la Liga,35,1987,3.8,0,6,1,16.7,1.60,0.27,0.00,0.00,18.1,0,0,0,0.3,0.3,0.06,-0.3,-0.3,ar ARG,DF,Newell's OB,Copa de la Liga,35,1987,3.8,120,158,75.9,2522,1163,38,44,86.4,63,78,80.8,19,31,61.3,0,0.6,0.3,-0.6,3,20,3,1,19,ar ARG,DF,Newell's OB,Copa de la Liga,35,1987,3.8,158,130,26,6,1,2,5,20,0,0,0,0,120,2,2,ar ARG,DF,Newell's OB,Copa de la Liga,35,1987,3.8,9,2.40,5,1,0,3,0,0,1,0.27,1,0,0,0,0,0,ar ARG,DF,Newell's OB,Copa de la Liga,35,1987,3.8,3,3,2,1,0,2,6,33.3,4,5,1,4,2,5,15,0,ar ARG,DF,Newell's OB,Copa de la Liga,35,1987,3.8,198,17,70,107,23,5,198,2,0,0.0,2,100.0,93,344,224,3,1,0,3,3,110,7,ar ARG,DF,Newell's OB,Copa de la Liga,35,1987,7,338,48,26.8,3.8,4,77,1,3,11,5,1.00,3,2,+1,+0.27,-0.03,3.7,3.4,+0.3,+0.07,-0.07,ar ARG,DF,Newell's OB,Copa de la Liga,35,1987,3.8,4,0,0,8,7,0,5,2,3,0,0,0,17,12,2,85.7
Diego Vásquez,ar ARG,FW,Cen. Córdoba–SdE,Copa de la Liga,22,2000,1,0,15,0.2,0,0,0,0,0,0,0,0,0.0,0.0,0.0,0.0,1,0,1,0.00,0.00,0.00,0.00,0.00,0.24,0.00,0.24,0.24,0.24,ar ARG,FW,Cen. Córdoba–SdE,Copa de la Liga,22,2000,0.2,0,1,0,0.0,6.00,0.00,0.00,0,14.5,0,0,0,0.0,0.0,0.04,0.0,0.0,ar ARG,FW,Cen. Córdoba–SdE,Copa de la Liga,22,2000,0.2,8,9,88.9,98,16,6,6,100.0,2,2,100.0,0,1,0.0,0,0.0,0.0,0.0,0,0,0,0,0,ar ARG,FW,Cen. Córdoba–SdE,Copa de la Liga,22,2000,0.2,9,9,0,0,0,0,1,0,0,0,0,0,8,0,0,ar ARG,FW,Cen. Córdoba–SdE,Copa de la Liga,22,2000,0.2,1,6.00,1,0,0,0,0,0,0,0.00,0,0,0,0,0,0,ar ARG,FW,Cen. Córdoba–SdE,Copa de la Liga,22,2000,0.2,1,1,1,0,0,1,1,100.0,0,0,0,0,0,1,1,0,ar ARG,FW,Cen. Córdoba–SdE,Copa de la Liga,22,2000,0.2,13,1,4,6,3,1,13,0,0,0,0,0,7,64,40,1,1,0,1,0,10,1,ar ARG,FW,Cen. Córdoba–SdE,Copa de la Liga,22,2000,1,15,15,1.2,0.2,0,0,0,1,15,3,0.00,0,0,0,0.00,+0.22,0.1,0.2,0.0,-0.29,-0.36,ar ARG,FW,Cen. Córdoba–SdE,Copa de la Liga,22,2000,0.2,0,0,0,0,1,0,1,0,1,0,0,0,0,0,0,0
Ignacio Vázquez,ar ARG,DF,Platense,Copa de la Liga,25,1997,14,14,"1,260",14.0,1,1,2,1,0,0,0,0,0.3,0.3,0.4,0.7,9,41,1,0.07,0.07,0.14,0.07,0.14,0.02,0.03,0.05,0.02,0.05,ar ARG,DF,Platense,Copa de la Liga,25,1997,14.0,1,10,3,30.0,0.71,0.21,0.10,0.33,16.3,0,0,0,0.3,0.3,0.03,+0.7,+0.7,ar ARG,DF,Platense,Copa de la Liga,25,1997,14.0,319,471,67.7,6899,3227,85,116,73.3,167,210,79.5,62,123,50.4,1,0.4,0.4,+0.6,5,32,1,0,41,ar ARG,DF,Platense,Copa de la Liga,25,1997,14.0,471,453,18,13,1,1,1,4,0,0,0,0,319,0,6,ar ARG,DF,Platense,Copa de la Liga,25,1997,14.0,10,0.71,8,0,2,0,0,0,2,0.14,2,0,0,0,0,0,ar ARG,DF,Platense,Copa de la Liga,25,1997,14.0,32,22,14,18,0,17,26,65.4,9,12,4,8,21,53,66,0,ar ARG,DF,Platense,Copa de la Liga,25,1997,14.0,637,80,318,299,29,15,637,7,4,57.1,1,14.3,243,1470,987,9,4,0,9,3,241,1,ar ARG,DF,Platense,Copa de la Liga,25,1997,14,"1,260",90,100.0,14.0,14,90,14,0,0,0,1.29,13,16,-3,-0.21,0,12.1,14.4,-2.3,-0.16,0,ar ARG,DF,Platense,Copa de la Liga,25,1997,14.0,0,0,0,10,11,0,1,21,22,0,0,1,121,40,22,64.5
Emiliano Vecchio,ar ARG,"MF,FW",Racing Club,Copa de la Liga,34,1988,5,1,171,1.9,2,2,4,2,0,0,0,0,0.4,0.4,0.6,1.0,8,15,13,1.05,1.05,2.11,1.05,2.11,0.21,0.33,0.53,0.21,0.53,ar ARG,"MF,FW",Racing Club,Copa de la Liga,34,1988,1.9,2,3,2,66.7,1.58,1.05,0.67,1.00,14.6,0,0,0,0.4,0.4,0.13,+1.6,+1.6,ar ARG,"MF,FW",Racing Club,Copa de la Liga,34,1988,1.9,140,169,82.8,2138,414,85,93,91.4,41,50,82.0,11,16,68.8,2,0.6,0.8,+1.4,4,13,5,0,15,ar ARG,"MF,FW",Racing Club,Copa de la Liga,34,1988,1.9,169,156,10,4,1,2,11,0,5,2,3,0,140,3,2,ar ARG,"MF,FW",Racing Club,Copa de la Liga,34,1988,1.9,8,4.19,6,1,1,0,0,0,2,1.05,1,1,0,0,0,0,ar ARG,"MF,FW",Racing Club,Copa de la Liga,34,1988,1.9,0,0,0,0,0,0,0,0,0,0,0,0,0,0,0,0,ar ARG,"MF,FW",Racing Club,Copa de la Liga,34,1988,1.9,183,0,4,92,88,6,183,6,5,83.3,1,16.7,118,476,269,8,5,1,5,5,157,13,ar ARG,"MF,FW",Racing Club,Copa de la Liga,34,1988,5,171,34,13.6,1.9,1,60,0,4,28,1,2.00,4,3,+1,+0.53,+0.11,3.6,3.2,+0.4,+0.20,+0.14,ar ARG,"MF,FW",Racing Club,Copa de la Liga,34,1988,1.9,0,0,0,0,3,0,11,0,0,0,0,0,10,0,1,0.0
Cristian Vega,ar ARG,MF,Colón,Copa de la Liga,29,1993,5,2,252,2.8,0,0,0,0,0,0,1,0,0.1,0.1,0.1,0.2,0,9,0,0.00,0.00,0.00,0.00,0.00,0.03,0.02,0.06,0.03,0.06,ar ARG,MF,Colón,Copa de la Liga,29,1993,2.8,0,4,0,0.0,1.43,0.00,0.00,0,28.7,0,0,0,0.1,0.1,0.02,-0.1,-0.1,ar ARG,MF,Colón,Copa de la Liga,29,1993,2.8,84,103,81.6,1599,555,31,34,91.2,39,50,78.0,12,14,85.7,0,0.1,0.0,-0.1,2,8,0,0,9,ar ARG,MF,Colón,Copa de la Liga,29,1993,2.8,103,99,4,3,0,0,2,1,0,0,0,0,84,0,3,ar ARG,MF,Colón,Copa de la Liga,29,1993,2.8,4,1.43,3,0,0,0,1,0,0,0.00,0,0,0,0,0,0,ar ARG,MF,Colón,Copa de la Liga,29,1993,2.8,6,5,3,2,1,3,4,75.0,1,3,0,3,0,6,1,0,ar ARG,MF,Colón,Copa de la Liga,29,1993,2.8,120,1,24,81,16,0,120,1,0,0.0,1,100.0,60,174,43,0,0,0,2,2,62,0,ar ARG,MF,Colón,Copa de la Liga,29,1993,5,252,50,20.0,2.8,2,78,0,3,32,8,1.40,3,2,+1,+0.36,+0.27,2.3,3.6,-1.3,-0.47,-0.75,ar ARG,MF,Colón,Copa de la Liga,29,1993,2.8,1,0,0,8,3,0,2,0,5,0,0,0,26,3,10,23.1
Franco Vega,ar ARG,MF,Arsenal,Copa de la Liga,21,2001,2,0,25,0.3,0,0,0,0,0,0,0,0,0.0,0.0,0.0,0.0,1,2,1,0.00,0.00,0.00,0.00,0.00,0.07,0.00,0.07,0.07,0.07,ar ARG,MF,Arsenal,Copa de la Liga,21,2001,0.3,0,1,0,0.0,3.60,0.00,0.00,0,24.2,0,0,0,0.0,0.0,0.02,0.0,0.0,ar ARG,MF,Arsenal,Copa de la Liga,21,2001,0.3,15,21,71.4,306,136,4,5,80.0,10,12,83.3,1,2,50.0,0,0.0,0.0,0.0,0,4,1,0,2,ar ARG,MF,Arsenal,Copa de la Liga,21,2001,0.3,21,20,1,1,0,0,0,0,0,0,0,0,15,0,0,ar ARG,MF,Arsenal,Copa de la Liga,21,2001,0.3,1,3.33,1,0,0,0,0,0,0,0.00,0,0,0,0,0,0,ar ARG,MF,Arsenal,Copa de la Liga,21,2001,0.3,1,1,0,1,0,0,1,0.0,1,0,0,0,0,1,1,0,ar ARG,MF,Arsenal,Copa de la Liga,21,2001,0.3,28,0,7,20,1,0,28,1,1,100.0,0,0.0,16,79,39,1,0,0,2,0,18,1,ar ARG,MF,Arsenal,Copa de la Liga,21,2001,2,25,13,2.0,0.3,0,0,0,2,13,5,1.50,0,0,0,0.00,+0.36,0.1,0.2,-0.1,-0.26,-0.19,ar ARG,MF,Arsenal,Copa de la Liga,21,2001,0.3,0,0,0,0,2,0,0,0,1,0,0,0,5,0,0,0
Román Vega,ar ARG,DF,Arg Juniors,Copa de la Liga,19,2004,5,2,212,2.4,0,0,0,0,0,0,0,0,0.0,0.0,0.2,0.2,7,7,6,0.00,0.00,0.00,0.00,0.00,0.00,0.07,0.07,0.00,0.07,ar ARG,DF,Arg Juniors,Copa de la Liga,19,2004,2.4,0,0,0,0,0.00,0.00,0,0,0,0,0,0,0.0,0.0,0,0.0,0.0,ar ARG,DF,Arg Juniors,Copa de la Liga,19,2004,2.4,120,168,71.4,2268,861,46,55,83.6,54,73,74.0,17,29,58.6,0,0.2,0.1,-0.2,4,8,2,1,7,ar ARG,DF,Arg Juniors,Copa de la Liga,19,2004,2.4,168,120,48,3,0,2,10,39,6,1,2,0,120,0,5,ar ARG,DF,Arg Juniors,Copa de la Liga,19,2004,2.4,6,2.55,4,2,0,0,0,0,0,0.00,0,0,0,0,0,0,ar ARG,DF,Arg Juniors,Copa de la Liga,19,2004,2.4,10,7,8,2,0,6,7,85.7,1,2,0,2,3,13,4,0,ar ARG,DF,Arg Juniors,Copa de la Liga,19,2004,2.4,199,4,58,109,33,0,199,5,2,40.0,3,60.0,91,582,358,7,2,0,6,0,96,6,ar ARG,DF,Arg Juniors,Copa de la Liga,19,2004,5,212,42,16.8,2.4,2,75,1,3,21,8,0.80,3,4,-1,-0.42,-0.17,2.7,3.0,-0.3,-0.11,+0.13,ar ARG,DF,Arg Juniors,Copa de la Liga,19,2004,2.4,0,0,0,3,3,0,10,3,7,0,0,0,18,2,1,66.7
Gustavo Velásquez,py PAR,DF,Newell's OB,Copa de la Liga,31,1991,13,13,"1,170",13.0,1,1,2,1,0,0,5,0,1.1,1.1,0.3,1.4,11,53,4,0.08,0.08,0.15,0.08,0.15,0.08,0.03,0.11,0.08,0.11,py PAR,DF,Newell's OB,Copa de la Liga,31,1991,13.0,1,17,5,29.4,1.31,0.38,0.06,0.20,14.1,0,0,0,1.1,1.1,0.06,-0.1,-0.1,py PAR,DF,Newell's OB,Copa de la Liga,31,1991,13.0,472,604,78.1,9337,3864,143,179,79.9,270,313,86.3,52,88,59.1,1,0.3,0.3,+0.7,6,34,6,0,53,py PAR,DF,Newell's OB,Copa de la Liga,31,1991,13.0,604,565,37,24,0,2,1,12,0,0,0,0,472,2,10,py PAR,DF,Newell's OB,Copa de la Liga,31,1991,13.0,10,0.77,9,0,0,1,0,0,2,0.15,2,0,0,0,0,0,py PAR,DF,Newell's OB,Copa de la Liga,31,1991,13.0,17,8,13,4,0,7,17,41.2,10,12,6,6,32,49,62,0,py PAR,DF,Newell's OB,Copa de la Liga,31,1991,13.0,765,81,386,339,48,25,765,6,4,66.7,2,33.3,366,2189,1369,11,7,1,17,2,393,4,py PAR,DF,Newell's OB,Copa de la Liga,31,1991,13,"1,170",90,92.9,13.0,13,90,13,0,0,0,1.31,14,10,+4,+0.31,+0.31,11.6,10.1,+1.5,+0.11,-0.11,py PAR,DF,Newell's OB,Copa de la Liga,31,1991,13.0,5,0,0,10,17,0,1,32,8,0,0,0,82,64,22,74.4
Federico Vera,ar ARG,DF,Unión,Copa de la Liga,24,1998,13,13,"1,123",12.5,0,1,1,0,0,0,2,0,0.1,0.1,0.6,0.6,20,25,43,0.00,0.08,0.08,0.00,0.08,0.01,0.05,0.05,0.01,0.05,ar ARG,DF,Unión,Copa de la Liga,24,1998,12.5,0,4,1,25.0,0.32,0.08,0.00,0.00,30.2,0,0,0,0.1,0.1,0.02,-0.1,-0.1,ar ARG,DF,Unión,Copa de la Liga,24,1998,12.5,293,465,63.0,5299,2153,130,163,79.8,121,178,68.0,34,79,43.0,1,0.6,0.5,+0.4,6,16,5,4,25,ar ARG,DF,Unión,Copa de la Liga,24,1998,12.5,465,374,91,7,1,3,40,84,0,0,0,0,293,0,26,ar ARG,DF,Unión,Copa de la Liga,24,1998,12.5,15,1.20,10,2,0,0,2,1,1,0.08,1,0,0,0,0,0,ar ARG,DF,Unión,Copa de la Liga,24,1998,12.5,31,15,13,14,4,15,34,44.1,19,17,4,13,12,43,18,0,ar ARG,DF,Unión,Copa de la Liga,24,1998,12.5,601,24,159,267,184,6,601,29,8,27.6,20,69.0,300,1813,854,20,14,1,15,14,298,43,ar ARG,DF,Unión,Copa de la Liga,24,1998,13,"1,123",86,89.1,12.5,13,86,7,0,0,0,1.15,10,13,-3,-0.24,-0.24,9.2,11.4,-2.1,-0.17,-0.36,ar ARG,DF,Unión,Copa de la Liga,24,1998,12.5,2,0,0,21,27,0,40,12,15,0,0,0,77,8,6,57.1
Matías Vera,ar ARG,"MF,FW",Arg Juniors,Copa de la Liga,27,1995,5,0,94,1.0,0,0,0,0,0,0,0,0,0.2,0.2,0.0,0.2,1,21,4,0.00,0.00,0.00,0.00,0.00,0.15,0.03,0.18,0.15,0.18,ar ARG,"MF,FW",Arg Juniors,Copa de la Liga,27,1995,1.0,0,1,0,0.0,0.96,0.00,0.00,0,13.1,0,0,0,0.2,0.2,0.16,-0.2,-0.2,ar ARG,"MF,FW",Arg Juniors,Copa de la Liga,27,1995,1.0,77,85,90.6,1415,457,36,39,92.3,28,30,93.3,12,14,85.7,0,0.0,0.1,0.0,1,24,0,0,21,ar ARG,"MF,FW",Arg Juniors,Copa de la Liga,27,1995,1.0,85,84,1,0,0,0,0,1,0,0,0,0,77,0,1,ar ARG,"MF,FW",Arg Juniors,Copa de la Liga,27,1995,1.0,4,3.83,4,0,0,0,0,0,0,0.00,0,0,0,0,0,0,ar ARG,"MF,FW",Arg Juniors,Copa de la Liga,27,1995,1.0,6,6,1,4,1,4,6,66.7,2,2,1,1,0,6,2,0,ar ARG,"MF,FW",Arg Juniors,Copa de la Liga,27,1995,1.0,98,3,11,74,13,3,98,1,1,100.0,0,0.0,56,245,128,1,1,0,4,0,76,4,ar ARG,"MF,FW",Arg Juniors,Copa de la Liga,27,1995,5,94,19,7.5,1.0,0,0,0,5,19,7,0.60,1,3,-2,-1.91,-1.76,1.2,2.0,-0.8,-0.72,-0.55,ar ARG,"MF,FW",Arg Juniors,Copa de la Liga,27,1995,1.0,0,0,0,1,0,0,0,0,6,0,0,0,6,3,1,75.0
Santino Vera,ar ARG,MF,Racing Club,Copa de la Liga,16,2006,2,2,177,2.0,0,0,0,0,0,0,1,0,0.0,0.0,0.0,0.0,1,5,0,0.00,0.00,0.00,0.00,0.00,0.01,0.00,0.01,0.01,0.01,ar ARG,MF,Racing Club,Copa de la Liga,16,2006,2.0,0,1,0,0.0,0.51,0.00,0.00,0,29.0,0,0,0,0.0,0.0,0.02,0.0,0.0,ar ARG,MF,Racing Club,Copa de la Liga,16,2006,2.0,84,103,81.6,1333,322,41,48,85.4,36,38,94.7,4,10,40.0,0,0.0,0.0,0.0,0,4,1,0,5,ar ARG,MF,Racing Club,Copa de la Liga,16,2006,2.0,103,103,0,0,0,0,0,0,0,0,0,0,84,0,2,ar ARG,MF,Racing Club,Copa de la Liga,16,2006,2.0,2,1.02,2,0,0,0,0,0,0,0.00,0,0,0,0,0,0,ar ARG,MF,Racing Club,Copa de la Liga,16,2006,2.0,7,6,2,5,0,6,11,54.5,5,3,0,3,1,8,7,0,ar ARG,MF,Racing Club,Copa de la Liga,16,2006,2.0,126,5,33,87,6,0,126,2,2,100.0,0,0.0,60,188,83,1,1,0,2,1,82,0,ar ARG,MF,Racing Club,Copa de la Liga,16,2006,2,177,89,14.0,2.0,2,89,1,0,0,5,2.00,3,2,+1,+0.51,+0.09,2.0,2.4,-0.3,-0.17,-0.29,ar ARG,MF,Racing Club,Copa de la Liga,16,2006,2.0,1,0,0,3,2,0,0,1,6,0,0,0,13,5,1,83.3
Deian Verón,ar ARG,MF,Estudiantes–LP,Copa de la Liga,22,2000,1,1,55,0.6,0,0,0,0,0,0,0,0,0.0,0.0,0.0,0.0,0,0,1,0.00,0.00,0.00,0.00,0.00,0.00,0.00,0.00,0.00,0.00,ar ARG,MF,Estudiantes–LP,Copa de la Liga,22,2000,0.6,0,0,0,0,0.00,0.00,0,0,0,0,0,0,0.0,0.0,0,0.0,0.0,ar ARG,MF,Estudiantes–LP,Copa de la Liga,22,2000,0.6,12,23,52.2,196,17,6,13,46.2,4,6,66.7,2,3,66.7,0,0.0,0.0,0.0,0,0,0,0,0,ar ARG,MF,Estudiantes–LP,Copa de la Liga,22,2000,0.6,23,23,0,0,1,0,0,0,0,0,0,0,12,0,0,ar ARG,MF,Estudiantes–LP,Copa de la Liga,22,2000,0.6,2,3.27,2,0,0,0,0,0,1,1.64,1,0,0,0,0,0,ar ARG,MF,Estudiantes–LP,Copa de la Liga,22,2000,0.6,1,1,1,0,0,0,0,0,0,0,0,0,0,1,1,0,ar ARG,MF,Estudiantes–LP,Copa de la Liga,22,2000,0.6,29,0,9,15,5,0,29,1,0,0.0,1,100.0,11,51,21,0,1,0,0,0,13,1,ar ARG,MF,Estudiantes–LP,Copa de la Liga,22,2000,1,55,55,4.4,0.6,1,55,0,0,0,3,0.00,1,1,0,0.00,+0.15,0.2,0.5,-0.3,-0.52,-0.89,ar ARG,MF,Estudiantes–LP,Copa de la Liga,22,2000,0.6,0,0,0,1,0,0,0,0,1,0,0,0,6,1,1,50.0
Gastón Verón,ar ARG,FW,Arg Juniors,Copa de la Liga,21,2001,4,1,139,1.5,0,0,0,0,0,0,0,0,0.3,0.3,0.0,0.3,1,4,12,0.00,0.00,0.00,0.00,0.00,0.22,0.00,0.22,0.22,0.22,ar ARG,FW,Arg Juniors,Copa de la Liga,21,2001,1.5,0,3,1,33.3,1.94,0.65,0.00,0.00,17.9,0,0,0,0.3,0.3,0.11,-0.3,-0.3,ar ARG,FW,Arg Juniors,Copa de la Liga,21,2001,1.5,31,46,67.4,440,131,21,31,67.7,9,12,75.0,1,2,50.0,0,0.0,0.1,0.0,0,2,1,0,4,ar ARG,FW,Arg Juniors,Copa de la Liga,21,2001,1.5,46,46,0,0,1,0,0,0,0,0,0,0,31,0,0,ar ARG,FW,Arg Juniors,Copa de la Liga,21,2001,1.5,4,2.59,4,0,0,0,0,0,0,0.00,0,0,0,0,0,0,ar ARG,FW,Arg Juniors,Copa de la Liga,21,2001,1.5,0,0,0,0,0,0,1,0.0,1,0,0,0,0,0,1,0,ar ARG,FW,Arg Juniors,Copa de la Liga,21,2001,1.5,59,1,2,34,24,3,59,5,1,20.0,1,20.0,28,137,37,1,0,0,5,4,58,12,ar ARG,FW,Arg Juniors,Copa de la Liga,21,2001,4,139,35,11.0,1.5,1,90,1,3,16,9,1.25,1,3,-2,-1.29,-1.13,1.0,2.8,-1.8,-1.16,-1.06,ar ARG,FW,Arg Juniors,Copa de la Liga,21,2001,1.5,0,0,0,2,2,1,0,0,0,0,0,0,2,10,4,71.4
Federico Versaci,ar ARG,MF,Defensa y Just,Copa de la Liga,20,2002,1,0,7,0.1,0,0,0,0,0,0,0,0,0.0,0.0,0.0,0.0,0,1,1,0.00,0.00,0.00,0.00,0.00,0.00,0.00,0.00,0.00,0.00,ar ARG,MF,Defensa y Just,Copa de la Liga,20,2002,0.1,0,0,0,0,0.00,0.00,0,0,0,0,0,0,0.0,0.0,0,0.0,0.0,ar ARG,MF,Defensa y Just,Copa de la Liga,20,2002,0.1,1,3,33.3,20,18,0,0,0,1,2,50.0,0,1,0.0,0,0.0,0.0,0.0,0,0,0,0,1,ar ARG,MF,Defensa y Just,Copa de la Liga,20,2002,0.1,3,2,1,1,0,0,1,0,0,0,0,0,1,0,0,ar ARG,MF,Defensa y Just,Copa de la Liga,20,2002,0.1,0,0.00,0,0,0,0,0,0,0,0.00,0,0,0,0,0,0,ar ARG,MF,Defensa y Just,Copa de la Liga,20,2002,0.1,1,1,1,0,0,1,1,100.0,0,0,0,0,0,1,0,0,ar ARG,MF,Defensa y Just,Copa de la Liga,20,2002,0.1,4,0,1,2,1,0,4,0,0,0,0,0,1,3,2,0,0,0,0,0,1,1,ar ARG,MF,Defensa y Just,Copa de la Liga,20,2002,1,7,7,0.6,0.1,0,0,0,1,7,1,0.00,0,0,0,0.00,+0.29,0.0,0.0,0.0,+0.22,+0.83,ar ARG,MF,Defensa y Just,Copa de la Liga,20,2002,0.1,0,0,0,0,0,0,1,0,1,0,0,0,0,0,0,0
Rodrigo Villagra,ar ARG,MF,Talleres,Copa de la Liga,21,2001,13,13,"1,170",13.0,0,1,1,0,0,0,1,0,0.2,0.2,0.3,0.5,19,89,7,0.00,0.08,0.08,0.00,0.08,0.01,0.02,0.04,0.01,0.04,ar ARG,MF,Talleres,Copa de la Liga,21,2001,13.0,0,7,1,14.3,0.54,0.08,0.00,0.00,29.6,0,0,0,0.2,0.2,0.03,-0.2,-0.2,ar ARG,MF,Talleres,Copa de la Liga,21,2001,13.0,611,683,89.5,12653,3859,212,235,90.2,298,315,94.6,97,123,78.9,1,0.3,0.4,+0.7,10,87,3,1,89,ar ARG,MF,Talleres,Copa de la Liga,21,2001,13.0,683,661,22,21,1,19,2,1,0,0,0,0,611,0,4,ar ARG,MF,Talleres,Copa de la Liga,21,2001,13.0,22,1.69,18,0,1,1,1,1,4,0.31,4,0,0,0,0,0,ar ARG,MF,Talleres,Copa de la Liga,21,2001,13.0,27,20,13,13,1,13,23,56.5,10,8,2,6,13,40,7,0,ar ARG,MF,Talleres,Copa de la Liga,21,2001,13.0,783,17,167,587,45,1,783,31,24,77.4,7,22.6,491,2720,1296,19,16,0,14,13,532,7,ar ARG,MF,Talleres,Copa de la Liga,21,2001,13,"1,170",90,92.9,13.0,13,90,13,0,0,0,1.08,12,15,-3,-0.23,-3.23,16.0,15.5,+0.5,+0.04,-1.48,ar ARG,MF,Talleres,Copa de la Liga,21,2001,13.0,1,0,0,11,13,0,2,13,20,0,0,0,129,13,12,52.0
Lucas Villalba,ar ARG,DF,Arg Juniors,Copa de la Liga,28,1994,12,12,"1,063",11.8,1,1,2,1,0,0,4,0,1.1,1.1,0.6,1.7,27,93,13,0.08,0.08,0.17,0.08,0.17,0.09,0.05,0.15,0.09,0.15,ar ARG,DF,Arg Juniors,Copa de la Liga,28,1994,11.8,1,6,2,33.3,0.51,0.17,0.17,0.50,13.6,0,0,0,1.1,1.1,0.19,-0.1,-0.1,ar ARG,DF,Arg Juniors,Copa de la Liga,28,1994,11.8,651,878,74.1,14532,6711,192,221,86.9,317,362,87.6,140,265,52.8,1,0.6,1.4,+0.4,7,95,28,8,93,ar ARG,DF,Arg Juniors,Copa de la Liga,28,1994,11.8,878,831,47,29,0,15,25,11,0,0,0,0,651,0,18,ar ARG,DF,Arg Juniors,Copa de la Liga,28,1994,11.8,13,1.10,12,0,0,1,0,0,2,0.17,2,0,0,0,0,0,ar ARG,DF,Arg Juniors,Copa de la Liga,28,1994,11.8,16,10,9,5,2,6,13,46.2,7,18,10,8,20,36,51,1,ar ARG,DF,Arg Juniors,Copa de la Liga,28,1994,11.8,999,85,435,507,64,10,999,9,8,88.9,0,0.0,578,3401,2338,27,12,0,7,4,660,13,ar ARG,DF,Arg Juniors,Copa de la Liga,28,1994,12,"1,063",89,84.4,11.8,12,89,11,0,0,1,1.08,16,20,-4,-0.34,-0.34,14.8,16.4,-1.6,-0.14,+0.49,ar ARG,DF,Arg Juniors,Copa de la Liga,28,1994,11.8,4,0,0,16,10,1,25,20,10,0,1,0,72,28,18,60.9
Guido Villar,ar ARG,GK,Barracas Central,Copa de la Liga,24,1998,5,3,330,3.7,0,0,0,0,0,0,1,0,0.0,0.0,0.0,0.0,0,0,0,0.00,0.00,0.00,0.00,0.00,0.00,0.00,0.00,0.00,0.00,ar ARG,GK,Barracas Central,Copa de la Liga,24,1998,3.7,0,0,0,0,0.00,0.00,0,0,0,0,0,0,0.0,0.0,0,0.0,0.0,ar ARG,GK,Barracas Central,Copa de la Liga,24,1998,3.7,69,103,67.0,2399,2073,10,10,100.0,28,30,93.3,29,61,47.5,0,0.0,0.0,0.0,0,6,0,0,0,ar ARG,GK,Barracas Central,Copa de la Liga,24,1998,3.7,103,66,37,6,0,0,0,0,0,0,0,0,69,0,0,ar ARG,GK,Barracas Central,Copa de la Liga,24,1998,3.7,0,0.00,0,0,0,0,0,0,0,0.00,0,0,0,0,0,0,ar ARG,GK,Barracas Central,Copa de la Liga,24,1998,3.7,1,0,1,0,0,1,2,50.0,1,0,0,0,0,1,3,0,ar ARG,GK,Barracas Central,Copa de la Liga,24,1998,3.7,112,97,112,0,0,0,112,0,0,0,0,0,54,345,189,0,0,0,0,0,39,0,ar ARG,GK,Barracas Central,Copa de la Liga,24,1998,5,330,66,26.2,3.7,3,90,3,2,30,9,1.00,4,8,-4,-1.09,-0.41,2.7,4.9,-2.2,-0.61,-0.59,ar ARG,GK,Barracas Central,Copa de la Liga,24,1998,3.7,1,0,0,0,1,0,0,0,0,0,0,0,4,1,0,100.0
Emiliano Viveros,ar ARG,MF,Arsenal,Copa de la Liga,20,2002,9,8,590,6.6,0,1,1,0,0,0,0,0,0.3,0.3,1.0,1.3,12,23,29,0.00,0.15,0.15,0.00,0.15,0.04,0.15,0.20,0.04,0.20,ar ARG,MF,Arsenal,Copa de la Liga,20,2002,6.6,0,7,1,14.3,1.07,0.15,0.00,0.00,23.2,0,0,0,0.3,0.3,0.04,-0.3,-0.3,ar ARG,MF,Arsenal,Copa de la Liga,20,2002,6.6,184,238,77.3,2821,826,98,111,88.3,63,79,79.7,14,26,53.8,1,1.0,0.7,0.0,13,17,8,3,23,ar ARG,MF,Arsenal,Copa de la Liga,20,2002,6.6,238,218,20,5,1,1,13,9,6,4,2,0,184,0,4,ar ARG,MF,Arsenal,Copa de la Liga,20,2002,6.6,26,3.97,20,0,2,0,3,1,2,0.31,2,0,0,0,0,0,ar ARG,MF,Arsenal,Copa de la Liga,20,2002,6.6,10,9,3,5,2,7,14,50.0,7,8,0,8,8,18,3,0,ar ARG,MF,Arsenal,Copa de la Liga,20,2002,6.6,306,10,38,175,95,6,306,15,7,46.7,7,46.7,185,775,384,12,10,3,14,11,190,29,ar ARG,MF,Arsenal,Copa de la Liga,20,2002,9,590,66,46.8,6.6,8,73,1,1,10,2,1.11,3,4,-1,-0.15,+0.38,5.9,5.4,+0.5,+0.08,+0.30,ar ARG,MF,Arsenal,Copa de la Liga,20,2002,6.6,0,0,0,6,12,1,13,8,9,0,0,0,49,5,7,41.7
Franco Watson,ar ARG,"MF,FW",Lanús,Copa de la Liga,23,2000,3,0,52,0.6,0,0,0,0,0,0,0,0,0.0,0.0,0.0,0.0,0,2,3,0.00,0.00,0.00,0.00,0.00,0.00,0.03,0.03,0.00,0.03,ar ARG,"MF,FW",Lanús,Copa de la Liga,23,2000,0.6,0,0,0,0,0.00,0.00,0,0,0,0,0,0,0.0,0.0,0,0.0,0.0,ar ARG,"MF,FW",Lanús,Copa de la Liga,23,2000,0.6,29,34,85.3,476,82,14,14,100.0,11,13,84.6,3,3,100.0,0,0.0,0.0,0.0,1,2,0,0,2,ar ARG,"MF,FW",Lanús,Copa de la Liga,23,2000,0.6,34,33,1,1,0,0,0,0,0,0,0,0,29,0,1,ar ARG,"MF,FW",Lanús,Copa de la Liga,23,2000,0.6,2,3.46,2,0,0,0,0,0,0,0.00,0,0,0,0,0,0,ar ARG,"MF,FW",Lanús,Copa de la Liga,23,2000,0.6,3,1,0,3,0,2,6,33.3,4,3,1,2,0,3,0,0,ar ARG,"MF,FW",Lanús,Copa de la Liga,23,2000,0.6,42,2,6,32,5,0,42,0,0,0,0,0,11,26,8,0,0,0,1,1,24,3,ar ARG,"MF,FW",Lanús,Copa de la Liga,23,2000,3,52,17,4.1,0.6,0,0,0,3,17,8,0.33,0,2,-2,-3.46,-3.24,0.2,1.5,-1.3,-2.31,-2.59,ar ARG,"MF,FW",Lanús,Copa de la Liga,23,2000,0.6,0,0,0,0,0,0,0,0,1,0,0,0,6,0,2,0.0
Franco Watson,ar ARG,MF,Instituto,Copa de la Liga,23,2000,2,2,142,1.6,0,0,0,0,0,0,0,0,0.3,0.3,0.0,0.3,4,1,6,0.00,0.00,0.00,0.00,0.00,0.18,0.01,0.19,0.18,0.19,ar ARG,"MF,FW",Lanús,Copa de la Liga,23,2000,0.6,0,0,0,0,0.00,0.00,0,0,0,0,0,0,0.0,0.0,0,0.0,0.0,ar ARG,"MF,FW",Lanús,Copa de la Liga,23,2000,0.6,29,34,85.3,476,82,14,14,100.0,11,13,84.6,3,3,100.0,0,0.0,0.0,0.0,1,2,0,0,2,ar ARG,"MF,FW",Lanús,Copa de la Liga,23,2000,0.6,34,33,1,1,0,0,0,0,0,0,0,0,29,0,1,ar ARG,"MF,FW",Lanús,Copa de la Liga,23,2000,0.6,2,3.46,2,0,0,0,0,0,0,0.00,0,0,0,0,0,0,ar ARG,"MF,FW",Lanús,Copa de la Liga,23,2000,0.6,3,1,0,3,0,2,6,33.3,4,3,1,2,0,3,0,0,ar ARG,"MF,FW",Lanús,Copa de la Liga,23,2000,0.6,42,2,6,32,5,0,42,0,0,0,0,0,11,26,8,0,0,0,1,1,24,3,ar ARG,"MF,FW",Lanús,Copa de la Liga,23,2000,3,52,17,4.1,0.6,0,0,0,3,17,8,0.33,0,2,-2,-3.46,-3.24,0.2,1.5,-1.3,-2.31,-2.59,ar ARG,"MF,FW",Lanús,Copa de la Liga,23,2000,0.6,0,0,0,0,0,0,0,0,1,0,0,0,6,0,2,0.0
Marcelo Weigandt,ar ARG,DF,Boca Juniors,Copa de la Liga,23,2000,7,5,470,5.2,0,1,1,0,0,0,1,0,0.2,0.2,0.9,1.1,13,16,22,0.00,0.19,0.19,0.00,0.19,0.05,0.17,0.22,0.05,0.22,ar ARG,DF,Boca Juniors,Copa de la Liga,23,2000,5.2,0,4,2,50.0,0.77,0.38,0.00,0.00,9.9,0,0,0,0.2,0.2,0.06,-0.2,-0.2,ar ARG,DF,Boca Juniors,Copa de la Liga,23,2000,5.2,201,257,78.2,3153,1060,118,132,89.4,71,89,79.8,10,24,41.7,1,0.9,0.6,+0.1,5,11,2,1,16,ar ARG,DF,Boca Juniors,Copa de la Liga,23,2000,5.2,257,210,47,5,0,4,12,42,0,0,0,0,201,0,7,ar ARG,DF,Boca Juniors,Copa de la Liga,23,2000,5.2,7,1.35,6,0,1,0,0,0,1,0.19,1,0,0,0,0,0,ar ARG,DF,Boca Juniors,Copa de la Liga,23,2000,5.2,9,6,7,2,0,7,13,53.8,6,7,2,5,5,14,9,0,ar ARG,DF,Boca Juniors,Copa de la Liga,23,2000,5.2,311,17,122,137,55,10,311,11,7,63.6,2,18.2,155,807,416,13,8,2,13,5,178,22,ar ARG,DF,Boca Juniors,Copa de la Liga,23,2000,7,470,67,37.3,5.2,5,82,3,2,30,7,1.00,4,8,-4,-0.77,-1.34,4.6,6.5,-1.9,-0.36,-1.01,ar ARG,DF,Boca Juniors,Copa de la Liga,23,2000,5.2,1,0,0,6,7,1,12,5,6,0,0,0,33,6,10,37.5
Cristian Zabala,ar ARG,"FW,MF",Tigre,Copa de la Liga,24,1998,7,1,177,2.0,1,0,1,1,0,0,0,0,0.7,0.7,0.1,0.8,9,16,10,0.51,0.00,0.51,0.51,0.51,0.38,0.03,0.41,0.38,0.41,ar ARG,"FW,MF",Tigre,Copa de la Liga,24,1998,2.0,1,8,2,25.0,4.07,1.02,0.13,0.50,16.8,0,0,0,0.7,0.7,0.09,+0.3,+0.3,ar ARG,"FW,MF",Tigre,Copa de la Liga,24,1998,2.0,85,114,74.6,1398,489,43,48,89.6,29,40,72.5,10,17,58.8,0,0.1,0.2,-0.1,2,11,3,0,16,ar ARG,"FW,MF",Tigre,Copa de la Liga,24,1998,2.0,114,107,6,2,0,1,5,3,1,0,1,0,85,1,3,ar ARG,"FW,MF",Tigre,Copa de la Liga,24,1998,2.0,7,3.54,4,2,0,1,0,0,0,0.00,0,0,0,0,0,0,ar ARG,"FW,MF",Tigre,Copa de la Liga,24,1998,2.0,5,3,2,2,1,3,8,37.5,5,1,0,1,4,9,4,0,ar ARG,"FW,MF",Tigre,Copa de la Liga,24,1998,2.0,145,2,25,74,48,8,145,5,4,80.0,0,0.0,85,479,311,9,6,1,4,2,97,10,ar ARG,"FW,MF",Tigre,Copa de la Liga,24,1998,7,177,25,14.0,2.0,1,80,0,6,16,7,1.71,2,1,+1,+0.51,+1.01,1.5,0.7,+0.9,+0.44,+0.30,ar ARG,"FW,MF",Tigre,Copa de la Liga,24,1998,2.0,0,0,0,0,3,0,5,4,3,0,0,0,16,4,2,66.7
David Zalazar,ar ARG,"MF,FW",Barracas Central,Copa de la Liga,20,2002,5,3,233,2.6,0,0,0,0,0,0,1,0,0.2,0.2,0.2,0.4,3,6,27,0.00,0.00,0.00,0.00,0.00,0.07,0.08,0.15,0.07,0.15,ar ARG,"MF,FW",Barracas Central,Copa de la Liga,20,2002,2.6,0,9,3,33.3,3.48,1.16,0.00,0.00,26.3,0,0,0,0.2,0.2,0.02,-0.2,-0.2,ar ARG,"MF,FW",Barracas Central,Copa de la Liga,20,2002,2.6,41,66,62.1,657,228,27,34,79.4,10,17,58.8,4,9,44.4,0,0.2,0.2,-0.2,2,4,2,1,6,ar ARG,"MF,FW",Barracas Central,Copa de la Liga,20,2002,2.6,66,64,2,1,0,2,7,0,1,0,1,0,41,0,5,ar ARG,"MF,FW",Barracas Central,Copa de la Liga,20,2002,2.6,8,3.09,2,0,3,2,1,0,1,0.39,0,0,0,0,1,0,ar ARG,"MF,FW",Barracas Central,Copa de la Liga,20,2002,2.6,2,1,1,1,0,2,8,25.0,6,8,0,8,0,2,2,0,ar ARG,"MF,FW",Barracas Central,Copa de la Liga,20,2002,2.6,106,0,7,49,52,6,106,16,9,56.3,5,31.3,70,381,124,3,5,1,8,5,82,27,ar ARG,"MF,FW",Barracas Central,Copa de la Liga,20,2002,5,233,47,18.5,2.6,3,61,0,2,25,6,0.80,2,4,-2,-0.77,+0.02,2.4,3.2,-0.8,-0.29,-0.14,ar ARG,"MF,FW",Barracas Central,Copa de la Liga,20,2002,2.6,1,0,0,2,10,0,7,0,1,1,0,0,11,3,3,50.0
Maximiliano Zalazar,ar ARG,"FW,MF",Platense,Copa de la Liga,21,2001,5,1,135,1.5,2,0,2,2,0,0,1,0,0.8,0.8,0.0,0.9,4,2,12,1.33,0.00,1.33,1.33,1.33,0.55,0.01,0.57,0.55,0.57,ar ARG,"FW,MF",Platense,Copa de la Liga,21,2001,1.5,2,6,3,50.0,4.00,2.00,0.33,0.67,21.9,0,0,0,0.8,0.8,0.14,+1.2,+1.2,ar ARG,"FW,MF",Platense,Copa de la Liga,21,2001,1.5,16,31,51.6,279,54,3,5,60.0,7,14,50.0,2,5,40.0,0,0.0,0.0,0.0,1,1,1,1,2,ar ARG,"FW,MF",Platense,Copa de la Liga,21,2001,1.5,31,29,2,0,0,0,9,0,1,0,1,0,16,0,2,ar ARG,"FW,MF",Platense,Copa de la Liga,21,2001,1.5,3,1.99,2,0,0,0,1,0,0,0.00,0,0,0,0,0,0,ar ARG,"FW,MF",Platense,Copa de la Liga,21,2001,1.5,6,4,1,5,0,4,7,57.1,3,2,0,2,0,6,1,0,ar ARG,"FW,MF",Platense,Copa de la Liga,21,2001,1.5,56,1,6,21,30,6,56,7,2,28.6,4,57.1,30,214,98,4,3,1,8,0,32,12,ar ARG,"FW,MF",Platense,Copa de la Liga,21,2001,5,135,27,10.7,1.5,1,57,0,4,20,3,1.00,2,3,-1,-0.67,-0.51,2.1,1.5,+0.6,+0.42,+0.65,ar ARG,"FW,MF",Platense,Copa de la Liga,21,2001,1.5,1,0,0,5,1,0,9,0,4,0,0,0,8,0,0,0
Franco Zapiola,ar ARG,"FW,MF",Estudiantes–LP,Copa de la Liga,21,2001,6,3,335,3.7,1,1,2,1,0,0,1,0,1.3,1.3,0.7,2.0,11,9,28,0.27,0.27,0.54,0.27,0.54,0.36,0.18,0.54,0.36,0.54,ar ARG,"FW,MF",Estudiantes–LP,Copa de la Liga,21,2001,3.7,1,17,2,11.8,4.57,0.54,0.06,0.50,20.6,1,0,0,1.3,1.3,0.08,-0.3,-0.3,ar ARG,"FW,MF",Estudiantes–LP,Copa de la Liga,21,2001,3.7,86,129,66.7,1372,424,47,58,81.0,27,40,67.5,9,21,42.9,1,0.7,0.6,+0.3,4,8,4,2,9,ar ARG,"FW,MF",Estudiantes–LP,Copa de la Liga,21,2001,3.7,129,120,9,4,1,1,24,4,1,0,1,0,86,0,6,ar ARG,"FW,MF",Estudiantes–LP,Copa de la Liga,21,2001,3.7,9,2.42,8,0,1,0,0,0,1,0.27,1,0,0,0,0,0,ar ARG,"FW,MF",Estudiantes–LP,Copa de la Liga,21,2001,3.7,8,5,1,3,4,4,7,57.1,3,3,0,3,5,13,3,0,ar ARG,"FW,MF",Estudiantes–LP,Copa de la Liga,21,2001,3.7,187,3,23,76,91,14,187,14,6,42.9,7,50.0,110,524,292,11,8,3,8,4,131,28,ar ARG,"FW,MF",Estudiantes–LP,Copa de la Liga,21,2001,6,335,56,26.6,3.7,3,89,1,3,23,3,1.67,5,4,+1,+0.27,+0.56,4.9,3.7,+1.3,+0.34,+0.01,ar ARG,"FW,MF",Estudiantes–LP,Copa de la Liga,21,2001,3.7,1,0,0,2,5,0,24,5,5,0,0,0,12,1,3,25.0
Exequiel Zeballos,ar ARG,"FW,MF",Boca Juniors,Copa de la Liga,20,2002,8,5,471,5.2,1,3,4,1,0,0,2,0,0.7,0.7,1.9,2.7,25,15,69,0.19,0.57,0.76,0.19,0.76,0.14,0.37,0.51,0.14,0.51,ar ARG,"FW,MF",Boca Juniors,Copa de la Liga,20,2002,5.2,1,15,5,33.3,2.87,0.96,0.07,0.20,26.3,5,0,0,0.7,0.7,0.05,+0.3,+0.3,ar ARG,"FW,MF",Boca Juniors,Copa de la Liga,20,2002,5.2,128,204,62.7,2304,649,63,79,79.7,47,70,67.1,15,40,37.5,3,1.9,1.7,+1.1,13,5,9,5,15,ar ARG,"FW,MF",Boca Juniors,Copa de la Liga,20,2002,5.2,204,174,29,5,0,1,49,5,19,7,11,0,128,1,9,ar ARG,"FW,MF",Boca Juniors,Copa de la Liga,20,2002,5.2,26,4.99,10,5,2,3,6,0,3,0.58,3,0,0,0,0,0,ar ARG,"FW,MF",Boca Juniors,Copa de la Liga,20,2002,5.2,2,2,0,2,0,2,7,28.6,5,5,0,5,0,2,2,0,ar ARG,"FW,MF",Boca Juniors,Copa de la Liga,20,2002,5.2,286,1,18,115,157,18,286,48,15,31.3,29,60.4,178,1381,646,25,19,7,20,7,222,69,ar ARG,"FW,MF",Boca Juniors,Copa de la Liga,20,2002,8,471,59,37.4,5.2,5,82,3,3,20,0,0.88,6,5,+1,+0.19,+0.19,5.3,4.1,+1.2,+0.23,-0.06,ar ARG,"FW,MF",Boca Juniors,Copa de la Liga,20,2002,5.2,2,0,0,6,10,0,49,0,2,0,0,0,18,2,5,28.6
Zago Zegarra,ar ARG,DF,Gimnasia–LP,Copa de la Liga,21,2001,1,0,3,0.0,0,0,0,0,0,0,0,0,0.0,0.0,0.0,0.0,0,0,1,0.00,0.00,0.00,0.00,0.00,0.81,0.00,0.81,0.81,0.81,ar ARG,DF,Gimnasia–LP,Copa de la Liga,21,2001,0.0,0,1,0,0.0,30.00,0.00,0.00,0,16.2,0,0,0,0.0,0.0,0.02,0.0,0.0,ar ARG,DF,Gimnasia–LP,Copa de la Liga,21,2001,0.0,6,8,75.0,53,29,6,7,85.7,0,0,0,0,1,0.0,0,0.0,0.0,0.0,0,1,0,0,0,ar ARG,DF,Gimnasia–LP,Copa de la Liga,21,2001,0.0,8,5,3,0,0,0,0,3,0,0,0,0,6,0,0,ar ARG,DF,Gimnasia–LP,Copa de la Liga,21,2001,0.0,0,0.00,0,0,0,0,0,0,0,0.00,0,0,0,0,0,0,ar ARG,DF,Gimnasia–LP,Copa de la Liga,21,2001,0.0,2,1,0,0,2,0,1,0.0,1,0,0,0,0,2,0,0,ar ARG,DF,Gimnasia–LP,Copa de la Liga,21,2001,0.0,12,0,0,2,10,1,12,1,0,0.0,1,100.0,8,46,3,0,2,0,0,1,7,1,ar ARG,DF,Gimnasia–LP,Copa de la Liga,21,2001,1,3,3,0.2,0.0,0,0,0,1,3,2,0.00,1,0,+1,+30.00,+30.64,0.2,0.0,+0.2,+6.84,+7.09,ar ARG,DF,Gimnasia–LP,Copa de la Liga,21,2001,0.0,0,0,0,0,0,0,0,0,1,0,0,0,1,0,0,0
Nadir Zeineddin,ar ARG,"FW,MF",Platense,Copa de la Liga,22,2000,4,0,82,0.9,0,0,0,0,0,0,2,0,0.0,0.0,0.0,0.0,2,0,13,0.00,0.00,0.00,0.00,0.00,0.00,0.00,0.00,0.00,0.00,ar ARG,"FW,MF",Platense,Copa de la Liga,22,2000,0.9,0,0,0,0,0.00,0.00,0,0,0,0,0,0,0.0,0.0,0,0.0,0.0,ar ARG,"FW,MF",Platense,Copa de la Liga,22,2000,0.9,9,18,50.0,132,18,5,9,55.6,2,6,33.3,1,1,100.0,0,0.0,0.0,0.0,0,2,0,0,0,ar ARG,"FW,MF",Platense,Copa de la Liga,22,2000,0.9,18,18,0,0,1,0,3,0,0,0,0,0,9,0,1,ar ARG,"FW,MF",Platense,Copa de la Liga,22,2000,0.9,1,1.10,1,0,0,0,0,0,0,0.00,0,0,0,0,0,0,ar ARG,"FW,MF",Platense,Copa de la Liga,22,2000,0.9,0,0,0,0,0,0,1,0.0,1,1,1,0,0,0,1,0,ar ARG,"FW,MF",Platense,Copa de la Liga,22,2000,0.9,32,2,2,14,16,3,32,1,0,0.0,1,100.0,21,108,16,2,1,0,4,4,25,13,ar ARG,"FW,MF",Platense,Copa de la Liga,22,2000,4,82,21,6.5,0.9,0,0,0,4,21,2,1.75,1,1,0,0.00,+0.23,0.4,1.5,-1.0,-1.14,-1.05,ar ARG,"FW,MF",Platense,Copa de la Liga,22,2000,0.9,2,0,0,5,4,0,3,0,0,0,0,0,3,6,12,33.3
Kevin Zenon,ar ARG,"DF,MF",Unión,Copa de la Liga,21,2001,14,14,"1,244",13.8,1,3,4,1,0,0,1,0,0.9,0.9,2.0,2.9,65,79,76,0.07,0.22,0.29,0.07,0.29,0.06,0.15,0.21,0.06,0.21,ar ARG,"DF,MF",Unión,Copa de la Liga,21,2001,13.8,1,26,7,26.9,1.88,0.51,0.04,0.14,26.7,6,0,0,0.9,0.9,0.03,+0.1,+0.1,ar ARG,"DF,MF",Unión,Copa de la Liga,21,2001,13.8,441,676,65.2,8413,3665,179,212,84.4,166,244,68.0,81,163,49.7,3,2.0,2.9,+1.0,33,57,22,12,79,ar ARG,"DF,MF",Unión,Copa de la Liga,21,2001,13.8,676,484,192,52,3,8,146,82,58,17,31,1,441,0,30,ar ARG,"DF,MF",Unión,Copa de la Liga,21,2001,13.8,65,4.70,27,27,3,4,2,2,5,0.36,1,3,0,0,0,1,ar ARG,"DF,MF",Unión,Copa de la Liga,21,2001,13.8,24,13,8,11,5,8,19,42.1,11,15,1,14,7,31,8,0,ar ARG,"DF,MF",Unión,Copa de la Liga,21,2001,13.8,861,10,118,375,386,21,861,72,35,48.6,29,40.3,463,3590,1906,65,33,11,42,28,456,76,ar ARG,"DF,MF",Unión,Copa de la Liga,21,2001,14,"1,244",89,98.7,13.8,14,89,12,0,0,0,1.14,10,13,-3,-0.22,-0.22,11.1,12.9,-1.8,-0.13,+0.06,ar ARG,"DF,MF",Unión,Copa de la Liga,21,2001,13.8,1,0,0,7,24,0,146,7,13,0,0,0,88,10,8,55.6
Bruno Zuculini,ar ARG,MF,River Plate,Copa de la Liga,29,1993,1,0,5,0.1,0,0,0,0,0,0,0,0,0.0,0.0,0.0,0.0,0,0,0,0.00,0.00,0.00,0.00,0.00,0.00,0.00,0.00,0.00,0.00,ar ARG,MF,River Plate,Copa de la Liga,29,1993,0.1,0,0,0,0,0.00,0.00,0,0,0,0,0,0,0.0,0.0,0,0.0,0.0,ar ARG,MF,River Plate,Copa de la Liga,29,1993,0.1,10,10,100.0,114,16,7,7,100.0,2,2,100.0,0,0,0,0,0.0,0.0,0.0,0,1,0,0,0,ar ARG,MF,River Plate,Copa de la Liga,29,1993,0.1,10,10,0,0,0,0,0,0,0,0,0,0,10,0,0,ar ARG,MF,River Plate,Copa de la Liga,29,1993,0.1,0,0.00,0,0,0,0,0,0,0,0.00,0,0,0,0,0,0,ar ARG,MF,River Plate,Copa de la Liga,29,1993,0.1,0,0,0,0,0,0,0,0,0,0,0,0,0,0,0,0,ar ARG,MF,River Plate,Copa de la Liga,29,1993,0.1,12,0,1,9,2,0,12,0,0,0,0,0,6,17,11,0,0,0,1,0,10,0,ar ARG,MF,River Plate,Copa de la Liga,29,1993,1,5,5,0.4,0.1,0,0,0,1,5,3,3.00,0,0,0,0.00,-0.57,0.1,0.0,+0.1,+2.50,+1.89,ar ARG,MF,River Plate,Copa de la Liga,29,1993,0.1,0,0,0,0,0,0,0,0,0,0,0,0,2,0,0,0
Fernando Zuqui,ar ARG,"MF,DF",Estudiantes–LP,Copa de la Liga,31,1991,12,7,763,8.5,1,0,1,1,0,0,4,1,1.0,1.0,1.9,2.9,24,61,28,0.12,0.00,0.12,0.12,0.12,0.12,0.22,0.35,0.12,0.35,ar ARG,"MF,DF",Estudiantes–LP,Copa de la Liga,31,1991,8.5,1,12,4,33.3,1.42,0.47,0.08,0.25,20.7,1,0,0,1.0,1.0,0.09,0.0,0.0,ar ARG,"MF,DF",Estudiantes–LP,Copa de la Liga,31,1991,8.5,355,489,72.6,6635,2405,152,174,87.4,138,180,76.7,53,106,50.0,0,1.9,1.8,-1.9,24,59,11,2,61,ar ARG,"MF,DF",Estudiantes–LP,Copa de la Liga,31,1991,8.5,489,434,54,28,1,4,51,0,26,13,12,0,355,1,10,ar ARG,"MF,DF",Estudiantes–LP,Copa de la Liga,31,1991,8.5,38,4.48,19,14,1,1,3,0,2,0.24,0,0,1,1,0,0,ar ARG,"MF,DF",Estudiantes–LP,Copa de la Liga,31,1991,8.5,22,10,9,12,1,11,23,47.8,12,11,2,9,3,25,5,0,ar ARG,"MF,DF",Estudiantes–LP,Copa de la Liga,31,1991,8.5,572,9,71,371,135,9,572,12,7,58.3,4,33.3,324,1732,824,24,12,2,6,13,376,28,ar ARG,"MF,DF",Estudiantes–LP,Copa de la Liga,31,1991,12,763,64,60.6,8.5,7,85,5,5,33,1,1.17,8,8,0,0.00,+0.36,11.5,6.5,+5.0,+0.59,+0.66,ar ARG,"MF,DF",Estudiantes–LP,Copa de la Liga,31,1991,8.5,4,1,1,13,18,0,51,3,10,0,0,0,45,4,5,44.4
